object_id,catalog_type,region,file,sha256,n_observations,baseline_days,has_errors,candidate_rank,catalog_period,catalog_secondary_period,period,weighted_residual,phase_shift,observations,period_grid_size,amplitude,harmonics,bic
OGLE-GD-RRLYR-00001,RRab,GD,data/ogle_gd_500/photometry/OGLE-GD-RRLYR-00001.dat,23c4fa6d6c15bfef41dc5f15a1f7ef66625311afff4dcacbc22c2833c951990a,99,854.7081499999995,True,462,0.55556356,,0.5555592634281805,0.08195843163892015,0.238037109375,99,26355,0.6210540948970191,4,-656.6184327188591
OGLE-GD-RRLYR-00022,RRab,GD,data/ogle_gd_500/photometry/OGLE-GD-RRLYR-00022.dat,faad70df20adbc7a6ff262e75bfbbc4171d02b81ea7161555c2fc59c89d7241b,173,2236.9014499999994,True,129,0.48028804,,0.48028722449480293,0.8539370329718312,0.066162109375,173,68973,0.5207705382035819,3,-877.6094359166682
OGLE-GD-RRLYR-00104,RRab,GD,data/ogle_gd_500/photometry/OGLE-GD-RRLYR-00104.dat,7f35af1bdcef868ca31124b69882062c5eb30d5a5f6108fbfd8ad05a37026a06,155,1956.75811,True,153,0.6052718,,0.6052698391751958,0.05548160544516438,0.0576171875,155,60335,0.4064569518845378,4,-1179.5107226741834
OGLE-GD-RRLYR-00217,RRab,GD,data/ogle_gd_500/photometry/OGLE-GD-RRLYR-00217.dat,7e9110556e48c7edad1e870e1be81032556e0b8e21213823764ac43368d74195,105,359.99360999999953,True,66,0.56650025,,0.5664893158582098,0.04045262792530998,0.52392578125,105,11101,0.5960073300907336,4,-778.9267186503228
OGLE-GD-RRLYR-00224,RRab,GD,data/ogle_gd_500/photometry/OGLE-GD-RRLYR-00224.dat,5eb1d2b13f9b1071a472cf6f677aa84a4cac207a6542a3d5ab24e2f5533c8d7c,168,2309.68418,True,457,0.51702062,,0.5170203438004357,0.12409240761052008,0.29052734375,168,71217,0.7682934288009129,4,-1160.1567418120758
OGLE-GD-RRLYR-00263,RRab,GD,data/ogle_gd_500/photometry/OGLE-GD-RRLYR-00263.dat,f50b918b636e77e7d78ae49f514970c8baad5550657ea25b0970c3684553a4e5,115,213.5958499999997,True,235,0.68339252,,0.6833746105861208,0.026073128621348647,0.104736328125,115,6587,0.37601960630283315,4,-917.6056291990025
OGLE-GD-RRLYR-00267,RRab,GD,data/ogle_gd_500/photometry/OGLE-GD-RRLYR-00267.dat,46273ec35427bb3b0aac1911381162ee684e3ac3929232b1760a16324a5e753c,160,1981.70434,True,286,0.58236329,,0.5823622721059757,0.08818099916178315,0.496337890625,160,61104,0.6072151507945964,4,-1149.8142751942387
OGLE-GD-RRLYR-00303,RRab,GD,data/ogle_gd_500/photometry/OGLE-GD-RRLYR-00303.dat,70d687196aebc0afeaed3d325685be4db9dd92ceb4304fb82c04114f2fee7725,111,206.63424000000123,True,504,0.63744992,,0.6374833398939984,0.2434974639668328,0.041748046875,111,6373,0.46052386291061254,4,-632.4665617417565
OGLE-GD-RRLYR-00343,RRab,GD,data/ogle_gd_500/photometry/OGLE-GD-RRLYR-00343.dat,a3dfc36ebe537d2d5ffe7e9d875ec68cb7dc8fc143644644586a46c76fc75841,111,211.6237000000001,True,428,0.54281239,,0.5428080835353604,0.028048087929361507,0.699462890625,111,6527,0.6547334962954992,4,-872.3582148916794
OGLE-GD-RRLYR-00358,RRc,GD,data/ogle_gd_500/photometry/OGLE-GD-RRLYR-00358.dat,100b7b3d7bf860a45ea351e4b2e1c29d0cc4ecf5743e8da8918d3ba96e3a35b6,108,230.5769299999993,True,397,0.42779465,,0.42779204758250905,0.08249553380654226,0.814697265625,108,7111,0.20801192809499724,2,-747.0385864274683
OGLE-GD-RRLYR-00402,RRab,GD,data/ogle_gd_500/photometry/OGLE-GD-RRLYR-00402.dat,a2e716b4ab45ab33c0beed329cf38cbd05edea0a6c6d308ac6e3bc962fb6c298,106,230.5768500000013,True,436,0.51158652,,0.5115547261917072,0.09473753301138921,0.921875,106,7111,0.6992234487268725,4,-697.4945253024077
OGLE-GD-RRLYR-00477,RRab,GD,data/ogle_gd_500/photometry/OGLE-GD-RRLYR-00477.dat,e682398685fdcd407c61b8567732446254b33e02c31fdcb1ec6e41ae60c7f3d9,162,2309.61423,True,146,0.44186152,,0.4418613649889457,0.10229085172232366,0.563720703125,162,71215,0.7498814827972371,4,-1142.6641187877335
OGLE-GD-RRLYR-00505,RRab,GD,data/ogle_gd_500/photometry/OGLE-GD-RRLYR-00505.dat,4356f5af79fbb3bdec836a50eb6742f4e3caf3e5659a573960132cab762cfa6c,103,229.63592999999855,True,465,0.40444061,,0.4044460236598956,0.2721332069540065,0.936767578125,103,7082,0.5047805659687139,2,-583.6194627733149
OGLE-GD-RRLYR-00542,RRab,GD,data/ogle_gd_500/photometry/OGLE-GD-RRLYR-00542.dat,e80e5a2fa947b634350c98f779f5a169c3382bfb47efce8dae68b53eb18cb323,176,2327.6151899999995,True,358,0.41684331,,0.4168434277250301,0.07765262024392744,0.499267578125,176,71770,0.7296265909683584,4,-1308.0701006541171
OGLE-GD-RRLYR-00577,RRab,GD,data/ogle_gd_500/photometry/OGLE-GD-RRLYR-00577.dat,b12fcb37dc0e8ad471fe19df458119e11023549855ae0ce60c5d6315cb5e25df,174,2327.6156900000005,True,361,0.48653125,,0.4865295471168456,0.815344699284119,0.272705078125,174,71770,0.513681333144195,3,-891.9242898271018
OGLE-GD-RRLYR-00582,RRc,GD,data/ogle_gd_500/photometry/OGLE-GD-RRLYR-00582.dat,da42d0b2eff834d21136d29b09f87d0da48814490c2d50d14fff72ab88931052,144,853.6982499999995,True,248,0.28757338,,0.28757392394351183,0.018629037576040057,0.961181640625,144,26324,0.23937547443841467,4,-1239.5118429502018
OGLE-GD-RRLYR-00607,RRab,GD,data/ogle_gd_500/photometry/OGLE-GD-RRLYR-00607.dat,eb3e3ad4311fa1c32cdd6c83f02fe87d713984061c98f73d3a417828ae1b6a2f,176,2333.5988799999996,True,185,0.51153362,,0.5115348793492647,0.5384090556490497,0.598388671875,176,71954,0.8965466803851356,4,-967.2683990740244
OGLE-GD-RRLYR-00631,RRab,GD,data/ogle_gd_500/photometry/OGLE-GD-RRLYR-00631.dat,e3ce9a8eed7ae110eb92056baf9bfb000e6869c8f622c81518d6f0b863dd6962,178,2339.5727099999995,True,43,0.42675328,,0.42675278052900895,0.10688535129267612,0.84326171875,178,72138,0.7795286644072661,4,-1268.5473698433048
OGLE-GD-RRLYR-00636,RRab,GD,data/ogle_gd_500/photometry/OGLE-GD-RRLYR-00636.dat,be825f5ccb1b3d32faa5699b8642507aead8dd12dad47b1bc1091efaef23dbb0,178,2339.57402,True,5,0.58610492,,0.5861055582255514,0.052253687223981785,0.670166015625,178,72138,0.5811435434571077,4,-1395.932414720045
OGLE-GD-RRLYR-00642,RRab,GD,data/ogle_gd_500/photometry/OGLE-GD-RRLYR-00642.dat,4752fcdd7ab3d90517cd2da02f5682c30911c517e7e7579356632395b958406e,127,2339.5745399999996,True,409,0.5952284,,0.5952286462284889,0.05361943521223132,0.0361328125,127,72138,0.43905764071611664,4,-938.3520363975188
OGLE-GD-RRLYR-00657,RRab,GD,data/ogle_gd_500/photometry/OGLE-GD-RRLYR-00657.dat,9e310987a0e3b826f99d3408e75c6b05a078689c19778ed22b807cbb3303af47,176,2339.5727100000004,True,423,0.54748549,,0.547484760536137,0.08022881382976813,0.050537109375,176,72138,0.7219900326981268,4,-1302.3259126711769
OGLE-GD-RRLYR-00664,RRab,GD,data/ogle_gd_500/photometry/OGLE-GD-RRLYR-00664.dat,9a6bf5fe084ba9a29f9de9ea820eefeb1130500ca2b129b478b74b7a977976ef,145,853.69805,True,61,0.62240429,,0.6224095104346367,0.16581861908439977,0.123779296875,145,26324,0.4064351910850945,4,-932.4038631252738
OGLE-GD-RRLYR-00666,RRc,GD,data/ogle_gd_500/photometry/OGLE-GD-RRLYR-00666.dat,caef552b03cd7adf810b9be076d065413b73b48734a0d0832b52d8d8bec68324,142,853.6978200000003,True,217,0.35597626,,0.35597621728172224,0.12080921275890726,0.762939453125,142,26324,0.29639641188994403,2,-974.115547753479
OGLE-GD-RRLYR-00720,RRab,GD,data/ogle_gd_500/photometry/OGLE-GD-RRLYR-00720.dat,d69b349163cf6ff2fd9076c0174fe9cd7f2e15e7071d8134147edb5a947bbb2b,146,853.6986899999993,True,500,0.67196183,,0.671980169260467,0.13901334513044816,0.05029296875,146,26324,0.3111660584817706,3,-975.8227737755233
OGLE-GD-RRLYR-00725,RRab,GD,data/ogle_gd_500/photometry/OGLE-GD-RRLYR-00725.dat,103c59674a73bfba71d9a622a01141964ddd8729714a0f927ece7ac452f2be61,160,2347.6622000000007,True,415,0.58432268,,0.5843228477607452,0.18741209552994129,0.265380859375,160,72388,0.433946387697997,4,-1029.187331060153
OGLE-GD-RRLYR-00745,RRc,GD,data/ogle_gd_500/photometry/OGLE-GD-RRLYR-00745.dat,b5142fd67310fd03cb20ba8593337b232fbcfe0b06708e09336e853965e6e423,173,2347.663560000001,True,149,0.2860488,,0.2860487298340664,0.12949924050960576,0.95849609375,173,72388,0.23394683891486778,1,-1224.5321649086493
OGLE-GD-RRLYR-00747,RRab,GD,data/ogle_gd_500/photometry/OGLE-GD-RRLYR-00747.dat,b96d1d3b1e1b88532ea6a17d23558a4009a95737d39d5fb0e5f540cb52d62e61,173,2347.66273,True,96,0.54428838,,0.5442910196209719,0.47706715488705737,0.247314453125,173,72388,0.5502257273304103,4,-968.0234859923653
OGLE-GD-RRLYR-00764,RRab,GD,data/ogle_gd_500/photometry/OGLE-GD-RRLYR-00764.dat,6961d367eccee85d8125571e23168ed6fcb7e3c459c37cf84b405483bd181e56,124,852.7297000000008,True,484,0.61998585,,0.6199782265521584,0.10104614042714882,0.744873046875,124,26294,0.4215106043019752,4,-833.7421742667116
OGLE-GD-RRLYR-00773,RRab,GD,data/ogle_gd_500/photometry/OGLE-GD-RRLYR-00773.dat,51ec0b045cf55d2d8cfba4dbb0fd376765bad790fee3b29c6cd3c59fd1d40038,164,2347.6617400000005,True,501,0.52604264,,0.3443823793553128,0.4267981714567856,0.88818359375,164,72388,0.3905909482243821,2,-945.4157187914
OGLE-GD-RRLYR-00778,RRab,GD,data/ogle_gd_500/photometry/OGLE-GD-RRLYR-00778.dat,1a057649dab20e096590a5cde2334de77396f33b88a49de452690c88c5e4e0d5,175,2347.66252,True,287,0.64046254,,0.6404623711813805,0.042121001870121605,0.666748046875,175,72388,0.4284922026552813,4,-1406.451226731453
OGLE-GD-RRLYR-00800,RRab,GD,data/ogle_gd_500/photometry/OGLE-GD-RRLYR-00800.dat,8b33d0d055a0758d63714b7f344945f60195613cc6b5fe3fd1046200811099d0,120,862.6057900000005,True,364,0.50396138,,0.503969502268955,0.09484250947990622,0.317138671875,120,26599,0.7838321068565737,4,-809.2885986651353
OGLE-GD-RRLYR-00827,RRab,GD,data/ogle_gd_500/photometry/OGLE-GD-RRLYR-00827.dat,e37cf2173a1667dc91ef8f42e2a63d3c17b23ea3a16b7f9ffbedbf5d8f16b8eb,124,862.6055700000006,True,337,0.51074323,,0.5107432725133318,0.2688925201079106,0.071533203125,124,26599,0.455163281702081,3,-722.0196596681162
OGLE-GD-RRLYR-00846,RRc,GD,data/ogle_gd_500/photometry/OGLE-GD-RRLYR-00846.dat,5b4c6cae582950397437ef594f66f332bba69228d42bd5892fcd6a919de09cbf,177,2346.6432999999997,True,242,0.35756901,,0.35756958273277784,0.22980376347089293,0.203857421875,177,72356,0.31248537328943016,2,-1145.4053322383515
OGLE-GD-RRLYR-00847,RRab,GD,data/ogle_gd_500/photometry/OGLE-GD-RRLYR-00847.dat,4c6bd96831b596f3a15900dc48efdbe4be77d864f942e1f9fd0b3fb9866867d9,80,860.6578,True,251,0.48859355,,0.32793237766292416,0.08325623585416995,0.514892578125,80,26538,0.22495527458588782,2,-523.1365507875985
OGLE-GD-RRLYR-00881,RRab,GD,data/ogle_gd_500/photometry/OGLE-GD-RRLYR-00881.dat,bf30ef2c9c9b2494ad6d65f4419a958829a30e965446f88e86344730c5627050,122,862.6059200000009,True,367,0.60942768,,0.6094243969302965,0.1454997999435285,0.748046875,122,26599,0.462193527467484,4,-773.2151862243971
OGLE-GD-RRLYR-00907,RRab,GD,data/ogle_gd_500/photometry/OGLE-GD-RRLYR-00907.dat,eb4d7b52ce20d316180650ed178a3058bb34ca6687c329b0786fabfd30e3b3f7,185,2346.6446699999997,True,145,0.5896714,,0.5896714029872077,0.15624923040669011,0.73974609375,185,72356,0.8364891453904448,4,-1256.9783088070706
OGLE-GD-RRLYR-00910,RRab,GD,data/ogle_gd_500/photometry/OGLE-GD-RRLYR-00910.dat,e41f8ced8d884e66f218687cf8b0731397292b03a94ac3c4dcfd971d40e8fa75,145,860.65794,True,378,0.60898802,,0.6089899538848513,0.10834559991480133,0.595703125,145,26538,0.35287479821316126,3,-1004.0647511650436
OGLE-GD-RRLYR-00946,RRab,GD,data/ogle_gd_500/photometry/OGLE-GD-RRLYR-00946.dat,e55fffd7c838ffc6e17c81ee75012b3ca87fe03ac7588fe46fc24c9842386256,176,2346.6432699999996,True,371,0.4741466,,0.3213536280498473,0.7176709499908893,0.861572265625,176,72356,0.4715976131918609,2,-937.3692410909256
OGLE-GD-RRLYR-00990,RRc,GD,data/ogle_gd_500/photometry/OGLE-GD-RRLYR-00990.dat,4589cc2ea60f1efa42d374fe6a93d4c6455b84dd81a1e97aca9bea548f2a01f8,144,860.6579500000007,True,238,0.33325939,,0.3332594929286136,0.03579571591050485,0.665283203125,144,26538,0.2876437103006051,4,-1145.4644787890188
OGLE-GD-RRLYR-00991,RRab,GD,data/ogle_gd_500/photometry/OGLE-GD-RRLYR-00991.dat,52578946ce01d60ae085b2ce45a433cc4746ce4cfa276809cc25b31eefa6e807,143,860.6579500000007,True,441,0.45772473,,0.4577185295893493,0.48598017255328874,0.550537109375,143,26538,0.9061594279201977,4,-763.2453416220616
OGLE-GD-RRLYR-00992,RRab,GD,data/ogle_gd_500/photometry/OGLE-GD-RRLYR-00992.dat,183be71ddbf5b2c1b7c4f0cf67342de76e3134baccb5d12d2ce6dbf02e5007c7,144,860.6581400000005,True,37,0.64784784,,0.6478464152492369,0.08917932998177983,0.38037109375,144,26538,0.28425451649217237,4,-1014.0182451223113
OGLE-GD-RRLYR-00998,RRd,GD,data/ogle_gd_500/photometry/OGLE-GD-RRLYR-00998.dat,1a6e5d0824e93b5217ea471aaa0774ab003197f1e7e52b00c335d3f8a781a33a,123,862.6064700000006,True,379,0.44552148,0.59775403,0.44551637346143286,0.061506953530163055,0.0654296875,123,26599,0.2263542824492788,2,-906.0239901172608
OGLE-GD-RRLYR-01000,RRd,GD,data/ogle_gd_500/photometry/OGLE-GD-RRLYR-01000.dat,7682cc47a16aa4a6a05bc2bfd9eac2d74a6c30f5e362aa4ac5c3e4b31aec4fcb,123,862.6068400000004,True,233,0.3818846,0.51227179,0.6188364813825913,0.6403805720808382,0.163818359375,123,26599,0.288535014597187,1,-627.4701324536926
OGLE-GD-RRLYR-01014,RRab,GD,data/ogle_gd_500/photometry/OGLE-GD-RRLYR-01014.dat,da126bb8548cadec83164059336055e84a6dad5ad1e6fa413aaea40662e9ad43,144,860.6582600000002,True,125,0.57020995,,0.5702102948404206,0.24928209174905896,0.3681640625,144,26538,0.5238951982512976,4,-865.9954801679771
OGLE-GD-RRLYR-01096,RRab,GD,data/ogle_gd_500/photometry/OGLE-GD-RRLYR-01096.dat,663d3cae8c6940d9781789f2157cae8fc65b35730dd03057baab8fd898c6cca1,123,862.6073199999992,True,87,0.46146508,,0.46146394715186184,0.12174701397358957,0.62109375,123,26599,0.9041524120525324,4,-802.7914674712339
OGLE-GD-RRLYR-01101,RRc,GD,data/ogle_gd_500/photometry/OGLE-GD-RRLYR-01101.dat,0bb197a4d3074de1a923b46f14767f6a350da2fc18982fe0c12527bfbd9885b2,123,862.6075200000005,True,80,0.26444477,,0.2644448396946375,0.00651253289109374,0.494384765625,123,26599,0.21909792084504254,4,-1162.9621311966082
OGLE-GD-RRLYR-01155,RRab,GD,data/ogle_gd_500/photometry/OGLE-GD-RRLYR-01155.dat,c2e45e05ddf5362691976f9a01c3c4d91d5ef32b6b14c1dff8cbf6f22e0609b3,115,2341.5908900000004,True,305,0.60005517,,0.6000555109438573,0.07500955950550417,0.6455078125,115,72201,0.3865792506398975,3,-805.5738047867677
OGLE-GD-RRLYR-01165,RRc,GD,data/ogle_gd_500/photometry/OGLE-GD-RRLYR-01165.dat,e264ef36138e0d7ab8929f4ee83edf19db16eb50fe813d0dcbfc7e29f48ac298,120,862.6076999999996,True,134,0.32336546,,0.3233648304265769,0.4498277889365181,0.583251953125,120,26599,0.3638238680607486,1,-651.21589744851
OGLE-GD-RRLYR-01168,RRab,GD,data/ogle_gd_500/photometry/OGLE-GD-RRLYR-01168.dat,5583deb2b45d61f580a425327728d836085fa897f89663d46ed79356afe6bb03,179,2341.59116,True,168,0.5160705,,0.5160711710610194,0.5665266174834085,0.016845703125,179,72201,0.7318017250168012,4,-978.3815884517322
OGLE-GD-RRLYR-01184,RRab,GD,data/ogle_gd_500/photometry/OGLE-GD-RRLYR-01184.dat,e341f39502c3ec44aa05a050ac4a9ed498bc40a5f212f178b1a2e862c5e8ea2d,145,865.7140400000008,True,201,0.55472041,,0.5547166323327131,0.9878146863031316,0.134033203125,145,26694,0.5958581979830839,3,-683.5902463897125
OGLE-GD-RRLYR-01296,RRab,GD,data/ogle_gd_500/photometry/OGLE-GD-RRLYR-01296.dat,a95a361db7de7670120c0619ef9e7baad8257be022b2e704b46feaea8bdacbd4,177,2295.74345,True,49,0.55455694,,0.554557082299976,0.3788138468649154,0.496826171875,177,70787,0.6289732069286806,4,-1036.2327397297186
OGLE-GD-RRLYR-01306,RRab,GD,data/ogle_gd_500/photometry/OGLE-GD-RRLYR-01306.dat,2cc84f9e10aa9792701e927a0dd3c8b33dcac194f757a1f93eb39bac9ecb8f3c,120,861.6876199999997,True,318,0.51471093,,0.5147102397521134,0.08618168775459212,0.587646484375,120,26570,0.724951576964413,4,-820.7797992567507
OGLE-GD-RRLYR-01326,RRab,GD,data/ogle_gd_500/photometry/OGLE-GD-RRLYR-01326.dat,9d5fc284243b28e7eb2c496303d595a13623851bcfaa7cef9289993db4dd7bc5,176,2295.74373,True,219,0.52573467,,0.5257344480716746,0.13867021727335946,0.8251953125,176,70787,0.7175085086199076,4,-1206.0159227952252
OGLE-GD-RRLYR-01327,RRab,GD,data/ogle_gd_500/photometry/OGLE-GD-RRLYR-01327.dat,dfdd148bc195a54fabd1577da9cc72bd8e9e226a35437fe08aca82604174931b,175,2295.74377,True,310,0.58683515,,0.586837710635886,0.24007723605494313,0.328125,175,70787,0.5481981982413195,4,-1101.8787390377672
OGLE-GD-RRLYR-01364,RRab,GD,data/ogle_gd_500/photometry/OGLE-GD-RRLYR-01364.dat,1579b24bab5203a0a941a522238c9a3986f1e489b37f05f4857781b0b626b0a3,121,862.6655299999993,True,269,0.73208993,,0.732089856462912,0.025927448149423354,0.131103515625,121,26600,0.5505710977397946,4,-974.2795753383836
OGLE-GD-RRLYR-01374,RRab,GD,data/ogle_gd_500/photometry/OGLE-GD-RRLYR-01374.dat,9496cd4c07fdf9388dc61796dfaf891217efe2c5f5fcfcd569d8e1b480c52d42,175,2295.74377,True,327,0.68030813,,0.6803092942649716,0.23494369762716177,0.855224609375,175,70787,0.28726353829613416,4,-1105.6613268663173
OGLE-GD-RRLYR-01385,RRc,GD,data/ogle_gd_500/photometry/OGLE-GD-RRLYR-01385.dat,6814a2eb679922ebd59ac6ab647ed50e252e20664af24562665341bd0040c402,148,865.7147500000001,True,213,0.2650679,,0.2650679049752302,0.04720698014300631,0.802001953125,148,26694,0.22642284366217424,2,-1161.4797427894346
OGLE-GD-RRLYR-01431,RRab,GD,data/ogle_gd_500/photometry/OGLE-GD-RRLYR-01431.dat,2416f03e091f647b8637bddf88902db6f5bc6c39cf8cdfcfac4bc9fba48d69a4,148,865.71508,True,107,0.63393893,,0.6339374894027052,0.05624203516209959,0.6884765625,148,26694,0.6073812961189802,4,-1115.572738845613
OGLE-GD-RRLYR-01439,RRab,GD,data/ogle_gd_500/photometry/OGLE-GD-RRLYR-01439.dat,355c6cf6de4ff65431a00ebcc8770f8dc82b0b3d03e1327d994bd1dde52edb95,177,2314.7063800000005,True,375,0.58601522,,0.5860154817750682,0.13099057383218524,0.33349609375,177,71372,0.502256101148916,4,-1224.1925000911747
OGLE-GD-RRLYR-01444,RRab,GD,data/ogle_gd_500/photometry/OGLE-GD-RRLYR-01444.dat,e3e874c11e69c79f9263dcda62dc28f667ad921628c6d930ce81914b30db3ded,148,865.7147500000001,True,323,0.51104926,,0.5110532045547217,0.08169146351457907,0.09130859375,148,26694,0.4929134634073904,4,-1060.3265474909354
OGLE-GD-RRLYR-01480,RRab,GD,data/ogle_gd_500/photometry/OGLE-GD-RRLYR-01480.dat,a05e5a6fbe4cd4e92355c7c7735c9cd62f55ecb08640836281ce42790f9194ec,59,865.7148700000007,True,116,0.41696723,,0.4169639673223289,0.006358115756565672,0.16064453125,59,26694,0.514881199866295,4,-498.22270415412964
OGLE-GD-RRLYR-01496,RRab,GD,data/ogle_gd_500/photometry/OGLE-GD-RRLYR-01496.dat,92be8fbc493daa195976a7d8cf8b69a265582ff1ff0378cd38231fb43635f0bd,156,2291.7530799999995,True,60,0.82256307,,0.8225690446294606,0.46107953256611534,0.064697265625,156,70664,0.3452622228391782,2,-878.2512188161539
OGLE-GD-RRLYR-01525,RRc,GD,data/ogle_gd_500/photometry/OGLE-GD-RRLYR-01525.dat,87ee29b8ac3e84f226cdabaf8274baadd8d49651319ca0547d14f5f56751b359,121,862.66644,True,425,0.31985536,,0.31985634205775587,0.04565528747698481,0.22119140625,121,26600,0.2755198622478403,4,-905.8156886784727
OGLE-GD-RRLYR-01526,RRc,GD,data/ogle_gd_500/photometry/OGLE-GD-RRLYR-01526.dat,3b0e23a0e2f59b7a944ddaadc64fc1e50144a26229a25487f54b5c239e607ccc,121,862.666119999999,True,159,0.26904991,,0.2690498349749805,0.011278150990978059,0.1298828125,121,26600,0.2985185832028048,4,-1075.0041943973845
OGLE-GD-RRLYR-01571,RRab,GD,data/ogle_gd_500/photometry/OGLE-GD-RRLYR-01571.dat,3b434ac8eafef0e30247e1541d139b5b6ff5b5c1efe710ddfdc92a90c93cdaeb,121,862.6666799999994,True,56,0.59075634,,0.590754492305186,0.07899343445945343,0.92919921875,121,26600,0.5235761662194971,4,-839.4780056685516
OGLE-GD-RRLYR-01579,RRc,GD,data/ogle_gd_500/photometry/OGLE-GD-RRLYR-01579.dat,761812a22589a7e11ea5e03f56ea69917bedc24195cd4bbcd79260c5646586b2,121,862.6666799999994,True,188,0.29069965,,0.29069930116676257,0.025032636730678022,0.304931640625,121,26600,0.2560623423357953,2,-997.7124679324013
OGLE-GD-RRLYR-01597,RRc,GD,data/ogle_gd_500/photometry/OGLE-GD-RRLYR-01597.dat,c63f34883e544e8cb345f02984d7275f6f8bacfda56b021606e39abe71d64fd5,178,2322.7150299999994,True,243,0.21399173,,0.21399143167170345,0.1455025543885129,0.925048828125,178,71619,0.24333596913394295,2,-1234.3727419632403
OGLE-GD-RRLYR-01686,RRab,GD,data/ogle_gd_500/photometry/OGLE-GD-RRLYR-01686.dat,2349d95cb201f37cb17b237e41437aa549a79af1809d7e740e620e5c975ea108,76,2233.97815,True,488,0.415114,,0.4151142981273529,0.050820695234061616,0.18505859375,76,68882,0.7596475268807943,4,-512.2667236442406
OGLE-GD-RRLYR-01781,RRab,GD,data/ogle_gd_500/photometry/OGLE-GD-RRLYR-01781.dat,bf097f7ebaf9896959358763dae8e1cce754441a952e804eeba64376336395b8,147,865.7251899999992,True,467,0.63154713,,0.6315490396475223,0.21659276341184117,0.6767578125,147,26695,0.6737035271212406,4,-908.5605085576641
OGLE-GD-RRLYR-01811,RRab,GD,data/ogle_gd_500/photometry/OGLE-GD-RRLYR-01811.dat,cb9de325c048bef53b99983a519fb7d564eafbedeea46a1aeb925c0b24f0f087,143,863.8010899999999,True,41,0.62471356,,0.6247127730285309,0.04190026080257134,0.733642578125,143,26635,0.31489059774207817,4,-1113.720577381145
OGLE-GD-RRLYR-01823,RRab,GD,data/ogle_gd_500/photometry/OGLE-GD-RRLYR-01823.dat,ff785ceb324cefeca058b03415dbff186f012ffee5aa219728556fc185478635,173,2236.9013400000003,True,315,0.50690163,,0.5069011942799692,0.12767242108307275,0.614501953125,173,68973,0.7370679980518702,4,-1196.07026839402
OGLE-GD-RRLYR-01832,RRc,GD,data/ogle_gd_500/photometry/OGLE-GD-RRLYR-01832.dat,fcf6da250fa20335b45885c7758b179a8ff14f8b16e58d3a6b6d816917e66892,171,2236.9012900000007,True,411,0.24573672,,0.24573672905257274,0.021899257542352765,0.56787109375,171,68973,0.24387096431982158,4,-1481.2505677765462
OGLE-GD-RRLYR-01839,RRab,GD,data/ogle_gd_500/photometry/OGLE-GD-RRLYR-01839.dat,d3ebf6494eaf0e0fcd2c0640e225b036bdfec81578e1bd9a92054698412048ab,124,864.7625499999995,True,62,0.47466767,,0.4746701084598911,0.15193157427239024,0.10888671875,124,26665,0.8527758937994303,4,-783.1684020443527
OGLE-GD-RRLYR-01843,RRc,GD,data/ogle_gd_500/photometry/OGLE-GD-RRLYR-01843.dat,2781d6f70f1babbebf55dc688c2705f7759fb4a4f1480da4bd558a7d8d49779c,145,865.7250300000005,True,321,0.3220749,,0.3220749784341038,0.015890369402826128,0.492431640625,145,26695,0.22877790891140748,2,-1292.3620876205343
OGLE-GD-RRLYR-01852,RRab,GD,data/ogle_gd_500/photometry/OGLE-GD-RRLYR-01852.dat,fff3d0bb405c65174c80f02be21afcf99b57ed8496014bf15ed655ba3e611649,174,2236.9012900000007,True,336,0.58028406,,0.5802840867211716,0.08093656090133822,0.6884765625,174,68973,0.4745702913198464,4,-1283.5366646770854
OGLE-GD-RRLYR-01863,RRab,GD,data/ogle_gd_500/photometry/OGLE-GD-RRLYR-01863.dat,5402287318cbdecfcd6d7470a91737c152c8119c2e1a73cd863f156609d10ecd,147,865.7250999999997,True,339,0.66113978,,0.6611392376413058,0.0893349091545483,0.359375,147,26695,0.4298236333058547,4,-1038.7476176719588
OGLE-GD-RRLYR-01893,RRab,GD,data/ogle_gd_500/photometry/OGLE-GD-RRLYR-01893.dat,fe69112638aaaa8960b5243357b5511fbce109496a04ba68828b20842e62121a,108,864.7625499999995,True,302,0.50568559,,0.5056845256569376,0.1771800171224741,0.40380859375,108,26665,0.7489862424878364,4,-645.7524741329878
OGLE-GD-RRLYR-01896,RRab,GD,data/ogle_gd_500/photometry/OGLE-GD-RRLYR-01896.dat,82818ff2407b660164d929b308df76f754abd49e2ddcb85deea3f880d951290a,168,2236.9016599999995,True,424,0.58608179,,0.5860849806816002,0.8078691979763692,0.56005859375,168,68973,0.4792534769962167,4,-845.4299684450981
OGLE-GD-RRLYR-01907,RRab,GD,data/ogle_gd_500/photometry/OGLE-GD-RRLYR-01907.dat,fe1a0dd731a530d6ecf2c188acd243538ac8fd11129bba59c23e77bbc5731c8f,124,864.7632399999993,True,90,0.58946075,,0.5894606151393188,0.1676820288324178,0.5771484375,124,26665,0.5350117519386739,4,-770.9371350120671
OGLE-GD-RRLYR-01934,RRc,GD,data/ogle_gd_500/photometry/OGLE-GD-RRLYR-01934.dat,f72428013e39a81610d39a3ef8ffd894c45ab47109f1baeb7133c38dfb68f361,124,864.7633700000006,True,281,0.30888462,,0.30888420006652895,0.03885456414886866,0.701416015625,124,26665,0.3334932395363559,2,-971.5365109835733
OGLE-GD-RRLYR-01958,RRab,GD,data/ogle_gd_500/photometry/OGLE-GD-RRLYR-01958.dat,ad10f7b2e38245b8c3693196969330466160095f3ad42502af15b1fe70a461b8,124,864.7632399999993,True,386,0.51986633,,0.5198692490287318,0.7586995183132895,0.037109375,124,26665,0.5650813577612883,2,-603.0357592101966
OGLE-GD-RRLYR-01961,RRc,GD,data/ogle_gd_500/photometry/OGLE-GD-RRLYR-01961.dat,5479dd488ecccabf529ed95ca5f5731cb1f996b1f1d362216584e1bf43961d42,124,864.7634599999992,True,283,0.30530896,,0.30530833491622217,0.04953552333211096,0.2587890625,124,26665,0.3576052231881057,3,-931.7807493511173
OGLE-GD-RRLYR-01969,RRab,GD,data/ogle_gd_500/photometry/OGLE-GD-RRLYR-01969.dat,d5d8b92cf96fed84c8c3b3b18f498e128e1f20ab54d82fdf0d28f1f2c5c717d0,124,864.7633399999995,True,136,0.55335169,,0.5533612726825238,0.21327085588169364,0.97509765625,124,26665,0.4302056206189242,3,-750.7565064684215
OGLE-GD-RRLYR-02072,RRab,GD,data/ogle_gd_500/photometry/OGLE-GD-RRLYR-02072.dat,7796ab425ce9d96eb3dba8ae88f19b4a1d7c25fa741cabe118cb8e992546f07a,148,865.7255299999997,True,439,0.63659526,,0.6365992085214668,0.14320193520207578,0.185302734375,148,26695,0.6949828892096406,4,-977.2532213432054
OGLE-GD-RRLYR-02089,RRab,GD,data/ogle_gd_500/photometry/OGLE-GD-RRLYR-02089.dat,116745970d75433ef6c9ade67df6660d358600b6bd2a4f2ffcf726e0460a981a,148,865.7254599999997,True,79,0.59881786,,0.5988198812104937,0.32141307154892246,0.55859375,148,26695,0.49270285246949186,3,-867.5938853927009
OGLE-GD-RRLYR-02094,RRc,GD,data/ogle_gd_500/photometry/OGLE-GD-RRLYR-02094.dat,39fa08b999d137b5627497dfc5f228b0ebb287b1cd8618be55548bcd1b6e7987,148,865.7256299999999,True,35,0.26365849,,0.26365886754869455,0.019410448779654546,0.5419921875,148,26695,0.2905941413041564,4,-1273.0229704096223
OGLE-GD-RRLYR-02117,RRc,GD,data/ogle_gd_500/photometry/OGLE-GD-RRLYR-02117.dat,11cda33f2c88c48f1286315de3ffbb901339f178f8df07dbe944dbcb6b001c89,147,865.7257399999999,True,40,0.28988895,,0.28988975013315044,0.0735479601663187,0.18408203125,147,26695,0.30934569548512414,4,-1067.332446633587
OGLE-GD-RRLYR-02118,RRab,GD,data/ogle_gd_500/photometry/OGLE-GD-RRLYR-02118.dat,995c078473a3b4369ee5f62a37a754e07c011f7edb0bfa1e41970670e5d2a6b1,172,2234.9591500000006,True,195,0.51791741,,0.5179161381494379,0.12645108952049816,0.492919921875,172,68913,0.3067136459318007,3,-1199.8678408236394
OGLE-GD-RRLYR-02153,RRab,GD,data/ogle_gd_500/photometry/OGLE-GD-RRLYR-02153.dat,a1f86a6f917540448da031e9e43903904c940c4d90383b8b677f2bf6c6e821cf,124,864.7693800000006,True,15,0.60410725,,0.6041071846697962,0.052308291318965076,0.580078125,124,26665,0.5521314295568338,4,-915.3865464239456
OGLE-GD-RRLYR-02168,RRab,GD,data/ogle_gd_500/photometry/OGLE-GD-RRLYR-02168.dat,d1aeff11bbc8d2227b8325b12a908982c64e2551a3736b4d96ed19d874c06a22,174,2234.95877,True,156,0.49348754,,0.49348839670649075,0.43934461186880647,0.6689453125,174,68913,0.8925142211346611,4,-989.1950545626215
OGLE-GD-RRLYR-02203,RRc,GD,data/ogle_gd_500/photometry/OGLE-GD-RRLYR-02203.dat,2463d4ae8870c78db4a23c0dc5d971a454678ad53e2f3a3c8836d56c1a4a7edd,148,865.7245599999987,True,422,0.30819193,,0.30819188700128614,0.03202206137629495,0.0693359375,148,26695,0.2624672077390606,4,-1198.9321627449158
OGLE-GD-RRLYR-02222,RRc,GD,data/ogle_gd_500/photometry/OGLE-GD-RRLYR-02222.dat,cf3973c5b5365c3db9d44a6a698c57e4264fa97a882db014a9c25296a0ce0da8,155,2234.95877,True,190,0.39366938,,0.39366942454875414,0.0436572015740101,0.625,155,68913,0.27960560835203196,3,-1226.7484811848226
OGLE-GD-RRLYR-02240,RRab,GD,data/ogle_gd_500/photometry/OGLE-GD-RRLYR-02240.dat,9cc38cf4e446ab5cbd4474b926bf6b1f7d13f48edc42b2476db40885901569ca,48,738.0635600000005,True,207,0.4997203,,0.4997194624115123,0.021999521983919218,0.066162109375,48,22758,0.7078554077604196,4,-330.30889699995026
OGLE-GD-RRLYR-02293,RRab,GD,data/ogle_gd_500/photometry/OGLE-GD-RRLYR-02293.dat,795d2d151070a863c379a2a29005195a5ca2e18fb7607c9a2b29caa187e59d71,123,864.7699200000006,True,357,0.61350114,,0.6134974843318733,0.07517964506653228,0.20947265625,123,26665,0.7139295204900691,4,-862.0854278797386
OGLE-GD-RRLYR-02298,RRab,GD,data/ogle_gd_500/photometry/OGLE-GD-RRLYR-02298.dat,ba1e0361280bac2c13f085564f95832fc2e2b5fbc2f5416d118233b474f4170c,169,2234.958379999999,True,264,0.53842445,,0.5384208084626413,0.6293033504306569,0.115234375,169,68913,0.5076714762344068,3,-904.1846681868741
OGLE-GD-RRLYR-02303,RRab,GD,data/ogle_gd_500/photometry/OGLE-GD-RRLYR-02303.dat,29047c22f6cfbe2f73cf3a0477b78647ddb15b27b2e4d9803ccc82df00190cb6,168,2234.9586099999997,True,175,0.52417098,,0.5241737525613018,0.60625179659169,0.843505859375,168,68913,0.621871605506275,4,-893.6635674575319
OGLE-GD-RRLYR-02376,RRab,GD,data/ogle_gd_500/photometry/OGLE-GD-RRLYR-02376.dat,21ededcc497d39270569e25974bb22da242d292f1596b5e0c560d25a886d6ad5,175,2350.6093999999994,True,193,0.35531425,,0.3553146433653463,0.4158576577323328,0.63232421875,175,72479,0.5160861999439881,3,-1016.0664007278948
OGLE-GD-RRLYR-02409,RRab,GD,data/ogle_gd_500/photometry/OGLE-GD-RRLYR-02409.dat,979479459e6321853afa82270c205dd9c205bb09d5e94b0b53fa8e808dc5adfe,174,2350.6091399999996,True,8,0.66752551,,0.667524722754331,0.03248552971127644,0.046875,174,72479,0.4609047135009998,4,-1442.3762010211492
OGLE-GD-RRLYR-02442,RRab,GD,data/ogle_gd_500/photometry/OGLE-GD-RRLYR-02442.dat,f6215189060a6178b39469431144b91934c0ecac18ffd3c7e383630d49c28608,173,2350.6083199999994,True,282,0.53673353,,0.536734848989343,0.09994375070545955,0.0048828125,173,72479,0.45254742202646625,4,-1238.4310896493844
OGLE-GD-RRLYR-02545,RRab,GD,data/ogle_gd_500/photometry/OGLE-GD-RRLYR-02545.dat,7c6181556e63a4aac384afffdee33b6256fd4bd86b45cc15c943b435244b42d6,125,922.7525499999992,True,7,0.57141712,,0.5714230209631558,0.11586414911226645,0.1669921875,125,28453,0.5906648151459919,4,-824.6731926053882
OGLE-GD-RRLYR-02547,RRab,GD,data/ogle_gd_500/photometry/OGLE-GD-RRLYR-02547.dat,27d1ecd8e04af2629483dfa7484758b4e31f387a6a59d3eef604d96ea51ee986,171,2350.6073800000004,True,183,0.52732747,,0.5273272725887223,0.11788801539190978,0.017822265625,171,72479,0.6966277482188161,4,-1193.4092743524923
OGLE-GD-RRLYR-02551,RRab,GD,data/ogle_gd_500/photometry/OGLE-GD-RRLYR-02551.dat,924148d374f9b155fcf118c6fb33e48f896e8a7bf34c3f1cd1946e41a509a290,171,2350.6079200000004,True,373,0.49067819,,0.4906788921984501,0.9869054420319505,0.574951171875,171,72479,0.7397997139876473,4,-830.0617917280649
OGLE-GD-RRLYR-02578,RRab,GD,data/ogle_gd_500/photometry/OGLE-GD-RRLYR-02578.dat,0dfd0569293c17f4f1110628c139516b186691a9e0b94a8ec05c04aaa48a326d,125,922.7525499999992,True,459,0.47098187,,0.4709844211145841,0.10875831488567335,0.35498046875,125,28453,0.8031250339800131,4,-832.5844739419305
OGLE-GD-RRLYR-02582,RRc,GD,data/ogle_gd_500/photometry/OGLE-GD-RRLYR-02582.dat,bf0fed688b57a51e4e68c26bf25985d156672c4ccc83e961c51dc867424451b5,170,2350.6073800000004,True,99,0.35153312,,0.3515326771215754,0.025677346872710036,0.7412109375,170,72479,0.32682626427317985,4,-1444.292590400012
OGLE-GD-RRLYR-02586,RRab,GD,data/ogle_gd_500/photometry/OGLE-GD-RRLYR-02586.dat,8866047691a2fa401fb153f86f7c1f5e538c73626199bb4f3db1a6975ac4e697,171,2350.6073800000004,True,194,0.47793121,,0.47793023773054494,0.19224676616516873,0.6689453125,171,72479,0.8205738052519074,4,-1109.7826416819505
OGLE-GD-RRLYR-02610,RRab,GD,data/ogle_gd_500/photometry/OGLE-GD-RRLYR-02610.dat,7cd1eab76cb4b1c707f914a00a0227571246b791be505193a4cf0edf702f967e,212,2370.60181,True,92,0.50127417,,0.5012742726162567,0.022502657665443973,0.86572265625,212,73095,0.38664715575231234,4,-1886.3842614397474
OGLE-GD-RRLYR-02639,RRab,GD,data/ogle_gd_500/photometry/OGLE-GD-RRLYR-02639.dat,6b8032d8bff00216451c6734ed807140233df92af13fda092580049131d7d35b,172,2350.607209999999,True,50,0.58870678,,0.5887061094073511,0.30973617288548166,0.14208984375,172,72479,0.37500719556955175,4,-1035.4840218828142
OGLE-GD-RRLYR-02702,RRc,GD,data/ogle_gd_500/photometry/OGLE-GD-RRLYR-02702.dat,7c807e538642b205f1c9e204ccee63ecbf63176639db158b840d8342089197d9,173,2350.6081000000004,True,495,0.3579192,,0.3579189916283462,0.03452991493321382,0.29052734375,173,72479,0.2766491899580785,4,-1422.2922868912212
OGLE-GD-RRLYR-02708,RRab,GD,data/ogle_gd_500/photometry/OGLE-GD-RRLYR-02708.dat,c68b4c1e900a76fe7f66b5072dbe32ba76b827648901b0fb7b76fba6c26f94e5,143,863.6676700000007,True,301,0.75329738,,0.7532975617514481,0.03891523340465955,0.767822265625,143,26631,0.49759727213786853,4,-1124.2891744363606
OGLE-GD-RRLYR-02753,RRab,GD,data/ogle_gd_500/photometry/OGLE-GD-RRLYR-02753.dat,f41fa176ec941e6c14f145c5d833e8b6322546d9707679bba7ea63d4f11061c6,58,855.7025499999991,True,169,0.49090607,,0.49091318461136096,0.05427158507705065,0.3017578125,58,26386,0.6835369477030291,4,-363.89902458349707
OGLE-GD-RRLYR-02768,RRab,GD,data/ogle_gd_500/photometry/OGLE-GD-RRLYR-02768.dat,91d35ef102add35b3e042ec203d5c421d8e334d5a26b1b873fc334322af8de93,170,2270.851340000001,True,119,0.89932005,,0.89931971711536,0.013680412691712728,0.173828125,170,70019,0.31104970818277344,3,-1561.603680754526
OGLE-GD-RRLYR-02808,RRab,GD,data/ogle_gd_500/photometry/OGLE-GD-RRLYR-02808.dat,f4db713b0fd398356b8fd3644b13d078bc72eb1b0a37ff7039050f57a79ad5f2,118,922.75299,True,393,0.75216826,,0.752153677253089,0.011510645725834245,0.6669921875,118,28453,0.22423212166881612,4,-1042.0429283132037
OGLE-GD-RRLYR-02814,RRc,GD,data/ogle_gd_500/photometry/OGLE-GD-RRLYR-02814.dat,46b5ddf3fb49f695410ee20a6e857d6c61007f633037d1fd82f6b0a3759f47df,141,863.6678999999995,True,222,0.34180792,,0.3418069826586292,0.08486976481041075,0.628173828125,141,26631,0.23559136862247243,3,-1005.9809354615356
OGLE-GD-RRLYR-02860,RRab,GD,data/ogle_gd_500/photometry/OGLE-GD-RRLYR-02860.dat,23104066cb83a186286be2a9eb4b73efff0655a621e7dc6046e6233dda323526,171,2270.850840000001,True,128,0.64754995,,0.647550913405531,0.41925327491579384,0.44091796875,171,70019,0.31407687896976455,3,-986.7380511569984
OGLE-GD-RRLYR-02861,RRc,GD,data/ogle_gd_500/photometry/OGLE-GD-RRLYR-02861.dat,3a6c99f95875a093f2c42b8c5b58d2c93cb58ebca15d39cb29bbc6498f454d12,141,863.6678699999993,True,124,0.29074577,,0.2907459040434806,0.032279070762180596,0.815185546875,141,26631,0.1345199294394206,3,-1142.2854728339848
OGLE-GD-RRLYR-02888,RRab,GD,data/ogle_gd_500/photometry/OGLE-GD-RRLYR-02888.dat,4f00e5e5b51e49f77de6549831457b0f1618700ed1bec520cebe5923cb07eeb6,126,855.7028899999996,True,473,0.38337692,,0.3833747170148286,0.21745809575942154,0.52294921875,126,26386,0.8045427917732155,4,-753.2530890903626
OGLE-GD-RRLYR-02892,RRab,GD,data/ogle_gd_500/photometry/OGLE-GD-RRLYR-02892.dat,fb6cb2f295b4aa834291f34fe52ddf16de70e8f2fb77920e86d48ef740251f2c,124,922.7531200000004,True,6,0.46712552,,0.46712456024371546,0.13693507604055838,0.9365234375,124,28453,0.8885930734285488,4,-796.0548954901186
OGLE-GD-RRLYR-02901,RRab,GD,data/ogle_gd_500/photometry/OGLE-GD-RRLYR-02901.dat,719189b0d628129e2170743eb244feb4911514b0dcbc21d031e207d1d2de3db5,124,922.7533600000006,True,85,0.57561574,,0.5756156720833061,0.2760192446865474,0.61181640625,124,28453,0.3670365241933027,3,-718.7759629929434
OGLE-GD-RRLYR-02908,RRc,GD,data/ogle_gd_500/photometry/OGLE-GD-RRLYR-02908.dat,baa3d9169b6ab7db8708b76c1cd9df009e26211774403249397b4716f1927dc1,170,2270.851889999999,True,366,0.27641017,,0.27640990261412796,0.04852423770873994,0.73193359375,170,70019,0.22648227594559955,2,-1356.6385597569833
OGLE-GD-RRLYR-02936,RRab,GD,data/ogle_gd_500/photometry/OGLE-GD-RRLYR-02936.dat,aba4a8ff88fa2a6162f3953e96e6453a5a0e3954658c60e81fc7ee175462d744,124,922.7533600000006,True,247,0.59936965,,0.5993672780830425,0.08739858068868182,0.605224609375,124,28453,0.48026008461403435,4,-851.7343517073166
OGLE-GD-RRLYR-02997,RRab,GD,data/ogle_gd_500/photometry/OGLE-GD-RRLYR-02997.dat,1326437e7ccc8b92bd7bc42d9202e3b1c0d5ac61bc09738b691016aea69a8b77,168,2270.85026,True,291,0.40950553,,0.4095059439343449,0.15450580150731386,0.1591796875,168,70019,0.7938932490861532,4,-1123.3302791132646
OGLE-GD-RRLYR-03005,RRab,GD,data/ogle_gd_500/photometry/OGLE-GD-RRLYR-03005.dat,6dc3f983eff0352bfa7ec37181f684016b6a4dc1cc919064cb2290f20f7d9e3d,48,815.8452699999998,True,132,0.50864453,,0.508629166860584,0.055546562891829715,0.457763671875,48,25157,0.6669739245706054,4,-285.85125308387234
OGLE-GD-RRLYR-03090,RRc,GD,data/ogle_gd_500/photometry/OGLE-GD-RRLYR-03090.dat,a53e8bfca7075d624c69e108879ad15613649734d455203639edca1630e98d1b,166,2270.8498,True,413,0.2805191,,0.28051891690703684,0.039917244879985464,0.738037109375,166,70019,0.23114967796855623,2,-1352.5952225652477
OGLE-GD-RRLYR-03095,RRab,GD,data/ogle_gd_500/photometry/OGLE-GD-RRLYR-03095.dat,f0df7757e4c41cc356e21b2b62a630d0e6ddea13551cc44465bcb890ebda9589,201,2270.8508599999996,True,46,0.4952847,,0.4952848793374275,0.18434847209461028,0.769287109375,201,70019,0.6857058540762075,4,-1352.8076533626127
OGLE-GD-RRLYR-03100,RRab,GD,data/ogle_gd_500/photometry/OGLE-GD-RRLYR-03100.dat,66cfb985966fa5da0bc4aa72ea2698f5f6bb29fb6070016955e9788022dd2487,124,922.7536499999997,True,39,0.5480011,,0.5480000016231015,0.031159650350812283,0.68359375,124,28453,0.5529263165911971,4,-979.6223770915029
OGLE-GD-RRLYR-03151,RRc,GD,data/ogle_gd_500/photometry/OGLE-GD-RRLYR-03151.dat,f712381912a068f26305f580852324635f3c6ee0d776828d213cf39bc3c92930,140,863.6677700000009,True,343,0.297009,,0.29700905144273043,0.02761878354341668,0.67236328125,140,26631,0.22626639523725345,3,-1154.793084224208
OGLE-GD-RRLYR-03162,RRab,GD,data/ogle_gd_500/photometry/OGLE-GD-RRLYR-03162.dat,e76d3cde4c19f04ef309c6431c0bf4f2036aa6100863236747fa0c398cd553b3,166,2270.850599999999,True,292,0.50254521,,0.5025446032902556,0.017515402207946392,0.238037109375,166,70019,0.36013352039416446,4,-1468.8860883723473
OGLE-GD-RRLYR-03216,RRab,GD,data/ogle_gd_500/photometry/OGLE-GD-RRLYR-03216.dat,8a2ebde3af7f09e4fac029dbcd449e9559a9a79bbaa0703b47098e9982f04fcf,123,922.7539599999992,True,237,0.56909939,,0.5690947640737611,0.11841515367275149,0.6123046875,123,28453,0.5152478491161219,4,-806.2045372044589
OGLE-GD-RRLYR-03223,RRab,GD,data/ogle_gd_500/photometry/OGLE-GD-RRLYR-03223.dat,98783c6a381f3668ee23092f5870e19f60fcb6dd5d3c2da45db67b412bbbc6eb,123,922.75389,True,172,0.43300623,,0.4330069058961045,0.570598111817424,0.67529296875,123,28453,0.6434768057869782,3,-622.4128292349187
OGLE-GD-RRLYR-03237,RRab,GD,data/ogle_gd_500/photometry/OGLE-GD-RRLYR-03237.dat,6fccb9a6c0d8da1d7ebd92edf57231d32252fff42569276be1d0c352a9f0bd85,123,922.7537700000012,True,202,0.50781956,,0.5078216228184866,0.21817957188782935,0.05029296875,123,28453,0.6757280559070722,4,-731.0365623715082
OGLE-GD-RRLYR-03241,RRab,GD,data/ogle_gd_500/photometry/OGLE-GD-RRLYR-03241.dat,8c193826b40511b381e76f618889fcf2e61fbd29c58770f51b9a8c5df6b7903a,123,922.75389,True,446,0.46227163,,0.46227315001543784,0.042076693024857226,0.242431640625,123,28453,0.6274638327986448,4,-933.4729722358261
OGLE-GD-RRLYR-03256,RRc,GD,data/ogle_gd_500/photometry/OGLE-GD-RRLYR-03256.dat,f7f3ead3b64e3aa481a333da8a809beee2be206fb25d1a0f8b88217c87077932,111,855.7033900000006,True,492,0.23960084,,0.23960086820948615,0.0067955174957022805,0.54931640625,111,26386,0.208637283198291,3,-1039.137231167953
OGLE-GD-RRLYR-03263,RRab,GD,data/ogle_gd_500/photometry/OGLE-GD-RRLYR-03263.dat,2435e56be826995d84e5ea27e520b2a0ad6f5e15ce05bac816788c3d5ed7677e,122,915.774660000001,True,266,0.64579431,,0.6457917295508512,0.05865381677309673,0.925537109375,122,28238,0.7090173534866988,4,-884.0548777334759
OGLE-GD-RRLYR-03265,RRab,GD,data/ogle_gd_500/photometry/OGLE-GD-RRLYR-03265.dat,db660dca6706c320d7ba49f02de9b031a27ee2e9ad287fdb621604a7bae7ddfb,160,2270.8503599999995,True,493,0.91682176,,0.9168204314410074,0.030870680318288008,0.5673828125,160,70019,0.27992282397074675,4,-1317.747816691722
OGLE-GD-RRLYR-03270,RRab,GD,data/ogle_gd_500/photometry/OGLE-GD-RRLYR-03270.dat,4d3d634b53e9f730e5873b3abf9bd48c574fa85f835df8525ad07d98aad2fce7,158,2270.849949999999,True,51,0.59900117,,0.5990009025852829,0.22914217633011127,0.7578125,158,70019,0.1820334935312431,1,-1012.4388275836018
OGLE-GD-RRLYR-03279,RRab,GD,data/ogle_gd_500/photometry/OGLE-GD-RRLYR-03279.dat,b7c88624c3859c0ceb0784b12e2ec7ce50b0710f1e51601db6a350f0fc3619cb,119,922.7539400000004,True,297,0.60918136,,0.6091776843421335,0.03498716111406418,0.919677734375,119,28453,0.444178805768054,4,-919.9045798512993
OGLE-GD-RRLYR-03307,RRab,GD,data/ogle_gd_500/photometry/OGLE-GD-RRLYR-03307.dat,43e62cc9689f3214daf5570cb420ab5307f2f4ff545b1e0d8fbb8fd82953b1ab,140,863.6680399999996,True,105,0.61629537,,0.6163121620546288,0.2750590431396128,0.571533203125,140,26631,0.3555348167014536,4,-823.1212452241022
OGLE-GD-RRLYR-03344,RRc,GD,data/ogle_gd_500/photometry/OGLE-GD-RRLYR-03344.dat,9b2b908479019e9ea3f79207d7574efabb39c0d1bf9edd7580bd2fd8a50a19dc,140,863.6679200000008,True,352,0.31573933,,0.3157394136089073,0.014093863713038855,0.2431640625,140,26631,0.3433496663458282,4,-1239.0957232965238
OGLE-GD-RRLYR-03399,RRab,GD,data/ogle_gd_500/photometry/OGLE-GD-RRLYR-03399.dat,df443fd468198ece4459a5e51a58e2b4de40f2b6c5d8c37d08c0cfb63896a08e,123,922.7542600000006,True,303,0.61319747,,0.6132017530544698,0.2636581984379299,0.0322265625,123,28453,0.6728663676473818,4,-707.7483434187287
OGLE-GD-RRLYR-03401,RRc,GD,data/ogle_gd_500/photometry/OGLE-GD-RRLYR-03401.dat,b9511e0fad5b6e76ac384d84edf810c76fb9a6e1bee2946efcfa9af34c028ef2,124,863.6897900000004,True,295,0.3433767,,0.3433764303448249,0.03400049641542217,0.97705078125,124,26632,0.27109642140959167,3,-978.4438007085362
OGLE-GD-RRLYR-03418,RRab,GD,data/ogle_gd_500/photometry/OGLE-GD-RRLYR-03418.dat,d34d7ae7293a33bd73d9d8f4e7e16409ace372fcee1696b8153e550bf230b020,124,863.6897900000004,True,158,0.53599108,,0.5359889845553535,0.03270250876461599,0.083251953125,124,26632,0.6015973234028849,4,-973.6297304195014
OGLE-GD-RRLYR-03470,RRab,GD,data/ogle_gd_500/photometry/OGLE-GD-RRLYR-03470.dat,25dc7544baf1ffced253be0f447dd6bda51a757546c3015927414a309ea16983,180,2270.8686500000003,True,498,0.79556751,,0.795570095130752,0.04231241835172849,0.862060546875,180,70020,0.40647167503423987,4,-1452.084103084219
OGLE-GD-RRLYR-03481,RRc,GD,data/ogle_gd_500/photometry/OGLE-GD-RRLYR-03481.dat,fe3c8cccaff4795d20ede8f211a46be1842ba11dd3564c73e5e2065143faaa42,160,2270.8679599999987,True,34,0.28670611,,0.28670577806708425,0.08766155950095424,0.992431640625,160,70020,0.3113773870299923,2,-1171.0602545560212
OGLE-GD-RRLYR-03498,RRc,GD,data/ogle_gd_500/photometry/OGLE-GD-RRLYR-03498.dat,c4e4812fc8bb6c986c3804cc0ede6a76ba9199e9f15f3d5243cc6d839e22a797,111,783.0027899999995,True,314,0.28814668,,0.2881479833139388,0.2886426141476497,0.803466796875,111,24144,0.36784192252401127,2,-632.4254955142532
OGLE-GD-RRLYR-03510,RRab,GD,data/ogle_gd_500/photometry/OGLE-GD-RRLYR-03510.dat,564cfb0af2a03d8ce6ce8064153c80b45af89d545e8cdfbf42a6e3cfdd639b29,159,2270.8679599999987,True,52,0.6530153,,0.6530140543016281,0.048983554674538674,0.038818359375,159,70020,0.2107367633334114,3,-1244.9915688537399
OGLE-GD-RRLYR-03521,RRab,GD,data/ogle_gd_500/photometry/OGLE-GD-RRLYR-03521.dat,abef77be2280db7202569f8ac8ddff598f151536d0ca2bd8273a5791edd12ac1,121,922.7544200000002,True,181,0.5623354,,0.5623353907346811,0.0805589872297734,0.677490234375,121,28453,0.7073956132850512,4,-837.1033884367918
OGLE-GD-RRLYR-03583,RRab,GD,data/ogle_gd_500/photometry/OGLE-GD-RRLYR-03583.dat,fb9dc058eeebfe9bfe913f10feb1588fe8589102a6b9a47188a63230d87959e6,159,2270.867660000001,True,11,0.41825716,,0.4182572683467122,0.25347523800698596,0.255126953125,159,70020,0.574991462253724,4,-973.4924995764882
OGLE-GD-RRLYR-03588,RRab,GD,data/ogle_gd_500/photometry/OGLE-GD-RRLYR-03588.dat,5d61c093267409778f4ba9e13713f9d3a69fffa4806ed5c884ddb26a9490b3f2,158,2270.867660000001,True,138,0.54945736,,0.549459254261628,0.18083872431584094,0.045654296875,158,70020,0.5665245739202227,4,-1019.4677128736269
OGLE-GD-RRLYR-03625,RRab,GD,data/ogle_gd_500/photometry/OGLE-GD-RRLYR-03625.dat,1b9065b878dd69c53998ad10bee8561fa2079fe6fd4beb20658aa45e9897aeb1,107,859.6951399999998,True,180,0.65137928,,0.39401576362050894,0.2392193596648015,0.507568359375,107,26509,0.8525058816248929,4,-606.3144497314161
OGLE-GD-RRLYR-03634,RRab,GD,data/ogle_gd_500/photometry/OGLE-GD-RRLYR-03634.dat,ea52ed1de0fa3b943ca3c216cfc7085481b51a79cdf7dab8001f886d1c06b702,158,2270.8678500000005,True,246,0.5866843,,0.586681426194241,0.3623314300746161,0.590576171875,158,70020,0.8180851504927702,4,-909.6650223536226
OGLE-GD-RRLYR-03654,RRab,GD,data/ogle_gd_500/photometry/OGLE-GD-RRLYR-03654.dat,935ba7b2c9d96303528406060128e73f47f0daa12816b99e8b0e2a81e6618d3b,121,862.7458000000006,True,221,0.48219693,,0.4821963463514439,0.013231214644742875,0.441650390625,121,26603,0.43333717906255487,4,-1055.679106478894
OGLE-GD-RRLYR-03655,RRc,GD,data/ogle_gd_500/photometry/OGLE-GD-RRLYR-03655.dat,3a89b8eb53595121fd6cdafb61a7dfbaad09582b8752d75b7270b82df6f6a071,153,2270.8674599999995,True,444,0.32944547,,0.3294455177306699,0.047281331552619765,0.4873046875,153,70020,0.2167394922209951,1,-1216.436130990095
OGLE-GD-RRLYR-03685,RRc,GD,data/ogle_gd_500/photometry/OGLE-GD-RRLYR-03685.dat,4d556fa9435172d0dd6eed57dda3c7f3550e8c711fb17a7389b59549239aee6d,124,863.689910000001,True,166,0.34372704,,0.3437279443204498,0.08011976783934396,0.794677734375,124,26632,0.37816666666929954,3,-872.1575121756371
OGLE-GD-RRLYR-03803,RRab,GD,data/ogle_gd_500/photometry/OGLE-GD-RRLYR-03803.dat,52934df16b8460c4eb2806ccb07be078fe91d61937e0273f0d63efdb5b317365,106,859.6961500000007,True,69,0.48853801,,0.48853712108640346,0.018219813886877743,0.175537109375,106,26509,0.33494071517123203,4,-872.2461868439177
OGLE-GD-RRLYR-03816,RRc,GD,data/ogle_gd_500/photometry/OGLE-GD-RRLYR-03816.dat,26988f28e38a037c205db31adb24da1a70edcc3c81a67168093fb6100ec31ac5,156,2224.8066599999993,True,298,0.25036898,,0.25036864599012504,0.027992026990956376,0.576416015625,156,68600,0.2134664889480149,2,-1315.3087483973532
OGLE-GD-RRLYR-03870,RRab,GD,data/ogle_gd_500/photometry/OGLE-GD-RRLYR-03870.dat,c6ccbb82c97b025ff4a2dc4399a4af3a70f4ecdeacece96194a9abfdcc31a465,154,2224.806420000001,True,421,0.45304984,,0.4530518154488927,0.4926666375686901,0.305908203125,154,68600,0.9161330530874885,4,-834.3412436290248
OGLE-GD-RRLYR-03873,RRc,GD,data/ogle_gd_500/photometry/OGLE-GD-RRLYR-03873.dat,d5d0a1a5dd08eb5ce5811eb41382baa361ffdacc5e753656f57c586c6a4974cc,124,863.6894399999992,True,267,0.3099234,,0.3099235899681935,0.027811797565554526,0.7685546875,124,26632,0.26802133825588825,2,-1012.9978016965208
OGLE-GD-RRLYR-03875,RRab,GD,data/ogle_gd_500/photometry/OGLE-GD-RRLYR-03875.dat,e5f437bbf37b5073e6ef7ad530f8d7029dcb7dc99622826e283ee1d17200b630,154,2224.806420000001,True,103,0.36194676,,0.36194764569410764,0.5229592170902798,0.59912109375,154,68600,0.7384755072751332,3,-835.2258566522893
OGLE-GD-RRLYR-03886,RRab,GD,data/ogle_gd_500/photometry/OGLE-GD-RRLYR-03886.dat,5c154484a52303d17898c10c66105f5d29556f9a1eaef4e1dc990e57b60c56bd,106,859.6963100000003,True,346,0.61693969,,0.6169375077797805,0.051582444333978995,0.985595703125,106,26509,0.722349608301494,4,-761.9349854246127
OGLE-GD-RRLYR-03910,RRab,GD,data/ogle_gd_500/photometry/OGLE-GD-RRLYR-03910.dat,a239bf2cfefd26b1aaeee0b73494f81c441a6f48739df622319041e54b5a1815,154,2224.80631,True,93,0.45885423,,0.45885386644801424,0.07282104684768359,0.6708984375,154,68600,0.7428884787937982,4,-1128.762714866366
OGLE-GD-RRLYR-03945,RRc,GD,data/ogle_gd_500/photometry/OGLE-GD-RRLYR-03945.dat,527fd9ce85c6a265c34bedfbe8b334d7e7e28bfd7659e94603bcf3abff03ce2c,157,2224.806420000001,True,155,0.34225728,,0.34225712807100006,0.05504118448616688,0.44384765625,157,68600,0.3357622447918587,3,-1208.6293747219515
OGLE-GD-RRLYR-03955,RRab,GD,data/ogle_gd_500/photometry/OGLE-GD-RRLYR-03955.dat,41c13dec93579faf834c2e2a0f93436f7502b3f0b7a6ac57586185be79d30d60,157,2270.5664499999993,True,18,0.62640062,,0.6263990240154919,0.30243482962849916,0.48046875,157,70011,0.28034982505067063,3,-941.1352708395975
OGLE-GD-RRLYR-03980,RRab,GD,data/ogle_gd_500/photometry/OGLE-GD-RRLYR-03980.dat,803da38535be84511785e6ef0aaef57b4751fe82a6fd0d0e10b4dfee86636fa9,153,2224.806869999999,True,104,0.60857386,,0.6085732392067763,0.014903203792142968,0.3427734375,153,68600,0.1990128563237512,4,-1362.8980203983122
OGLE-GD-RRLYR-04020,RRc,GD,data/ogle_gd_500/photometry/OGLE-GD-RRLYR-04020.dat,394dd8e3bfc13fc16432366039f0cb753c9397d2e975fd3ea4f147a6add23919,155,2224.806869999999,True,250,0.25548333,,0.2554833865425238,0.06967759300172571,0.79248046875,155,68600,0.1274192294484635,1,-1174.4580487036624
OGLE-GD-RRLYR-04023,RRc,GD,data/ogle_gd_500/photometry/OGLE-GD-RRLYR-04023.dat,307dc00abd5ebc490670be621c96394a0a1d31e4e8d22ba0e7a390dfae48f626,123,863.6897199999994,True,268,0.33534598,,0.335347261279014,0.1002953218016744,0.50634765625,123,26632,0.22227712333769745,1,-855.5051942298878
OGLE-GD-RRLYR-04027,RRab,GD,data/ogle_gd_500/photometry/OGLE-GD-RRLYR-04027.dat,cbbc08cb9d2ce70aebd82ab6061aa5522673cc76bd192a9952c26f737334b156,82,863.6897199999994,True,53,0.55856167,,0.5585574944475665,0.21429964666593204,0.134521484375,82,26632,0.544435302657531,4,-443.594947876508
OGLE-GD-RRLYR-04028,RRab,GD,data/ogle_gd_500/photometry/OGLE-GD-RRLYR-04028.dat,133cbd15fd21b916343257015a0ae8c3da0e3bd7918df8d1d1248eca2c91f7eb,106,859.6965500000006,True,9,0.64488234,,0.6448841343604566,0.1417143638174004,0.900634765625,106,26509,0.33024351546553277,3,-664.1348588029019
OGLE-GD-RRLYR-04044,RRab,GD,data/ogle_gd_500/photometry/OGLE-GD-RRLYR-04044.dat,41442205a2246a8de5c8ace6524787919b59d359283347ffb3a5a9ce2d311b2a,141,2218.791110000001,True,400,0.66682096,,0.6668194761150337,0.14664049210171634,0.31787109375,141,68414,0.5958897627727566,4,-918.9753017041537
OGLE-GD-RRLYR-04060,RRab,GD,data/ogle_gd_500/photometry/OGLE-GD-RRLYR-04060.dat,dd7ff569fd06f8418eaac3615f194e58ae3004b00f34b9bc273392b4f15e2fe8,152,2224.80674,True,110,0.65502847,,0.6550275906120215,0.2251615670487334,0.105712890625,152,68600,0.5622597475620559,4,-940.0134668823616
OGLE-GD-RRLYR-04117,RRab,GD,data/ogle_gd_500/photometry/OGLE-GD-RRLYR-04117.dat,cf1d87f123414218c397a847944cae1205f25257aacb417e7ab58aaec7cd3ff4,154,2218.7912100000003,True,160,0.45873911,,0.45873836323449635,0.1034155983952632,0.516357421875,154,68414,0.8507549036909676,4,-1074.7470936509733
OGLE-GD-RRLYR-04120,RRab,GD,data/ogle_gd_500/photometry/OGLE-GD-RRLYR-04120.dat,b8eea8a0d989f31f5c781c877c14ee7c040c24172e2ca1749334394dc0876e0e,155,2224.806869999999,True,21,0.72495953,,0.7249568575392783,0.16211294927334505,0.051513671875,155,68600,0.2535218852564185,2,-1033.4869476092135
OGLE-GD-RRLYR-04152,RRab,GD,data/ogle_gd_500/photometry/OGLE-GD-RRLYR-04152.dat,01102fc2bda6cec55fb30deec64a0397da74764b5b3cae0b1171bd7c9ef5ea68,105,859.6965300000002,True,36,0.45552064,,0.45552100471813967,0.37794044629922124,0.41845703125,105,26509,0.5879238531339581,3,-553.6011117162916
OGLE-GD-RRLYR-04181,RRab,GD,data/ogle_gd_500/photometry/OGLE-GD-RRLYR-04181.dat,13f37a089bb15b14f5c74df727cd386b055d5db1d1c761594538083f84572a4c,105,859.6967100000011,True,220,0.45399274,,0.4539931962322654,0.008107405084124202,0.26953125,105,26509,0.3600500754250078,4,-947.69886310214
OGLE-GD-RRLYR-04188,RRab,GD,data/ogle_gd_500/photometry/OGLE-GD-RRLYR-04188.dat,104ce32afa167bd4d845922e2b3c2313f5f97fd875156eb7fdf184b0eb68f0d5,105,859.6967299999997,True,443,0.5592926,,0.5592922147099293,0.11617428429224796,0.77685546875,105,26509,0.4152405574585316,4,-668.1559285511647
OGLE-GD-RRLYR-04200,RRc,GD,data/ogle_gd_500/photometry/OGLE-GD-RRLYR-04200.dat,e3d777e4ef462ffdc1894ca46f4e545828cef1b5270743a9bef456d5685cb3e4,122,863.6897899999994,True,77,0.289277,,0.2892770299350904,0.013615187146492716,0.1162109375,122,26632,0.27795427713473764,4,-1062.2318247056
OGLE-GD-RRLYR-04203,RRab,GD,data/ogle_gd_500/photometry/OGLE-GD-RRLYR-04203.dat,7eeecc0abfdce80f26eed281328e715a3134a2129b658243881b313bdc4e8036,154,2218.7912100000003,True,479,0.66073215,,0.660731578542401,0.03895312732528529,0.05712890625,154,68414,0.6287428146299963,4,-1225.1121924926285
OGLE-GD-RRLYR-04204,RRc,GD,data/ogle_gd_500/photometry/OGLE-GD-RRLYR-04204.dat,b278bd218233d4a07e548716f445903a3fb67549894d10e7376a83610fd16670,150,2218.7905900000005,True,179,0.36771195,,0.36771196364507314,0.028157284267950902,0.650390625,150,68414,0.25174218342280597,1,-1267.0451316917338
OGLE-GD-RRLYR-04215,RRab,GD,data/ogle_gd_500/photometry/OGLE-GD-RRLYR-04215.dat,1459602a9b8da337e9e6701dcc44a467a6217e981de0861498a5696c770d487e,155,2218.7905900000005,True,196,0.54815378,,0.5481523843720626,0.12002422402132622,0.912353515625,155,68414,0.5223152215162479,4,-1059.9062038611423
OGLE-GD-RRLYR-04268,RRab,GD,data/ogle_gd_500/photometry/OGLE-GD-RRLYR-04268.dat,70dd7b75c39b651d3012db5748dab49e893ff14f8804c290c3d129c0fee9e972,102,859.6967299999997,True,466,0.65608998,,0.6560845174437915,0.15589862379566158,0.62060546875,102,26509,0.4636948470362938,4,-615.0695305268996
OGLE-GD-RRLYR-04313,RRab,GD,data/ogle_gd_500/photometry/OGLE-GD-RRLYR-04313.dat,0e2e70270b269ea3a51c0a6a2003b1d5939cbc9ae8617bb1c7717a0d7afea1fc,122,863.6898800000008,True,232,0.36698633,,0.36698892030459696,0.19013715598143727,0.947509765625,122,26632,0.9137783543960332,4,-740.5715274367124
OGLE-GD-RRLYR-04335,RRc,GD,data/ogle_gd_500/photometry/OGLE-GD-RRLYR-04335.dat,1e8f90292ca45231985314100e74072ebd220315c7c944a3e747874ddd151fb0,105,859.6968500000003,True,497,0.30558852,,0.3055889238940947,0.0073422049380673145,0.56201171875,105,26509,0.293377467165131,4,-958.1084217894099
OGLE-GD-RRLYR-04351,RRab,GD,data/ogle_gd_500/photometry/OGLE-GD-RRLYR-04351.dat,cd5531f4bc43273ecba381c062949646fe7368aba87ad31e95c10080c47952be,104,859.6969400000007,True,449,0.58292421,,0.5829159518670513,0.09676106924558062,0.244140625,104,26509,0.44432110870903685,4,-679.4658409714904
OGLE-GD-RRLYR-04388,RRc,GD,data/ogle_gd_500/photometry/OGLE-GD-RRLYR-04388.dat,85d4b81167d98185d305f8e3e2e6e82ce31a17782f981df65430eff596f568d6,106,859.6968900000002,True,370,0.26348369,,0.2634837727653428,0.008873773068152065,0.4736328125,106,26509,0.2890101001503691,4,-948.503604130827
OGLE-GD-RRLYR-04404,RRab,GD,data/ogle_gd_500/photometry/OGLE-GD-RRLYR-04404.dat,b81262a131494ca8aeb66279c6fa9be47299ab6eb32a5a3aee8bc92fde2c7ad6,153,2222.7546999999995,True,471,0.60884274,,0.6088418847298177,0.09378680253812416,0.991455078125,153,68536,0.2682544800453961,3,-1091.5233616076684
OGLE-GD-RRLYR-04419,RRc,GD,data/ogle_gd_500/photometry/OGLE-GD-RRLYR-04419.dat,db8594d91504e4b8af7535fa062fa4f1c801700a4543553d4c397d6bf79e5d66,105,859.6968500000003,True,94,0.26900938,,0.26900891869186255,0.07253791560288948,0.0,105,26509,0.30989020871884776,2,-736.2248920647238
OGLE-GD-RRLYR-04449,RRab,GD,data/ogle_gd_500/photometry/OGLE-GD-RRLYR-04449.dat,9da5169f435661f3fe23ab5af81ef9e296f7ea09ce3fa0d579cea35827fb280f,105,859.6970299999994,True,228,0.5168534,,0.516858509462841,0.2377086808790386,0.917236328125,105,26509,0.5446980026028854,3,-602.2886393868309
OGLE-GD-RRLYR-04450,RRab,GD,data/ogle_gd_500/photometry/OGLE-GD-RRLYR-04450.dat,2d4490da839d7ddaec86e03a78e0e282b7978123c7b97b4d29d428e0d872e975,120,863.6900299999988,True,263,0.51943199,,0.5194346332997507,0.28867163196990187,0.530517578125,120,26632,0.6849588542193104,4,-675.7199467159717
OGLE-GD-RRLYR-04474,RRab,GD,data/ogle_gd_500/photometry/OGLE-GD-RRLYR-04474.dat,838a131f06a413ef9bb61f702ad60149aa59167f7e8aa6a4d5341c770ffd2e50,79,863.6900499999992,True,408,0.40117693,,0.401177929051726,0.300024090174986,0.96923828125,79,26632,0.7181240374296749,3,-405.3383055755175
OGLE-GD-RRLYR-04488,RRab,GD,data/ogle_gd_500/photometry/OGLE-GD-RRLYR-04488.dat,2e30516b14f9b7fded74d4d0416c951f4d8e485e63771736136345443822d897,159,2222.7542600000006,True,29,0.5731757,,0.5731771428570168,0.07584017571586164,0.358642578125,159,68536,0.42808619412900484,4,-1165.347935684225
OGLE-GD-RRLYR-04489,RRab,GD,data/ogle_gd_500/photometry/OGLE-GD-RRLYR-04489.dat,ceafb72d19e7abd63e4787f21aab3ba6228a48d78601ec2d6954a9c9e831fdc0,123,863.6898299999993,True,45,0.61389673,,0.6139001488730778,0.055193299089601286,0.718994140625,123,26632,0.3162413208162924,4,-900.0972205008609
OGLE-GD-RRLYR-04525,RRab,GD,data/ogle_gd_500/photometry/OGLE-GD-RRLYR-04525.dat,af0569a2c10eae86ff144887f2255a8a524cb5e41c86f526510bd65d0d3b3f9f,158,2222.7542600000006,True,120,0.66073386,,0.6607339482124941,0.04003044596431171,0.832275390625,158,68536,0.6413720783233909,4,-1257.7262294034135
OGLE-GD-RRLYR-04538,RRc,GD,data/ogle_gd_500/photometry/OGLE-GD-RRLYR-04538.dat,fecf8702f0e7731ec4b5d0a9caea127a9b7d3027354264c10e216a769e786bca,106,859.6970899999997,True,405,0.30050348,,0.30050338740151994,0.008953834870909508,0.385986328125,106,26509,0.19828349177604565,2,-966.2052857057122
OGLE-GD-RRLYR-04571,RRab,GD,data/ogle_gd_500/photometry/OGLE-GD-RRLYR-04571.dat,ed293dc6afb6d18acb845210c3fb1ff105962cd447bdd83ae6b8fcec15a8952c,106,859.6970899999997,True,23,0.7621328,,0.7621317103212784,0.010417699168860048,0.644775390625,106,26509,0.21417568486397975,4,-931.5005551087099
OGLE-GD-RRLYR-04576,RRab,GD,data/ogle_gd_500/photometry/OGLE-GD-RRLYR-04576.dat,d1adc172e8c653fb51d4989095e83224839a17de47d7e4d5fd86c3c947a1448a,153,2222.75468,True,306,0.55590487,,0.5559032153604299,0.6196761498781511,0.186767578125,153,68536,0.626190354074712,4,-792.5720390354201
OGLE-GD-RRLYR-04637,RRab,GD,data/ogle_gd_500/photometry/OGLE-GD-RRLYR-04637.dat,ff7193dca25a34488e62ec716ca8be7e26e98c3f0eac2f9d373f3d5fa29a1838,123,863.6900299999988,True,231,0.4908658,,0.4908628536497724,0.06825752057788245,0.913330078125,123,26632,0.6595114554605654,4,-873.9663542596415
OGLE-GD-RRLYR-04719,RRab,GD,data/ogle_gd_500/photometry/OGLE-GD-RRLYR-04719.dat,7d911885fe7129b3ebdf1a8116e49ac26dc5c55d96d1b3236ddb99fd10e87913,94,859.6973100000005,True,442,0.89009088,,0.8900908016989035,0.020136468069241985,0.2509765625,94,26509,0.3455951752985893,4,-748.727702657112
OGLE-GD-RRLYR-04722,RRab,GD,data/ogle_gd_500/photometry/OGLE-GD-RRLYR-04722.dat,45e208716388bc9b0ea0792e3dc66679bdb3df8eb41839ba91a31a6dd17d1930,149,2222.7542600000006,True,420,0.5851355,,0.5851342426592945,0.131298134223126,0.8291015625,149,68536,0.5867672158815864,4,-998.0609579891932
OGLE-GD-RRLYR-04728,RRab,GD,data/ogle_gd_500/photometry/OGLE-GD-RRLYR-04728.dat,2890bf038b3b31c58b37f1bf6c695e36b4f50f27057af89f68cc87fbac9a7dac,156,2222.753929999999,True,135,0.43137131,,0.4313709974317673,0.672344399332863,0.045654296875,156,68536,0.7055180460589163,4,-799.2085700930165
OGLE-GD-RRLYR-04745,RRab,GD,data/ogle_gd_500/photometry/OGLE-GD-RRLYR-04745.dat,e97994d1fabf761ed35f0cc6a6a42b5c17c1dbc978ba50d4cbdad7a120ab6113,157,2222.7543499999992,True,255,0.69974539,,0.6997434393710465,0.3696089442343903,0.3125,157,68536,0.6489335029550922,4,-899.5317625252314
OGLE-GD-RRLYR-04754,RRab,GD,data/ogle_gd_500/photometry/OGLE-GD-RRLYR-04754.dat,6607a7cffaa9bfe857d08a5ea63090e31ab413304fb29d64bd7ed6ce8aa879a2,117,950.6546800000006,True,284,0.54424574,,0.544250458664868,0.2273353059951874,0.62646484375,117,29313,0.48634536319678645,3,-692.3924790891664
OGLE-GD-RRLYR-04771,RRab,GD,data/ogle_gd_500/photometry/OGLE-GD-RRLYR-04771.dat,3e3f972ad34d4e5c30228c7fcd687c7eb7dae652f0861bc02edc87a9809e5078,85,1810.989810000001,True,240,0.43967984,,0.4396714545863434,0.14027233301289768,0.394775390625,85,55840,0.8882402754114906,4,-500.1532525942208
OGLE-GD-RRLYR-04803,RRc,GD,data/ogle_gd_500/photometry/OGLE-GD-RRLYR-04803.dat,1fccc696816b0c0d2c7a12038df29e25942ea4a32a254bad65387cdaa48b1cca,117,950.6546800000006,True,322,0.30259096,,0.30259207297867846,0.019234137036108736,0.096435546875,117,29313,0.258745142523086,2,-990.8763339028238
OGLE-GD-RRLYR-04820,RRab,GD,data/ogle_gd_500/photometry/OGLE-GD-RRLYR-04820.dat,23c9ff18cc9e873d7766aafc626ab78129b718d13337fb21dec56884c9020e7b,157,2222.7543499999992,True,252,0.38889769,,0.3888978711744971,0.2940727895070455,0.407470703125,157,68536,0.9140392811676179,4,-935.4248229381892
OGLE-GD-RRLYR-04829,RRab,GD,data/ogle_gd_500/photometry/OGLE-GD-RRLYR-04829.dat,d583111af057384915a1094a3085f2e5554900085e570a5d81f6abb52d817710,122,863.69013,True,101,0.43667126,,0.4366724192010608,0.048644094731460946,0.00244140625,122,26632,0.4558098616212103,4,-906.8837899815335
OGLE-GD-RRLYR-04830,RRab,GD,data/ogle_gd_500/photometry/OGLE-GD-RRLYR-04830.dat,6105d62049ecec60d11d6eaa7c27316351b5965f9579b9ecb1327818335eb661,117,950.6546800000006,True,290,0.60385337,,0.6038588885884174,0.015331654777691665,0.32470703125,117,29313,0.29854542073496404,4,-998.3593818596769
OGLE-GD-RRLYR-04853,RRab,GD,data/ogle_gd_500/photometry/OGLE-GD-RRLYR-04853.dat,81a63cfd9159613c29b56c22acefe7b9fc319baf0d0fbd6bda818c63be81ff04,117,949.710140000001,True,148,0.55939412,,0.5593950078108637,0.04549902825540072,0.903564453125,117,29284,0.28488404076628626,3,-880.6144831954178
OGLE-GD-RRLYR-04877,RRab,GD,data/ogle_gd_500/photometry/OGLE-GD-RRLYR-04877.dat,62cbd7523cc7443af82fe3cd392507f8406cd2c7a19f28a70ea5fc0b72c31384,154,2222.7533700000004,True,273,0.55742426,,0.5574244696072783,0.017086236094650417,0.606689453125,154,68536,0.33358751607185866,4,-1352.0214098824563
OGLE-GD-RRLYR-04975,RRab,GD,data/ogle_gd_500/photometry/OGLE-GD-RRLYR-04975.dat,82dbcb96ed91aedcd6062f612d71ec261a467b1f9e66d2357a30fb090de5e3f1,154,2222.7539700000007,True,95,0.65490005,,0.654898781873508,0.04266993458160779,0.581298828125,154,68536,0.6213560478035305,4,-1211.0773248432706
OGLE-GD-RRLYR-04983,RRc,GD,data/ogle_gd_500/photometry/OGLE-GD-RRLYR-04983.dat,544445b3b1dc416f06f53947e504a54e5b1ec2d4e3c1d9890dd28e97817a1431,100,859.6975600000005,True,369,0.36488879,,0.2671446922561472,0.23659929257698287,0.922607421875,100,26509,0.22877096246421758,1,-586.2350695944468
OGLE-GD-RRLYR-05018,RRc,GD,data/ogle_gd_500/photometry/OGLE-GD-RRLYR-05018.dat,e582f53d9af5dcba146029b2586d3f194fcc0c0a45f4c8e4c9a428892a8e736b,151,2222.7537599999996,True,73,0.35343293,,0.35343364975065056,0.4445366672797359,0.3671875,151,68536,0.4344739407919924,2,-849.9247095288799
OGLE-GD-RRLYR-05065,RRab,GD,data/ogle_gd_500/photometry/OGLE-GD-RRLYR-05065.dat,a2961d9f6eb3f4e6aded4bfb5ae1b19f6a5325e3504f75baafa8104a0fbddbd5,104,859.6976100000002,True,31,0.56218067,,0.562179818348742,0.022377483589335362,0.661865234375,104,26509,0.4547168126333041,4,-831.7415468670928
OGLE-GD-RRLYR-05124,RRab,GD,data/ogle_gd_500/photometry/OGLE-GD-RRLYR-05124.dat,11cbe56998d24023d0e053dad8d299055f381702f27bde52dd0add4ada3d385a,155,2267.8305200000004,True,260,0.68147648,,0.6814771222776982,0.04170717590308862,0.169677734375,155,69926,0.675482343136899,4,-1223.7443645044489
OGLE-GD-RRLYR-05139,RRab,GD,data/ogle_gd_500/photometry/OGLE-GD-RRLYR-05139.dat,3eaf3fef513ec85dcbd5118493f747817548ae2b02dc9ff6b07bb60d6631266f,43,2267.830680000001,True,331,0.63628033,,0.6362815529458061,0.009987059829399401,0.374755859375,43,69926,0.5925072627569232,4,-322.19760058136904
OGLE-GD-RRLYR-05143,RRab,GD,data/ogle_gd_500/photometry/OGLE-GD-RRLYR-05143.dat,5727aff21bf0a18ed7c28e56b1de36468fce1a056bdb3ab8f5d790066938cdfb,118,950.6552800000007,True,0,0.58652722,,0.5865240885146342,0.17149369111179869,0.20166015625,118,29313,0.5399141849611233,4,-723.2925777918949
OGLE-GD-RRLYR-05158,RRab,GD,data/ogle_gd_500/photometry/OGLE-GD-RRLYR-05158.dat,4033abf20ff5695f4778eba2442d9863db4d05d1b1b23045988e03f7a93141ae,83,918.7244699999992,True,374,0.58556265,,0.5855588620613202,0.04863578259121914,0.103271484375,83,28329,0.7830176997257396,4,-573.5172117584639
OGLE-GD-RRLYR-05180,RRab,GD,data/ogle_gd_500/photometry/OGLE-GD-RRLYR-05180.dat,f5d7465eda43a0008d834cce8ab987b17a84e327775acd2f23261b7ac89223f5,83,918.7244699999992,True,285,0.52571346,,0.5257237977844567,0.5322026555537308,0.531005859375,83,28329,0.3012136297891175,1,-401.43907526274455
OGLE-GD-RRLYR-05188,RRab,GD,data/ogle_gd_500/photometry/OGLE-GD-RRLYR-05188.dat,40f2f12aa6bf9d656aabc1b9297357275161eddc85b0e5325090471c1e503701,124,2267.8305200000004,True,309,0.74935755,,0.7493571380661102,0.038024651615090214,0.15576171875,124,69926,0.4137050120585499,3,-964.5732163666922
OGLE-GD-RRLYR-05219,RRc,GD,data/ogle_gd_500/photometry/OGLE-GD-RRLYR-05219.dat,83d40dde55e1227d703d5bca0d7b560fc47ab5658a3e532c8016bf580aeab349,82,918.7244,True,431,0.39205988,,0.39206139871112594,0.06923430478259802,0.4853515625,82,28329,0.2427180145975818,1,-562.6853233246044
OGLE-GD-RRLYR-05229,RRc,GD,data/ogle_gd_500/photometry/OGLE-GD-RRLYR-05229.dat,16e4f6684bd1b003fb21afdb23fe5cf942275b56baf5ef2cad430f4783fe0dfa,59,854.7272399999993,True,326,0.32053949,,0.32054287258650743,0.1562113295635663,0.48095703125,59,26356,0.251715541855722,1,-333.800744610407
OGLE-GD-RRLYR-05236,RRab,GD,data/ogle_gd_500/photometry/OGLE-GD-RRLYR-05236.dat,061d74e64a6b71e596f32b05e4a6a86f3de2b8eff47b8f79b5a9678d94e345cb,150,2313.808830000001,True,437,0.77370445,,0.7737027147547455,0.06439719104733732,0.75048828125,150,71344,0.35520580349345465,4,-1112.891730788545
OGLE-GD-RRLYR-05314,RRab,GD,data/ogle_gd_500/photometry/OGLE-GD-RRLYR-05314.dat,02cfe2a7775c4025466aa905cf7189efa79518534f41618ffe08a1eb86dd2acd,150,2313.80861,True,481,0.42375912,,0.4237612154376906,0.2477186393505509,0.995849609375,150,71344,0.7231151596470866,4,-910.808195516251
OGLE-GD-RRLYR-05322,RRc,GD,data/ogle_gd_500/photometry/OGLE-GD-RRLYR-05322.dat,0ed3090364271b338841ac8f8b251797b3a60a063c5e3d06cc3c6cc8e3c5d7e3,117,950.65935,True,150,0.31866613,,0.3186655139780923,0.005066305338505561,0.268798828125,117,29313,0.2322301214650917,4,-1127.9143955051918
OGLE-GD-RRLYR-05331,RRc,GD,data/ogle_gd_500/photometry/OGLE-GD-RRLYR-05331.dat,6fe6acb720d8d518151184df730ad7627e1d5eaf2934b6f1675fa7559e3d93f4,117,950.65935,True,199,0.31783513,,0.31783532509560236,0.0076039558145168116,0.506591796875,117,29313,0.23688479811633023,3,-1089.9300987206393
OGLE-GD-RRLYR-05339,RRc,GD,data/ogle_gd_500/photometry/OGLE-GD-RRLYR-05339.dat,b340131102b7ccfe49a6f16c2d6b43ff8b806f8ec20549068b011866ddb7456d,148,2267.818619999999,True,12,0.32120745,,0.321207718374028,0.0801797304940893,0.21630859375,148,69926,0.25347671564731655,1,-1093.0742783111345
OGLE-GD-RRLYR-05365,RRab,GD,data/ogle_gd_500/photometry/OGLE-GD-RRLYR-05365.dat,f239c4df44f8f7a16ce2750b81b445110b0467b7e98e1f9da73116a1eacc27cd,150,2313.808830000001,True,54,0.49084818,,0.4908503116640348,0.4985419692521884,0.25732421875,150,71344,0.5452677796258136,4,-805.8990664804514
OGLE-GD-RRLYR-05433,RRc,GD,data/ogle_gd_500/photometry/OGLE-GD-RRLYR-05433.dat,5620fa3358dad92aba2a1a30c57084414938258f02eabd2f13efd38fa0eeec87,65,912.74896,True,38,0.3415847,,0.3415851064211429,0.03259454469271586,0.23828125,65,28145,0.31733199658683375,2,-468.8235213700802
OGLE-GD-RRLYR-05438,RRab,GD,data/ogle_gd_500/photometry/OGLE-GD-RRLYR-05438.dat,85a26638555171537c4d624fdf44a2c8cabc1cba702a3867347489bb3fd14fbc,145,2313.80952,True,381,0.39287697,,0.3928770865986773,0.2204684213363729,0.313720703125,145,71344,0.9531008853204064,4,-891.0991724223499
OGLE-GD-RRLYR-05451,RRab,GD,data/ogle_gd_500/photometry/OGLE-GD-RRLYR-05451.dat,176b04557ec15fb1f8a602653337c619807247225ca6445445e3a603f9d33533,83,918.72498,True,27,0.70341162,,0.7034169966083366,0.009820418017534966,0.715576171875,83,28329,0.2837975050571586,3,-715.1462475169524
OGLE-GD-RRLYR-05469,RRc,GD,data/ogle_gd_500/photometry/OGLE-GD-RRLYR-05469.dat,4261c6a22300800011734b2c67eb1f79b85c61ef18cdb9d7c0c2c8b23160cab8,83,918.72498,True,383,0.24457106,,0.24457277018147802,0.06682613586170333,0.71142578125,83,28329,0.21684414697163845,1,-573.6582726381876
OGLE-GD-RRLYR-05509,RRab,GD,data/ogle_gd_500/photometry/OGLE-GD-RRLYR-05509.dat,898708a9e4d4a8128ac094a1a464b727afbd481527a85ba9bd21ecb6d19aeb43,139,2313.80793,True,329,0.47506935,,0.47507126776868086,0.4025335471142374,0.13671875,139,71344,0.6534841453942839,4,-763.0339179571911
OGLE-GD-RRLYR-05524,RRab,GD,data/ogle_gd_500/photometry/OGLE-GD-RRLYR-05524.dat,082eef659eaa6c0c505a2bb60197ae9b54fdfcd9cd94fecf4cdd612c363669a2,82,918.7249600000004,True,417,0.43954237,,0.43954465706818985,0.1234967578724581,0.22802734375,82,28329,0.9266871709245468,4,-488.7900965779189
OGLE-GD-RRLYR-05534,RRab,GD,data/ogle_gd_500/photometry/OGLE-GD-RRLYR-05534.dat,2c6eeccd33fffaa72402eb0f66e6c22de6c72720f9136f5d5400395c6fdf1990,149,2313.8083700000007,True,390,0.53451957,,0.534519105064379,0.014253376641456901,0.141357421875,149,71344,0.49834020152916914,4,-1328.9119915397068
OGLE-GD-RRLYR-05540,RRab,GD,data/ogle_gd_500/photometry/OGLE-GD-RRLYR-05540.dat,342082b090b5fd7e620ffb66117a35985455ea40d2e64df7f12ff5a53455087f,82,918.7251800000004,True,131,0.43547386,,0.435473201169551,0.01771483524824667,0.029052734375,82,28329,0.11791991037341099,3,-656.8321572460369
OGLE-GD-RRLYR-05580,RRab,GD,data/ogle_gd_500/photometry/OGLE-GD-RRLYR-05580.dat,4a0fd8e7bad55ae08750a684d4ec5a970cdddcb4feeeac22d3d451762ec688de,78,918.7251799999996,True,340,0.44930819,,0.4493040154799759,0.101404240502462,0.468017578125,78,28329,0.8808134434074937,4,-474.77014900847996
OGLE-GD-RRLYR-05589,RRab,GD,data/ogle_gd_500/photometry/OGLE-GD-RRLYR-05589.dat,ddb95128d6ca4f24997fbb05ca93746dd957829840f39c635e7c6b43dd72c527,148,2313.8089100000007,True,212,0.38062907,,0.38063031325280416,0.15486102007317426,0.344482421875,148,71344,0.87532190958866,4,-965.66892070825
OGLE-GD-RRLYR-05596,RRab,GD,data/ogle_gd_500/photometry/OGLE-GD-RRLYR-05596.dat,d4de3d31b53800a00a77b99a575ad28c62617284593f2a4c883f1ae9d73f6b99,147,2313.8087499999992,True,480,0.51821063,,0.518211283906211,0.2627626016142297,0.370849609375,147,71344,0.5987793228452851,4,-880.1553979443305
OGLE-GD-RRLYR-05607,RRab,GD,data/ogle_gd_500/photometry/OGLE-GD-RRLYR-05607.dat,e3eaac6bcae3e9018d152c44fad75dba2879bd66afe760bde728f38b1f518a26,78,918.7251799999996,True,313,0.48834769,,0.48834227846656725,0.05653389152080299,0.265869140625,78,28329,0.8186357894261818,4,-520.3435679327744
OGLE-GD-RRLYR-05640,RRab,GD,data/ogle_gd_500/photometry/OGLE-GD-RRLYR-05640.dat,948fa89e1b14ad5dfc652ede5cb920b64dc385b45794a0842d64c63df9abfb4d,78,2262.8319899999997,True,122,0.49845917,,0.49846386235391127,0.15977595640541398,0.822265625,78,69772,0.8286682048971521,4,-439.30685218083806
OGLE-GD-RRLYR-05698,RRab,GD,data/ogle_gd_500/photometry/OGLE-GD-RRLYR-05698.dat,7dd3b951c79c406e83db86a6a09bb2d3dc6da1a1ed0a53e7440e876ca72ed4f5,149,2313.8083700000007,True,487,0.66617746,,0.6661773668725329,0.09900380691116031,0.01611328125,149,71344,0.4668747694453863,4,-1040.125485941298
OGLE-GD-RRLYR-05717,RRab,GD,data/ogle_gd_500/photometry/OGLE-GD-RRLYR-05717.dat,c9adf598ac1d40a4e0875c5a74b17bca98d0df4bda0f14dfed38c6cce90302a3,51,918.7251799999996,True,463,0.48734369,,0.487342870796755,0.1442520953232047,0.616943359375,51,28329,0.8207210896476518,4,-259.9506861928571
OGLE-GD-RRLYR-05721,RRab,GD,data/ogle_gd_500/photometry/OGLE-GD-RRLYR-05721.dat,86344e9dd33ef40bf224613a56b334a613d23bb725de053138cc33ba231ff6d1,116,950.6594999999998,True,111,0.82656482,,0.8265676443593286,0.0037406612565283916,0.3115234375,116,29314,0.17423559668684518,4,-1152.1457339458607
OGLE-GD-RRLYR-05792,RRab,GD,data/ogle_gd_500/photometry/OGLE-GD-RRLYR-05792.dat,0a7f83d9872708ddd7e62279f85188956e121bbc015fff04b8e2376ff7d5ee3c,146,2313.8100299999996,True,391,0.81776745,,0.817769247757412,0.016483935405412972,0.4970703125,146,71344,0.21313292373993065,4,-1277.1543722362742
OGLE-GD-RRLYR-05807,RRab,GD,data/ogle_gd_500/photometry/OGLE-GD-RRLYR-05807.dat,e77195d076a50021605224edb7c9e5ff706a39c72e263c0e4d0b3ccdd87ee367,83,918.7254000000012,True,304,0.53554871,,0.5355525854292182,0.0675144815427076,0.2060546875,83,28329,0.8823862298411598,4,-546.2946568766478
OGLE-GD-RRLYR-05823,RRc,GD,data/ogle_gd_500/photometry/OGLE-GD-RRLYR-05823.dat,06501f66785df850ad5117fec594163904a352169cdc0784d9549e31d8d244f7,83,918.72537,True,215,0.28630389,,0.28630400410976503,0.02008944078081986,0.042724609375,83,28329,0.25840038003300236,2,-664.5782845083476
OGLE-GD-RRLYR-05874,RRab,GD,data/ogle_gd_500/photometry/OGLE-GD-RRLYR-05874.dat,b9afc612cb9a4ec87a881fe639a27864a36182d143f30ecdc3b446e0e010eb00,50,2313.80894,True,483,0.67483694,,0.6748376046979834,0.05794620538829392,0.87353515625,50,71344,0.5391292138441948,4,-298.8929298235784
OGLE-GD-RRLYR-05876,RRab,GD,data/ogle_gd_500/photometry/OGLE-GD-RRLYR-05876.dat,026d33d537f95a95a6bb84ee98acef929bc96da16577190fa6d4e8e763a7fbe8,142,2268.7384999999995,True,402,0.56281022,,0.5628099510814484,0.35454916778291784,0.437744140625,142,69954,0.8917264429652754,4,-801.4101426040579
OGLE-GD-RRLYR-05891,RRab,GD,data/ogle_gd_500/photometry/OGLE-GD-RRLYR-05891.dat,cb9a45b1e8e2189b0a2d99a879b037500caaa20c6f0e3d033a43bfa8abd90908,147,2313.8100299999996,True,229,0.77913062,,0.7791266811065408,0.03774984477773377,0.283447265625,147,71344,0.4761117531211454,4,-1165.3750299148064
OGLE-GD-RRLYR-05893,RRab,GD,data/ogle_gd_500/photometry/OGLE-GD-RRLYR-05893.dat,51e1e6d93a3dada2323df21ef5293170600d8baa190fc295b16cd510ec66c3e1,149,2313.8093099999996,True,123,0.66435433,,0.6643569089294343,0.10265440010953385,0.1640625,149,71344,0.6530924525360504,4,-1034.7302399452767
OGLE-GD-RRLYR-05941,RRab,GD,data/ogle_gd_500/photometry/OGLE-GD-RRLYR-05941.dat,8cef39fe3ac8a5100f4703711eb266c2eebf6e9b49375c3ef9518bd7cdb51abe,83,918.7254000000012,True,4,0.61010398,,0.6101060363316819,0.04762290673681626,0.710205078125,83,28329,0.6045084664360232,4,-575.2640005304708
OGLE-GD-RRLYR-05961,RRc,GD,data/ogle_gd_500/photometry/OGLE-GD-RRLYR-05961.dat,5177ad1698c137635f43c1e734e6602f644c5b933555443317f27fe4dafb7ad5,69,757.9805500000002,True,348,0.32469662,,0.3246968031837463,0.051768311334243984,0.140625,69,23373,0.2268351244287885,1,-479.52434043675595
OGLE-GD-RRLYR-06045,RRc,GD,data/ogle_gd_500/photometry/OGLE-GD-RRLYR-06045.dat,75da909271260f02808fa399956db9ea093c1252b188d37cdfbc076c287f0f01,83,918.7253800000008,True,262,0.30678818,,0.30678924349586806,0.07210270024543972,0.387939453125,83,28329,0.2971314261493774,1,-567.3505020878863
OGLE-GD-RRLYR-06076,RRab,GD,data/ogle_gd_500/photometry/OGLE-GD-RRLYR-06076.dat,610dae4c9572d62d872c4f091b1fa9b59b371c1718a56facf2838b2cf48cda07,117,950.6607699999996,True,20,0.53675085,,0.536750820919062,0.04192630951623425,0.0224609375,117,29314,0.6449346395959275,4,-880.6580942554474
OGLE-GD-RRLYR-06097,RRab,GD,data/ogle_gd_500/photometry/OGLE-GD-RRLYR-06097.dat,c9a1da26e80b56c5716c686b1f0ce8611965ec60efe67b00bbf7d3eb276c583a,150,2295.7856999999995,True,192,0.59703375,,0.597033223251843,0.04859964798884267,0.939697265625,150,70788,0.5129243123587202,4,-1155.1097898429532
OGLE-GD-RRLYR-06115,RRab,GD,data/ogle_gd_500/photometry/OGLE-GD-RRLYR-06115.dat,c8e87eace4056b57fdc8b52766b14064683aa4b202ab456ffbc65b2bf7f6b2b1,76,912.7492300000011,True,114,0.57113675,,0.5711513494803067,0.039081287556657615,0.103515625,76,28145,0.581671903455252,4,-532.2288748890554
OGLE-GD-RRLYR-06159,RRab,GD,data/ogle_gd_500/photometry/OGLE-GD-RRLYR-06159.dat,b734e61be417ce2b4b706ccd222858654fae86751defa2392fc06854bff08cbe,148,2313.809110000001,True,2,0.6196617,,0.619662877941671,0.1040392649632696,0.041748046875,148,71344,0.45523266037370647,4,-1024.5373554782414
OGLE-GD-RRLYR-06179,RRc,GD,data/ogle_gd_500/photometry/OGLE-GD-RRLYR-06179.dat,7764b37e82c98fd3a5f16195a31fb9e67f24996a36694b7e9c2bf27eb39fc650,152,2295.78633,True,360,0.31537151,,0.3153716954554138,0.012096705756503788,0.049072265625,152,70788,0.26524842017613537,4,-1384.4439954364063
OGLE-GD-RRLYR-06229,RRab,GD,data/ogle_gd_500/photometry/OGLE-GD-RRLYR-06229.dat,705c151fb0433f79225d5b6659605cd1bbf529dff99a2b5b8c571838eb25cb4f,82,918.7256199999993,True,170,0.44852678,,0.44852531918784316,0.15583816843664236,0.552734375,82,28329,0.6299003532502354,4,-469.7166355471845
OGLE-GD-RRLYR-06262,RRab,GD,data/ogle_gd_500/photometry/OGLE-GD-RRLYR-06262.dat,5060004d4136fe2ffb7138f88a4af31a1b9852d2f4eaace0d9e74100387aa46c,75,918.7255900000008,True,432,0.43177238,,0.4317737167291115,0.1658413072801337,0.327880859375,75,28329,0.8561560791976959,4,-415.39102198783223
OGLE-GD-RRLYR-06269,RRab,GD,data/ogle_gd_500/photometry/OGLE-GD-RRLYR-06269.dat,651b5878cfe4604f7c214bb73278042885ffa65f65f67de60e1c559cfdbdd2d0,83,918.7256199999993,True,345,0.57438798,,0.5743899914996612,0.06520235407037334,0.16064453125,83,28329,0.42363981614614943,4,-549.1869199113332
OGLE-GD-RRLYR-06312,RRab,GD,data/ogle_gd_500/photometry/OGLE-GD-RRLYR-06312.dat,91fa42df2c8a3ecf66d123eda903622130da77a6bf91cd28b59ab7a5452812eb,152,2295.78586,True,47,0.63769439,,0.6376938745230112,0.030339044508590936,0.7529296875,152,70788,0.19055688141403593,3,-1254.7274043515122
OGLE-GD-RRLYR-06313,RRab,GD,data/ogle_gd_500/photometry/OGLE-GD-RRLYR-06313.dat,ca8877bce9e73768b179aaf011151135e13ff6bca60cf8966d4ae1e9ca08f446,114,950.6607799999992,True,278,0.4280477,,0.4280511346528221,0.11682389150666109,0.569091796875,114,29314,0.8312570822701879,4,-737.3326340316058
OGLE-GD-RRLYR-06378,RRab,GD,data/ogle_gd_500/photometry/OGLE-GD-RRLYR-06378.dat,53d6dab06b22502cf43d64d6373b00315473b180b1d9204f20511df0a18248e8,75,918.7257999999993,True,280,0.89621335,,0.896224769584526,0.010995148206709656,0.92041015625,75,28329,0.40592313856578244,4,-618.9093155500094
OGLE-GD-RRLYR-06412,RRab,GD,data/ogle_gd_500/photometry/OGLE-GD-RRLYR-06412.dat,a0621bd76fa8432ca514280e7cdcdcdb17bc2567ab0332bacd922d2fc6e9b985,77,2295.7854000000007,True,486,0.756421,,0.756421558011615,0.009861792414246832,0.769287109375,77,70788,0.3200436440955645,4,-646.7046884791529
OGLE-GD-RRLYR-06421,RRab,GD,data/ogle_gd_500/photometry/OGLE-GD-RRLYR-06421.dat,da33034fff3fb15abf1162704980f7639c3e0bcdacf5e1f60cb21f4b6ad77f92,150,2295.786839999999,True,164,0.58211855,,0.5821209691164618,0.07832789117585863,0.576416015625,150,70788,0.730982013554037,4,-1083.5166707140181
OGLE-GD-RRLYR-06428,RRab,GD,data/ogle_gd_500/photometry/OGLE-GD-RRLYR-06428.dat,3c8552ea8308b2d198be5442971176d3e13301979243cca6749a04298ca0a229,79,918.7257600000004,True,203,0.41381552,,0.4138128060275201,0.04138533750423776,0.22119140625,79,28329,0.7144504388826096,4,-553.0933633885346
OGLE-GD-RRLYR-06429,RRab,GD,data/ogle_gd_500/photometry/OGLE-GD-RRLYR-06429.dat,e1f97bad4f58f20bc41fdb80c479df3ec2d2f9289728102cc158ba4162331787,79,918.7257999999993,True,407,0.49200159,,0.49200430661047123,0.1170641194760079,0.1181640625,79,28329,0.8126761513564809,4,-470.94954552270417
OGLE-GD-RRLYR-06431,RRab,GD,data/ogle_gd_500/photometry/OGLE-GD-RRLYR-06431.dat,01d351044ebd9f46e5cfbd1b035ab7d359d8313bc29c38bcb241c6a4293ebbd8,147,2295.7854000000007,True,376,0.70653395,,0.7065337132678956,0.07810765219645605,0.342529296875,147,70788,0.7052459781432283,4,-1058.4903497664982
OGLE-GD-RRLYR-06445,RRc,GD,data/ogle_gd_500/photometry/OGLE-GD-RRLYR-06445.dat,211a3283b81f866af2dc1d0994c1f9d8a4d67088c2b76f436344dae601797209,150,2295.78485,True,362,0.37011082,,0.37011060511448596,0.09177462061215994,0.731201171875,150,70788,0.37922220994590816,3,-1069.7731342864754
OGLE-GD-RRLYR-06473,RRab,GD,data/ogle_gd_500/photometry/OGLE-GD-RRLYR-06473.dat,80ba53ac156270f78f138786ae4a032eaa6d9bb034aa936bb4a4ed7111f99fc2,145,2295.7854000000007,True,275,0.5612728,,0.561271653910211,0.3149676392690662,0.500732421875,145,70788,0.6280029662760498,4,-839.3754350241627
OGLE-GD-RRLYR-06492,RRab,GD,data/ogle_gd_500/photometry/OGLE-GD-RRLYR-06492.dat,b95be0e2b7112e4d6ec77268015e44eeaf7a70b047b28783b3b6140ef6148205,79,918.7257600000004,True,490,0.61318146,,0.6131750295357246,0.04590427842598599,0.4814453125,79,28329,0.6927866019712106,4,-544.9064612150181
OGLE-GD-RRLYR-06541,RRab,GD,data/ogle_gd_500/photometry/OGLE-GD-RRLYR-06541.dat,ce7e2534240411eea367e24dd7bd2dca49c7c8b2a068becb2a0f90f96f72db08,78,918.7257999999993,True,356,0.533473,,0.5334578952810979,0.06824290838143461,0.507080078125,78,28329,0.5451912298329624,4,-505.66137724645046
OGLE-GD-RRLYR-06543,RRab,GD,data/ogle_gd_500/photometry/OGLE-GD-RRLYR-06543.dat,91dbaa50c2598c907e65eb9c15936fe05e52997c01736244b0e9e1b85b7247e5,150,2295.7863399999997,True,460,0.47185399,,0.471854487083496,0.059982955794589156,0.462646484375,150,70788,0.5543334484887552,4,-1123.543165254341
OGLE-GD-RRLYR-06561,RRab,GD,data/ogle_gd_500/photometry/OGLE-GD-RRLYR-06561.dat,efc2a757919989e88794d14d02a2082760488945dd2858e8e6d763055c2a536e,146,2295.78615,True,70,0.40323582,,0.4032356139095973,0.02866517131308031,0.1982421875,146,70788,0.5541823114111768,4,-1196.373076245491
OGLE-GD-RRLYR-06584,RRab,GD,data/ogle_gd_500/photometry/OGLE-GD-RRLYR-06584.dat,6ed04f7324e7d88524d6c93e70a75789617be6e015c73c51c0e6a244dfa6bd1d,147,2295.78553,True,354,0.54177601,,0.5417764642698158,0.27932929846523913,0.56103515625,147,70788,0.5871063305563737,4,-871.1677594391144
OGLE-GD-RRLYR-06600,RRab,GD,data/ogle_gd_500/photometry/OGLE-GD-RRLYR-06600.dat,71b6927d15862b0ba4a9c349d481e48aa5581f7508f9adc23053974c728f6fee,147,2295.7863399999997,True,335,0.48320214,,0.4832030047599437,0.059985637226205715,0.098876953125,147,70788,0.6990290142507298,4,-1097.2958327606198
OGLE-GD-RRLYR-06630,RRab,GD,data/ogle_gd_500/photometry/OGLE-GD-RRLYR-06630.dat,559f9e238d8a3cd329661ece19dd5c5885cb1055558aa012d2c5b864f7926c1e,115,948.7099200000002,True,163,0.63460282,,0.6346052742903316,0.01870769146082942,0.556396484375,115,29253,0.6414869564090662,4,-955.7822346144214
OGLE-GD-RRLYR-06650,RRab,GD,data/ogle_gd_500/photometry/OGLE-GD-RRLYR-06650.dat,af21eb567fb5dc8b10f91ab7e19076f50cd3493c5d1288a69703d6c66f5205ec,77,918.7257600000004,True,447,0.50680717,,0.5068054450104874,0.02672417181146571,0.452392578125,77,28329,0.450174058328372,4,-569.9433477752754
OGLE-GD-RRLYR-06654,RRab,GD,data/ogle_gd_500/photometry/OGLE-GD-RRLYR-06654.dat,ba379685d450cb496ecfe1788c8feb6826a89dd94d75d6c0eb2e598e0e5314db,112,948.7100099999998,True,19,0.45485715,,0.4548536505895773,0.17722631007402323,0.288330078125,112,29253,0.5140496522918845,4,-675.0835956852065
OGLE-GD-RRLYR-06661,RRab,GD,data/ogle_gd_500/photometry/OGLE-GD-RRLYR-06661.dat,45707f5f0be300e29f0c2b6f097e0165848539eb27c4cdbc7db68d142dd2c6df,77,918.7257999999993,True,394,0.53636192,,0.5363621861431753,0.1443722654059084,0.862060546875,77,28329,0.5521266495005968,4,-440.0576939515595
OGLE-GD-RRLYR-06821,RRab,GD,data/ogle_gd_500/photometry/OGLE-GD-RRLYR-06821.dat,16f58c29d937396d8f495a15a72227ed69462231c71d26c9ee16f2fbb3805823,145,2295.7841899999994,True,355,0.51231393,,0.5123159894782032,0.3493796730157098,0.510009765625,145,70788,0.5344987706201003,4,-824.3404838983862
OGLE-GD-RRLYR-06841,RRab,GD,data/ogle_gd_500/photometry/OGLE-GD-RRLYR-06841.dat,b596076e4b5c7b741a704dc757a5e3ae56582c2ae9df6e3f96593defaed4bda3,113,948.7099200000002,True,98,0.5494401,,0.5494377581988823,0.18091137279598016,0.739990234375,113,29253,0.45086644127951203,3,-689.5772473034891
OGLE-GD-RRLYR-06851,RRab,GD,data/ogle_gd_500/photometry/OGLE-GD-RRLYR-06851.dat,6f208ea8c9a1c8cb8866c805506758fad3e659c436ef3d41d94c8d24c59f6223,34,2055.11708,True,363,0.55204444,,0.5520441333955078,0.017625924817369243,0.417724609375,34,63368,0.6596005394950168,4,-221.9377242223876
OGLE-GD-RRLYR-06855,RRab,GD,data/ogle_gd_500/photometry/OGLE-GD-RRLYR-06855.dat,148938e98acaf88f9d01b75011688ddd224e1e485ba34ac8568c628957d6f4eb,71,918.7259599999988,True,334,0.47513419,,0.47513474095093666,0.05399465113160828,0.28955078125,71,28329,0.6967398141872163,4,-467.2632631209244
OGLE-GD-RRLYR-06860,RRab,GD,data/ogle_gd_500/photometry/OGLE-GD-RRLYR-06860.dat,23561ffcb16780a05ba780d7f4e2eebc34044c7ee44bf3465f296d7c5dc0adb4,79,918.7259599999988,True,200,0.55982196,,0.5598136528922908,0.03832021763102157,0.138916015625,79,28329,0.7608582307550211,4,-559.1723359007709
OGLE-GD-RRLYR-06862,RRab,GD,data/ogle_gd_500/photometry/OGLE-GD-RRLYR-06862.dat,4ec0134c8a576405e1e7bdd0b376f8fda76ded12e09f4bb3b0eadf921414ca7c,143,2266.7894699999997,True,209,0.64283617,,0.6428363819130818,0.03373603014424352,0.963623046875,143,69894,0.5582132598738738,4,-1144.7123440922621
OGLE-GD-RRLYR-06918,RRc,GD,data/ogle_gd_500/photometry/OGLE-GD-RRLYR-06918.dat,ea471aeac5fa616a354f7167d31930c940d4ec6ab2b667f0deda4b291e7140fd,143,2266.7894699999997,True,293,0.26006692,,0.260068278101917,0.0995941393076836,0.262939453125,143,69894,0.1946614311315642,1,-1019.6866336594999
OGLE-GD-RRLYR-06920,RRab,GD,data/ogle_gd_500/photometry/OGLE-GD-RRLYR-06920.dat,9225dcca8be37017016f0ccf57e266c392fc891890ed642b7e66d3ddfec822fc,143,2266.7894699999997,True,261,0.70446739,,0.7044666856274204,0.04123446755167259,0.40625,143,69894,0.6083894992811842,4,-1116.0110875524545
OGLE-GD-RRLYR-06942,RRab,GD,data/ogle_gd_500/photometry/OGLE-GD-RRLYR-06942.dat,a903d8317f306b2d1432de20ac96924b1e12a59dc9dea58c6f34712cc1439a7c,77,918.72595,True,13,0.36320963,,0.36320864033738204,0.07268711225697348,0.95849609375,77,28329,0.7869647272325757,4,-492.8974843629998
OGLE-GD-RRLYR-06995,RRab,GD,data/ogle_gd_500/photometry/OGLE-GD-RRLYR-06995.dat,353b7b80792a477f13a5f30337642c6abdf0eafe7ce02e609f5add95de9c3aa2,77,918.7259599999988,True,133,0.4933127,,0.49331565378305914,0.16808673921456216,0.61376953125,77,28329,0.830590880330984,4,-428.34714811787006
OGLE-GD-RRLYR-07035,RRc,GD,data/ogle_gd_500/photometry/OGLE-GD-RRLYR-07035.dat,7989f3eccd9640cebc7c3b99682fdf5cbb06fb9f0f654e19a7718de7da87d05c,76,918.72595,True,438,0.32984187,,0.3298420139737664,0.032203127791718716,0.12646484375,76,28329,0.25169785051364,3,-555.602435941263
OGLE-GD-RRLYR-07044,RRab,GD,data/ogle_gd_500/photometry/OGLE-GD-RRLYR-07044.dat,9fdb0b9ea1db9f85385bbf4b8d92b21a1e3a35c472ed644ba215801752f159ec,88,941.7162000000008,True,97,0.61244013,,0.6124440519246481,0.048422248715934466,0.627197265625,88,29038,0.6443242680346568,4,-615.6783095561236
OGLE-GD-RRLYR-07047,RRab,GD,data/ogle_gd_500/photometry/OGLE-GD-RRLYR-07047.dat,aa77269f9d93bf8de3dd29b5d0d230e60a5a36c90af2c75279d706f8f74f60bf,64,861.9339099999997,True,256,0.45771304,,0.45771315244721505,0.036057417914503516,0.737548828125,64,26578,0.8281180470899372,4,-437.22881731907205
OGLE-GD-RRLYR-07067,RRab,GD,data/ogle_gd_500/photometry/OGLE-GD-RRLYR-07067.dat,70d9608a8c31d0206340f0188f30a089150912f1f8f41d1d387470663a3f3b01,137,2266.7059500000005,True,191,0.553127,,0.5531167661028961,0.1399344992220854,0.55126953125,137,69892,0.4866874071675795,4,-894.2591510920871
OGLE-GD-RRLYR-07109,RRab,GD,data/ogle_gd_500/photometry/OGLE-GD-RRLYR-07109.dat,e6b7bd22a4ca0db1608d7f8c52bf2380ffc5e2117ebbd244a6f84198edbf7b47,136,2266.70576,True,118,0.43375935,,0.43375826990047206,0.09957993875926348,0.7587890625,136,69892,0.7056359717350169,4,-932.7185747779141
OGLE-GD-RRLYR-07112,RRab,GD,data/ogle_gd_500/photometry/OGLE-GD-RRLYR-07112.dat,b0c5017cb318fdb7543e2ab8e0345ab94b68597e85c0c9c5e78572532c22a41a,136,2266.70576,True,472,0.70503191,,0.7050316488145508,0.01506538121271272,0.3857421875,136,69892,0.15239725640883783,3,-1199.3882144723448
OGLE-GD-RRLYR-07114,RRab,GD,data/ogle_gd_500/photometry/OGLE-GD-RRLYR-07114.dat,2009acaac176e6418dba35e2ab7bf70db790687f50165e297f7253d508a6b9b8,78,918.7261700000008,True,89,0.43789642,,0.4379009467505791,0.1081751468896335,0.689697265625,78,28329,0.8611564816184725,4,-469.7284837435815
OGLE-GD-RRLYR-07129,RRab,GD,data/ogle_gd_500/photometry/OGLE-GD-RRLYR-07129.dat,8a07081079b8f0d280d45e03bd2ed3dd5c9c578b7ed7b12746b584b8a6fd9ee1,76,918.7261700000008,True,489,0.59092428,,0.5909314657219078,0.031139198147244744,0.666748046875,76,28329,0.6322267653424944,4,-549.4942780344137
OGLE-GD-RRLYR-07160,RRab,GD,data/ogle_gd_500/photometry/OGLE-GD-RRLYR-07160.dat,6d136629d00565b8f2627b0929dfcdf5adc1371840612bcbf4e4134ea3c29af7,105,948.6441100000002,True,338,0.5976875,,0.5976891252747147,0.029642487603413908,0.344970703125,105,29251,0.6103321832768192,4,-811.5736215226669
OGLE-GD-RRLYR-07168,RRab,GD,data/ogle_gd_500/photometry/OGLE-GD-RRLYR-07168.dat,c904efb84e4903a3ea4455d4dbaf432451f7de6bf37f53033b7e990097b697c3,135,2266.70576,True,112,0.40528295,,0.4052850080788444,0.22173084665793386,0.632568359375,135,69892,0.9306651122305496,4,-816.5086370441167
OGLE-GD-RRLYR-07200,RRab,GD,data/ogle_gd_500/photometry/OGLE-GD-RRLYR-07200.dat,717a5205b1769a7065d201b3bca1e398f359733ff8a7d2922b65063a11fed88b,136,2266.70576,True,14,0.51413916,,0.5141358933955894,0.14199827368383522,0.134765625,136,69892,0.7609021069282811,4,-884.4584070938203
OGLE-GD-RRLYR-07222,RRab,GD,data/ogle_gd_500/photometry/OGLE-GD-RRLYR-07222.dat,2def04b0d80cb09a566d12af48b16386e6e56b2c5cba56a461162638d86f9485,146,2295.7851199999996,True,167,0.58794533,,0.587932888240532,0.11930066079473796,0.330810546875,146,70788,0.4157153507135938,4,-988.1823285525442
OGLE-GD-RRLYR-07224,RRab,GD,data/ogle_gd_500/photometry/OGLE-GD-RRLYR-07224.dat,7b34efa24687ff1ed99d052c396ae50a9c54628d494baa7913ec5672828a224d,147,2295.78547,True,464,0.56342708,,0.5634283883565889,0.05881793055651567,0.971923828125,147,70788,0.5977589904551444,4,-1100.1856181701214
OGLE-GD-RRLYR-07243,RRc,GD,data/ogle_gd_500/photometry/OGLE-GD-RRLYR-07243.dat,db3b7649ccf8b6ba1219a23ba78799d930fb2686c40005b83008fde51352ba58,127,2266.70576,True,296,0.29224483,,0.2922447749776281,0.05613562382075157,0.136474609375,127,69892,0.24798569947456883,3,-942.2163153964572
OGLE-GD-RRLYR-07263,RRab,GD,data/ogle_gd_500/photometry/OGLE-GD-RRLYR-07263.dat,42d59d7d7c21a540294bba4a60309097b33054ea7f97986a109ff6f6a25f7222,55,855.9577300000001,True,347,0.57531622,,0.5753263404264829,0.030392418967090218,0.132568359375,55,26394,0.7295258082419416,4,-372.475907611816
OGLE-GD-RRLYR-07270,RRab,GD,data/ogle_gd_500/photometry/OGLE-GD-RRLYR-07270.dat,102d9a7a4cf7e9f2aad8a4439a20517b1301f67a685fe5ef7fd52daeae72b5a0,136,2266.70576,True,1,0.48645809,,0.4864571488419552,0.10808440407617625,0.491943359375,136,69892,0.7512575014970864,4,-921.5731415518651
OGLE-GD-RRLYR-07287,RRab,GD,data/ogle_gd_500/photometry/OGLE-GD-RRLYR-07287.dat,8900789968e2e38640414ff8cf9ec155ef178151173f64b33f2f90e7b835458b,142,2295.7836199999992,True,435,0.48064348,,0.4806411258417433,0.15923081796157323,0.045166015625,142,70788,0.7982440168181384,4,-915.0800346720189
OGLE-GD-RRLYR-07289,RRab,GD,data/ogle_gd_500/photometry/OGLE-GD-RRLYR-07289.dat,cdc592fde95321d01244a7dc892f83a5e9893a626799538d50b9764c7964a1c6,136,2266.7059500000005,True,396,0.51883073,,0.5188301015548257,0.14308501427940193,0.874267578125,136,69892,0.8800891782726943,4,-883.4215351118929
OGLE-GD-RRLYR-07292,RRab,GD,data/ogle_gd_500/photometry/OGLE-GD-RRLYR-07292.dat,b097ca6273f829141f066ead6638bd939a6c5b188ab59ab59130df6e0ee43dd3,76,918.7261200000004,True,91,0.57202089,,0.5720224537870647,0.008483915115823885,0.07763671875,76,28329,0.46521527928273976,4,-648.3167272716905
OGLE-GD-RRLYR-07328,RRab,GD,data/ogle_gd_500/photometry/OGLE-GD-RRLYR-07328.dat,0f23fcd1a255e64b5c661a0a3622e7b34aed8558b2e9ce9bcbec90d36ecb23bf,77,918.7261200000004,True,25,0.53761868,,0.5376201502943042,0.03832154424598985,0.1923828125,77,28329,0.6363395977414736,4,-542.1891764199283
OGLE-GD-RRLYR-07339,RRab,GD,data/ogle_gd_500/photometry/OGLE-GD-RRLYR-07339.dat,7250eb7bf1a95832498be645996d5ed7c7d74df2231ae02b24a360b61582e5fb,135,2266.70576,True,171,0.58832545,,0.5883277627739104,0.0702538783068171,0.69384765625,135,69892,0.5415205622512289,4,-971.6707155902884
OGLE-GD-RRLYR-07356,RRab,GD,data/ogle_gd_500/photometry/OGLE-GD-RRLYR-07356.dat,8fddaa041a849835a547cc1b2b5899fb136be01cf76087f2535717f6ef147ac4,77,864.9900900000002,True,68,0.51740138,,0.5173971339216582,0.06891365734470759,0.2373046875,77,26672,0.661842996715194,4,-497.00233262567343
OGLE-GD-RRLYR-07380,RRc,GD,data/ogle_gd_500/photometry/OGLE-GD-RRLYR-07380.dat,dfc829c014f9b2fd817532ee4e6d0c89353e8e90d3c822934d37471493a68597,137,2266.7059500000005,True,65,0.34613734,,0.34613741145802013,0.067244500875527,0.06884765625,137,69892,0.24200813821381573,2,-1014.3380461074295
OGLE-GD-RRLYR-07397,RRab,GD,data/ogle_gd_500/photometry/OGLE-GD-RRLYR-07397.dat,38bf96b6900eb59756778c131e1942f31cab96a5d9891d32c39097ebeffb9858,136,2266.70576,True,100,0.4680556,,0.46805618123878234,0.1340250759835673,0.75927734375,136,69892,0.7529703337234004,4,-892.3175728800197
OGLE-GD-RRLYR-07443,RRc,GD,data/ogle_gd_500/photometry/OGLE-GD-RRLYR-07443.dat,1abb1d336ff567212ac5bf960d781d530e0f6f1007b3e4339537b39eff2de7f8,75,918.7261700000008,True,157,0.32804271,,0.3280454990518638,0.03741373786245808,0.310546875,75,28329,0.3224012860091321,2,-544.3354787951882
OGLE-GD-RRLYR-07469,RRab,GD,data/ogle_gd_500/photometry/OGLE-GD-RRLYR-07469.dat,6c602c3e704081fc9f2c78eb00ce3ba6a84084b2781132a8498ed920a75a63e4,134,2266.7059500000005,True,342,0.45838921,,0.4583905788974251,0.2555529040064311,0.28466796875,134,69892,0.9251762448898759,4,-790.1517964248945
OGLE-GD-RRLYR-07492,RRab,GD,data/ogle_gd_500/photometry/OGLE-GD-RRLYR-07492.dat,1d488f4dc5165b395bcbb674f07dabf6315543c2df50d3e0ac2735fada8d4d17,98,2266.7053300000007,True,64,0.47778914,,0.47779054228859863,0.04033720716047773,0.528076171875,98,69892,0.6190739186149656,4,-718.1042742967275
OGLE-GD-RRLYR-07586,RRab,GD,data/ogle_gd_500/photometry/OGLE-GD-RRLYR-07586.dat,ff13fa75ae0cc2c9cf299526f300e93828cdaced8a35ca4f70543ccc96862f93,94,2266.7057999999997,True,429,0.43894905,,0.43894404116178287,0.3765952271633448,0.286865234375,94,69892,0.5962652363666301,3,-482.5222788902635
OGLE-GD-RRLYR-07589,RRab,GD,data/ogle_gd_500/photometry/OGLE-GD-RRLYR-07589.dat,b530402db6aa1330b87c33c368ebf954288e3956e16bc6493d324786b33c9abd,133,2266.70543,True,82,0.73630874,,0.7363051173098331,0.03703196938983098,0.729248046875,133,69892,0.48886278359313096,4,-1039.8774451160605
OGLE-GD-RRLYR-07622,RRc,GD,data/ogle_gd_500/photometry/OGLE-GD-RRLYR-07622.dat,20b93f504edc8142c14531f7e447b530a803a5b36cb6181a1de41f63d5142e92,104,948.64426,True,470,0.32301623,,0.32301640193913644,0.03397489086272635,0.032470703125,104,29251,0.2601580079954573,1,-816.1809771622521
OGLE-GD-RRLYR-07623,RRab,GD,data/ogle_gd_500/photometry/OGLE-GD-RRLYR-07623.dat,9a2347753bcf4dbd089f8168597af2e3d17d71f95ccd27a09f24f01bbc76477c,127,2266.7053300000007,True,461,0.45760253,,0.4576014746947456,0.20075697245505053,0.078369140625,127,69892,0.26242321958599035,4,-770.6887338461454
OGLE-GD-RRLYR-07628,RRab,GD,data/ogle_gd_500/photometry/OGLE-GD-RRLYR-07628.dat,914e6a9074cb3fa9ab2a846de57f196ced031eeced70c0c9fc2d50e1be8484df,101,948.64426,True,416,0.73311439,,0.7331156672541742,0.025139768825897104,0.73291015625,101,29251,0.5597264135914166,4,-791.9896984370664
OGLE-GD-RRLYR-07652,RRc,GD,data/ogle_gd_500/photometry/OGLE-GD-RRLYR-07652.dat,72f811b873966726b5b5088339ebf0bb2373e8e303eab6b45a17f39ea06460cb,79,918.7263599999995,True,230,0.23235082,,0.23235193132098203,0.09336801892163052,0.7958984375,79,28329,0.2914021951037,2,-506.2949990051266
OGLE-GD-RRLYR-07676,RRab,GD,data/ogle_gd_500/photometry/OGLE-GD-RRLYR-07676.dat,597ce161800b5ae008ef2ee50b8340fa58e40a4f68c19fddd7e275ecbeda41eb,127,2266.7053300000007,True,223,0.61030921,,0.6103072912469522,0.028456287528914898,0.927734375,127,69892,0.32422047831997247,4,-1018.8119289024502
OGLE-GD-RRLYR-07692,RRab,GD,data/ogle_gd_500/photometry/OGLE-GD-RRLYR-07692.dat,404b56e0bc71c827dd09606189545cf6b88a0621340acfd2fd18a60847e3d7bc,127,2266.7053300000007,True,254,0.57477102,,0.574769154531446,0.1328670949194316,0.158447265625,127,69892,0.48786800178302414,4,-823.1074430765412
OGLE-GD-RRLYR-07694,RRab,GD,data/ogle_gd_500/photometry/OGLE-GD-RRLYR-07694.dat,d2063e2701d9c3e82e9ee1b6ed7106e0f461dd63904a008e0c2afc9acbbe4ea2,125,2266.7053300000007,True,368,0.48260689,,0.4826078819120641,0.5791095097726161,0.54345703125,125,69892,0.8046124746804857,4,-623.5390401952253
OGLE-GD-RRLYR-07703,RRab,GD,data/ogle_gd_500/photometry/OGLE-GD-RRLYR-07703.dat,2a4a97fe094a490fab8cae40d3483adfa05dd4b155296722f64831bb09ebc158,118,2266.7053300000007,True,382,0.68773099,,0.6877382506168541,0.33576634887735596,0.790283203125,118,69892,0.398026342754207,3,-653.5533993282025
OGLE-GD-RRLYR-07738,RRab,GD,data/ogle_gd_500/photometry/OGLE-GD-RRLYR-07738.dat,89a987484883a58389cee9446cca1a0d7d2bc19e6dc732b835266e0a5c25ec6b,139,2266.70623,True,344,0.52998822,,0.5299885997069113,0.06413777443169608,0.951171875,139,69892,0.6211403861617093,4,-1018.3414653388362
OGLE-GD-RRLYR-07745,RRab,GD,data/ogle_gd_500/photometry/OGLE-GD-RRLYR-07745.dat,9807e153373ee4795c1201978d9ca67e3d0b74a1ad2d2e1bdba95f25220c48a9,95,2266.7053300000007,True,399,0.49392478,,0.49392676624128173,0.13475235955121465,0.1015625,95,69892,0.797910036874228,4,-577.4896088684536
OGLE-GD-RRLYR-07779,RRab,GD,data/ogle_gd_500/photometry/OGLE-GD-RRLYR-07779.dat,ec89b4584fc271f6684d26b5843c9561c41378d1f27cefe213514e6f36757449,135,2266.70543,True,141,0.47939148,,0.47939137479048394,0.0877267136060558,0.9716796875,135,69892,0.6251687071670027,4,-941.6857385264848
OGLE-GD-RRLYR-07866,RRab,GD,data/ogle_gd_500/photometry/OGLE-GD-RRLYR-07866.dat,465ee4b83186591ca71464d92f5bf34018badc83aa19e37193b957aae8297a9e,79,948.645559999999,True,210,0.52391412,,0.5239101686159294,0.0529078822442055,0.987548828125,79,29251,0.7655693501620746,4,-533.6889347510676
OGLE-GD-RRLYR-07870,RRab,GD,data/ogle_gd_500/photometry/OGLE-GD-RRLYR-07870.dat,7e4646d5e199479290c114a1f9eacce0d37b8c9bd6e91c88a35230fd2d52861f,105,948.6454600000006,True,300,0.61057924,,0.6105780269592527,0.037039103680360244,0.287841796875,105,29251,0.6155511311166375,4,-788.1832454250543
OGLE-GD-RRLYR-07895,RRab,GD,data/ogle_gd_500/photometry/OGLE-GD-RRLYR-07895.dat,593ea448e565accde1de9c10e645d6a23784b8be68f2c1af4029d49b9575ad63,105,948.6455700000006,True,403,0.63494087,,0.6349499875606268,0.11523057004315748,0.599853515625,105,29251,0.58832403845663,4,-669.0123543663353
OGLE-GD-RRLYR-07936,RRab,GD,data/ogle_gd_500/photometry/OGLE-GD-RRLYR-07936.dat,a7f404e2ee5b3b03cc4a3c2e35d69d7a78e9d53ea81a3eb54f5e33d89ba83fa3,33,838.7273799999994,True,241,0.51297954,,0.5129828778785332,0.016710913436973927,0.649658203125,33,25862,0.5622385454361449,3,-222.43856707130516
OGLE-GD-RRLYR-07938,RRab,GD,data/ogle_gd_500/photometry/OGLE-GD-RRLYR-07938.dat,29358fa34b4530308f6e2876bcfc0ff0ec3c58b96698d68ddfa907400d85eede,125,2266.7054199999993,True,208,0.5503296,,0.5503309681275783,0.14127169607355433,0.97607421875,125,69892,0.48301441183822647,4,-799.8898698185396
OGLE-GD-RRLYR-07955,RRab,GD,data/ogle_gd_500/photometry/OGLE-GD-RRLYR-07955.dat,e0eeed35a2ab436cdc6a7e430cb49c18852097f5732998cf5be611a0e8a8265e,106,948.6467000000002,True,117,0.5797073,,0.579708712323944,0.12277853531903436,0.83935546875,106,29251,0.7697795602402877,4,-670.0116987055812
OGLE-GD-RRLYR-07964,RRab,GD,data/ogle_gd_500/photometry/OGLE-GD-RRLYR-07964.dat,ae8fc830167bd0f050d51ab759155fdce8fa24f5df84eab876c3e83888d12bf3,120,2266.7054199999993,True,319,0.67044304,,0.6704346464678637,0.4296832132670835,0.13916015625,120,69892,0.5081396987683924,3,-637.5639218076111
OGLE-GD-RRLYR-08011,RRab,GD,data/ogle_gd_500/photometry/OGLE-GD-RRLYR-08011.dat,cd49b490a42e7b29ae31062b7d63c06647b88f68199d485aac0f89214b4baba0,105,948.64674,True,152,0.79812521,,0.7981506815308046,0.03092579415507566,0.87451171875,105,29251,0.3579918212757427,3,-816.4314454701253
OGLE-GD-RRLYR-08031,RRab,GD,data/ogle_gd_500/photometry/OGLE-GD-RRLYR-08031.dat,002eb8404c7b3c2a1d1f1375e369d89fb4cc0fd7c9bc0650dc4d5e48c3a732fb,104,948.6467100000008,True,359,0.57358842,,0.5735863445174049,0.029237868576325494,0.255615234375,104,29251,0.6117956391315396,4,-803.9309607691428
OGLE-GD-RRLYR-08033,RRab,GD,data/ogle_gd_500/photometry/OGLE-GD-RRLYR-08033.dat,aeea5a50dce52dc6b7b4a1ea2883cba8ac62d2e19e5d40f867b0f41489ead0a3,106,948.6467000000002,True,499,0.57378539,,0.5737859170626688,0.03392041112509517,0.344482421875,106,29251,0.5397347220340265,4,-806.3664178908159
OGLE-GD-RRLYR-08093,RRab,GD,data/ogle_gd_500/photometry/OGLE-GD-RRLYR-08093.dat,ddadf0db69e420322c8c967cbcdaf5f32f9982855cf103131ffa477ecb899601,122,2266.70396,True,325,0.35636402,,0.35636186364469036,0.13530805166598356,0.864501953125,122,69892,0.8660014595563013,4,-782.0749077837779
OGLE-GD-RRLYR-08104,RRab,GD,data/ogle_gd_500/photometry/OGLE-GD-RRLYR-08104.dat,aa83b94df1d5fa8805ec4485dde0dce0e437d2fdccbe3f346d42958f106ae6ca,123,2266.70396,True,469,0.70987415,,0.7098718363821696,0.03825034544876035,0.02197265625,123,69892,0.348712192956814,4,-945.1999627085421
OGLE-GD-RRLYR-08135,RRab,GD,data/ogle_gd_500/photometry/OGLE-GD-RRLYR-08135.dat,c6211b54aca3d8e1effcdefa32ab49d7d8496b7c9db63477614a5ca413b19abd,121,2266.703819999999,True,430,0.53748849,,0.5374865716747338,0.2489988966456185,0.849609375,121,69892,0.8506831171959135,4,-700.5598750152286
OGLE-GD-RRLYR-08142,RRab,GD,data/ogle_gd_500/photometry/OGLE-GD-RRLYR-08142.dat,2ff7bc2045e289472cc25f4d3d2378adeb3143c5fb343f570fe624a51c2a5f44,106,948.6467100000008,True,387,0.64216082,,0.6421626169321114,0.01031683347654016,0.04296875,106,29251,0.13326111688997244,2,-951.1856197773282
OGLE-GD-RRLYR-08159,RRab,GD,data/ogle_gd_500/photometry/OGLE-GD-RRLYR-08159.dat,af14d71d4f552814e06d17c168bb66ef1af92a539ad5e152938d538aff819d2e,88,948.64674,True,234,0.56389548,,0.5638988698778039,0.10616021416170035,0.986083984375,88,29251,0.5024829289687656,4,-546.599188231145
OGLE-GD-RRLYR-08179,RRab,GD,data/ogle_gd_500/photometry/OGLE-GD-RRLYR-08179.dat,0d20f186197729acd6af5c1df955e5bfc926e23f39e0bb110c08a4256421d5ca,96,948.6469199999992,True,485,0.46451612,,0.46452099608211755,0.15105664959332943,0.560302734375,96,29251,0.8392394145537203,4,-573.9835780329676
OGLE-GD-RRLYR-08191,RRab,GD,data/ogle_gd_500/photometry/OGLE-GD-RRLYR-08191.dat,2cf088085835c02f91c51f0ebeecc7b3bd2da5e3ffcd69042c727bd17c16518c,104,948.6469199999992,True,458,0.65333188,,0.6533333074762047,0.18396580394157963,0.1455078125,104,29251,0.3250494070366141,3,-621.9340865435911
OGLE-GD-RRLYR-08196,RRab,GD,data/ogle_gd_500/photometry/OGLE-GD-RRLYR-08196.dat,9b68b52d0c5a08571daebea4de2c29c93a9ce5337326552727d883aa58f33099,104,948.6469199999992,True,33,0.61774678,,0.6177453996709282,0.054437277212045686,0.115478515625,104,29251,0.6758656386781414,4,-739.2861806793277
OGLE-GD-RRLYR-08215,RRab,GD,data/ogle_gd_500/photometry/OGLE-GD-RRLYR-08215.dat,ddc000d939f0a55f2bb0eea8bfb112ff8fce0146d9f375971d966a9adc338d58,106,2266.7036900000003,True,127,0.43171752,,0.4317263811395875,0.4318658037993018,0.91259765625,106,69892,0.7428514745976891,3,-546.0189113280712
OGLE-GD-RRLYR-08293,RRab,GD,data/ogle_gd_500/photometry/OGLE-GD-RRLYR-08293.dat,24729a3e2d402602240d075bc3df43835a206bd7fcb89dffb6c6faf0d28e936d,123,2266.70409,True,144,0.55466311,,0.5546623056286349,0.11027074429750182,0.63720703125,123,69892,0.44514642643941116,4,-814.9692770887898
OGLE-GD-RRLYR-08302,RRab,GD,data/ogle_gd_500/photometry/OGLE-GD-RRLYR-08302.dat,54d198799206e6b282d6e0b5dc0c9e41ddd1df66f5fcd4b1fb3f25f8dc49346e,119,2266.70011,True,253,0.46086939,,0.4608725823696447,0.08310770473163846,0.27099609375,119,69891,0.660882538641161,4,-816.9509866880946
OGLE-GD-RRLYR-08308,RRab,GD,data/ogle_gd_500/photometry/OGLE-GD-RRLYR-08308.dat,8cfe473f87a3762b15f6c105a922c9e1cabaff828b1bf35a03a72e0982fbf40c,121,2266.700250000001,True,211,0.59631458,,0.5963170846379369,0.40196480162809123,0.08349609375,121,69891,0.4882480719799922,3,-652.2026126850429
OGLE-GD-RRLYR-08328,RRc,GD,data/ogle_gd_500/photometry/OGLE-GD-RRLYR-08328.dat,64099fd7ad568d05cb6b2e48bac8993968cf5473453f1ee1e6d6f2b718c29ce8,103,948.647100000001,True,316,0.35253653,,0.3525367361235795,0.017006966666976493,0.534423828125,103,29251,0.2712695128484217,3,-859.9348720198966
OGLE-GD-RRLYR-08364,RRab,GD,data/ogle_gd_500/photometry/OGLE-GD-RRLYR-08364.dat,2915262d6689f956f415474f755d72cfa306f75d27cd152558c1f6138231048c,120,2266.70011,True,205,0.56710402,,0.5671006551340719,0.26491113312788483,0.054931640625,120,69891,0.7222882330074469,4,-686.027394416955
OGLE-GD-RRLYR-08366,RRab,GD,data/ogle_gd_500/photometry/OGLE-GD-RRLYR-08366.dat,f548f052e113afda5b02ca997f97ff3b48fdb7598845db7be361aeecef5f082f,119,2266.700250000001,True,317,0.52013174,,0.520131789595217,0.15263059995306902,0.210205078125,119,69891,0.7067493759061918,4,-744.6128848482813
OGLE-GD-RRLYR-08392,RRc,GD,data/ogle_gd_500/photometry/OGLE-GD-RRLYR-08392.dat,db79424d08917e5c2f67f60680149304dd16f0257bf4f218bd82ac20112a785b,120,2266.700250000001,True,218,0.28990238,,0.28990229821897673,0.10063107407830962,0.807373046875,120,69891,0.3055613491764184,2,-821.3293604636407
OGLE-GD-RRLYR-08457,RRab,GD,data/ogle_gd_500/photometry/OGLE-GD-RRLYR-08457.dat,d88e5f89b992f3a2b3257d5d8a3362134a7ef684563616d50bb48e00af395681,102,948.6470800000006,True,433,0.60081022,,0.600828803814074,0.5138286884256285,0.66748046875,102,29251,0.440511595622322,3,-502.6657111770329
OGLE-GD-RRLYR-08462,RRab,GD,data/ogle_gd_500/photometry/OGLE-GD-RRLYR-08462.dat,71f48ed3ffeca515934381aea3b8cfc8919ed8a5d2537732895670f5d7c5406a,103,948.6470800000006,True,161,0.60327274,,0.6032742068230407,0.08219002612867364,0.0234375,103,29251,0.43568237035622204,4,-688.3980919597071
OGLE-GD-RRLYR-08478,RRab,GD,data/ogle_gd_500/photometry/OGLE-GD-RRLYR-08478.dat,fdc95ec3371d2f4295d2e08d786de1b7d0f6e61ca60178052de58b16098d9493,102,948.6472599999996,True,312,0.54130947,,0.5413087779182051,0.050527188559964485,0.1923828125,102,29251,0.4886033558569345,4,-729.9923562479846
OGLE-GD-RRLYR-08495,RRab,GD,data/ogle_gd_500/photometry/OGLE-GD-RRLYR-08495.dat,6c9fa6f7df77b6004e89cf60a4a2eb3419f8c2b9797126a3e0642be880f59633,94,948.6472599999996,True,189,0.48264001,,0.48263681593092406,0.14603668867563005,0.330810546875,94,29251,0.8582305841978091,4,-562.4831169857774
OGLE-GD-RRLYR-08511,RRc,GD,data/ogle_gd_500/photometry/OGLE-GD-RRLYR-08511.dat,0c4fafa9e5804bb4d30abbb0ad81f3879eb275aef2b7212cea6130892aed5a12,103,948.64725,True,299,0.34098184,,0.340980861647919,0.03466462309313295,0.925537109375,103,29251,0.3142390525159122,3,-786.5889226885641
OGLE-GD-RRLYR-08612,RRab,GD,data/ogle_gd_500/photometry/OGLE-GD-RRLYR-08612.dat,cd8af5476ed7938d8b30f48b2f63899b7f0a1326457b1e5d2bb88faf9efe6d77,103,948.6472599999996,True,482,0.68739655,,0.68740090593564,0.04946690683250284,0.2841796875,103,29251,0.7917851153011704,4,-740.6942882332537
OGLE-GD-RRLYR-08642,RRd,GD,data/ogle_gd_500/photometry/OGLE-GD-RRLYR-08642.dat,6b643ee71232347e7227ec019bf8d950ca441379f1a8b4abc97db97a3c4825ac,103,948.64746,True,126,0.32263326,0.43616029,0.3226326068984346,0.1289127514140023,0.4033203125,103,29251,0.2309507342597641,1,-669.8459730892778
OGLE-GD-RRLYR-08669,RRc,GD,data/ogle_gd_500/photometry/OGLE-GD-RRLYR-08669.dat,457ec87c4c8f992a89eaa349512b991d44d9bfa05dbce7cdd34450201a500893,102,948.6472699999996,True,113,0.38045056,,0.3804539917858012,0.16950032214976338,0.14208984375,102,29251,0.23955829354110847,1,-634.2871817624947
OGLE-GD-RRLYR-08736,RRab,GD,data/ogle_gd_500/photometry/OGLE-GD-RRLYR-08736.dat,ace7945f8108b26d59b70d5702415b9aa5d5bf927fa0fc59a53f6bdad53aff2c,103,948.6474500000004,True,108,0.45228523,,0.45228647812102607,0.08349378277589728,0.734375,103,29251,0.8380942541636376,4,-686.7770559954826
OGLE-GD-RRLYR-08741,RRab,GD,data/ogle_gd_500/photometry/OGLE-GD-RRLYR-08741.dat,8a5025c8c3d17175b74cfefe42e15c16bebce82a95ee8f2e637c751881867881,103,948.6474500000004,True,451,0.46457089,,0.46456941066095564,0.10040987739552411,0.000244140625,103,29251,0.7653043376087947,4,-667.7747496067502
OGLE-GD-RRLYR-08757,RRab,GD,data/ogle_gd_500/photometry/OGLE-GD-RRLYR-08757.dat,7789e097b111d0ceef947b07ceee4e57e72ab43c677e5611936b80944b91b6bf,128,2207.9370199999994,True,328,0.49280186,,0.4928000179443062,0.3084945125557374,0.876708984375,128,68080,0.6247994813404034,3,-732.7781882523132
OGLE-GD-RRLYR-08772,RRab,GD,data/ogle_gd_500/photometry/OGLE-GD-RRLYR-08772.dat,de839c030fb70d23a8abbb7d9c198e54b78fb5a8ef4662df45eeafd767814461,127,2207.9369399999996,True,140,0.57715936,,0.5771628970395546,0.14217896856491444,0.203125,127,68080,0.7255918290248999,4,-814.5048105788724
OGLE-GD-RRLYR-08795,RRab,GD,data/ogle_gd_500/photometry/OGLE-GD-RRLYR-08795.dat,9ad9b483685b17157e6776a82e0e3f3bc3c0684767896798d6392171acf5a896,128,2207.9370199999994,True,452,0.46252042,,0.4625198938555766,0.25306903654911095,0.341796875,128,68080,0.636061002625059,3,-758.1275300052944
OGLE-GD-RRLYR-08799,RRc,GD,data/ogle_gd_500/photometry/OGLE-GD-RRLYR-08799.dat,44855bdad1194057e195bbccfd031955d1130973de7315c4f20ab706926c8db6,127,2206.9452,True,176,0.39493573,,0.39493573320999953,0.01348595007396709,0.0224609375,127,68049,0.3446030050431528,4,-1113.6454616996907
OGLE-GD-RRLYR-08805,RRab,GD,data/ogle_gd_500/photometry/OGLE-GD-RRLYR-08805.dat,2c72d67d0c048b9d928694b2360282922f3445b38d42074a1f9b0f4010b5a115,128,2207.9369399999996,True,48,0.58159498,,0.581597205875612,0.10999174495739736,0.43115234375,128,68080,0.8161459183887168,4,-855.0803662590131
OGLE-GD-RRLYR-08811,RRab,GD,data/ogle_gd_500/photometry/OGLE-GD-RRLYR-08811.dat,c384e11734936b6638e4578d4aef37c7f4c2bfbe2246b1ae728cb1739b67d1ec,124,2207.937099999999,True,401,0.40248235,,0.40248416542132,0.7669095058999025,0.523681640625,124,68080,0.7327762267734137,2,-601.701146904925
OGLE-GD-RRLYR-08812,RRab,GD,data/ogle_gd_500/photometry/OGLE-GD-RRLYR-08812.dat,f0608b754b3cbafa59980a597cdd188a7ae2b5b2873e2d338694b9079c9d8165,124,2231.7369400000007,True,186,0.37038142,,0.37038231950872713,0.19221554828051962,0.693603515625,124,68813,0.5919110731273598,4,-754.0051967592689
OGLE-GD-RRLYR-08848,RRc,GD,data/ogle_gd_500/photometry/OGLE-GD-RRLYR-08848.dat,1fcd00f1d0b44b95085a414851e0ddd8a8686c4e0f76727cfb89fcc6317311ec,128,2207.9369100000004,True,3,0.31577413,,0.31577407409125224,0.01571072532998898,0.02880859375,128,68080,0.24078361009129168,3,-1113.8803238720393
OGLE-GD-RRLYR-08853,RRab,GD,data/ogle_gd_500/photometry/OGLE-GD-RRLYR-08853.dat,4ae10e99c7df22b2447bf8e1504977e84772d20ec1e56dfae0364caa8da0d7c3,127,2207.9368400000003,True,151,0.52226314,,0.5222621666471149,0.06910387365294116,0.63916015625,127,68080,0.6898354304129786,4,-906.1322394887166
OGLE-GD-RRLYR-08901,RRab,GD,data/ogle_gd_500/photometry/OGLE-GD-RRLYR-08901.dat,1af9683ab2f4aa275eb0eef4849868c13082116b87a573aaef26e0f8cd11ee56,126,2206.74216,True,384,0.52631544,,0.5263152664788147,0.03205990444999968,0.56982421875,126,68043,0.5266517258690833,4,-994.4674893378418
OGLE-GD-RRLYR-08952,RRab,GD,data/ogle_gd_500/photometry/OGLE-GD-RRLYR-08952.dat,10e24e66c1bb703ca5c74385d22115788e6692dba33d46aed61f15f677919bde,125,2206.7420199999997,True,30,0.53601181,,0.5360125073423793,0.11113990480769281,0.625244140625,125,68043,0.8611297944395133,4,-829.8767632446148
OGLE-GD-RRLYR-08973,RRab,GD,data/ogle_gd_500/photometry/OGLE-GD-RRLYR-08973.dat,7852310756a0c4e1bed712bd652d2ad1a5b81a308083a1ad85fd6c27d1772df9,124,2207.9366600000003,True,88,0.52056469,,0.5205649551037168,0.11830652125402889,0.2431640625,124,68080,0.650975841208659,4,-814.1871701941793
OGLE-GD-RRLYR-09033,RRd,GD,data/ogle_gd_500/photometry/OGLE-GD-RRLYR-09033.dat,9b5e27f9ceccb3d8531b8267b4ed693185be4f6b8ba64691e0085c2b6c766817,125,2206.7420199999997,True,311,0.42650109,0.57170502,0.42649919236173006,0.1156175739048195,0.7001953125,125,68043,0.2537836815246006,2,-844.252748601493
OGLE-GD-RRLYR-09038,RRab,GD,data/ogle_gd_500/photometry/OGLE-GD-RRLYR-09038.dat,6792c57c56808798855c101d71ef602003dc79ca2fe916d40809f30e6a00ed23,122,2206.7418100000004,True,154,0.49323843,,0.4932370344063416,1.022817266138763,0.4638671875,122,68043,0.5325114796421495,2,-554.5140180333299
OGLE-GD-RRLYR-09040,RRab,GD,data/ogle_gd_500/photometry/OGLE-GD-RRLYR-09040.dat,a5019838b03887f7ea34f1fdbcbd1b6cda265576db03a4fd97760e21a9b2bc80,124,2207.7357500000007,True,226,0.51154378,,0.5115436589823692,0.022098530059309368,0.891357421875,124,68073,0.5272421962510521,4,-1022.2303775211441
OGLE-GD-RRLYR-09053,RRab,GD,data/ogle_gd_500/photometry/OGLE-GD-RRLYR-09053.dat,9c8e9e4d113871582fa467bb36a7ba67089181298f328a738d85b84a811935e1,56,2204.9493900000007,True,177,0.40226674,,0.67421901693324,0.1220635885035003,0.24658203125,56,67987,0.33744720593067257,2,-319.04752109319907
OGLE-GD-RRLYR-09063,RRc,GD,data/ogle_gd_500/photometry/OGLE-GD-RRLYR-09063.dat,40e5dde25aa5979267d2e4b4687bf392445b0a4fcda0d30fb6578bb84e4c3404,124,2206.7420199999997,True,227,0.33051366,,0.33051372814561225,0.050952022190991694,0.01025390625,124,68043,0.2615628990367327,1,-947.5657708404406
OGLE-GD-RRLYR-09119,RRab,GD,data/ogle_gd_500/photometry/OGLE-GD-RRLYR-09119.dat,5da49aac79df7b4dc9c26ddeaa4c1350e51dae4547a5ef5105a61a1bb447b6a1,125,2207.936710000001,True,349,0.5359148,,0.5359151626459127,0.10250147321442035,0.94482421875,125,68080,0.8199141761592514,4,-839.9908432501833
OGLE-GD-RRLYR-09155,RRab,GD,data/ogle_gd_500/photometry/OGLE-GD-RRLYR-09155.dat,ed7e716318c9190b365678c62e13fc4ef78102163de4b8113ef9d1dbf56ef000,128,2206.741180000001,True,44,0.6067381,,0.6067348724515236,0.11723482278096245,0.724365234375,128,68043,0.43148420831241197,4,-846.9173405206877
OGLE-GD-RRLYR-09163,RRab,GD,data/ogle_gd_500/photometry/OGLE-GD-RRLYR-09163.dat,f0b00e5cf87ccc5f5d0570bf15ef8fa392b51804bc441621707b6d2e9fa17268,126,2206.7413400000005,True,418,0.74864496,,0.7486417591082898,0.008681496703254112,0.047607421875,126,68043,0.2725473374578993,4,-1159.075429280791
OGLE-GD-RRLYR-09165,RRab,GD,data/ogle_gd_500/photometry/OGLE-GD-RRLYR-09165.dat,080ecb1c2a34875905e167f6c5b09d0d7e5356d6d7bb522cff137c276e850610,124,2207.7355800000005,True,106,0.67353661,,0.6735381148747976,0.03262429068019643,0.737548828125,124,68073,0.4187702519467358,4,-973.9266697211463
OGLE-GD-RRLYR-09171,RRab,GD,data/ogle_gd_500/photometry/OGLE-GD-RRLYR-09171.dat,cf9d386dfa3e862369f59991fbc79b73ccd46c0cdeb9232fe89b95dde8a42560,122,2206.741580000001,True,174,0.5626551,,0.5626549425068977,0.038481048596767584,0.122314453125,122,68043,0.6526171413744759,4,-935.4762641907855
OGLE-GD-RRLYR-09173,RRab,GD,data/ogle_gd_500/photometry/OGLE-GD-RRLYR-09173.dat,23d460f912a75c9b47100bdc9e2d90318b59be2beab672f2b09e981507ab6719,123,2206.741580000001,True,419,0.51204182,,0.5120423113646219,0.095061762742157,0.03125,123,68043,0.6707161219634781,4,-833.223933290493
OGLE-GD-RRLYR-09215,RRab,GD,data/ogle_gd_500/photometry/OGLE-GD-RRLYR-09215.dat,3558624fbbf430c045126577af76b65075a5ae2a6b4f65e857d3d91c193136e6,125,2207.73553,True,83,0.51071451,,0.5107141875072245,0.08684417500481366,0.582275390625,125,68073,0.5960881244653322,4,-860.7110620584144
OGLE-GD-RRLYR-09233,RRab,GD,data/ogle_gd_500/photometry/OGLE-GD-RRLYR-09233.dat,153256a9faecb30437d411b1a65c8a5fe062976aae2b2bd501fce013afa4aae7,123,2206.741580000001,True,380,0.3396151,,0.3396148333974459,0.06633957342922185,0.732666015625,123,68043,0.44080329007401176,4,-877.4719792500916
OGLE-GD-RRLYR-09248,RRab,GD,data/ogle_gd_500/photometry/OGLE-GD-RRLYR-09248.dat,d1c66c50e74139acf0060ab0a53d3e912ac4c1cea8be00f8f2c664bd325f939c,128,2206.741180000001,True,216,0.41569167,,0.41569346434587834,0.09327369792595766,0.847412109375,128,68043,0.7980770717154009,4,-876.183362437281
OGLE-GD-RRLYR-09260,RRc,GD,data/ogle_gd_500/photometry/OGLE-GD-RRLYR-09260.dat,c660f4fc1d1d2f79514ec8d9bc2383b6d1749146490ad0499d00821abff127ba,120,2206.7413400000005,True,63,0.36891645,,0.3689182329264973,0.0926693969542208,0.21923828125,120,68043,0.2881791576646169,2,-831.2200975802206
OGLE-GD-RRLYR-09263,RRab,GD,data/ogle_gd_500/photometry/OGLE-GD-RRLYR-09263.dat,9ea98490dd40a24d03af393c8ef0ea993be46d681c939b41942d69f0e87e0eb1,119,2206.74168,True,137,0.55375182,,0.553750746148294,0.05575190158738159,0.599609375,119,68043,0.5029965213689351,4,-864.4588681930734
OGLE-GD-RRLYR-09266,RRc,GD,data/ogle_gd_500/photometry/OGLE-GD-RRLYR-09266.dat,019741ebe15e8e7513e388356602d86eceb927010807341f43aa588f88ed1f74,124,2206.741180000001,True,173,0.32651733,,0.32651724241897484,0.02178921869975372,0.781005859375,124,68043,0.2777357226187682,4,-1023.9782568145159
OGLE-GD-RRLYR-09285,RRab,GD,data/ogle_gd_500/photometry/OGLE-GD-RRLYR-09285.dat,37ef11970b78c6c59158bea863fcf93f37ee93a4353fde3d29534e81207a4c79,122,2206.74168,True,426,0.57510376,,0.5751048768688982,0.21557257059464613,0.5185546875,122,68043,0.5389663839554295,3,-734.8622350381934
OGLE-GD-RRLYR-09356,RRc,GD,data/ogle_gd_500/photometry/OGLE-GD-RRLYR-09356.dat,ddbe54166ad14c460a0a9b9147abd417a12342c9e9bd54681c69dbda181d1e5a,127,2231.7377699999997,True,502,0.22457382,,0.22457346816801613,0.04993486014209866,0.608642578125,127,68813,0.21666147884133125,2,-966.770199312923
OGLE-GD-RRLYR-09362,RRab,GD,data/ogle_gd_500/photometry/OGLE-GD-RRLYR-09362.dat,d05f80ee03f067378b5a3d86b74ceed5f4a1ad1c3d2712732eaacfe80f87511f,124,2206.74168,True,454,0.50028332,,0.5002829307598083,0.09905585035993915,0.317626953125,124,68043,0.7715712425775649,4,-836.2089573945632
OGLE-GD-RRLYR-09388,RRc,GD,data/ogle_gd_500/photometry/OGLE-GD-RRLYR-09388.dat,a54bbbae19e8477b15d38008a6ae509c7bf88881c5e27ac8ddfe5e87ddb66c01,126,2206.741030000001,True,81,0.23616412,,0.2361641672378089,0.014498556684635436,0.289306640625,126,68043,0.22369501333957942,4,-1094.4556790674474
OGLE-GD-RRLYR-09400,RRc,GD,data/ogle_gd_500/photometry/OGLE-GD-RRLYR-09400.dat,75a458fa76f0b69aafcc925dfca87bbdcbbc151f0d22a72a7a07cb9120ee928f,127,2206.742330000001,True,468,0.36322803,,0.2662522996787432,0.1545353133166871,0.796875,127,68043,0.2255757922277688,1,-832.9862573722191
OGLE-GD-RRLYR-09413,RRc,GD,data/ogle_gd_500/photometry/OGLE-GD-RRLYR-09413.dat,59419b5dc0f89be36789092f4296363fdb4599b7aea8824abe65079e6c270cdd,127,2206.7406600000013,True,478,0.33035478,,0.33035468794278305,0.051698184929221146,0.1171875,127,68043,0.24566543097004256,1,-972.0512525755856
OGLE-GD-RRLYR-09443,RRab,GD,data/ogle_gd_500/photometry/OGLE-GD-RRLYR-09443.dat,d486cc307099915b53b236b05614dba3ee1b887dfa56e7dd8af389d303859af3,127,2206.7406600000013,True,178,0.52345207,,0.5234496885681706,0.1171868869086234,0.841796875,127,68043,0.7379871592000988,4,-839.0560215227651
OGLE-GD-RRLYR-09486,RRc,GD,data/ogle_gd_500/photometry/OGLE-GD-RRLYR-09486.dat,4210bd5c03923a4e2a3776873c042b070eb8c3ca2e2203b28dd891a2f8c50c74,121,2206.742519999999,True,456,0.31079264,,0.3107930230931411,0.0733071937797755,0.141845703125,121,68043,0.2963713214297279,2,-867.7005932727249
OGLE-GD-RRLYR-09499,RRab,GD,data/ogle_gd_500/photometry/OGLE-GD-RRLYR-09499.dat,74997cd05847c8856f8c9fe5d3e68448a42a01fe3d82008e99f44a6b059d6436,127,2231.73902,True,427,0.60078747,,0.6007903392036981,0.47836742661794607,0.11376953125,127,68813,0.5182604596550178,3,-670.1050364768726
OGLE-GD-RRLYR-09501,RRab,GD,data/ogle_gd_500/photometry/OGLE-GD-RRLYR-09501.dat,2767e88f3dcfb7cad7090c4c72a52a4c5a3769b75fbdedb9e203a5c59d1e5350,125,2206.742330000001,True,139,0.60749469,,0.6074766925209796,0.23887554903004393,0.867919921875,125,68043,0.3132051287690558,3,-743.889279517546
OGLE-GD-RRLYR-09517,RRc,GD,data/ogle_gd_500/photometry/OGLE-GD-RRLYR-09517.dat,6058132422f70cb78042a682d21cb7a62931d9bc39478c72afaf621393ff7c8e,126,2206.7406600000013,True,412,0.27273771,,0.272738443749951,0.17162980970919198,0.581787109375,126,68043,0.24430300928119664,1,-812.0907318839869
OGLE-GD-RRLYR-09526,RRc,GD,data/ogle_gd_500/photometry/OGLE-GD-RRLYR-09526.dat,c87e3b5f3b9b763349d1658b7533b4339cac6cc476c8aeddd66e13eb66ad368e,126,2206.741030000001,True,445,0.31638637,,0.3163863385608841,0.05310339963130845,0.9736328125,126,68043,0.28942267392141474,2,-950.2286343631672
OGLE-GD-RRLYR-09534,RRab,GD,data/ogle_gd_500/photometry/OGLE-GD-RRLYR-09534.dat,71f21b8e7e9c0933265986fdb1a2f110c3f320cc08a90115f10ca50a5a661997,118,2203.744710000001,True,277,0.52845658,,0.5284573642053353,0.04294208337357278,0.679931640625,118,67950,0.6483937481436151,4,-886.6864898386177
OGLE-GD-RRLYR-09555,RRab,GD,data/ogle_gd_500/photometry/OGLE-GD-RRLYR-09555.dat,82126aaf592fea2e88c31c844cba9886f88cd701e207f1f8a451f3b56980f8ce,141,2204.75757,True,333,0.48303209,,0.4830324824301731,0.04314304987309387,0.07763671875,141,67982,0.5016421766950643,4,-1091.4835316611136
OGLE-GD-RRLYR-09564,RRab,GD,data/ogle_gd_500/photometry/OGLE-GD-RRLYR-09564.dat,e0824e74a52db9055f897e763f1393eaea6ceb13ffed42ee372058c15390a5ed,149,2232.6862200000005,True,239,0.46320309,,0.46320406737096176,0.3869778741929336,0.1279296875,149,68843,0.8275402955822102,4,-837.0073127984317
OGLE-GD-RRLYR-09574,RRab,GD,data/ogle_gd_500/photometry/OGLE-GD-RRLYR-09574.dat,17956c4b1c96f99361d6891e26fa7bfca972845505942f238ab998687df03894,149,2232.6865100000005,True,258,0.52395695,,0.5239574185377729,0.08010788901179086,0.38623046875,149,68843,0.7327327184349066,4,-1071.6812966195166
OGLE-GD-RRLYR-09593,RRab,GD,data/ogle_gd_500/photometry/OGLE-GD-RRLYR-09593.dat,f4d4c0f6522925629087fc6ea9c9d34e5a26705b52830a913bd70ff0662a3ca5,142,2204.75749,True,455,0.60087046,,0.6008702064109571,0.018940041595367427,0.162841796875,142,67982,0.31009788194314325,4,-1217.4089049020986
OGLE-GD-RRLYR-09671,RRd,GD,data/ogle_gd_500/photometry/OGLE-GD-RRLYR-09671.dat,edf8dfc24cc8dba7704f5e4dea8cc134a950078cebbf884d3e26ae039989a83b,131,2231.7408400000004,True,389,0.28860689,0.39211585,0.2886082172888321,0.2728269187078892,0.76318359375,131,68814,0.3001939299623011,2,-779.5578817769268
OGLE-GD-RRLYR-09676,RRab,GD,data/ogle_gd_500/photometry/OGLE-GD-RRLYR-09676.dat,915866e56f9f5a9e08089a888488be09bc79cccf7a4a5b40545d6e8f6e2cc807,146,2232.6865100000005,True,55,0.79455605,,0.7945604750593702,0.26973061951363825,0.14794921875,146,68843,0.3986169720280266,3,-879.0461162308728
OGLE-GD-RRLYR-09699,RRc,GD,data/ogle_gd_500/photometry/OGLE-GD-RRLYR-09699.dat,f3b57261eea035e1735a8ac1db1375f9eedae782b0fe676910e61faf0388a9b3,142,2204.75749,True,448,0.39667104,,0.3966678056201163,0.28025684622958325,0.798828125,142,67982,0.16936333949023918,1,-864.5350618904034
OGLE-GD-RRLYR-09742,RRab,GD,data/ogle_gd_500/photometry/OGLE-GD-RRLYR-09742.dat,3d35f6c3c17fdded023cc3b95af37a5b18340fce2b72a086653f030cab6410bc,127,2231.739950000001,True,115,0.45968107,,0.4596806585105906,0.07469307455482914,0.659423828125,127,68813,0.37139788732326195,3,-905.9429867473981
OGLE-GD-RRLYR-09767,RRab,GD,data/ogle_gd_500/photometry/OGLE-GD-RRLYR-09767.dat,2a73ab9869f9bab99e1d7de6bc665703ac92dc96006b5e0413a7a2e331064ba4,123,2231.739990000001,True,78,0.49200663,,0.4920057116194293,0.5759478210814205,0.696533203125,123,68813,0.8068257369079994,4,-611.6406320842452
OGLE-GD-RRLYR-09780,RRc,GD,data/ogle_gd_500/photometry/OGLE-GD-RRLYR-09780.dat,0176dfa30b3a38cc7093279f50844d9f670e27dccd0879eccb4c94dc8b33c5c2,146,2204.75728,True,294,0.26147137,,0.2614715025623905,0.08214632412265178,0.115478515625,146,67982,0.2835069835040436,2,-1062.5958915265214
OGLE-GD-RRLYR-09795,RRab,GD,data/ogle_gd_500/photometry/OGLE-GD-RRLYR-09795.dat,05870890db90ab8e637269767a0624c0f85b02d1af4fa57ec2703b17475c0374,148,2232.6864800000003,True,32,0.43362088,,0.43362133918764584,0.3196223770084281,0.810546875,148,68843,0.4625392706897138,4,-858.4263214562188
OGLE-GD-RRLYR-09823,RRab,GD,data/ogle_gd_500/photometry/OGLE-GD-RRLYR-09823.dat,0e4191c33e0580eb7ec1b4031838acccb2f3287f14490ed24b1555c40316564c,145,2204.757199999999,True,288,0.46399199,,0.46399159372108156,0.33146104976908974,0.0810546875,145,67982,0.566216533246017,4,-831.9745763386528
OGLE-GD-RRLYR-09863,RRab,GD,data/ogle_gd_500/photometry/OGLE-GD-RRLYR-09863.dat,30358d452fb1e3bede17e82293a54fc167ad39e9e869134ff0ae265c68925b94,144,2204.7573699999994,True,395,0.64923861,,0.649240770593445,0.2997024924837708,0.818603515625,144,67982,0.5314904418760698,4,-839.469940429335
OGLE-GD-RRLYR-09864,RRc,GD,data/ogle_gd_500/photometry/OGLE-GD-RRLYR-09864.dat,76f9ae56b8b8f8200c67e15f678f8d541c08ae04cc2ea5de0b0fc9f7eab6b371,144,2232.6864100000003,True,406,0.27951357,,0.27951344866223465,0.006204194472109554,0.5859375,144,68843,0.24841056583023047,4,-1397.839257202689
OGLE-GD-RRLYR-09878,RRab,GD,data/ogle_gd_500/photometry/OGLE-GD-RRLYR-09878.dat,c1e13ef5c50534643afec557abab9003d208fff769e61022da86abb9aa450c3a,116,2190.791329999999,True,17,0.60742933,,0.607429621840938,0.06238716025349321,0.880615234375,116,67551,0.7055351525026321,4,-825.7104718912066
OGLE-GD-RRLYR-09880,RRab,GD,data/ogle_gd_500/photometry/OGLE-GD-RRLYR-09880.dat,928a9b72e453753316a0a3ac54d7d9d5b57382b18c3fb8c80beef88c22566de3,144,2204.7573699999994,True,162,0.56525338,,0.5652498553332187,0.5481560584719269,0.337890625,144,67982,0.616603456974083,4,-752.5270987684756
OGLE-GD-RRLYR-09895,RRab,GD,data/ogle_gd_500/photometry/OGLE-GD-RRLYR-09895.dat,a4b0a5b97708b75d284de28b4f7c1e8f0bbdc4785f2f56598c73f48a7089aa6b,144,2232.686230000001,True,109,0.48537933,,0.485377972706387,0.82725701622634,0.197998046875,144,68843,0.46919438842348704,2,-713.1423738611029
OGLE-GD-RRLYR-09906,RRab,GD,data/ogle_gd_500/photometry/OGLE-GD-RRLYR-09906.dat,d42c21bf9322eacd311fe706c969fdf3bc3c614eb6d174b01cb4b200e131946c,142,2204.7573699999994,True,398,0.59942225,,0.5994245758506607,0.12128321925464933,0.473388671875,142,67982,0.4136416111003527,4,-953.7361791138537
OGLE-GD-RRLYR-09911,RRab,GD,data/ogle_gd_500/photometry/OGLE-GD-RRLYR-09911.dat,247c6adb2296c5c5f0d3ad18ae014d5b2d805177916ffd1d1ff58d3adbf0af48,146,2232.686230000001,True,494,0.65325472,,0.6532555868152109,0.033097292928314384,0.2734375,146,68843,0.610584145621349,4,-1175.3828531019974
OGLE-GD-RRLYR-09927,RRab,GD,data/ogle_gd_500/photometry/OGLE-GD-RRLYR-09927.dat,657b5c79195c9fcc84a4448a841d0e48062c565e8696125674fd6d1d894fd31f,144,2204.7573699999994,True,121,0.5862266,,0.5862270673473059,0.025656970729701453,0.788818359375,144,67982,0.5558696439390243,4,-1193.4183393992842
OGLE-GD-RRLYR-09998,RRab,GD,data/ogle_gd_500/photometry/OGLE-GD-RRLYR-09998.dat,d359b64b1b4e76e5c4ab7760a42342e77d7c32fea6813dcc3455c91e634c690e,119,2059.0663099999992,True,59,0.42387482,,0.4238769593575029,0.1418060286697991,0.46484375,119,63489,0.4896824082702196,3,-762.9248306432177
OGLE-GD-RRLYR-10004,RRab,GD,data/ogle_gd_500/photometry/OGLE-GD-RRLYR-10004.dat,af48c941df4fa02a8fda2ac4973e108a0088e67979d2c6118ff909af490ff959,128,2231.756840000001,True,259,0.49469448,,0.49469610105146083,0.031110318567923873,0.550048828125,128,68814,0.6508653971718736,4,-1016.7271843362475
OGLE-GD-RRLYR-10016,RRab,GD,data/ogle_gd_500/photometry/OGLE-GD-RRLYR-10016.dat,e3257ee944fe5ccdda85991c889cf95e8d6895935e592db8e574189c2e45a208,103,2193.7873199999995,True,249,0.5118735,,0.5118727274670012,0.19802159825987198,0.667724609375,103,67643,0.6095873722763336,3,-607.0953086097693
OGLE-GD-RRLYR-10024,RRab,GD,data/ogle_gd_500/photometry/OGLE-GD-RRLYR-10024.dat,58ada0422900add24e742940d7b4e584f3040497e7630322e44b22e63267cd91,123,2232.691569999999,True,72,0.57216209,,0.5721617027104678,0.11227377635484888,0.79833984375,123,68843,0.6191873606978682,4,-812.7550720785116
OGLE-GD-RRLYR-10050,RRab,GD,data/ogle_gd_500/photometry/OGLE-GD-RRLYR-10050.dat,dc9bb94542829d9ccb51b40d126aaec02a559f82f7008e3a3f0fc11db392b5c1,41,1531.73636,True,351,0.61989169,,0.6198854435506558,0.06324921708952785,0.812744140625,41,47230,0.7905373383011671,4,-228.3083077766077
OGLE-GD-RRLYR-10061,RRab,GD,data/ogle_gd_500/photometry/OGLE-GD-RRLYR-10061.dat,da27ed94022dcbbc69f314f1ce49eaf2ecde1cee479e68f224ab2de85eff9613,128,2204.757660000001,True,76,0.6247285,,0.6247262282018929,0.12163838977530939,0.822021484375,128,67982,0.6619342878176315,4,-842.1975108398553
OGLE-GD-RRLYR-10082,RRab,GD,data/ogle_gd_500/photometry/OGLE-GD-RRLYR-10082.dat,c1484c019efcb2be90b91f7ef850efec5b860dec226fe8c9515be9f4e19dbdec,147,2204.7571099999996,True,372,0.6208268,,0.6208257217632794,0.05099057836910418,0.28564453125,147,67982,0.5053609007329598,4,-1121.178081362831
OGLE-GD-RRLYR-10095,RRab,GD,data/ogle_gd_500/photometry/OGLE-GD-RRLYR-10095.dat,e54632ae3619ffccc701df32fad626c8198f918ecfc024328d0ff877c71619fa,144,2204.757199999999,True,324,0.61821497,,0.6182101050657227,0.14731629031447813,0.6728515625,144,67982,0.33484747492606104,4,-941.7399472593361
OGLE-GD-RRLYR-10100,RRab,GD,data/ogle_gd_500/photometry/OGLE-GD-RRLYR-10100.dat,efcbd740d15a64c6d15f393d01ef0480561064f39b3ebf73483e2090a9dc8cb4,127,2231.756840000001,True,270,0.58842489,,0.5884250268772652,0.07409951977854673,0.708740234375,127,68814,0.4745555993479442,4,-897.2678599983079
OGLE-GD-RRLYR-10160,RRab,GD,data/ogle_gd_500/photometry/OGLE-GD-RRLYR-10160.dat,df561633611f7bb5bf61322dd937cc0dbb2a4c5e5e85dd8d94808ca4a27807fb,110,2232.691569999999,True,28,0.56539215,,0.5653925248414841,0.09409756989535477,0.389892578125,110,68843,0.6328424867958695,4,-730.0245728963495
OGLE-GD-RRLYR-10201,RRc,GD,data/ogle_gd_500/photometry/OGLE-GD-RRLYR-10201.dat,aac4de1259bde0b8d0ed4f78bf7c583a9277370e2fe8becd055f23674f2116a1,145,2204.757660000001,True,410,0.35367677,,0.3536762774032486,0.07212137692764747,0.396484375,145,67982,0.371364138296137,3,-1063.0762170665157
OGLE-GD-RRLYR-10205,RRab,GD,data/ogle_gd_500/photometry/OGLE-GD-RRLYR-10205.dat,5f8c4bcc761e6d04480083989478d04b9192e3af3aa3fff0c79c296fbdd77ec6,102,1096.005149999999,True,67,0.5050799,,1.0233751834335927,0.1965899358570371,0.756591796875,102,33795,0.5345531624427657,3,-600.6642413298553
OGLE-GD-RRLYR-10246,RRab,GD,data/ogle_gd_500/photometry/OGLE-GD-RRLYR-10246.dat,8189fcc76e1863c737a51229e80136466cfe694c8a1be18aa8baf77982073e9e,129,840.7660099999994,True,197,0.55840503,,0.5584288683000045,0.9068097131866723,0.282470703125,129,25925,0.6190949941870514,3,-600.6564226368705
OGLE-GD-RRLYR-10275,RRab,GD,data/ogle_gd_500/photometry/OGLE-GD-RRLYR-10275.dat,3c3a62375f86aad66ab501991a38e5227e8c5bd184c98303303afd9381809bb9,145,1125.9725899999994,True,307,0.3725941,,0.37259468250142835,0.06880265192322195,0.362060546875,145,34719,0.21143435437230096,2,-1079.8603736580135
OGLE-GD-RRLYR-10279,RRc,GD,data/ogle_gd_500/photometry/OGLE-GD-RRLYR-10279.dat,4abac7660ad8137eae124c2684b57378045499090b7e3e76b609e0f2962649ef,144,1125.9726099999998,True,225,0.21664518,,0.21664505421527808,0.03599640502131569,0.2080078125,144,34719,0.1755094775510635,2,-1164.538649010014
OGLE-GD-RRLYR-10305,RRab,GD,data/ogle_gd_500/photometry/OGLE-GD-RRLYR-10305.dat,cf7804f2f0af8ebe8424b06cfd92659a9d13b9e17f1e43360023d4d10d6ad6d6,159,2515.856459999999,True,350,0.37595646,,0.37596352106016084,0.4957132708627275,0.802001953125,159,77574,0.523491293543195,4,-866.8461849044046
OGLE-GD-RRLYR-10317,RRc,GD,data/ogle_gd_500/photometry/OGLE-GD-RRLYR-10317.dat,fd8f29c79e26a6120863423974330a13d3977d79f1f363c6fb12260da700d5fd,123,863.6896800000004,True,388,0.34121843,,0.3412178451375599,0.11918497263114457,0.267578125,123,26632,0.258367725943188,1,-834.2806061912673
OGLE-GD-RRLYR-10321,RRab,GD,data/ogle_gd_500/photometry/OGLE-GD-RRLYR-10321.dat,67f648923cebf80eb7342353cb54a9f6fd7adaad17c872169341443b0a522912,155,2470.0952800000005,True,236,0.65318442,,0.6531840818341298,1.130297620701147,0.886962890625,155,76163,0.7139756547980447,3,-722.3989404115972
OGLE-GD-RRLYR-10345,RRc,GD,data/ogle_gd_500/photometry/OGLE-GD-RRLYR-10345.dat,53b02e15c2abf1fd68a015f2d5031015482e08daeee550494e34c5db733877ca,140,2505.1719600000006,True,245,0.2839229,,0.28392175163767225,0.21728469341830992,0.37939453125,140,77244,0.3310771553795,2,-875.896641398225
OGLE-GD-RRLYR-10356,RRc,GD,data/ogle_gd_500/photometry/OGLE-GD-RRLYR-10356.dat,3fcfdf068ad93c0f5bb963734173ba7812a79327e55198d8e203b66a7ca3c89f,81,918.72501,True,385,0.25428324,,0.2542811125058978,0.10921668956288787,0.8388671875,81,28329,0.24227232688756573,1,-517.7407177042545
OGLE-GD-RRLYR-10375,RRab,GD,data/ogle_gd_500/photometry/OGLE-GD-RRLYR-10375.dat,82c2b0521249d35111a8a34deaa38405489a2bca336769dba6262c5894389314,129,2460.0994800000008,True,272,0.4442071,,0.4442195895164344,0.8090685995854969,0.339111328125,129,75855,0.6290678845165445,3,-615.3687334560142
OGLE-GD-RRLYR-10394,RRc,GD,data/ogle_gd_500/photometry/OGLE-GD-RRLYR-10394.dat,d7a5f677da286b10884852adbaa6140065f84116abab273de75f07535e57a571,48,860.7038299999995,True,274,0.4400394,,0.4400363254438209,0.04153181339950246,0.657958984375,48,26540,0.23328191659046738,1,-323.0350312391851
OGLE-GD-RRLYR-10475,RRab,GD,data/ogle_gd_500/photometry/OGLE-GD-RRLYR-10475.dat,7993c3c140dce9a309b62cff88f87ca6349ed266146502c2063722af059b588e,104,1635.65326,True,198,0.49282875,,0.4928291074221106,0.159690676430292,0.610595703125,104,50434,0.5606915274190811,4,-627.3624716724527
OGLE-GD-RRLYR-10489,RRab,GD,data/ogle_gd_500/photometry/OGLE-GD-RRLYR-10489.dat,cdaea52327a853f5fc8148045c1df57b4cfabf9871689bbd832c9414e3095faa,104,1635.65326,True,330,0.6206246,,0.6206296499588008,0.029539546653993727,0.481689453125,104,50434,0.6313230433518449,4,-802.8633807995441
OGLE-GD-RRLYR-10521,RRc,GD,data/ogle_gd_500/photometry/OGLE-GD-RRLYR-10521.dat,3d0f2ea20d635ee288d16c656f91aa98b5c8a291ae379090ba09710af27fd891,97,1633.62964,True,22,0.28662451,,0.2866210820144723,0.07322666897298134,0.312255859375,97,50372,0.2429564535302866,2,-669.8756716749056
OGLE-GD-RRLYR-10539,RRab,GD,data/ogle_gd_500/photometry/OGLE-GD-RRLYR-10539.dat,9c099cb9c9e82830a5da7636d5e7500db9a3e6efbf174410fabe48ebf660732f,104,1635.65326,True,224,0.68493559,,0.6849301139385453,0.042714837952615346,0.478271484375,104,50434,0.5958185805901017,4,-764.5064728309634
OGLE-GD-RRLYR-10561,RRab,GD,data/ogle_gd_500/photometry/OGLE-GD-RRLYR-10561.dat,0981dcd4cd39f7532ce5f388588363dd111837cb49f932314ca112e0a3908db5,105,1635.65045,True,42,0.47815584,,0.47815593608864354,0.15674625725128047,0.123779296875,105,50434,0.8755061571238301,4,-636.7045658435582
OGLE-GD-RRLYR-10586,RRab,GD,data/ogle_gd_500/photometry/OGLE-GD-RRLYR-10586.dat,21acdc2c8c1ddde4b2319fce7bc51e4b15c8ab713b26c1b79e80416010195315,104,1635.6523100000004,True,102,0.52839579,,0.5283974029396666,0.13512551044749244,0.04931640625,104,50434,0.6643113648773422,4,-644.7340719645432
OGLE-GD-RRLYR-10600,RRab,GD,data/ogle_gd_500/photometry/OGLE-GD-RRLYR-10600.dat,98fd7f91fec657d7ecff4e70e4501600fcd15b821af8027acbd01fcc5f3ee601,106,1633.6273899999997,True,130,0.66652134,,0.6665241157057056,0.0568529172232307,0.068115234375,106,50372,0.5264263247975265,4,-751.6226540799473
OGLE-GD-RRLYR-10645,RRab,GD,data/ogle_gd_500/photometry/OGLE-GD-RRLYR-10645.dat,9b1e228b0750a660013e54b012fa7b4df2fdc595269a660ced094646b56add2a,106,1633.6273899999997,True,143,0.5511611,,0.5511639208850337,0.10638268112605304,0.64892578125,106,50372,0.5643176545945074,4,-685.2056766244255
OGLE-GD-RRLYR-10662,RRab,GD,data/ogle_gd_500/photometry/OGLE-GD-RRLYR-10662.dat,0827df19cecec4b5f7fa8eee85e722838b53ceea3e5ad6123aa6aae9cac37d7d,94,1608.6270099999992,True,57,0.56378189,,0.5637837250891825,0.045277125167187175,0.26123046875,94,49601,0.5851654251005591,4,-672.5623754099948
OGLE-GD-RRLYR-10668,RRab,GD,data/ogle_gd_500/photometry/OGLE-GD-RRLYR-10668.dat,9d509b462e32c6db848a6bca4780ba05c3105f8e61d4ddaebfb466a347d3bc05,94,1608.6270300000006,True,414,0.51817065,,0.5181722399402116,0.10039161196246252,0.05859375,94,49601,0.9013046083040823,4,-597.7123641227784
OGLE-GD-RRLYR-10701,RRab,GD,data/ogle_gd_500/photometry/OGLE-GD-RRLYR-10701.dat,2c1163c610aa645c5cdd7c5633cb8d09812bcab897dd5503e97ceecb25c6277c,103,1635.65344,True,206,0.6629544,,0.6629519320770504,0.04596530845177535,0.237060546875,103,50434,0.18989901862733305,2,-766.7951499625719
OGLE-GD-RRLYR-10726,RRab,GD,data/ogle_gd_500/photometry/OGLE-GD-RRLYR-10726.dat,294be23bd7c8b0ab5bb083f4d4983eebd019d5495413c4a0ac35a9e7cfc64cdf,89,1608.6272399999998,True,505,0.51763523,,0.5176255825187707,0.3324935119495483,0.94873046875,89,49601,0.7171665244858367,4,-452.60328215775553
OGLE-GD-RRLYR-10765,RRab,GD,data/ogle_gd_500/photometry/OGLE-GD-RRLYR-10765.dat,8e150a6642073fc31e36a4bca1ac3164b132a15cee9ba4dd89495fe3badc282c,88,486.91176000000087,True,365,0.51574482,,0.5157509803015282,0.13724256731072287,0.140380859375,88,15015,0.596560912495562,3,-532.9554163492785
OGLE-GD-RRLYR-10772,RRab,GD,data/ogle_gd_500/photometry/OGLE-GD-RRLYR-10772.dat,e04779c0cc74fa448b770d481021b5c4b69affe89c45664c5cc2f6e228df432a,89,486.91122,True,474,0.59286958,,0.5928674804676105,0.012059830522031873,0.86669921875,89,15015,0.37729868896146,4,-747.7931607294795
OGLE-GD-RRLYR-10846,RRc,GD,data/ogle_gd_500/photometry/OGLE-GD-RRLYR-10846.dat,acc5f9f12b7835eb591b2b9e83b09c7e24769790c376ba25c67d6f2fab635901,103,1633.6010099999994,True,289,0.42340914,,0.42340377567613713,0.048642825513424255,0.5283203125,103,50371,0.1612784649676371,1,-770.233017961399
OGLE-GD-RRLYR-10872,RRc,GD,data/ogle_gd_500/photometry/OGLE-GD-RRLYR-10872.dat,a31e71b0ae0abf6b66b1b9663d810be84b863d4a25573528a09ad48a1f76ae79,85,486.9056700000001,True,477,0.30763397,,0.3076331848137074,0.019484838206155382,0.13134765625,85,15014,0.2971962408500701,4,-667.9389289541203
OGLE-GD-RRLYR-10888,RRab,GD,data/ogle_gd_500/photometry/OGLE-GD-RRLYR-10888.dat,ed337b21922cc2f8c3c80c059ce6ad805a2904ed8470c81d71947303dff3eb46,101,1633.6010099999994,True,147,0.54127287,,0.541271370489886,0.07152138737751224,0.867431640625,101,50371,0.6690549104282297,4,-686.3896007673922
OGLE-GD-RRLYR-10932,RRab,GD,data/ogle_gd_500/photometry/OGLE-GD-RRLYR-10932.dat,b78bdcab1009cf464a56c1428d05989837d80350dbc30597ea75733bf7001d03,89,488.9328800000003,True,214,0.56945177,,0.5694634365451836,0.14318695846049986,0.08984375,89,15077,0.36501024350198463,3,-536.5603109200489
OGLE-GD-RRLYR-10943,RRab,GD,data/ogle_gd_500/photometry/OGLE-GD-RRLYR-10943.dat,a4780dea1df22c5a6e6bcdb9a3e4d2f2238263f85f3ea273d24f851694f46bf7,102,1633.6004900000007,True,265,0.56570228,,0.5657058823552035,0.11794345132693017,0.540283203125,102,50371,0.47986215294332624,4,-643.5275983554965
OGLE-GD-RRLYR-10954,RRc,GD,data/ogle_gd_500/photometry/OGLE-GD-RRLYR-10954.dat,9ed582f58cb3e50d3ae70a8e2851f48687c7d60ef1f3de906417a71e9653a27f,84,486.9056700000001,True,75,0.27394335,,0.27394253828701387,0.04435177228485934,0.63720703125,84,15014,0.3083191106746064,3,-598.4526959267092
OGLE-GD-RRLYR-10962,RRab,GD,data/ogle_gd_500/photometry/OGLE-GD-RRLYR-10962.dat,778c9504cec76b3b5e4e56a29a4c5d376e194e48d706490fe42ffa7b409d7def,103,1633.6010099999994,True,341,0.63171931,,0.6317210568144817,0.022340712815952173,0.216796875,103,50371,0.32842155723113464,4,-822.5682874643431
OGLE-GD-RRLYR-10966,RRc,GD,data/ogle_gd_500/photometry/OGLE-GD-RRLYR-10966.dat,3837a756cead056eb60e009e921dcb198376a299d98ff86675289b7837634b7a,60,1612.6613500000003,True,165,0.35853808,,0.3585364912734123,0.008660067166134225,0.64697265625,60,49725,0.3038615720873814,4,-489.6591961430986
OGLE-GD-RRLYR-10975,RRc,GD,data/ogle_gd_500/photometry/OGLE-GD-RRLYR-10975.dat,2524b9c49bbc54568f08960b22699dd22309d7a8895f553650ff06351b6b6212,112,1555.7421999999997,True,204,0.30712423,,0.3071236441582407,0.08600656061472844,0.22509765625,112,47970,0.22388113040802438,1,-784.3710284349664
OGLE-GD-RRLYR-10986,RRab,GD,data/ogle_gd_500/photometry/OGLE-GD-RRLYR-10986.dat,5793150314eec0d11cd41e4d19f2f58b20378a63549b2842a933a68385a7260d,60,1612.6613500000003,True,353,0.41896481,,0.41896409368168647,0.033635159998784483,0.48193359375,60,49725,0.8485038264736957,4,-408.2482279472499
OGLE-GD-RRLYR-10991,RRab,GD,data/ogle_gd_500/photometry/OGLE-GD-RRLYR-10991.dat,c24eea1ca72348552aebe004b18ea99ccc77588c8751922256b6be827fc0b680,61,1612.6612800000012,True,491,0.43931067,,0.439312620586733,0.04661153578632517,0.716552734375,61,49725,0.7921622459556712,4,-396.6749074576406
OGLE-GD-RRLYR-11012,RRc,GD,data/ogle_gd_500/photometry/OGLE-GD-RRLYR-11012.dat,c5c059c09c67b07abce755e0329c9b6aa4ebe08b70eb8f9f492132b4b26d1fd3,58,1612.6613500000003,True,16,0.27180866,,0.27180847693678567,0.01648811002514686,0.69189453125,58,49725,0.302926139783537,2,-449.2397507660131
OGLE-GD-RRLYR-11015,RRab,GD,data/ogle_gd_500/photometry/OGLE-GD-RRLYR-11015.dat,c3ff91c26679390813e4d1cfe13425199bdcba512acab2e0b64c279712d2fd9a,61,1612.6612800000012,True,26,0.54576108,,0.5457562205680727,0.013711513246967231,0.470703125,61,49725,0.41255788611299593,4,-471.31525145383
OGLE-GD-RRLYR-11053,RRab,GD,data/ogle_gd_500/photometry/OGLE-GD-RRLYR-11053.dat,8de32be75857dc0e597679bf8e35ed5c1ca2b8b03a970114cf058b5cb471d41b,61,1612.6612800000012,True,475,0.53212231,,0.5321240080319304,0.15816584097637487,0.266845703125,61,49725,0.7859788379044055,4,-322.1453484425389
OGLE-GD-RRLYR-11112,RRab,GD,data/ogle_gd_500/photometry/OGLE-GD-RRLYR-11112.dat,bce644e2c94d8cd1de87c53bb595806af07a94788fdf6662990a5da1717897ff,80,1633.64617,True,74,0.54233963,,0.5423363693146408,0.06304675939893424,0.334228515625,80,50372,0.6756365631494567,4,-527.8521536441899
OGLE-GD-RRLYR-11140,RRab,GD,data/ogle_gd_500/photometry/OGLE-GD-RRLYR-11140.dat,5d3aa36f6cc8804a34db5e86de929a6c81ef04bb325cd70dabc40933654ba089,60,1610.7225500000004,True,271,0.43256361,,0.43256348125741634,0.03515207887925103,0.32080078125,60,49665,0.6701590248432403,4,-405.60151927478455
OGLE-GD-RRLYR-11181,RRab,GD,data/ogle_gd_500/photometry/OGLE-GD-RRLYR-11181.dat,363298cd90735d4a8463584851466bd6c6463519c265db9ed8bed5f5e1e47cd8,76,1611.7138000000004,True,142,0.63073713,,0.6307382678958477,0.06080886241275473,0.979248046875,76,49696,0.3305385571346342,3,-507.2913671715943
OGLE-GD-RRLYR-11198,RRab,GD,data/ogle_gd_500/photometry/OGLE-GD-RRLYR-11198.dat,69a34118a3ab32c07303bf7d5ccc669052177d0586a6a7953d7b73c6a59010ed,54,465.9632700000002,True,182,0.64411608,,0.6441306995136284,0.02548084242613714,0.0146484375,54,14369,0.7523332436260546,4,-373.68603092384774
OGLE-GD-RRLYR-11201,RRab,GD,data/ogle_gd_500/photometry/OGLE-GD-RRLYR-11201.dat,63f186d82fbd97ea2bcac7ecb51d75db1f0895bf5fd44471c00841e77a354cd6,65,1610.7182599999996,True,276,0.63934476,,0.6393535711585696,0.060755735474806186,0.728271484375,65,49665,0.2692858666156859,2,-428.34694528099305
OGLE-GD-RRLYR-11207,RRab,GD,data/ogle_gd_500/photometry/OGLE-GD-RRLYR-11207.dat,435c66a84e0b942c697361243d9b26ff6e7e084589f6c4d11f785f71a5297d1d,78,1611.7137599999996,True,187,0.4735126,,0.47351195809713736,0.010557213569544146,0.051025390625,78,49696,0.34555736742334453,3,-659.9433982276533
OGLE-GD-RRLYR-11219,RRab,GD,data/ogle_gd_500/photometry/OGLE-GD-RRLYR-11219.dat,ed301f60e35fdd96d2802076b9b37e2619969e35ba3f19ecebadaa579aa5a062,78,1611.7137599999996,True,440,0.58220095,,0.5821906788462626,0.04278623149660723,0.622802734375,78,49696,0.5600238107849904,4,-542.0762361428657
OGLE-GD-RRLYR-11256,RRab,GD,data/ogle_gd_500/photometry/OGLE-GD-RRLYR-11256.dat,f1bc4edd3a29103289c45221c934b3d104db37adb4be749fc7e112320ad06ac6,74,1558.7754999999995,True,24,0.49437801,,0.49435301429124073,0.3081969721147179,0.472900390625,74,48064,0.9185343336839189,4,-362.5593633266002
OGLE-GD-RRLYR-11317,RRc,GD,data/ogle_gd_500/photometry/OGLE-GD-RRLYR-11317.dat,c825e42a9c438181149bb77f0d6909a23b6ccbf4d92bb3e0402ec1acbff32fe9,72,1610.68894,True,503,0.28545344,,0.28545445436906197,0.08682596155971363,0.9296875,72,49664,0.3770075280837517,3,-449.6638032293105
OGLE-GD-RRLYR-11357,RRab,GD,data/ogle_gd_500/photometry/OGLE-GD-RRLYR-11357.dat,fc7123a26653f07d9767234031179c90b6f347408b115decc3150fe045e245ea,72,1633.6332599999996,True,10,0.53205582,,0.5320555820859137,0.08989716892257019,0.062744140625,72,50372,0.3222841993172487,2,-455.7143595723467
OGLE-GD-RRLYR-11396,RRab,GD,data/ogle_gd_500/photometry/OGLE-GD-RRLYR-11396.dat,236eaf2f69c158100be639c6c50e4fcc6b7078215747be3cb3c5c34960d1cea6,71,1610.6874499999994,True,308,0.73136334,,0.7313620678721949,0.01696717884351452,0.28125,71,49664,0.5314773540730151,4,-549.4531589684489
OGLE-GD-RRLYR-11409,RRab,GD,data/ogle_gd_500/photometry/OGLE-GD-RRLYR-11409.dat,a1d1e0617896ddf21b5d9468d30fc2dca05100ae0755a634c90e5707c8d36404,73,1633.6332599999996,True,279,0.45851386,,0.4585061759971732,0.08796720838766396,0.70703125,73,50372,0.8038123860561832,4,-447.7466999035476
OGLE-GD-RRLYR-11456,RRab,GD,data/ogle_gd_500/photometry/OGLE-GD-RRLYR-11456.dat,5fa67d413b0b2ae34aa494a9e963d055c61f66f2de52ddb744338076d2bff697,70,1610.6874499999994,True,320,0.59365259,,0.5936484704937656,0.09900212810964969,0.026123046875,70,49664,0.4044551302954389,3,-425.2896803185664
OGLE-GD-RRLYR-11465,RRab,GD,data/ogle_gd_500/photometry/OGLE-GD-RRLYR-11465.dat,68085ae2c395be1a7efe883fe007c6e04c580406e0f0d93c7bc53f44cb5b3054,73,1633.6291499999998,True,84,0.67493356,,0.6749350682523113,0.006700740457208998,0.96923828125,73,50372,0.47223124778193615,4,-635.7031635087418
OGLE-GD-RRLYR-11494,RRab,GD,data/ogle_gd_500/photometry/OGLE-GD-RRLYR-11494.dat,eeda530729b36e934ff8da0e3db55a631f5320918f5b428b9126f42196c7712e,72,1633.6277,True,257,0.58763333,,0.5876297066080538,0.15547115132021289,0.39208984375,72,50372,0.44876489340659376,3,-407.71987785443815
OGLE-GD-RRLYR-11500,RRab,GD,data/ogle_gd_500/photometry/OGLE-GD-RRLYR-11500.dat,bd785c196368bee195c934fdc172860ab306e7d85a543456d14283c714e405e5,50,465.90250000000015,True,453,0.42989129,,0.3003873581735783,0.14403672681349972,0.783935546875,50,14367,0.5385762466200958,2,-269.0133604692986
OGLE-GD-RRLYR-11504,RRab,GD,data/ogle_gd_500/photometry/OGLE-GD-RRLYR-11504.dat,a90deed27a22acc9e37af28695525647528e5afab6884b7c743caca76befd4d3,68,1604.6464799999994,True,496,0.63503511,,0.6350370224604753,0.008746392382678722,0.242919921875,68,49478,0.41357003242216983,4,-566.9911963674657
OGLE-GD-RRLYR-11525,RRab,GD,data/ogle_gd_500/photometry/OGLE-GD-RRLYR-11525.dat,3b461faecc88446cd349d94f854f193eed90d37744581381aeecdaae82223c2b,70,1615.681729999999,True,58,0.5254862,,0.5254654433404551,0.18760705542354425,0.27783203125,70,49818,0.8995244869646903,4,-372.04810892044065
OGLE-GD-RRLYR-11552,RRab,GD,data/ogle_gd_500/photometry/OGLE-GD-RRLYR-11552.dat,f5539a5d816270b51dbac266df181f9e8ece085ba5d4e38a23e34c9ef7ac22e8,69,1604.64628,True,450,0.51777654,,0.5177763761560596,0.017345394865408516,0.95556640625,69,49478,0.3192825450059793,3,-538.0360448881898
OGLE-GD-RRLYR-11557,RRab,GD,data/ogle_gd_500/photometry/OGLE-GD-RRLYR-11557.dat,19abdd7af87d7b89409ff2d1003273abc693bb6e044f2fbde9293aea463175f9,66,1604.64628,True,377,0.52327246,,0.5232654272836261,0.24034538338211175,0.196044921875,66,49478,0.7836488498039884,4,-328.7154328731974
OGLE-GD-RRLYR-11578,RRab,GD,data/ogle_gd_500/photometry/OGLE-GD-RRLYR-11578.dat,ee1c5d64f94bc5229c707f511964c31607591053d2997207d7ebce555db22f84,68,1604.6464799999994,True,392,0.62073087,,0.6207290008362087,0.0331938683760625,0.735595703125,68,49478,0.782127751704838,4,-476.2979742159617
OGLE-GD-RRLYR-11630,RRab,GD,data/ogle_gd_500/photometry/OGLE-GD-RRLYR-11630.dat,7a2294be90e4497ea55fa7ef90b028a417719921b2f3c3a3e1bd0949132e6f20,67,1615.6806400000005,True,476,0.53943791,,0.539424859959512,0.062431065437063914,0.40087890625,67,49818,0.7710516858529246,4,-425.5048623297372
OGLE-GD-RRLYR-11646,RRab,GD,data/ogle_gd_500/photometry/OGLE-GD-RRLYR-11646.dat,4a784f9f62de5773b6c04401b640618131e7f5eed9bcfea87682c13822adecd7,70,1633.6214599999994,True,434,0.67223487,,0.6722363244341262,0.09722856689198665,0.120849609375,70,50371,0.39287022285897066,3,-426.55505489113324
