OGLE-SMC-RRLYR-0001  19.013 19.519  0.5588141 0.0000005  2088.82686  0.667  0.449 4.223  0.332 2.250
OGLE-SMC-RRLYR-0002  19.003 19.599  0.5947913 0.0000012  2088.50189  0.398  0.477 4.409  0.321 2.902
OGLE-SMC-RRLYR-0003  19.161 19.783  0.6506693 0.0000085  3210.31325  0.311  0.544 4.469  0.308 3.189
OGLE-SMC-RRLYR-0005  19.049 19.561  0.5652567 0.0000024  2088.40932  0.413  0.409 4.019  0.146 2.023
OGLE-SMC-RRLYR-0006  18.980 19.473  0.5471791 0.0000006  2088.56049  0.675  0.470 4.222  0.352 2.084
OGLE-SMC-RRLYR-0008  19.133 19.721  0.6328832 0.0000032  3210.38288  0.355  0.454 4.469  0.275 2.608
OGLE-SMC-RRLYR-0009  18.884 19.441  0.6947615 0.0000017  3210.61132  0.546  0.496 4.488  0.370 2.765
OGLE-SMC-RRLYR-0010  19.195 19.758  0.5530407 0.0000014  2088.50129  0.378  0.347 4.216  0.184 2.490
OGLE-SMC-RRLYR-0011  19.172 19.782  0.5957614 0.0000021  3210.28485  0.427  0.363 4.313  0.275 2.446
OGLE-SMC-RRLYR-0012  19.149 19.761  0.6256321 0.0000028  3210.28812  0.449  0.464 4.475  0.307 2.877
OGLE-SMC-RRLYR-0013  18.976 19.555  0.6711897 0.0000019  2088.90646  0.374  0.416 4.435  0.267 3.028
OGLE-SMC-RRLYR-0014  19.185    -    0.6043901 0.0000070  2106.73322  0.521  0.408 4.511  0.449 2.658
OGLE-SMC-RRLYR-0015  19.123 19.711  0.6099913 0.0000009  2088.82368  0.446  0.420 4.317  0.331 2.626
OGLE-SMC-RRLYR-0016  18.145 18.878  0.6539035 0.0000045  3210.21352  0.122  0.373 4.177  0.205 2.408
OGLE-SMC-RRLYR-0018  19.284 19.766  0.5607585 0.0000017  2088.50820  0.475  0.346 4.048  0.139 1.798
OGLE-SMC-RRLYR-0019  18.910 19.493  0.6687959 0.0000017  2090.82034  0.380  0.404 4.421  0.275 3.029
OGLE-SMC-RRLYR-0022  19.234 19.825  0.5927747 0.0000010  2088.83439  0.512  0.400 4.252  0.307 2.147
OGLE-SMC-RRLYR-0023  19.061 19.673  0.5880200 0.0000009  2088.62565  0.494  0.399 4.209  0.305 2.245
OGLE-SMC-RRLYR-0025  18.818 19.467  0.6429212 0.0000027  2088.75998  0.228  0.317 4.710  0.120 3.335
OGLE-SMC-RRLYR-0027  19.120 19.654  0.5721838 0.0000032  3210.67355  0.625  0.493 4.435  0.416 2.579
OGLE-SMC-RRLYR-0029  19.064 19.643  0.5937182 0.0000009  2088.44319  0.472  0.364 4.073  0.353 2.098
OGLE-SMC-RRLYR-0030  18.935 19.524  0.6158904 0.0000015  3210.56778  0.461  0.412 4.233  0.318 2.447
OGLE-SMC-RRLYR-0031  19.211 19.740  0.5318041 0.0000020  3210.57132  0.478  0.404 4.250  0.156 2.438
OGLE-SMC-RRLYR-0033  19.044 19.600  0.6051273 0.0000014  2088.60956  0.414  0.356 4.325  0.247 2.498
OGLE-SMC-RRLYR-0034  19.056 19.615  0.5741084 0.0000007  2090.72811  0.638  0.509 4.289  0.376 2.470
OGLE-SMC-RRLYR-0036  19.107 19.585  0.5222231 0.0000003  2088.69937  0.815  0.477 4.064  0.381 1.970
OGLE-SMC-RRLYR-0038  19.182 19.717  0.5230893 0.0000017  2090.60780  0.455  0.348 4.108  0.091 2.077
OGLE-SMC-RRLYR-0039  19.130 19.708  0.5835454 0.0000015  2088.57791  0.420  0.351 4.184  0.285 2.193
OGLE-SMC-RRLYR-0041  19.127 19.733  0.5952036 0.0000009  2088.69192  0.513  0.422 4.216  0.338 2.182
OGLE-SMC-RRLYR-0042  18.957 19.484  0.5722877 0.0000006  2090.82343  0.624  0.451 4.123  0.357 2.352
OGLE-SMC-RRLYR-0043  19.148 19.718  0.6245267 0.0000007  2088.36041  0.690  0.512 4.380  0.353 2.811
OGLE-SMC-RRLYR-0044  18.731 19.436  0.6322830 0.0000028  3210.34248  0.376  0.448 4.510  0.315 2.914
OGLE-SMC-RRLYR-0045  19.304 19.869  0.5112821 0.0000030  3210.56541  0.369  0.242 4.447  0.000   -  
OGLE-SMC-RRLYR-0046  18.996 19.626  0.7307034 0.0000031  2088.56051  0.240  0.326 4.655  0.138 3.435
OGLE-SMC-RRLYR-0047  19.076 19.599  0.5591917 0.0000005  2090.68171  0.665  0.410 4.194  0.369 2.084
OGLE-SMC-RRLYR-0048  18.923 19.499  0.5910502 0.0000007  2088.56547  0.512  0.473 4.197  0.396 2.337
OGLE-SMC-RRLYR-0049  18.885 19.472  0.5872132 0.0000005  2088.61839  0.716  0.468 4.199  0.343 2.320
OGLE-SMC-RRLYR-0051  13.184 13.660  0.7370176 0.0000003  3210.48175  0.663  0.454 4.557  0.222 3.238
OGLE-SMC-RRLYR-0052  17.877 18.675  0.5931921 0.0000006  2088.40447  0.239  0.481 4.080  0.383 2.194
OGLE-SMC-RRLYR-0053  19.255 19.829  0.5563980 0.0000022  2088.67853  0.397  0.303 4.292  0.159 2.127
OGLE-SMC-RRLYR-0054  19.248 19.799  0.5819839 0.0000007  2088.34213  0.585  0.464 4.232  0.326 2.427
OGLE-SMC-RRLYR-0056  18.854 19.416  0.6001837 0.0000016  2088.63208  0.332  0.291 4.385  0.209 2.189
OGLE-SMC-RRLYR-0057  19.154 19.707  0.6311067 0.0000040  2235.33447  0.312  0.401 4.679  0.204 3.225
OGLE-SMC-RRLYR-0058  19.238 19.773  0.5704761 0.0000006  2088.78589  0.718  0.447 4.085  0.358 2.215
OGLE-SMC-RRLYR-0059  19.488 20.011  0.4666863 0.0000008  2088.88454  0.664  0.456 4.049  0.301 2.002
OGLE-SMC-RRLYR-0060  19.076 19.642  0.5859523 0.0000011  2088.61966  0.555  0.473 4.250  0.313 2.432
OGLE-SMC-RRLYR-0063  19.352 19.860  0.4650381 0.0000004  2090.40785  0.764  0.504 4.136  0.385 2.332
OGLE-SMC-RRLYR-0064  19.210 19.765  0.5443227 0.0000005  2088.61755  0.677  0.430 4.157  0.345 2.135
OGLE-SMC-RRLYR-0066  18.773 19.294  0.5676896 0.0000004  2088.85245  0.653  0.470 4.261  0.354 2.427
OGLE-SMC-RRLYR-0068  19.070 19.686  0.6357513 0.0000017  2090.73587  0.341  0.434 4.545  0.257 3.091
OGLE-SMC-RRLYR-0069  19.015 19.587  0.6314648 0.0000011  2088.43892  0.336  0.395 4.317  0.255 2.847
OGLE-SMC-RRLYR-0072  18.874 19.374  0.5555316 0.0000009  2088.39284  0.575  0.477 4.245  0.253 2.276
OGLE-SMC-RRLYR-0075  19.166 19.679  0.5225272 0.0000004  2090.35066  0.753  0.438 4.206  0.409 2.099
OGLE-SMC-RRLYR-0076  19.109 19.695  0.6641898 0.0000021  2088.36913  0.336  0.415 4.177  0.266 2.580
OGLE-SMC-RRLYR-0077  19.050 19.644  0.6043705 0.0000012  2088.31417  0.464  0.437 4.363  0.340 2.779
OGLE-SMC-RRLYR-0078  18.885 19.450  0.6351494 0.0000008  2090.42206  0.496  0.391 4.384  0.329 2.418
OGLE-SMC-RRLYR-0079  19.004 19.622  0.6827080 0.0000025  2088.38111  0.252  0.309 4.472  0.231 2.990
OGLE-SMC-RRLYR-0080  18.959 19.351  0.5019879 0.0000009  2088.65344  0.576  0.360 3.952  0.131 1.228
OGLE-SMC-RRLYR-0081  19.165 19.721  0.5611965 0.0000007  2088.82234  0.543  0.439 4.117  0.339 2.264
OGLE-SMC-RRLYR-0082  19.027 19.569  0.6577502 0.0000009  2088.67536  0.557  0.480 4.481  0.350 2.900
OGLE-SMC-RRLYR-0083  19.021 19.592  0.6004160 0.0000008  2090.31401  0.465  0.358 4.148  0.329 2.221
OGLE-SMC-RRLYR-0084  18.997 19.502  0.5733836 0.0000006  2088.80768  0.613  0.477 4.109  0.378 2.144
OGLE-SMC-RRLYR-0085  19.059 19.632  0.6747516 0.0000014  2090.64565  0.479  0.496 4.391  0.321 2.961
OGLE-SMC-RRLYR-0086  18.995    -    0.5821843 0.0000011  2088.73460  0.485  0.445 4.092  0.312 1.988
OGLE-SMC-RRLYR-0087  18.962 19.489  0.5897498 0.0000009  2088.90647  0.558  0.446 4.282  0.351 2.428
OGLE-SMC-RRLYR-0089  19.127 19.647  0.6122507 0.0000044  2088.81813  0.458  0.357 4.134  0.306 2.212
OGLE-SMC-RRLYR-0090  19.096 19.559  0.6115959 0.0000006  2090.85948  0.744  0.433 4.138  0.341 2.293
OGLE-SMC-RRLYR-0094  19.390 19.900  0.5109425 0.0000008  2123.75115  0.686  0.515 4.266  0.452 2.591
OGLE-SMC-RRLYR-0095  15.660 16.136  0.4843847 0.0000002  2090.82806  0.777  0.473 4.121  0.379 2.088
OGLE-SMC-RRLYR-0097  18.944 19.481  0.6102197 0.0000010  2090.66987  0.409  0.350 4.199  0.263 2.390
OGLE-SMC-RRLYR-0098  18.853 19.399  0.6475204 0.0000017  3210.69938  0.469  0.472 4.325  0.329 2.859
OGLE-SMC-RRLYR-0099  19.061 19.650  0.6940666 0.0000013  2090.48830  0.418  0.490 4.501  0.269 2.929
OGLE-SMC-RRLYR-0100  19.094 19.644  0.6243815 0.0000010  2090.75787  0.487  0.466 4.279  0.337 2.536
OGLE-SMC-RRLYR-0101  18.742 19.353  0.6250731 0.0000021  3210.24957  0.368  0.414 4.498  0.307 2.902
OGLE-SMC-RRLYR-0102  19.054 19.622  0.5442599 0.0000019  2103.52402  0.438  0.368 4.327  0.154 1.998
OGLE-SMC-RRLYR-0103  19.175 19.772  0.5710142 0.0000018  2088.81280  0.417  0.411 4.402  0.208 2.329
OGLE-SMC-RRLYR-0104  19.193 19.737  0.5251519 0.0000007  3210.63408  0.717  0.447 4.091  0.376 1.949
OGLE-SMC-RRLYR-0107  19.309 19.900  0.5728318 0.0000012  2088.38525  0.550  0.399 4.455  0.315 2.340
OGLE-SMC-RRLYR-0108  19.031 19.580  0.6108421 0.0000009  2088.70747  0.494  0.449 4.375  0.357 2.590
OGLE-SMC-RRLYR-0109  19.159 19.693  0.5986249 0.0000008  2088.88474  0.595  0.425 4.241  0.320 2.400
OGLE-SMC-RRLYR-0110  19.070 19.731  0.6635049 0.0000058  2088.34884  0.130  0.226 4.460  0.000   -  
OGLE-SMC-RRLYR-0112  19.157 19.787  0.6541276 0.0000013  2088.71513  0.433  0.457 4.602  0.312 3.077
OGLE-SMC-RRLYR-0113  19.260 19.858  0.6002947 0.0000035  3210.52819  0.351  0.470 4.444  0.163 2.476
OGLE-SMC-RRLYR-0114  19.306 19.934  0.6367831 0.0000023  2088.79543  0.305  0.428 4.743  0.275 3.399
OGLE-SMC-RRLYR-0115  19.336 19.946  0.6515104 0.0000042  2090.27139  0.192  0.360 4.841  0.000   -  
OGLE-SMC-RRLYR-0116  19.037 19.563  0.5875638 0.0000006  2090.57979  0.659  0.471 4.161  0.378 2.203
OGLE-SMC-RRLYR-0117  18.800 19.409  0.7615174 0.0000019  2088.20235  0.313  0.414 4.528  0.261 3.276
OGLE-SMC-RRLYR-0119  18.909 19.415  0.7907345 0.0000012  2088.54214  0.652  0.515 4.763  0.278 3.154
OGLE-SMC-RRLYR-0120  18.944 19.515  0.6177779 0.0000010  2090.71621  0.410  0.468 4.488  0.277 2.880
OGLE-SMC-RRLYR-0121  18.957 19.540  0.6538575 0.0000019  3210.54188  0.377  0.357 4.302  0.331 2.686
OGLE-SMC-RRLYR-0123  18.919 19.507  0.5615851 0.0000009  2088.81580  0.390  0.407 4.402  0.266 2.658
OGLE-SMC-RRLYR-0124  19.175 19.703  0.5544246 0.0000007  2088.51278  0.666  0.434 4.114  0.398 2.072
OGLE-SMC-RRLYR-0125  19.170 19.805  0.6496001 0.0000011  2088.61976  0.470  0.436 4.333  0.300 2.385
OGLE-SMC-RRLYR-0127  18.958 19.519  0.7100672 0.0000009  2088.85725  0.619  0.512 4.682  0.340 3.355
OGLE-SMC-RRLYR-0128  19.019 19.577  0.6197466 0.0000009  2088.31530  0.439  0.360 4.250  0.352 2.325
OGLE-SMC-RRLYR-0129  19.286 19.716  0.5530600 0.0000010  2104.44451  0.611  0.435 4.219  0.244 2.226
OGLE-SMC-RRLYR-0130  18.956 19.559  0.6542782 0.0000014  2088.30041  0.385  0.415 4.448  0.348 2.683
OGLE-SMC-RRLYR-0132  18.879 19.458  0.6244182 0.0000015  2088.37071  0.282  0.336 4.681  0.197 2.805
OGLE-SMC-RRLYR-0133  19.227 19.857  0.6409745 0.0000023  2088.61083  0.359  0.374 4.365  0.232 2.793
OGLE-SMC-RRLYR-0134  19.174 19.731  0.5763198 0.0000007  2090.52556  0.583  0.407 4.285  0.360 2.315
OGLE-SMC-RRLYR-0135  19.138 19.756  0.6268442 0.0000014  2088.31145  0.420  0.348 4.290  0.266 2.279
OGLE-SMC-RRLYR-0137  19.012 19.618  0.6749359 0.0000022  2088.29067  0.316  0.416 4.407  0.254 3.033
OGLE-SMC-RRLYR-0138  18.980 19.593  0.6511184 0.0000020  2088.54103  0.272  0.354 4.558  0.213 3.176
OGLE-SMC-RRLYR-0139  19.177 19.804  0.6939267 0.0000026  2088.48968  0.281  0.365 4.734  0.155 3.088
OGLE-SMC-RRLYR-0142  19.358 19.949  0.5621706 0.0000026  3210.83048  0.356  0.507 4.614  0.281 2.964
OGLE-SMC-RRLYR-0143  19.095 19.701  0.6101339 0.0000011  2088.31030  0.440  0.399 4.195  0.379 2.563
OGLE-SMC-RRLYR-0144  19.420 19.933  0.5426231 0.0000006  2088.76760  0.677  0.407 4.202  0.333 2.087
OGLE-SMC-RRLYR-0145  18.981 19.596  0.6320990 0.0000018  2088.40055  0.325  0.381 4.390  0.237 2.828
OGLE-SMC-RRLYR-0146  19.206 19.834  0.6134328 0.0000014  2088.67846  0.362  0.481 4.377  0.333 2.905
OGLE-SMC-RRLYR-0147  19.177 19.707  0.5769144 0.0000019  2090.72898  0.374  0.357 4.030  0.171 1.784
OGLE-SMC-RRLYR-0149  19.278 19.852  0.5386818 0.0000004  2088.56977  0.734  0.438 4.133  0.344 2.081
OGLE-SMC-RRLYR-0150  18.981 19.602  0.7431941 0.0000046  2088.22556  0.180  0.249 4.718  0.000   -  
OGLE-SMC-RRLYR-0151  19.141 19.684  0.5279133 0.0000018  2088.40356  0.458  0.206 4.314  0.000   -  
OGLE-SMC-RRLYR-0153  19.280 19.927  0.5716856 0.0000027  2088.82369  0.225  0.284 3.808  0.000   -  
OGLE-SMC-RRLYR-0154  19.275 19.855  0.5945858 0.0000011  2090.44142  0.534  0.472 4.385  0.343 2.539
OGLE-SMC-RRLYR-0155  19.060 19.589  0.5779992 0.0000008  2106.68520  0.640  0.440 4.281  0.336 2.362
OGLE-SMC-RRLYR-0157  19.329 19.931  0.5818102 0.0000016  2090.46840  0.455  0.408 4.572  0.254 3.089
OGLE-SMC-RRLYR-0158  19.102 19.671  0.6196578 0.0000010  2088.61833  0.433  0.413 4.301  0.289 2.795
OGLE-SMC-RRLYR-0160  18.897 19.365  0.5723473 0.0000029  2104.50745  0.346  0.238 4.459  0.000   -  
OGLE-SMC-RRLYR-0161  19.133 19.706  0.5604529 0.0000020  2088.38122  0.421  0.299 4.180  0.181 1.845
OGLE-SMC-RRLYR-0163  19.061 19.639  0.6040306 0.0000013  2090.39102  0.445  0.465 4.284  0.312 2.715
OGLE-SMC-RRLYR-0164  19.011 19.580  0.5583457 0.0000007  2090.48675  0.608  0.438 4.215  0.309 2.079
OGLE-SMC-RRLYR-0165  19.374 19.909  0.4902692 0.0000012  2088.49427  0.426  0.411 4.304  0.249 3.210
OGLE-SMC-RRLYR-0166  19.087 19.579  0.5426308 0.0000013  2088.58334  0.427  0.331 3.891  0.212 1.774
OGLE-SMC-RRLYR-0167  19.110 19.692  0.6299242 0.0000021  2090.41751  0.337  0.326 4.550  0.177 2.732
OGLE-SMC-RRLYR-0170  19.481 20.107  0.5442629 0.0000014  2088.84682  0.621  0.568 4.339  0.342 2.545
OGLE-SMC-RRLYR-0171  19.435 19.973  0.5621461 0.0000012  2090.77862  0.478  0.413 4.272  0.320 2.814
OGLE-SMC-RRLYR-0172  18.972 19.509  0.6124387 0.0000006  2090.82865  0.647  0.477 4.299  0.412 2.394
OGLE-SMC-RRLYR-0173  19.083 19.641  0.6107252 0.0000017  2088.65164  0.355  0.391 4.350  0.280 2.427
OGLE-SMC-RRLYR-0174  19.399 19.961  0.5197031 0.0000009  2090.51808  0.584  0.406 4.229  0.274 2.190
OGLE-SMC-RRLYR-0175  19.085 19.579  0.5495806 0.0000005  2088.86161  0.663  0.475 4.106  0.382 2.253
OGLE-SMC-RRLYR-0176  19.044 19.627  0.5951785 0.0000007  2090.30191  0.575  0.348 4.242  0.345 1.991
OGLE-SMC-RRLYR-0178  19.004 19.573  0.5553286 0.0000006  2088.41695  0.681  0.481 4.179  0.340 2.224
OGLE-SMC-RRLYR-0181  19.274 19.859  0.5563448 0.0000009  2090.50881  0.574  0.463 4.172  0.336 2.494
OGLE-SMC-RRLYR-0182  19.145 19.790  0.6541224 0.0000025  2088.49194  0.266  0.394 4.656  0.175 3.223
OGLE-SMC-RRLYR-0183  19.019 19.617  0.6535397 0.0000012  2090.65277  0.432  0.392 4.240  0.318 2.416
OGLE-SMC-RRLYR-0184  19.096 19.662  0.5723965 0.0000009  2088.52068  0.483  0.399 4.373  0.239 2.437
OGLE-SMC-RRLYR-0186  19.103 19.685  0.6138155 0.0000007  2090.44718  0.561  0.398 4.233  0.351 2.371
OGLE-SMC-RRLYR-0188  19.000 19.566  0.6545564 0.0000012  2088.73230  0.409  0.467 4.433  0.318 2.941
OGLE-SMC-RRLYR-0189  18.973 19.558  0.6200685 0.0000021  2103.68762  0.418  0.426 4.433  0.310 2.504
OGLE-SMC-RRLYR-0190  19.162 19.712  0.5489496 0.0000007  2088.45152  0.652  0.437 4.235  0.282 2.185
OGLE-SMC-RRLYR-0191  19.119 19.707  0.6290332 0.0000015  2088.40172  0.336  0.435 4.479  0.304 3.257
OGLE-SMC-RRLYR-0192  19.315 19.866  0.5913678 0.0000017  2090.39137  0.445  0.407 4.271  0.325 2.495
OGLE-SMC-RRLYR-0193  19.034 19.672  0.6352307 0.0000011  2090.43945  0.332  0.335 4.380  0.263 2.599
OGLE-SMC-RRLYR-0194  18.947 19.530  0.6676393 0.0000030  2103.43326  0.208  0.350 4.528  0.159 2.690
OGLE-SMC-RRLYR-0195  19.006 19.578  0.6146743 0.0000008  2090.46428  0.480  0.375 4.424  0.316 2.186
OGLE-SMC-RRLYR-0196  19.114 19.654  0.6079010 0.0000027  2203.60534  0.597  0.492 4.411  0.408 2.790
OGLE-SMC-RRLYR-0197  19.081 19.649  0.5980839 0.0000004  2090.58431  0.668  0.432 4.131  0.349 2.025
OGLE-SMC-RRLYR-0198  19.017 19.598  0.6139930 0.0000009  2090.58449  0.507  0.487 4.349  0.347 2.725
OGLE-SMC-RRLYR-0199  19.301 19.831  0.5839966 0.0000009  2090.36025  0.508  0.439 4.142  0.375 2.428
OGLE-SMC-RRLYR-0200  19.000 19.522  0.5691354 0.0000006  2090.88922  0.664  0.398 4.129  0.315 1.868
OGLE-SMC-RRLYR-0201  19.021 19.584  0.5844517 0.0000005  2088.64101  0.630  0.379 4.158  0.371 2.040
OGLE-SMC-RRLYR-0202  19.160 19.728  0.5754038 0.0000010  2088.69879  0.480  0.413 4.186  0.263 2.165
OGLE-SMC-RRLYR-0203  19.202 19.757  0.5845004 0.0000013  2088.35739  0.465  0.373 4.166  0.281 1.923
OGLE-SMC-RRLYR-0205  19.106 19.636  0.5598748 0.0000006  2088.44809  0.651  0.416 4.139  0.329 2.108
OGLE-SMC-RRLYR-0206  19.003 19.607  0.6133341 0.0000014  2090.82206  0.354  0.464 4.633  0.252 3.135
OGLE-SMC-RRLYR-0207  18.996 19.576  0.6372807 0.0000025  2088.86730  0.245  0.357 4.444  0.180 3.195
OGLE-SMC-RRLYR-0209  19.129 19.664  0.5353769 0.0000005  2088.44221  0.782  0.474 4.166  0.358 2.106
OGLE-SMC-RRLYR-0210  19.086 19.676  0.6253434 0.0000012  2090.80367  0.399  0.458 4.463  0.321 2.807
OGLE-SMC-RRLYR-0211  18.924 19.505  0.5954193 0.0000017  2090.43730  0.373  0.374 4.436  0.168 2.620
OGLE-SMC-RRLYR-0212  19.062 19.619  0.5898729 0.0000007  2103.43239  0.471  0.450 4.304  0.321 2.527
OGLE-SMC-RRLYR-0214  18.994 19.583  0.7111376 0.0000011  2088.53872  0.515  0.491 4.572  0.295 3.092
OGLE-SMC-RRLYR-0216  19.312 19.877  0.4545242 0.0000006  2090.84128  0.662  0.470 4.007  0.294 2.207
OGLE-SMC-RRLYR-0217  19.135 19.800  0.6369681 0.0000026  2088.69593  0.245  0.335 4.439  0.220 2.924
OGLE-SMC-RRLYR-0219  18.866 19.370  0.5593572 0.0000008  2090.76239  0.593  0.470 4.194  0.288 2.268
OGLE-SMC-RRLYR-0220  19.009 19.625  0.6293793 0.0000014  2090.46202  0.384  0.386 4.460  0.307 2.631
OGLE-SMC-RRLYR-0221  19.297 19.883  0.5761431 0.0000031  2105.77226  0.232  0.324 4.974  0.000   -  
OGLE-SMC-RRLYR-0223  18.921 19.492  0.5995291 0.0000016  2090.76307  0.375  0.398 4.407  0.242 2.269
OGLE-SMC-RRLYR-0224  18.998 19.610  0.6731998 0.0000057  2105.61620  0.149  0.215 4.499  0.000   -  
OGLE-SMC-RRLYR-0225  18.866 19.423  0.5811116 0.0000005  2090.39959  0.710  0.471 4.183  0.367 2.242
OGLE-SMC-RRLYR-0226  19.015 19.613  0.5749624 0.0000006  2090.33899  0.596  0.447 4.349  0.370 2.237
OGLE-SMC-RRLYR-0228  19.655 20.270  0.4965985 0.0000010  2090.81050  0.591  0.487 4.211  0.350 2.388
OGLE-SMC-RRLYR-0229  19.255 19.829  0.5601536 0.0000013  2103.92185  0.543  0.431 4.206  0.324 2.246
OGLE-SMC-RRLYR-0230  19.008 19.567  0.6154555 0.0000014  2090.66896  0.465  0.501 4.453  0.374 2.604
OGLE-SMC-RRLYR-0233  19.220 19.809  0.6657034 0.0000038  2090.64451  0.157  0.279 4.712  0.000   -  
OGLE-SMC-RRLYR-0234  19.228 19.791  0.6383611 0.0000014  2103.50971  0.451  0.499 4.404  0.385 2.969
OGLE-SMC-RRLYR-0235  19.115 19.704  0.6159501 0.0000008  2090.34873  0.673  0.480 4.350  0.351 2.602
OGLE-SMC-RRLYR-0236  19.098 19.563  0.5193893 0.0000004  2090.71634  0.732  0.455 4.103  0.337 2.057
OGLE-SMC-RRLYR-0237  19.075 19.639  0.5927495 0.0000006  2103.37439  0.606  0.418 4.183  0.363 2.165
OGLE-SMC-RRLYR-0238  18.809 19.373  0.7095092 0.0000008  2103.54809  0.586  0.518 4.467  0.334 2.723
OGLE-SMC-RRLYR-0239  19.019 19.577  0.6148776 0.0000010  2090.56274  0.473  0.385 4.275  0.350 2.613
OGLE-SMC-RRLYR-0240  18.986 19.557  0.6111383 0.0000024  2088.47150  0.339  0.331 4.472  0.160 2.913
OGLE-SMC-RRLYR-0241  19.152 19.714  0.5720388 0.0000014  2103.87392  0.514  0.384 4.247  0.229 2.224
OGLE-SMC-RRLYR-0243  19.291 19.894  0.6154063 0.0000016  2088.89176  0.438  0.474 4.425  0.338 2.797
OGLE-SMC-RRLYR-0244  19.093 19.605  0.5581836 0.0000005  2088.42529  0.666  0.451 4.224  0.355 2.276
OGLE-SMC-RRLYR-0246  19.029 19.566  0.5876817 0.0000021  2090.82751  0.369  0.280 4.363  0.141 2.296
OGLE-SMC-RRLYR-0248  19.244 19.792  0.5430911 0.0000006  2090.74977  0.671  0.420 4.098  0.358 2.134
OGLE-SMC-RRLYR-0249  18.797 19.375  0.6368892 0.0000019  2090.62991  0.274  0.409 4.466  0.231 2.665
OGLE-SMC-RRLYR-0250  18.999 19.626  0.6841635 0.0000027  2103.53140  0.243  0.335 4.785  0.198 3.386
OGLE-SMC-RRLYR-0252  18.898 19.474  0.5793950 0.0000009  2090.64446  0.438  0.433 4.303  0.264 2.298
OGLE-SMC-RRLYR-0254  19.283 19.929  0.6370735 0.0000022  2090.37872  0.306  0.439 4.486  0.210 3.290
OGLE-SMC-RRLYR-0255  19.201 19.747  0.5934569 0.0000012  2090.50163  0.461  0.429 4.333  0.240 2.438
OGLE-SMC-RRLYR-0256  19.120 19.620  0.5260010 0.0000003  2090.48762  0.804  0.450 4.026  0.372 1.984
OGLE-SMC-RRLYR-0257  19.324 19.954  0.6006829 0.0000007  2088.79238  0.510  0.436 4.328  0.314 2.645
OGLE-SMC-RRLYR-0258  19.182 19.763  0.5762699 0.0000013  2090.87372  0.452  0.409 4.232  0.227 1.954
OGLE-SMC-RRLYR-0259  18.985 19.640  0.6311503 0.0000014  2090.77893  0.349  0.374 4.275  0.287 2.593
OGLE-SMC-RRLYR-0260  18.985 19.615  0.6238269 0.0000011  2103.47794  0.407  0.405 4.339  0.308 2.595
OGLE-SMC-RRLYR-0261  18.859 19.524  0.7035450 0.0000015  2103.52608  0.338  0.412 4.440  0.320 3.075
OGLE-SMC-RRLYR-0262  19.275 19.656  0.4379700 0.0000004  2090.58549  0.473  0.479 4.085  0.331 2.279
OGLE-SMC-RRLYR-0263  19.014 19.596  0.6064172 0.0000007  2103.49953  0.497  0.397 4.215  0.332 2.050
OGLE-SMC-RRLYR-0264  18.982 19.527  0.5943620 0.0000020  2090.66751  0.383  0.353 4.322  0.147 1.984
OGLE-SMC-RRLYR-0265  19.112 19.609  0.5409791 0.0000004  2090.54525  0.781  0.445 4.073  0.354 2.017
OGLE-SMC-RRLYR-0266  16.778 17.348  0.5759322 0.0000002  2090.56275  0.554  0.525 4.498  0.346 2.912
OGLE-SMC-RRLYR-0267  19.369 19.895  0.5327748 0.0000011  2090.82722  0.448  0.533 4.466  0.343 3.001
OGLE-SMC-RRLYR-0268  19.221 19.860  0.6544716 0.0000022  2090.51042  0.306  0.419 4.355  0.284 2.882
OGLE-SMC-RRLYR-0269  19.065 19.659  0.5964578 0.0000007  2103.84354  0.575  0.406 4.266  0.314 2.192
OGLE-SMC-RRLYR-0270  19.003 19.647  0.6425157 0.0000021  2103.60884  0.262  0.388 4.672  0.235 3.086
OGLE-SMC-RRLYR-0272  18.934 19.511  0.6379065 0.0000017  2090.61945  0.296  0.346 4.555  0.280 2.845
OGLE-SMC-RRLYR-0273  19.074 19.630  0.5901106 0.0000016  2090.66664  0.420  0.384 4.350  0.255 2.341
OGLE-SMC-RRLYR-0274  19.062 19.676  0.6227685 0.0000010  2103.73772  0.392  0.471 4.342  0.333 2.798
OGLE-SMC-RRLYR-0275  19.402 20.001  0.5488227 0.0000036  2090.73037  0.486  0.472 4.236  0.340 1.861
OGLE-SMC-RRLYR-0276  19.655 20.117  0.4362624 0.0000005  2105.66646  0.856  0.592 4.047  0.361 2.196
OGLE-SMC-RRLYR-0277  19.181 19.747  0.5339811 0.0000006  2090.45677  0.680  0.471 4.170  0.353 2.195
OGLE-SMC-RRLYR-0278  18.812 19.435  0.7007761 0.0000009  2103.49146  0.575  0.544 4.437  0.363 2.872
OGLE-SMC-RRLYR-0279  19.022 19.651  0.6044610 0.0000009  2090.62932  0.478  0.470 4.293  0.338 2.403
OGLE-SMC-RRLYR-0281  19.260 19.740  0.5280256 0.0000008  2203.59861  0.734  0.434 4.170  0.315 1.926
OGLE-SMC-RRLYR-0282  19.242 19.873  0.6147377 0.0000010  2090.84422  0.489  0.351 4.075  0.317 2.028
OGLE-SMC-RRLYR-0283  18.801 19.309  0.5273399 0.0000004  2090.78354  0.705  0.430 4.146  0.351 2.011
OGLE-SMC-RRLYR-0284  18.965 19.622  0.6315916 0.0000020  2103.88189  0.235  0.354 4.745  0.181 3.282
OGLE-SMC-RRLYR-0285  19.088 19.549  0.5637223 0.0000014  2090.40796  0.544  0.417 4.117  0.223 1.992
OGLE-SMC-RRLYR-0286  19.168 19.641  0.5728926 0.0000007  2090.56783  0.552  0.515 4.302  0.368 2.740
OGLE-SMC-RRLYR-0287  19.238 19.819  0.5667109 0.0000011  2103.39435  0.563  0.441 4.216  0.328 2.313
OGLE-SMC-RRLYR-0288  18.999 19.584  0.6106919 0.0000016  2090.85000  0.403  0.413 4.367  0.255 2.346
OGLE-SMC-RRLYR-0289  19.165 19.706  0.5195318 0.0000004  2090.67069  0.783  0.442 4.122  0.362 2.022
OGLE-SMC-RRLYR-0290  19.013 19.583  0.6102583 0.0000008  2103.69371  0.422  0.421 4.165  0.277 2.325
OGLE-SMC-RRLYR-0294  18.995 19.607  0.6610889 0.0000015  2103.92873  0.408  0.457 4.575  0.263 2.873
OGLE-SMC-RRLYR-0296  18.870 19.412  0.5518610 0.0000004  2090.69382  0.627  0.440 4.071  0.379 2.058
OGLE-SMC-RRLYR-0297  19.124 19.745  0.7184059 0.0000048  2090.53761  0.155  0.232 5.077  0.000   -  
OGLE-SMC-RRLYR-0298  19.146 19.699  0.5373083 0.0000006  2090.59942  0.599  0.382 4.230  0.327 2.188
OGLE-SMC-RRLYR-0299  19.041 19.579  0.6315476 0.0000009  2103.60803  0.607  0.493 4.211  0.431 2.529
OGLE-SMC-RRLYR-0300  19.398 19.941  0.5475949 0.0000006  2090.84892  0.750  0.535 4.192  0.355 2.415
OGLE-SMC-RRLYR-0301  19.306 19.872  0.6158650 0.0000015  2090.37789  0.436  0.448 4.618  0.334 2.945
OGLE-SMC-RRLYR-0303  18.979 19.543  0.6582986 0.0000044  2877.17618  0.354  0.468 4.485  0.278 3.322
OGLE-SMC-RRLYR-0304  19.178 19.770  0.5315612 0.0000005  2090.68520  0.671  0.481 4.065  0.394 1.933
OGLE-SMC-RRLYR-0305  18.909 19.426  0.5819862 0.0000005  2103.49091  0.738  0.431 4.140  0.361 2.145
OGLE-SMC-RRLYR-0306  19.257 19.835  0.6198827 0.0000044  2090.65361  0.361  0.290 4.302  0.000   -  
OGLE-SMC-RRLYR-0307  19.319 19.937  0.6099724 0.0000012  2090.83906  0.456  0.386 4.493  0.360 2.469
OGLE-SMC-RRLYR-0308  19.311 19.909  0.5683016 0.0000012  2090.60871  0.428  0.380 4.253  0.285 2.297
OGLE-SMC-RRLYR-0309  18.767 19.441  0.7264791 0.0000025  2090.50311  0.239  0.302 4.678  0.107 3.422
OGLE-SMC-RRLYR-0310  19.167 19.703  0.5484054 0.0000010  2103.60560  0.425  0.493 4.497  0.268 3.175
OGLE-SMC-RRLYR-0311  19.227 19.828  0.6070460 0.0000019  2090.43693  0.334  0.403 4.143  0.270 2.759
OGLE-SMC-RRLYR-0312  19.185 19.800  0.5535281 0.0000013  2090.86952  0.467  0.351 4.301  0.146 2.171
OGLE-SMC-RRLYR-0313  19.050 19.699  0.6389929 0.0000016  2090.66614  0.312  0.375 4.516  0.297 2.722
OGLE-SMC-RRLYR-0314  19.012 19.584  0.6079483 0.0000009  2103.61875  0.533  0.484 4.338  0.363 2.693
OGLE-SMC-RRLYR-0315  19.207 19.745  0.5336661 0.0000012  2090.62504  0.499  0.316 3.959  0.199 2.040
OGLE-SMC-RRLYR-0316  19.150 19.731  0.5701277 0.0000016  2090.54980  0.455  0.334 4.196  0.200 2.209
OGLE-SMC-RRLYR-0317  19.149 19.752  0.6453247 0.0000026  2103.74567  0.258  0.381 4.455  0.163 3.121
OGLE-SMC-RRLYR-0318  19.017 19.530  0.6276158 0.0000038  2090.39259  0.314  0.366 4.395  0.239 2.354
OGLE-SMC-RRLYR-0319  19.198 19.647  0.5227264 0.0000007  2090.54736  0.796  0.543 4.285  0.386 2.520
OGLE-SMC-RRLYR-0321  19.612 20.096  0.4451729 0.0000004  2103.90978  0.818  0.529 3.965  0.383 2.084
OGLE-SMC-RRLYR-0322  18.847 19.403  0.6055850 0.0000010  2090.71407  0.515  0.348 4.485  0.274 2.319
OGLE-SMC-RRLYR-0323  18.992 19.519  0.5668404 0.0000013  2090.76202  0.461  0.387 4.204  0.244 1.985
OGLE-SMC-RRLYR-0324  18.922 19.494  0.6013964 0.0000013  2090.32640  0.420  0.378 4.160  0.281 1.970
OGLE-SMC-RRLYR-0325  19.105 19.707  0.5881691 0.0000009  2090.83561  0.490  0.469 4.248  0.343 2.439
OGLE-SMC-RRLYR-0326  18.877 19.493  0.6288923 0.0000016  2090.54633  0.400  0.410 4.304  0.257 2.610
OGLE-SMC-RRLYR-0327  19.180 19.788  0.5751790 0.0000007  2090.36618  0.571  0.482 4.264  0.375 2.578
OGLE-SMC-RRLYR-0328  19.093 19.557  0.4914356 0.0000005  2090.45695  0.669  0.451 3.989  0.269 1.980
OGLE-SMC-RRLYR-0329  19.146 19.684  0.5899147 0.0000015  2090.86013  0.439  0.359 4.104  0.233 2.033
OGLE-SMC-RRLYR-0330  19.338 19.976  0.5988606 0.0000015  2103.72228  0.488  0.441 4.471  0.352 2.688
OGLE-SMC-RRLYR-0332  19.135 19.669  0.5139831 0.0000018  2090.68964  0.391  0.215 4.195  0.132 2.835
OGLE-SMC-RRLYR-0334  19.111 19.712  0.6823606 0.0000017  2090.43672  0.392  0.420 4.484  0.311 2.911
OGLE-SMC-RRLYR-0335  18.984 19.569  0.5928711 0.0000017  2090.82373  0.496  0.366 4.222  0.342 2.015
OGLE-SMC-RRLYR-0337  19.309 19.872  0.5850979 0.0000009  2090.59335  0.494  0.429 4.364  0.301 2.676
OGLE-SMC-RRLYR-0338  18.859 19.449  0.5851337 0.0000005  2090.60976  0.589  0.424 4.332  0.346 2.235
OGLE-SMC-RRLYR-0339  19.041 19.676  0.6736387 0.0000023  2090.72220  0.307  0.372 4.662  0.216 2.886
OGLE-SMC-RRLYR-0340  19.192 19.763  0.6192780 0.0000015  2103.48788  0.435  0.443 4.159  0.304 2.409
OGLE-SMC-RRLYR-0341  18.959 19.531  0.6546636 0.0000024  2103.41415  0.221  0.300 4.259  0.195 2.697
OGLE-SMC-RRLYR-0342  19.205 19.794  0.6132540 0.0000015  2090.69957  0.404  0.396 4.364  0.303 2.476
OGLE-SMC-RRLYR-0343  18.690 19.340  0.6060714 0.0000009  2103.80070  0.352  0.433 4.207  0.330 2.196
OGLE-SMC-RRLYR-0344  19.047 19.615  0.6060741 0.0000016  2090.71417  0.381  0.375 4.313  0.240 2.650
OGLE-SMC-RRLYR-0345  19.265 19.803  0.5658907 0.0000005  2103.47888  0.662  0.432 4.207  0.338 2.139
OGLE-SMC-RRLYR-0346  18.946 19.474  0.5881462 0.0000006  2103.71573  0.573  0.417 4.156  0.292 2.032
OGLE-SMC-RRLYR-0347  19.478 20.147  0.5956682 0.0000010  2090.58858  0.540  0.505 4.444  0.366 2.929
OGLE-SMC-RRLYR-0349  19.233 19.879  0.6295044 0.0000016  2103.72428  0.340  0.469 4.638  0.289 3.025
OGLE-SMC-RRLYR-0350  19.086 19.676  0.5889225 0.0000011  2090.78418  0.514  0.352 4.163  0.276 1.897
OGLE-SMC-RRLYR-0351  19.404 19.943  0.5634342 0.0000008  2090.82697  0.669  0.532 4.104  0.365 2.341
OGLE-SMC-RRLYR-0352  19.128 19.609  0.5638770 0.0000007  2103.85304  0.635  0.462 4.258  0.361 2.588
OGLE-SMC-RRLYR-0353  19.039 19.630  0.5781835 0.0000007  2090.53838  0.492  0.369 4.359  0.257 2.214
OGLE-SMC-RRLYR-0354  19.113 19.617  0.5564814 0.0000004  2103.46192  0.772  0.467 4.140  0.391 2.092
OGLE-SMC-RRLYR-0355  18.850 19.479  0.6423394 0.0000015  2103.37500  0.304  0.428 4.506  0.284 2.647
OGLE-SMC-RRLYR-0356  18.981 19.600  0.6180707 0.0000009  2103.58126  0.446  0.423 4.398  0.282 2.359
OGLE-SMC-RRLYR-0358  19.108 19.703  0.6685994 0.0000013  2090.63021  0.589  0.508 4.359  0.335 2.660
OGLE-SMC-RRLYR-0359  19.273 19.830  0.6068132 0.0000017  2090.53047  0.404  0.386 4.302  0.262 2.355
OGLE-SMC-RRLYR-0360  19.017 19.595  0.6592351 0.0000015  2103.57622  0.360  0.456 4.430  0.269 3.075
OGLE-SMC-RRLYR-0361  19.081 19.609  0.6363179 0.0000024  2103.60464  0.458  0.335 4.245  0.207 2.164
OGLE-SMC-RRLYR-0362  18.879 19.429  0.5569380 0.0000009  2103.67519  0.509  0.376 4.173  0.252 2.128
OGLE-SMC-RRLYR-0363  19.077 19.671  0.5897011 0.0000007  2090.69226  0.559  0.433 4.316  0.357 2.539
OGLE-SMC-RRLYR-0364  19.055 19.658  0.6334995 0.0000011  2105.54602  0.369  0.445 4.583  0.307 3.096
OGLE-SMC-RRLYR-0365  19.086 19.644  0.6148133 0.0000009  2090.61767  0.476  0.391 4.250  0.337 2.474
OGLE-SMC-RRLYR-0367  18.999 19.588  0.6216890 0.0000010  2090.48070  0.457  0.456 4.487  0.299 2.758
OGLE-SMC-RRLYR-0368  19.072 19.641  0.6423878 0.0000015  2123.34838  0.591  0.462 4.333  0.367 2.642
OGLE-SMC-RRLYR-0369  19.247 19.893  0.4967665 0.0000015  2090.86145  0.597  0.564 3.683  0.303 1.591
OGLE-SMC-RRLYR-0370  19.159 19.730  0.5734816 0.0000010  2090.75259  0.474  0.406 4.247  0.298 2.383
OGLE-SMC-RRLYR-0371  18.944 19.508  0.6021622 0.0000009  2090.51763  0.430  0.383 4.198  0.261 2.270
OGLE-SMC-RRLYR-0372  19.078 19.677  0.6042134 0.0000008  2105.82533  0.489  0.424 4.224  0.350 2.576
OGLE-SMC-RRLYR-0373  19.126 19.764  0.6242205 0.0000011  2090.37038  0.417  0.410 4.318  0.328 2.482
OGLE-SMC-RRLYR-0374  19.211 19.763  0.5777588 0.0000007  2090.41214  0.573  0.480 4.372  0.351 2.392
OGLE-SMC-RRLYR-0375  19.064 19.660  0.5730219 0.0000006  2090.82199  0.602  0.455 4.128  0.388 2.311
OGLE-SMC-RRLYR-0376  19.127 19.806  0.6503916 0.0000030  2090.68751  0.224  0.385 4.709  0.190 3.655
OGLE-SMC-RRLYR-0377  18.977 19.516  0.6020953 0.0000007  2090.78491  0.528  0.352 4.233  0.308 2.106
OGLE-SMC-RRLYR-0378  19.107 19.733  0.5939525 0.0000007  2090.56377  0.495  0.389 4.271  0.331 2.194
OGLE-SMC-RRLYR-0380  19.119 19.742  0.6104513 0.0000008   666.76394  0.451  0.356 4.202  0.267 2.211
OGLE-SMC-RRLYR-0382  18.859 19.458  0.6423020 0.0000009  2090.64696  0.365  0.376 4.244  0.363 2.429
OGLE-SMC-RRLYR-0383  19.405 19.883  0.4373319 0.0000004  2103.58765  0.758  0.605 4.159  0.418 2.403
OGLE-SMC-RRLYR-0385  19.409 19.950  0.5253261 0.0000006  2090.42281  0.743  0.462 4.131  0.394 2.329
OGLE-SMC-RRLYR-0386  19.036 19.613  0.6034107 0.0000012  2090.88987  0.480  0.469 4.307  0.321 2.708
OGLE-SMC-RRLYR-0387  19.098 19.777  0.6395754 0.0000011   629.77553  0.255  0.386 4.641  0.174 3.025
OGLE-SMC-RRLYR-0388  18.984 19.504  0.5659537 0.0000004   627.44076  0.510  0.401 4.188  0.300 2.134
OGLE-SMC-RRLYR-0389  19.074 19.589  0.5047421 0.0000008  2090.39656  0.597  0.378 4.183  0.182 1.908
OGLE-SMC-RRLYR-0390  19.151 19.731  0.6472609 0.0000011  2103.30847  0.444  0.418 4.373  0.388 2.686
OGLE-SMC-RRLYR-0391  18.988 19.565  0.6318770 0.0000016  2090.69084  0.342  0.376 4.479  0.269 2.849
OGLE-SMC-RRLYR-0392  18.998 19.597  0.6307913 0.0000007   627.58192  0.393  0.447 4.386  0.309 2.642
OGLE-SMC-RRLYR-0393  18.864 19.330  0.5090422 0.0000012  2090.80043  0.624  0.359 4.086  0.137 1.956
OGLE-SMC-RRLYR-0394  19.125 19.740  0.6330274 0.0000006   627.57817  0.442  0.431 4.350  0.335 2.711
OGLE-SMC-RRLYR-0395  19.227 19.798  0.5532456 0.0000010  2090.39336  0.550  0.416 4.263  0.271 2.375
OGLE-SMC-RRLYR-0396  19.028 19.520  0.5829295 0.0000037  2090.40600  0.317  0.000   -    0.123 5.996
OGLE-SMC-RRLYR-0398  18.988 19.551  0.6422480 0.0000005   627.41554  0.566  0.478 4.214  0.377 2.585
OGLE-SMC-RRLYR-0399  19.092 19.643  0.5531332 0.0000004  2090.43857  0.700  0.410 4.111  0.350 1.999
OGLE-SMC-RRLYR-0400  19.038 19.648  0.6634064 0.0000008  2090.35761  0.551  0.447 4.191  0.369 2.520
OGLE-SMC-RRLYR-0401  19.055 19.615  0.5981657 0.0000005   627.57102  0.441  0.390 4.359  0.291 2.373
OGLE-SMC-RRLYR-0402  19.306 19.819  0.5256686 0.0000003   627.69737  0.803  0.450 4.138  0.335 2.062
OGLE-SMC-RRLYR-0403  19.060 19.635  0.6090159 0.0000065  2777.84698  0.321  0.257 4.154  0.194 3.149
OGLE-SMC-RRLYR-0404  19.122 19.671  0.6491054 0.0000008  2090.26107  0.612  0.461 4.408  0.360 2.786
OGLE-SMC-RRLYR-0405  19.307 19.940  0.5578395 0.0000006  2103.44776  0.583  0.472 4.279  0.357 2.559
OGLE-SMC-RRLYR-0406  19.360 20.012  0.5544763 0.0000003   627.49389  0.656  0.486 4.253  0.343 2.244
OGLE-SMC-RRLYR-0407  18.989 19.608  0.6603555 0.0000037  2103.65132  0.166  0.218 4.333  0.000   -  
OGLE-SMC-RRLYR-0408  19.142 19.603  0.5008130 0.0000003   627.49731  0.611  0.473 4.269  0.352 2.201
OGLE-SMC-RRLYR-0410  19.261 19.786  0.5402532 0.0000011  2090.80040  0.518  0.370 4.260  0.267 2.399
OGLE-SMC-RRLYR-0412  19.088 19.730  0.6294275 0.0000016  2090.38762  0.383  0.373 4.379  0.306 3.051
OGLE-SMC-RRLYR-0413  19.144 19.604  0.5319609 0.0000005  2090.47088  0.769  0.454 4.091  0.351 2.187
OGLE-SMC-RRLYR-0414  19.260 19.796  0.5603457 0.0000018  2090.73317  0.416  0.363 4.396  0.171 2.495
OGLE-SMC-RRLYR-0415  19.417 19.954  0.4960884 0.0000003   627.79637  0.669  0.558 4.260  0.379 2.504
OGLE-SMC-RRLYR-0416  19.118 19.700  0.6481102 0.0000007  2103.73299  0.644  0.550 4.530  0.403 2.888
OGLE-SMC-RRLYR-0418  18.839 19.349  0.6519390 0.0000010   627.25351  0.343  0.452 4.344  0.363 2.802
OGLE-SMC-RRLYR-0420  19.234 19.806  0.5627874 0.0000004   627.73369  0.652  0.474 4.156  0.405 2.320
OGLE-SMC-RRLYR-0421  18.915 19.452  0.6285192 0.0000003   627.31974  0.661  0.433 4.117  0.337 2.091
OGLE-SMC-RRLYR-0422  19.138 19.678  0.6165656 0.0000018  2105.84701  0.465  0.424 4.363  0.309 2.687
OGLE-SMC-RRLYR-0423  19.116 19.748  0.6227884 0.0000010  2090.63988  0.390  0.421 4.444  0.289 2.637
OGLE-SMC-RRLYR-0424  18.965 19.574  0.6264522 0.0000008  2090.31648  0.423  0.360 4.199  0.310 2.431
OGLE-SMC-RRLYR-0425  19.014 19.639  0.6576527 0.0000013   627.35403  0.224  0.336 4.489  0.151 3.390
OGLE-SMC-RRLYR-0426  19.011 19.616  0.5504783 0.0000005  2090.40141  0.632  0.452 4.088  0.351 2.152
OGLE-SMC-RRLYR-0427  19.101 19.651  0.5694366 0.0000005  2090.34915  0.615  0.468 4.200  0.402 2.381
OGLE-SMC-RRLYR-0428  19.252 19.803  0.6098505 0.0000008  2090.69420  0.666  0.523 4.232  0.364 2.615
OGLE-SMC-RRLYR-0429  19.191 19.729  0.5952570 0.0000015  2090.86621  0.341  0.512 4.636  0.271 3.126
OGLE-SMC-RRLYR-0430  19.266 19.738  0.5225061 0.0000003   626.63204  0.793  0.431 4.015  0.357 2.025
OGLE-SMC-RRLYR-0431  19.116 19.617  0.5194813 0.0000006   625.88461  0.417  0.349 4.001  0.137 1.798
OGLE-SMC-RRLYR-0432  19.539 20.009  0.4126965 0.0000002   625.72803  0.885  0.476 4.088  0.401 1.894
OGLE-SMC-RRLYR-0433  18.830 19.368  0.5331027 0.0000004  2090.84406  0.748  0.465 4.128  0.354 1.934
OGLE-SMC-RRLYR-0435  18.842 19.488  0.6877891 0.0000009   625.27676  0.308  0.360 4.387  0.285 2.756
OGLE-SMC-RRLYR-0437  19.219 19.762  0.5252732 0.0000005  2090.83458  0.725  0.426 4.079  0.326 1.938
OGLE-SMC-RRLYR-0440  19.182 19.770  0.5881046 0.0000005   627.49302  0.464  0.461 4.519  0.289 3.093
OGLE-SMC-RRLYR-0442  19.202 19.775  0.5573321 0.0000005  2103.50043  0.721  0.428 4.153  0.348 2.192
OGLE-SMC-RRLYR-0444  18.804 19.411  0.9013819 0.0000014  2090.22354  0.430  0.337 4.239  0.250 1.982
OGLE-SMC-RRLYR-0445  19.110 19.760  0.6675777 0.0000011   625.79931  0.321  0.388 4.255  0.314 2.635
OGLE-SMC-RRLYR-0446  19.135 19.760  0.6072599 0.0000007  2103.45779  0.619  0.369 4.157  0.359 2.075
OGLE-SMC-RRLYR-0447  19.162 19.684  0.5532015 0.0000005  2103.54774  0.714  0.439 4.086  0.384 2.088
OGLE-SMC-RRLYR-0448  18.925 19.520  0.5988112 0.0000006  2103.37022  0.555  0.383 4.278  0.335 2.212
OGLE-SMC-RRLYR-0450  19.032 19.561  0.5964010 0.0000009  2103.47320  0.497  0.460 4.328  0.347 2.647
OGLE-SMC-RRLYR-0452  19.505 20.127  0.5735945 0.0000011   625.47681  0.313  0.372 4.514  0.201 3.016
OGLE-SMC-RRLYR-0453  18.933 19.463  0.5759558 0.0000003   625.37910  0.711  0.412 4.116  0.344 1.913
OGLE-SMC-RRLYR-0454  19.004 19.530  0.5770464 0.0000003   625.56120  0.637  0.381 4.175  0.346 1.931
OGLE-SMC-RRLYR-0455  19.203 19.772  0.5890331 0.0000011   625.81118  0.316  0.414 4.478  0.196 2.711
OGLE-SMC-RRLYR-0457  18.724 19.262  0.5839246 0.0000004   625.52989  0.477  0.396 4.213  0.259 2.217
OGLE-SMC-RRLYR-0458  19.152 19.618  0.5232018 0.0000002   625.84350  0.830  0.472 4.121  0.342 2.010
OGLE-SMC-RRLYR-0459  19.400 19.986  0.7093912 0.0000019   625.79133  0.199  0.262 5.161  0.154 3.973
OGLE-SMC-RRLYR-0463  19.110 19.674  0.5746931 0.0000005  2103.88776  0.635  0.412 4.280  0.281 2.058
OGLE-SMC-RRLYR-0464  19.142 19.571  0.4859085 0.0000004   625.53778  0.590  0.374 4.005  0.176 1.974
OGLE-SMC-RRLYR-0465  18.998 19.561  0.5881918 0.0000014   625.57794  0.344  0.333 4.257  0.222 2.325
OGLE-SMC-RRLYR-0466  18.888 19.524  0.6460921 0.0000011  2103.66065  0.351  0.380 4.211  0.293 2.438
OGLE-SMC-RRLYR-0467  19.381 19.798  0.4278975 0.0000003   625.59952  0.678  0.494 4.140  0.268 1.950
OGLE-SMC-RRLYR-0468  19.263 19.889  0.5872598 0.0000011  2090.81002  0.415  0.388 4.216  0.270 2.340
OGLE-SMC-RRLYR-0469  19.248 19.862  0.5592117 0.0000006   625.78660  0.456  0.525 4.402  0.355 2.839
OGLE-SMC-RRLYR-0470  18.817 19.412  0.6903214 0.0000024  2090.71922  0.243  0.348 4.485  0.170 3.320
OGLE-SMC-RRLYR-0471  19.065 19.672  0.6026554 0.0000006   625.70446  0.497  0.399 4.208  0.354 2.350
OGLE-SMC-RRLYR-0473  19.307 19.923  0.5748780 0.0000017  2090.55921  0.489  0.425 4.164  0.254 2.351
OGLE-SMC-RRLYR-0474  19.122 19.795  0.6531457 0.0000029  2090.34656  0.147  0.311 4.492  0.000   -  
OGLE-SMC-RRLYR-0475  19.161 19.782  0.6261837 0.0000008  2090.83948  0.412  0.427 4.437  0.283 2.777
OGLE-SMC-RRLYR-0477  19.138 19.754  0.6134600 0.0000006   625.82152  0.518  0.473 4.439  0.327 2.941
OGLE-SMC-RRLYR-0478  19.170 19.783  0.6477220 0.0000012  2090.40287  0.447  0.409 4.498  0.308 2.929
OGLE-SMC-RRLYR-0479  19.147 19.775  0.6486171 0.0000031  2090.79080  0.165  0.251 4.380  0.000   -  
OGLE-SMC-RRLYR-0480  18.847 19.316  0.6082538 0.0000005   625.50197  0.561  0.473 4.148  0.387 2.338
OGLE-SMC-RRLYR-0481  18.986 19.634  0.6490617 0.0000014  2090.77187  0.311  0.404 4.474  0.302 3.038
OGLE-SMC-RRLYR-0483  19.186 19.781  0.5838328 0.0000004   625.85282  0.591  0.434 4.275  0.359 2.479
OGLE-SMC-RRLYR-0484  19.331 19.905  0.5622683 0.0000009  2090.70396  0.588  0.429 4.139  0.357 2.247
OGLE-SMC-RRLYR-0485  19.101 20.043  0.6365416 0.0000006   625.31333  0.396  0.363 4.402  0.304 2.695
OGLE-SMC-RRLYR-0487  19.147 19.722  0.5472714 0.0000003   625.42976  0.706  0.416 4.181  0.326 1.982
OGLE-SMC-RRLYR-0489  18.940 19.497  0.5568568 0.0000005  2090.78321  0.620  0.436 4.180  0.369 2.256
OGLE-SMC-RRLYR-0490  18.986 19.565  0.6099949 0.0000008  2090.87261  0.508  0.427 4.267  0.316 2.531
OGLE-SMC-RRLYR-0492  19.506 20.042  0.4105707 0.0000002   625.66308  0.796  0.506 4.071  0.375 1.913
OGLE-SMC-RRLYR-0493  18.941 19.544  0.6448295 0.0000016  2090.50944  0.329  0.381 4.491  0.191 2.810
OGLE-SMC-RRLYR-0494  19.229 19.783  0.5370132 0.0000008  2090.73401  0.606  0.434 4.105  0.259 1.812
OGLE-SMC-RRLYR-0495  18.928 19.540  0.6493092 0.0000015  2090.87253  0.322  0.435 4.549  0.261 3.002
OGLE-SMC-RRLYR-0496  19.082 19.669  0.6983889 0.0000009   625.65817  0.425  0.411 4.434  0.272 2.601
OGLE-SMC-RRLYR-0498  19.453 20.038  0.5642884 0.0000008  2090.48970  0.615  0.463 4.295  0.354 2.488
OGLE-SMC-RRLYR-0499  19.052 19.608  0.5942138 0.0000010  2090.43104  0.510  0.426 4.153  0.290 2.220
OGLE-SMC-RRLYR-0500  19.190 19.698  0.5931606 0.0000005   625.62981  0.516  0.511 4.427  0.321 2.656
OGLE-SMC-RRLYR-0501  19.356 19.975  0.5464614 0.0000015  2090.79832  0.399  0.461 4.520  0.279 2.625
OGLE-SMC-RRLYR-0505  18.917 19.530  0.6485036 0.0000012  2090.27853  0.383  0.448 4.672  0.247 2.994
OGLE-SMC-RRLYR-0508  18.820 20.415  0.5828126 0.0000016   625.84429  0.297  0.284 4.337  0.149 2.767
OGLE-SMC-RRLYR-0509  19.197 19.764  0.5949773 0.0000009  2090.79847  0.424  0.359 4.413  0.322 2.684
OGLE-SMC-RRLYR-0511  18.808 19.290  0.5644875 0.0000014   625.43190  0.197  0.277 4.391  0.137 2.500
OGLE-SMC-RRLYR-0513  18.921 19.565  0.7045514 0.0000028  2090.60948  0.254  0.330 4.641  0.208 3.228
OGLE-SMC-RRLYR-0514  19.091 19.589  0.5733462 0.0000005  2090.40294  0.710  0.563 4.244  0.370 2.475
OGLE-SMC-RRLYR-0515  19.105 19.634  0.5177879 0.0000003   625.57301  0.824  0.468 4.109  0.394 2.026
OGLE-SMC-RRLYR-0516  19.322 19.961  0.5579583 0.0000012  2090.80712  0.505  0.475 3.976  0.243 2.169
OGLE-SMC-RRLYR-0517  19.000 19.596  0.6028085 0.0000006  2090.36522  0.576  0.409 4.301  0.349 2.207
OGLE-SMC-RRLYR-0518  18.025 18.869  0.7050745 0.0000006   625.48317  0.203  0.470 4.435  0.321 2.812
OGLE-SMC-RRLYR-0519  19.118 19.604  0.5128739 0.0000004  2090.59878  0.794  0.435 4.067  0.367 1.952
OGLE-SMC-RRLYR-0520  19.059 19.608  0.6007912 0.0000007   625.42630  0.483  0.353 4.211  0.189 2.128
OGLE-SMC-RRLYR-0521  19.217 19.757  0.5447888 0.0000003   631.54629  0.672  0.459 4.206  0.346 2.131
OGLE-SMC-RRLYR-0522  19.312 19.811  0.5088481 0.0000013  2090.71978  0.629  0.348 3.887  0.161 1.422
OGLE-SMC-RRLYR-0523  19.090 19.746  0.6467081 0.0000028  2090.83923  0.239  0.278 4.293  0.190 3.029
OGLE-SMC-RRLYR-0524  18.644 19.312  0.6898611 0.0000013   625.29080  0.167  0.344 4.602  0.207 3.178
OGLE-SMC-RRLYR-0526  19.014 19.532  0.5530645 0.0000004  2090.77564  0.639  0.447 4.292  0.337 2.302
OGLE-SMC-RRLYR-0529  18.990 19.547  0.5565049 0.0000006  2090.80510  0.527  0.433 4.131  0.319 2.170
OGLE-SMC-RRLYR-0531  18.996 19.601  0.6649406 0.0000012  2090.91147  0.544  0.490 4.404  0.345 2.846
OGLE-SMC-RRLYR-0532  18.924 19.328  0.5199950 0.0000008  2090.86573  0.600  0.380 4.004  0.209 1.800
OGLE-SMC-RRLYR-0533  19.261 19.798  0.4867485 0.0000009  2090.51887  0.468  0.295 4.086  0.131 1.891
OGLE-SMC-RRLYR-0534  18.922 19.350  0.5940534 0.0000018   626.65607  0.297  0.186 4.554  0.091 5.667
OGLE-SMC-RRLYR-0536  19.024 19.601  0.6448591 0.0000008  2090.40924  0.576  0.478 4.226  0.344 2.346
OGLE-SMC-RRLYR-0537  19.055 19.506  0.5548636 0.0000006   626.73795  0.493  0.396 4.124  0.303 2.272
OGLE-SMC-RRLYR-0538  19.094 19.749  0.6266753 0.0000014  2090.81202  0.364  0.447 4.405  0.293 2.809
OGLE-SMC-RRLYR-0539  19.118 19.734  0.6355385 0.0000006   626.81290  0.362  0.435 4.370  0.303 2.465
OGLE-SMC-RRLYR-0540  19.174 19.719  0.5204495 0.0000003   626.62974  0.678  0.452 4.120  0.293 2.038
OGLE-SMC-RRLYR-0541  19.106 19.703  0.5912522 0.0000012   626.55165  0.406  0.350 4.331  0.208 1.858
OGLE-SMC-RRLYR-0542  18.993 19.585  0.6048994 0.0000003   626.67086  0.673  0.484 4.281  0.357 2.577
OGLE-SMC-RRLYR-0543  19.373 19.918  0.5470759 0.0000005  2090.39229  0.756  0.456 4.133  0.348 2.201
OGLE-SMC-RRLYR-0544  18.995 19.570  0.6233327 0.0000014  2090.56189  0.385  0.393 4.452  0.315 2.743
OGLE-SMC-RRLYR-0545  19.228 19.874  0.6391043 0.0000013   626.46626  0.268  0.340 4.519  0.208 3.064
OGLE-SMC-RRLYR-0547  18.930 19.554  0.7296855 0.0000023  2090.44969  0.318  0.384 4.664  0.158 2.951
OGLE-SMC-RRLYR-0549  19.113 19.688  0.6059511 0.0000015  2090.57187  0.402  0.354 4.313  0.215 2.332
OGLE-SMC-RRLYR-0550  19.058 19.667  0.6082952 0.0000007  2090.84737  0.543  0.405 4.236  0.355 2.282
OGLE-SMC-RRLYR-0552  19.415 20.000  0.5838718 0.0000006   626.71128  0.467  0.547 4.434  0.333 2.874
OGLE-SMC-RRLYR-0555  19.146 19.742  0.5934707 0.0000008  2090.79811  0.498  0.475 4.328  0.331 2.687
OGLE-SMC-RRLYR-0556  19.249 19.772  0.5417522 0.0000012  2090.78084  0.502  0.397 4.134  0.242 2.306
OGLE-SMC-RRLYR-0557  19.017 19.671  0.6428205 0.0000023  2090.45447  0.284  0.386 4.625  0.212 3.119
OGLE-SMC-RRLYR-0558  19.168 19.740  0.6733243 0.0000010  2090.59699  0.643  0.487 4.345  0.322 2.665
OGLE-SMC-RRLYR-0559  18.834 19.422  0.6366044 0.0000012  2090.69432  0.362  0.422 4.379  0.307 2.680
OGLE-SMC-RRLYR-0560  19.180 19.800  0.5791594 0.0000009  2105.54129  0.553  0.477 4.118  0.386 2.533
OGLE-SMC-RRLYR-0561  19.082 19.709  0.6953180 0.0000050  2090.87385  0.151  0.279 5.153  0.000   -  
OGLE-SMC-RRLYR-0562  19.189 19.791  0.5803882 0.0000013   625.61749  0.330  0.242 4.137  0.088 1.671
OGLE-SMC-RRLYR-0563  19.261 19.826  0.6056919 0.0000004   625.62591  0.585  0.454 4.257  0.368 2.626
OGLE-SMC-RRLYR-0564  19.088 19.654  0.5657283 0.0000005  2090.46313  0.662  0.490 4.209  0.398 2.327
OGLE-SMC-RRLYR-0565  19.497 20.089  0.5953040 0.0000007   625.88798  0.534  0.430 4.264  0.341 2.582
OGLE-SMC-RRLYR-0566  19.281 19.857  0.5398770 0.0000008  2090.54726  0.662  0.421 4.193  0.381 2.316
OGLE-SMC-RRLYR-0567  19.066 19.704  0.6337202 0.0000024  2090.61506  0.242  0.289 4.644  0.178 3.181
OGLE-SMC-RRLYR-0568  18.771 19.396  0.7582334 0.0000050  2090.68843  0.151  0.220 4.866  0.000   -  
OGLE-SMC-RRLYR-0569  19.122 19.779  0.6698593 0.0000043  2090.36261  0.155  0.239 4.531  0.149 3.557
OGLE-SMC-RRLYR-0570  18.957 19.662  0.7846903 0.0000044  2090.82861  0.204  0.287 5.007  0.000   -  
OGLE-SMC-RRLYR-0573  19.105 19.660  0.6016724 0.0000020  2090.77143  0.329  0.333 4.397  0.143 2.840
OGLE-SMC-RRLYR-0574  19.195 19.780  0.5532303 0.0000007  2090.71742  0.568  0.416 4.220  0.349 2.130
OGLE-SMC-RRLYR-0575  18.898 19.511  0.6355041 0.0000012  2090.33835  0.363  0.376 4.260  0.323 2.509
OGLE-SMC-RRLYR-0576  18.917 19.475  0.5730774 0.0000010  2090.70702  0.457  0.434 4.332  0.298 2.269
OGLE-SMC-RRLYR-0577  19.219 19.777  0.5210678 0.0000009  2090.72491  0.566  0.416 4.118  0.234 1.972
OGLE-SMC-RRLYR-0578  19.079 19.749  0.6398948 0.0000016  2090.85786  0.318  0.428 4.542  0.247 3.293
OGLE-SMC-RRLYR-0579  19.027 19.734  0.6494975 0.0000013   625.59310  0.268  0.383 4.616  0.153 3.535
OGLE-SMC-RRLYR-0582  19.182 19.794  0.6370425 0.0000023  2090.74393  0.279  0.361 4.563  0.143 2.776
OGLE-SMC-RRLYR-0584  19.119 19.712  0.6619120 0.0000033  2090.68466  0.213  0.288 4.541  0.159 2.626
OGLE-SMC-RRLYR-0587  19.189 19.817  0.7491624 0.0000020   625.69605  0.225  0.325 5.106  0.151 3.997
OGLE-SMC-RRLYR-0588  19.020 19.620  0.6799017 0.0000012  2090.89338  0.431  0.457 4.624  0.265 3.156
OGLE-SMC-RRLYR-0589  19.039 19.558  0.5736495 0.0000007  2090.80052  0.541  0.399 4.184  0.294 2.119
OGLE-SMC-RRLYR-0591  19.027 19.399  0.5396520 0.0000003   625.90471  0.671  0.456 4.121  0.387 2.077
OGLE-SMC-RRLYR-0592  19.251 19.870  0.5104193 0.0000012   625.90568  0.196  0.343 4.703  0.217 3.510
OGLE-SMC-RRLYR-0593  19.220 19.927  0.6317813 0.0000018  2090.65064  0.358  0.419 4.450  0.337 2.697
OGLE-SMC-RRLYR-0594  19.116 19.701  0.6493498 0.0000013  2090.86226  0.305  0.371 4.463  0.302 2.802
OGLE-SMC-RRLYR-0596  19.183 19.801  0.5825404 0.0000008  2090.65579  0.594  0.474 4.113  0.416 2.329
OGLE-SMC-RRLYR-0598  19.130 19.738  0.5718099 0.0000016  2090.84388  0.429  0.346 4.287  0.187 2.374
OGLE-SMC-RRLYR-0599  18.793 19.362  0.6332023 0.0000009   625.44163  0.243  0.395 4.552  0.278 2.815
OGLE-SMC-RRLYR-0600  19.141 19.593  0.5488096 0.0000013  2090.72285  0.530  0.330 4.205  0.162 1.380
OGLE-SMC-RRLYR-0601  19.059 19.601  0.5545531 0.0000005  2090.55766  0.703  0.413 4.259  0.323 2.110
OGLE-SMC-RRLYR-0603  18.942 19.601  0.7050359 0.0000005   625.53848  0.532  0.389 4.339  0.311 2.289
OGLE-SMC-RRLYR-0604  18.984 19.535  0.5993088 0.0000007  2090.46162  0.516  0.374 4.295  0.309 2.192
OGLE-SMC-RRLYR-0605  19.168 19.875  0.6299165 0.0000011   625.90195  0.312  0.359 4.468  0.232 3.024
OGLE-SMC-RRLYR-0606  18.826 19.440  0.6133212 0.0000009  2090.32860  0.408  0.433 4.436  0.328 2.594
OGLE-SMC-RRLYR-0607  18.974 19.624  0.6350858 0.0000011  2090.48015  0.365  0.342 4.148  0.306 2.288
OGLE-SMC-RRLYR-0608  19.342 19.867  0.5709389 0.0000020  2233.43399  0.733  0.524 4.338  0.372 2.716
OGLE-SMC-RRLYR-0609  18.990 19.594  0.6049696 0.0000005   625.67914  0.447  0.446 4.418  0.346 2.707
OGLE-SMC-RRLYR-0610  19.176 19.719  0.5527210 0.0000005  2090.87608  0.680  0.416 4.142  0.392 2.312
OGLE-SMC-RRLYR-0611  19.074 19.624  0.5767567 0.0000010  2090.49572  0.450  0.353 4.202  0.277 2.215
OGLE-SMC-RRLYR-0612  18.807 19.353  0.5580086 0.0000005  2090.89937  0.631  0.458 4.162  0.367 2.212
OGLE-SMC-RRLYR-0613  19.214 19.800  0.5617023 0.0000009  2090.49152  0.494  0.407 4.292  0.292 2.348
OGLE-SMC-RRLYR-0614  19.260 19.832  0.5552342 0.0000005   625.75062  0.555  0.422 4.065  0.278 2.065
OGLE-SMC-RRLYR-0616  19.124 19.674  0.5842152 0.0000006  2090.50035  0.618  0.468 4.387  0.360 2.575
OGLE-SMC-RRLYR-0617  19.011 19.663  0.6483268 0.0000018  2090.77712  0.301  0.361 4.650  0.247 3.147
OGLE-SMC-RRLYR-0619  19.079 19.456  0.5702436 0.0000008   625.56172  0.394  0.319 4.284  0.219 2.107
OGLE-SMC-RRLYR-0620  18.663 19.225  0.6769413 0.0000009  2090.44149  0.458  0.475 4.410  0.307 2.802
OGLE-SMC-RRLYR-0621  19.263 19.898  0.5774833 0.0000011  2090.44579  0.479  0.476 4.449  0.302 2.827
OGLE-SMC-RRLYR-0623  19.227 19.833  0.5782433 0.0000009   625.73259  0.422  0.360 4.218  0.235 2.365
OGLE-SMC-RRLYR-0625  19.318 19.799  0.5053658 0.0000003  2090.45741  0.792  0.413 4.073  0.352 1.729
OGLE-SMC-RRLYR-0626  19.298 19.834  0.5245632 0.0000003   625.42748  0.835  0.528 4.182  0.342 2.430
OGLE-SMC-RRLYR-0627  18.886 19.397  0.5566011 0.0000005  2090.47148  0.669  0.428 4.163  0.327 2.066
OGLE-SMC-RRLYR-0629  19.087 19.745  0.6593249 0.0000032  2090.43975  0.190  0.248 4.299  0.207 3.018
OGLE-SMC-RRLYR-0630  19.241 21.017  0.5862976 0.0000008   625.47904  0.450  0.390 4.239  0.218 2.323
OGLE-SMC-RRLYR-0631  18.887 19.418  0.5683710 0.0000009   625.67064  0.382  0.312 4.446  0.185 2.607
OGLE-SMC-RRLYR-0632  19.078 19.598  0.5573968 0.0000011  2090.58982  0.494  0.425 4.238  0.284 2.403
OGLE-SMC-RRLYR-0633  19.131 19.672  0.5729091 0.0000004   625.45270  0.599  0.487 4.189  0.396 2.446
OGLE-SMC-RRLYR-0636  19.184 19.780  0.6364399 0.0000015   625.34395  0.242  0.347 4.562  0.221 2.124
OGLE-SMC-RRLYR-0637  19.222 19.892  0.6081542 0.0000006   625.78169  0.431  0.418 4.299  0.293 2.159
OGLE-SMC-RRLYR-0638  19.024 19.631  0.6148238 0.0000023  2090.87853  0.372  0.308 4.293  0.131 1.980
OGLE-SMC-RRLYR-0640  18.910 19.509  0.6982698 0.0000017  2113.81375  0.361  0.423 4.633  0.288 3.397
OGLE-SMC-RRLYR-0642  19.183 19.816  0.6350195 0.0000020  2090.33452  0.304  0.371 4.220  0.218 2.921
OGLE-SMC-RRLYR-0643  19.326 20.085  0.6320385 0.0000010   625.30955  0.369  0.384 4.491  0.278 2.742
OGLE-SMC-RRLYR-0644  19.380 19.886  0.6432296 0.0000020  2090.68874  0.444  0.449 4.392  0.342 2.650
OGLE-SMC-RRLYR-0649  19.208 19.793  0.5992776 0.0000008  2090.65116  0.494  0.415 4.268  0.309 2.556
OGLE-SMC-RRLYR-0650  19.240 19.844  0.6228545 0.0000015  2090.38713  0.389  0.480 4.513  0.273 2.771
OGLE-SMC-RRLYR-0651  19.067 19.608  0.5908850 0.0000008  2090.48312  0.534  0.415 4.252  0.327 2.368
OGLE-SMC-RRLYR-0652  19.241 19.811  0.6282166 0.0000042  2233.26155  0.394  0.364 4.229  0.348 2.280
OGLE-SMC-RRLYR-0654  18.821 19.389  0.6998712 0.0000007   625.22649  0.365  0.466 4.522  0.285 3.047
OGLE-SMC-RRLYR-0656  19.000 19.630  0.6582873 0.0000017   625.76774  0.193  0.281 4.433  0.113 2.731
OGLE-SMC-RRLYR-0658  19.193 19.781  0.5752612 0.0000006  2090.53363  0.608  0.392 4.105  0.327 1.931
OGLE-SMC-RRLYR-0660  19.001 19.492  0.6044094 0.0000005  2090.58193  0.664  0.462 4.245  0.379 2.280
OGLE-SMC-RRLYR-0661  19.155 19.744  0.5511200 0.0000003   625.56329  0.622  0.408 4.079  0.300 2.008
OGLE-SMC-RRLYR-0662  18.891 19.481  0.6594714 0.0000010  2090.55977  0.504  0.475 4.443  0.293 2.598
OGLE-SMC-RRLYR-0663  17.824 18.525  0.6065495 0.0000003   626.61918  0.267  0.503 4.124  0.383 2.154
OGLE-SMC-RRLYR-0666  19.076 19.645  0.6189699 0.0000012  2090.61878  0.432  0.435 4.462  0.372 2.739
OGLE-SMC-RRLYR-0667  19.108 19.762  0.5933238 0.0000005   626.37328  0.469  0.362 4.222  0.352 2.020
OGLE-SMC-RRLYR-0668  19.315 19.888  0.5789713 0.0000008   627.36024  0.538  0.331 4.115  0.210 2.239
OGLE-SMC-RRLYR-0669  19.018 19.576  0.6066045 0.0000015  2090.75763  0.412  0.366 4.288  0.275 2.260
OGLE-SMC-RRLYR-0670  19.302 19.833  0.5350949 0.0000005  2090.55046  0.733  0.400 4.173  0.371 1.970
OGLE-SMC-RRLYR-0671  19.163 19.695  0.6246936 0.0000007  2090.48206  0.636  0.475 4.554  0.296 2.686
OGLE-SMC-RRLYR-0672  19.158 19.684  0.5604853 0.0000005  2090.38531  0.690  0.435 4.155  0.333 2.071
OGLE-SMC-RRLYR-0673  19.326 20.000  0.6466852 0.0000032  2090.58031  0.240  0.324 4.648  0.153 3.322
OGLE-SMC-RRLYR-0674  19.310 19.825  0.5559435 0.0000007  2090.42495  0.668  0.444 4.124  0.391 2.231
OGLE-SMC-RRLYR-0676  18.835 19.474  0.6292869 0.0000010  2090.60308  0.385  0.354 4.477  0.318 2.660
OGLE-SMC-RRLYR-0677  19.374 20.027  0.5173171 0.0000012  2090.73340  0.547  0.518 4.439  0.309 2.952
OGLE-SMC-RRLYR-0679  19.186 19.635  0.5095858 0.0000010  2090.53697  0.595  0.426 4.228  0.238 2.119
OGLE-SMC-RRLYR-0680  19.096 19.698  0.6120580 0.0000022  2090.70048  0.364  0.307 4.139  0.225 2.013
OGLE-SMC-RRLYR-0683  19.200 19.744  0.5901140 0.0000005   626.75891  0.514  0.498 4.682  0.271 3.196
OGLE-SMC-RRLYR-0684  19.589 20.226  0.5161499 0.0000006   626.55836  0.531  0.519 4.504  0.330 2.742
OGLE-SMC-RRLYR-0685  19.126 19.744  0.6254776 0.0000017  2090.42343  0.376  0.372 4.234  0.318 2.667
OGLE-SMC-RRLYR-0686  18.900 19.462  0.6361598 0.0000007   627.67315  0.334  0.378 4.366  0.283 2.736
OGLE-SMC-RRLYR-0687  19.168 19.709  0.5729565 0.0000009  2090.39698  0.554  0.444 4.084  0.328 2.194
OGLE-SMC-RRLYR-0689  18.876 19.391  0.5431949 0.0000003   626.67454  0.720  0.467 4.181  0.385 2.118
OGLE-SMC-RRLYR-0691  19.556 20.002  0.4660976 0.0000003   627.44754  0.721  0.567 4.241  0.401 2.491
OGLE-SMC-RRLYR-0692  19.138 19.597  0.5810881 0.0000005   626.37207  0.452  0.431 4.207  0.368 2.246
OGLE-SMC-RRLYR-0693  19.175 19.732  0.5859241 0.0000018   626.51152  0.350  0.198 4.530  0.000   -  
OGLE-SMC-RRLYR-0694  19.150 19.633  0.5727055 0.0000014  2090.77777  0.502  0.368 4.009  0.155 1.842
OGLE-SMC-RRLYR-0695  19.245 19.771  0.5081075 0.0000002   625.77138  0.723  0.441 4.060  0.344 1.913
OGLE-SMC-RRLYR-0696  19.055 19.632  0.6244510 0.0000007   621.50452  0.439  0.481 4.456  0.315 2.932
OGLE-SMC-RRLYR-0697  19.075 19.666  0.6468237 0.0000024  2090.27021  0.224  0.344 4.452  0.170 3.515
OGLE-SMC-RRLYR-0698  19.041 19.592  0.5896366 0.0000004   621.62501  0.535  0.476 4.302  0.335 2.368
OGLE-SMC-RRLYR-0700  18.949 19.561  0.6089286 0.0000007  2090.78293  0.491  0.402 4.370  0.330 2.225
OGLE-SMC-RRLYR-0701  19.066 19.632  0.6122793 0.0000006  2090.84431  0.659  0.453 4.320  0.354 2.553
OGLE-SMC-RRLYR-0703  18.865 19.451  0.6486019 0.0000009   626.72549  0.304  0.411 4.675  0.209 3.520
OGLE-SMC-RRLYR-0704  18.805 18.734  0.5727142 0.0000014  2090.47432  0.264  0.525 4.473  0.298 3.090
OGLE-SMC-RRLYR-0705  19.079 19.659  0.5707368 0.0000005  2090.73868  0.622  0.387 4.128  0.372 2.078
OGLE-SMC-RRLYR-0706  19.088 19.673  0.6313543 0.0000010   625.78204  0.329  0.386 4.396  0.234 2.755
OGLE-SMC-RRLYR-0707  19.129 19.677  0.5852033 0.0000004   625.57243  0.517  0.401 4.267  0.308 2.345
OGLE-SMC-RRLYR-0708  19.173 19.801  0.5832011 0.0000005   625.37439  0.506  0.454 4.316  0.331 2.622
OGLE-SMC-RRLYR-0709  19.257 19.797  0.5674108 0.0000004   626.62984  0.516  0.451 4.400  0.342 2.678
OGLE-SMC-RRLYR-0711  19.226 19.813  0.5644273 0.0000012   625.40172  0.329  0.347 4.287  0.159 2.490
OGLE-SMC-RRLYR-0713  18.914 19.478  0.6837869 0.0000010  2090.26347  0.374  0.393 4.388  0.334 2.632
OGLE-SMC-RRLYR-0714  19.214 19.830  0.6163062 0.0000010   621.72373  0.372  0.390 4.583  0.252 2.651
OGLE-SMC-RRLYR-0715  19.228 19.818  0.5862667 0.0000005   621.27503  0.470  0.500 4.377  0.387 2.613
OGLE-SMC-RRLYR-0717  19.086 19.664  0.6130532 0.0000005   625.67344  0.441  0.392 4.291  0.283 2.369
OGLE-SMC-RRLYR-0719  19.100 19.680  0.5881205 0.0000004   621.77830  0.505  0.420 4.101  0.378 2.254
OGLE-SMC-RRLYR-0721  19.249 19.898  0.6187524 0.0000030  2090.89904  0.217  0.284 4.836  0.000   -  
OGLE-SMC-RRLYR-0724  17.839 17.934  0.5954009 0.0000007   625.90023  0.134  0.481 4.097  0.394 2.352
OGLE-SMC-RRLYR-0726  19.135 19.748  0.5774061 0.0000006  2090.42374  0.637  0.440 4.206  0.343 2.287
OGLE-SMC-RRLYR-0727  19.304 19.902  0.5501479 0.0000010  2090.59469  0.373  0.446 4.469  0.276 3.140
OGLE-SMC-RRLYR-0728  18.323 19.021  0.5883332 0.0000013  2090.70687  0.230  0.444 4.175  0.260 2.522
OGLE-SMC-RRLYR-0730  18.923 19.423  0.5579404 0.0000004  2090.74719  0.677  0.484 4.209  0.349 2.286
OGLE-SMC-RRLYR-0731  19.083 19.673  0.5886955 0.0000003   625.59888  0.620  0.419 4.240  0.334 2.037
OGLE-SMC-RRLYR-0732  19.074 19.719  0.6306969 0.0000047  2228.26946  0.350  0.391 4.724  0.244 3.323
OGLE-SMC-RRLYR-0733  19.342 20.035  0.6526462 0.0000014   625.72171  0.266  0.350 4.639  0.210 3.519
OGLE-SMC-RRLYR-0734  19.009 19.592  0.6240448 0.0000012  2090.53950  0.418  0.393 4.268  0.282 2.317
OGLE-SMC-RRLYR-0735  19.095 19.757  0.6214329 0.0000016  2090.71890  0.365  0.398 4.453  0.263 2.817
OGLE-SMC-RRLYR-0736  19.274 19.887  0.5357414 0.0000006   625.70752  0.534  0.417 4.176  0.241 2.120
OGLE-SMC-RRLYR-0738  19.189 19.805  0.6107408 0.0000008  2090.33954  0.536  0.413 4.269  0.342 2.372
OGLE-SMC-RRLYR-0740  19.369 19.949  0.5599699 0.0000009  2090.84069  0.474  0.377 4.163  0.260 2.126
OGLE-SMC-RRLYR-0741  19.342 19.975  0.5594650 0.0000004   621.76088  0.597  0.457 4.167  0.371 2.395
OGLE-SMC-RRLYR-0742  19.114 19.747  0.6573349 0.0000023  2090.44619  0.265  0.342 4.474  0.241 2.998
OGLE-SMC-RRLYR-0743  19.348 19.927  0.4743925 0.0000003   621.44350  0.757  0.618 4.310  0.397 2.633
OGLE-SMC-RRLYR-0744  19.102 19.629  0.5635979 0.0000007  2090.78751  0.584  0.425 4.153  0.322 2.440
OGLE-SMC-RRLYR-0745  19.198 19.911  0.6747104 0.0000013   625.59043  0.288  0.341 4.488  0.275 3.006
OGLE-SMC-RRLYR-0746  19.146 19.716  0.6083674 0.0000008  2090.61280  0.483  0.412 4.260  0.339 2.524
OGLE-SMC-RRLYR-0747  19.616 20.652  0.6585654 0.0000024   625.57853  0.194  0.230 4.455  0.208 3.310
OGLE-SMC-RRLYR-0748  19.205 19.802  0.6162844 0.0000006   625.63879  0.431  0.349 4.171  0.345 2.400
OGLE-SMC-RRLYR-0749  19.107 19.784  0.6452362 0.0000013   625.85130  0.252  0.340 4.357  0.228 2.894
OGLE-SMC-RRLYR-0750  19.064 19.701  0.6560934 0.0000008   621.77140  0.331  0.391 4.469  0.219 3.037
OGLE-SMC-RRLYR-0751  18.891 19.484  0.6258859 0.0000010  2090.41335  0.440  0.433 4.471  0.336 2.861
OGLE-SMC-RRLYR-0754  19.145 19.782  0.6299403 0.0000012  2090.39284  0.390  0.379 4.314  0.320 2.537
OGLE-SMC-RRLYR-0755  18.579 18.930  0.5207957 0.0000003   621.56057  0.526  0.459 4.096  0.384 1.825
OGLE-SMC-RRLYR-0757  18.684 19.292  0.6317305 0.0000007  2105.45542  0.498  0.377 4.287  0.319 2.352
OGLE-SMC-RRLYR-0758  19.163 19.682  0.5741135 0.0000008  2090.81242  0.588  0.432 4.302  0.359 2.574
OGLE-SMC-RRLYR-0760  18.984 19.619  0.7601411 0.0000023   625.70321  0.188  0.194 5.145  0.000   -  
OGLE-SMC-RRLYR-0761  18.835 19.466  0.8308914 0.0000034  2090.62819  0.219  0.332 5.021  0.130 4.212
OGLE-SMC-RRLYR-0763  18.041 18.809  0.6485544 0.0000028  2090.76631  0.081  0.371 4.262  0.229 2.614
OGLE-SMC-RRLYR-0765  19.216 19.755  0.5584569 0.0000006  2090.85186  0.648  0.418 4.250  0.345 2.202
OGLE-SMC-RRLYR-0767  19.362 19.915  0.4777944 0.0000008  2105.81524  0.654  0.431 3.922  0.224 1.904
OGLE-SMC-RRLYR-0769  19.198 19.765  0.5670848 0.0000004   625.81572  0.653  0.410 4.170  0.363 2.151
OGLE-SMC-RRLYR-0770  12.048 12.632  0.7329143 0.0000009  2090.44235  0.349  0.403 4.532  0.264 2.987
OGLE-SMC-RRLYR-0771  18.716 19.301  0.6310620 0.0000008  2090.58037  0.405  0.387 4.337  0.338 2.591
OGLE-SMC-RRLYR-0772  18.755 19.398  0.6353044 0.0000010  2090.81036  0.315  0.412 4.220  0.250 2.670
OGLE-SMC-RRLYR-0773  19.868 21.087  0.5685411 0.0000006   625.74407  0.593  0.445 4.255  0.358 2.247
OGLE-SMC-RRLYR-0774  19.629 17.432  0.5959515 0.0000030  2090.38499  0.479  0.398 4.593  0.340 2.809
OGLE-SMC-RRLYR-0775  19.434 20.040  0.6446711 0.0000030  2090.52135  0.275  0.306 4.449  0.169 2.346
OGLE-SMC-RRLYR-0776  19.113 19.642  0.5679149 0.0000011   621.73290  0.339  0.311 4.298  0.146 2.239
OGLE-SMC-RRLYR-0778  19.344 20.098  0.6674602 0.0000006   625.71483  0.542  0.419 4.162  0.334 2.450
OGLE-SMC-RRLYR-0779  19.125 19.801  0.7042558 0.0000017  2090.62728  0.391  0.435 4.714  0.253 3.346
OGLE-SMC-RRLYR-0781  19.030 19.536  0.7004491 0.0000006   621.52321  0.466  0.520 4.493  0.326 2.883
OGLE-SMC-RRLYR-0782  19.131 19.667  0.5625174 0.0000011  2200.49639  0.663  0.395 4.334  0.261 2.130
OGLE-SMC-RRLYR-0783  18.845 19.447  0.6478275 0.0000009  2090.31561  0.390  0.419 4.492  0.273 2.938
OGLE-SMC-RRLYR-0784  18.842 19.463  0.6856053 0.0000011  2090.37992  0.339  0.358 4.256  0.258 2.412
OGLE-SMC-RRLYR-0785  19.314 19.861  0.5529256 0.0000006   626.60804  0.480  0.515 4.475  0.368 3.315
OGLE-SMC-RRLYR-0786  19.321 18.025  0.6193742 0.0000010   625.83407  0.427  0.497 4.430  0.298 3.167
OGLE-SMC-RRLYR-0787  19.518 20.307  0.5794080 0.0000008   625.49327  0.615  0.449 4.278  0.273 2.328
OGLE-SMC-RRLYR-0788  19.171 19.782  0.6595809 0.0000017   625.34173  0.223  0.353 4.284  0.000   -  
OGLE-SMC-RRLYR-0789  19.185 19.777  0.5532548 0.0000006  2090.44407  0.656  0.443 4.066  0.355 2.110
OGLE-SMC-RRLYR-0790  19.179 19.839  0.6137188 0.0000005   625.46439  0.399  0.446 4.121  0.297 2.269
OGLE-SMC-RRLYR-0791  19.065 19.691  0.5811253 0.0000005  2090.37504  0.632  0.452 4.153  0.407 2.047
OGLE-SMC-RRLYR-0792  19.128 19.714  0.6569024 0.0000012   625.48517  0.242  0.298 4.398  0.201 2.654
OGLE-SMC-RRLYR-0793  19.392 20.183  0.5072269 0.0000006   625.86884  0.393  0.357 4.168  0.204 2.027
OGLE-SMC-RRLYR-0794  19.031 19.626  0.5799527 0.0000003   631.52968  0.608  0.435 4.220  0.356 2.267
OGLE-SMC-RRLYR-0795  18.863 19.395  0.6018430 0.0000003   625.36865  0.554  0.437 4.296  0.365 2.326
OGLE-SMC-RRLYR-0796  19.027 19.547  0.5722270 0.0000003   621.48814  0.638  0.404 4.161  0.351 2.163
OGLE-SMC-RRLYR-0797  19.303 19.624  0.5940690 0.0000007   625.38539  0.415  0.453 4.540  0.284 3.224
OGLE-SMC-RRLYR-0799  19.173 19.796  0.6474830 0.0000019  2086.47530  0.320  0.456 4.463  0.261 2.866
OGLE-SMC-RRLYR-0800  19.353 19.773  0.6058438 0.0000011   627.27485  0.321  0.412 4.278  0.264 2.886
OGLE-SMC-RRLYR-0801  19.055 19.663  0.6420917 0.0000031  2090.78009  0.359  0.300 4.575  0.000   -  
OGLE-SMC-RRLYR-0802  18.931 19.472  0.5812141 0.0000010  2086.38210  0.420  0.391 4.252  0.251 2.152
OGLE-SMC-RRLYR-0803  19.040 19.503  0.5391357 0.0000004  2086.42225  0.670  0.384 4.093  0.334 1.986
OGLE-SMC-RRLYR-0804  19.476 20.024  0.4964942 0.0000005  2090.49790  0.770  0.482 4.152  0.418 2.321
OGLE-SMC-RRLYR-0805  19.472 20.083  0.4975208 0.0000011  2090.81381  0.422  0.476 4.462  0.363 2.957
OGLE-SMC-RRLYR-0806  19.277 19.829  0.5470573 0.0000009  2090.82058  0.500  0.382 4.174  0.255 2.312
OGLE-SMC-RRLYR-0807  18.929 19.625  0.6953106 0.0000019   627.51252  0.205  0.377 4.670  0.169 3.449
OGLE-SMC-RRLYR-0809  19.112 19.712  0.6056249 0.0000013  2086.53136  0.354  0.351 4.398  0.214 2.549
OGLE-SMC-RRLYR-0810  19.125 19.646  0.6125347 0.0000005   627.35475  0.519  0.385 4.148  0.352 2.372
OGLE-SMC-RRLYR-0811  19.119 19.744  0.6181756 0.0000005   627.23756  0.429  0.417 4.382  0.301 2.934
OGLE-SMC-RRLYR-0812  19.000 19.500  0.5866433 0.0000007  2086.84458  0.507  0.390 4.227  0.317 2.169
OGLE-SMC-RRLYR-0813  19.137 19.709  0.5934442 0.0000023  2090.72379  0.367  0.256 4.289  0.281 2.304
OGLE-SMC-RRLYR-0814  19.195 19.754  0.5874556 0.0000013  2090.51629  0.528  0.524 4.436  0.343 2.951
OGLE-SMC-RRLYR-0816  16.869 17.913  0.6638539 0.0000008   627.83430  0.068  0.473 4.321  0.242 2.718
OGLE-SMC-RRLYR-0817  18.981 19.522  0.5887308 0.0000003   627.37167  0.526  0.457 4.242  0.352 2.485
OGLE-SMC-RRLYR-0819  18.863 19.445  0.5735870 0.0000004  2086.47012  0.504  0.366 4.197  0.230 1.955
OGLE-SMC-RRLYR-0820  18.774 19.348  0.6315990 0.0000006  2086.46403  0.434  0.418 4.336  0.316 2.558
OGLE-SMC-RRLYR-0821  19.373 20.055  0.5757578 0.0000010  2086.59368  0.496  0.378 4.310  0.234 2.335
OGLE-SMC-RRLYR-0822  18.840 19.364  0.6576708 0.0000013   627.66031  0.290  0.322 4.354  0.000   -  
OGLE-SMC-RRLYR-0823  19.302 19.971  0.6114417 0.0000007   622.36529  0.438  0.410 4.339  0.329 2.462
OGLE-SMC-RRLYR-0824  19.488 20.108  0.5544323 0.0000006   622.76754  0.559  0.407 4.221  0.259 2.165
OGLE-SMC-RRLYR-0825  19.212 19.816  0.5866518 0.0000006  2086.59123  0.597  0.400 4.301  0.359 2.073
OGLE-SMC-RRLYR-0826  19.205 19.793  0.6009803 0.0000008  2090.50631  0.483  0.502 4.496  0.351 2.766
OGLE-SMC-RRLYR-0827  19.040 19.715  0.6623613 0.0000022  2086.76636  0.275  0.315 4.622  0.268 3.339
OGLE-SMC-RRLYR-0828  19.180 19.754  0.6472121 0.0000010   622.51522  0.274  0.434 4.517  0.193 3.153
OGLE-SMC-RRLYR-0829  19.292 19.835  0.6305942 0.0000024  2086.64492  0.369  0.388 4.294  0.253 2.647
OGLE-SMC-RRLYR-0831  19.075 19.733  0.6483190 0.0000010   622.81128  0.268  0.373 4.414  0.256 3.127
OGLE-SMC-RRLYR-0832  19.312 19.905  0.5871976 0.0000010   622.48522  0.397  0.342 4.339  0.238 2.659
OGLE-SMC-RRLYR-0833  18.934 19.530  0.5700419 0.0000007  2086.64122  0.509  0.439 4.265  0.361 2.453
OGLE-SMC-RRLYR-0834  19.073 19.660  0.6052715 0.0000011  2086.80603  0.405  0.336 4.347  0.294 2.513
OGLE-SMC-RRLYR-0835  18.925 19.363  0.5967000 0.0000003   622.28797  0.700  0.493 4.100  0.357 2.155
OGLE-SMC-RRLYR-0836  19.312 19.867  0.5703910 0.0000004   631.92000  0.562  0.502 4.364  0.319 2.725
OGLE-SMC-RRLYR-0837  19.207 19.783  0.6324276 0.0000015  2086.62619  0.370  0.396 4.275  0.306 2.583
OGLE-SMC-RRLYR-0840  19.185 19.732  0.6305414 0.0000009  2086.43016  0.500  0.433 4.214  0.323 2.309
OGLE-SMC-RRLYR-0841  19.311 19.889  0.5841642 0.0000010   622.85782  0.306  0.382 4.532  0.227 3.035
OGLE-SMC-RRLYR-0843  19.210 19.844  0.6320736 0.0000010  2086.37208  0.449  0.389 4.414  0.313 2.451
OGLE-SMC-RRLYR-0845  19.050 19.585  0.5631799 0.0000004  2086.71388  0.637  0.414 4.114  0.337 2.191
OGLE-SMC-RRLYR-0847  19.437 20.209  0.6132505 0.0000006   622.56726  0.532  0.387 4.160  0.344 2.178
OGLE-SMC-RRLYR-0848  19.121 19.554  0.5610313 0.0000010  2086.66533  0.595  0.454 4.049  0.287 2.092
OGLE-SMC-RRLYR-0849  18.892 19.485  0.6060227 0.0000017  2086.53191  0.456  0.375 4.259  0.247 2.671
OGLE-SMC-RRLYR-0851  19.349 20.096  0.5634309 0.0000004   622.32018  0.591  0.402 4.186  0.300 1.891
OGLE-SMC-RRLYR-0854  19.128 19.685  0.5433352 0.0000009  2086.44966  0.605  0.450 4.168  0.347 2.167
OGLE-SMC-RRLYR-0855  19.012 19.582  0.5766258 0.0000014  2086.60223  0.484  0.356 4.124  0.307 2.423
OGLE-SMC-RRLYR-0856  19.016 19.635  0.6853406 0.0000013   622.78770  0.255  0.363 4.646  0.176 2.985
OGLE-SMC-RRLYR-0857  18.920 19.533  0.6534304 0.0000010  2086.28444  0.415  0.400 4.376  0.285 2.508
OGLE-SMC-RRLYR-0859  18.930 19.540  0.6214498 0.0000013  2086.57906  0.376  0.420 4.433  0.295 2.600
OGLE-SMC-RRLYR-0860  19.079 19.657  0.6070219 0.0000016  2086.77805  0.443  0.514 4.288  0.341 2.583
OGLE-SMC-RRLYR-0862  19.655 19.979  0.4243227 0.0000003   622.75559  0.975  0.479 3.977  0.371 2.127
OGLE-SMC-RRLYR-0863  19.363 19.879  0.5435503 0.0000006  2086.48625  0.733  0.443 4.130  0.381 1.873
OGLE-SMC-RRLYR-0864  19.602 20.265  0.4933727 0.0000009   622.79627  0.480  0.367 4.012  0.197 1.950
OGLE-SMC-RRLYR-0865  19.030 19.604  0.6556526 0.0000014  2086.86090  0.386  0.396 4.359  0.350 2.846
OGLE-SMC-RRLYR-0866  19.003 19.562  0.6269032 0.0000016  2086.54091  0.335  0.370 4.389  0.211 2.687
OGLE-SMC-RRLYR-0867  18.889 19.764  0.6199292 0.0000005   622.52197  0.394  0.395 4.333  0.303 2.229
OGLE-SMC-RRLYR-0868  19.180 19.773  0.5716661 0.0000007  2086.43900  0.639  0.465 4.158  0.394 2.324
OGLE-SMC-RRLYR-0869  18.228 18.421  0.6226660 0.0000007   622.31557  0.169  0.376 4.266  0.309 2.453
OGLE-SMC-RRLYR-0870  19.047 19.404  0.5746705 0.0000006   622.84509  0.465  0.423 4.251  0.328 2.312
OGLE-SMC-RRLYR-0871  19.226 19.586  0.5019400 0.0000003  2086.71007  0.806  0.452 4.139  0.333 1.972
OGLE-SMC-RRLYR-0872  19.575 20.145  0.4969236 0.0000015  2086.59065  0.341  0.496 4.841  0.242 3.464
OGLE-SMC-RRLYR-0875  18.848 19.371  0.6049496 0.0000006  2086.86186  0.532  0.384 4.238  0.302 2.154
OGLE-SMC-RRLYR-0876  18.996 19.596  0.6659479 0.0000015   622.41971  0.281  0.377 4.387  0.178 2.820
OGLE-SMC-RRLYR-0877  18.949 19.452  0.6353149 0.0000009   622.74839  0.277  0.442 4.542  0.228 3.050
OGLE-SMC-RRLYR-0878  18.970 19.609  0.6304041 0.0000011   622.41857  0.290  0.412 4.442  0.193 2.982
OGLE-SMC-RRLYR-0879  19.075 19.736  0.6364159 0.0000017  2086.38712  0.394  0.363 4.222  0.212 2.594
OGLE-SMC-RRLYR-0880  19.120 19.722  0.6291118 0.0000007  2086.82424  0.707  0.479 4.267  0.410 2.386
OGLE-SMC-RRLYR-0881  18.931 19.518  0.6494934 0.0000004   622.74165  0.571  0.425 4.265  0.350 2.379
OGLE-SMC-RRLYR-0882  19.726 20.398  0.4871664 0.0000003   622.72167  0.822  0.515 4.078  0.400 2.350
OGLE-SMC-RRLYR-0884  19.110 19.672  0.5674786 0.0000005  2086.89474  0.630  0.386 4.155  0.370 2.203
OGLE-SMC-RRLYR-0885  18.990 19.566  0.5736646 0.0000009  2086.50700  0.442  0.395 4.197  0.251 1.883
OGLE-SMC-RRLYR-0886  19.132 19.674  0.5258203 0.0000018  2086.85670  0.407  0.256 3.868  0.092 1.491
OGLE-SMC-RRLYR-0887  18.944 19.371  0.6519278 0.0000014   622.64057  0.205  0.340 4.402  0.239 2.706
OGLE-SMC-RRLYR-0888  19.181 19.809  0.6079997 0.0000016  2086.69865  0.407  0.358 4.355  0.327 2.831
OGLE-SMC-RRLYR-0889  19.210 19.778  0.5419558 0.0000010  2086.86260  0.541  0.394 4.048  0.274 2.139
OGLE-SMC-RRLYR-0890  18.953 19.561  0.5540715 0.0000006   631.47896  0.473  0.398 4.250  0.230 2.061
OGLE-SMC-RRLYR-0891  18.899 19.434  0.6140691 0.0000008  2086.50808  0.406  0.390 4.116  0.319 2.292
OGLE-SMC-RRLYR-0892  19.229 19.775  0.5927806 0.0000017  2086.38027  0.396  0.426 4.510  0.248 2.588
OGLE-SMC-RRLYR-0893  19.137 19.666  0.5103922 0.0000015  2086.38691  0.456  0.327 4.006  0.147 2.041
OGLE-SMC-RRLYR-0895  19.465 20.017  0.4620125 0.0000002   622.43669  0.794  0.553 4.037  0.388 2.200
OGLE-SMC-RRLYR-0896  19.278 19.850  0.5592353 0.0000009  2471.35280  0.634  0.442 4.228  0.391 2.044
OGLE-SMC-RRLYR-0897  19.099 19.658  0.5698694 0.0000020  2123.69954  0.477  0.398 4.009  0.189 1.969
OGLE-SMC-RRLYR-0900  18.973 19.588  0.6142783 0.0000009   622.65569  0.369  0.369 4.319  0.222 2.489
OGLE-SMC-RRLYR-0901  19.035 19.595  0.5633693 0.0000003   622.65010  0.591  0.441 4.293  0.334 2.360
OGLE-SMC-RRLYR-0902  19.782 20.527  0.6238967 0.0000024   622.80272  0.274  0.309 4.631  0.000   -  
OGLE-SMC-RRLYR-0903  19.157 19.750  0.6326109 0.0000010   622.29313  0.375  0.384 4.494  0.250 2.985
OGLE-SMC-RRLYR-0904  19.238 19.765  0.6787015 0.0000005   622.86576  0.684  0.489 4.569  0.329 3.074
OGLE-SMC-RRLYR-0905  18.794 19.387  0.6015491 0.0000021  2086.88530  0.241  0.305 4.018  0.141 1.858
OGLE-SMC-RRLYR-0906  19.636 20.624  0.4719716 0.0000006   622.42518  0.560  0.446 4.202  0.305 2.060
OGLE-SMC-RRLYR-0907  19.209 19.935  0.6561070 0.0000018   622.47605  0.274  0.459 4.423  0.270 3.049
OGLE-SMC-RRLYR-0908  19.242 19.816  0.5817275 0.0000005  2086.69807  0.611  0.470 4.178  0.394 2.381
OGLE-SMC-RRLYR-0909  19.373 19.826  0.5922525 0.0000006   622.38033  0.613  0.449 4.170  0.379 2.444
OGLE-SMC-RRLYR-0910  19.112 19.688  0.5563880 0.0000007  2086.78134  0.516  0.412 4.196  0.276 2.342
OGLE-SMC-RRLYR-0911  18.948 19.340  0.5905559 0.0000017   622.33641  0.211  0.237 4.812  0.167 3.182
OGLE-SMC-RRLYR-0912  19.355 19.895  0.5519394 0.0000015   622.47263  0.399  0.226 4.402  0.117 1.553
OGLE-SMC-RRLYR-0913  19.302 19.901  0.5617827 0.0000006  2086.47314  0.573  0.493 4.176  0.383 2.429
OGLE-SMC-RRLYR-0914  19.138 19.701  0.5989591 0.0000004   622.36207  0.552  0.417 4.257  0.315 2.427
OGLE-SMC-RRLYR-0917  19.143 19.673  0.5885296 0.0000007  2086.36186  0.487  0.433 4.396  0.353 2.669
OGLE-SMC-RRLYR-0919  19.114 19.603  0.5535969 0.0000005  2086.59136  0.724  0.484 4.092  0.387 2.133
OGLE-SMC-RRLYR-0920  19.508 20.287  0.5958222 0.0000014   622.64325  0.251  0.370 4.829  0.201 3.903
OGLE-SMC-RRLYR-0921  17.901 18.710  0.5561835 0.0000008   622.59559  0.125  0.448 4.186  0.238 2.221
OGLE-SMC-RRLYR-0922  19.090 19.669  0.5860958 0.0000014   622.69249  0.336  0.283 4.514  0.145 2.835
OGLE-SMC-RRLYR-0923  19.156 19.769  0.5792937 0.0000013  2086.51116  0.491  0.414 4.498  0.265 2.662
OGLE-SMC-RRLYR-0924  18.987 19.440  0.5045423 0.0000003   622.78505  0.737  0.405 4.038  0.323 2.024
OGLE-SMC-RRLYR-0925  19.123 19.735  0.5923136 0.0000011   622.47472  0.272  0.339 4.160  0.225 1.830
OGLE-SMC-RRLYR-0926  19.099 19.554  0.5496568 0.0000008   629.76420  0.460  0.384 4.431  0.162 2.195
OGLE-SMC-RRLYR-0927  19.252 19.930  0.6183007 0.0000009   622.27543  0.361  0.299 4.380  0.269 2.380
OGLE-SMC-RRLYR-0928  19.953 20.486  0.4497930 0.0000003   622.45106  0.895  0.473 4.002  0.380 2.157
OGLE-SMC-RRLYR-0929  19.184 19.747  0.5189173 0.0000003   622.78966  0.768  0.427 4.182  0.363 2.019
OGLE-SMC-RRLYR-0930  17.473 18.032  0.6672848 0.0000004  2086.24442  0.506  0.439 4.285  0.378 2.495
OGLE-SMC-RRLYR-0931  19.524 20.023  0.3995732 0.0000002   627.54843  0.899  0.511 3.994  0.383 1.960
OGLE-SMC-RRLYR-0932  19.072 19.692  0.7350477 0.0000021  2086.42745  0.321  0.384 4.658  0.292 3.219
OGLE-SMC-RRLYR-0933  19.023 19.546  0.6100695 0.0000004   624.76891  0.503  0.377 4.285  0.330 2.282
OGLE-SMC-RRLYR-0934  19.369 19.913  0.5457656 0.0000004   622.67661  0.539  0.488 4.432  0.331 2.880
OGLE-SMC-RRLYR-0935  19.189 19.686  0.5095411 0.0000004   622.63685  0.583  0.477 4.250  0.330 2.405
OGLE-SMC-RRLYR-0936  19.218 19.752  0.5237981 0.0000003   622.68764  0.847  0.541 4.249  0.395 2.445
OGLE-SMC-RRLYR-0937  19.042 19.613  0.5935663 0.0000006  2086.44551  0.568  0.418 4.325  0.331 2.378
OGLE-SMC-RRLYR-0938  19.110 19.678  0.5777031 0.0000013  2086.57818  0.473  0.409 4.205  0.215 2.180
OGLE-SMC-RRLYR-0939  19.005 20.260  0.6261331 0.0000008   622.74378  0.314  0.445 4.500  0.380 3.130
OGLE-SMC-RRLYR-0941  19.020 19.458  0.6188814 0.0000006   622.36613  0.448  0.405 4.258  0.308 2.400
OGLE-SMC-RRLYR-0942  18.981 19.500  0.5625486 0.0000007  2086.55698  0.529  0.354 4.303  0.273 2.155
OGLE-SMC-RRLYR-0943  19.089 19.640  0.5495642 0.0000005  2086.58111  0.728  0.453 4.144  0.394 2.229
OGLE-SMC-RRLYR-0944  19.150 19.962  0.6061165 0.0000008   622.33829  0.386  0.403 4.258  0.301 2.431
OGLE-SMC-RRLYR-0946  19.147 19.680  0.5425733 0.0000005  2086.88720  0.637  0.448 4.120  0.332 2.099
OGLE-SMC-RRLYR-0947  19.105 19.742  0.5988277 0.0000009  2086.40069  0.525  0.423 4.261  0.323 2.235
OGLE-SMC-RRLYR-0948  19.100 19.705  0.6189501 0.0000010  2086.48786  0.427  0.365 4.554  0.381 2.649
OGLE-SMC-RRLYR-0950  19.272 19.874  0.5369099 0.0000003   622.47333  0.687  0.492 4.230  0.375 2.298
OGLE-SMC-RRLYR-0952  19.947 20.892  0.5791985 0.0000017   622.30481  0.350  0.255 4.040  0.000   -  
OGLE-SMC-RRLYR-0953  19.266 19.937  0.5996506 0.0000004   622.66784  0.514  0.376 4.134  0.374 2.351
OGLE-SMC-RRLYR-0954  18.846 19.437  0.6428725 0.0000009   622.79469  0.343  0.387 4.224  0.260 2.441
OGLE-SMC-RRLYR-0955  19.162 19.733  0.5564675 0.0000003   622.62577  0.570  0.473 4.164  0.384 2.176
OGLE-SMC-RRLYR-0957  18.975 19.331  0.5589813 0.0000004   622.38598  0.529  0.471 4.159  0.294 2.324
OGLE-SMC-RRLYR-0958  19.289 20.007  0.5960865 0.0000010   622.83297  0.394  0.389 4.458  0.170 2.525
OGLE-SMC-RRLYR-0959  19.137 19.811  0.6889087 0.0000043  2086.38626  0.150  0.269 5.319  0.000   -  
OGLE-SMC-RRLYR-0960  19.187 19.896  0.6467665 0.0000028  2086.32936  0.209  0.383 4.525  0.216 2.937
OGLE-SMC-RRLYR-0961  19.083 19.660  0.6081212 0.0000008  2086.82971  0.430  0.442 4.276  0.351 2.447
OGLE-SMC-RRLYR-0962  19.030 19.630  0.6378162 0.0000007   622.60520  0.332  0.451 4.532  0.263 2.910
OGLE-SMC-RRLYR-0963  18.749 19.275  0.5862666 0.0000003   622.35732  0.584  0.465 4.272  0.391 2.458
OGLE-SMC-RRLYR-0965  19.384 20.078  0.5356153 0.0000006   622.56601  0.478  0.397 4.273  0.224 2.280
OGLE-SMC-RRLYR-0966  19.300 19.838  0.5849218 0.0000003   622.30579  0.646  0.398 4.117  0.314 2.109
OGLE-SMC-RRLYR-0967  18.830 19.391  0.6513666 0.0000015  2086.40377  0.473  0.382 4.308  0.272 2.217
OGLE-SMC-RRLYR-0968  19.055 19.685  0.5850162 0.0000007  2086.40474  0.500  0.489 3.997  0.365 2.160
OGLE-SMC-RRLYR-0969  18.836 19.256  0.6482276 0.0000013   466.01305  0.235  0.308 4.327  0.243 2.602
OGLE-SMC-RRLYR-0971  19.234 19.801  0.5170308 0.0000007   466.53638  0.350  0.422 4.556  0.276 2.973
OGLE-SMC-RRLYR-0972  19.249 19.793  0.6255779 0.0000042  2086.47768  0.501  0.452 4.334  0.327 2.643
OGLE-SMC-RRLYR-0973  18.850 19.398  0.5401328 0.0000003  2086.49146  0.702  0.433 4.101  0.351 1.906
OGLE-SMC-RRLYR-0975  19.917 20.478  0.5689981 0.0000009   466.43098  0.628  0.604 4.382  0.306 2.666
OGLE-SMC-RRLYR-0977  18.892 19.567  0.7471277 0.0000023  2086.25229  0.257  0.363 4.686  0.170 3.421
OGLE-SMC-RRLYR-0979  18.976 19.562  0.6182212 0.0000008  2086.49617  0.459  0.422 4.330  0.343 2.479
OGLE-SMC-RRLYR-0980  19.247 19.827  0.5663286 0.0000010  2086.48739  0.399  0.352 4.082  0.304 2.268
OGLE-SMC-RRLYR-0981  19.011 19.569  0.6527707 0.0000009  2086.83366  0.590  0.420 4.233  0.344 2.289
OGLE-SMC-RRLYR-0983  19.243 19.855  0.5638900 0.0000004   466.03210  0.601  0.505 4.255  0.374 2.396
OGLE-SMC-RRLYR-0984  18.713 19.309  0.7263907 0.0000050  2869.72650  0.633  0.549 4.402  0.373 2.797
OGLE-SMC-RRLYR-0985  19.125 19.677  0.6038831 0.0000009   465.94249  0.298  0.444 4.207  0.233 2.082
OGLE-SMC-RRLYR-0986  18.891 19.498  0.6432137 0.0000009  2086.32493  0.437  0.387 4.320  0.307 2.712
OGLE-SMC-RRLYR-0987  20.161 21.219  0.5532340 0.0000006   466.20776  0.752  0.472 4.161  0.373 2.274
OGLE-SMC-RRLYR-0988  19.027 19.530  0.6047513 0.0000013  2086.52318  0.443  0.367 4.147  0.246 2.045
OGLE-SMC-RRLYR-0990  19.465 20.235  0.5645301 0.0000004   466.52266  0.664  0.569 4.552  0.304 2.898
OGLE-SMC-RRLYR-0991  19.637 20.577  0.6368376 0.0000009   466.18286  0.329  0.341 4.190  0.255 2.634
OGLE-SMC-RRLYR-0994  19.149 19.767  0.6066404 0.0000005   466.36534  0.456  0.392 4.386  0.352 2.622
OGLE-SMC-RRLYR-0995  19.144 19.730  0.6220120 0.0000010  2086.65529  0.418  0.422 4.405  0.357 2.603
OGLE-SMC-RRLYR-0996  19.029 19.635  0.6437742 0.0000004   466.23478  0.624  0.458 4.355  0.344 2.626
OGLE-SMC-RRLYR-0997  19.631 20.414  0.6258047 0.0000012   466.31294  0.379  0.398 3.984  0.344 2.414
OGLE-SMC-RRLYR-0998  19.164 19.786  0.6232083 0.0000009  2086.87148  0.512  0.462 4.457  0.293 2.750
OGLE-SMC-RRLYR-0999  19.252 19.963  0.6272601 0.0000010   466.47958  0.357  0.461 4.554  0.294 3.024
OGLE-SMC-RRLYR-1000  19.192 19.725  0.5728820 0.0000037  2869.71719  0.484  0.336 4.164  0.303 1.967
OGLE-SMC-RRLYR-1001  19.203 19.925  0.6200173 0.0000017   466.40223  0.283  0.226 4.342  0.000   -  
OGLE-SMC-RRLYR-1004  19.189 19.805  0.6384308 0.0000025  2086.81354  0.242  0.336 4.543  0.200 2.429
OGLE-SMC-RRLYR-1005  18.842 20.150  0.5953815 0.0000009  2086.79527  0.535  0.432 4.227  0.345 2.105
OGLE-SMC-RRLYR-1006  19.083 19.600  0.6226176 0.0000021  2471.29634  0.395  0.368 4.217  0.231 2.448
OGLE-SMC-RRLYR-1007  19.048 19.602  0.6208282 0.0000009  2086.78486  0.455  0.391 4.291  0.290 2.392
OGLE-SMC-RRLYR-1008  18.961 19.602  0.6431886 0.0000017  2086.44212  0.328  0.443 4.603  0.249 3.051
OGLE-SMC-RRLYR-1009  19.340 20.077  0.6446198 0.0000016   465.94451  0.239  0.457 4.787  0.194 2.984
OGLE-SMC-RRLYR-1012  18.870 19.420  0.5905215 0.0000006  2086.44154  0.522  0.442 4.197  0.364 2.040
OGLE-SMC-RRLYR-1013  19.046 19.448  0.5789647 0.0000017   466.15756  0.337  0.211 4.638  0.081 4.359
OGLE-SMC-RRLYR-1014  19.587 20.537  0.5858951 0.0000015   465.99550  0.436  0.382 4.343  0.185 1.896
OGLE-SMC-RRLYR-1015  19.443 20.098  0.5457952 0.0000005   466.19082  0.540  0.454 4.389  0.380 2.670
OGLE-SMC-RRLYR-1016  19.175 19.808  0.5862494 0.0000009  2086.57710  0.500  0.408 4.203  0.307 2.293
OGLE-SMC-RRLYR-1017  19.147 19.779  0.6295365 0.0000017  2086.35256  0.341  0.435 4.408  0.306 3.227
OGLE-SMC-RRLYR-1018  19.182 19.816  0.6238030 0.0000009  2086.32982  0.502  0.463 4.305  0.353 2.528
OGLE-SMC-RRLYR-1019  19.041 19.554  0.5415639 0.0000005  2086.76988  0.606  0.399 4.091  0.308 1.951
OGLE-SMC-RRLYR-1020  19.148 19.830  0.6343322 0.0000014   466.29458  0.245  0.383 4.206  0.198 2.511
OGLE-SMC-RRLYR-1021  19.124 19.814  0.6423212 0.0000009   466.49830  0.281  0.293 4.220  0.259 2.491
OGLE-SMC-RRLYR-1022  19.356 19.895  0.5661633 0.0000014  2086.67239  0.508  0.421 4.314  0.230 2.467
OGLE-SMC-RRLYR-1023  19.540 20.204  0.5169151 0.0000006   466.53096  0.503  0.481 4.525  0.316 2.852
OGLE-SMC-RRLYR-1024  19.179 19.813  0.7015999 0.0000049  2086.50387  0.170  0.197 4.300  0.000   -  
OGLE-SMC-RRLYR-1025  19.094 19.606  0.5145460 0.0000006  2086.87299  0.568  0.447 4.122  0.313 2.007
OGLE-SMC-RRLYR-1026  19.493 20.372  0.5964043 0.0000013   466.25232  0.479  0.475 4.468  0.346 2.300
OGLE-SMC-RRLYR-1027  18.885 19.465  0.6052983 0.0000011  2086.73794  0.390  0.345 4.242  0.238 2.383
OGLE-SMC-RRLYR-1029  19.058 19.688  0.6270254 0.0000012  2086.76555  0.402  0.457 4.360  0.310 2.812
OGLE-SMC-RRLYR-1032  19.295 19.590  0.6248439 0.0000009   466.10926  0.401  0.387 4.532  0.315 2.949
OGLE-SMC-RRLYR-1033  19.042 19.101  0.6267883 0.0000014  2086.38486  0.414  0.430 4.451  0.308 2.647
OGLE-SMC-RRLYR-1034  19.012 19.591  0.6633426 0.0000008  2086.29391  0.493  0.528 4.357  0.325 2.675
OGLE-SMC-RRLYR-1035  19.217 19.819  0.6455280 0.0000013  2086.49787  0.348  0.370 4.611  0.291 3.176
OGLE-SMC-RRLYR-1036  18.962 19.506  0.6418403 0.0000009  2086.74763  0.472  0.451 4.521  0.361 2.839
OGLE-SMC-RRLYR-1037  19.112 19.761  0.6320695 0.0000013  2086.28198  0.379  0.448 4.564  0.297 3.020
OGLE-SMC-RRLYR-1038  19.019 19.666  0.8035608 0.0000017   466.50746  0.247  0.317 4.856  0.125 3.067
OGLE-SMC-RRLYR-1039  19.242 19.704  0.5844269 0.0000009  2086.87642  0.646  0.364 4.196  0.355 1.913
OGLE-SMC-RRLYR-1040  18.749 19.431  0.6629019 0.0000013   466.37992  0.286  0.319 4.151  0.394 2.514
OGLE-SMC-RRLYR-1041  19.090 19.688  0.5913354 0.0000010  2086.80795  0.534  0.420 4.215  0.220 2.558
OGLE-SMC-RRLYR-1042  18.916 19.462  0.6122983 0.0000011  2086.53555  0.422  0.389 4.380  0.275 2.592
OGLE-SMC-RRLYR-1043  19.398 20.198  0.6194635 0.0000010   466.37092  0.411  0.341 4.205  0.276 2.248
OGLE-SMC-RRLYR-1044  19.005 19.542  0.6188892 0.0000031  2481.59944  0.413  0.384 4.323  0.305 2.630
OGLE-SMC-RRLYR-1046  18.947 19.422  0.5352562 0.0000040  2481.85993  0.600  0.465 4.052  0.379 1.782
OGLE-SMC-RRLYR-1048  19.306 19.979  0.5990462 0.0000006   466.22085  0.529  0.442 4.228  0.288 2.302
OGLE-SMC-RRLYR-1049  18.942 19.539  0.6167001 0.0000012  2086.82946  0.452  0.388 4.202  0.301 2.289
OGLE-SMC-RRLYR-1050  19.069 19.509  0.5377847 0.0000007  2086.72460  0.505  0.499 4.273  0.307 2.514
OGLE-SMC-RRLYR-1052  19.102 19.643  0.5468029 0.0000009  2086.62343  0.547  0.451 4.289  0.273 2.148
OGLE-SMC-RRLYR-1053  19.002 19.548  0.5298900 0.0000004  2086.55089  0.698  0.475 4.172  0.385 2.052
OGLE-SMC-RRLYR-1054  18.815 19.408  0.6021906 0.0000008  2086.35113  0.432  0.461 4.417  0.309 2.841
OGLE-SMC-RRLYR-1055  19.103 19.693  0.6200633 0.0000009  2086.54865  0.454  0.442 4.300  0.369 2.454
OGLE-SMC-RRLYR-1056  18.778 19.353  0.6840675 0.0000005   466.06541  0.457  0.482 4.514  0.301 2.863
OGLE-SMC-RRLYR-1058  18.986 19.634  0.6647418 0.0000015  2086.39969  0.320  0.397 4.719  0.237 3.228
OGLE-SMC-RRLYR-1059  19.028 19.593  0.6089739 0.0000013  2086.81232  0.384  0.419 4.393  0.262 2.606
OGLE-SMC-RRLYR-1062  19.216 19.900  0.6084013 0.0000006   466.11235  0.431  0.418 4.373  0.346 2.757
OGLE-SMC-RRLYR-1065  19.040 19.613  0.5665006 0.0000010   466.13968  0.404  0.289 4.106  0.088 1.779
OGLE-SMC-RRLYR-1066  19.372 19.895  0.4839682 0.0000005  2086.57581  0.723  0.498 4.368  0.331 2.474
OGLE-SMC-RRLYR-1067  19.395 20.069  0.5998502 0.0000013   466.46519  0.300  0.437 4.589  0.204 3.059
OGLE-SMC-RRLYR-1068  19.611 19.918  0.4227179 0.0000010   466.16194  0.702  0.098 4.901  0.227 4.250
OGLE-SMC-RRLYR-1069  19.182 19.734  0.6064540 0.0000010  2086.85911  0.474  0.468 4.521  0.364 2.758
OGLE-SMC-RRLYR-1070  19.151 19.726  0.6076149 0.0000009  2086.30794  0.457  0.429 4.454  0.405 2.685
OGLE-SMC-RRLYR-1071  19.180 19.693  0.5663685 0.0000025  2086.81310  0.524  0.371 4.205  0.232 1.958
OGLE-SMC-RRLYR-1073  19.209 19.736  0.5896197 0.0000026  2086.45357  0.394  0.334 4.522  0.252 2.496
OGLE-SMC-RRLYR-1074  19.102 19.658  0.6045615 0.0000008  2086.54243  0.521  0.413 4.209  0.388 2.257
OGLE-SMC-RRLYR-1076  18.717 19.366  0.6421179 0.0000014  2086.36042  0.249  0.396 4.299  0.286 2.451
OGLE-SMC-RRLYR-1077  18.725 19.288  0.6870831 0.0000015   466.04146  0.205  0.341 4.613  0.162 1.987
OGLE-SMC-RRLYR-1078  19.023 19.598  0.5872446 0.0000008  2086.32466  0.530  0.398 4.160  0.336 2.061
OGLE-SMC-RRLYR-1079  19.169 19.746  0.6108666 0.0000010  2086.48862  0.467  0.489 4.264  0.308 2.666
OGLE-SMC-RRLYR-1080  19.076 19.720  0.6564385 0.0000010   466.32776  0.277  0.428 4.550  0.182 3.304
OGLE-SMC-RRLYR-1081  19.196 19.673  0.5709838 0.0000006  2086.59863  0.652  0.450 4.295  0.353 2.270
OGLE-SMC-RRLYR-1082  19.370 19.959  0.5447038 0.0000010  2086.76327  0.526  0.518 4.320  0.328 2.788
OGLE-SMC-RRLYR-1083  19.184 19.709  0.5121846 0.0000005  2086.60716  0.647  0.465 4.071  0.296 2.039
OGLE-SMC-RRLYR-1084  19.011 19.623  0.5709070 0.0000003   467.17435  0.546  0.421 4.247  0.335 2.209
OGLE-SMC-RRLYR-1086  18.961 19.566  0.6661236 0.0000024  2086.85374  0.251  0.330 4.637  0.124 3.295
OGLE-SMC-RRLYR-1087  19.076 19.643  0.6220453 0.0000007  2103.50695  0.580  0.505 4.306  0.325 2.535
OGLE-SMC-RRLYR-1088  19.122 19.786  0.6407772 0.0000019  2086.71275  0.294  0.396 4.627  0.199 3.138
OGLE-SMC-RRLYR-1090  19.207 19.814  0.6253091 0.0000013  2086.40396  0.424  0.402 4.223  0.319 2.608
OGLE-SMC-RRLYR-1091  19.421 19.977  0.6301855 0.0000008   465.96666  0.536  0.546 4.834  0.299 3.225
OGLE-SMC-RRLYR-1095  18.976 19.590  0.6118871 0.0000007  2086.69114  0.495  0.422 4.497  0.354 2.478
OGLE-SMC-RRLYR-1097  18.285 18.370  0.6538855 0.0000017   466.43678  0.107  0.318 4.689  0.198 3.092
OGLE-SMC-RRLYR-1098  18.935 19.577  0.6885266 0.0000018  2086.54626  0.292  0.440 4.391  0.262 2.746
OGLE-SMC-RRLYR-1100  19.179 19.782  0.6373875 0.0000015  2086.70367  0.435  0.499 4.339  0.308 2.933
OGLE-SMC-RRLYR-1103  19.620 20.119  0.4317210 0.0000002   466.49557  0.891  0.495 4.131  0.389 2.240
OGLE-SMC-RRLYR-1104  19.372 20.204  0.4216394 0.0000003  2086.88831  0.645  0.514 4.002  0.372 2.093
OGLE-SMC-RRLYR-1105  19.274 19.927  0.5999470 0.0000009  2086.65687  0.466  0.458 4.365  0.253 2.766
OGLE-SMC-RRLYR-1106  19.456 20.118  0.5330727 0.0000007  2086.53585  0.609  0.533 4.354  0.363 2.753
OGLE-SMC-RRLYR-1108  19.267 19.775  0.4646775 0.0000006  2086.87581  0.621  0.479 4.103  0.232 2.159
OGLE-SMC-RRLYR-1110  18.868 19.440  0.6273249 0.0000014  2086.88793  0.343  0.408 4.180  0.301 2.261
OGLE-SMC-RRLYR-1111  19.059 19.678  0.6350151 0.0000018  2086.48572  0.283  0.354 4.473  0.233 3.037
OGLE-SMC-RRLYR-1114  19.308 19.787  0.5499314 0.0000003   466.22444  0.688  0.470 4.116  0.328 2.136
OGLE-SMC-RRLYR-1117  19.493 19.964  0.4344383 0.0000003  2086.66364  0.889  0.541 4.011  0.391 2.128
OGLE-SMC-RRLYR-1118  19.191 19.771  0.5437049 0.0000006   466.03259  0.393  0.438 4.431  0.297 2.641
OGLE-SMC-RRLYR-1119  19.233 20.155  0.6016829 0.0000015  2086.36447  0.449  0.433 4.378  0.283 2.751
OGLE-SMC-RRLYR-1120  18.916 19.519  0.7272227 0.0000017  2086.51765  0.339  0.435 4.664  0.224 3.199
OGLE-SMC-RRLYR-1121  19.356 20.016  0.5595463 0.0000016   466.53203  0.170  0.289 4.782  0.000   -  
OGLE-SMC-RRLYR-1123  17.765 18.470  0.5623866 0.0000011  2086.64686  0.146  0.356 4.128  0.197 2.151
OGLE-SMC-RRLYR-1124  18.596 19.246  0.6263335 0.0000013  2086.59817  0.259  0.372 4.266  0.319 2.242
OGLE-SMC-RRLYR-1125  19.455 20.010  0.4754212 0.0000008   466.21427  0.309  0.283 3.593  0.144 1.072
OGLE-SMC-RRLYR-1126  18.885 19.294  0.6123920 0.0000005   466.44627  0.487  0.443 4.274  0.252 2.236
OGLE-SMC-RRLYR-1127  19.034 19.547  0.6455180 0.0000011   466.26743  0.274  0.350 4.412  0.246 2.552
OGLE-SMC-RRLYR-1128  19.421 20.005  0.5248060 0.0000004   466.39687  0.627  0.529 4.372  0.350 2.539
OGLE-SMC-RRLYR-1130  18.980 19.556  0.6159639 0.0000013  2105.46220  0.414  0.360 4.275  0.286 2.390
OGLE-SMC-RRLYR-1132  19.179 19.773  0.5898859 0.0000005   466.18667  0.492  0.360 4.205  0.340 2.199
OGLE-SMC-RRLYR-1133  19.238 19.797  0.5631233 0.0000007  2086.38510  0.588  0.435 4.341  0.330 2.420
OGLE-SMC-RRLYR-1134  18.842 19.349  0.7385459 0.0000010  2086.73422  0.469  0.490 4.383  0.309 2.704
OGLE-SMC-RRLYR-1135  19.002 19.634  0.6436474 0.0000008   466.13257  0.338  0.369 4.511  0.310 2.610
OGLE-SMC-RRLYR-1136  19.570 20.055  0.5094713 0.0000010  2086.46368  0.764  0.500 4.279  0.426 2.471
OGLE-SMC-RRLYR-1142  18.898    -    0.6718275 0.0000020  2086.80354  0.508  0.463 4.383  0.412 2.930
OGLE-SMC-RRLYR-1144  19.330 19.890  0.5622278 0.0000005  2086.33928  0.669  0.420 4.053  0.366 2.015
OGLE-SMC-RRLYR-1145  19.059 19.569  0.5230792 0.0000006  2086.51667  0.622  0.474 4.080  0.239 1.879
OGLE-SMC-RRLYR-1146  19.052 19.592  0.6350890 0.0000022  2086.44310  0.262  0.322 4.424  0.163 2.646
OGLE-SMC-RRLYR-1147  18.038 18.810  0.6081821 0.0000006   466.53188  0.152  0.333 4.200  0.319 2.012
OGLE-SMC-RRLYR-1149  19.440 20.032  0.5879724 0.0000006   466.50006  0.739  0.472 4.112  0.344 2.361
OGLE-SMC-RRLYR-1150  19.357 19.843  0.5325951 0.0000013  2086.59474  0.478  0.344 4.338  0.139 2.474
OGLE-SMC-RRLYR-1151  19.692 20.448  0.5681211 0.0000008  2086.81854  0.726  0.519 4.297  0.333 2.488
OGLE-SMC-RRLYR-1152  19.097 19.854  0.7579177 0.0000013   466.34931  0.310  0.423 4.705  0.226 3.664
OGLE-SMC-RRLYR-1153  19.069 19.814  0.7989403 0.0000014   466.47587  0.354  0.460 4.698  0.247 3.227
OGLE-SMC-RRLYR-1154  17.665 17.660  0.5390335 0.0000009   466.46010  0.069  0.483 4.728  0.269 3.106
OGLE-SMC-RRLYR-1155  19.171 19.820  0.6418869 0.0000010  2086.38893  0.561  0.510 4.528  0.366 2.740
OGLE-SMC-RRLYR-1157  18.874 19.491  0.6945078 0.0000031  2086.74602  0.218  0.333 4.745  0.000   -  
OGLE-SMC-RRLYR-1158  19.056 19.611  0.6218305 0.0000012  2086.46220  0.420  0.446 4.642  0.262 3.096
OGLE-SMC-RRLYR-1159  18.923 19.499  0.5925711 0.0000013  2086.55533  0.551  0.464 4.450  0.363 2.822
OGLE-SMC-RRLYR-1161  18.586 19.189  0.6060953 0.0000007  2086.60560  0.550  0.449 4.196  0.306 2.244
OGLE-SMC-RRLYR-1162  19.255 19.729  0.5440498 0.0000003   466.18753  0.736  0.524 4.240  0.297 2.277
OGLE-SMC-RRLYR-1163  19.192 19.728  0.7158729 0.0000015  2086.51066  0.347  0.382 4.888  0.186 3.869
OGLE-SMC-RRLYR-1164  18.859 19.400  0.6858192 0.0000012  2086.73054  0.452  0.515 4.686  0.305 3.041
OGLE-SMC-RRLYR-1165  19.183 19.730  0.5784706 0.0000007  2086.43114  0.550  0.432 4.310  0.300 2.247
OGLE-SMC-RRLYR-1166  19.885 20.428  0.4339921 0.0000010  2086.74960  0.736  0.497 4.121  0.178 1.925
OGLE-SMC-RRLYR-1167  19.065 19.731  0.6446053 0.0000019  2086.87804  0.257  0.334 4.468  0.241 2.953
OGLE-SMC-RRLYR-1170  19.230 19.818  0.6025291 0.0000004   466.31257  0.505  0.389 4.151  0.344 2.248
OGLE-SMC-RRLYR-1171  19.183 19.694  0.6166164 0.0000019  2116.31737  0.708  0.559 4.387  0.488 2.930
OGLE-SMC-RRLYR-1172  18.171 19.038  0.5958183 0.0000009  2086.81946  0.194  0.410 4.198  0.278 2.091
OGLE-SMC-RRLYR-1173  19.292 19.907  0.5473433 0.0000011  2086.74843  0.513  0.467 4.505  0.279 2.902
OGLE-SMC-RRLYR-1175  18.930 19.563  0.6385580 0.0000014  2086.37188  0.352  0.380 4.487  0.312 2.809
OGLE-SMC-RRLYR-1176  18.633 19.242  0.6064765 0.0000006  2086.51245  0.460  0.422 4.271  0.328 2.269
OGLE-SMC-RRLYR-1178  19.065 19.719  0.6334576 0.0000015  2086.34133  0.339  0.322 4.382  0.263 2.447
OGLE-SMC-RRLYR-1179  19.203 19.738  0.5471458 0.0000009  2086.52284  0.569  0.411 4.155  0.243 2.052
OGLE-SMC-RRLYR-1180  18.964 19.490  0.5708871 0.0000006  2086.53229  0.666  0.414 4.125  0.329 1.920
OGLE-SMC-RRLYR-1181  19.044 19.649  0.6358911 0.0000011  2086.29915  0.407  0.512 4.479  0.270 3.037
OGLE-SMC-RRLYR-1182  18.876 19.475  0.6344434 0.0000008  2086.72004  0.355  0.426 4.399  0.311 2.738
OGLE-SMC-RRLYR-1183  19.175 19.702  0.5651234 0.0000004  2086.68109  0.653  0.401 4.093  0.373 2.142
OGLE-SMC-RRLYR-1184  19.482 20.232  0.6129720 0.0000005   466.40585  0.552  0.432 4.143  0.347 2.271
OGLE-SMC-RRLYR-1185  19.117 19.683  0.5802055 0.0000006  2086.88961  0.560  0.461 4.267  0.350 2.583
OGLE-SMC-RRLYR-1188  18.731 19.018  0.5108131 0.0000008   466.51268  0.283  0.297 4.006  0.173 1.758
OGLE-SMC-RRLYR-1190  19.116 20.013  0.6177225 0.0000012  2086.48216  0.485  0.434 4.341  0.280 2.488
OGLE-SMC-RRLYR-1192  19.194 19.734  0.6177450 0.0000012  2086.87162  0.507  0.490 4.383  0.365 2.612
OGLE-SMC-RRLYR-1193  17.538 18.359  0.6163621 0.0000006   466.29968  0.113  0.379 4.170  0.289 2.285
OGLE-SMC-RRLYR-1194  19.441 19.992  0.5421415 0.0000009  2103.90086  0.650  0.476 4.367  0.349 2.733
OGLE-SMC-RRLYR-1195  19.415 20.027  0.5804977 0.0000015  2086.72355  0.429  0.493 4.795  0.226 3.198
OGLE-SMC-RRLYR-1199  19.086 19.526  0.6114474 0.0000005   466.09999  0.420  0.360 4.213  0.313 2.223
OGLE-SMC-RRLYR-1200  19.457 20.513  0.5704059 0.0000004   466.50514  0.547  0.428 4.106  0.312 2.380
OGLE-SMC-RRLYR-1201  19.471    -    0.5168061 0.0000010  2086.59841  0.770  0.440 4.311  0.420 2.344
OGLE-SMC-RRLYR-1202  19.274 19.943  0.6119282 0.0000017  2086.75463  0.402  0.458 4.262  0.256 2.736
OGLE-SMC-RRLYR-1203  19.080 19.657  0.5855637 0.0000008  2086.82920  0.439  0.397 4.240  0.277 2.357
OGLE-SMC-RRLYR-1204  19.147 19.673  0.5169386 0.0000008  2086.45803  0.566  0.387 4.260  0.168 2.256
OGLE-SMC-RRLYR-1205  19.400 19.880  0.5136469 0.0000003   466.33736  0.790  0.500 4.140  0.367 2.341
OGLE-SMC-RRLYR-1206  19.219 19.927  0.6262717 0.0000014  2086.44430  0.390  0.478 4.213  0.360 2.630
OGLE-SMC-RRLYR-1207  19.082 19.643  0.5745615 0.0000005  2086.79287  0.615  0.440 4.259  0.344 2.286
OGLE-SMC-RRLYR-1208  19.520 20.058  0.5114698 0.0000006   466.55756  0.561  0.403 4.209  0.267 2.545
OGLE-SMC-RRLYR-1209  18.930 19.381  0.6521151 0.0000017  2086.32884  0.258  0.352 4.242  0.273 2.705
OGLE-SMC-RRLYR-1210  18.932 19.437  0.6359249 0.0000007   466.25335  0.348  0.404 4.404  0.274 2.580
OGLE-SMC-RRLYR-1211  19.516 20.016  0.5010611 0.0000006   466.49199  0.501  0.409 4.455  0.280 2.678
OGLE-SMC-RRLYR-1212  19.062 19.684  0.5960737 0.0000021  2086.37747  0.249  0.230 4.646  0.134 2.485
OGLE-SMC-RRLYR-1214  19.594 20.328  0.6297142 0.0000011  2086.49910  0.502  0.374 4.269  0.380 2.388
OGLE-SMC-RRLYR-1215  19.099 19.543  0.5002378 0.0000003  2086.87405  0.826  0.462 4.132  0.336 2.007
OGLE-SMC-RRLYR-1216  19.079 19.713  0.5501681 0.0000005  2086.46285  0.707  0.479 4.126  0.373 2.209
OGLE-SMC-RRLYR-1218  19.504 20.008  0.4035829 0.0000002   466.34007  0.900  0.504 3.991  0.388 1.958
OGLE-SMC-RRLYR-1219  19.432 20.160  0.5675132 0.0000004   466.25012  0.643  0.458 4.193  0.389 2.287
OGLE-SMC-RRLYR-1220  19.091 19.751  0.6192647 0.0000016  2086.50657  0.382  0.441 4.557  0.282 2.893
OGLE-SMC-RRLYR-1221  18.977 19.634  0.6296441 0.0000018  2086.34347  0.315  0.347 4.214  0.265 2.637
OGLE-SMC-RRLYR-1222  19.255 19.653  0.5981929 0.0000003   465.96251  0.716  0.541 4.518  0.355 2.860
OGLE-SMC-RRLYR-1223  19.380 19.847  0.4990961 0.0000003   466.20481  0.699  0.515 4.338  0.373 2.539
OGLE-SMC-RRLYR-1224  18.923 19.490  0.5673077 0.0000006  2086.58722  0.600  0.372 4.131  0.325 2.012
OGLE-SMC-RRLYR-1225  19.377 20.042  0.5816566 0.0000007  2086.55916  0.534  0.433 4.225  0.365 2.472
OGLE-SMC-RRLYR-1226  18.937 19.496  0.6187731 0.0000015  2086.89248  0.456  0.442 4.177  0.307 2.446
OGLE-SMC-RRLYR-1227  18.966 19.584  0.6854975 0.0000012   466.23389  0.273  0.366 4.618  0.230 3.245
OGLE-SMC-RRLYR-1230  18.994 19.547  0.6328790 0.0000010  2086.78141  0.374  0.419 4.370  0.327 2.718
OGLE-SMC-RRLYR-1231  18.945 19.572  0.6000374 0.0000004   466.32559  0.555  0.438 4.348  0.396 2.437
OGLE-SMC-RRLYR-1232  19.308 19.747  0.5324008 0.0000006   466.09217  0.568  0.396 4.180  0.289 1.986
OGLE-SMC-RRLYR-1234  19.115 19.736  0.5752533 0.0000016  2086.61322  0.430  0.409 4.120  0.186 2.381
OGLE-SMC-RRLYR-1235  19.136 19.705  0.5910608 0.0000020   466.27162  0.266  0.142 4.698  0.000   -  
OGLE-SMC-RRLYR-1238  19.068 19.586  0.6169927 0.0000003   466.38036  0.631  0.408 4.098  0.350 1.987
OGLE-SMC-RRLYR-1239  19.019 19.477  0.5164433 0.0000003  2086.39844  0.803  0.444 4.210  0.351 1.982
OGLE-SMC-RRLYR-1240  18.528 18.952  0.8751920 0.0000007  2086.43694  0.832  0.517 4.619  0.340 2.819
OGLE-SMC-RRLYR-1242  19.104 19.640  0.5336867 0.0000004  2086.70632  0.694  0.411 4.173  0.346 1.968
OGLE-SMC-RRLYR-1244  19.158 19.461  0.6274823 0.0000006   466.21027  0.584  0.481 4.363  0.357 2.669
OGLE-SMC-RRLYR-1245  19.009 19.676  0.6835757 0.0000011   465.98357  0.246  0.370 4.558  0.192 3.194
OGLE-SMC-RRLYR-1247  19.723 20.254  0.4497015 0.0000005  2086.48312  0.684  0.523 4.322  0.304 2.697
OGLE-SMC-RRLYR-1249  19.056 19.553  0.6122698 0.0000006   466.24608  0.347  0.447 4.500  0.319 2.869
OGLE-SMC-RRLYR-1250  19.348 20.004  0.5985914 0.0000010  2086.48590  0.495  0.396 4.346  0.412 2.610
OGLE-SMC-RRLYR-1251  19.092 19.730  0.5846484 0.0000003   466.03405  0.635  0.428 4.220  0.341 2.141
OGLE-SMC-RRLYR-1252  19.121 19.563  0.5869670 0.0000017  2086.67219  0.335  0.354 3.968  0.178 1.850
OGLE-SMC-RRLYR-1253  18.825 19.404  0.6375959 0.0000008   622.64506  0.267  0.381 4.460  0.283 2.590
OGLE-SMC-RRLYR-1254  19.327 19.859  0.5271301 0.0000004  2086.66853  0.749  0.438 4.047  0.350 2.019
OGLE-SMC-RRLYR-1255  15.396 16.004  0.5474926 0.0000002  2086.45690  0.639  0.481 4.222  0.364 2.389
OGLE-SMC-RRLYR-1256  19.182 19.771  0.6904077 0.0000013  2086.84219  0.497  0.478 4.414  0.321 2.578
OGLE-SMC-RRLYR-1257  19.064 19.688  0.5760252 0.0000012   466.29732  0.454  0.239 4.557  0.121 3.928
OGLE-SMC-RRLYR-1258  19.039 19.577  0.5812462 0.0000032  2086.89041  0.393  0.106 4.175  0.102 5.063
OGLE-SMC-RRLYR-1260  19.343 20.103  0.6588413 0.0000018   466.55070  0.230  0.307 4.426  0.000   -  
OGLE-SMC-RRLYR-1263  19.071 19.620  0.6890612 0.0000016  2086.49059  0.352  0.447 4.543  0.244 2.978
OGLE-SMC-RRLYR-1264  19.037 19.674  0.6830989 0.0000007   466.09075  0.452  0.506 4.517  0.304 2.984
OGLE-SMC-RRLYR-1267  19.101 19.656  0.6343046 0.0000010  2086.39060  0.475  0.447 4.327  0.326 2.692
OGLE-SMC-RRLYR-1268  19.123 19.734  0.5957953 0.0000027  2086.90493  0.278  0.264 3.532  0.184 1.082
OGLE-SMC-RRLYR-1270  19.115 19.732  0.5813169 0.0000006  2086.39286  0.528  0.441 4.220  0.363 2.318
OGLE-SMC-RRLYR-1271  18.850 19.391  0.5712448 0.0000004  2086.61225  0.627  0.436 4.167  0.374 2.199
OGLE-SMC-RRLYR-1272  18.957 19.532  0.6131683 0.0000005  2086.91169  0.528  0.404 4.145  0.350 2.211
OGLE-SMC-RRLYR-1273  19.625 20.428  0.6393626 0.0000010   466.49690  0.340  0.389 4.442  0.268 3.006
OGLE-SMC-RRLYR-1274  19.071 19.728  0.6375953 0.0000012  2086.43359  0.308  0.417 4.288  0.286 2.750
OGLE-SMC-RRLYR-1275  20.128 21.099  0.5382282 0.0000014   466.26960  0.428  0.453 4.532  0.301 3.008
OGLE-SMC-RRLYR-1276  19.361 19.825  0.4726946 0.0000004  2086.63855  0.660  0.522 4.131  0.412 2.305
OGLE-SMC-RRLYR-1277  19.272 19.863  0.5539303 0.0000003   466.06245  0.544  0.523 4.466  0.366 2.907
OGLE-SMC-RRLYR-1278  19.136 19.654  0.5065686 0.0000003  2086.72540  0.716  0.433 4.106  0.364 1.790
OGLE-SMC-RRLYR-1279  18.866 19.450  0.5952026 0.0000008  2086.73018  0.455  0.370 4.216  0.312 2.226
OGLE-SMC-RRLYR-1280  19.397 20.008  0.5303133 0.0000003  2086.50510  0.769  0.425 4.199  0.364 2.047
OGLE-SMC-RRLYR-1282  18.967 19.545  0.6074202 0.0000008  2086.59387  0.450  0.358 4.245  0.301 2.365
OGLE-SMC-RRLYR-1283  19.055 19.641  0.6188649 0.0000012  2086.33931  0.448  0.409 4.312  0.332 2.596
OGLE-SMC-RRLYR-1284  19.275 19.895  0.6009510 0.0000024  2086.57858  0.200  0.357 4.834  0.000   -  
OGLE-SMC-RRLYR-1285  19.349 19.931  0.5270100 0.0000009  2086.37848  0.468  0.497 4.503  0.316 2.856
OGLE-SMC-RRLYR-1286  19.062 19.645  0.6541459 0.0000011  2086.83232  0.447  0.448 4.534  0.311 2.960
OGLE-SMC-RRLYR-1289  19.198 19.625  0.5437714 0.0000003   466.34028  0.467  0.479 4.099  0.329 1.977
OGLE-SMC-RRLYR-1290  18.608 19.090  0.8622141 0.0000007  2086.29659  0.764  0.478 4.704  0.328 3.039
OGLE-SMC-RRLYR-1291  19.003 19.592  0.6301648 0.0000005  2086.65794  0.578  0.472 4.344  0.358 2.603
OGLE-SMC-RRLYR-1292  18.422 18.871  0.6287482 0.0000006   466.30130  0.231  0.410 4.281  0.308 2.588
OGLE-SMC-RRLYR-1293  19.212 19.749  0.5505205 0.0000011  2086.75398  0.509  0.335 4.216  0.191 1.990
OGLE-SMC-RRLYR-1294  19.127 19.600  0.5380927 0.0000003  2086.81378  0.729  0.445 4.095  0.362 2.074
OGLE-SMC-RRLYR-1295  18.996 19.479  0.5628569 0.0000003   466.13978  0.667  0.443 4.106  0.353 2.129
OGLE-SMC-RRLYR-1296  19.388 19.847  0.4627044 0.0000003  2086.68830  0.911  0.475 4.104  0.383 1.976
OGLE-SMC-RRLYR-1297  19.109 19.629  0.5723086 0.0000008  2086.79823  0.496  0.420 4.365  0.298 2.428
OGLE-SMC-RRLYR-1298  19.130 19.679  0.5689674 0.0000003   466.08097  0.543  0.452 4.047  0.362 2.033
OGLE-SMC-RRLYR-1300  19.156 19.686  0.5309498 0.0000003   466.41046  0.637  0.424 4.124  0.323 2.013
OGLE-SMC-RRLYR-1301  19.010 19.611  0.6888300 0.0000006   466.42366  0.431  0.435 4.584  0.293 3.147
OGLE-SMC-RRLYR-1302  19.053 19.721  0.6109363 0.0000011  2086.58074  0.452  0.368 4.270  0.326 2.272
OGLE-SMC-RRLYR-1303  19.237 19.920  0.6113970 0.0000012   466.37226  0.383  0.362 4.402  0.251 2.202
OGLE-SMC-RRLYR-1304  19.159 19.714  0.5497758 0.0000004  2086.76472  0.661  0.472 4.157  0.358 2.176
OGLE-SMC-RRLYR-1305  18.980 19.655  0.6436865 0.0000018  2086.57558  0.303  0.335 4.529  0.258 2.722
OGLE-SMC-RRLYR-1306  19.078 19.640  0.6209333 0.0000036  2238.55144  0.389  0.259 4.061  0.325 1.847
OGLE-SMC-RRLYR-1307  19.396 19.960  0.5848192 0.0000005   466.55657  0.621  0.448 4.216  0.345 2.437
OGLE-SMC-RRLYR-1309  19.039 19.596  0.6006986 0.0000018  2086.90110  0.420  0.326 4.370  0.183 2.331
OGLE-SMC-RRLYR-1310  18.845 19.429  0.4937366 0.0000009  2086.56222  0.342  0.478 4.298  0.272 1.974
OGLE-SMC-RRLYR-1311  19.067 19.724  0.6255574 0.0000012  2086.44121  0.435  0.409 4.270  0.293 2.425
OGLE-SMC-RRLYR-1312  19.037 19.612  0.5925423 0.0000007   466.14502  0.478  0.373 4.418  0.197 2.358
OGLE-SMC-RRLYR-1313  19.186 19.838  0.5794140 0.0000007   466.47280  0.352  0.424 4.494  0.231 3.104
OGLE-SMC-RRLYR-1315  18.889 19.477  0.6140788 0.0000021  2104.30148  0.335  0.331 4.557  0.271 2.632
OGLE-SMC-RRLYR-1316  18.802 19.404  0.6283862 0.0000021  2086.39202  0.277  0.406 4.268  0.190 2.772
OGLE-SMC-RRLYR-1317  18.901 19.459  0.6111135 0.0000014  2086.87197  0.422  0.320 4.217  0.165 1.910
OGLE-SMC-RRLYR-1318  19.347 19.750  0.4672339 0.0000002   621.73137  0.814  0.437 3.989  0.303 1.781
OGLE-SMC-RRLYR-1319  18.947 19.541  0.6364127 0.0000019  2086.30522  0.290  0.281 4.413  0.171 2.640
OGLE-SMC-RRLYR-1320  18.880 19.437  0.5487959 0.0000015  2086.41746  0.457  0.350 4.179  0.115 2.517
OGLE-SMC-RRLYR-1321  19.047 19.663  0.6238940 0.0000029  2113.64676  0.343  0.248 4.471  0.248 2.187
OGLE-SMC-RRLYR-1322  19.250 19.745  0.5477456 0.0000006  2086.56928  0.668  0.388 4.067  0.361 2.077
OGLE-SMC-RRLYR-1323  19.327 20.295  0.6239353 0.0000009   621.30035  0.401  0.371 4.172  0.333 2.441
OGLE-SMC-RRLYR-1324  19.114 19.701  0.5733799 0.0000003   621.70370  0.603  0.391 4.234  0.375 2.070
OGLE-SMC-RRLYR-1325  19.128 19.701  0.5546588 0.0000004  2086.73743  0.660  0.471 4.152  0.328 2.256
OGLE-SMC-RRLYR-1329  19.001 19.624  0.5990194 0.0000009  2104.46706  0.476  0.471 4.284  0.337 2.584
OGLE-SMC-RRLYR-1330  18.753 19.301  0.7048963 0.0000015  2086.23640  0.352  0.462 4.531  0.258 3.204
OGLE-SMC-RRLYR-1333  19.153 19.640  0.5380185 0.0000005  2086.47201  0.738  0.495 4.165  0.337 2.192
OGLE-SMC-RRLYR-1334  19.336 20.024  0.6073917 0.0000004   626.64527  0.510  0.454 4.325  0.370 2.669
OGLE-SMC-RRLYR-1335  19.369 19.941  0.5258318 0.0000003   621.65814  0.601  0.491 4.218  0.307 2.613
OGLE-SMC-RRLYR-1336  19.047 19.675  0.6306346 0.0000009  2086.49694  0.495  0.448 4.268  0.317 2.580
OGLE-SMC-RRLYR-1338  19.080 19.582  0.5660998 0.0000016  2086.81076  0.366  0.367 4.178  0.189 2.374
OGLE-SMC-RRLYR-1340  19.160 19.631  0.5686471 0.0000004   621.35241  0.669  0.434 4.232  0.342 2.105
OGLE-SMC-RRLYR-1341  19.433 19.906  0.5024963 0.0000003   621.75464  0.858  0.581 4.290  0.359 2.464
OGLE-SMC-RRLYR-1342  19.338 19.808  0.5039071 0.0000005  2086.57545  0.891  0.549 4.193  0.365 2.407
OGLE-SMC-RRLYR-1344  19.627 20.275  0.5441822 0.0000023  2104.32922  0.417  0.378 4.783  0.224 3.010
OGLE-SMC-RRLYR-1345  19.134 19.690  0.5998288 0.0000016  2086.34762  0.385  0.320 3.964  0.223 1.881
OGLE-SMC-RRLYR-1346  19.002 19.571  0.5934089 0.0000025  2086.86887  0.365  0.272 3.910  0.212 1.284
OGLE-SMC-RRLYR-1347  19.383 19.937  0.4474712 0.0000002   621.77433  0.759  0.470 4.077  0.372 1.986
OGLE-SMC-RRLYR-1348  19.169 19.836  0.6164013 0.0000020  2086.42533  0.329  0.369 4.453  0.226 2.044
OGLE-SMC-RRLYR-1350  19.522 20.112  0.4839134 0.0000006   621.50098  0.502  0.456 4.175  0.266 2.424
OGLE-SMC-RRLYR-1352  19.316 19.815  0.4630694 0.0000003   621.79279  0.730  0.507 4.157  0.398 2.223
OGLE-SMC-RRLYR-1353  19.029 19.663  0.6158380 0.0000012   621.61536  0.290  0.319 4.542  0.139 2.506
OGLE-SMC-RRLYR-1354  19.148 19.590  0.5400390 0.0000011  2086.45700  0.439  0.362 3.916  0.145 1.854
OGLE-SMC-RRLYR-1355  19.267 19.904  0.6052470 0.0000015   621.69163  0.296  0.346 4.127  0.205 2.763
OGLE-SMC-RRLYR-1356  19.191 19.810  0.6741865 0.0000064  2086.69620  0.143  0.311 4.485  0.000   -  
OGLE-SMC-RRLYR-1357  19.126 19.722  0.6165855 0.0000005   621.66739  0.456  0.408 4.395  0.322 2.620
OGLE-SMC-RRLYR-1358  19.406 19.869  0.4491199 0.0000005  2086.74744  0.615  0.476 4.044  0.251 2.085
OGLE-SMC-RRLYR-1359  18.736 19.257  0.5894806 0.0000005   621.70695  0.454  0.358 4.131  0.287 2.280
OGLE-SMC-RRLYR-1360  18.959 19.603  0.5692090 0.0000008  2086.77103  0.421  0.517 4.282  0.376 2.705
OGLE-SMC-RRLYR-1361  19.136 19.683  0.6017604 0.0000004   621.70235  0.559  0.464 4.177  0.360 2.376
OGLE-SMC-RRLYR-1362  18.965 19.475  0.5325331 0.0000003   621.35776  0.662  0.460 4.129  0.311 2.121
OGLE-SMC-RRLYR-1363  19.131 19.749  0.5843002 0.0000003   621.56530  0.602  0.419 4.242  0.386 2.174
OGLE-SMC-RRLYR-1364  18.958 19.544  0.6894242 0.0000008  2086.77711  0.570  0.516 4.440  0.346 2.697
OGLE-SMC-RRLYR-1365  19.214 19.888  0.7149215 0.0000015  2086.79710  0.418  0.441 4.361  0.339 2.883
OGLE-SMC-RRLYR-1367  19.049 19.663  0.6067864 0.0000008   621.36069  0.197  0.406 3.999  0.392 1.685
OGLE-SMC-RRLYR-1370  19.283 19.814  0.5671907 0.0000013  2086.82855  0.395  0.456 4.448  0.247 3.050
OGLE-SMC-RRLYR-1373  19.065 19.616  0.7196712 0.0000007   621.62626  0.636  0.527 4.570  0.339 2.748
OGLE-SMC-RRLYR-1374  19.003 19.553  0.6442553 0.0000010  2086.62001  0.444  0.428 4.260  0.330 2.438
OGLE-SMC-RRLYR-1376  19.258 19.888  0.6833216 0.0000012  2086.83587  0.495  0.474 4.641  0.289 3.158
OGLE-SMC-RRLYR-1377  19.421 19.940  0.5251674 0.0000009   621.75441  0.517  0.273 4.009  0.130 0.976
OGLE-SMC-RRLYR-1378  19.378 19.950  0.5190538 0.0000006   621.61708  0.396  0.426 4.297  0.249 2.293
OGLE-SMC-RRLYR-1379  18.474 19.014  0.6337490 0.0000007  2086.30742  0.600  0.450 4.322  0.317 2.379
OGLE-SMC-RRLYR-1380  19.397 19.999  0.5679403 0.0000015  2086.38536  0.424  0.448 4.553  0.221 3.080
OGLE-SMC-RRLYR-1381  19.104 19.559  0.5581595 0.0000011  2086.54410  0.742  0.397 4.105  0.349 2.275
OGLE-SMC-RRLYR-1382  19.378 19.950  0.5499759 0.0000003   621.32719  0.681  0.522 4.171  0.374 2.358
OGLE-SMC-RRLYR-1383  19.062 19.682  0.6485764 0.0000013  2086.67759  0.430  0.405 4.333  0.350 2.447
OGLE-SMC-RRLYR-1384  18.979 19.580  0.6120889 0.0000008  2086.58263  0.471  0.439 4.455  0.349 2.617
OGLE-SMC-RRLYR-1385  19.163 19.699  0.5703961 0.0000005   626.48556  0.525  0.347 4.199  0.278 2.200
OGLE-SMC-RRLYR-1386  19.568 20.126  0.4475487 0.0000013  2086.51782  0.725  0.615 4.076  0.347 1.714
OGLE-SMC-RRLYR-1388  19.175 19.777  0.5846435 0.0000007  2086.46593  0.526  0.408 4.245  0.347 2.146
OGLE-SMC-RRLYR-1389  19.100 19.635  0.5891510 0.0000012  2086.46038  0.464  0.419 4.374  0.313 2.645
OGLE-SMC-RRLYR-1390  18.990 19.650  0.6711459 0.0000017  2086.37856  0.377  0.478 4.566  0.289 3.330
OGLE-SMC-RRLYR-1391  18.985 19.595  0.6297647 0.0000010   621.74147  0.384  0.443 4.209  0.286 2.475
OGLE-SMC-RRLYR-1392  19.203 19.805  0.5957614 0.0000023  2123.70944  0.433  0.452 4.311  0.240 2.439
OGLE-SMC-RRLYR-1393  19.063 19.525  0.5211444 0.0000005  2086.44738  0.646  0.488 4.227  0.389 2.267
OGLE-SMC-RRLYR-1394  19.070 19.661  0.6053724 0.0000007  2086.55019  0.582  0.476 4.154  0.362 2.223
OGLE-SMC-RRLYR-1396  18.943 19.516  0.6490337 0.0000015   621.53598  0.194  0.296 4.460  0.167 2.874
OGLE-SMC-RRLYR-1399  18.992 19.588  0.6176290 0.0000008  2086.87777  0.443  0.448 4.394  0.300 2.755
OGLE-SMC-RRLYR-1400  18.851 19.429  0.6327541 0.0000019  2086.84393  0.319  0.328 4.400  0.259 2.686
OGLE-SMC-RRLYR-1401  19.222 19.837  0.6041192 0.0000011  2086.74334  0.439  0.469 4.463  0.288 2.578
OGLE-SMC-RRLYR-1402  18.803 19.386  0.6172477 0.0000009   621.49314  0.360  0.391 4.201  0.274 2.452
OGLE-SMC-RRLYR-1403  19.193 19.699  0.5509049 0.0000010   621.31200  0.423  0.323 4.138  0.173 1.892
OGLE-SMC-RRLYR-1404  19.322 19.847  0.5217680 0.0000008   621.53727  0.512  0.356 4.025  0.217 1.782
OGLE-SMC-RRLYR-1405  19.809 20.442  0.5640979 0.0000009   621.62730  0.478  0.344 4.229  0.248 2.240
OGLE-SMC-RRLYR-1406  19.058 19.548  0.6193133 0.0000006   621.59730  0.410  0.465 4.335  0.335 2.860
OGLE-SMC-RRLYR-1407  19.042 19.502  0.5556284 0.0000004  2086.76885  0.747  0.551 4.242  0.320 2.407
OGLE-SMC-RRLYR-1408  19.129 19.768  0.6198973 0.0000008   621.24020  0.381  0.418 4.408  0.303 2.919
OGLE-SMC-RRLYR-1409  19.252 19.879  0.6424660 0.0000026  2086.38426  0.285  0.411 4.953  0.221 2.930
OGLE-SMC-RRLYR-1410  19.358 19.876  0.4975918 0.0000003   621.36436  0.760  0.487 4.063  0.414 2.174
OGLE-SMC-RRLYR-1411  19.148 20.152  0.7018023 0.0000027   621.70519  0.192  0.268 4.483  0.000   -  
OGLE-SMC-RRLYR-1413  18.745 19.692  0.6156641 0.0000005   621.28831  0.382  0.373 4.302  0.282 2.231
OGLE-SMC-RRLYR-1415  19.134 19.745  0.5569186 0.0000006  2086.37958  0.680  0.428 4.100  0.344 2.102
OGLE-SMC-RRLYR-1417  19.043 19.660  0.5952403 0.0000009  2086.74410  0.458  0.392 4.343  0.325 2.703
OGLE-SMC-RRLYR-1420  19.096 19.639  0.5613256 0.0000021  2086.51809  0.440  0.255 4.300  0.077 2.051
OGLE-SMC-RRLYR-1421  19.136 19.714  0.6133607 0.0000005   621.28497  0.463  0.432 4.305  0.327 2.515
OGLE-SMC-RRLYR-1422  19.384 20.064  0.5763971 0.0000012  2086.70881  0.486  0.484 4.428  0.338 2.842
OGLE-SMC-RRLYR-1423  18.994 19.375  0.5381995 0.0000006  2086.39225  0.536  0.454 4.085  0.299 2.055
OGLE-SMC-RRLYR-1424  18.952 19.553  0.6074243 0.0000014  2104.80491  0.499  0.373 4.184  0.325 2.267
OGLE-SMC-RRLYR-1426  18.702 18.837  0.4223366 0.0000003   621.81508  0.443  0.460 4.372  0.195 2.701
OGLE-SMC-RRLYR-1427  18.859 19.382  0.5908139 0.0000007  2086.50589  0.553  0.426 4.091  0.353 1.978
OGLE-SMC-RRLYR-1428  19.410 20.050  0.5544220 0.0000009   627.66083  0.476  0.513 4.547  0.295 2.743
OGLE-SMC-RRLYR-1430  19.122 19.823  0.5996962 0.0000019  2086.35820  0.287  0.344 4.440  0.247 2.660
OGLE-SMC-RRLYR-1431  19.401 20.148  0.6317392 0.0000008   621.81657  0.362  0.363 4.222  0.286 2.785
OGLE-SMC-RRLYR-1432  19.358 19.895  0.5048718 0.0000006  2086.86885  0.569  0.583 4.205  0.412 2.560
OGLE-SMC-RRLYR-1433  19.073 19.628  0.5852272 0.0000006  2086.81865  0.556  0.487 4.320  0.376 2.593
OGLE-SMC-RRLYR-1434  19.184 19.770  0.6527831 0.0000018  2086.75972  0.382  0.435 4.547  0.241 3.148
OGLE-SMC-RRLYR-1435  19.099 19.691  0.6299011 0.0000006   621.78915  0.391  0.430 4.430  0.301 2.678
OGLE-SMC-RRLYR-1436  19.723 20.356  0.4924084 0.0000003   621.54977  0.784  0.520 4.186  0.388 2.424
OGLE-SMC-RRLYR-1437  19.459 20.051  0.5381848 0.0000007   631.58478  0.514  0.499 4.364  0.363 2.399
OGLE-SMC-RRLYR-1438  19.336 19.926  0.5968513 0.0000004   621.27814  0.732  0.553 4.514  0.410 2.845
OGLE-SMC-RRLYR-1439  19.297 20.034  0.6315953 0.0000007   626.55919  0.371  0.385 4.361  0.281 2.700
OGLE-SMC-RRLYR-1440  19.534 20.066  0.4459872 0.0000003   621.49785  0.804  0.512 4.028  0.378 2.055
OGLE-SMC-RRLYR-1441  19.112 20.016  0.5949997 0.0000028  2086.65455  0.434  0.590 4.166  0.223 2.203
OGLE-SMC-RRLYR-1442  19.172 19.648  0.5290072 0.0000004  2104.42467  0.817  0.577 4.133  0.382 2.467
OGLE-SMC-RRLYR-1443  19.046 19.756  0.6194080 0.0000024  2086.40851  0.272  0.369 4.300  0.148 2.334
OGLE-SMC-RRLYR-1444  19.099 19.744  0.6772237 0.0000024  2086.52066  0.261  0.367 4.494  0.176 3.263
OGLE-SMC-RRLYR-1445  19.085    -    0.6305671 0.0000022  2086.78279  0.441  0.378 4.289  0.336 2.730
OGLE-SMC-RRLYR-1446  19.242 19.796  0.5608117 0.0000004   621.30915  0.538  0.454 4.142  0.353 1.904
OGLE-SMC-RRLYR-1447  19.304 19.918  0.6418263 0.0000023  2086.41267  0.302  0.346 4.257  0.270 2.955
OGLE-SMC-RRLYR-1448  19.106 19.661  0.5608559 0.0000006   621.57710  0.456  0.363 4.266  0.200 2.341
OGLE-SMC-RRLYR-1449  19.206 19.717  0.5454049 0.0000003   621.79834  0.713  0.463 4.112  0.394 2.221
OGLE-SMC-RRLYR-1450  18.919 19.281  0.6416162 0.0000010   621.83996  0.307  0.366 4.361  0.263 2.440
OGLE-SMC-RRLYR-1452  19.228 19.823  0.5977155 0.0000005   621.45116  0.532  0.433 4.249  0.371 2.282
OGLE-SMC-RRLYR-1453  19.372 19.987  0.5623257 0.0000013   621.48228  0.328  0.388 4.316  0.205 2.393
OGLE-SMC-RRLYR-1454  19.196 19.773  0.5842238 0.0000007   621.76842  0.493  0.381 4.121  0.285 1.830
OGLE-SMC-RRLYR-1455  18.760 19.288  0.6902754 0.0000037  2115.26900  0.194  0.379 4.514  0.000   -  
OGLE-SMC-RRLYR-1456  19.454 20.128  0.5288394 0.0000028  2086.79019  0.460  0.101 3.929  0.116 1.509
OGLE-SMC-RRLYR-1457  18.730 19.394  0.8422236 0.0000036  2086.37296  0.222  0.303 5.044  0.181 3.746
OGLE-SMC-RRLYR-1458  19.163 19.845  0.6229200 0.0000006   621.83569  0.382  0.378 4.403  0.319 2.791
OGLE-SMC-RRLYR-1459  19.062 19.636  0.5600776 0.0000006  2086.52022  0.570  0.498 4.162  0.391 2.392
OGLE-SMC-RRLYR-1460  19.221 19.837  0.5915320 0.0000020  2086.47930  0.303  0.330 4.206  0.206 2.174
OGLE-SMC-RRLYR-1461  19.325 19.985  0.6515607 0.0000014   621.27037  0.279  0.317 4.369  0.172 2.583
OGLE-SMC-RRLYR-1462  19.066 19.595  0.5298086 0.0000004  2086.64761  0.783  0.405 4.115  0.341 1.937
OGLE-SMC-RRLYR-1463  19.060 19.491  0.5255465 0.0000010  2086.48327  0.495  0.317 4.006  0.163 1.441
OGLE-SMC-RRLYR-1464  19.183 19.695  0.5035155 0.0000002   621.61429  0.821  0.471 4.099  0.399 2.015
OGLE-SMC-RRLYR-1466  19.492 20.195  0.6140078 0.0000017  2086.65027  0.444  0.461 4.374  0.318 2.799
OGLE-SMC-RRLYR-1467  19.099 19.689  0.5951392 0.0000007  2086.36985  0.558  0.411 4.140  0.343 2.134
OGLE-SMC-RRLYR-1468  19.042 19.721  0.6726432 0.0000021   626.36956  0.156  0.330 4.546  0.000   -  
OGLE-SMC-RRLYR-1469  19.025 19.680  0.6593653 0.0000008   621.28947  0.368  0.430 4.291  0.307 2.456
OGLE-SMC-RRLYR-1470  18.661 19.230  0.6223559 0.0000006  2086.68487  0.461  0.456 4.413  0.346 2.755
OGLE-SMC-RRLYR-1472  19.171 19.769  0.5708632 0.0000007  2086.66783  0.537  0.394 4.188  0.222 1.956
OGLE-SMC-RRLYR-1473  19.626 20.264  0.5112735 0.0000024  2086.58971  0.408  0.154 3.288  0.143 0.249
OGLE-SMC-RRLYR-1474  19.325 19.974  0.5792472 0.0000024  2086.76305  0.291  0.422 4.379  0.211 2.827
OGLE-SMC-RRLYR-1475  19.547 20.349  0.6424193 0.0000018   621.65896  0.420  0.485 4.442  0.293 2.960
OGLE-SMC-RRLYR-1476  19.532 20.170  0.4338626 0.0000003   621.81517  0.744  0.495 4.091  0.304 1.915
OGLE-SMC-RRLYR-1477  19.143 19.731  0.6534745 0.0000017  2086.84730  0.418  0.381 4.517  0.253 2.882
OGLE-SMC-RRLYR-1478  19.121 19.637  0.5352669 0.0000003   621.46819  0.673  0.406 4.050  0.331 1.941
OGLE-SMC-RRLYR-1479  19.158 19.746  0.5776925 0.0000004   621.45306  0.587  0.526 4.225  0.415 2.485
OGLE-SMC-RRLYR-1480  19.160 19.821  0.6317672 0.0000008   621.60655  0.369  0.430 4.796  0.250 3.470
OGLE-SMC-RRLYR-1481  18.826 19.456  0.5624818 0.0000004   621.83430  0.493  0.458 4.244  0.378 2.159
OGLE-SMC-RRLYR-1483  19.241 19.886  0.6058479 0.0000011   626.76440  0.379  0.389 4.507  0.268 2.310
OGLE-SMC-RRLYR-1484  19.253 19.852  0.6172022 0.0000009  2086.37627  0.490  0.377 4.162  0.284 2.208
OGLE-SMC-RRLYR-1485  19.016 19.610  0.6027342 0.0000005   621.45770  0.527  0.387 4.188  0.360 2.306
OGLE-SMC-RRLYR-1486  18.986 19.608  0.6559758 0.0000022  2086.34897  0.234  0.341 4.270  0.155 2.813
OGLE-SMC-RRLYR-1487  19.783 20.345  0.4162587 0.0000002   621.74538  0.712  0.477 4.005  0.377 2.109
OGLE-SMC-RRLYR-1489  19.189 19.694  0.5367788 0.0000007  2123.45276  0.694  0.425 4.313  0.316 2.369
OGLE-SMC-RRLYR-1490  19.153 19.865  0.6870337 0.0000013   621.47786  0.263  0.356 4.384  0.196 2.709
OGLE-SMC-RRLYR-1491  18.723 19.343  0.6553475 0.0000013  2086.62302  0.239  0.294 4.371  0.212 2.647
OGLE-SMC-RRLYR-1492  19.305 19.868  0.5426492 0.0000007  2086.74352  0.577  0.483 4.282  0.374 2.553
OGLE-SMC-RRLYR-1493  19.153 19.563  0.5875376 0.0000007   626.91493  0.507  0.449 4.331  0.362 2.534
OGLE-SMC-RRLYR-1494  19.198 19.855  0.6241733 0.0000007   621.76112  0.383  0.349 4.481  0.304 2.625
OGLE-SMC-RRLYR-1495  15.557 16.086  0.6129480 0.0000002  2086.33055  0.708  0.555 4.391  0.360 2.677
OGLE-SMC-RRLYR-1496  19.075 19.592  0.5247713 0.0000005   626.56741  0.542  0.354 4.091  0.184 1.852
OGLE-SMC-RRLYR-1497  18.989 19.606  0.6439959 0.0000013  2086.90384  0.350  0.387 4.355  0.256 2.316
OGLE-SMC-RRLYR-1498  19.154 19.813  0.6097807 0.0000013   621.61890  0.308  0.309 4.249  0.145 2.275
OGLE-SMC-RRLYR-1499  18.986 19.621  0.5858852 0.0000013  2086.84731  0.336  0.397 4.416  0.278 2.732
OGLE-SMC-RRLYR-1500  18.925 19.560  0.6381324 0.0000017  2086.73398  0.303  0.395 4.379  0.271 2.797
OGLE-SMC-RRLYR-1501  19.432 19.941  0.5144089 0.0000006  2086.50772  0.653  0.497 4.042  0.366 2.302
OGLE-SMC-RRLYR-1502  19.114 19.665  0.5314669 0.0000006  2086.83766  0.674  0.423 4.137  0.329 2.105
OGLE-SMC-RRLYR-1503  19.078 19.714  0.5950135 0.0000009   626.45892  0.412  0.393 4.315  0.227 2.395
OGLE-SMC-RRLYR-1504  19.189 19.772  0.5570518 0.0000007   621.63198  0.566  0.425 4.210  0.164 2.214
OGLE-SMC-RRLYR-1505  19.021 19.593  0.6278696 0.0000032  2086.65620  0.220  0.000   -    0.000   -  
OGLE-SMC-RRLYR-1506  19.208 19.705  0.5091832 0.0000004  2086.82108  0.780  0.459 4.253  0.344 2.200
OGLE-SMC-RRLYR-1507  19.171 19.739  0.5900229 0.0000010  2086.78035  0.443  0.357 4.420  0.233 2.302
OGLE-SMC-RRLYR-1508  19.007 19.608  0.6696834 0.0000023  2086.84155  0.274  0.311 4.455  0.324 2.929
OGLE-SMC-RRLYR-1509  19.311 19.844  0.5579513 0.0000009  2086.81629  0.565  0.425 4.377  0.271 2.379
OGLE-SMC-RRLYR-1510  19.247 19.830  0.5626009 0.0000006  2086.74638  0.685  0.417 4.187  0.376 2.196
OGLE-SMC-RRLYR-1511  19.035 19.650  0.6586683 0.0000019   626.43762  0.332  0.347 4.484  0.273 2.762
OGLE-SMC-RRLYR-1512  19.175 19.800  0.5818443 0.0000008  2086.63477  0.523  0.416 4.206  0.300 2.221
OGLE-SMC-RRLYR-1513  19.191 19.633  0.6053422 0.0000006   626.87280  0.528  0.438 4.236  0.329 2.468
OGLE-SMC-RRLYR-1514  19.155 19.891  0.6255058 0.0000008   621.67833  0.388  0.407 4.321  0.333 2.490
OGLE-SMC-RRLYR-1515  19.040 19.600  0.5845134 0.0000014  2086.63587  0.384  0.371 4.240  0.225 2.137
OGLE-SMC-RRLYR-1516  19.363 19.884  0.4883797 0.0000003  2086.71262  0.914  0.475 4.106  0.413 2.051
OGLE-SMC-RRLYR-1517  19.254 19.796  0.5499585 0.0000005  2086.88193  0.692  0.561 4.395  0.336 2.648
OGLE-SMC-RRLYR-1518  18.883 19.497  0.6142200 0.0000006   621.72463  0.436  0.414 4.273  0.290 2.362
OGLE-SMC-RRLYR-1519  18.929 19.537  0.6357002 0.0000013  2086.83114  0.390  0.367 4.322  0.250 2.282
OGLE-SMC-RRLYR-1521  18.999 19.586  0.6348184 0.0000019  2086.56394  0.374  0.428 4.324  0.255 2.728
OGLE-SMC-RRLYR-1522  18.861 19.366  0.5877497 0.0000004   621.84740  0.496  0.500 4.294  0.364 2.392
OGLE-SMC-RRLYR-1523  19.222 19.786  0.6204084 0.0000009  2086.79838  0.430  0.456 4.337  0.330 2.544
OGLE-SMC-RRLYR-1524  19.053 19.659  0.6895841 0.0000027  2086.35240  0.227  0.328 4.373  0.000   -  
OGLE-SMC-RRLYR-1527  19.076 19.675  0.5770126 0.0000006  2086.77811  0.596  0.398 4.112  0.273 2.010
OGLE-SMC-RRLYR-1528  18.733 19.327  0.6406627 0.0000004   621.68424  0.490  0.436 4.373  0.350 2.599
OGLE-SMC-RRLYR-1529  17.692 18.437  0.5932142 0.0000003   621.48841  0.202  0.408 4.115  0.302 1.953
OGLE-SMC-RRLYR-1530  18.952 19.531  0.6053330 0.0000014  2086.91571  0.426  0.400 4.178  0.232 1.967
OGLE-SMC-RRLYR-1531  18.857 19.489  0.6195613 0.0000012  2086.92238  0.431  0.428 4.363  0.345 2.530
OGLE-SMC-RRLYR-1532  19.150 19.791  0.6589431 0.0000045  2086.76275  0.146  0.257 4.204  0.000   -  
OGLE-SMC-RRLYR-1533  18.939 19.510  0.6355683 0.0000016  2086.41299  0.333  0.406 4.434  0.232 2.962
OGLE-SMC-RRLYR-1534  19.062 19.594  0.6416899 0.0000014  2086.83425  0.428  0.435 4.624  0.221 3.043
OGLE-SMC-RRLYR-1535  19.312 19.942  0.6183037 0.0000008   621.81719  0.461  0.425 4.282  0.263 2.706
OGLE-SMC-RRLYR-1536  19.024 19.307  0.6218571 0.0000020  2086.89073  0.316  0.372 4.158  0.276 2.611
OGLE-SMC-RRLYR-1537  19.176 19.647  0.5748722 0.0000004   621.80204  0.517  0.497 4.213  0.364 2.362
OGLE-SMC-RRLYR-1538  19.102 19.701  0.6309830 0.0000005   621.26359  0.495  0.449 4.226  0.373 2.357
OGLE-SMC-RRLYR-1539  19.173 19.832  0.6277898 0.0000008   621.70366  0.379  0.374 4.405  0.313 2.735
OGLE-SMC-RRLYR-1541  19.019 19.610  0.6645971 0.0000017  2086.29430  0.312  0.389 4.267  0.300 2.702
OGLE-SMC-RRLYR-1543  19.792 20.295  0.4127253 0.0000003  2086.59229  0.887  0.476 4.196  0.371 2.157
OGLE-SMC-RRLYR-1544  19.168 19.709  0.5704569 0.0000011  2086.53349  0.473  0.336 4.160  0.228 1.946
OGLE-SMC-RRLYR-1546  19.284 19.914  0.6184253 0.0000020  2086.88901  0.355  0.373 4.437  0.216 2.769
OGLE-SMC-RRLYR-1547  18.974 19.446  0.5950968 0.0000003   621.75339  0.676  0.484 4.240  0.361 2.289
OGLE-SMC-RRLYR-1549  19.095 19.717  0.6549457 0.0000012   621.66686  0.265  0.361 4.584  0.237 2.914
OGLE-SMC-RRLYR-1550  18.978 19.551  0.6114899 0.0000004   621.32267  0.485  0.453 4.267  0.359 2.426
OGLE-SMC-RRLYR-1551  19.192 19.845  0.5446069 0.0000005  2086.80488  0.605  0.477 4.109  0.371 2.117
OGLE-SMC-RRLYR-1552  18.767 19.325  0.6214026 0.0000010   621.48534  0.311  0.330 4.357  0.174 2.512
OGLE-SMC-RRLYR-1553  19.352 19.838  0.5508012 0.0000005  2086.88514  0.751  0.553 4.341  0.368 2.702
OGLE-SMC-RRLYR-1556  18.847 19.379  0.6375028 0.0000015  2086.73509  0.408  0.345 4.281  0.186 2.324
OGLE-SMC-RRLYR-1557  19.036 19.604  0.6201179 0.0000005   621.75663  0.397  0.354 4.447  0.294 2.791
OGLE-SMC-RRLYR-1558  19.170 19.801  0.6023797 0.0000004   621.83302  0.472  0.447 4.321  0.389 2.433
OGLE-SMC-RRLYR-1559  18.775 19.384  0.7307160 0.0000008  2086.55239  0.583  0.510 4.249  0.360 2.502
OGLE-SMC-RRLYR-1561  19.388 20.059  0.6435431 0.0000018   621.69690  0.259  0.430 4.386  0.210 2.955
OGLE-SMC-RRLYR-1562  19.019 19.549  0.5437769 0.0000006  2086.92945  0.612  0.410 4.178  0.314 2.012
OGLE-SMC-RRLYR-1563  19.172 19.658  0.5209673 0.0000014  2086.67913  0.557  0.356 3.912  0.134 1.927
OGLE-SMC-RRLYR-1564  18.930 19.543  0.6671636 0.0000014  2086.76109  0.381  0.472 4.437  0.266 2.942
OGLE-SMC-RRLYR-1566  19.198 19.804  0.5643162 0.0000011   621.82854  0.376  0.247 3.955  0.128 1.042
OGLE-SMC-RRLYR-1568  19.034 19.552  0.5801107 0.0000006  2086.44138  0.592  0.430 4.285  0.352 2.271
OGLE-SMC-RRLYR-1569  19.305 19.984  0.5622620 0.0000008  2086.71174  0.658  0.479 4.272  0.349 2.378
OGLE-SMC-RRLYR-1570  19.029 19.624  0.6161665 0.0000029  2086.81002  0.384  0.229 4.712  0.069 4.085
OGLE-SMC-RRLYR-1571  18.628 19.184  0.6186141 0.0000003   621.58969  0.579  0.364 4.219  0.309 2.017
OGLE-SMC-RRLYR-1574  18.738 19.252  0.7796815 0.0000027  2086.67274  0.228  0.345 4.839  0.153 3.397
OGLE-SMC-RRLYR-1575  19.203 19.778  0.5526871 0.0000003   621.65387  0.642  0.415 4.212  0.353 2.220
OGLE-SMC-RRLYR-1576  19.251 20.255  0.5304607 0.0000018  2086.76465  0.281  0.426 4.823  0.260 3.558
OGLE-SMC-RRLYR-1577  19.029 19.549  0.6140397 0.0000016  2086.81390  0.384  0.399 4.295  0.277 2.497
OGLE-SMC-RRLYR-1578  19.124 19.702  0.6439387 0.0000015  2086.78106  0.396  0.378 4.231  0.304 2.405
OGLE-SMC-RRLYR-1579  19.076 19.619  0.5886281 0.0000010  2086.68802  0.441  0.355 4.273  0.240 2.178
OGLE-SMC-RRLYR-1580  18.947 19.560  0.5851640 0.0000007  2086.70031  0.508  0.453 4.136  0.349 2.161
OGLE-SMC-RRLYR-1581  19.368 19.805  0.4210497 0.0000003  2086.61296  0.790  0.482 3.987  0.367 1.929
OGLE-SMC-RRLYR-1582  19.068 19.715  0.5814257 0.0000004   626.47104  0.641  0.462 4.302  0.322 2.276
OGLE-SMC-RRLYR-1583  19.325 19.883  0.5627245 0.0000010  2086.86958  0.507  0.520 4.341  0.349 2.781
OGLE-SMC-RRLYR-1584  19.021 19.502  0.5976894 0.0000021  2086.56714  0.321  0.436 4.159  0.250 2.093
OGLE-SMC-RRLYR-1585  19.005 19.655  0.6554648 0.0000008   621.62975  0.400  0.372 4.451  0.284 2.730
OGLE-SMC-RRLYR-1586  18.920 19.507  0.6223539 0.0000004   621.76667  0.424  0.369 4.389  0.311 2.463
OGLE-SMC-RRLYR-1587  19.329 19.995  0.6491045 0.0000009   621.53967  0.434  0.393 4.333  0.297 2.652
OGLE-SMC-RRLYR-1589  19.413 19.969  0.5689178 0.0000021  2086.60606  0.344  0.484 4.943  0.279 2.775
OGLE-SMC-RRLYR-1591  18.930 19.497  0.6139418 0.0000006  2086.92817  0.701  0.491 4.190  0.365 2.396
OGLE-SMC-RRLYR-1592  19.118 19.727  0.5926822 0.0000005   621.56645  0.491  0.434 4.375  0.359 2.484
OGLE-SMC-RRLYR-1593  19.114 19.716  0.6008189 0.0000018  2086.50653  0.280  0.370 4.917  0.193 3.388
OGLE-SMC-RRLYR-1594  19.238 19.738  0.5360096 0.0000005  2086.59312  0.645  0.452 4.173  0.281 2.122
OGLE-SMC-RRLYR-1595  19.085 19.715  0.6458845 0.0000010   628.80671  0.301  0.361 4.448  0.222 2.782
OGLE-SMC-RRLYR-1596  19.307 19.859  0.5139402 0.0000010  2086.54469  0.436  0.444 4.397  0.353 2.788
OGLE-SMC-RRLYR-1597  19.358 20.062  0.5726996 0.0000026  2086.74288  0.368  0.355 4.231  0.198 2.713
OGLE-SMC-RRLYR-1598  19.093 19.687  0.6056917 0.0000007  2086.75089  0.516  0.437 4.351  0.351 2.586
OGLE-SMC-RRLYR-1599  19.159 19.732  0.6127135 0.0000007  2086.75914  0.562  0.461 4.187  0.394 2.555
OGLE-SMC-RRLYR-1600  18.981 19.518  0.5639871 0.0000004   626.44112  0.588  0.417 4.205  0.336 2.200
OGLE-SMC-RRLYR-1601  19.517 20.052  0.4665057 0.0000003   621.77150  0.771  0.559 4.118  0.383 2.412
OGLE-SMC-RRLYR-1602  18.957 19.509  0.6085485 0.0000008  2086.46379  0.440  0.336 4.146  0.293 2.094
OGLE-SMC-RRLYR-1603  19.094 19.610  0.5743840 0.0000007  2086.49300  0.574  0.408 4.204  0.339 2.372
OGLE-SMC-RRLYR-1604  19.153 19.731  0.5823113 0.0000006  2086.62600  0.611  0.445 4.162  0.379 2.409
OGLE-SMC-RRLYR-1606  19.441 19.951  0.4473036 0.0000003   621.54227  0.825  0.464 4.111  0.370 2.178
OGLE-SMC-RRLYR-1607  19.100 19.947  0.6260331 0.0000006   626.81968  0.427  0.356 4.342  0.286 2.451
OGLE-SMC-RRLYR-1608  19.389 19.953  0.5312057 0.0000006  2086.73669  0.621  0.533 4.430  0.404 2.823
OGLE-SMC-RRLYR-1610  19.266 19.766  0.5676092 0.0000009  2086.61661  0.602  0.491 4.312  0.242 2.434
OGLE-SMC-RRLYR-1611  18.628 19.198  0.6195290 0.0000007   621.59089  0.407  0.372 4.459  0.330 2.620
OGLE-SMC-RRLYR-1612  18.939 19.488  0.6183160 0.0000008  2086.70173  0.416  0.371 4.372  0.312 2.392
OGLE-SMC-RRLYR-1613  19.339 19.869  0.5900156 0.0000008  2086.43361  0.599  0.427 4.136  0.391 2.137
OGLE-SMC-RRLYR-1615  18.911 19.470  0.6688495 0.0000017  2123.73886  0.356  0.437 4.380  0.332 2.677
OGLE-SMC-RRLYR-1616  19.110 19.593  0.5473790 0.0000005  2086.52745  0.681  0.448 4.125  0.345 2.184
OGLE-SMC-RRLYR-1617  18.877 19.434  0.6429018 0.0000017  2086.36493  0.288  0.343 4.301  0.199 2.318
OGLE-SMC-RRLYR-1618  19.413 19.881  0.4953788 0.0000008  2086.57850  0.652  0.477 4.185  0.220 2.378
OGLE-SMC-RRLYR-1621  19.152 19.682  0.5697213 0.0000006  2086.58451  0.638  0.450 4.280  0.370 2.342
OGLE-SMC-RRLYR-1622  20.380 20.878  0.6078672 0.0000035  2086.52212  0.379  0.518 4.526  0.000   -  
OGLE-SMC-RRLYR-1623  19.281 19.927  0.6385135 0.0000025  2086.46015  0.260  0.323 4.441  0.198 3.054
OGLE-SMC-RRLYR-1625  19.215 19.825  0.6168926 0.0000015  2086.86617  0.389  0.412 4.444  0.315 3.063
OGLE-SMC-RRLYR-1626  19.195 19.778  0.5764122 0.0000030  2104.80353  0.351  0.366 4.450  0.199 2.536
OGLE-SMC-RRLYR-1627  18.800 19.350  0.6340476 0.0000007  2086.83825  0.492  0.320 4.318  0.304 2.090
OGLE-SMC-RRLYR-1628  19.331 19.838  0.5302797 0.0000004  2086.55246  0.738  0.427 4.188  0.321 2.144
OGLE-SMC-RRLYR-1631  18.897 19.497  0.6354146 0.0000007  2086.55387  0.534  0.409 4.321  0.350 2.521
OGLE-SMC-RRLYR-1632  18.951 19.519  0.6088354 0.0000014  2086.70487  0.369  0.311 4.241  0.232 2.150
OGLE-SMC-RRLYR-1635  19.475 20.032  0.5354046 0.0000003   627.87633  0.801  0.497 4.225  0.366 2.563
OGLE-SMC-RRLYR-1636  18.968 19.594  0.6440504 0.0000010  2086.44004  0.418  0.433 4.265  0.319 2.351
OGLE-SMC-RRLYR-1637  18.822 19.361  0.5768504 0.0000003   627.74485  0.606  0.402 4.149  0.353 2.123
OGLE-SMC-RRLYR-1638  19.182 19.755  0.5305576 0.0000012  2086.54639  0.424  0.327 4.184  0.162 1.940
OGLE-SMC-RRLYR-1639  19.078 19.583  0.5610732 0.0000003   621.85791  0.816  0.419 4.116  0.370 2.067
OGLE-SMC-RRLYR-1641  19.174 19.790  0.5480529 0.0000008  2086.51090  0.510  0.468 4.310  0.399 2.663
OGLE-SMC-RRLYR-1642  18.994 19.608  0.6546515 0.0000013  2086.83375  0.389  0.460 4.504  0.299 2.978
OGLE-SMC-RRLYR-1643  18.984 19.483  0.5832658 0.0000004   627.73443  0.535  0.437 4.179  0.302 2.350
OGLE-SMC-RRLYR-1644  19.008 19.486  0.5672749 0.0000010  2086.60773  0.454  0.373 4.135  0.268 2.196
OGLE-SMC-RRLYR-1646  19.220 19.860  0.5918662 0.0000012  2086.71332  0.501  0.479 4.434  0.290 2.665
OGLE-SMC-RRLYR-1647  18.947 19.574  0.6264056 0.0000007  2086.81592  0.468  0.412 4.284  0.337 2.417
OGLE-SMC-RRLYR-1648  19.403 19.921  0.4959554 0.0000006  2086.43022  0.756  0.506 4.144  0.386 2.350
OGLE-SMC-RRLYR-1649  19.297 19.934  0.4309526 0.0000006  2086.87302  0.571  0.468 4.047  0.313 1.972
OGLE-SMC-RRLYR-1650  19.123 19.767  0.5998027 0.0000008  2086.87973  0.517  0.501 4.268  0.373 2.660
OGLE-SMC-RRLYR-1651  18.889 19.500  0.6536792 0.0000032  2086.69061  0.178  0.329 4.434  0.164 3.238
OGLE-SMC-RRLYR-1652  19.258 19.756  0.4943157 0.0000005  2086.62474  0.681  0.530 4.202  0.357 2.382
OGLE-SMC-RRLYR-1654  19.160 19.820  0.6572968 0.0000016   621.28576  0.221  0.321 4.453  0.238 3.047
OGLE-SMC-RRLYR-1655  19.069 19.652  0.6075914 0.0000009  2086.61240  0.476  0.428 4.450  0.334 2.788
OGLE-SMC-RRLYR-1656  18.805 19.452  0.6465548 0.0000010  2086.53984  0.288  0.369 4.386  0.224 2.618
OGLE-SMC-RRLYR-1657  19.157 19.778  0.6177108 0.0000021  2086.67524  0.272  0.382 4.854  0.285 3.519
OGLE-SMC-RRLYR-1658  19.374 19.984  0.6043615 0.0000013  2104.33562  0.456  0.442 4.353  0.327 2.704
OGLE-SMC-RRLYR-1659  19.446 19.931  0.5072156 0.0000007  2086.82478  0.681  0.590 4.225  0.360 2.625
OGLE-SMC-RRLYR-1660  19.135 19.738  0.6147751 0.0000009  2104.29906  0.476  0.364 4.130  0.291 2.087
OGLE-SMC-RRLYR-1661  19.125 19.713  0.6467305 0.0000010   621.75982  0.301  0.389 4.591  0.224 2.896
OGLE-SMC-RRLYR-1662  19.161 19.796  0.6210374 0.0000029  2104.84146  0.363  0.371 4.300  0.119 2.277
OGLE-SMC-RRLYR-1663  19.128 19.628  0.5431012 0.0000024  2104.37955  0.396  0.257 4.218  0.133 1.834
OGLE-SMC-RRLYR-1664  19.529 20.034  0.4823398 0.0000008  2086.64035  0.709  0.489 4.189  0.278 2.314
OGLE-SMC-RRLYR-1665  19.220 19.842  0.5930276 0.0000009  2086.90087  0.486  0.507 4.520  0.360 2.913
OGLE-SMC-RRLYR-1666  19.046 19.636  0.6220873 0.0000010  2086.76195  0.410  0.342 4.202  0.345 2.323
OGLE-SMC-RRLYR-1667  19.105 19.654  0.5477448 0.0000006   621.81253  0.416  0.286 3.681  0.251 1.257
OGLE-SMC-RRLYR-1668  19.015 19.578  0.5842706 0.0000025  2086.84408  0.281  0.296 3.898  0.000   -  
OGLE-SMC-RRLYR-1669  19.401 19.993  0.5334391 0.0000003   621.64297  0.700  0.484 4.172  0.394 2.172
OGLE-SMC-RRLYR-1670  18.837 19.449  0.6547549 0.0000013   621.79324  0.180  0.307 4.312  0.160 3.044
OGLE-SMC-RRLYR-1672  19.292 20.016  0.6306722 0.0000009   621.40928  0.325  0.495 4.500  0.262 3.049
OGLE-SMC-RRLYR-1675  19.427 19.944  0.5906430 0.0000005   621.67425  0.539  0.425 4.275  0.367 2.551
OGLE-SMC-RRLYR-1677  19.430 19.900  0.4334898 0.0000006   621.53245  0.564  0.325 4.176  0.154 2.325
OGLE-SMC-RRLYR-1678  19.128 19.678  0.5584968 0.0000003   621.34824  0.685  0.415 4.107  0.325 1.908
OGLE-SMC-RRLYR-1679  18.862 19.409  0.5810924 0.0000005  2086.43052  0.725  0.489 4.091  0.369 2.121
OGLE-SMC-RRLYR-1680  19.360 19.923  0.5530168 0.0000006  2086.73316  0.627  0.398 4.233  0.346 2.171
OGLE-SMC-RRLYR-1681  19.191 19.839  0.6065524 0.0000016  2104.70897  0.520  0.457 4.227  0.325 2.400
OGLE-SMC-RRLYR-1682  18.995 19.518  0.5785366 0.0000006  2104.30386  0.657  0.439 4.153  0.399 2.267
OGLE-SMC-RRLYR-1683  19.466 20.048  0.4813234 0.0000006   621.58031  0.419  0.322 4.343  0.125 2.498
OGLE-SMC-RRLYR-1684  19.385 20.020  0.6013140 0.0000014  2086.86979  0.444  0.504 4.253  0.301 2.612
OGLE-SMC-RRLYR-1685  19.318 20.044  0.6738434 0.0000025  2104.62712  0.268  0.372 4.815  0.171 3.314
OGLE-SMC-RRLYR-1686  16.883 17.346  0.4749747 0.0000002  2104.52449  0.816  0.484 4.061  0.376 2.061
OGLE-SMC-RRLYR-1687  19.033 19.644  0.6348764 0.0000006   621.78028  0.371  0.366 4.409  0.286 2.522
OGLE-SMC-RRLYR-1688  18.453 18.985  0.7179739 0.0000004   621.33584  0.408  0.361 4.343  0.284 2.280
OGLE-SMC-RRLYR-1690  18.821 19.361  0.7544239 0.0000009   621.85488  0.362  0.486 4.724  0.265 3.343
OGLE-SMC-RRLYR-1691  19.058 19.670  0.6084603 0.0000016  2104.68641  0.413  0.403 4.348  0.246 2.550
OGLE-SMC-RRLYR-1692  19.003 19.591  0.5932724 0.0000008   621.67162  0.421  0.439 4.288  0.315 2.360
OGLE-SMC-RRLYR-1693  19.556 20.156  0.5108312 0.0000011  2086.60617  0.466  0.455 4.537  0.295 3.216
OGLE-SMC-RRLYR-1694  19.015 19.638  0.6634939 0.0000019  2086.61419  0.285  0.344 4.408  0.203 2.636
OGLE-SMC-RRLYR-1696  19.108 19.692  0.5612586 0.0000007  2104.62364  0.571  0.417 4.296  0.345 2.368
OGLE-SMC-RRLYR-1697  19.601 20.023  0.4239057 0.0000010  2086.60579  0.589  0.422 4.073  0.158 1.753
OGLE-SMC-RRLYR-1698  19.071 19.577  0.5807348 0.0000005   621.71457  0.490  0.405 4.172  0.264 2.121
OGLE-SMC-RRLYR-1699  18.964 19.517  0.6187222 0.0000007  2086.75320  0.560  0.441 4.250  0.295 2.499
OGLE-SMC-RRLYR-1700  19.006 19.532  0.5128228 0.0000004   621.57049  0.564  0.380 4.020  0.207 1.923
OGLE-SMC-RRLYR-1702  19.397 19.975  0.5604991 0.0000006  2104.55765  0.725  0.409 4.085  0.342 2.044
OGLE-SMC-RRLYR-1707  19.316 19.963  0.6536653 0.0000034  2086.57321  0.165  0.269 5.069  0.000   -  
OGLE-SMC-RRLYR-1709  19.068 19.703  0.6345838 0.0000015  2104.65908  0.348  0.361 4.340  0.277 2.612
OGLE-SMC-RRLYR-1712  19.215 19.768  0.5577140 0.0000008   621.64843  0.479  0.426 4.287  0.217 2.130
OGLE-SMC-RRLYR-1713  19.018 19.594  0.6661952 0.0000026  2174.62556  0.557  0.590 4.320  0.349 2.796
OGLE-SMC-RRLYR-1714  19.268 19.788  0.5358722 0.0000004  2104.77258  0.696  0.473 4.114  0.355 2.055
OGLE-SMC-RRLYR-1716  18.636 19.299  0.6482532 0.0000019  2086.74596  0.173  0.342 4.506  0.199 3.141
OGLE-SMC-RRLYR-1717  18.817 19.342  0.5639915 0.0000004  2104.70775  0.615  0.385 4.187  0.319 1.894
OGLE-SMC-RRLYR-1718  18.724 19.278  0.5983337 0.0000005  2086.61300  0.517  0.433 4.259  0.353 2.430
OGLE-SMC-RRLYR-1719  19.342 19.996  0.6036517 0.0000006   621.75196  0.484  0.409 4.273  0.299 2.325
OGLE-SMC-RRLYR-1721  19.146 19.753  0.5713864 0.0000007  2104.72693  0.627  0.495 4.128  0.422 2.339
OGLE-SMC-RRLYR-1722  18.968 19.500  0.6170475 0.0000007  2104.27511  0.419  0.361 4.271  0.315 2.250
OGLE-SMC-RRLYR-1724  19.112 19.513  0.5508380 0.0000011  2104.80857  0.554  0.417 4.006  0.299 2.040
OGLE-SMC-RRLYR-1725  19.174 19.780  0.6044980 0.0000006  2104.40786  0.731  0.478 4.199  0.350 2.214
OGLE-SMC-RRLYR-1726  19.171 19.725  0.5422135 0.0000003   627.72675  0.739  0.425 4.254  0.352 2.169
OGLE-SMC-RRLYR-1728  19.206 19.794  0.5678433 0.0000003   621.48113  0.695  0.498 4.245  0.371 2.381
OGLE-SMC-RRLYR-1730  19.157 19.716  0.6217277 0.0000008   621.73884  0.394  0.347 4.361  0.249 2.227
OGLE-SMC-RRLYR-1731  19.151 19.826  0.7086099 0.0000011   621.22198  0.364  0.411 4.583  0.238 3.311
OGLE-SMC-RRLYR-1732  19.343 19.871  0.5197466 0.0000006  2104.70309  0.625  0.426 4.107  0.295 1.783
OGLE-SMC-RRLYR-1733  19.012 19.635  0.6203252 0.0000013   621.53821  0.312  0.319 4.148  0.141 2.348
OGLE-SMC-RRLYR-1735  18.963 19.542  0.6189890 0.0000016  2104.41335  0.304  0.284 4.141  0.189 2.281
OGLE-SMC-RRLYR-1737  19.277 19.846  0.5150752 0.0000005  2104.85558  0.677  0.531 4.007  0.384 2.320
OGLE-SMC-RRLYR-1738  18.831 19.373  0.5932865 0.0000004   621.83564  0.402  0.387 4.263  0.273 2.163
OGLE-SMC-RRLYR-1740  19.162 19.739  0.5909969 0.0000008  2104.79251  0.596  0.445 4.426  0.366 2.518
OGLE-SMC-RRLYR-1742  19.286 19.947  0.6546804 0.0000031  2104.37300  0.192  0.383 4.148  0.000   -  
OGLE-SMC-RRLYR-1743  18.833 19.451  0.6241330 0.0000008  2104.54789  0.437  0.450 4.230  0.319 2.439
OGLE-SMC-RRLYR-1744  19.257 19.831  0.6934798 0.0000013   621.80448  0.281  0.391 4.628  0.237 3.260
OGLE-SMC-RRLYR-1746  19.373 19.915  0.5146816 0.0000003   627.56637  0.796  0.404 4.096  0.340 1.883
OGLE-SMC-RRLYR-1747  19.121 19.707  0.6036925 0.0000007   621.30225  0.398  0.302 4.294  0.178 1.961
OGLE-SMC-RRLYR-1748  19.520 20.094  0.4800369 0.0000005  2104.62936  0.710  0.439 4.005  0.355 2.329
OGLE-SMC-RRLYR-1750  19.160 19.743  0.5759736 0.0000005  2104.35894  0.643  0.462 4.262  0.386 2.296
OGLE-SMC-RRLYR-1753  19.155 19.695  0.5646718 0.0000006  2104.37446  0.653  0.460 4.122  0.381 2.233
OGLE-SMC-RRLYR-1755  19.001 19.674  0.6488512 0.0000024  2104.54046  0.245  0.343 4.660  0.200 2.586
OGLE-SMC-RRLYR-1757  19.375 20.064  0.5171599 0.0000008  2104.60759  0.443  0.508 4.271  0.346 2.623
OGLE-SMC-RRLYR-1758  16.366 16.863  0.4977866 0.0000002  2104.46932  0.753  0.498 4.180  0.381 2.341
OGLE-SMC-RRLYR-1759  19.055 19.703  0.6794333 0.0000027  2104.26961  0.219  0.267 4.819  0.132 3.662
OGLE-SMC-RRLYR-1760  19.337 19.878  0.5430559 0.0000006  2104.47841  0.769  0.443 4.096  0.358 1.994
OGLE-SMC-RRLYR-1761  18.945 19.587  0.6609800 0.0000014  2104.57455  0.464  0.470 4.431  0.408 2.707
OGLE-SMC-RRLYR-1763  19.194 19.741  0.5213625 0.0000004  2104.50778  0.731  0.445 4.017  0.361 1.935
OGLE-SMC-RRLYR-1764  18.259 18.479  0.6695985 0.0000024  2104.73551  0.116  0.421 4.321  0.282 2.472
OGLE-SMC-RRLYR-1766  19.274 19.943  0.6372068 0.0000006   621.45099  0.462  0.408 4.206  0.324 2.445
OGLE-SMC-RRLYR-1767  19.393 19.959  0.5015741 0.0000004  2104.61155  0.771  0.497 4.140  0.388 2.327
OGLE-SMC-RRLYR-1768  19.632 20.068  0.3742899 0.0000003  2104.50402  0.853  0.514 4.052  0.364 2.031
OGLE-SMC-RRLYR-1769  19.351 19.913  0.5592927 0.0000003   627.62931  0.561  0.463 4.209  0.313 2.414
OGLE-SMC-RRLYR-1770  19.157 19.706  0.5927136 0.0000018  2104.49509  0.468  0.393 4.218  0.311 2.407
OGLE-SMC-RRLYR-1771  17.608 18.171  0.6052200 0.0000006  2104.60534  0.478  0.483 4.432  0.348 2.788
OGLE-SMC-RRLYR-1772  18.775 19.241  0.6142502 0.0000003   621.60134  0.729  0.483 4.161  0.369 2.327
OGLE-SMC-RRLYR-1773  18.715 19.259  0.5972235 0.0000007  2104.50903  0.647  0.435 4.305  0.324 2.353
OGLE-SMC-RRLYR-1776  19.049 19.682  0.6646258 0.0000022  2104.86627  0.255  0.317 4.790  0.199 3.391
OGLE-SMC-RRLYR-1777  19.416 19.907  0.4871562 0.0000005  2104.86024  0.756  0.589 4.199  0.383 2.443
OGLE-SMC-RRLYR-1778  18.944 19.340  0.5560648 0.0000010   621.75090  0.406  0.333 4.145  0.082 1.869
OGLE-SMC-RRLYR-1779  19.441 19.999  0.6481838 0.0000019   621.73459  0.253  0.278 4.628  0.000   -  
OGLE-SMC-RRLYR-1780  19.060 19.645  0.6330366 0.0000009   627.36459  0.380  0.400 4.777  0.229 3.452
OGLE-SMC-RRLYR-1781  18.967 19.514  0.6329123 0.0000003   621.78225  0.646  0.479 4.361  0.347 2.661
OGLE-SMC-RRLYR-1782  19.133 19.660  0.5500883 0.0000010  2104.44932  0.491  0.372 4.244  0.297 2.128
OGLE-SMC-RRLYR-1784  18.862 19.465  0.6259141 0.0000009  2104.32346  0.440  0.498 4.233  0.301 2.656
OGLE-SMC-RRLYR-1786  19.507 20.210  0.4979057 0.0000008  2104.62251  0.619  0.507 4.096  0.304 2.504
OGLE-SMC-RRLYR-1787  19.135 19.669  0.5877834 0.0000007  2104.74769  0.533  0.403 4.264  0.315 2.165
OGLE-SMC-RRLYR-1789  18.968 19.573  0.6084957 0.0000010  2104.59846  0.446  0.379 4.340  0.256 2.259
OGLE-SMC-RRLYR-1790  18.607 19.172  0.6118773 0.0000003   627.73412  0.497  0.370 4.252  0.310 2.195
OGLE-SMC-RRLYR-1792  18.880 19.392  0.6227266 0.0000007  2104.40159  0.571  0.442 4.365  0.309 2.518
OGLE-SMC-RRLYR-1793  19.300 19.924  0.5849169 0.0000011   621.30359  0.347  0.355 3.914  0.209 2.390
OGLE-SMC-RRLYR-1794  19.285 19.952  0.6168936 0.0000005   627.36064  0.742  0.464 4.155  0.327 2.419
OGLE-SMC-RRLYR-1795  18.954 19.416  0.5264012 0.0000003  2104.51673  0.695  0.425 4.135  0.319 1.908
OGLE-SMC-RRLYR-1797  19.019 19.622  0.6442623 0.0000008   621.27105  0.367  0.458 4.692  0.284 3.338
OGLE-SMC-RRLYR-1798  19.121 19.655  0.5748353 0.0000017  2104.44875  0.432  0.569 4.191  0.459 2.201
OGLE-SMC-RRLYR-1799  19.521 20.208  0.5738613 0.0000007   627.91858  0.459  0.474 4.487  0.344 2.880
OGLE-SMC-RRLYR-1800  19.710 20.144  0.4182090 0.0000004  2104.45928  0.943  0.506 3.931  0.407 1.970
OGLE-SMC-RRLYR-1801  18.816 19.379  0.6545052 0.0000003   621.41683  0.540  0.497 4.327  0.360 2.614
OGLE-SMC-RRLYR-1802  18.965 19.576  0.6645363 0.0000017  2104.55992  0.294  0.318 4.259  0.225 2.368
OGLE-SMC-RRLYR-1803  18.977 19.528  0.5825101 0.0000004  2104.59468  0.628  0.392 4.125  0.326 2.038
OGLE-SMC-RRLYR-1804  18.958 19.493  0.6892002 0.0000023  2104.31727  0.265  0.334 4.656  0.200 3.503
OGLE-SMC-RRLYR-1805  19.223 19.890  0.6336410 0.0000015  2104.29355  0.375  0.368 4.401  0.305 2.614
OGLE-SMC-RRLYR-1807  18.999 19.648  0.6483918 0.0000015  2104.81422  0.306  0.305 4.290  0.230 2.407
OGLE-SMC-RRLYR-1808  19.012 19.457  0.5324570 0.0000009  2104.71850  0.483  0.372 4.133  0.182 1.921
OGLE-SMC-RRLYR-1809  19.262 19.817  0.5604805 0.0000003   627.79893  0.732  0.388 4.156  0.361 1.986
OGLE-SMC-RRLYR-1811  19.188 19.810  0.6006314 0.0000013  2203.22262  0.531  0.393 4.376  0.343 2.354
OGLE-SMC-RRLYR-1812  19.238 19.806  0.5332640 0.0000003   621.38743  0.694  0.473 4.154  0.307 2.110
OGLE-SMC-RRLYR-1813  18.765 19.157  0.6299550 0.0000007   621.81337  0.291  0.372 4.355  0.291 2.717
OGLE-SMC-RRLYR-1814  19.047 19.657  0.6484743 0.0000022  2104.70169  0.300  0.421 4.463  0.196 3.303
OGLE-SMC-RRLYR-1815  19.338 20.008  0.5788483 0.0000007   621.80020  0.455  0.405 3.992  0.298 1.821
OGLE-SMC-RRLYR-1816  19.451 20.077  0.5176438 0.0000015   621.75757  0.197  0.373 5.020  0.237 3.891
OGLE-SMC-RRLYR-1817  19.111 19.647  0.5345486 0.0000005  2104.65783  0.633  0.420 4.179  0.305 1.997
OGLE-SMC-RRLYR-1818  19.181 19.734  0.6146167 0.0000007   627.46104  0.366  0.367 4.352  0.261 2.541
OGLE-SMC-RRLYR-1819  18.888 19.336  0.4869775 0.0000003  2104.64889  0.751  0.472 4.135  0.385 2.221
OGLE-SMC-RRLYR-1820  19.161 19.789  0.6342069 0.0000011  2104.78327  0.364  0.347 4.480  0.237 2.914
OGLE-SMC-RRLYR-1821  18.980 19.608  0.6813613 0.0000015   621.20884  0.221  0.343 4.545  0.178 3.311
OGLE-SMC-RRLYR-1822  19.195 19.637  0.5738985 0.0000004   621.55950  0.622  0.483 4.327  0.314 2.603
OGLE-SMC-RRLYR-1824  19.020 19.647  0.7495819 0.0000012   621.40753  0.376  0.451 4.781  0.299 3.423
OGLE-SMC-RRLYR-1825  19.270 19.826  0.5037290 0.0000003   621.59825  0.658  0.381 4.139  0.293 2.131
OGLE-SMC-RRLYR-1826  19.039 19.686  0.6542136 0.0000018  2104.69979  0.358  0.440 4.398  0.335 2.799
OGLE-SMC-RRLYR-1827  19.162 19.672  0.5145747 0.0000003  2104.73202  0.843  0.466 4.205  0.364 1.996
OGLE-SMC-RRLYR-1828  19.299 19.854  0.5788125 0.0000011   621.44458  0.342  0.334 4.365  0.000   -  
OGLE-SMC-RRLYR-1829  19.038 19.651  0.6503197 0.0000010   621.82479  0.282  0.429 4.393  0.189 2.615
OGLE-SMC-RRLYR-1830  19.246 19.713  0.4889935 0.0000003   621.46107  0.748  0.529 4.216  0.359 2.399
OGLE-SMC-RRLYR-1831  18.869 19.365  0.5374810 0.0000004  2104.36960  0.715  0.424 3.968  0.366 1.819
OGLE-SMC-RRLYR-1832  19.444 19.926  0.5318861 0.0000013  2104.57477  0.532  0.342 4.022  0.156 1.415
OGLE-SMC-RRLYR-1834  19.240 19.610  0.4336248 0.0000002   621.49214  0.698  0.475 4.029  0.361 1.995
OGLE-SMC-RRLYR-1836  16.428 16.852  0.4540021 0.0000003  2104.54997  0.592  0.439 4.011  0.207 2.180
OGLE-SMC-RRLYR-1837  19.619 19.775  0.5416648 0.0000010   621.45276  0.563  0.286 4.269  0.151 2.330
OGLE-SMC-RRLYR-1838  18.917 19.500  0.6438976 0.0000012   627.57811  0.240  0.313 4.482  0.190 2.735
OGLE-SMC-RRLYR-1839  19.112 19.743  0.5958967 0.0000007  2104.81667  0.540  0.441 4.231  0.356 2.511
OGLE-SMC-RRLYR-1841  19.162 19.755  0.6591827 0.0000017  2104.48076  0.398  0.492 4.718  0.232 3.427
OGLE-SMC-RRLYR-1842  19.174 19.836  0.6299447 0.0000020  2112.80531  0.392  0.374 4.446  0.273 2.826
OGLE-SMC-RRLYR-1843  19.183 19.745  0.4961056 0.0000003   627.47398  0.596  0.530 4.384  0.368 2.748
OGLE-SMC-RRLYR-1844  18.988 19.539  0.6369307 0.0000013   621.77878  0.309  0.299 4.434  0.204 2.784
OGLE-SMC-RRLYR-1845  19.242 19.825  0.5769743 0.0000007  2104.39154  0.615  0.404 4.240  0.387 2.403
OGLE-SMC-RRLYR-1846  18.768 19.341  0.6938050 0.0000010  2104.70004  0.456  0.415 4.369  0.322 2.788
OGLE-SMC-RRLYR-1847  19.037 19.612  0.6210198 0.0000015  2104.56787  0.503  0.436 4.160  0.258 2.276
OGLE-SMC-RRLYR-1848  18.975 19.506  0.5996587 0.0000004   627.75695  0.511  0.499 4.347  0.372 2.852
OGLE-SMC-RRLYR-1849  19.054 19.643  0.6447153 0.0000007  2104.86071  0.628  0.485 4.189  0.360 2.528
OGLE-SMC-RRLYR-1850  19.239 19.895  0.6350719 0.0000012  2104.39008  0.482  0.473 4.364  0.285 2.650
OGLE-SMC-RRLYR-1852  19.067 19.586  0.5510325 0.0000007   621.65711  0.459  0.336 4.248  0.144 1.964
OGLE-SMC-RRLYR-1854  19.465 20.052  0.4559600 0.0000003   621.66499  0.747  0.478 4.121  0.386 2.255
OGLE-SMC-RRLYR-1855  19.031 19.608  0.6427815 0.0000011  2104.84258  0.366  0.403 4.254  0.244 2.355
OGLE-SMC-RRLYR-1856  18.966 19.439  0.5243120 0.0000009  2104.77695  0.660  0.442 4.147  0.202 2.170
OGLE-SMC-RRLYR-1857  19.586 20.169  0.5358492 0.0000008   621.56761  0.494  0.555 4.526  0.248 2.881
OGLE-SMC-RRLYR-1858  19.209 19.798  0.5394331 0.0000004  2104.48300  0.699  0.420 4.052  0.362 1.955
OGLE-SMC-RRLYR-1859  19.329 19.902  0.5836274 0.0000008  2104.85446  0.639  0.475 4.208  0.366 2.491
OGLE-SMC-RRLYR-1860  18.952 19.490  0.5497675 0.0000005  2104.34166  0.688  0.435 4.128  0.337 2.066
OGLE-SMC-RRLYR-1861  18.817 19.391  0.6125494 0.0000007  2104.87418  0.470  0.354 4.381  0.327 2.251
OGLE-SMC-RRLYR-1862  18.946 19.535  0.5949692 0.0000007  2104.44979  0.496  0.494 4.418  0.342 2.532
OGLE-SMC-RRLYR-1863  19.019 19.589  0.5874901 0.0000013  2104.33657  0.514  0.440 4.261  0.232 2.312
OGLE-SMC-RRLYR-1865  19.056 19.745  0.5782139 0.0000014  2104.29771  0.327  0.368 4.539  0.247 2.602
OGLE-SMC-RRLYR-1866  19.016 19.619  0.5836205 0.0000006  2104.73922  0.597  0.444 4.344  0.349 2.351
OGLE-SMC-RRLYR-1867  19.474 19.949  0.4538389 0.0000003   621.64764  0.667  0.457 3.991  0.282 1.849
OGLE-SMC-RRLYR-1868  18.941 19.560  0.7037668 0.0000017  2104.48527  0.347  0.439 4.657  0.267 3.163
OGLE-SMC-RRLYR-1869  19.395 20.044  0.6267412 0.0000027  2104.35479  0.247  0.327 4.959  0.000   -  
OGLE-SMC-RRLYR-1870  18.941 19.511  0.5655755 0.0000008  2104.52859  0.503  0.480 4.241  0.353 2.317
OGLE-SMC-RRLYR-1872  17.853 19.251  0.6115823 0.0000009  2104.48378  0.166  0.430 4.140  0.320 2.152
OGLE-SMC-RRLYR-1873  19.086 19.611  0.5471256 0.0000004  2104.71172  0.652  0.442 4.271  0.380 2.281
OGLE-SMC-RRLYR-1875  19.216 19.777  0.5816655 0.0000027  2104.39766  0.346  0.221 4.242  0.184 2.483
OGLE-SMC-RRLYR-1876  18.990 19.534  0.6060119 0.0000011  2104.78489  0.454  0.479 4.361  0.308 2.788
OGLE-SMC-RRLYR-1877  19.084 19.618  0.5981275 0.0000014   621.54258  0.497  0.400 4.242  0.121 1.904
OGLE-SMC-RRLYR-1879  19.528 20.278  0.6174279 0.0000015   627.75669  0.248  0.412 4.707  0.216 3.901
OGLE-SMC-RRLYR-1880  19.158 19.713  0.5634774 0.0000007  2104.54821  0.656  0.421 4.229  0.335 2.102
OGLE-SMC-RRLYR-1882  19.304 20.220  0.6304819 0.0000031  2104.28056  0.202  0.342 4.587  0.179 3.909
OGLE-SMC-RRLYR-1883  19.406 20.425  0.5681507 0.0000006   627.49267  0.457  0.407 4.058  0.286 2.536
OGLE-SMC-RRLYR-1885  19.364 20.098  0.6417567 0.0000017  2104.58273  0.376  0.384 4.447  0.297 2.306
OGLE-SMC-RRLYR-1886  19.043 19.650  0.6431541 0.0000009   627.73331  0.323  0.403 4.263  0.275 2.545
OGLE-SMC-RRLYR-1887  19.243 19.656  0.6021140 0.0000012  2104.37421  0.521  0.448 4.459  0.381 2.794
OGLE-SMC-RRLYR-1888  19.090 19.653  0.6331697 0.0000012  2104.87201  0.358  0.336 4.302  0.301 2.500
OGLE-SMC-RRLYR-1889  19.343 19.868  0.5760085 0.0000016  2104.69845  0.349  0.362 4.075  0.239 1.916
OGLE-SMC-RRLYR-1890  19.087 19.680  0.6180530 0.0000013  2104.74280  0.361  0.444 4.523  0.292 3.020
OGLE-SMC-RRLYR-1891  18.839 19.515  0.8308121 0.0000016  2104.78941  0.441  0.471 4.744  0.242 3.296
OGLE-SMC-RRLYR-1892  18.696 19.285  0.6495352 0.0000014   621.34070  0.172  0.305 4.654  0.000   -  
OGLE-SMC-RRLYR-1893  18.588 19.170  0.6059088 0.0000007  2104.65134  0.496  0.366 4.260  0.331 2.363
OGLE-SMC-RRLYR-1894  18.941 19.561  0.7005084 0.0000074  2115.47846  0.371  0.413 4.516  0.190 3.052
OGLE-SMC-RRLYR-1895  19.130 19.670  0.5988722 0.0000008  2104.71332  0.506  0.413 4.155  0.316 1.998
OGLE-SMC-RRLYR-1897  19.343 20.002  0.6270301 0.0000005   621.56728  0.613  0.473 4.500  0.371 2.572
OGLE-SMC-RRLYR-1898  19.545 20.199  0.6068103 0.0000010  2104.27458  0.496  0.320 4.150  0.353 1.975
OGLE-SMC-RRLYR-1899  18.980 19.563  0.5721601 0.0000006  2104.40572  0.597  0.441 4.235  0.350 2.372
OGLE-SMC-RRLYR-1900  19.480 21.114  0.6128699 0.0000009  2104.30257  0.634  0.374 4.224  0.373 2.432
OGLE-SMC-RRLYR-1901  19.254 19.778  0.5228154 0.0000004  2112.89573  0.753  0.447 4.203  0.324 1.907
OGLE-SMC-RRLYR-1902  18.974 19.585  0.5871258 0.0000013  2104.41019  0.444  0.441 4.407  0.248 2.456
OGLE-SMC-RRLYR-1903  19.125 19.718  0.5743031 0.0000004   625.77786  0.485  0.489 4.397  0.370 2.885
OGLE-SMC-RRLYR-1904  19.154 19.761  0.6431635 0.0000014  2104.25617  0.348  0.511 4.499  0.273 2.978
OGLE-SMC-RRLYR-1906  19.063 19.650  0.6590168 0.0000022  2104.33024  0.572  0.454 4.338  0.411 2.520
OGLE-SMC-RRLYR-1907  19.057 19.694  0.6255679 0.0000013  2104.51769  0.409  0.406 4.216  0.271 2.063
OGLE-SMC-RRLYR-1909  18.972 19.596  0.6313481 0.0000017  2104.34118  0.298  0.339 4.535  0.189 2.929
OGLE-SMC-RRLYR-1910  19.357 19.914  0.5251594 0.0000007   621.44001  0.452  0.377 4.150  0.169 1.953
OGLE-SMC-RRLYR-1911  19.334 19.856  0.5347504 0.0000011  2104.41561  0.534  0.398 4.201  0.276 2.141
OGLE-SMC-RRLYR-1913  18.779 19.386  0.6363727 0.0000010  2104.47216  0.356  0.374 4.481  0.275 2.715
OGLE-SMC-RRLYR-1914  19.144 19.694  0.5624469 0.0000006   621.56746  0.551  0.393 4.188  0.255 2.166
OGLE-SMC-RRLYR-1915  19.160 19.791  0.5783523 0.0000019   621.87749  0.315  0.000   -    0.000   -  
OGLE-SMC-RRLYR-1916  19.107 19.554  0.5104503 0.0000009   621.50688  0.417  0.264 4.324  0.100 2.621
OGLE-SMC-RRLYR-1917  19.544 20.256  0.6005265 0.0000013  2104.72028  0.514  0.442 4.370  0.411 2.532
OGLE-SMC-RRLYR-1918  18.871 19.446  0.6583528 0.0000009  2104.41238  0.421  0.405 4.427  0.299 2.652
OGLE-SMC-RRLYR-1919  14.716 15.240  0.6033465 0.0000018  2123.56277  0.396  0.388 4.375  0.134 2.793
OGLE-SMC-RRLYR-1922  18.835 19.408  0.5929716 0.0000011  2104.32293  0.504  0.459 4.340  0.368 2.608
OGLE-SMC-RRLYR-1923  19.109 19.735  0.6357529 0.0000012  2104.64380  0.363  0.365 4.361  0.259 2.550
OGLE-SMC-RRLYR-1925  18.981 19.541  0.5579397 0.0000007  2104.35090  0.554  0.433 4.176  0.282 2.427
OGLE-SMC-RRLYR-1926  19.276 19.788  0.5039565 0.0000003  2104.50420  0.801  0.418 4.022  0.362 1.934
OGLE-SMC-RRLYR-1927  19.157 19.784  0.6305338 0.0000008  2104.85751  0.477  0.441 4.348  0.360 2.717
OGLE-SMC-RRLYR-1928  19.232 19.819  0.5233300 0.0000007  2104.78308  0.457  0.517 4.403  0.323 2.927
OGLE-SMC-RRLYR-1929  18.876 19.430  0.6067417 0.0000006  2104.28335  0.487  0.395 4.182  0.291 2.180
OGLE-SMC-RRLYR-1930  18.913 19.533  0.6110282 0.0000016  2104.81604  0.380  0.371 4.165  0.234 1.982
OGLE-SMC-RRLYR-1932  19.077 19.615  0.5942789 0.0000011  2104.46575  0.629  0.445 4.303  0.386 2.380
OGLE-SMC-RRLYR-1933  19.001 19.643  0.6280180 0.0000010  2104.38279  0.439  0.375 4.315  0.373 2.581
OGLE-SMC-RRLYR-1934  19.014 19.606  0.6230133 0.0000007  2104.68075  0.537  0.408 4.183  0.340 2.052
OGLE-SMC-RRLYR-1937  19.015 19.580  0.6729781 0.0000028   621.33230  0.157  0.378 4.460  0.000   -  
OGLE-SMC-RRLYR-1939  18.962 19.420  0.5807428 0.0000003   621.61202  0.590  0.396 4.221  0.333 2.121
OGLE-SMC-RRLYR-1941  19.129 19.683  0.5752222 0.0000006   625.42321  0.504  0.478 4.188  0.330 2.363
OGLE-SMC-RRLYR-1942  19.059 19.637  0.6168720 0.0000011  2104.38476  0.454  0.446 4.661  0.359 3.005
OGLE-SMC-RRLYR-1946  18.988 19.590  0.6467182 0.0000008   625.63967  0.338  0.356 4.518  0.271 2.781
OGLE-SMC-RRLYR-1947  19.090 19.614  0.5938031 0.0000009  2104.33240  0.507  0.439 4.198  0.348 2.304
OGLE-SMC-RRLYR-1948  18.980 19.576  0.5889735 0.0000006  2104.56667  0.539  0.411 4.227  0.332 2.220
OGLE-SMC-RRLYR-1950  18.992 19.663  0.7568358 0.0000053  2104.78152  0.161  0.246 4.875  0.000   -  
OGLE-SMC-RRLYR-1951  18.845 19.393  0.5298815 0.0000004   621.75658  0.491  0.388 4.039  0.292 1.955
OGLE-SMC-RRLYR-1952  19.068 19.651  0.6243743 0.0000008  2104.32969  0.511  0.478 4.349  0.323 2.625
OGLE-SMC-RRLYR-1953  19.246 19.860  0.6124850 0.0000021  2104.53408  0.364  0.351 4.381  0.134 2.185
OGLE-SMC-RRLYR-1955  18.905 19.485  0.6381389 0.0000024  2104.33501  0.208  0.354 4.541  0.193 3.372
OGLE-SMC-RRLYR-1956  19.340 19.916  0.5255625 0.0000010  2104.56306  0.444  0.490 4.227  0.301 2.674
OGLE-SMC-RRLYR-1958  19.093 19.629  0.5562223 0.0000004  2104.46958  0.676  0.467 4.105  0.354 2.084
OGLE-SMC-RRLYR-1959  18.748 19.311  0.6160315 0.0000022  2540.49142  0.394  0.449 4.423  0.299 3.056
OGLE-SMC-RRLYR-1962  19.006 19.468  0.5593222 0.0000004  2104.79510  0.712  0.442 4.024  0.405 2.033
OGLE-SMC-RRLYR-1963  19.111 19.788  0.6239121 0.0000009   621.25791  0.430  0.425 4.247  0.389 2.703
OGLE-SMC-RRLYR-1964  18.875 19.424  0.6293769 0.0000008   621.76161  0.338  0.341 4.257  0.232 2.402
OGLE-SMC-RRLYR-1967  19.404 19.917  0.5058613 0.0000005  2104.74985  0.777  0.517 4.135  0.417 2.262
OGLE-SMC-RRLYR-1968  19.247 19.871  0.5899357 0.0000010  2104.72125  0.515  0.443 4.179  0.340 2.336
OGLE-SMC-RRLYR-1969  18.880 19.494  0.6464667 0.0000009   621.64598  0.274  0.322 4.536  0.275 2.847
OGLE-SMC-RRLYR-1970  19.213 19.766  0.5648179 0.0000005  2104.81651  0.686  0.438 4.089  0.398 2.085
OGLE-SMC-RRLYR-1972  19.219 19.741  0.5325999 0.0000005  2104.73650  0.669  0.412 4.198  0.317 2.103
OGLE-SMC-RRLYR-1974  19.110 19.692  0.6010100 0.0000008  2104.51968  0.437  0.385 4.233  0.300 2.132
OGLE-SMC-RRLYR-1975  19.505 19.936  0.4420328 0.0000003  2104.54365  0.843  0.502 3.991  0.389 1.904
OGLE-SMC-RRLYR-1977  19.240 19.817  0.5619666 0.0000003   625.78982  0.667  0.458 4.159  0.340 2.123
OGLE-SMC-RRLYR-1978  18.909 19.428  0.5835582 0.0000005  2104.68559  0.640  0.426 4.122  0.348 2.103
OGLE-SMC-RRLYR-1979  19.227 19.724  0.5335834 0.0000005  2104.36553  0.721  0.429 4.203  0.335 1.984
OGLE-SMC-RRLYR-1980  19.009 19.564  0.5963057 0.0000006  2104.52398  0.658  0.437 4.334  0.356 2.337
OGLE-SMC-RRLYR-1981  18.862 19.521  0.7852126 0.0000030   621.47331  0.162  0.268 4.666  0.184 3.417
OGLE-SMC-RRLYR-1982  19.091 19.626  0.5215977 0.0000007  2104.43455  0.527  0.398 4.064  0.244 2.108
OGLE-SMC-RRLYR-1983  19.010 19.582  0.5756337 0.0000012  2104.77957  0.456  0.348 4.203  0.204 2.025
OGLE-SMC-RRLYR-1984  19.068 19.601  0.5753996 0.0000012  2104.74576  0.471  0.358 4.170  0.222 2.222
OGLE-SMC-RRLYR-1986  19.054 19.552  0.5468896 0.0000004  2104.56653  0.728  0.443 4.129  0.360 2.022
OGLE-SMC-RRLYR-1987  19.186 19.714  0.5808310 0.0000011  2174.58817  0.602  0.446 4.091  0.389 2.192
OGLE-SMC-RRLYR-1988  18.852 19.444  0.6358000 0.0000016  2104.42796  0.290  0.385 4.515  0.274 2.930
OGLE-SMC-RRLYR-1989  19.178 19.717  0.5572574 0.0000006   621.77441  0.566  0.397 4.064  0.284 2.214
OGLE-SMC-RRLYR-1990  19.030 19.600  0.5953547 0.0000007  2104.38694  0.517  0.406 4.211  0.329 2.195
OGLE-SMC-RRLYR-1991  19.150 19.844  0.6194206 0.0000006   625.51889  0.461  0.409 4.345  0.345 2.716
OGLE-SMC-RRLYR-1992  19.363 19.813  0.5091853 0.0000005  2104.76588  0.767  0.475 4.083  0.310 1.902
OGLE-SMC-RRLYR-1993  19.124 19.695  0.5783097 0.0000007   621.51836  0.416  0.424 4.526  0.242 3.207
OGLE-SMC-RRLYR-1994  18.945 19.356  0.6227257 0.0000009   621.79095  0.305  0.443 4.478  0.266 3.020
OGLE-SMC-RRLYR-1995  19.061 19.682  0.7552088 0.0000014   625.62615  0.278  0.417 4.668  0.205 3.213
OGLE-SMC-RRLYR-1996  19.300 19.854  0.5297204 0.0000019  2129.43005  0.536  0.330 4.351  0.191 2.398
OGLE-SMC-RRLYR-1997  19.089 19.691  0.5798784 0.0000015  2104.54518  0.398  0.331 4.153  0.152 1.799
OGLE-SMC-RRLYR-1999  19.195 19.749  0.5798700 0.0000004   621.66020  0.534  0.382 4.206  0.341 2.280
OGLE-SMC-RRLYR-2000  19.002 19.633  0.6826825 0.0000024  2104.34467  0.231  0.373 4.841  0.201 3.250
OGLE-SMC-RRLYR-2002  19.342 19.908  0.5680605 0.0000004   621.32842  0.588  0.397 4.177  0.349 2.273
OGLE-SMC-RRLYR-2003  19.191 19.766  0.5835128 0.0000012  2174.46997  0.585  0.485 4.112  0.336 2.176
OGLE-SMC-RRLYR-2004  19.184 19.732  0.6269000 0.0000006   621.52909  0.386  0.452 4.374  0.294 2.668
OGLE-SMC-RRLYR-2005  19.021 19.617  0.6160875 0.0000007  2104.46197  0.495  0.422 4.320  0.364 2.551
OGLE-SMC-RRLYR-2007  18.859 19.381  0.6419510 0.0000004  2104.50914  0.777  0.467 4.232  0.350 2.232
OGLE-SMC-RRLYR-2009  18.749 19.362  0.6386199 0.0000012  2104.76108  0.334  0.399 4.446  0.280 2.694
OGLE-SMC-RRLYR-2010  19.158 19.782  0.5681771 0.0000009  2104.35827  0.566  0.464 4.120  0.352 2.255
OGLE-SMC-RRLYR-2012  19.281 19.939  0.6661350 0.0000023  2104.29736  0.339  0.430 4.880  0.278 3.945
OGLE-SMC-RRLYR-2013  19.565 20.396  0.5868005 0.0000009  2104.29384  0.515  0.445 4.379  0.313 2.572
OGLE-SMC-RRLYR-2014  18.979 19.509  0.5655907 0.0000003   627.80390  0.671  0.413 4.192  0.353 2.140
OGLE-SMC-RRLYR-2015  19.044 19.623  0.6585851 0.0000004   627.50132  0.523  0.487 4.417  0.371 2.747
OGLE-SMC-RRLYR-2016  19.092 19.615  0.5403210 0.0000004  2104.84912  0.737  0.423 4.109  0.348 1.904
OGLE-SMC-RRLYR-2017  18.722 19.340  0.6238660 0.0000011  2104.46299  0.354  0.385 4.350  0.267 2.572
OGLE-SMC-RRLYR-2018  19.055 19.642  0.6352963 0.0000010  2104.46658  0.431  0.424 4.400  0.306 2.846
OGLE-SMC-RRLYR-2020  19.084 19.654  0.5710194 0.0000005  2104.38345  0.639  0.401 4.142  0.295 2.036
OGLE-SMC-RRLYR-2021  19.172 19.742  0.6350053 0.0000053  2104.48456  0.276  0.266 4.315  0.000   -  
OGLE-SMC-RRLYR-2022  19.190 19.750  0.5838113 0.0000007  2104.70101  0.648  0.501 4.151  0.364 2.085
OGLE-SMC-RRLYR-2023  19.229 19.800  0.5878737 0.0000009  2104.53050  0.636  0.521 4.215  0.440 2.447
OGLE-SMC-RRLYR-2025  19.038 19.688  0.6759255 0.0000024  2104.70977  0.327  0.401 4.385  0.210 2.888
OGLE-SMC-RRLYR-2027  18.965 19.567  0.6117238 0.0000008  2104.68758  0.443  0.329 4.365  0.327 2.078
OGLE-SMC-RRLYR-2029  15.981 16.485  0.5390922 0.0000002  2104.37120  0.626  0.493 4.196  0.378 2.370
OGLE-SMC-RRLYR-2030  19.237 19.791  0.5946991 0.0000018  2104.53711  0.380  0.311 4.262  0.260 2.167
OGLE-SMC-RRLYR-2031  18.969 19.569  0.6073645 0.0000015  2104.48721  0.414  0.405 4.108  0.235 2.278
OGLE-SMC-RRLYR-2032  19.217 19.796  0.6155611 0.0000012  2104.64359  0.445  0.383 4.507  0.265 2.246
OGLE-SMC-RRLYR-2034  19.194 19.749  0.5550312 0.0000005  2104.88737  0.724  0.441 4.204  0.371 2.229
OGLE-SMC-RRLYR-2035  18.965 19.598  0.6422476 0.0000018  2104.86937  0.312  0.395 4.478  0.245 2.998
OGLE-SMC-RRLYR-2036  19.024 19.580  0.5985480 0.0000007  2104.34579  0.546  0.460 4.248  0.314 2.268
OGLE-SMC-RRLYR-2037  19.013 19.624  0.6508964 0.0000025  2104.63819  0.237  0.379 4.584  0.172 3.271
OGLE-SMC-RRLYR-2038  19.234 19.767  0.5625278 0.0000024  2104.45414  0.379  0.352 4.515  0.000   -  
OGLE-SMC-RRLYR-2040  19.132 19.678  0.5966398 0.0000008  2104.60853  0.526  0.428 4.171  0.322 2.366
OGLE-SMC-RRLYR-2041  19.344 19.946  0.5489492 0.0000016  2104.38833  0.493  0.409 4.088  0.118 2.188
OGLE-SMC-RRLYR-2042  19.193 19.800  0.6168499 0.0000011  2104.52654  0.428  0.399 4.308  0.347 2.708
OGLE-SMC-RRLYR-2043  19.315 20.094  0.6145673 0.0000023  2104.76425  0.426  0.368 4.206  0.352 2.519
OGLE-SMC-RRLYR-2045  19.156 19.770  0.6020978 0.0000026  2104.63242  0.338  0.225 4.008  0.192 1.769
OGLE-SMC-RRLYR-2047  19.227 19.876  0.6038282 0.0000023  2104.60557  0.255  0.475 5.049  0.278 3.939
OGLE-SMC-RRLYR-2048  19.246 19.752  0.5591055 0.0000012  2104.56464  0.485  0.398 4.167  0.216 1.940
OGLE-SMC-RRLYR-2049  19.173 19.765  0.5895405 0.0000017  2104.53453  0.409  0.403 4.366  0.183 2.374
OGLE-SMC-RRLYR-2050  18.974 19.511  0.5859605 0.0000024  2104.36014  0.364  0.284 4.403  0.122 2.701
OGLE-SMC-RRLYR-2051  19.167 19.774  0.6239898 0.0000014  2104.66351  0.422  0.487 4.397  0.355 2.804
OGLE-SMC-RRLYR-2052  18.908 19.503  0.6985633 0.0000010  2104.45487  0.552  0.503 4.637  0.298 3.235
OGLE-SMC-RRLYR-2053  19.119 19.700  0.5850882 0.0000010  2104.70260  0.487  0.491 4.188  0.307 2.530
OGLE-SMC-RRLYR-2054  19.442 20.145  0.5969770 0.0000015  2104.45451  0.333  0.403 4.582  0.232 3.178
OGLE-SMC-RRLYR-2055  19.063 19.639  0.6588554 0.0000015  2104.74370  0.395  0.434 4.443  0.274 2.792
OGLE-SMC-RRLYR-2056  19.212 19.836  0.5595295 0.0000013  2104.60649  0.542  0.407 4.174  0.213 2.173
OGLE-SMC-RRLYR-2058  15.604 16.194  0.6869304 0.0000005  2104.88275  0.535  0.474 4.381  0.312 2.556
OGLE-SMC-RRLYR-2059  19.226 19.861  0.5705037 0.0000010  2104.35897  0.589  0.414 4.223  0.293 2.127
OGLE-SMC-RRLYR-2060  18.753 19.455  0.6151948 0.0000018  2104.62892  0.241  0.404 4.259  0.294 2.352
OGLE-SMC-RRLYR-2063  19.323 19.878  0.5211074 0.0000005  2104.45417  0.709  0.389 4.160  0.377 1.936
OGLE-SMC-RRLYR-2064  19.039 19.586  0.6057460 0.0000010  2104.33162  0.405  0.387 4.382  0.307 2.659
OGLE-SMC-RRLYR-2065  13.952 14.477  0.5332843 0.0000002  2104.57818  0.624  0.521 4.316  0.368 2.661
OGLE-SMC-RRLYR-2066  19.194 19.694  0.4960895 0.0000021  2104.48397  0.655  0.404 4.016  0.344 1.760
OGLE-SMC-RRLYR-2067  16.764 17.345  0.6162846 0.0000002  2104.36936  0.441  0.455 4.441  0.321 2.864
OGLE-SMC-RRLYR-2068  18.825 19.428  0.6722812 0.0000012  2104.58741  0.326  0.419 4.347  0.288 2.526
OGLE-SMC-RRLYR-2069  19.131 19.777  0.5538186 0.0000005  2104.84070  0.691  0.429 4.073  0.375 1.983
OGLE-SMC-RRLYR-2070  18.986 19.619  0.6891284 0.0000026  2104.41717  0.235  0.389 4.492  0.169 3.592
OGLE-SMC-RRLYR-2071  19.116 19.716  0.5653005 0.0000024  2104.39345  0.350  0.322 4.292  0.116 1.916
OGLE-SMC-RRLYR-2072  19.037 19.624  0.7077349 0.0000011  2104.81626  0.523  0.496 4.519  0.380 2.788
OGLE-SMC-RRLYR-2074  19.644 20.340  0.5691276 0.0000010  2104.84463  0.515  0.410 4.104  0.309 2.288
OGLE-SMC-RRLYR-2075  19.287 19.809  0.5502687 0.0000005  2104.34319  0.718  0.448 4.167  0.345 2.165
OGLE-SMC-RRLYR-2076  19.228 19.853  0.5914720 0.0000009  2104.45404  0.519  0.406 4.239  0.305 2.266
OGLE-SMC-RRLYR-2079  18.767 19.383  0.6341957 0.0000009  2104.25892  0.324  0.398 4.333  0.245 2.538
OGLE-SMC-RRLYR-2080  19.587 20.099  0.5296459 0.0000011  2104.76327  0.604  0.464 4.127  0.235 2.060
OGLE-SMC-RRLYR-2081  19.118 19.702  0.6172109 0.0000018  2104.29003  0.373  0.482 4.499  0.285 2.781
OGLE-SMC-RRLYR-2083  18.940 19.464  0.5207926 0.0000003  2104.81392  0.780  0.440 4.136  0.366 2.018
OGLE-SMC-RRLYR-2084  19.153 19.735  0.5747105 0.0000007  2104.72550  0.546  0.439 4.159  0.348 2.171
OGLE-SMC-RRLYR-2085  19.134 19.713  0.5587000 0.0000008  2104.46455  0.485  0.420 4.212  0.318 2.108
OGLE-SMC-RRLYR-2086  19.038 19.663  0.6383202 0.0000020  2104.72612  0.284  0.341 4.491  0.235 2.776
OGLE-SMC-RRLYR-2087  17.579 18.106  0.6270497 0.0000005  2104.58644  0.638  0.505 4.277  0.325 2.247
OGLE-SMC-RRLYR-2089  19.171 19.859  0.5861567 0.0000006  2104.88292  0.542  0.507 4.243  0.445 2.526
OGLE-SMC-RRLYR-2090  19.076 19.669  0.6046306 0.0000017  2104.83630  0.379  0.353 4.251  0.290 2.404
OGLE-SMC-RRLYR-2092  19.080 19.574  0.5482342 0.0000006  2104.53878  0.710  0.427 4.113  0.373 2.014
OGLE-SMC-RRLYR-2093  18.990 19.568  0.4976107 0.0000016  2104.81153  0.613  0.374 3.898  0.220 1.367
OGLE-SMC-RRLYR-2094  19.179 19.786  0.5575198 0.0000005  2104.51546  0.690  0.396 4.072  0.316 1.946
OGLE-SMC-RRLYR-2095  19.179 19.948  0.6561118 0.0000018  2104.24641  0.383  0.414 4.250  0.303 2.450
OGLE-SMC-RRLYR-2097  19.186 19.848  0.6153834 0.0000013  2104.67005  0.459  0.456 4.502  0.316 2.883
OGLE-SMC-RRLYR-2099  18.861 19.442  0.5592496 0.0000010  2104.72308  0.453  0.432 4.060  0.343 2.175
OGLE-SMC-RRLYR-2101  18.890 19.517  0.6105009 0.0000006  2104.30091  0.473  0.408 4.279  0.337 2.412
OGLE-SMC-RRLYR-2102  18.909 19.512  0.6392673 0.0000007  2104.87589  0.559  0.532 4.353  0.340 2.799
OGLE-SMC-RRLYR-2103  19.275 19.953  0.6251100 0.0000015  2104.77536  0.371  0.500 4.390  0.250 2.743
OGLE-SMC-RRLYR-2104  19.183 19.732  0.5696812 0.0000006  2104.35225  0.677  0.418 4.180  0.355 2.090
OGLE-SMC-RRLYR-2107  19.523 20.053  0.5494002 0.0000007  2104.43844  0.677  0.499 4.142  0.366 1.988
OGLE-SMC-RRLYR-2108  19.013 19.606  0.5633506 0.0000006  2104.36281  0.593  0.399 4.296  0.351 2.336
OGLE-SMC-RRLYR-2109  19.423 20.172  0.6303300 0.0000027  2104.72867  0.242  0.344 4.581  0.111 2.204
OGLE-SMC-RRLYR-2111  19.077 19.679  0.6190526 0.0000015  2104.66218  0.376  0.472 4.348  0.264 2.691
OGLE-SMC-RRLYR-2112  19.407 19.952  0.5363323 0.0000006  2104.79029  0.616  0.537 4.107  0.385 2.496
OGLE-SMC-RRLYR-2113  19.115 19.815  0.6380261 0.0000020  2104.32767  0.300  0.351 4.281  0.268 2.449
OGLE-SMC-RRLYR-2114  19.037 19.681  0.6529567 0.0000025  2104.32388  0.207  0.359 4.527  0.000   -  
OGLE-SMC-RRLYR-2115  19.099 19.705  0.6096966 0.0000009  2104.61521  0.484  0.370 4.253  0.316 2.239
OGLE-SMC-RRLYR-2117  19.250 19.752  0.5728564 0.0000010  2104.41822  0.741  0.480 4.241  0.419 2.293
OGLE-SMC-RRLYR-2118  19.052 19.684  0.6118535 0.0000009  2104.34520  0.469  0.480 4.370  0.308 2.594
OGLE-SMC-RRLYR-2119  19.319 19.798  0.4645956 0.0000003  2104.82597  0.785  0.525 4.068  0.406 2.048
OGLE-SMC-RRLYR-2120  19.008 19.594  0.6134118 0.0000008  2104.58911  0.481  0.456 4.385  0.364 2.672
OGLE-SMC-RRLYR-2121  19.138 19.686  0.6274057 0.0000010  2104.80370  0.416  0.372 4.152  0.331 2.246
OGLE-SMC-RRLYR-2122  19.023 19.587  0.5793504 0.0000006  2104.68634  0.636  0.395 4.038  0.331 1.797
OGLE-SMC-RRLYR-2123  19.298 20.019  0.6810040 0.0000023  2104.40152  0.331  0.411 4.460  0.214 3.007
OGLE-SMC-RRLYR-2125  18.972 19.503  0.5950869 0.0000007  2104.66825  0.515  0.420 4.340  0.368 2.286
OGLE-SMC-RRLYR-2126  18.750 19.296  0.5650982 0.0000009  2104.49485  0.424  0.382 4.012  0.296 2.017
OGLE-SMC-RRLYR-2127  18.716 19.325  0.7137437 0.0000018  2104.49375  0.361  0.358 4.281  0.205 2.176
OGLE-SMC-RRLYR-2128  19.143 19.765  0.5797312 0.0000019  2104.39343  0.422  0.285 4.246  0.000   -  
OGLE-SMC-RRLYR-2129  18.874 19.488  0.6042950 0.0000014  2104.38460  0.319  0.279 4.601  0.213 2.533
OGLE-SMC-RRLYR-2130  19.239 19.739  0.4975278 0.0000008  2104.54685  0.548  0.386 3.960  0.225 1.669
OGLE-SMC-RRLYR-2132  19.355 20.102  0.6853988 0.0000020  2104.59115  0.382  0.509 4.674  0.262 3.472
OGLE-SMC-RRLYR-2134  18.773 19.414  0.6507590 0.0000015  2104.62706  0.322  0.373 4.349  0.207 2.475
OGLE-SMC-RRLYR-2135  19.109 19.710  0.5884018 0.0000014  2104.78911  0.473  0.338 4.194  0.184 2.099
OGLE-SMC-RRLYR-2137  19.049 19.754  0.7388971 0.0000044  2104.57608  0.192  0.292 5.104  0.000   -  
OGLE-SMC-RRLYR-2138  19.090 19.657  0.6178229 0.0000009  2104.55327  0.469  0.405 4.175  0.345 2.249
OGLE-SMC-RRLYR-2139  18.860 19.436  0.7148011 0.0000025  2104.45315  0.547  0.451 4.509  0.321 2.814
OGLE-SMC-RRLYR-2142  19.196 19.839  0.6165347 0.0000025  2104.81651  0.348  0.305 4.176  0.182 1.800
OGLE-SMC-RRLYR-2143  19.170 19.794  0.6111514 0.0000018  2104.52280  0.291  0.321 4.427  0.262 3.065
OGLE-SMC-RRLYR-2144  19.088 19.630  0.5889017 0.0000042  2472.81790  0.529  0.403 4.354  0.280 2.358
OGLE-SMC-RRLYR-2145  19.037 19.664  0.6259583 0.0000010  2104.34284  0.377  0.349 4.309  0.270 2.554
OGLE-SMC-RRLYR-2146  19.170 19.833  0.6095440 0.0000020  2104.50368  0.327  0.315 4.255  0.255 2.312
OGLE-SMC-RRLYR-2147  18.966 19.531  0.6073801 0.0000008  2104.45306  0.439  0.416 4.398  0.323 2.889
OGLE-SMC-RRLYR-2148  19.329 19.846  0.4813922 0.0000004  2104.81368  0.845  0.480 4.134  0.356 2.175
OGLE-SMC-RRLYR-2149  19.048 19.616  0.6339270 0.0000021  2104.84497  0.299  0.351 4.437  0.218 2.556
OGLE-SMC-RRLYR-2150  19.466 20.056  0.5042851 0.0000018  2104.67801  0.320  0.218 4.059  0.000   -  
OGLE-SMC-RRLYR-2151  19.222 19.850  0.5859475 0.0000016  2104.44686  0.492  0.462 4.193  0.270 2.300
OGLE-SMC-RRLYR-2152  18.785 19.250  0.7656974 0.0000005  2104.38401  0.971  0.550 4.446  0.323 2.615
OGLE-SMC-RRLYR-2153  18.818 19.373  0.5830676 0.0000009  2104.51686  0.477  0.395 4.128  0.292 1.850
OGLE-SMC-RRLYR-2154  19.088 19.669  0.6443207 0.0000027  2104.42791  0.237  0.248 4.343  0.169 2.471
OGLE-SMC-RRLYR-2156  19.025 19.495  0.5570261 0.0000005  2104.54384  0.623  0.429 4.268  0.369 2.365
OGLE-SMC-RRLYR-2157  18.785 19.269  0.5668503 0.0000004  2104.47298  0.702  0.442 4.103  0.359 2.205
OGLE-SMC-RRLYR-2159  19.201 19.784  0.6603446 0.0000017  2104.41106  0.478  0.476 4.234  0.336 2.533
OGLE-SMC-RRLYR-2160  19.276 19.965  0.6484420 0.0000042  2104.87046  0.162  0.279 4.343  0.000   -  
OGLE-SMC-RRLYR-2161  18.988 19.626  0.6616607 0.0000024  2104.59665  0.214  0.228 4.540  0.216 2.947
OGLE-SMC-RRLYR-2162  19.144 19.564  0.5204487 0.0000012  2104.79145  0.498  0.428 4.080  0.357 1.933
OGLE-SMC-RRLYR-2163  19.098 19.661  0.6238552 0.0000037  2104.66544  0.251  0.364 4.520  0.337 2.426
OGLE-SMC-RRLYR-2165  19.151 19.733  0.6136205 0.0000008  2104.40747  0.534  0.366 4.307  0.275 2.291
OGLE-SMC-RRLYR-2166  19.434 19.987  0.5069231 0.0000005  2104.59441  0.739  0.551 4.212  0.412 2.559
OGLE-SMC-RRLYR-2168  19.116 19.712  0.5816893 0.0000016  2104.57021  0.430  0.379 4.220  0.243 2.049
OGLE-SMC-RRLYR-2169  19.118 19.773  0.7074116 0.0000011  2104.18902  0.516  0.500 4.458  0.323 2.902
OGLE-SMC-RRLYR-2170  19.296 19.543  0.6326783 0.0000013  2104.36742  0.519  0.476 4.669  0.275 3.051
OGLE-SMC-RRLYR-2171  18.746 19.358  0.6470569 0.0000017  2104.37383  0.261  0.304 4.505  0.226 3.006
OGLE-SMC-RRLYR-2173  19.210 19.712  0.5275704 0.0000010  2104.43081  0.555  0.384 4.121  0.297 2.014
OGLE-SMC-RRLYR-2174  18.852 19.468  0.6381904 0.0000023  2104.61723  0.222  0.264 4.545  0.163 2.497
OGLE-SMC-RRLYR-2175  19.170 19.739  0.5903204 0.0000024  2104.87367  0.312  0.332 4.230  0.164 2.519
OGLE-SMC-RRLYR-2176  19.186 19.712  0.5333900 0.0000005  2104.65892  0.739  0.423 4.166  0.344 2.180
OGLE-SMC-RRLYR-2177  19.281 19.857  0.5742955 0.0000010  2104.74034  0.582  0.456 4.362  0.346 2.399
OGLE-SMC-RRLYR-2178  19.277 19.722  0.4920517 0.0000003  2104.87863  0.856  0.504 4.201  0.387 2.366
OGLE-SMC-RRLYR-2179  19.079 19.783  0.5955327 0.0000005  2104.70407  0.681  0.457 4.250  0.382 2.413
OGLE-SMC-RRLYR-2180  19.297 19.883  0.6041027 0.0000016  2104.52941  0.488  0.373 4.197  0.235 2.165
OGLE-SMC-RRLYR-2181  19.017 19.566  0.5638074 0.0000005  2104.74889  0.649  0.432 4.171  0.379 2.214
OGLE-SMC-RRLYR-2182  18.789 19.359  0.6903655 0.0000026  2104.32252  0.201  0.315 4.820  0.000   -  
OGLE-SMC-RRLYR-2183  19.205 19.721  0.5618509 0.0000006  2104.80380  0.718  0.474 4.231  0.381 2.359
OGLE-SMC-RRLYR-2184  19.477 20.082  0.5393163 0.0000014  2104.63228  0.421  0.420 4.534  0.302 2.972
OGLE-SMC-RRLYR-2186  19.165 19.677  0.5755621 0.0000014  2104.41705  0.515  0.430 4.219  0.362 2.557
OGLE-SMC-RRLYR-2187  18.927 19.593  0.6551752 0.0000008  2104.37649  0.544  0.417 4.371  0.328 2.354
OGLE-SMC-RRLYR-2188  19.049 19.622  0.6075347 0.0000008  2104.70191  0.467  0.430 4.199  0.329 2.471
OGLE-SMC-RRLYR-2189  18.745 19.279  0.6408169 0.0000046  2104.49734  0.327  0.363 4.640  0.246 2.903
OGLE-SMC-RRLYR-2190  19.153 19.826  0.5743504 0.0000007  2104.58987  0.612  0.413 4.145  0.319 2.045
OGLE-SMC-RRLYR-2191  18.800 19.198  0.5555703 0.0000022  2104.46082  0.493  0.129 3.913  0.163 6.019
OGLE-SMC-RRLYR-2194  19.010 19.607  0.6560435 0.0000020  2104.30023  0.300  0.310 4.250  0.304 2.531
OGLE-SMC-RRLYR-2195  19.079 19.796  0.6346540 0.0000016  2104.50799  0.343  0.329 4.200  0.271 2.554
OGLE-SMC-RRLYR-2196  19.209 19.822  0.5754209 0.0000006  2104.79246  0.582  0.465 4.175  0.366 2.330
OGLE-SMC-RRLYR-2198  19.322 20.050  0.5715295 0.0000009  2104.81346  0.543  0.382 4.161  0.330 2.284
OGLE-SMC-RRLYR-2199  19.355 20.232  0.6747945 0.0000036  2104.50000  0.219  0.336 4.449  0.000   -  
OGLE-SMC-RRLYR-2200  19.007 19.555  0.5781167 0.0000006  2104.84988  0.608  0.449 4.215  0.356 2.436
OGLE-SMC-RRLYR-2201  19.067 19.745  0.6223089 0.0000014  2104.46002  0.380  0.461 4.499  0.313 3.104
OGLE-SMC-RRLYR-2202  18.929 19.531  0.6207076 0.0000008  2104.60172  0.406  0.445 4.449  0.317 2.656
OGLE-SMC-RRLYR-2203  18.998 19.650  0.7077773 0.0000015  2104.24597  0.378  0.436 4.533  0.316 2.822
OGLE-SMC-RRLYR-2204  19.151 19.909  0.6509396 0.0000017  2104.28277  0.401  0.422 3.976  0.304 2.744
OGLE-SMC-RRLYR-2205  19.050 19.689  0.6215249 0.0000021  2104.43234  0.327  0.300 4.141  0.200 2.316
OGLE-SMC-RRLYR-2207  18.881 19.501  0.6521587 0.0000022  2104.79371  0.226  0.384 4.523  0.234 3.298
OGLE-SMC-RRLYR-2208  19.070 19.661  0.6383923 0.0000020  2104.79921  0.247  0.471 4.666  0.268 3.625
OGLE-SMC-RRLYR-2210  19.310 19.848  0.5500860 0.0000008  2104.78507  0.598  0.380 4.278  0.223 2.099
OGLE-SMC-RRLYR-2212  19.107 19.708  0.6076562 0.0000015  2104.39593  0.369  0.471 4.440  0.258 2.948
OGLE-SMC-RRLYR-2213  19.034 19.546  0.5688873 0.0000005  2104.58709  0.603  0.414 4.154  0.328 2.207
OGLE-SMC-RRLYR-2215  19.124 19.663  0.5172904 0.0000004  2104.73536  0.721  0.428 4.031  0.307 2.021
OGLE-SMC-RRLYR-2216  19.215 19.841  0.5984462 0.0000010  2104.70912  0.505  0.412 4.209  0.316 2.492
OGLE-SMC-RRLYR-2217  18.818 19.475  0.7076466 0.0000011  2104.38367  0.398  0.382 4.369  0.313 2.706
OGLE-SMC-RRLYR-2218  18.843 19.427  0.6199241 0.0000010  2104.38584  0.459  0.464 4.344  0.322 2.556
OGLE-SMC-RRLYR-2219  19.137 19.799  0.5878483 0.0000013  2104.53880  0.471  0.394 4.325  0.300 2.343
OGLE-SMC-RRLYR-2220  19.415 19.980  0.5175735 0.0000011  2104.48164  0.611  0.464 4.246  0.275 2.260
OGLE-SMC-RRLYR-2221  18.855 19.414  0.5948029 0.0000004  2090.64742  0.563  0.406 4.205  0.342 2.203
OGLE-SMC-RRLYR-2223  19.118 19.780  0.6482361 0.0000023  2104.42728  0.274  0.383 4.592  0.165 3.097
OGLE-SMC-RRLYR-2224  19.112 19.705  0.6137699 0.0000009  2090.64053  0.611  0.500 4.140  0.380 2.279
OGLE-SMC-RRLYR-2225  18.744 19.364  0.6759654 0.0000015  2104.63507  0.299  0.355 4.310  0.245 2.818
OGLE-SMC-RRLYR-2226  19.156    -    0.5773825 0.0000012  2090.43809  0.624  0.478 4.255  0.351 2.499
OGLE-SMC-RRLYR-2227  19.049 19.742  0.6516178 0.0000028  2104.54906  0.221  0.266 4.590  0.000   -  
OGLE-SMC-RRLYR-2228  19.362 19.913  0.5461985 0.0000006  2104.38861  0.658  0.476 4.139  0.327 2.050
OGLE-SMC-RRLYR-2230  19.273 19.879  0.5732737 0.0000007  2104.54384  0.623  0.489 4.134  0.414 2.361
OGLE-SMC-RRLYR-2231  18.884 19.422  0.6331927 0.0000009  2090.54986  0.582  0.488 4.318  0.295 2.288
OGLE-SMC-RRLYR-2232  19.163 19.805  0.5851784 0.0000007  2104.45121  0.593  0.403 4.335  0.389 2.367
OGLE-SMC-RRLYR-2233  19.148 19.808  0.6478871 0.0000023  2104.51315  0.276  0.364 4.615  0.203 3.076
OGLE-SMC-RRLYR-2235  18.894 19.433  0.5811285 0.0000007  2090.51840  0.536  0.452 4.253  0.354 2.401
OGLE-SMC-RRLYR-2236  19.685 20.414  0.5660888 0.0000015  2104.34124  0.486  0.394 4.204  0.251 2.621
OGLE-SMC-RRLYR-2237  18.659 19.287  0.6569948 0.0000018  2104.88527  0.240  0.340 4.346  0.246 3.023
OGLE-SMC-RRLYR-2238  19.188 19.886  0.5949732 0.0000010  2104.84302  0.478  0.423 4.424  0.355 2.651
OGLE-SMC-RRLYR-2239  19.069 19.680  0.5827668 0.0000008  2104.41140  0.556  0.429 4.395  0.357 2.419
OGLE-SMC-RRLYR-2241  18.898 19.433  0.5299916 0.0000006  2104.52788  0.569  0.372 4.006  0.286 1.984
OGLE-SMC-RRLYR-2242  18.771 19.329  0.5979058 0.0000042  2104.65094  0.577  0.492 3.928  0.285 1.645
OGLE-SMC-RRLYR-2243  19.031 19.639  0.6302025 0.0000015  2104.40007  0.382  0.355 4.313  0.343 2.650
OGLE-SMC-RRLYR-2245  19.644 20.236  0.4811109 0.0000006  2104.63819  0.728  0.581 4.393  0.376 2.719
OGLE-SMC-RRLYR-2249  19.038 19.665  0.7385720 0.0000022  2090.52449  0.300  0.430 4.557  0.205 3.138
OGLE-SMC-RRLYR-2250  19.058 19.660  0.6391994 0.0000016  2090.36644  0.318  0.408 4.248  0.291 2.863
OGLE-SMC-RRLYR-2251  19.155 19.797  0.6539451 0.0000025  2090.48210  0.261  0.357 4.638  0.182 3.223
OGLE-SMC-RRLYR-2252  19.368 19.974  0.6065321 0.0000022  2104.64578  0.315  0.354 4.202  0.226 2.243
OGLE-SMC-RRLYR-2254  19.188 19.727  0.5875322 0.0000013  2104.51748  0.478  0.421 4.148  0.213 2.147
OGLE-SMC-RRLYR-2258  18.810 19.328  0.5400677 0.0000010  2090.75789  0.460  0.349 4.220  0.179 2.073
OGLE-SMC-RRLYR-2259  19.277 19.890  0.5941682 0.0000017  2104.29574  0.395  0.455 4.419  0.241 2.332
OGLE-SMC-RRLYR-2260  18.984 19.451  0.5485519 0.0000006  2090.76796  0.729  0.427 4.144  0.335 2.276
OGLE-SMC-RRLYR-2261  19.213 19.822  0.5947116 0.0000009  2104.35644  0.476  0.423 4.346  0.307 2.530
OGLE-SMC-RRLYR-2262  18.876 19.438  0.6188764 0.0000009  2104.34368  0.460  0.357 4.320  0.280 2.280
OGLE-SMC-RRLYR-2264  18.896 19.492  0.6251524 0.0000019  2090.58288  0.278  0.326 4.298  0.200 2.572
OGLE-SMC-RRLYR-2267  18.950 19.538  0.7204781 0.0000010  2104.42209  0.521  0.509 4.562  0.333 3.068
OGLE-SMC-RRLYR-2268  19.087 19.731  0.5969347 0.0000008  2090.55668  0.484  0.469 4.269  0.370 2.437
OGLE-SMC-RRLYR-2269  19.323 19.776  0.5211813 0.0000014  2090.76263  0.549  0.392 4.055  0.161 2.315
OGLE-SMC-RRLYR-2270  19.217 19.893  0.5710023 0.0000011  2104.51737  0.499  0.442 4.217  0.308 2.274
OGLE-SMC-RRLYR-2272  19.106 19.732  0.6330486 0.0000010  2104.27884  0.411  0.377 4.303  0.359 2.274
OGLE-SMC-RRLYR-2273  19.080 19.763  0.6286000 0.0000010  2104.45794  0.419  0.443 4.382  0.327 2.696
OGLE-SMC-RRLYR-2274  19.301 19.902  0.5408877 0.0000013  2090.73300  0.371  0.518 4.437  0.275 2.844
OGLE-SMC-RRLYR-2275  18.736 19.355  0.6606688 0.0000019  2090.36428  0.230  0.348 4.557  0.180 3.221
OGLE-SMC-RRLYR-2277  19.268 19.943  0.6201962 0.0000014  2104.81416  0.411  0.460 4.540  0.346 2.807
OGLE-SMC-RRLYR-2278  19.211 19.805  0.5682765 0.0000006  2104.81877  0.599  0.413 4.074  0.290 2.051
OGLE-SMC-RRLYR-2279  19.137 19.609  0.5148346 0.0000004  2090.60447  0.823  0.433 4.117  0.358 2.042
OGLE-SMC-RRLYR-2280  19.440 20.182  0.6400664 0.0000040  2123.28154  0.276  0.331 4.529  0.000   -  
OGLE-SMC-RRLYR-2281  18.940 19.513  0.5758171 0.0000005  2090.65886  0.586  0.435 4.049  0.295 1.999
OGLE-SMC-RRLYR-2282  18.943 19.454  0.5587575 0.0000005  2090.93411  0.639  0.435 4.221  0.333 2.081
OGLE-SMC-RRLYR-2285  19.221 19.838  0.5983646 0.0000031  2090.92308  0.262  0.305 4.152  0.130 1.800
OGLE-SMC-RRLYR-2286  18.977 19.502  0.5501464 0.0000015  2090.75280  0.504  0.388 4.418  0.180 2.870
OGLE-SMC-RRLYR-2288  19.381 19.962  0.5407220 0.0000007  2090.62004  0.693  0.439 4.157  0.340 2.273
OGLE-SMC-RRLYR-2289  19.239 19.949  0.5843304 0.0000009  2112.67067  0.521  0.372 4.179  0.315 2.045
OGLE-SMC-RRLYR-2290  18.913 19.414  0.5778310 0.0000004  2090.79197  0.706  0.484 4.206  0.372 2.312
OGLE-SMC-RRLYR-2291  19.161 19.779  0.5756376 0.0000008  2090.42716  0.524  0.428 4.255  0.324 2.263
OGLE-SMC-RRLYR-2293  19.490 20.132  0.4907277 0.0000006  2090.77968  0.784  0.579 4.271  0.352 2.540
OGLE-SMC-RRLYR-2294  19.088 19.710  0.6088542 0.0000010  2112.80871  0.464  0.439 4.441  0.348 2.904
OGLE-SMC-RRLYR-2295  19.348 20.089  0.6416255 0.0000008  2090.29393  0.374  0.316 4.311  0.296 2.433
OGLE-SMC-RRLYR-2297  18.935 19.558  0.7008394 0.0000014  2090.94398  0.417  0.438 4.635  0.294 3.170
OGLE-SMC-RRLYR-2298  19.224 19.801  0.6064786 0.0000008  2104.32171  0.631  0.516 4.293  0.305 2.645
OGLE-SMC-RRLYR-2299  18.999 19.629  0.6007495 0.0000023  2090.36035  0.371  0.366 4.372  0.000   -  
OGLE-SMC-RRLYR-2300  19.093 19.615  0.5428944 0.0000005  2112.86459  0.829  0.435 4.127  0.359 2.107
OGLE-SMC-RRLYR-2302  18.977 19.593  0.6185197 0.0000008  2090.75288  0.509  0.375 4.180  0.346 2.080
OGLE-SMC-RRLYR-2303  19.130 19.739  0.6284270 0.0000013  2090.56050  0.441  0.359 4.344  0.341 2.597
OGLE-SMC-RRLYR-2305  19.113 19.774  0.6443832 0.0000026  2104.53095  0.253  0.350 4.564  0.203 3.177
OGLE-SMC-RRLYR-2306  18.997 19.581  0.6414844 0.0000016  2090.62307  0.338  0.471 4.619  0.273 3.278
OGLE-SMC-RRLYR-2307  19.269 19.912  0.6032177 0.0000009  2090.63413  0.537  0.569 4.237  0.436 2.737
OGLE-SMC-RRLYR-2308  18.954 19.569  0.6249125 0.0000009  2104.34573  0.520  0.410 4.202  0.281 1.952
OGLE-SMC-RRLYR-2310  19.134 19.779  0.6904752 0.0000015  2104.63824  0.487  0.460 4.407  0.321 2.861
OGLE-SMC-RRLYR-2311  19.059 19.719  0.6484688 0.0000022  2090.58961  0.258  0.360 4.422  0.183 2.944
OGLE-SMC-RRLYR-2313  18.834 19.505  0.6533539 0.0000020  2090.93873  0.245  0.379 4.420  0.000   -  
OGLE-SMC-RRLYR-2314  18.963 19.516  0.5933105 0.0000011  2090.71078  0.512  0.468 4.333  0.383 2.540
OGLE-SMC-RRLYR-2315  19.486 20.269  0.5886561 0.0000009  2090.78373  0.562  0.415 4.075  0.437 2.251
OGLE-SMC-RRLYR-2316  19.123 19.739  0.5957543 0.0000007  2090.72790  0.533  0.419 4.258  0.369 2.464
OGLE-SMC-RRLYR-2317  19.260 19.855  0.5689686 0.0000008  2090.77627  0.614  0.484 4.364  0.326 2.587
OGLE-SMC-RRLYR-2318  19.070 19.564  0.5181984 0.0000012  2090.48050  0.513  0.343 4.216  0.135 2.239
OGLE-SMC-RRLYR-2319  19.019 19.628  0.6243034 0.0000014  2104.72574  0.362  0.398 4.577  0.271 2.993
OGLE-SMC-RRLYR-2320  19.072 19.719  0.5827641 0.0000007  2090.64041  0.606  0.458 4.229  0.333 2.399
OGLE-SMC-RRLYR-2322  19.178 19.804  0.5897542 0.0000010  2090.36817  0.484  0.522 4.472  0.341 2.919
OGLE-SMC-RRLYR-2323  18.895 19.547  0.6878592 0.0000020  2090.86174  0.434  0.441 4.370  0.287 2.720
OGLE-SMC-RRLYR-2324  19.097 19.379  0.6208111 0.0000016  2104.43404  0.433  0.356 4.340  0.273 2.368
OGLE-SMC-RRLYR-2325  18.907 19.488  0.5852259 0.0000006  2090.50534  0.601  0.405 4.250  0.307 2.080
OGLE-SMC-RRLYR-2326  19.194 19.865  0.6175499 0.0000019  2090.35615  0.386  0.361 4.307  0.308 2.330
OGLE-SMC-RRLYR-2327  16.173 16.702  0.5690978 0.0000002  2090.83765  0.672  0.514 4.254  0.369 2.503
OGLE-SMC-RRLYR-2328  19.513 20.026  0.5558616 0.0000007  2090.83674  0.730  0.466 4.397  0.332 2.227
OGLE-SMC-RRLYR-2329  19.401 19.849  0.6380812 0.0000018  2090.91990  0.517  0.513 4.428  0.357 2.950
OGLE-SMC-RRLYR-2331  19.025 19.645  0.6258223 0.0000032  2090.90831  0.215  0.274 4.344  0.138 2.862
OGLE-SMC-RRLYR-2332  18.936 19.465  0.5522136 0.0000007  2090.72666  0.530  0.391 4.287  0.275 1.989
OGLE-SMC-RRLYR-2333  19.055 19.642  0.5266261 0.0000006  2090.51754  0.569  0.526 4.411  0.384 2.771
OGLE-SMC-RRLYR-2334  19.052 19.677  0.6344363 0.0000018  2090.81981  0.327  0.365 4.380  0.304 2.685
OGLE-SMC-RRLYR-2335  18.698 19.300  0.6539361 0.0000009  2090.88685  0.460  0.520 4.433  0.299 2.779
OGLE-SMC-RRLYR-2336  19.021 19.552  0.5914774 0.0000010  2090.64671  0.527  0.417 4.307  0.334 2.315
OGLE-SMC-RRLYR-2337  19.105 19.651  0.5383467 0.0000006  2090.77100  0.615  0.447 4.132  0.275 2.071
OGLE-SMC-RRLYR-2338  19.345 19.894  0.5405364 0.0000011  2090.51406  0.663  0.447 4.018  0.332 2.101
OGLE-SMC-RRLYR-2339  19.221 19.891  0.6301541 0.0000019  2112.50585  0.386  0.380 4.493  0.275 2.695
OGLE-SMC-RRLYR-2340  18.994 19.640  0.7126117 0.0000051  2090.45258  0.130  0.281 4.959  0.000   -  
OGLE-SMC-RRLYR-2341  19.032 19.615  0.6464714 0.0000020  2090.46299  0.287  0.333 4.438  0.211 2.620
OGLE-SMC-RRLYR-2346  19.025 19.678  0.7445774 0.0000018  2090.82399  0.460  0.388 4.811  0.155 3.586
OGLE-SMC-RRLYR-2347  19.064 19.601  0.5369691 0.0000007  2090.43658  0.559  0.452 4.257  0.260 2.322
OGLE-SMC-RRLYR-2348  19.015 19.597  0.6209145 0.0000010  2090.42715  0.448  0.398 4.251  0.310 2.413
OGLE-SMC-RRLYR-2349  18.686 19.276  0.6754157 0.0000013  2090.41121  0.450  0.388 4.281  0.248 2.393
OGLE-SMC-RRLYR-2350  19.174 19.790  0.5588084 0.0000006  2090.58744  0.655  0.466 4.211  0.365 2.277
OGLE-SMC-RRLYR-2351  18.676 19.235  0.6142036 0.0000008  2123.78541  0.530  0.454 4.393  0.365 2.497
OGLE-SMC-RRLYR-2352  19.124 19.710  0.6898753 0.0000048  2090.29940  0.209  0.338 4.730  0.260 3.371
OGLE-SMC-RRLYR-2353  18.957 19.592  0.6413454 0.0000010  2090.34132  0.412  0.428 4.231  0.319 2.565
OGLE-SMC-RRLYR-2354  19.040 19.639  0.6191025 0.0000015  2090.91570  0.375  0.512 4.549  0.299 2.898
OGLE-SMC-RRLYR-2355  19.140 19.733  0.5755548 0.0000011  2090.56335  0.473  0.403 4.235  0.336 2.161
OGLE-SMC-RRLYR-2356  18.764 19.318  0.6217684 0.0000028  2090.42589  0.422  0.411 4.257  0.474 2.393
OGLE-SMC-RRLYR-2357  19.269 19.811  0.5424254 0.0000007  2090.72944  0.714  0.507 4.264  0.442 2.547
OGLE-SMC-RRLYR-2359  19.111 19.733  0.6559979 0.0000030  2090.66178  0.267  0.341 4.434  0.177 3.066
OGLE-SMC-RRLYR-2360  19.053 19.738  0.7368437 0.0000028  2090.82858  0.267  0.361 4.513  0.213 3.265
OGLE-SMC-RRLYR-2361  19.182 19.834  0.6081982 0.0000010  2090.44371  0.518  0.477 4.316  0.309 2.456
OGLE-SMC-RRLYR-2362  19.067 19.620  0.5539783 0.0000005  2090.69205  0.669  0.419 4.150  0.377 2.300
OGLE-SMC-RRLYR-2364  19.148 19.741  0.6731930 0.0000020  2090.60196  0.333  0.428 4.864  0.224 3.530
OGLE-SMC-RRLYR-2365  19.207 19.851  0.6326046 0.0000020  2090.45369  0.288  0.424 4.514  0.232 2.677
OGLE-SMC-RRLYR-2366  19.155 19.822  0.6211504 0.0000015  2090.67243  0.389  0.408 4.292  0.292 2.614
OGLE-SMC-RRLYR-2367  18.986 19.562  0.6289247 0.0000009  2090.73964  0.388  0.358 4.169  0.299 2.371
OGLE-SMC-RRLYR-2371  19.099 19.635  0.5242279 0.0000011  2090.62973  0.586  0.429 4.147  0.210 2.127
OGLE-SMC-RRLYR-2372  19.355 19.967  0.5736025 0.0000007  2090.67502  0.600  0.465 4.127  0.336 2.195
OGLE-SMC-RRLYR-2373  19.102 19.629  0.5156097 0.0000010  2090.52979  0.565  0.378 4.027  0.229 1.935
OGLE-SMC-RRLYR-2374  18.809 19.359  0.5758358 0.0000004  2090.39679  0.621  0.427 4.139  0.342 2.231
OGLE-SMC-RRLYR-2375  19.313 19.882  0.6011057 0.0000009  2090.53947  0.607  0.464 4.265  0.373 2.568
OGLE-SMC-RRLYR-2376  19.031 19.590  0.5940070 0.0000015  2090.69762  0.364  0.471 4.392  0.237 3.013
OGLE-SMC-RRLYR-2377  19.254 19.841  0.5447001 0.0000007  2090.41510  0.639  0.429 4.094  0.334 1.953
OGLE-SMC-RRLYR-2378  18.712 19.232  0.5744068 0.0000005  2090.43000  0.594  0.440 4.182  0.395 2.311
OGLE-SMC-RRLYR-2379  19.389 19.984  0.6073565 0.0000011  2090.67914  0.477  0.413 4.519  0.304 2.828
OGLE-SMC-RRLYR-2380  19.037 19.696  0.6242124 0.0000013  2090.85993  0.384  0.435 4.434  0.300 2.714
OGLE-SMC-RRLYR-2381  19.115 19.626  0.5274589 0.0000006  2090.69335  0.630  0.427 4.060  0.303 1.893
OGLE-SMC-RRLYR-2383  19.251 19.898  0.6181118 0.0000011  2090.42467  0.365  0.345 4.470  0.200 2.961
OGLE-SMC-RRLYR-2384  19.129 19.786  0.6492367 0.0000023  2090.79691  0.251  0.340 4.426  0.236 3.268
OGLE-SMC-RRLYR-2385  19.121 19.672  0.5636151 0.0000013  2090.49158  0.346  0.345 4.302  0.185 2.816
OGLE-SMC-RRLYR-2386  19.353 19.959  0.6217551 0.0000025  2090.77857  0.295  0.393 4.459  0.000   -  
OGLE-SMC-RRLYR-2387  18.826 19.508  0.9245109 0.0000045  2090.20788  0.228  0.328 5.267  0.141 4.426
OGLE-SMC-RRLYR-2388  18.998 19.571  0.5872421 0.0000007  2090.35826  0.563  0.403 4.150  0.338 2.186
OGLE-SMC-RRLYR-2389  19.342 19.951  0.5780048 0.0000007  2090.50072  0.634  0.509 4.328  0.366 2.596
OGLE-SMC-RRLYR-2390  19.361 19.928  0.5551050 0.0000007  2090.63543  0.619  0.448 4.238  0.359 2.301
OGLE-SMC-RRLYR-2392  19.438 20.032  0.5304834 0.0000013  2090.61463  0.466  0.493 4.067  0.289 2.311
OGLE-SMC-RRLYR-2393  19.064 19.667  0.6200429 0.0000010  2090.73332  0.382  0.419 4.465  0.278 3.141
OGLE-SMC-RRLYR-2394  19.218 19.800  0.5604286 0.0000008  2090.82234  0.605  0.404 4.144  0.358 2.197
OGLE-SMC-RRLYR-2395  18.695 19.315  0.6540037 0.0000011  2090.39721  0.327  0.404 4.345  0.275 2.977
OGLE-SMC-RRLYR-2396  18.896 19.551  0.6505066 0.0000020  2090.60188  0.342  0.344 4.426  0.303 2.360
OGLE-SMC-RRLYR-2398  19.167    -    0.5710021 0.0000043  2090.72811  0.508  0.412 4.533  0.231 2.130
OGLE-SMC-RRLYR-2399  19.137 19.761  0.6589281 0.0000009  2090.47448  0.474  0.469 4.529  0.351 2.907
OGLE-SMC-RRLYR-2400  19.294 19.838  0.5270417 0.0000005  2090.81695  0.732  0.433 4.041  0.359 2.026
OGLE-SMC-RRLYR-2401  19.090 19.690  0.6152671 0.0000011  2104.34019  0.430  0.395 4.265  0.339 2.543
OGLE-SMC-RRLYR-2402  19.130 19.743  0.6397506 0.0000019  2090.49972  0.313  0.356 4.460  0.243 3.157
OGLE-SMC-RRLYR-2403  18.759 19.364  0.6264306 0.0000009  2090.37637  0.377  0.343 4.381  0.268 2.481
OGLE-SMC-RRLYR-2405  18.906 19.481  0.6451836 0.0000029  2090.46135  0.245  0.267 4.599  0.000   -  
OGLE-SMC-RRLYR-2406  19.195 19.759  0.4958217 0.0000005  2090.51707  0.603  0.465 4.215  0.384 2.395
OGLE-SMC-RRLYR-2408  19.434 20.062  0.6055675 0.0000010  2090.70798  0.537  0.481 4.257  0.363 2.466
OGLE-SMC-RRLYR-2409  16.579 17.186  0.6475158 0.0000005  2090.50440  0.255  0.384 4.670  0.178 3.333
OGLE-SMC-RRLYR-2410  19.042 19.703  0.6511629 0.0000022  2090.59395  0.250  0.351 4.576  0.176 3.085
OGLE-SMC-RRLYR-2411  18.970    -    0.6018790 0.0000017  2090.78226  0.703  0.438 4.268  0.343 2.280
OGLE-SMC-RRLYR-2412  19.291 19.979  0.5756250 0.0000019  2090.88365  0.415  0.361 4.418  0.191 2.670
OGLE-SMC-RRLYR-2413  19.207 19.743  0.5231523 0.0000010  2090.48311  0.594  0.422 4.134  0.230 1.852
OGLE-SMC-RRLYR-2414  19.316 19.918  0.6036008 0.0000015  2112.28623  0.446  0.390 4.231  0.285 2.490
OGLE-SMC-RRLYR-2415  18.818 19.370  0.5881270 0.0000006  2090.89510  0.559  0.436 4.168  0.356 2.252
OGLE-SMC-RRLYR-2416  19.134 19.813  0.6408040 0.0000020  2090.44629  0.296  0.430 4.636  0.241 3.178
OGLE-SMC-RRLYR-2417  19.308 19.878  0.6104045 0.0000007  2090.92684  0.761  0.487 4.288  0.354 2.500
OGLE-SMC-RRLYR-2418  18.787 19.364  0.5710728 0.0000015  2090.75044  0.407  0.344 4.313  0.193 2.295
OGLE-SMC-RRLYR-2421  18.898 19.466  0.5969332 0.0000007  2090.43032  0.530  0.410 4.288  0.333 2.477
OGLE-SMC-RRLYR-2422  18.993 19.612  0.5927341 0.0000009  2090.43000  0.419  0.389 4.153  0.312 2.129
OGLE-SMC-RRLYR-2423  19.098 19.674  0.5544072 0.0000005  2090.53796  0.667  0.470 4.140  0.351 2.169
OGLE-SMC-RRLYR-2424  19.142 19.734  0.5938702 0.0000012  2090.70969  0.508  0.381 4.192  0.202 2.215
OGLE-SMC-RRLYR-2425  19.446 20.076  0.5673022 0.0000008  2090.86859  0.576  0.450 4.380  0.413 2.485
OGLE-SMC-RRLYR-2426  19.001 19.564  0.5202016 0.0000004  2090.90022  0.565  0.533 4.274  0.348 2.501
OGLE-SMC-RRLYR-2427  19.171 19.819  0.6558046 0.0000031  2090.32826  0.226  0.385 4.746  0.000   -  
OGLE-SMC-RRLYR-2430  18.993 19.568  0.5680591 0.0000005  2090.64558  0.655  0.428 4.169  0.376 2.012
OGLE-SMC-RRLYR-2431  19.077 19.713  0.6223767 0.0000010  2090.90757  0.407  0.453 4.276  0.346 2.438
OGLE-SMC-RRLYR-2432  18.896 19.506  0.6350716 0.0000008  2090.85767  0.461  0.452 4.280  0.340 2.662
OGLE-SMC-RRLYR-2433  19.148 19.751  0.6423414 0.0000019  2090.78784  0.323  0.392 4.483  0.264 2.859
OGLE-SMC-RRLYR-2434  18.980 19.535  0.5597986 0.0000007  2090.87282  0.645  0.423 4.149  0.333 2.061
OGLE-SMC-RRLYR-2435  19.307 19.822  0.5056030 0.0000004  2090.56548  0.833  0.518 4.285  0.382 2.477
OGLE-SMC-RRLYR-2436  19.238 19.881  0.5843175 0.0000006  2090.68113  0.561  0.467 4.243  0.374 2.628
OGLE-SMC-RRLYR-2437  19.211 19.712  0.5250069 0.0000005  2090.62483  0.759  0.391 4.337  0.321 2.078
OGLE-SMC-RRLYR-2439  19.225 19.807  0.5640337 0.0000012  2090.90071  0.517  0.438 4.248  0.221 2.226
OGLE-SMC-RRLYR-2440  18.852    -    0.6177603 0.0000019  2131.70260  0.547  0.605 4.411  0.482 2.899
OGLE-SMC-RRLYR-2441  18.980 19.566  0.6013670 0.0000007  2090.56508  0.501  0.364 4.201  0.330 2.069
OGLE-SMC-RRLYR-2445  18.883 19.409  0.5784069 0.0000016  2104.81241  0.445  0.324 4.193  0.162 2.400
OGLE-SMC-RRLYR-2446  19.025 19.546  0.6018767 0.0000013  2122.30870  0.496  0.421 4.569  0.331 2.922
OGLE-SMC-RRLYR-2447  19.051 19.741  0.6274626 0.0000009  2090.89274  0.407  0.376 4.303  0.283 2.410
OGLE-SMC-RRLYR-2450  19.198 19.765  0.5154851 0.0000004  2090.80720  0.774  0.441 4.156  0.342 2.099
OGLE-SMC-RRLYR-2451  19.209 19.778  0.5869401 0.0000008  2090.50541  0.561  0.477 4.321  0.390 2.594
OGLE-SMC-RRLYR-2452  19.097 19.691  0.6196762 0.0000007  2090.43296  0.573  0.481 4.347  0.398 2.577
OGLE-SMC-RRLYR-2453  19.192 19.925  0.6394503 0.0000015  2090.89576  0.342  0.406 4.470  0.323 2.902
OGLE-SMC-RRLYR-2454  18.892 19.389  0.5398844 0.0000004  2090.58282  0.731  0.437 4.193  0.353 2.022
OGLE-SMC-RRLYR-2458  19.252 19.884  0.5970331 0.0000009  2090.82736  0.536  0.419 4.373  0.383 2.526
OGLE-SMC-RRLYR-2459  19.042 19.726  0.6510762 0.0000026  2090.40526  0.239  0.376 4.619  0.274 3.628
OGLE-SMC-RRLYR-2460  19.232 19.844  0.5527410 0.0000008  2090.91355  0.555  0.394 4.150  0.318 2.214
OGLE-SMC-RRLYR-2461  19.196 19.718  0.5112092 0.0000012  2090.45985  0.511  0.380 4.034  0.125 1.911
OGLE-SMC-RRLYR-2462  18.992 19.577  0.6449660 0.0000013  2090.51541  0.341  0.341 4.228  0.220 2.263
OGLE-SMC-RRLYR-2463  19.098 19.699  0.6174019 0.0000026  2090.53620  0.297  0.340 4.231  0.215 2.061
OGLE-SMC-RRLYR-2465  19.087 19.736  0.6087132 0.0000019  2090.90091  0.362  0.355 4.187  0.197 1.715
OGLE-SMC-RRLYR-2466  19.297 19.830  0.5347273 0.0000005  2090.62564  0.756  0.403 4.307  0.329 2.239
OGLE-SMC-RRLYR-2467  19.153 19.805  0.6357062 0.0000015  2090.72636  0.355  0.478 4.614  0.305 3.188
OGLE-SMC-RRLYR-2470  18.760 19.311  0.5851109 0.0000010  2090.40896  0.487  0.415 4.247  0.264 2.390
OGLE-SMC-RRLYR-2472  19.214 19.730  0.4981729 0.0000004  2090.79187  0.792  0.428 4.213  0.347 2.016
OGLE-SMC-RRLYR-2473  19.167 19.814  0.6030406 0.0000030  2090.82948  0.320  0.231 4.733  0.171 3.042
OGLE-SMC-RRLYR-2474  19.134 19.703  0.5651130 0.0000006  2090.63895  0.655  0.492 4.263  0.369 2.495
OGLE-SMC-RRLYR-2475  19.336 19.900  0.5548296 0.0000008  2090.87039  0.622  0.470 4.106  0.354 2.167
