 530.86019 16.185 0.017
 531.78970 15.929 0.018
 534.79392 16.277 0.020
 535.80126 16.178 0.020
 539.80577 16.371 0.022
 540.78842 16.222 0.016
 541.79728 16.135 0.017
 550.81021 16.428 0.011
 551.91679 16.431 0.010
 552.75612 16.117 0.008
 553.87972 16.140 0.007
 554.75820 15.709 0.007
 555.80434 16.180 0.009
 557.71122 16.123 0.009
 557.80087 16.207 0.009
 557.89074 16.303 0.010
 558.75644 16.033 0.009
 558.89243 16.223 0.009
 559.70661 15.715 0.008
 560.68558 16.404 0.012
 560.77602 15.736 0.008
 560.88892 15.935 0.007
 561.68461 16.297 0.010
 561.81288 16.402 0.010
 561.88230 15.691 0.008
 562.72477 16.199 0.010
 562.80893 16.299 0.010
 562.89968 16.444 0.011
 563.81609 16.196 0.009
 563.90349 16.282 0.010
 567.72457 16.294 0.009
 567.85392 16.418 0.012
 568.72326 16.171 0.008
 568.80805 16.254 0.009
 569.69021 15.947 0.008
 570.68418 15.697 0.007
 570.86325 16.104 0.008
 571.66557 16.365 0.012
 571.78522 15.709 0.007
 571.89838 15.988 0.008
 572.73278 16.327 0.011
 572.86935 15.682 0.008
 573.66005 16.154 0.009
 573.83534 16.337 0.009
 574.68205 16.053 0.007
 574.77240 16.172 0.009
 575.68303 15.834 0.010
 575.87002 16.162 0.009
 576.68609 15.956 0.007
 576.82728 15.950 0.007
 577.83963 15.745 0.007
 578.68741 16.249 0.009
 581.65939 15.681 0.007
 581.87827 16.142 0.008
 582.67183 16.443 0.012
 582.88946 16.023 0.011
 583.66683 16.280 0.010
 583.77655 16.449 0.010
 583.91154 15.827 0.007
 587.68267 15.745 0.008
 588.66552 16.338 0.011
 588.78331 15.724 0.007
 590.76496 16.241 0.011
 599.67661 16.390 0.010
 600.66266 16.267 0.009
 600.80215 16.450 0.010
 601.73296 16.222 0.008
 601.93470 16.198 0.011
 605.59519 16.233 0.016
 605.92417 15.936 0.009
 606.59503 16.143 0.008
 606.73426 16.316 0.008
 606.90805 15.685 0.007
 607.58815 15.961 0.007
 607.70831 16.142 0.008
 607.86498 16.313 0.010
 608.58329 15.720 0.007
 608.70011 15.993 0.007
 608.85662 16.178 0.008
 614.60489 15.682 0.007
 614.79415 16.114 0.006
 615.58525 16.370 0.009
 615.67981 15.885 0.007
 615.77481 15.870 0.007
 615.89371 16.089 0.009
 616.58560 16.247 0.009
 616.70378 16.404 0.010
 616.79921 15.681 0.007
 616.89491 15.919 0.008
 622.79537 16.276 0.009
 623.66980 16.188 0.009
 623.80916 16.328 0.010
 624.58676 15.916 0.007
 624.68244 16.104 0.009
 624.75679 16.177 0.009
 625.59673 15.694 0.007
 625.69613 15.944 0.007
 626.57792 16.389 0.012
 626.65242 16.070 0.010
 626.79204 15.949 0.007
 627.81438 15.762 0.008
 628.63122 16.206 0.008
 628.73107 16.301 0.010
 628.84001 16.235 0.010
 629.60104 16.068 0.008
 629.72122 16.205 0.009
 630.57099 15.774 0.008
 631.64839 15.725 0.007
 631.74461 15.955 0.008
 632.63914 16.427 0.011
 632.73117 15.700 0.007
 633.61827 16.282 0.009
 635.68802 16.125 0.010
 643.56231 16.302 0.010
 643.65746 16.368 0.011
 645.57575 16.138 0.008
 649.51649 16.205 0.010
 652.56172 15.831 0.007
 653.70318 15.949 0.008
 656.60317 16.175 0.008
 657.59994 16.045 0.008
 658.60745 15.855 0.007
 663.54635 15.838 0.007
 665.57359 16.387 0.010
 666.50987 16.169 0.009
 667.54599 16.118 0.007
 669.50858 15.710 0.007
 670.67695 15.816 0.007
 671.51188 16.266 0.012
 673.64937 16.184 0.012
 684.49868 16.012 0.007
 685.48948 15.790 0.007
 686.54134 15.687 0.007
 687.53456 16.387 0.010
 688.51506 16.232 0.009
 689.49995 16.108 0.008
 694.50491 16.160 0.010
 697.50621 15.876 0.008
 698.50176 16.341 0.011
 699.49828 16.209 0.009
 700.51409 16.146 0.009
 701.49809 15.987 0.011
 704.51567 16.279 0.012
 708.58601 15.853 0.007
 713.50713 15.797 0.008
 720.51110 16.421 0.010
 728.61720 16.264 0.011
 742.56320 15.695 0.008
 753.52632 15.743 0.008
 878.84996 15.894 0.007
 890.89509 15.842 0.007
 896.82334 16.264 0.008
 900.82257 15.946 0.007
 918.83252 15.682 0.007
 924.89276 15.727 0.008
 928.89292 16.057 0.009
 930.81548 16.381 0.011
 933.79582 15.988 0.007
 936.83927 16.358 0.009
 937.78230 16.187 0.009
 939.74296 15.772 0.007
 941.71692 16.289 0.009
 950.69417 15.688 0.008
 951.76467 15.863 0.007
 952.73143 16.319 0.010
 953.74541 16.225 0.009
 954.75059 16.133 0.009
 961.78685 15.950 0.007
 962.71197 16.353 0.011
 963.71898 16.300 0.009
 964.78715 16.273 0.008
 965.68920 16.078 0.008
 965.90466 16.297 0.012
 966.66494 15.812 0.007
 966.87983 16.187 0.009
 968.81528 15.713 0.008
 969.70507 16.248 0.014
 970.71225 16.171 0.010
 970.83442 16.266 0.011
 971.67923 15.980 0.007
 978.62746 16.405 0.012
 982.75180 16.136 0.009
 984.69464 16.181 0.008
 985.59796 16.247 0.008
 988.71269 15.999 0.008
 990.67587 16.394 0.010
 991.64626 16.225 0.011
 992.79468 16.293 0.013
 995.68400 16.022 0.010
 998.76083 16.190 0.009
1006.73919 15.778 0.008
1011.76888 15.980 0.008
1021.65990 15.989 0.008
1026.61961 16.023 0.009
1035.56076 16.198 0.009
1036.60545 16.146 0.008
1037.61183 16.027 0.008
1038.64353 15.900 0.010
1039.68541 15.773 0.008
1040.53055 16.251 0.009
1041.54402 16.155 0.008
1043.57393 15.877 0.008
1045.52225 16.281 0.009
1046.52956 16.196 0.009
1047.56364 16.135 0.011
1048.54293 15.927 0.008
1051.58953 16.319 0.012
1053.62568 16.163 0.009
1054.51805 15.773 0.007
1060.53780 15.718 0.008
1061.52640 16.417 0.012
1064.53005 16.035 0.008
1065.49733 15.777 0.007
1069.64199 16.263 0.010
1074.54139 16.200 0.011
1077.59452 15.813 0.007
1080.50661 16.128 0.009
1087.55603 15.982 0.008
1092.60633 16.107 0.011
1105.57451 15.746 0.008
1107.53432 16.255 0.010
1108.54887 16.163 0.013
1109.51820 15.974 0.011
1110.50037 15.694 0.009
1111.52443 16.363 0.017
1112.53387 16.263 0.015
1113.55541 16.221 0.014
1114.50176 16.056 0.010
1116.50314 16.004 0.009
1118.55246 16.285 0.015
1119.52015 16.149 0.012
1120.53228 16.023 0.014
1120.54157 16.064 0.012
1121.50726 15.741 0.009
1122.50512 16.394 0.016
1122.51304 16.379 0.015
1124.50589 16.171 0.015
1125.51550 16.081 0.011
1126.51650 15.884 0.011
1127.51575 15.707 0.011
1128.51647 16.412 0.018
1220.87129 15.679 0.008
1225.85297 15.773 0.008
1237.87157 15.882 0.008
1242.80901 15.977 0.009
1252.80480 15.866 0.008
1255.85837 16.296 0.011
1259.82193 16.154 0.009
1264.90517 15.934 0.008
1267.91343 16.299 0.011
1272.87858 16.302 0.011
1279.89346 16.180 0.009
1289.79081 16.197 0.010
1291.87339 16.042 0.006
1295.76944 16.132 0.009
1296.88536 16.147 0.008
1297.83689 15.876 0.008
1299.87668 16.437 0.012
1305.80681 16.289 0.011
1306.68575 16.019 0.008
1307.90226 16.169 0.010
1312.78082 16.104 0.008
1313.90192 16.134 0.009
1315.79225 16.414 0.011
1316.71745 16.202 0.009
1317.79814 16.178 0.010
1318.78580 16.058 0.009
1319.81874 15.941 0.008
1320.66947 16.313 0.010
1321.69392 16.253 0.010
1327.77124 16.308 0.013
1332.82416 16.435 0.011
1335.72523 15.882 0.007
1338.77294 16.294 0.011
1340.67156 15.894 0.008
1342.62721 16.292 0.010
1346.68526 15.835 0.007
1347.71533 15.716 0.007
1348.74867 16.408 0.012
1349.76248 16.287 0.009
1350.79022 16.233 0.008
1354.63994 16.240 0.010
1355.61470 16.102 0.010
1360.81550 16.395 0.013
1365.67928 16.305 0.011
1366.62578 16.142 0.010
1367.69294 16.106 0.010
1368.64167 15.799 0.008
1369.74274 15.794 0.008
1370.58259 16.255 0.011
1374.72849 15.919 0.008
1375.65223 16.412 0.011
1394.59586 16.094 0.009
1395.57444 15.856 0.007
1397.72362 15.718 0.008
1398.57778 16.250 0.009
1399.59990 16.165 0.009
1400.60661 16.055 0.009
1401.56475 15.731 0.008
1402.55750 16.429 0.011
1403.62754 16.373 0.012
1404.56089 16.186 0.009
1407.57885 15.704 0.008
1408.55602 16.343 0.011
1410.56821 16.166 0.012
1415.56299 16.179 0.012
1416.54328 16.059 0.008
1418.52407 16.190 0.010
1430.61374 16.044 0.010
1433.51977 15.974 0.008
1436.62023 16.420 0.011
1441.52563 16.402 0.014
1443.51991 16.166 0.011
1447.54621 16.339 0.012
1449.54604 16.129 0.011
1454.54404 16.192 0.012
1459.52244 16.218 0.011
1479.51689 15.704 0.009
1593.88788 16.010 0.009
1594.87563 15.755 0.008
1595.86964 16.409 0.012
1596.89336 16.288 0.012
1609.83229 16.037 0.008
1616.90650 15.918 0.008
1618.84288 16.288 0.012
1621.79410 15.781 0.009
1623.80595 16.306 0.011
1625.85547 16.174 0.009
1627.81526 15.722 0.008
1630.89735 16.277 0.013
1633.78921 16.252 0.009
1643.79970 15.883 0.008
1644.91056 15.904 0.007
1646.86005 16.280 0.013
1652.82608 16.228 0.010
1653.81471 16.108 0.008
1655.91803 15.977 0.008
1661.86285 15.714 0.007
1662.91061 16.002 0.008
1663.82805 16.279 0.009
1665.74032 15.803 0.010
1666.83157 15.784 0.007
1667.87582 15.681 0.008
1668.88952 16.414 0.011
1670.75812 15.991 0.007
1671.85217 15.981 0.007
1674.81293 16.276 0.009
1676.79460 15.972 0.007
1681.83500 16.151 0.010
1682.83760 15.999 0.009
1687.85739 16.118 0.009
1692.67534 15.894 0.007
1693.77739 15.901 0.007
1695.85684 16.012 0.007
1698.71205 15.867 0.008
1700.87817 15.783 0.008
1702.70268 16.142 0.008
1703.85949 16.186 0.010
1705.70090 16.410 0.011
1706.72200 16.304 0.010
1709.64385 15.734 0.007
1717.67478 16.287 0.009
1721.74954 15.813 0.007
1722.65640 16.300 0.010
1725.71484 16.066 0.008
1726.62384 15.788 0.008
1728.66793 16.273 0.010
1729.64337 16.189 0.007
1730.61453 15.988 0.009
1731.52963 16.342 0.011
1732.68200 15.680 0.007
1738.65910 16.402 0.025
1742.67342 15.926 0.008
1743.65035 15.729 0.007
1743.79980 15.997 0.009
1744.57150 16.285 0.011
1744.65433 16.366 0.012
1744.73268 15.972 0.010
1744.80587 15.778 0.009
1745.53200 16.125 0.009
1745.66044 16.279 0.009
1745.68590 16.290 0.009
1745.69192 16.281 0.009
1745.69792 16.302 0.010
1745.71766 16.320 0.009
1745.72367 16.311 0.009
1745.74317 16.358 0.010
1745.74919 16.388 0.011
1745.76882 16.395 0.012
1745.77486 16.396 0.012
1745.80095 16.399 0.012
1745.80697 16.351 0.012
1745.81377 16.282 0.014
1745.81978 16.178 0.014
1745.82580 16.054 0.011
1745.83214 15.965 0.010
1745.83817 15.883 0.009
1746.48188 15.851 0.008
1746.48847 15.863 0.008
1746.49449 15.876 0.008
1746.50071 15.884 0.008
1746.50671 15.913 0.007
1746.52217 15.949 0.008
1746.53507 15.987 0.009
1746.54105 15.979 0.008
1746.55398 15.995 0.009
1746.56000 16.021 0.008
1746.57317 16.039 0.008
1746.57919 16.049 0.008
1746.59233 16.088 0.008
1746.59837 16.094 0.008
1746.61128 16.109 0.009
1746.61730 16.114 0.009
1746.63431 16.134 0.009
1746.64031 16.140 0.008
1746.65335 16.149 0.009
1746.65936 16.151 0.008
1746.67226 16.202 0.008
1746.67825 16.182 0.008
1746.68461 16.173 0.009
1746.69062 16.201 0.009
1746.70330 16.180 0.009
1746.71582 16.202 0.009
1746.72870 16.214 0.009
1746.73522 16.231 0.010
1748.58581 15.842 0.008
1749.47099 16.206 0.010
1749.52671 16.274 0.012
1749.78885 15.872 0.007
1750.51382 16.161 0.009
1750.66988 16.323 0.010
1751.46358 15.935 0.009
1751.47340 15.967 0.008
1751.54911 16.099 0.008
1751.58684 16.146 0.008
1751.77296 16.336 0.010
1752.54797 15.919 0.008
1752.62264 16.071 0.009
1752.78775 16.214 0.010
1753.47332 16.435 0.012
1753.53414 15.749 0.008
1753.56594 15.717 0.007
1753.57891 15.771 0.007
1753.58536 15.773 0.007
1753.59187 15.804 0.007
1753.59817 15.807 0.007
1753.60449 15.831 0.007
1753.61050 15.850 0.007
1753.61652 15.848 0.007
1753.62286 15.866 0.007
1753.62885 15.889 0.007
1753.63486 15.900 0.007
1753.64127 15.902 0.007
1753.64727 15.915 0.007
1753.65326 15.935 0.007
1753.65992 15.953 0.007
1753.66591 15.950 0.007
1753.67190 15.989 0.008
1753.67843 15.982 0.008
1753.68444 15.999 0.008
1753.69046 15.999 0.007
1753.69691 16.020 0.008
1753.70292 16.032 0.008
1753.70895 16.035 0.008
1753.71561 16.049 0.008
1753.72163 16.051 0.008
1753.72766 16.064 0.009
1753.73461 16.069 0.008
1753.74062 16.079 0.009
1753.74665 16.082 0.009
1753.75312 16.108 0.009
1753.75912 16.102 0.009
1753.76513 16.104 0.009
1753.77163 16.120 0.009
1753.77763 16.140 0.009
1753.78364 16.127 0.010
1753.79043 16.133 0.010
1754.46637 16.267 0.015
1754.47818 16.277 0.013
1754.61684 15.995 0.008
1755.47083 16.165 0.012
1755.63137 16.372 0.011
1756.51193 16.134 0.009
1756.56926 16.177 0.008
1757.60668 16.116 0.009
1758.61337 15.974 0.007
1759.54213 16.270 0.009
1760.49929 16.264 0.010
1760.59176 16.365 0.011
1761.55872 16.225 0.010
1762.55604 16.129 0.008
1763.51003 15.878 0.007
1764.59983 15.850 0.007
1765.60283 15.995 0.009
1769.57367 15.925 0.007
1771.57586 16.398 0.015
1772.58580 16.282 0.009
1773.60038 16.184 0.009
1775.60120 15.871 0.007
1776.59645 15.772 0.006
1777.61097 16.389 0.011
1783.61142 16.312 0.010
1784.60111 16.196 0.009
1785.60051 16.080 0.009
1787.59559 15.696 0.007
1788.56456 16.330 0.012
1790.57806 16.134 0.009
1803.52551 15.682 0.008
1806.57538 16.205 0.009
1809.58474 15.711 0.007
1811.59297 16.288 0.012
1814.54145 15.766 0.007
1816.52906 16.288 0.012
1818.51127 16.031 0.009
1824.55407 16.026 0.010
1829.54213 16.104 0.009
1834.51474 16.159 0.009
1843.52241 16.423 0.011
1844.52510 16.304 0.011
2072.60108 15.672 0.008
2072.61102 15.658 0.007
2072.62234 15.677 0.007
2072.63095 15.698 0.007
2072.63958 15.720 0.007
2072.65503 15.767 0.007
2072.66365 15.785 0.008
2072.67231 15.817 0.007
2072.68095 15.839 0.008
2072.68960 15.873 0.008
2072.69825 15.884 0.008
2072.72835 15.954 0.008
2072.73697 15.966 0.008
2072.74556 15.989 0.008
2072.75421 15.999 0.009
2072.76281 16.027 0.009
2072.77143 16.040 0.009
2072.78046 16.065 0.009
2072.78907 16.069 0.009
2072.79767 16.095 0.009
2072.80629 16.105 0.009
2072.81493 16.109 0.010
2072.82353 16.130 0.009
2072.83306 16.127 0.010
2072.84195 16.150 0.010
2072.85106 16.164 0.011
2072.86194 16.169 0.010
2072.87052 16.181 0.010
2072.87913 16.191 0.011
2072.88731 16.187 0.014
2072.89329 16.183 0.012
2072.89614 16.152 0.012
2072.90189 16.223 0.012
2072.90474 16.226 0.015
2072.91045 16.226 0.012
2072.91329 16.220 0.015
2073.58234 16.376 0.012
2073.59771 16.416 0.012
2073.60632 16.428 0.011
2073.61491 16.442 0.011
2073.62354 16.483 0.012
2073.63217 16.456 0.011
2073.64077 16.445 0.011
2073.64955 16.381 0.011
2073.65819 16.314 0.010
2073.66871 16.123 0.008
2073.67766 16.000 0.008
2073.68629 15.834 0.007
2073.69492 15.700 0.007
2073.70352 15.676 0.007
2073.71219 15.667 0.007
2073.72082 15.674 0.006
2073.73028 15.702 0.008
2073.73886 15.720 0.007
2073.74743 15.742 0.007
2073.75603 15.781 0.007
2073.76461 15.788 0.007
2073.77321 15.826 0.007
2073.78648 15.863 0.008
2073.80914 15.927 0.009
2073.82494 15.960 0.008
2073.83397 15.981 0.009
2073.84915 16.009 0.008
2073.85774 16.024 0.008
2073.86633 16.043 0.009
2073.87493 16.060 0.009
2073.88353 16.098 0.010
2073.89703 16.109 0.010
2073.90560 16.089 0.010
2073.90844 16.069 0.011
2074.57630 16.245 0.010
2074.58493 16.267 0.010
2074.59355 16.305 0.012
2074.60217 16.295 0.011
2074.61079 16.314 0.011
2074.61943 16.328 0.011
2074.63716 16.345 0.014
2074.64576 16.336 0.013
2074.65436 16.349 0.012
2074.66303 16.347 0.012
2074.67166 16.336 0.011
2074.68051 16.367 0.011
2074.70288 16.420 0.011
2074.71152 16.444 0.011
2074.72012 16.471 0.011
2074.73135 16.446 0.011
2074.73992 16.440 0.011
2074.76370 16.205 0.010
2074.77232 16.063 0.009
2074.78091 15.922 0.009
2074.78951 15.766 0.008
2074.79938 15.682 0.007
2074.80798 15.667 0.007
2074.81682 15.679 0.007
2074.82543 15.690 0.007
2074.83403 15.708 0.007
2074.84266 15.741 0.007
2074.85130 15.771 0.007
2074.85987 15.789 0.007
2074.86892 15.805 0.007
2074.87746 15.843 0.009
2074.88606 15.854 0.008
2074.89472 15.883 0.008
2074.89756 15.877 0.009
2074.90334 15.920 0.008
2074.90619 15.896 0.010
2074.91218 15.920 0.010
2075.61108 16.179 0.011
2075.61394 16.163 0.013
2075.61969 16.189 0.011
2075.62251 16.155 0.013
2075.62828 16.189 0.011
2075.63115 16.171 0.013
2075.63690 16.211 0.011
2075.63976 16.197 0.014
2075.64553 16.202 0.011
2075.65359 16.199 0.013
2075.66516 16.247 0.011
2075.67375 16.238 0.011
2075.68236 16.266 0.010
2075.69099 16.290 0.011
2075.69963 16.298 0.011
2075.70822 16.321 0.011
2075.71725 16.337 0.012
2075.72650 16.334 0.012
2075.73510 16.315 0.012
2075.73794 16.296 0.014
2075.74367 16.337 0.012
2075.74651 16.278 0.014
2075.77047 16.387 0.013
2075.77331 16.427 0.016
2075.77907 16.415 0.013
2075.78191 16.410 0.016
2075.78765 16.428 0.014
2075.79051 16.444 0.016
2075.79652 16.440 0.014
2075.79939 16.461 0.016
2075.80514 16.459 0.013
2075.80798 16.469 0.015
2075.81375 16.463 0.013
2075.81659 16.490 0.016
2075.82236 16.490 0.013
2075.82519 16.450 0.015
2075.83093 16.458 0.013
2075.83376 16.486 0.016
2075.84358 16.421 0.012
2075.84641 16.375 0.013
2075.85218 16.365 0.012
2075.85504 16.334 0.014
2075.86080 16.223 0.011
2075.86365 16.196 0.013
2075.86939 16.079 0.011
2075.87222 16.036 0.012
2075.87794 15.944 0.009
2075.88079 15.884 0.010
2075.88654 15.772 0.009
2075.88938 15.736 0.009
2075.89544 15.678 0.009
2076.68960 16.171 0.011
2076.69245 16.171 0.013
2076.69822 16.158 0.011
2076.70107 16.167 0.013
2076.70684 16.173 0.011
2076.70970 16.177 0.015
2076.72033 16.183 0.011
2076.72323 16.190 0.012
2076.73029 16.227 0.013
2076.73320 16.215 0.012
2076.73910 16.212 0.011
2076.74201 16.225 0.013
2076.74787 16.260 0.014
2076.75076 16.246 0.015
2076.75661 16.232 0.012
2076.75951 16.234 0.013
2076.76539 16.258 0.013
2076.76829 16.249 0.012
2076.77417 16.258 0.012
2076.77706 16.287 0.014
2076.79006 16.280 0.011
2076.79295 16.299 0.013
2076.80142 16.328 0.012
2076.80430 16.340 0.014
2076.81414 16.352 0.014
2076.81705 16.360 0.017
2076.82663 16.333 0.012
2076.82955 16.353 0.014
2076.83536 16.342 0.011
2076.83824 16.336 0.014
2076.84411 16.347 0.012
2076.84700 16.374 0.016
2076.85283 16.341 0.012
2076.85575 16.345 0.015
2076.86160 16.347 0.012
2076.86447 16.365 0.014
2076.87031 16.394 0.014
2076.87323 16.379 0.015
2076.87962 16.403 0.013
2076.88252 16.412 0.017
2076.88836 16.426 0.014
2076.89126 16.440 0.016
2077.58633 15.737 0.008
2077.58922 15.750 0.011
2077.60692 15.788 0.008
2077.60982 15.782 0.010
2077.61760 15.825 0.009
2077.62049 15.816 0.010
2077.62853 15.846 0.008
2077.63143 15.871 0.010
2077.63729 15.864 0.008
2077.64017 15.873 0.009
2077.65017 15.903 0.008
2077.65307 15.908 0.009
2077.65894 15.926 0.008
2077.66182 15.935 0.009
2077.66767 15.946 0.008
2077.67057 15.951 0.009
2077.67639 15.965 0.008
2077.67930 15.970 0.009
2077.68859 15.991 0.008
2077.69151 16.015 0.010
2077.69738 16.014 0.008
2077.70029 16.028 0.010
2077.70615 16.042 0.008
2077.70908 16.050 0.010
2077.71491 16.060 0.009
2077.71782 16.053 0.010
2077.72365 16.051 0.009
2077.72654 16.071 0.010
2077.73240 16.068 0.009
2077.73531 16.099 0.011
2077.74219 16.119 0.011
2077.74510 16.116 0.011
2077.75096 16.118 0.010
2077.75387 16.117 0.011
2077.75976 16.120 0.009
2077.76266 16.122 0.011
2077.76851 16.140 0.009
2077.77141 16.144 0.011
2077.77725 16.153 0.010
2077.78014 16.148 0.011
2077.78938 16.159 0.009
2077.79228 16.139 0.011
2077.79809 16.164 0.010
2077.80099 16.179 0.011
2077.80684 16.185 0.009
2077.80975 16.182 0.011
2077.81563 16.171 0.009
2077.81850 16.202 0.011
2077.82438 16.217 0.010
2077.82727 16.204 0.011
2077.83314 16.203 0.011
2077.83604 16.206 0.013
2077.84225 16.210 0.010
2077.84513 16.247 0.013
2077.85098 16.238 0.012
2077.85388 16.229 0.014
2077.85974 16.237 0.012
2077.86264 16.253 0.014
2077.86848 16.255 0.011
2077.87136 16.281 0.014
2077.87716 16.291 0.011
2077.88007 16.267 0.013
2077.88592 16.284 0.012
2077.88880 16.299 0.014
2077.89489 16.331 0.012
2077.89782 16.324 0.015
2077.90367 16.338 0.014
2077.90658 16.321 0.016
2078.59219 16.421 0.013
2078.59509 16.387 0.014
2078.60094 16.342 0.012
2078.60384 16.283 0.014
2078.60971 16.184 0.011
2078.61259 16.126 0.012
2078.61844 16.035 0.010
2078.62139 15.986 0.011
2078.62721 15.875 0.009
2078.63011 15.801 0.009
2078.63599 15.701 0.007
2078.63891 15.685 0.009
2078.65637 15.669 0.007
2078.65927 15.671 0.008
2078.66510 15.676 0.007
2078.66802 15.678 0.008
2078.67388 15.687 0.007
2078.67676 15.706 0.008
2078.68263 15.728 0.007
2078.68554 15.722 0.008
2078.69140 15.746 0.007
2078.69429 15.742 0.009
2078.70013 15.776 0.008
2078.70303 15.779 0.009
2078.70979 15.800 0.008
2078.71269 15.817 0.009
2078.71872 15.839 0.008
2078.72163 15.840 0.009
2078.72744 15.844 0.007
2078.73035 15.863 0.009
2078.73619 15.872 0.008
2078.73908 15.881 0.009
2078.74492 15.903 0.008
2078.74782 15.918 0.010
2078.75368 15.924 0.008
2078.75655 15.931 0.010
2078.76672 15.961 0.009
2078.77392 15.957 0.010
2078.78557 16.007 0.009
2078.78848 16.010 0.010
2078.79435 16.012 0.009
2078.79727 16.030 0.011
2078.80310 16.033 0.009
2078.80601 16.048 0.010
2078.81185 16.045 0.009
2078.81477 16.069 0.011
2078.83791 16.091 0.010
2078.84082 16.102 0.012
2078.84667 16.112 0.011
2078.84959 16.114 0.012
2078.86497 16.151 0.011
2078.86785 16.140 0.012
2078.87365 16.159 0.012
2078.87656 16.155 0.014
2078.88240 16.180 0.012
2078.88532 16.170 0.014
2079.62222 16.426 0.014
2079.62512 16.420 0.016
2079.63097 16.426 0.015
2079.63390 16.422 0.016
2079.63977 16.426 0.013
2079.64265 16.456 0.016
2079.64852 16.441 0.012
2079.65141 16.473 0.014
2079.65727 16.467 0.012
2079.66016 16.481 0.014
2079.66603 16.479 0.012
2079.66894 16.488 0.014
2079.67583 16.453 0.011
2079.67873 16.480 0.013
2079.68456 16.419 0.011
2079.68748 16.459 0.014
2079.69331 16.400 0.012
2079.69620 16.382 0.014
2079.70202 16.300 0.011
2079.70492 16.248 0.012
2079.71077 16.133 0.010
2079.71368 16.091 0.012
2079.72241 15.944 0.010
2079.73364 15.715 0.007
2079.73656 15.685 0.008
2079.74242 15.672 0.007
2079.74531 15.660 0.009
2079.75116 15.660 0.007
2079.75405 15.668 0.009
2079.75986 15.675 0.007
2079.76278 15.678 0.009
2079.76862 15.690 0.007
2079.77152 15.706 0.009
2079.78392 15.736 0.008
2079.78683 15.749 0.009
2079.79604 15.777 0.008
2079.79892 15.781 0.009
2079.80478 15.792 0.008
2079.80769 15.810 0.010
2079.81356 15.833 0.009
2079.81764 15.849 0.011
2080.55559 16.177 0.009
2080.55851 16.184 0.011
2080.57005 16.184 0.009
2080.57293 16.195 0.011
2080.57875 16.195 0.009
2080.58163 16.205 0.011
2080.58749 16.204 0.009
2080.59038 16.223 0.010
2080.59620 16.216 0.009
2080.59911 16.220 0.011
2080.60494 16.220 0.009
2080.60783 16.232 0.011
2080.61368 16.233 0.010
2080.61658 16.251 0.011
2080.62838 16.263 0.010
2080.63130 16.289 0.012
2080.63716 16.297 0.010
2080.64006 16.303 0.012
2080.64591 16.315 0.010
2080.64882 16.314 0.012
2080.65470 16.330 0.010
2080.65760 16.292 0.012
2080.66342 16.319 0.010
2080.66635 16.307 0.012
2080.67809 16.314 0.010
2080.68099 16.275 0.011
2080.69972 16.310 0.011
2080.70263 16.324 0.012
2080.70845 16.340 0.011
2080.71138 16.343 0.012
2080.71720 16.370 0.011
2080.72347 16.374 0.012
2080.75097 16.436 0.011
2080.75389 16.473 0.013
2080.76345 16.478 0.011
2080.76635 16.508 0.013
2080.77774 16.462 0.011
2080.78065 16.454 0.013
2080.80314 16.253 0.010
2080.80604 16.195 0.012
2080.81348 16.042 0.009
2080.81641 16.007 0.011
2080.82227 15.898 0.009
2080.82518 15.826 0.010
2080.83388 15.688 0.009
2080.84260 15.659 0.009
2080.85136 15.676 0.010
2080.86016 15.691 0.011
2081.56920 16.057 0.009
2081.57211 16.083 0.011
2081.57910 16.084 0.009
2081.58199 16.097 0.010
2081.58783 16.085 0.009
2081.59073 16.098 0.011
2081.59848 16.109 0.009
2081.60137 16.124 0.011
2081.61801 16.155 0.010
2081.66077 16.171 0.010
2081.66368 16.205 0.012
2081.70219 16.243 0.010
2081.70519 16.257 0.012
2081.71103 16.243 0.010
2081.71393 16.272 0.012
2081.71987 16.238 0.010
2081.72273 16.292 0.012
2081.72859 16.282 0.010
2081.73147 16.302 0.013
2081.73731 16.310 0.011
2081.74022 16.340 0.013
2081.74607 16.329 0.011
2081.74896 16.329 0.013
2081.75688 16.338 0.011
2081.75979 16.350 0.013
2081.76567 16.344 0.011
2081.76856 16.360 0.013
2081.77442 16.326 0.011
2081.77734 16.339 0.013
2081.78318 16.329 0.011
2081.78606 16.342 0.013
2081.80125 16.347 0.011
2081.80415 16.351 0.013
2081.80999 16.360 0.010
2081.81290 16.362 0.013
2081.81875 16.381 0.011
2081.82167 16.412 0.013
2081.83367 16.458 0.014
2081.84242 16.448 0.014
2081.87125 16.506 0.013
2081.88250 16.429 0.015
2082.64280 16.014 0.009
2082.64570 16.045 0.011
2082.68513 16.101 0.009
2082.68803 16.100 0.011
2082.69589 16.118 0.009
2082.69879 16.140 0.011
2082.70523 16.127 0.009
2082.70815 16.166 0.012
2082.71402 16.155 0.010
2082.71691 16.180 0.012
2082.72649 16.170 0.010
2082.72941 16.180 0.012
2082.73821 16.173 0.010
2082.74114 16.190 0.012
2082.74694 16.189 0.010
2082.74984 16.199 0.012
2082.75565 16.201 0.010
2082.75855 16.199 0.011
2082.76677 16.203 0.010
2082.77081 16.210 0.011
2082.78348 16.204 0.010
2082.78639 16.231 0.011
2082.79222 16.205 0.010
2082.79513 16.241 0.011
2082.80097 16.229 0.010
2082.80387 16.252 0.012
2082.80971 16.243 0.010
2082.81264 16.261 0.012
2082.81847 16.246 0.010
2082.82138 16.276 0.012
2082.82723 16.274 0.010
2082.83014 16.296 0.012
2082.83972 16.315 0.011
2082.84264 16.330 0.013
2082.84849 16.332 0.011
2082.85142 16.325 0.013
2082.85727 16.341 0.011
2082.86020 16.333 0.013
2082.86602 16.357 0.012
2082.86894 16.354 0.014
2082.87770 16.326 0.014
2082.88648 16.330 0.014
2082.89913 16.365 0.015
2085.63080 16.343 0.013
2085.63364 16.357 0.016
2085.63939 16.345 0.013
2085.64221 16.351 0.015
2085.64798 16.365 0.013
2085.65085 16.377 0.015
2085.65662 16.379 0.013
2085.65948 16.416 0.016
2085.66521 16.405 0.013
2085.66805 16.389 0.014
2085.67382 16.419 0.012
2085.67669 16.441 0.015
2085.68505 16.449 0.014
2085.68791 16.442 0.016
2085.69361 16.461 0.014
2085.69647 16.477 0.017
2085.70221 16.489 0.015
2085.70507 16.524 0.018
2085.71082 16.458 0.014
2085.71370 16.513 0.018
2085.71953 16.492 0.015
2085.72238 16.478 0.019
2085.72816 16.417 0.014
2085.73794 16.360 0.012
2085.74080 16.349 0.017
2085.74656 16.225 0.012
2085.74941 16.177 0.015
2085.75876 16.005 0.010
2085.76163 15.946 0.011
2085.77536 15.688 0.008
2085.77828 15.680 0.010
2085.78478 15.674 0.009
2085.78762 15.666 0.010
2085.79494 15.655 0.008
2085.79781 15.676 0.010
2085.80353 15.682 0.008
2085.81009 15.719 0.010
2085.82598 15.742 0.008
2085.82883 15.744 0.011
2085.83456 15.751 0.008
2085.83740 15.759 0.011
2085.84315 15.779 0.009
2085.84600 15.813 0.012
2085.85175 15.810 0.010
2085.85460 15.820 0.012
2085.86037 15.839 0.010
2085.86324 15.821 0.012
2086.55481 16.139 0.010
2086.55766 16.147 0.012
2086.56343 16.139 0.009
2086.56630 16.137 0.011
2086.57202 16.144 0.009
2086.57488 16.163 0.011
2086.59175 16.145 0.009
2086.59464 16.161 0.011
2086.60037 16.184 0.009
2086.60323 16.148 0.011
2086.60899 16.164 0.009
2086.61185 16.189 0.011
2086.62829 16.185 0.009
2086.63116 16.204 0.011
2086.63691 16.196 0.009
2086.63976 16.206 0.011
2086.64548 16.212 0.009
2086.64837 16.220 0.011
2086.65410 16.238 0.010
2086.65696 16.226 0.012
2086.66270 16.242 0.010
2086.66557 16.261 0.012
2086.67132 16.276 0.010
2086.67418 16.283 0.011
2086.68306 16.294 0.009
2086.68590 16.291 0.011
2086.69161 16.338 0.010
2086.69445 16.319 0.012
2086.70018 16.343 0.010
2086.70303 16.342 0.012
2086.70878 16.316 0.010
2086.71162 16.349 0.013
2086.71745 16.348 0.012
2086.72087 16.337 0.013
2086.73088 16.350 0.012
2086.73376 16.371 0.014
2086.73953 16.349 0.011
2086.74241 16.368 0.013
2086.74814 16.359 0.011
2086.75100 16.367 0.013
2086.75675 16.369 0.011
2086.75961 16.409 0.013
2086.76535 16.392 0.012
2086.76820 16.422 0.014
2086.77865 16.429 0.012
2086.78153 16.441 0.014
2086.78727 16.435 0.012
2086.79014 16.466 0.014
2086.79592 16.467 0.012
2086.79877 16.478 0.015
2086.80830 16.467 0.013
2086.81687 16.474 0.013
2086.81973 16.484 0.015
2086.82549 16.427 0.012
2086.82833 16.450 0.015
2086.83795 16.329 0.012
2086.84080 16.300 0.016
2086.84658 16.186 0.011
2086.84944 16.127 0.014
2086.85519 16.032 0.011
2086.85806 15.987 0.012
2086.86379 15.890 0.010
2086.86662 15.845 0.014
2087.56046 15.953 0.007
2087.56335 15.982 0.009
2087.60209 16.049 0.008
2087.60498 16.078 0.009
2087.61082 16.059 0.008
2087.61372 16.081 0.009
2087.61954 16.076 0.008
2087.62247 16.072 0.009
2087.62827 16.094 0.008
2087.63118 16.101 0.010
2087.63703 16.122 0.008
2087.63993 16.127 0.010
2087.64578 16.116 0.008
2087.64868 16.124 0.009
2087.65476 16.133 0.008
2087.65768 16.152 0.011
2087.66352 16.137 0.008
2087.66644 16.166 0.011
2087.67559 16.165 0.009
2087.67850 16.167 0.011
2087.68432 16.159 0.009
2087.68725 16.190 0.011
2087.69371 16.187 0.009
2087.69661 16.190 0.011
2087.71116 16.192 0.009
2087.71407 16.224 0.011
2087.71993 16.192 0.009
2087.72284 16.200 0.010
2087.72870 16.212 0.009
2087.73163 16.222 0.010
2087.73750 16.218 0.009
2087.74044 16.227 0.010
2087.74628 16.223 0.009
2087.74918 16.248 0.011
2087.75502 16.256 0.008
2087.75792 16.240 0.010
2087.76551 16.277 0.008
2087.76842 16.284 0.010
2087.77426 16.294 0.008
2087.77714 16.284 0.010
2087.78301 16.315 0.008
2087.78592 16.312 0.010
2087.79175 16.349 0.009
2087.79468 16.341 0.011
2087.80049 16.358 0.009
2087.80339 16.321 0.010
2087.80924 16.358 0.009
2087.81215 16.349 0.011
2087.81847 16.326 0.009
2087.82140 16.310 0.011
2087.82720 16.348 0.010
2087.83013 16.332 0.012
2087.83596 16.342 0.011
2087.83889 16.333 0.013
2087.84764 16.374 0.012
2087.85636 16.439 0.013
2087.86511 16.379 0.013
2088.55786 15.701 0.008
2088.56079 15.718 0.009
2088.56977 15.729 0.008
2088.57267 15.733 0.009
2088.57851 15.757 0.008
2088.58143 15.717 0.009
2088.58730 15.778 0.008
2088.59022 15.766 0.009
2088.59609 15.794 0.008
2088.59900 15.781 0.009
2088.60499 15.827 0.008
2088.60792 15.819 0.009
2088.61378 15.852 0.008
2088.61669 15.849 0.009
2088.62254 15.863 0.008
2088.62547 15.847 0.009
2088.63134 15.889 0.008
2088.63425 15.877 0.010
2088.64161 15.913 0.008
2088.65041 15.938 0.008
2088.65334 15.937 0.010
2088.65917 15.955 0.008
2088.66210 15.943 0.010
2088.66797 15.978 0.008
2088.67088 15.988 0.010
2088.67912 16.009 0.009
2088.68203 16.002 0.010
2088.68842 16.034 0.008
2088.69132 16.021 0.010
2088.69713 16.053 0.009
2088.70004 15.999 0.011
2088.70588 16.073 0.009
2088.70878 16.052 0.010
2088.71463 16.078 0.009
2088.71755 16.065 0.012
2088.72469 16.099 0.010
2088.72761 16.081 0.011
2088.73859 16.115 0.009
2088.74150 16.148 0.011
2088.74735 16.132 0.009
2088.75025 16.144 0.011
2088.75608 16.136 0.010
2088.75897 16.159 0.012
2088.76481 16.154 0.011
2088.76772 16.186 0.013
2088.77668 16.177 0.010
2088.77960 16.164 0.012
2088.78548 16.179 0.010
2088.78839 16.185 0.012
2088.79423 16.187 0.011
2088.79714 16.196 0.013
2088.80301 16.207 0.012
2088.80593 16.206 0.014
2088.81180 16.194 0.011
2088.81469 16.205 0.013
2088.82055 16.217 0.012
2088.82345 16.228 0.015
2088.82971 16.210 0.010
2088.83262 16.235 0.013
2088.83843 16.231 0.012
2088.84138 16.239 0.014
2088.84722 16.263 0.013
2088.85014 16.257 0.015
2089.61034 15.801 0.008
2089.61326 15.758 0.009
2089.61908 15.678 0.007
2089.62197 15.674 0.009
2089.62781 15.654 0.007
2089.63072 15.662 0.008
2089.63654 15.650 0.007
2089.63945 15.645 0.008
2089.64530 15.667 0.007
2089.64821 15.674 0.008
2089.65445 15.687 0.007
2089.65733 15.698 0.008
2090.64245 16.472 0.014
2090.64537 16.449 0.016
2090.65125 16.461 0.012
2090.65507 16.474 0.016
2090.66119 16.452 0.011
2090.66412 16.473 0.014
2090.66997 16.450 0.012
2090.67287 16.393 0.014
2090.67890 16.354 0.012
2090.68179 16.315 0.015
2090.70715 15.865 0.009
2090.71006 15.810 0.010
2090.71589 15.712 0.008
2090.71878 15.712 0.010
2090.72461 15.658 0.008
2090.72752 15.660 0.010
2090.73332 15.672 0.008
2090.73621 15.671 0.009
2090.74206 15.682 0.008
2090.74496 15.685 0.009
2090.75084 15.719 0.009
2090.75379 15.711 0.010
2090.76041 15.721 0.007
2090.76333 15.737 0.009
2090.76914 15.744 0.008
2090.77202 15.759 0.009
2090.77788 15.769 0.008
2090.78077 15.767 0.009
2090.78664 15.789 0.008
2090.78956 15.799 0.009
2090.79543 15.815 0.007
2090.79838 15.827 0.009
2090.80420 15.834 0.008
2090.80713 15.872 0.010
2090.81627 15.874 0.009
2090.81917 15.894 0.011
2090.82501 15.905 0.011
2090.83313 15.934 0.011
2090.83936 15.941 0.010
2090.84812 15.951 0.013
2091.58676 16.220 0.010
2091.58968 16.236 0.012
2091.59555 16.246 0.010
2091.59844 16.261 0.012
2091.60431 16.245 0.010
2091.60723 16.274 0.012
2091.61502 16.271 0.010
2091.61796 16.283 0.012
2091.63115 16.306 0.010
2091.63406 16.314 0.012
2091.65270 16.312 0.010
2091.66227 16.312 0.010
2091.67098 16.310 0.010
2091.68033 16.328 0.011
2091.68916 16.346 0.010
2091.69790 16.383 0.011
2091.70080 16.377 0.013
2091.70666 16.393 0.011
2091.70958 16.401 0.013
2091.71565 16.432 0.011
2091.71855 16.411 0.013
2091.72437 16.430 0.011
2091.72726 16.469 0.013
2091.73309 16.468 0.011
2091.73602 16.474 0.013
2091.74185 16.464 0.011
2091.74476 16.473 0.013
2091.75063 16.459 0.011
2091.75352 16.494 0.013
2091.76173 16.442 0.011
2091.76716 16.437 0.014
2091.77465 16.347 0.010
2091.77757 16.358 0.013
2091.78342 16.241 0.010
2091.78632 16.194 0.011
2091.79215 16.060 0.008
2091.79508 16.018 0.010
2091.80094 15.936 0.008
2091.80385 15.881 0.009
2091.80969 15.764 0.007
2091.81261 15.711 0.008
2091.81846 15.665 0.007
2091.82140 15.665 0.008
2091.82741 15.656 0.007
2091.83060 15.659 0.008
2091.83661 15.670 0.007
2091.83954 15.666 0.008
2091.84537 15.700 0.007
2091.84827 15.701 0.009
2091.85414 15.716 0.007
2091.85704 15.718 0.009
2091.86577 15.738 0.009
2091.87452 15.763 0.009
2092.64416 16.184 0.009
2092.64709 16.189 0.011
2092.65296 16.214 0.010
2092.65589 16.206 0.011
2092.66173 16.195 0.010
2092.66464 16.217 0.012
2092.67328 16.196 0.010
2092.67621 16.224 0.012
2092.68206 16.220 0.010
2092.68496 16.241 0.012
2092.69081 16.230 0.010
2092.69375 16.256 0.012
2092.69959 16.243 0.010
2092.70837 16.260 0.010
2092.71128 16.286 0.012
2092.71714 16.260 0.010
2092.72006 16.303 0.013
2092.73240 16.306 0.010
2092.73531 16.310 0.012
2092.74117 16.327 0.011
2092.74537 16.323 0.013
2092.75175 16.324 0.011
2092.75466 16.321 0.013
2092.76047 16.317 0.011
2092.76338 16.335 0.013
2092.76922 16.321 0.012
2092.77212 16.350 0.014
2092.77798 16.333 0.012
2092.78090 16.354 0.014
2092.78672 16.370 0.013
2092.78964 16.380 0.015
2092.79724 16.353 0.012
2092.80015 16.423 0.015
2092.80598 16.427 0.014
2092.80889 16.445 0.015
2092.81470 16.423 0.013
2092.81760 16.457 0.016
2092.82988 16.480 0.016
2092.83280 16.509 0.022
2101.55169 16.313 0.011
2101.55462 16.333 0.014
2101.56043 16.318 0.011
2101.56335 16.335 0.013
2101.56917 16.338 0.011
2101.57210 16.351 0.013
2101.57793 16.348 0.011
2101.58083 16.386 0.014
2101.58661 16.369 0.011
2101.58955 16.395 0.015
2101.59540 16.369 0.012
2101.59833 16.425 0.015
2101.60995 16.441 0.012
2101.61287 16.458 0.018
2101.61873 16.461 0.012
2101.62167 16.450 0.013
2101.62751 16.445 0.011
2101.63043 16.471 0.013
2101.63626 16.447 0.011
2101.63919 16.456 0.014
2101.64495 16.452 0.012
2101.64790 16.447 0.013
2101.65437 16.414 0.011
2101.65731 16.393 0.013
2101.66334 16.313 0.011
2101.66628 16.267 0.012
2101.67209 16.162 0.010
2101.67500 16.106 0.011
2101.68084 16.031 0.009
2101.68376 15.990 0.011
2101.68958 15.886 0.009
2101.69250 15.826 0.010
2101.69833 15.733 0.008
2101.70125 15.700 0.009
2101.70706 15.675 0.008
2101.70997 15.664 0.009
2101.72721 15.683 0.009
2101.73964 15.727 0.008
2101.74256 15.727 0.009
2101.75822 15.781 0.009
2101.76112 15.786 0.010
2101.76695 15.796 0.008
2101.76989 15.789 0.009
2101.77573 15.832 0.008
2101.78446 15.861 0.008
2102.53609 16.180 0.009
2102.53903 16.188 0.011
2102.54486 16.185 0.009
2102.54911 16.199 0.011
2102.55544 16.194 0.009
2102.55836 16.208 0.012
2102.56419 16.197 0.010
2102.56712 16.229 0.012
2102.57994 16.248 0.010
2102.58288 16.260 0.012
2102.58872 16.249 0.010
2102.59164 16.262 0.012
2102.59745 16.286 0.010
2102.60038 16.284 0.012
2102.60623 16.297 0.010
2102.60914 16.302 0.012
2102.61496 16.281 0.010
2102.61791 16.324 0.013
2102.62375 16.315 0.010
2102.62664 16.317 0.012
2102.63307 16.311 0.010
2102.63600 16.321 0.012
2102.64183 16.296 0.010
2102.64476 16.309 0.012
2102.65119 16.296 0.008
2102.65411 16.299 0.009
2103.50001 15.981 0.008
2103.50294 16.011 0.011
2103.50874 16.010 0.009
2103.51165 16.016 0.010
2103.51923 16.026 0.009
2103.52213 16.030 0.010
2103.52796 16.032 0.008
2103.53091 16.038 0.010
2103.53673 16.054 0.009
2103.53962 16.057 0.010
2103.54544 16.063 0.007
2103.54837 16.082 0.010
2103.55418 16.103 0.008
2103.55709 16.088 0.010
2103.56289 16.092 0.008
2103.56579 16.123 0.010
2103.57481 16.112 0.008
2103.57773 16.119 0.010
2103.58359 16.129 0.008
2103.58651 16.135 0.010
2103.59235 16.133 0.008
2103.59528 16.161 0.010
2103.60111 16.162 0.008
2103.60403 16.165 0.009
2103.61052 16.151 0.007
2103.61346 16.165 0.009
2103.61929 16.165 0.008
2103.62222 16.170 0.010
2103.62804 16.178 0.008
2103.63096 16.196 0.009
2103.63674 16.190 0.008
2103.63966 16.199 0.010
2103.64607 16.186 0.008
2103.64899 16.216 0.009
2103.65481 16.218 0.009
2103.65773 16.212 0.010
2103.66471 16.211 0.009
2103.66766 16.224 0.010
2103.67354 16.222 0.009
2103.67644 16.246 0.010
2103.68224 16.238 0.009
2103.71673 16.305 0.012
2103.72327 16.331 0.011
2103.72621 16.329 0.012
2103.73207 16.292 0.011
2103.73497 16.310 0.012
2103.74082 16.318 0.011
2103.74375 16.326 0.015
2103.74956 16.327 0.012
2103.75251 16.320 0.013
2103.75834 16.335 0.011
2103.76126 16.336 0.012
2103.76706 16.332 0.011
2103.76997 16.324 0.012
2103.77580 16.354 0.010
2103.77871 16.394 0.014
2103.78454 16.357 0.010
2103.78748 16.394 0.012
2103.79328 16.398 0.010
2103.79617 16.395 0.012
2105.50627 16.329 0.011
2105.50920 16.303 0.014
2105.51998 16.100 0.010
2105.52288 16.070 0.012
2105.52902 15.961 0.009
2105.53194 15.926 0.010
2105.53777 15.807 0.008
2105.54069 15.737 0.009
2105.54651 15.685 0.007
2105.54941 15.665 0.009
2105.55524 15.657 0.007
2105.55817 15.655 0.009
2105.56644 15.675 0.007
2105.56937 15.681 0.008
2105.57518 15.685 0.007
2105.57812 15.690 0.008
2105.58396 15.715 0.007
2105.58686 15.725 0.008
2105.59270 15.733 0.007
2105.59562 15.733 0.008
2105.60219 15.759 0.007
2105.61152 15.786 0.007
2105.61445 15.795 0.008
2105.62059 15.815 0.007
2105.62354 15.834 0.008
2105.63243 15.851 0.007
2105.63644 15.848 0.008
2105.64325 15.883 0.007
2105.64617 15.882 0.008
2105.65200 15.907 0.007
2105.65546 15.901 0.007
2105.65843 15.915 0.008
2105.66455 15.940 0.008
2105.66747 15.937 0.009
2105.67330 15.951 0.008
2105.67623 15.970 0.009
2105.68205 15.989 0.008
2105.68496 15.981 0.009
2105.69079 16.010 0.008
2105.69372 15.996 0.009
2105.69956 16.016 0.008
2105.70248 16.015 0.009
2105.70830 16.020 0.008
2105.71445 16.044 0.008
2105.71850 16.043 0.009
2105.72470 16.051 0.008
2105.72762 16.054 0.010
2105.73342 16.082 0.009
2105.73634 16.068 0.010
2105.74216 16.084 0.009
2105.74509 16.090 0.010
2105.75092 16.095 0.009
2105.75385 16.106 0.010
2105.75966 16.125 0.009
2105.76259 16.126 0.011
2105.76845 16.145 0.009
2105.77135 16.136 0.011
2105.77758 16.137 0.010
2105.78050 16.166 0.013
2105.78631 16.166 0.010
2105.78924 16.165 0.012
2105.79509 16.172 0.011
2105.79804 16.184 0.013
2105.80686 16.162 0.013
2106.59545 16.422 0.011
2106.59840 16.399 0.014
2106.60510 16.343 0.010
2106.60803 16.313 0.013
2106.61431 16.188 0.010
2106.61725 16.142 0.011
2106.62309 16.038 0.009
2106.62601 15.999 0.011
2106.63185 15.899 0.008
2106.63479 15.843 0.010
2106.64136 15.741 0.007
2106.64427 15.700 0.009
2106.65011 15.677 0.007
2106.65303 15.676 0.009
2106.65890 15.666 0.008
2106.66180 15.679 0.009
2106.66795 15.677 0.007
2106.67090 15.687 0.009
2106.67673 15.695 0.007
2106.67965 15.706 0.009
2106.68548 15.720 0.007
2106.68839 15.730 0.009
2106.69416 15.749 0.008
2106.69708 15.773 0.010
2106.70292 15.769 0.007
2106.70587 15.776 0.009
2106.71833 15.810 0.008
2106.72125 15.832 0.009
2106.72710 15.842 0.008
2106.73000 15.862 0.009
2106.73584 15.876 0.009
2106.73877 15.882 0.010
2106.74459 15.886 0.009
2106.74750 15.914 0.010
2106.75329 15.931 0.009
2106.75623 15.931 0.011
2106.76205 15.942 0.009
2111.51213 16.444 0.012
2111.51506 16.484 0.016
2111.52090 16.450 0.013
2111.52380 16.488 0.017
2111.52964 16.445 0.013
2111.53260 16.475 0.018
2111.53837 16.424 0.013
2111.54131 16.450 0.018
2111.54716 16.355 0.012
2111.55012 16.368 0.017
2111.55592 16.231 0.011
2111.55887 16.179 0.012
2111.56516 16.055 0.010
2111.56812 16.025 0.012
2111.57389 15.916 0.009
2111.57685 15.846 0.010
2111.58270 15.737 0.008
2111.58561 15.694 0.009
2111.59143 15.671 0.008
2111.59440 15.674 0.010
2111.60019 15.662 0.008
2111.60313 15.664 0.009
2111.60890 15.663 0.007
2111.61182 15.678 0.009
2111.61805 15.677 0.009
2111.62095 15.701 0.010
2111.62740 15.722 0.009
2111.63036 15.763 0.011
2111.63618 15.759 0.010
2111.64495 15.787 0.009
2111.64787 15.797 0.011
2111.65372 15.803 0.008
2111.65662 15.813 0.011
2111.66244 15.813 0.008
2111.66534 15.834 0.010
2111.67165 15.863 0.009
2111.67456 15.838 0.010
2111.68039 15.873 0.009
2111.68333 15.876 0.010
2111.68915 15.920 0.010
2111.69207 15.916 0.013
2111.70081 15.934 0.012
2111.70956 15.932 0.011
2111.71831 15.972 0.012
2111.72761 16.008 0.012
2111.73635 16.014 0.013
2111.74512 16.036 0.012
2111.75384 16.039 0.010
2112.50470 16.334 0.011
2112.50763 16.334 0.014
2112.51432 16.326 0.011
2112.51726 16.326 0.013
2112.52732 16.306 0.011
2112.53026 16.323 0.015
2112.53610 16.316 0.011
2112.53904 16.323 0.013
2112.55565 16.348 0.011
2112.55858 16.380 0.014
2112.56437 16.353 0.011
2112.56730 16.360 0.014
2112.57867 16.382 0.011
2112.58162 16.412 0.015
2112.58742 16.403 0.010
2112.59036 16.416 0.013
2112.60076 16.448 0.010
2112.60371 16.422 0.013
2112.60949 16.459 0.010
2112.61243 16.474 0.012
2112.61827 16.461 0.010
2112.62120 16.472 0.013
2112.62699 16.449 0.011
2112.62993 16.449 0.013
2112.63574 16.427 0.011
2112.63867 16.428 0.013
2112.64457 16.371 0.010
2112.64747 16.351 0.011
2112.66642 16.005 0.007
2112.66934 15.969 0.009
2112.67518 15.829 0.007
2112.67811 15.778 0.008
2112.68392 15.700 0.006
2112.68685 15.670 0.008
2112.69269 15.655 0.007
2112.69562 15.654 0.008
2112.70281 15.667 0.007
2112.70572 15.655 0.008
2112.71181 15.681 0.007
2112.71476 15.684 0.008
2112.72057 15.700 0.007
2112.72933 15.723 0.007
2112.73227 15.736 0.008
2112.73812 15.759 0.007
2112.74104 15.752 0.008
2112.74686 15.774 0.007
2112.74981 15.781 0.008
2112.75627 15.791 0.007
2112.75922 15.820 0.008
2113.51586 16.216 0.012
2113.51878 16.204 0.016
2113.52462 16.174 0.012
2113.52757 16.188 0.015
2113.53337 16.209 0.012
2113.53628 16.242 0.015
2113.54266 16.220 0.012
2113.54561 16.232 0.015
2113.55143 16.226 0.012
2113.55437 16.252 0.014
2113.56017 16.234 0.011
2113.56309 16.240 0.015
2113.56887 16.263 0.011
2113.57179 16.222 0.014
2113.57759 16.279 0.011
2113.58053 16.284 0.013
2113.58635 16.285 0.010
2113.58928 16.307 0.013
2113.59562 16.314 0.012
2113.59856 16.327 0.014
2113.60437 16.368 0.015
2113.60730 16.339 0.016
2113.61311 16.332 0.012
2113.61606 16.332 0.014
2113.62217 16.336 0.013
2113.62510 16.343 0.015
2113.63092 16.342 0.012
2113.63385 16.341 0.016
2113.63966 16.340 0.013
2113.64260 16.369 0.016
2113.64918 16.351 0.012
2113.65213 16.373 0.016
2113.65796 16.342 0.012
2113.66089 16.430 0.018
2113.71536 16.470 0.013
2113.71830 16.477 0.016
2113.72413 16.492 0.014
2113.72705 16.497 0.017
2113.73287 16.476 0.014
2113.73579 16.439 0.017
2113.74161 16.386 0.013
2113.74455 16.413 0.019
2113.75035 16.306 0.011
2113.75330 16.230 0.014
2113.76205 16.059 0.012
2113.77125 15.874 0.011
2113.77999 15.727 0.010
2114.69378 16.314 0.012
2114.69672 16.317 0.014
2114.70253 16.364 0.013
2114.70546 16.371 0.016
2114.71130 16.331 0.013
2114.71425 16.344 0.015
2114.72011 16.341 0.013
2114.72440 16.350 0.015
2114.73080 16.298 0.012
2114.73371 16.341 0.015
2114.74057 16.317 0.012
2114.74349 16.344 0.015
2114.74929 16.374 0.013
2114.75407 16.382 0.018
2114.76028 16.384 0.014
2114.76321 16.377 0.015
2114.76905 16.415 0.013
2114.77201 16.414 0.015
2114.77785 16.462 0.012
2114.78078 16.438 0.014
2114.80089 16.500 0.018
2115.55328 15.934 0.009
2115.55621 15.947 0.012
2115.56202 15.953 0.009
2115.56571 15.974 0.012
2115.57238 15.992 0.009
2115.57529 16.001 0.012
2115.58678 16.014 0.009
2115.58971 16.026 0.012
2115.59553 16.031 0.009
2115.59846 16.032 0.012
2115.60429 16.049 0.009
2115.60721 16.079 0.012
2115.61819 16.086 0.011
2115.62112 16.115 0.013
2115.62691 16.109 0.012
2115.62985 16.132 0.014
2115.63570 16.125 0.012
2115.63873 16.149 0.014
2115.64683 16.129 0.010
2115.64975 16.126 0.012
2115.65607 16.132 0.010
2115.65900 16.140 0.012
2115.66482 16.157 0.011
2115.66776 16.180 0.013
2115.67357 16.163 0.011
2115.67647 16.173 0.013
2115.68229 16.168 0.011
2115.68522 16.181 0.014
2115.69102 16.180 0.010
2115.69398 16.186 0.012
2115.70273 16.206 0.013
2115.73712 16.221 0.013
2115.74822 16.222 0.012
2116.50948 16.021 0.011
2116.51245 15.998 0.013
2116.51824 15.854 0.010
2116.56251 15.688 0.008
2116.56545 15.687 0.009
2116.57128 15.711 0.008
2116.57422 15.731 0.010
2116.58356 15.762 0.010
2116.58942 15.764 0.009
2116.59440 15.775 0.010
2116.60102 15.779 0.008
2116.60398 15.815 0.009
2116.61037 15.820 0.008
2116.61330 15.841 0.010
2116.61913 15.851 0.008
2116.62207 15.855 0.010
2116.62791 15.874 0.008
2116.63084 15.891 0.010
2116.63666 15.886 0.008
2116.63959 15.893 0.009
2116.65678 15.948 0.008
2116.65969 15.950 0.010
2116.66549 15.967 0.008
2116.66844 15.970 0.010
2116.67428 15.979 0.009
2116.67722 16.021 0.011
2116.68598 16.027 0.010
2116.69470 16.041 0.011
2116.70343 16.058 0.011
2116.71048 16.062 0.009
2116.71342 16.078 0.011
2116.71926 16.071 0.009
2116.72219 16.106 0.011
2116.72802 16.105 0.009
2116.73095 16.120 0.012
2116.73677 16.126 0.010
2116.73969 16.130 0.013
2116.74551 16.129 0.010
2116.74843 16.137 0.013
2116.75758 16.154 0.010
2116.76053 16.164 0.013
2116.76637 16.155 0.010
2116.76929 16.156 0.013
2117.49022 16.330 0.010
2117.49319 16.358 0.013
2117.49903 16.332 0.010
2117.50194 16.377 0.013
2117.50819 16.363 0.010
2117.51109 16.391 0.013
2117.51694 16.398 0.010
2117.51985 16.409 0.013
2117.52862 16.436 0.013
2117.55705 16.461 0.012
2117.55998 16.484 0.014
2117.56580 16.462 0.012
2117.56873 16.485 0.015
2117.57455 16.441 0.012
2117.57749 16.464 0.014
2117.58397 16.403 0.012
2117.58691 16.371 0.013
2117.59272 16.297 0.010
2117.59566 16.253 0.012
2117.60149 16.126 0.009
2117.60442 16.059 0.010
2117.61349 15.924 0.008
2117.61644 15.855 0.009
2117.62228 15.719 0.007
2117.62522 15.698 0.008
2117.63103 15.649 0.007
2117.63399 15.652 0.008
2117.63983 15.654 0.007
2117.64275 15.666 0.008
2117.64860 15.662 0.007
2117.65153 15.672 0.008
2117.65736 15.684 0.007
2117.66029 15.686 0.008
2117.66652 15.709 0.007
2117.66950 15.712 0.010
2117.67533 15.739 0.008
2117.67825 15.744 0.009
2117.68411 15.759 0.008
2117.68706 15.770 0.009
2117.69288 15.782 0.008
2117.69581 15.792 0.010
2117.70160 15.797 0.008
2117.70453 15.819 0.009
2117.71197 15.841 0.008
2117.71490 15.844 0.009
2117.72073 15.849 0.008
2117.72365 15.865 0.010
2117.72948 15.881 0.008
2117.73244 15.906 0.010
2117.73827 15.886 0.008
2117.74120 15.926 0.010
2117.74699 15.933 0.009
2117.74990 15.949 0.010
2117.75570 15.940 0.009
2117.75864 15.971 0.011
2118.49786 16.223 0.010
2118.50079 16.240 0.012
2118.50661 16.226 0.010
2118.50957 16.222 0.013
2118.51541 16.259 0.011
2118.51835 16.268 0.013
2118.52417 16.283 0.011
2118.52710 16.297 0.014
2118.64321 16.457 0.011
2118.65592 16.459 0.011
2118.65886 16.476 0.013
2118.66467 16.466 0.011
2118.66761 16.475 0.013
2118.67346 16.462 0.013
2118.67639 16.458 0.014
2118.68223 16.391 0.011
2118.68515 16.386 0.013
2118.69095 16.288 0.010
2118.69389 16.254 0.011
2118.70086 16.090 0.009
2118.70378 16.039 0.010
2118.70988 15.945 0.008
2118.71282 15.896 0.010
2118.71863 15.752 0.008
2118.72156 15.710 0.009
2118.72736 15.672 0.008
2118.73033 15.640 0.007
2118.73619 15.648 0.006
2118.73915 15.624 0.007
2125.64150 16.245 0.012
2125.64444 16.257 0.017
2128.57003 16.319 0.010
2128.57483 16.278 0.012
2131.56674 16.095 0.009
2131.56969 16.107 0.010
2134.66975 15.691 0.009
2134.67355 15.709 0.010
2138.54720 15.752 0.008
2138.55016 15.784 0.010
2143.52040 15.888 0.011
2155.64720 15.968 0.012
2155.65016 16.002 0.015
2156.48627 16.376 0.013
2156.48926 16.357 0.014
2158.49461 16.134 0.010
2158.49758 16.144 0.012
2158.53762 16.174 0.010
2158.54059 16.183 0.011
2162.50413 16.325 0.012
2162.50709 16.337 0.014
2168.53885 16.322 0.013
2168.54179 16.321 0.015
2173.49686 16.347 0.015
2173.49982 16.360 0.017
2180.49846 16.188 0.012
2184.50009 16.354 0.016
2184.50305 16.364 0.017
2194.55447 15.728 0.008
2194.55717 15.727 0.010
2321.87307 16.355 0.014
2321.87593 16.354 0.017
2324.87519 16.116 0.010
2324.87803 16.134 0.012
2341.83166 15.998 0.010
2341.83451 15.998 0.012
2350.84477 16.304 0.010
2350.84760 16.332 0.012
2358.88424 16.060 0.009
2358.88707 16.100 0.013
2370.81249 15.677 0.008
2370.81535 15.700 0.009
2381.80789 15.710 0.008
2381.81073 15.732 0.009
2384.79037 16.194 0.010
2384.79319 16.207 0.012
2388.85023 16.451 0.012
2388.85311 16.459 0.014
2391.69275 15.719 0.011
2391.69565 15.706 0.011
2399.77684 16.388 0.011
2399.78569 16.430 0.012
2399.93076 15.722 0.009
2399.93365 15.719 0.009
2399.93660 15.739 0.009
2399.93974 15.741 0.009
2400.69063 16.158 0.011
2400.69352 16.170 0.012
2402.80557 16.023 0.009
2402.80844 16.051 0.011
2404.84251 15.664 0.007
2404.84541 15.665 0.008
2414.86148 15.983 0.009
2414.86438 16.003 0.010
2415.72351 16.439 0.014
2415.72643 16.466 0.017
2416.74571 16.311 0.012
2416.74862 16.316 0.014
2417.72128 16.179 0.011
2417.72417 16.171 0.013
2424.76361 16.013 0.013
2424.76653 16.032 0.011
2426.67492 16.346 0.012
2426.67781 16.376 0.013
2431.80926 15.800 0.006
2431.81215 15.788 0.007
2433.73642 16.257 0.011
2433.73934 16.289 0.014
2434.80945 16.215 0.010
2434.81238 16.238 0.012
2436.58220 16.412 0.013
2436.58511 16.430 0.015
2437.57362 16.297 0.018
2437.57670 16.290 0.016
2437.57934 16.305 0.017
2437.58196 16.330 0.018
2437.58458 16.351 0.019
2437.58718 16.318 0.018
2437.59571 16.353 0.018
2437.59832 16.376 0.019
2437.60095 16.338 0.017
2437.60357 16.347 0.016
2437.60618 16.381 0.020
2437.60880 16.380 0.019
2437.61873 16.355 0.018
2437.62848 16.378 0.018
2437.63754 16.362 0.017
2437.64761 16.347 0.017
2437.65661 16.379 0.016
2437.66659 16.387 0.018
2437.69751 16.485 0.018
2437.70639 16.520 0.022
2437.71759 16.477 0.018
2437.72671 16.487 0.017
2437.73579 16.437 0.016
2437.74531 16.345 0.014
2437.75749 16.107 0.013
2437.76634 15.945 0.011
2437.77511 15.788 0.010
2437.78391 15.688 0.010
2437.79318 15.667 0.010
2437.80198 15.675 0.009
2437.81079 15.686 0.009
2437.81961 15.705 0.009
2437.83385 15.751 0.010
2437.84311 15.765 0.010
2437.85638 15.819 0.011
2437.86531 15.843 0.011
2437.87444 15.864 0.013
2437.89072 15.887 0.013
2437.90277 15.937 0.014
2437.92338 15.992 0.015
2438.61435 16.185 0.011
2438.61729 16.210 0.012
2439.61425 16.063 0.011
2439.64705 16.120 0.011
2439.65316 16.125 0.011
2439.67545 16.145 0.011
2439.71185 16.193 0.011
2439.72999 16.212 0.011
2439.74557 16.207 0.011
2439.76107 16.251 0.012
2439.77542 16.270 0.012
2439.79468 16.288 0.012
2439.80498 16.314 0.013
2439.82101 16.307 0.012
2439.83329 16.335 0.013
2439.84904 16.367 0.014
2439.86112 16.382 0.014
2439.87114 16.399 0.015
2439.88000 16.444 0.016
2439.88953 16.455 0.016
2439.89850 16.462 0.016
2439.90543 16.504 0.018
2439.91441 16.482 0.020
2439.92386 16.470 0.019
2440.59561 15.804 0.008
2440.59852 15.829 0.010
2440.64529 15.926 0.010
2440.67410 15.991 0.011
2440.69282 16.030 0.012
2440.71253 16.058 0.010
2440.72815 16.087 0.011
2440.74608 16.118 0.011
2440.75814 16.126 0.011
2440.77410 16.148 0.011
2440.82826 16.222 0.013
2440.84056 16.229 0.014
2440.84939 16.250 0.015
2440.88179 16.303 0.017
2440.89139 16.322 0.017
2440.89825 16.358 0.017
2440.91082 16.334 0.019
2442.61343 16.386 0.011
2442.61611 16.405 0.014
2444.57469 16.110 0.012
2444.58280 16.097 0.012
2444.59123 16.132 0.012
2444.60539 16.171 0.013
2444.61617 16.185 0.013
2444.62427 16.181 0.012
2444.63471 16.213 0.013
2444.64278 16.207 0.013
2444.65085 16.207 0.013
2444.65894 16.218 0.014
2444.66810 16.236 0.014
2444.67619 16.248 0.015
2444.68427 16.230 0.014
2444.69234 16.251 0.014
2444.70044 16.240 0.014
2444.70605 16.262 0.013
2444.70874 16.257 0.014
2444.71583 16.277 0.013
2444.72388 16.305 0.014
2444.73060 16.301 0.014
2444.73892 16.344 0.015
2444.74495 16.333 0.015
2444.75321 16.351 0.015
2444.76037 16.345 0.014
2444.76585 16.340 0.014
2444.77166 16.350 0.015
2444.78036 16.335 0.014
2444.79173 16.353 0.014
2444.79979 16.370 0.015
2444.80784 16.387 0.016
2444.81769 16.449 0.018
2444.82572 16.439 0.019
2444.83377 16.457 0.018
2444.85002 16.478 0.017
2444.86082 16.481 0.018
2444.87164 16.439 0.018
2444.88398 16.343 0.016
2444.89478 16.136 0.016
2446.64060 15.836 0.008
2446.64653 15.825 0.010
2448.52739 16.240 0.017
2448.53031 16.284 0.018
2453.73666 15.689 0.008
2453.73962 15.665 0.009
2454.52766 16.173 0.014
2454.55153 16.176 0.012
2454.56050 16.207 0.011
2454.56946 16.218 0.011
2454.58901 16.235 0.011
2454.59788 16.240 0.012
2454.60682 16.278 0.012
2454.61927 16.297 0.012
2454.63361 16.312 0.011
2454.64263 16.323 0.012
2454.65158 16.342 0.013
2454.66204 16.327 0.012
2454.67117 16.331 0.013
2454.68003 16.359 0.013
2454.68976 16.389 0.012
2454.69951 16.400 0.012
2454.70831 16.432 0.013
2454.71899 16.450 0.013
2454.72789 16.478 0.013
2454.73683 16.445 0.013
2454.74756 16.448 0.013
2454.75642 16.424 0.013
2454.76527 16.366 0.013
2454.77405 16.284 0.013
2454.78763 16.085 0.011
2458.73393 15.835 0.009
2458.73688 15.860 0.010
2462.72273 16.125 0.009
2462.72567 16.129 0.010
2463.81981 16.133 0.010
2463.82277 16.105 0.011
2465.46804 16.163 0.016
2465.47702 16.165 0.015
2465.48621 16.203 0.015
2465.49519 16.169 0.013
2465.50422 16.181 0.012
2465.51321 16.148 0.012
2465.52328 16.172 0.012
2465.54247 16.195 0.013
2465.78893 15.718 0.011
2465.79779 15.669 0.010
2465.80665 15.676 0.010
2465.81575 15.679 0.010
2465.82552 15.724 0.010
2465.83450 15.722 0.010
2465.84545 15.775 0.012
2466.46291 15.930 0.011
2466.47175 15.939 0.010
2466.48065 15.972 0.010
2466.48963 15.983 0.009
2466.50234 16.011 0.009
2466.51152 16.043 0.010
2466.52054 16.053 0.010
2466.52952 16.069 0.010
2466.53998 16.093 0.009
2466.54915 16.100 0.010
2466.55848 16.115 0.009
2466.56215 16.124 0.010
2466.56808 16.126 0.009
2466.57700 16.134 0.010
2466.58895 16.151 0.010
2466.59889 16.158 0.010
2466.60791 16.176 0.010
2466.61675 16.181 0.010
2466.62753 16.202 0.011
2466.63726 16.212 0.012
2466.64749 16.229 0.012
2466.65646 16.222 0.011
2466.66539 16.246 0.011
2466.67805 16.261 0.012
2466.68691 16.292 0.011
2466.69577 16.308 0.012
2466.70568 16.313 0.011
2466.71596 16.329 0.012
2466.72507 16.330 0.012
2466.73407 16.323 0.013
2466.74332 16.361 0.014
2466.74979 16.374 0.014
2466.75276 16.382 0.015
2466.75931 16.377 0.014
2466.76807 16.370 0.013
2466.77743 16.405 0.013
2466.79001 16.446 0.014
2466.79904 16.439 0.015
2466.80971 16.490 0.013
2466.81862 16.459 0.015
2466.82854 16.462 0.015
2466.83737 16.453 0.014
2466.84634 16.390 0.016
2468.45903 16.506 0.031
2468.46484 16.479 0.017
2468.46778 16.518 0.019
2468.47755 16.515 0.020
2468.48821 16.416 0.014
2468.49703 16.315 0.013
2468.50704 16.153 0.012
2468.51629 15.987 0.010
2468.62033 15.848 0.009
2468.62912 15.854 0.009
2468.63801 15.887 0.009
2468.64867 15.913 0.009
2468.65802 15.944 0.009
2468.66797 15.953 0.009
2468.67782 15.979 0.009
2468.68670 16.000 0.010
2468.69554 16.019 0.010
2468.70433 16.039 0.010
2468.71433 16.058 0.010
2468.72347 16.070 0.010
2468.73419 16.090 0.010
2468.74299 16.108 0.010
2468.75270 16.084 0.010
2468.76160 16.091 0.010
2468.77057 16.096 0.011
2468.77948 16.093 0.011
2468.78949 16.151 0.012
2468.79858 16.176 0.012
2468.80783 16.176 0.012
2468.81823 16.159 0.013
2468.82704 16.155 0.013
2468.83594 16.140 0.013
2470.46516 16.209 0.014
2470.46813 16.208 0.016
2472.67213 16.190 0.009
2472.68097 16.208 0.009
2472.69128 16.210 0.010
2472.70023 16.231 0.010
2472.70912 16.220 0.010
2472.71931 16.253 0.010
2472.73262 16.276 0.011
2472.74220 16.292 0.010
2472.75127 16.296 0.011
2472.76016 16.320 0.010
2472.76991 16.293 0.009
2474.46546 16.383 0.014
2474.46843 16.417 0.017
2482.62214 16.294 0.013
2482.62514 16.295 0.014
2485.63215 15.819 0.010
2485.63512 15.811 0.012
2489.70299 16.199 0.009
2492.64767 16.441 0.012
2494.70205 16.310 0.010
2497.50460 16.334 0.012
2497.50757 16.342 0.014
2499.54039 16.165 0.010
2501.56811 15.827 0.008
2503.49162 16.363 0.029
2503.49462 16.344 0.025
2511.54830 16.062 0.011
2511.55130 16.072 0.014
2521.51672 16.183 0.010
2521.52055 16.177 0.011
2526.54693 16.299 0.011
2537.47811 16.193 0.014
2537.48108 16.214 0.015
2540.49470 15.672 0.009
2540.49766 15.694 0.010
2546.50525 15.850 0.009
2546.50825 15.796 0.010
2550.48652 15.973 0.011
2550.48952 15.975 0.012
2554.55841 16.309 0.012
2558.49496 16.424 0.015
2558.49794 16.456 0.017
2565.48782 16.221 0.017
2693.89219 16.091 0.010
2693.89508 16.093 0.011
2698.89013 16.163 0.011
2698.89301 16.185 0.012
2711.87315 15.780 0.007
2721.88060 16.056 0.016
2730.89389 16.310 0.010
2743.77029 15.891 0.008
2748.78884 16.039 0.010
2755.77874 15.706 0.007
2755.78159 15.715 0.009
2758.93016 16.378 0.014
2765.78688 16.002 0.009
2765.78972 16.018 0.010
2769.77149 16.206 0.008
2782.71004 15.777 0.009
2784.69899 16.302 0.010
2784.70184 16.274 0.012
2786.58455 15.869 0.011
2786.59189 15.916 0.013
2788.68634 15.776 0.007
2788.68920 15.738 0.008
2790.79144 16.431 0.011
2790.79429 16.442 0.014
2792.52842 15.838 0.012
2792.53122 15.776 0.012
2794.55466 16.324 0.016
2794.55734 16.364 0.020
2796.56337 16.070 0.010
2796.56624 16.073 0.011
2802.55824 15.976 0.013
2802.56461 15.995 0.014
2808.63079 16.045 0.009
2808.63366 16.047 0.012
2810.56903 16.446 0.013
2810.57192 16.481 0.015
2810.79275 15.954 0.010
2810.81026 15.994 0.010
2810.83773 16.057 0.011
2810.87029 16.124 0.012
2812.57090 16.155 0.011
2812.57375 16.160 0.012
2813.81465 16.343 0.012
2813.81751 16.358 0.013
2815.59325 15.764 0.008
2816.65868 16.339 0.011
2817.77333 16.060 0.010
2817.77620 16.048 0.012
2818.66818 16.226 0.011
2819.76228 16.226 0.012
2819.76515 16.240 0.012
2821.66052 15.688 0.008
2826.65119 15.832 0.008
2826.65410 15.861 0.009
2830.78143 16.271 0.013
2830.78431 16.309 0.015
2835.47782 15.885 0.011
2835.48072 15.923 0.013
2837.49663 16.494 0.014
2837.49953 16.541 0.019
2838.72714 15.758 0.008
2838.73005 15.789 0.010
2840.49871 16.065 0.011
2840.50159 16.080 0.012
2842.53514 15.672 0.008
2842.53805 15.680 0.008
2844.61128 16.437 0.011
2848.54648 15.712 0.010
2848.54942 15.704 0.011
2851.53374 16.120 0.010
2853.53159 15.708 0.008
2854.75453 16.030 0.011
2854.75743 15.994 0.012
2857.71747 16.311 0.012
2862.49376 16.147 0.014
2862.49667 16.116 0.016
2864.50077 15.685 0.009
2864.50369 15.701 0.012
2867.65598 16.362 0.013
2867.65893 16.389 0.014
2867.69807 16.457 0.012
2867.71936 16.438 0.013
2867.72930 16.375 0.014
2867.73251 16.343 0.013
2867.73556 16.301 0.013
2867.73861 16.255 0.013
2868.51429 16.075 0.009
2868.51719 16.091 0.011
2869.56728 16.016 0.010
2869.58857 16.062 0.010
2870.65628 15.965 0.009
2871.47684 16.308 0.012
2871.47977 16.351 0.015
2871.51151 16.393 0.012
2871.52781 16.443 0.012
2871.54698 16.467 0.011
2871.55026 16.457 0.011
2871.55365 16.454 0.011
2871.55700 16.454 0.011
2871.56044 16.445 0.012
2871.56414 16.451 0.012
2871.56803 16.412 0.011
2871.57980 16.312 0.010
2871.58743 16.179 0.010
2871.59090 16.093 0.009
2871.59428 16.030 0.009
2871.59764 15.987 0.008
2871.60093 15.932 0.008
2871.60426 15.858 0.008
2871.60748 15.787 0.008
2871.61118 15.725 0.007
2871.61585 15.673 0.007
2871.63049 15.644 0.007
2871.71129 15.855 0.009
2872.50170 16.259 0.011
2872.67540 16.333 0.010
2872.70262 15.860 0.008
2874.57627 16.133 0.009
2875.53658 15.793 0.008
2875.61544 16.007 0.011
2875.61836 15.999 0.014
2875.69346 16.133 0.012
2876.49411 16.460 0.012
2876.65169 15.852 0.009
2877.52165 16.336 0.012
2877.65100 15.723 0.008
2878.49816 16.179 0.010
2878.56930 16.304 0.010
2879.55333 16.165 0.010
2879.55623 16.142 0.012
2880.70010 16.218 0.012
2881.65634 16.016 0.008
2881.66023 16.042 0.009
2882.49650 16.445 0.016
2882.50044 16.426 0.012
2883.58619 16.395 0.011
2884.47633 16.132 0.012
2884.47929 16.161 0.013
2885.55802 16.085 0.013
2886.54646 15.877 0.014
2890.64567 16.373 0.022
2892.51419 15.708 0.009
2892.51710 15.706 0.010
2893.56091 16.030 0.011
2893.60246 15.669 0.008
2893.60978 15.688 0.008
2893.61258 15.714 0.008
2894.49744 16.313 0.016
2894.54748 16.322 0.013
2894.64610 16.248 0.015
2895.47930 16.203 0.017
2895.66739 16.342 0.013
2896.47694 16.011 0.014
2896.57063 16.105 0.011
2896.57348 16.101 0.011
2896.58101 16.157 0.010
2896.64434 16.207 0.012
2896.64809 16.195 0.012
2897.58008 16.026 0.012
2897.64167 16.143 0.014
2898.48451 16.399 0.019
2898.52991 15.672 0.010
2898.60483 15.823 0.010
2898.64873 15.976 0.012
2899.60441 15.994 0.007
2899.60735 15.969 0.009
2899.61415 15.824 0.009
2899.65292 15.692 0.008
2900.47663 16.241 0.018
2900.52970 16.362 0.015
2900.57982 16.331 0.025
2900.62115 16.458 0.016
2902.47152 15.907 0.017
2902.51448 16.023 0.013
2902.55931 16.076 0.015
2902.62342 16.137 0.014
2903.48807 15.732 0.010
2903.51942 15.780 0.007
2903.59878 15.975 0.007
2904.52879 16.392 0.020
2904.57842 15.635 0.010
2904.60835 15.699 0.009
2904.64523 15.854 0.011
2905.49133 16.342 0.017
2905.52244 16.357 0.016
2905.54431 16.376 0.016
2905.54726 16.390 0.019
2905.55556 16.415 0.017
2905.61083 16.465 0.017
2906.49519 16.204 0.014
2906.52858 16.247 0.015
2906.56238 16.301 0.015
2906.58942 16.353 0.015
2907.48277 16.058 0.016
2907.54656 16.190 0.016
2907.60266 16.221 0.014
2908.49559 15.880 0.013
2908.52767 15.971 0.014
2908.61000 16.121 0.015
2909.49743 15.818 0.011
2909.51514 15.662 0.008
2909.51807 15.652 0.010
2909.54226 15.713 0.010
2910.48939 16.400 0.018
2910.52248 16.497 0.018
2910.58010 16.157 0.016
2911.48488 16.281 0.018
2911.52930 16.379 0.016
2911.55696 16.307 0.012
2912.49649 16.148 0.014
2912.53773 16.184 0.010
2915.47632 16.446 0.026
2915.49109 16.447 0.019
2916.48454 16.325 0.016
2916.52748 16.400 0.015
2916.56804 16.438 0.015
2917.50299 16.218 0.014
2917.53351 16.239 0.014
2917.57314 16.270 0.013
2918.49613 16.135 0.016
2918.52337 16.081 0.014
2918.58192 16.205 0.014
2920.50720 15.674 0.010
2920.54363 15.786 0.013
2921.49291 16.462 0.023
2921.53170 16.435 0.016
2921.58281 15.777 0.011
2921.59831 15.699 0.010
2922.49862 16.354 0.018
2922.56976 16.384 0.017
2923.51166 16.181 0.012
2923.53901 16.195 0.013
2923.57432 16.251 0.013
2924.50846 16.058 0.011
2925.50343 15.806 0.011
2925.56018 15.956 0.011
2926.53332 15.710 0.010
2926.56551 15.721 0.008
2926.57891 15.768 0.010
2927.50096 16.384 0.017
2927.57786 16.455 0.016
2928.50956 16.280 0.015
2928.56406 16.325 0.016
2929.50420 16.205 0.018
2929.57875 16.219 0.014
2930.50304 15.958 0.011
2930.55453 16.077 0.012
2931.50582 15.694 0.009
2931.58143 15.923 0.010
2932.52041 16.431 0.014
2932.57170 15.728 0.010
2933.50956 16.325 0.014
2933.56828 16.432 0.016
2934.51272 16.232 0.017
2934.55815 16.284 0.014
2935.51496 16.101 0.015
2936.49613 15.881 0.014
2937.51839 15.687 0.011
2939.50679 16.299 0.016
2941.51167 16.031 0.015
2942.50036 15.715 0.010
2943.54598 15.832 0.013
2944.53943 16.437 0.023
2945.49631 16.245 0.020
2946.50629 16.130 0.014
2947.52722 15.980 0.015
2949.51213 16.511 0.022
2950.49937 16.315 0.020
2951.49939 16.181 0.019
2952.50421 16.065 0.017
2952.51611 16.072 0.014
2953.49871 15.767 0.012
2957.49978 16.122 0.022
2958.50040 15.934 0.020
3040.87630 15.972 0.010
3040.88363 15.942 0.012
3041.88099 15.679 0.009
3042.88085 16.505 0.017
3043.86538 16.331 0.013
3044.85820 16.187 0.013
3044.86100 16.178 0.013
3045.86011 16.034 0.012
3046.86814 15.800 0.009
3046.87092 15.791 0.011
3047.85686 16.300 0.011
3047.85966 16.286 0.012
3048.85818 16.351 0.012
3049.84332 16.243 0.011
3050.83649 16.073 0.011
3051.84065 15.863 0.016
3053.82316 16.400 0.013
3054.83895 16.302 0.013
3055.83515 16.173 0.012
3055.87452 16.187 0.011
3055.87732 16.176 0.012
3056.84894 16.065 0.013
3057.83580 15.786 0.008
3058.83339 16.379 0.012
3058.89269 15.668 0.007
3059.83889 16.297 0.012
3060.81814 16.203 0.013
3061.84736 16.153 0.012
3064.81324 16.385 0.014
3064.81598 16.403 0.014
3064.83012 16.487 0.016
3067.78582 15.933 0.010
3067.88666 16.125 0.009
3069.80106 16.475 0.016
3070.84819 16.384 0.013
3070.89257 16.440 0.012
3071.87693 16.293 0.011
3073.80367 15.878 0.009
3073.80640 15.882 0.009
3075.84225 16.478 0.012
3075.84508 16.479 0.013
3079.88686 15.968 0.009
3079.88960 15.990 0.012
3081.77121 16.308 0.013
3082.86016 16.311 0.010
3082.86291 16.291 0.013
3084.89946 16.112 0.008
3086.83181 16.421 0.010
3086.83455 16.386 0.011
3087.89913 16.499 0.017
3088.78930 16.145 0.008
3089.89856 16.169 0.009
3091.81875 15.763 0.007
3091.82147 15.719 0.008
3091.83519 15.672 0.008
3093.89685 16.355 0.015
3096.85686 15.853 0.008
3096.85960 15.828 0.011
3098.83736 16.336 0.010
3098.84703 16.381 0.011
3100.79783 16.052 0.009
3100.80057 16.027 0.010
3101.87709 16.052 0.012
3101.90434 16.066 0.009
3101.91414 16.069 0.011
3103.76910 16.324 0.011
3103.77188 16.357 0.012
3104.88363 16.350 0.022
3104.88639 16.371 0.023
3106.83118 16.061 0.013
3108.76167 16.420 0.011
3108.76441 16.414 0.012
3108.80681 16.360 0.012
3109.78801 16.347 0.011
3109.79661 16.329 0.010
3110.74735 16.148 0.010
3110.82828 16.238 0.010
3110.83103 16.247 0.011
3111.86220 16.190 0.009
3112.77709 15.828 0.007
3112.77986 15.837 0.008
3113.86686 15.810 0.007
3113.86961 15.795 0.008
3114.77838 16.383 0.010
3114.78114 16.400 0.011
3115.86120 16.344 0.010
3115.86397 16.339 0.012
3116.91732 16.316 0.011
3116.92008 16.299 0.017
3122.90439 16.242 0.011
3122.90713 16.245 0.012
3125.86465 15.820 0.009
3125.86742 15.748 0.011
3126.89027 16.451 0.011
3126.89311 16.451 0.013
3127.79578 16.168 0.010
3128.81415 16.064 0.009
3130.69216 16.351 0.012
3135.89626 15.961 0.010
3137.93253 16.076 0.009
3137.93528 16.050 0.010
3138.69522 16.082 0.010
3138.69800 16.089 0.012
3139.86654 16.152 0.009
3139.87521 16.180 0.010
3140.87225 16.049 0.009
3140.87505 16.069 0.011
3140.90258 16.088 0.009
3142.76055 16.326 0.010
3144.78149 16.132 0.010
3144.78426 16.153 0.012
3146.78130 15.699 0.007
3146.78409 15.657 0.008
3151.74408 15.775 0.008
3151.89676 16.121 0.010
3151.89955 16.113 0.011
3152.74737 16.281 0.011
3152.75097 16.195 0.012
3153.75212 16.355 0.012
3153.89781 15.685 0.009
3154.81363 16.316 0.012
3154.81642 16.331 0.014
3156.83333 16.109 0.009
3156.83614 16.099 0.011
3158.90401 15.862 0.011
3158.90680 15.860 0.013
3162.80832 15.967 0.009
3162.81114 15.986 0.011
3163.62123 16.332 0.010
3163.64006 16.344 0.010
3164.72995 16.331 0.011
3165.75076 16.247 0.009
3165.75355 16.196 0.010
3166.89589 16.305 0.015
3166.89870 16.328 0.017
3167.74876 15.974 0.010
3167.75157 15.999 0.012
3168.74394 15.724 0.007
3168.74674 15.703 0.008
3169.71984 16.422 0.012
3170.79736 16.377 0.010
3170.80016 16.397 0.011
3171.82006 16.312 0.009
3171.82287 16.298 0.010
3172.74707 16.088 0.008
3174.70336 16.385 0.010
3175.71330 16.330 0.010
3177.75044 16.171 0.011
3178.77701 16.070 0.008
3178.77983 16.057 0.010
3179.78676 15.856 0.008
3179.78954 15.869 0.010
3180.71510 16.454 0.010
3182.76659 16.256 0.010
3182.76941 16.252 0.012
3183.73524 16.079 0.009
3183.73807 16.072 0.011
3184.69303 15.749 0.007
3184.69582 15.735 0.008
3185.48520 16.209 0.013
3185.57921 16.323 0.012
3185.61509 16.434 0.012
3185.74569 15.665 0.007
3185.76592 15.698 0.007
3185.79186 15.769 0.008
3185.82991 15.868 0.008
3185.85790 15.937 0.009
3185.87937 15.979 0.010
3185.88236 15.998 0.011
3186.63018 16.367 0.015
3190.63676 16.311 0.012
3190.64003 16.249 0.014
3191.77823 15.675 0.008
3191.80061 15.710 0.009
3193.53123 15.900 0.008
3194.58989 15.805 0.008
3194.59270 15.760 0.009
3195.63717 15.678 0.007
3195.64001 15.665 0.007
3195.79485 16.051 0.008
3195.79765 16.040 0.010
3196.54027 16.335 0.012
3196.55746 16.287 0.012
3197.50783 16.136 0.009
3199.61760 15.992 0.009
3199.62045 15.961 0.010
3201.50944 16.303 0.009
3202.47390 16.184 0.012
3202.52602 16.218 0.009
3202.56388 16.267 0.010
3202.63017 16.355 0.011
3202.75567 15.691 0.008
3202.79234 15.723 0.008
3202.82853 15.836 0.010
3203.46962 16.031 0.010
3203.65337 16.270 0.010
3204.64660 16.124 0.009
3204.64944 16.105 0.010
3205.75522 16.155 0.010
3205.75804 16.070 0.013
3206.71223 15.916 0.009
3206.71506 15.955 0.010
3207.66076 16.307 0.012
3207.66360 16.281 0.014
3209.70588 16.315 0.009
3210.53961 15.861 0.008
3211.57807 15.690 0.007
3211.58088 15.677 0.009
3217.47219 16.367 0.014
3217.47623 16.401 0.012
3217.64947 15.774 0.009
3218.64498 16.323 0.012
3218.64783 16.194 0.012
3219.59333 16.329 0.015
3219.60272 16.391 0.017
3223.64623 15.689 0.009
3223.64905 15.700 0.010
3224.69175 16.160 0.009
3226.60906 16.159 0.012
3228.59549 15.700 0.008
3228.59832 15.711 0.009
3229.62796 16.272 0.010
3230.66154 16.405 0.011
3230.66438 16.431 0.013
3231.56488 16.156 0.010
3231.56771 16.168 0.011
3231.60599 16.185 0.011
3232.59561 16.063 0.013
3238.61386 16.035 0.010
3238.61675 16.035 0.011
3239.69262 15.998 0.011
3240.67375 15.697 0.009
3241.65152 16.440 0.016
3245.54852 16.345 0.011
3245.55139 16.304 0.012
3246.65224 16.336 0.013
3246.65508 16.223 0.013
3247.61839 16.328 0.012
3249.52031 15.832 0.009
3249.52320 15.828 0.011
3250.65307 15.925 0.009
3251.49826 16.341 0.013
3251.59855 16.226 0.010
3251.64976 15.655 0.008
3253.51737 16.162 0.011
3253.52022 16.123 0.010
3256.63014 15.753 0.009
3256.63298 15.765 0.010
3259.61960 16.216 0.011
3259.62245 16.239 0.015
3264.52709 16.165 0.010
3264.52996 16.162 0.011
3267.52620 16.135 0.010
3267.52908 16.098 0.011
3272.58162 15.869 0.009
3272.58449 15.827 0.010
3275.56458 16.243 0.013
3275.56745 16.211 0.014
3278.59349 15.745 0.008
3278.59637 15.759 0.009
3281.60025 16.221 0.008
3282.57038 16.049 0.008
3288.54008 15.910 0.007
3288.54293 15.901 0.007
3293.51065 15.979 0.008
3293.51351 15.965 0.008
3295.52085 16.306 0.008
3295.52371 16.281 0.009
3305.54167 15.871 0.009
3305.54481 15.876 0.010
3307.54072 16.413 0.019
3309.51660 16.112 0.011
3309.53356 16.102 0.012
3310.52622 15.979 0.010
3314.51011 16.201 0.015
3314.51334 16.217 0.017
3408.88462 16.066 0.010
3408.88738 16.098 0.012
3410.88473 15.717 0.008
3410.88749 15.656 0.009
3413.88556 16.157 0.011
3413.88832 16.161 0.012
3421.89178 15.668 0.006
3422.86168 16.411 0.013
3422.86444 16.364 0.011
3426.85731 15.720 0.007
3429.83041 16.160 0.011
3429.84208 16.196 0.013
3432.88273 15.688 0.008
3442.88513 15.998 0.008
3445.79797 16.200 0.009
3445.80069 16.187 0.009
3447.84859 16.032 0.009
3449.86122 15.932 0.008
3452.88183 16.172 0.008
3455.81607 16.411 0.012
3455.81879 16.406 0.014
3457.84953 16.179 0.009
3459.84475 15.824 0.007
3469.78051 15.968 0.008
3469.78327 15.951 0.008
3470.79348 15.762 0.007
3472.75591 16.278 0.010
3472.75866 16.277 0.011
3473.77571 16.178 0.010
3473.77846 16.133 0.011
3474.77237 16.086 0.010
3474.77509 16.021 0.011
3475.79793 15.933 0.008
3477.75977 16.358 0.010
3477.76250 16.334 0.012
3479.75860 16.122 0.008
3479.76136 16.106 0.008
3480.71874 15.864 0.007
3480.72150 15.833 0.008
3481.73667 15.660 0.007
3482.67900 16.334 0.012
3496.71626 16.026 0.008
3496.71902 15.979 0.010
3497.78781 15.989 0.009
3497.79054 15.974 0.011
3498.91109 16.028 0.009
3498.91487 16.050 0.012
3499.85893 15.658 0.006
3499.86170 15.656 0.008
3500.72514 16.228 0.009
3500.72790 16.259 0.011
3501.82158 16.230 0.007
3501.82433 16.199 0.008
3502.71742 15.938 0.007
3502.72020 15.940 0.008
3503.68661 15.721 0.006
3503.68935 15.679 0.007
3504.70133 16.456 0.011
3504.70410 16.459 0.013
3506.74514 16.202 0.009
3506.74789 16.181 0.010
3508.74935 15.935 0.008
3508.75750 15.935 0.010
3509.72782 15.723 0.007
3509.73058 15.670 0.008
3510.79760 16.190 0.009
3510.80035 16.141 0.010
3511.83673 16.429 0.010
3511.83949 16.424 0.012
3512.70641 16.122 0.010
3512.70918 16.128 0.011
3512.72354 16.134 0.012
3512.75911 16.188 0.012
3512.80676 16.237 0.012
3512.82404 16.284 0.013
3512.84158 16.301 0.013
3512.85946 16.305 0.013
3512.87964 16.316 0.013
3512.90212 16.341 0.012
3512.91106 16.386 0.014
3512.92556 16.446 0.015
3512.93818 16.397 0.012
3517.68222 16.157 0.011
3517.68500 16.175 0.012
3520.75750 15.720 0.007
3520.76028 15.725 0.008
3521.71471 16.410 0.009
3521.71751 16.400 0.011
3522.74274 16.310 0.008
3522.74553 16.267 0.010
3522.93395 15.665 0.007
3522.93675 15.657 0.008
3523.74723 16.180 0.008
3523.75000 16.197 0.009
3524.89241 16.236 0.011
3524.89520 16.255 0.012
3525.74562 15.837 0.007
3526.74905 15.739 0.007
3526.75183 15.692 0.008
3528.66990 16.166 0.009
3529.69227 16.069 0.006
3529.69504 16.066 0.007
3529.86940 16.326 0.011
3530.60734 15.639 0.006
3530.61015 15.643 0.007
3530.85411 16.139 0.009
3530.88081 16.189 0.009
3536.86852 16.089 0.009
3536.88544 16.157 0.011
3537.67546 16.474 0.015
3537.73817 15.680 0.006
3538.52440 16.121 0.013
3538.55386 16.159 0.010
3538.60102 16.231 0.010
3538.63175 16.259 0.009
3538.68725 16.306 0.009
3538.73637 16.406 0.009
3538.78384 16.415 0.009
3538.81495 15.995 0.008
3538.84381 15.670 0.006
3538.86915 15.666 0.012
3538.87524 15.717 0.008
3538.90769 15.817 0.009
3539.51083 15.956 0.011
3539.53042 16.036 0.012
3539.56304 16.057 0.010
3539.59305 16.093 0.010
3539.61593 16.120 0.010
3539.68199 16.190 0.009
3539.73745 16.271 0.008
3539.74246 16.290 0.010
3539.80860 16.375 0.008
3540.51620 15.708 0.009
3540.52377 15.739 0.010
3540.61626 15.943 0.008
3540.65000 15.996 0.009
3540.69161 16.058 0.009
3540.73621 16.162 0.010
3540.83437 16.272 0.011
3541.62437 15.741 0.008
3541.63152 15.754 0.007
3541.78057 16.072 0.008
3541.78322 16.074 0.010
3542.56226 16.379 0.018
3542.56565 16.371 0.013
3542.83049 15.999 0.013
3542.83831 15.987 0.013
3544.60930 16.170 0.011
3544.61196 16.189 0.012
3544.72499 16.295 0.010
3546.72349 16.097 0.012
3546.84410 16.276 0.015
3547.74612 15.947 0.010
3547.80836 16.089 0.011
3549.80163 16.007 0.009
3549.84020 15.659 0.007
3550.63202 16.165 0.009
3550.63483 16.149 0.009
3551.63161 15.982 0.006
3551.63477 16.001 0.007
3552.66733 15.898 0.007
3552.67011 15.884 0.008
3553.71738 15.772 0.008
3553.72018 15.704 0.010
3554.65271 16.395 0.012
3555.66479 16.317 0.010
3555.66762 16.280 0.011
3556.67254 16.178 0.009
3558.52735 16.448 0.012
3558.53014 16.413 0.012
3558.82609 16.111 0.010
3558.82889 16.101 0.011
3559.69603 15.813 0.007
3560.59735 16.281 0.009
3561.54511 16.083 0.008
3562.58579 15.978 0.010
3563.63648 15.842 0.006
3564.57425 16.441 0.013
3564.57710 16.427 0.016
3569.55961 16.130 0.011
3569.56243 16.037 0.010
3572.81507 16.456 0.017
3572.81792 16.464 0.024
3573.64605 16.131 0.010
3573.64887 16.057 0.012
3574.68595 16.007 0.008
3574.68880 15.962 0.009
3575.53344 16.411 0.010
3575.53628 16.404 0.011
3575.77005 15.989 0.008
3575.77288 15.966 0.010
3576.68735 16.319 0.011
3576.69016 16.312 0.015
3577.58745 16.240 0.011
3578.67206 16.214 0.009
3579.61750 15.982 0.008
3580.65072 15.844 0.007
3581.67061 15.720 0.006
3582.64244 16.344 0.010
3583.63288 16.224 0.009
3583.75281 16.440 0.012
3584.64156 16.149 0.008
3584.75615 16.266 0.011
3585.63187 15.935 0.007
3585.77460 16.180 0.010
3586.46947 16.325 0.011
3586.56846 16.373 0.009
3586.67493 15.770 0.006
3586.71697 15.902 0.007
3587.59338 16.441 0.014
3587.64873 16.464 0.013
3587.71438 15.690 0.008
3588.55798 16.210 0.008
3589.49306 15.960 0.007
3589.54506 16.065 0.008
3589.67054 16.216 0.008
3589.69740 16.269 0.009
3590.65448 16.077 0.008
3590.65731 16.037 0.009
3591.49752 16.466 0.011
3591.54072 15.938 0.007
3591.64564 15.852 0.006
3591.67802 15.920 0.007
3591.68087 15.934 0.008
3591.75825 16.102 0.009
3592.75423 15.886 0.008
3593.74495 15.775 0.007
3593.74779 15.709 0.009
3594.70716 16.317 0.012
3594.71002 16.331 0.012
3601.65572 16.110 0.009
3601.65856 16.092 0.010
3601.72213 16.184 0.010
3602.61631 15.820 0.007
3602.61914 15.814 0.009
3603.63634 15.698 0.007
3603.63921 15.652 0.008
3607.63470 16.000 0.008
3607.63755 15.942 0.009
3608.65006 15.824 0.008
3608.65292 15.806 0.009
3609.63060 16.347 0.010
3615.57781 16.310 0.010
3615.58068 16.347 0.013
3618.57944 15.922 0.008
3618.58229 15.941 0.010
3620.54264 16.350 0.009
3620.54549 16.366 0.011
3622.52050 16.131 0.010
3622.52335 16.116 0.011
3628.59671 16.162 0.011
3628.59953 16.146 0.013
3630.53603 15.805 0.009
3630.53885 15.736 0.011
3632.58615 16.326 0.012
3632.58901 16.294 0.014
3634.48675 15.875 0.009
3634.48962 15.867 0.011
3639.54561 16.098 0.008
3639.54848 16.104 0.009
3641.54407 15.686 0.008
3641.54692 15.674 0.009
3641.58705 15.772 0.010
3644.50439 16.122 0.010
3644.50726 16.129 0.011
3648.53623 16.337 0.012
3648.53906 16.325 0.014
3650.57858 16.150 0.008
3650.58466 16.170 0.011
3654.54028 16.320 0.013
3654.54309 16.279 0.016
3656.52150 16.034 0.009
3656.52434 16.006 0.010
3658.55330 15.684 0.009
3658.55616 15.701 0.010
3660.52593 16.255 0.012
3660.52877 16.209 0.013
3664.50273 16.416 0.011
3664.50560 16.399 0.013
3669.53117 15.690 0.009
3675.50804 16.470 0.016
3675.51087 16.463 0.017
3675.52524 16.388 0.013
3676.49774 16.287 0.015
3776.86666 16.158 0.010
3776.86944 16.157 0.012
3782.85138 16.064 0.010
3782.85414 16.097 0.012
3784.87670 15.661 0.007
3784.87943 15.677 0.007
3786.89627 16.289 0.012
3788.84686 15.990 0.009
3788.84959 16.017 0.010
3790.88929 15.809 0.007
3793.85656 16.090 0.008
3793.85932 16.108 0.009
3795.84399 15.659 0.007
3795.84674 15.649 0.008
3798.80720 16.113 0.009
3798.80994 16.109 0.010
3799.83136 15.985 0.009
3799.83411 16.011 0.010
3800.82630 15.723 0.008
3801.88578 15.662 0.007
3802.85137 16.356 0.011
3803.88664 16.296 0.009
3805.80308 15.806 0.007
3805.80584 15.791 0.009
3806.76939 16.424 0.012
3806.77211 16.449 0.014
3807.78847 16.342 0.013
3807.79120 16.330 0.013
3808.79614 16.211 0.010
3808.79888 16.220 0.011
3809.88126 16.195 0.009
3810.84788 16.050 0.008
3811.83947 15.822 0.008
3811.84223 15.809 0.009
3812.83558 16.093 0.010
3813.82552 16.316 0.009
3814.82739 16.198 0.009
3817.85893 15.756 0.007
3818.88802 15.949 0.007
3819.80573 16.275 0.008
3820.77237 16.084 0.008
3820.77509 16.092 0.009
3821.77549 15.948 0.008
3821.77824 15.934 0.008
3822.81491 15.803 0.007
3822.86280 15.923 0.007
3822.88373 15.960 0.007
3822.91798 16.033 0.008
3823.74126 16.357 0.011
3823.79522 16.410 0.011
3823.83900 15.801 0.007
3823.88712 15.725 0.007
3823.92038 15.808 0.007
3824.74127 16.239 0.011
3824.74404 16.292 0.013
3824.82034 16.363 0.013
3824.86053 16.438 0.012
3824.89538 16.404 0.012
3825.80613 16.228 0.011
3825.80887 16.212 0.011
3825.84993 16.287 0.010
3825.88261 16.311 0.011
3825.91910 16.348 0.012
3826.73466 16.011 0.008
3826.73741 15.963 0.008
3826.77342 16.062 0.009
3826.82792 16.130 0.009
3826.90004 16.218 0.010
3827.76609 15.837 0.008
3827.80246 15.918 0.007
3827.80521 15.885 0.008
3827.85050 16.029 0.008
3827.92210 16.136 0.009
3828.75189 16.325 0.013
3828.79947 15.685 0.008
3828.86375 15.821 0.007
3828.91913 15.967 0.009
3829.73331 16.304 0.010
3829.77952 16.408 0.012
3829.84867 16.312 0.009
3829.89464 15.660 0.006
3829.92346 15.703 0.007
3830.69453 16.200 0.011
3830.70868 16.177 0.010
3830.73142 16.202 0.009
3830.73833 16.185 0.010
3830.74754 16.203 0.009
3830.76319 16.231 0.009
3830.77736 16.272 0.009
3830.79213 16.290 0.010
3830.80630 16.318 0.010
3830.82027 16.312 0.009
3830.83216 16.295 0.010
3830.84383 16.319 0.009
3830.85761 16.353 0.010
3830.86987 16.349 0.010
3830.88120 16.381 0.010
3830.89251 16.416 0.009
3830.90230 16.446 0.010
3830.91349 16.463 0.010
3830.92325 16.462 0.011
3830.92650 16.482 0.012
3831.69282 16.013 0.009
3831.70232 16.026 0.008
3831.71506 16.052 0.008
3831.72433 16.063 0.008
3831.72722 16.068 0.008
3831.73049 16.062 0.008
3831.73328 16.077 0.008
3831.73606 16.083 0.008
3831.73915 16.099 0.008
3831.74194 16.093 0.008
3831.74473 16.099 0.008
3831.74789 16.090 0.008
3831.75069 16.107 0.008
3831.75349 16.104 0.008
3831.75671 16.097 0.008
3831.75945 16.117 0.008
3831.76226 16.126 0.008
3831.76573 16.126 0.008
3831.76901 16.130 0.008
3831.77236 16.126 0.008
3831.77516 16.147 0.008
3831.77794 16.161 0.008
3831.78134 16.155 0.008
3831.78451 16.151 0.008
3831.78811 16.140 0.008
3831.79136 16.148 0.008
3831.79413 16.171 0.008
3831.79693 16.154 0.008
3831.80037 16.159 0.008
3831.80352 16.169 0.008
3831.80663 16.168 0.008
3831.80942 16.183 0.008
3831.81220 16.185 0.008
3831.81540 16.173 0.009
3831.81820 16.177 0.009
3831.82100 16.206 0.009
3831.82421 16.199 0.008
3831.82701 16.186 0.009
3831.82981 16.194 0.009
3831.83338 16.208 0.009
3831.83682 16.212 0.009
3831.83960 16.213 0.009
3831.84239 16.205 0.009
3831.84590 16.217 0.009
3831.84895 16.221 0.009
3831.85173 16.217 0.009
3831.85453 16.211 0.009
3831.85733 16.231 0.009
3831.86047 16.234 0.009
3831.86326 16.239 0.009
3831.86606 16.248 0.010
3831.87571 16.249 0.009
3831.88127 16.278 0.009
3831.88685 16.283 0.009
3831.89242 16.303 0.009
3831.90378 16.305 0.009
3831.90748 16.318 0.011
3831.91135 16.302 0.009
3831.91778 16.301 0.009
3831.92417 16.317 0.010
3831.92728 16.309 0.010
3831.93025 16.328 0.014
3832.69746 15.764 0.008
3832.70964 15.796 0.008
3832.71646 15.804 0.008
3832.73347 15.875 0.008
3832.77960 15.985 0.008
3832.82546 16.075 0.008
3832.86883 16.148 0.009
3832.91484 16.200 0.010
3833.69203 16.319 0.012
3833.71386 15.981 0.008
3833.73818 15.658 0.006
3833.78086 15.729 0.006
3833.82362 15.849 0.007
3833.84562 15.916 0.007
3833.87403 15.976 0.008
3833.90449 16.052 0.008
3833.92084 16.076 0.008
3834.69807 16.341 0.012
3834.71734 16.376 0.012
3834.74118 16.437 0.012
3834.74756 16.457 0.013
3834.79019 16.329 0.009
3834.87001 15.688 0.007
3834.91248 15.820 0.008
3835.70754 16.231 0.010
3835.77773 16.305 0.010
3835.85155 16.471 0.010
3835.88133 16.400 0.009
3835.92110 15.750 0.007
3836.70365 16.165 0.013
3836.76522 16.178 0.010
3836.76797 16.172 0.013
3836.80968 16.243 0.010
3836.84025 16.298 0.009
3836.89700 16.348 0.010
3837.70232 15.955 0.011
3837.73259 16.013 0.009
3837.73533 16.005 0.011
3837.90433 16.235 0.008
3837.90709 16.197 0.010
3838.74437 15.805 0.009
3838.74712 15.758 0.009
3838.91167 16.140 0.011
3838.91442 16.157 0.011
3839.74014 16.185 0.013
3839.74289 16.106 0.011
3839.81869 15.738 0.007
3839.86286 15.866 0.009
3839.92328 15.991 0.008
3840.70612 16.292 0.012
3840.70888 16.316 0.013
3840.78725 16.452 0.011
3840.91107 15.725 0.007
3840.91383 15.704 0.008
3841.74464 16.207 0.010
3841.74740 16.203 0.010
3841.83337 16.320 0.010
3841.89524 16.449 0.011
3841.89797 16.480 0.013
3842.84722 16.218 0.009
3842.85039 16.226 0.010
3845.72015 16.416 0.017
3845.90886 15.864 0.009
3845.91313 15.866 0.009
3846.73085 16.289 0.010
3846.91520 15.667 0.006
3847.79698 16.248 0.012
3847.79972 16.267 0.013
3848.75195 16.085 0.010
3848.75468 16.045 0.010
3849.75102 15.882 0.007
3849.92157 16.181 0.009
3850.69508 16.460 0.011
3850.69785 16.414 0.011
3850.86679 15.913 0.008
3851.71023 16.307 0.012
3851.71300 16.276 0.011
3851.87509 15.684 0.007
3851.92125 15.825 0.008
3851.92400 15.821 0.009
3852.69879 16.207 0.012
3852.70156 16.184 0.011
3852.87008 16.426 0.011
3853.68722 16.038 0.008
3853.68999 16.033 0.008
3853.85556 16.279 0.009
3853.92630 16.338 0.009
3853.92906 16.339 0.011
3856.67728 16.366 0.010
3856.68002 16.369 0.011
3856.84401 15.749 0.007
3857.91495 15.671 0.007
3857.91768 15.676 0.007
3858.76365 16.206 0.008
3858.76642 16.226 0.009
3859.80186 16.164 0.008
3859.80460 16.157 0.008
3860.67032 15.695 0.008
3860.67413 15.684 0.008
3860.91020 16.174 0.010
3860.91296 16.175 0.011
3861.66778 16.408 0.012
3861.67120 16.422 0.012
3861.77301 15.699 0.007
3861.93627 16.080 0.009
3862.70115 16.326 0.010
3862.70488 16.329 0.010
3862.86513 15.666 0.006
3862.86788 15.692 0.007
3863.63658 16.133 0.010
3863.63932 16.175 0.011
3863.85422 16.436 0.010
3863.93351 15.712 0.007
3863.93625 15.668 0.008
3864.67711 16.112 0.010
3864.67984 16.061 0.010
3864.86713 16.320 0.009
3865.68793 15.900 0.008
3865.82339 16.125 0.008
3865.82738 16.159 0.010
3865.90139 16.210 0.009
3865.90416 16.227 0.010
3866.68633 15.666 0.007
3866.82582 16.000 0.008
3866.90472 16.134 0.008
3867.62923 16.295 0.013
3867.63197 16.335 0.012
3867.81489 15.687 0.007
3867.88795 15.887 0.007
3867.89070 15.884 0.008
3868.71231 16.324 0.012
3868.86399 15.899 0.009
3869.69210 16.148 0.009
3869.87310 16.421 0.012
3872.88947 16.027 0.008
3872.89224 16.037 0.010
3873.64441 16.330 0.010
3873.78712 16.220 0.009
3873.85985 15.705 0.007
3873.86260 15.720 0.008
3873.92942 15.900 0.008
3873.93224 15.911 0.009
3874.74408 16.318 0.011
3874.74686 16.303 0.012
3875.65777 16.066 0.008
3875.66057 16.051 0.008
3875.80525 16.259 0.009
3875.80804 16.245 0.010
3875.90419 16.398 0.010
3875.90697 16.405 0.011
3876.63502 15.798 0.007
3876.63779 15.789 0.007
3877.63314 16.131 0.009
3877.63592 16.069 0.008
3877.78382 15.921 0.007
3877.78724 15.927 0.008
3877.85836 16.082 0.008
3877.86113 16.080 0.009
3879.66460 16.293 0.008
3879.66736 16.265 0.009
3880.83400 16.361 0.011
3880.83679 16.361 0.012
3880.91278 16.351 0.010
3880.91557 16.343 0.011
3881.66319 16.007 0.008
3881.87469 16.308 0.009
3881.92144 16.315 0.009
3881.92421 16.352 0.011
3882.75148 15.974 0.008
3882.75427 15.990 0.009
3882.82572 16.098 0.009
3882.82850 16.121 0.010
3882.89458 16.186 0.008
3882.89735 16.192 0.010
3883.64089 16.430 0.012
3883.83854 15.963 0.007
3883.84130 15.967 0.008
3886.60296 15.986 0.009
3886.60576 15.991 0.010
3886.79572 16.258 0.009
3886.86759 16.327 0.011
3887.57628 15.693 0.007
3887.57908 15.706 0.008
3887.77883 16.103 0.008
3887.87851 16.228 0.009
3887.88129 16.226 0.010
3888.59233 16.438 0.009
3889.65877 16.444 0.011
3889.66155 16.405 0.011
3889.93701 16.076 0.009
3889.93975 16.060 0.010
3890.63801 16.252 0.009
3890.64080 16.258 0.010
3891.66836 16.171 0.009
3891.67117 16.144 0.011
3891.79664 16.316 0.011
3891.79941 16.300 0.011
3891.87862 16.443 0.011
3891.88140 16.429 0.012
3892.56996 15.831 0.008
3892.57275 15.855 0.010
3892.93307 16.377 0.014
3893.61937 15.697 0.007
3893.86123 16.178 0.011
3893.86681 16.177 0.012
3894.67263 15.954 0.009
3894.67539 15.840 0.009
3896.61021 16.181 0.012
3896.61301 16.122 0.013
3900.53154 16.278 0.014
3900.53430 16.307 0.014
3900.71721 15.829 0.009
3900.79651 15.787 0.007
3900.86518 15.972 0.008
3901.54164 16.146 0.009
3901.54443 16.166 0.010
3901.72296 16.408 0.011
3901.80026 16.088 0.010
3901.86919 15.718 0.007
3902.56432 16.089 0.008
3902.56710 16.072 0.009
3902.74384 16.333 0.009
3902.86280 16.440 0.013
3903.65200 16.040 0.009
3903.65479 16.004 0.009
3903.89770 16.322 0.013
3903.90421 16.390 0.014
3904.55258 15.986 0.008
3904.55538 15.918 0.008
3904.71569 15.975 0.007
3904.78472 16.117 0.008
3904.88687 16.236 0.010
3905.54940 16.359 0.010
3905.55219 16.340 0.010
3905.72600 15.738 0.006
3905.79609 15.927 0.007
3905.86464 16.071 0.008
3906.56391 16.289 0.011
3906.70373 16.468 0.011
3906.77686 15.648 0.006
3906.85606 15.838 0.007
3907.59466 16.163 0.010
3907.77690 16.462 0.014
3907.86146 15.724 0.009
3908.53081 15.904 0.008
3908.53358 15.870 0.008
3908.71642 16.195 0.009
3908.79650 16.324 0.009
3908.87610 16.459 0.012
3909.53255 15.658 0.008
3909.53537 15.623 0.007
3909.71536 16.092 0.007
3909.80585 16.196 0.009
3909.88209 16.308 0.011
3910.56201 16.416 0.012
3910.56482 16.356 0.012
3912.53181 16.170 0.008
3912.53459 16.165 0.008
3912.71911 16.440 0.009
3912.81298 15.658 0.006
3913.52327 16.021 0.008
3913.52606 15.983 0.008
3913.72868 16.315 0.009
3913.81763 16.441 0.009
3914.54703 15.857 0.008
3914.54986 15.837 0.009
3915.52479 16.107 0.009
3915.52758 16.036 0.009
3915.72677 16.041 0.008
3915.82500 16.185 0.009
3916.56350 16.440 0.013
3916.80737 16.012 0.009
3917.55117 16.252 0.009
3917.81791 15.802 0.008
3917.82070 15.795 0.009
3918.59191 16.191 0.008
3918.60829 16.165 0.011
3918.81566 16.232 0.011
3919.54241 15.992 0.009
3919.75241 16.297 0.008
3919.75524 16.291 0.009
3920.51012 15.685 0.007
3920.70621 16.075 0.009
3920.70904 16.091 0.011
3920.79156 16.195 0.009
3920.79438 16.209 0.010
3921.50629 16.392 0.011
3921.50911 16.360 0.011
3921.70554 15.947 0.010
3921.70835 15.964 0.012
3921.72000 15.970 0.010
3922.70997 15.687 0.008
3922.71277 15.693 0.009
3930.53762 16.000 0.007
3930.54603 15.999 0.009
3930.78501 16.326 0.014
3930.78784 16.360 0.014
3931.49555 15.675 0.008
3931.50165 15.641 0.008
3931.82270 16.284 0.012
3932.52644 16.416 0.011
3932.52926 16.414 0.012
3932.79819 16.114 0.010
3932.80100 16.133 0.011
3933.51288 16.298 0.010
3933.51569 16.267 0.010
3933.69729 15.652 0.006
3933.70012 15.659 0.007
3933.76931 15.860 0.007
3933.77213 15.862 0.008
3934.48675 16.168 0.010
3934.48958 16.146 0.009
3934.65679 16.370 0.009
3934.72662 16.429 0.009
3935.53665 16.111 0.009
3935.70795 16.345 0.012
3935.71079 16.345 0.013
3935.80551 16.455 0.012
3935.80835 16.456 0.014
3936.49004 15.787 0.008
3936.49286 15.772 0.009
3936.65553 16.133 0.008
3936.65834 16.164 0.010
3936.73190 16.238 0.010
3936.73474 16.249 0.012
3937.55431 15.738 0.009
3938.49782 16.372 0.012
3938.50065 16.381 0.013
3938.68874 15.806 0.006
3938.69566 15.802 0.007
3938.79796 16.061 0.010
3938.80080 16.068 0.011
3940.57805 16.215 0.008
3941.69904 16.268 0.012
3941.70190 16.275 0.013
3944.55038 16.376 0.010
3944.55321 16.369 0.012
3944.75072 15.853 0.006
3944.75357 15.831 0.008
3945.51209 16.191 0.010
3945.77859 15.662 0.007
3945.78145 15.667 0.008
3946.50948 16.095 0.009
3946.51231 16.114 0.011
3946.70167 16.306 0.010
3946.70451 16.328 0.013
3950.51836 16.312 0.009
3950.52113 16.285 0.011
3950.73340 15.703 0.007
3950.73618 15.698 0.008
3951.51106 16.172 0.010
3951.51387 16.166 0.011
3951.74233 16.436 0.015
3951.74514 16.356 0.014
3956.56358 16.295 0.013
3956.60687 16.308 0.013
3957.50269 16.111 0.010
3958.57350 16.051 0.008
3958.57628 16.055 0.010
3959.50625 15.692 0.007
3959.50904 15.646 0.008
3959.68067 16.060 0.009
3959.68349 16.078 0.010
3960.49552 16.425 0.010
3960.49830 16.463 0.012
3960.67458 15.860 0.007
3960.67738 15.848 0.007
3961.56682 16.373 0.012
3961.56962 16.356 0.013
3963.52813 16.066 0.008
3963.53092 16.053 0.009
3963.70552 16.339 0.012
3963.70831 16.310 0.012
3964.52323 15.870 0.007
3964.52601 15.849 0.008
3964.72811 16.202 0.010
3964.73474 16.210 0.011
3965.50767 16.000 0.007
3965.51047 15.937 0.008
3965.69897 16.025 0.008
3965.70175 16.059 0.009
3966.48285 16.313 0.011
3966.48564 16.340 0.012
3966.68461 15.769 0.007
3966.68738 15.771 0.008
3967.51722 16.310 0.012
3967.52002 16.255 0.013
3967.71002 15.934 0.008
3967.71281 15.862 0.008
3968.49534 16.116 0.010
3968.49814 16.132 0.011
3968.57205 16.193 0.009
3968.66525 16.329 0.010
3968.66806 16.328 0.012
3969.47696 15.893 0.008
3969.47977 15.907 0.009
3969.67764 16.226 0.012
3969.68043 16.224 0.012
3970.50608 15.718 0.008
3970.50887 15.660 0.008
3970.68464 16.120 0.009
3970.68747 16.110 0.009
3971.54996 15.981 0.009
3971.55274 15.938 0.011
3973.56806 16.318 0.012
3973.57893 16.324 0.012
3974.50540 16.068 0.010
3974.50822 16.068 0.010
3974.68840 16.327 0.012
3974.69477 16.324 0.014
3975.50832 15.854 0.007
3975.51113 15.858 0.008
3975.68018 16.163 0.011
3975.68297 16.177 0.011
3976.50287 15.758 0.006
3976.50568 15.705 0.007
3976.67889 16.045 0.011
3976.68168 16.024 0.011
3979.50514 16.169 0.014
3979.50792 16.174 0.015
3982.56575 15.659 0.007
3982.56856 15.669 0.008
3982.58587 15.714 0.008
3983.51944 16.332 0.014
3983.52619 16.376 0.017
3986.58020 16.053 0.010
3986.58300 16.063 0.011
3987.50256 15.683 0.007
3987.50536 15.658 0.008
3988.50840 16.440 0.010
3988.51485 16.465 0.012
3989.52606 16.297 0.011
3989.52886 16.304 0.011
3989.59339 16.431 0.013
3989.65912 16.142 0.012
3990.54287 16.237 0.012
3990.54570 16.204 0.012
3990.60769 16.297 0.012
3990.63502 16.305 0.012
3990.66921 16.379 0.013
3991.49865 16.027 0.010
3991.50143 16.053 0.012
3991.64194 16.194 0.011
3993.55037 15.692 0.007
3993.55318 15.697 0.009
3994.56103 16.445 0.013
3994.56382 16.449 0.014
3995.56860 16.293 0.009
3995.57142 16.297 0.010
3999.58387 15.656 0.007
3999.58668 15.671 0.008
4002.49208 16.020 0.008
4002.49491 16.040 0.010
4003.48958 15.794 0.007
4003.49239 15.779 0.008
4004.52370 15.657 0.006
4004.52649 15.648 0.007
4006.51665 16.276 0.009
4006.51944 16.298 0.011
4012.49654 16.194 0.012
4012.49937 16.184 0.014
4016.51218 16.435 0.013
4016.51497 16.454 0.015
4018.54847 16.243 0.011
4018.55207 16.254 0.013
4020.53521 15.848 0.008
4020.53801 15.919 0.009
4023.53555 16.252 0.011
4023.53833 16.295 0.013
4025.55494 16.039 0.009
4025.55772 16.037 0.010
4028.49433 16.293 0.012
4028.49714 16.332 0.015
4031.49442 15.807 0.009
4031.49721 15.821 0.010
4038.49978 16.466 0.016
4038.50256 16.369 0.017
4040.51413 16.187 0.012
4040.51694 16.239 0.015
4041.49634 16.067 0.013
4041.49912 16.091 0.014
4043.50658 15.668 0.008
4043.50934 15.656 0.009
4141.87425 15.783 0.009
4141.87697 15.784 0.010
4143.89158 16.377 0.016
4150.88943 16.193 0.011
4150.89212 16.184 0.014
4153.87732 15.761 0.008
4153.88004 15.729 0.011
4156.85575 16.128 0.011
4158.87533 15.743 0.008
4158.87801 15.757 0.010
4161.84330 16.165 0.012
4163.80945 15.726 0.008
4163.82618 15.773 0.008
4163.82886 15.777 0.010
4165.80755 16.337 0.016
4165.81026 16.330 0.018
4168.80086 15.865 0.009
4168.80744 15.878 0.011
4170.79671 16.360 0.017
4175.78733 16.444 0.013
4175.79002 16.400 0.016
4176.89869 16.425 0.011
4178.80243 16.084 0.010
4179.84679 15.999 0.009
4181.78315 16.384 0.013
4181.78584 16.357 0.015
4182.82815 16.312 0.010
4183.86427 16.230 0.011
4184.90489 16.176 0.009
4189.83630 16.156 0.013
4189.84278 16.156 0.013
4191.80518 15.707 0.009
4191.80787 15.673 0.010
4193.73955 16.220 0.014
4193.74224 16.211 0.018
4194.78508 16.161 0.011
4194.78775 16.145 0.013
4196.77521 15.769 0.009
4196.77787 15.751 0.010
4202.75669 15.739 0.007
4202.75939 15.683 0.009
4203.74471 16.363 0.010
4204.73698 16.238 0.011
4204.91930 16.294 0.010
4205.73353 16.114 0.010
4205.73622 16.111 0.012
4207.72299 15.660 0.008
4208.74507 16.428 0.012
4211.78923 16.145 0.011
4212.86641 16.138 0.013
4212.91084 16.134 0.014
4213.70960 16.257 0.013
4213.71231 16.193 0.013
4213.77199 15.658 0.008
4213.91318 16.032 0.009
4213.91586 16.018 0.010
4215.74231 16.304 0.012
4215.74501 16.320 0.015
4216.70011 16.092 0.011
4216.70279 16.089 0.012
4216.92447 16.398 0.013
4216.92718 16.418 0.015
4217.70755 15.918 0.008
4217.71024 15.895 0.010
4217.91117 16.229 0.009
4218.75716 15.798 0.009
4219.75533 16.119 0.011
4220.65774 16.230 0.017
4220.70006 16.291 0.013
4221.65638 16.092 0.015
4222.66603 15.973 0.011
4222.67149 15.956 0.013
4222.91352 16.317 0.012
4224.78224 15.756 0.008
4227.88062 16.309 0.015
4228.64118 15.780 0.010
4228.67769 15.906 0.009
4228.68037 15.911 0.010
4228.91127 16.242 0.012
4228.91396 16.258 0.015
4229.67133 15.682 0.008
4229.86831 16.058 0.010
4229.93550 16.150 0.011
4230.68107 16.419 0.012
4230.86912 15.907 0.009
4230.93399 16.046 0.012
4231.62340 16.219 0.011
4231.62610 16.205 0.013
4231.76761 16.400 0.011
4231.89179 15.688 0.008
4231.93490 15.821 0.009
4232.62919 16.123 0.013
4232.67545 16.190 0.012
4232.83648 16.349 0.015
4233.80725 16.208 0.012
4234.70891 15.876 0.008
4235.63696 16.421 0.013
4235.63965 16.388 0.014
4235.79816 15.856 0.008
4235.89058 16.051 0.010
4238.62283 16.073 0.013
4238.62554 16.030 0.013
4238.87527 16.320 0.012
4238.87799 16.340 0.014
4239.62372 15.801 0.009
4239.62644 15.776 0.011
4240.67695 15.672 0.007
4240.81133 16.017 0.009
4243.64276 16.150 0.011
4243.64549 16.137 0.013
4243.73547 16.255 0.013
4243.82923 16.361 0.013
4243.83196 16.384 0.015
4244.61516 15.919 0.011
4244.61786 15.940 0.012
4244.71136 16.083 0.009
4244.80419 16.207 0.011
4244.91602 16.337 0.013
4245.60820 15.648 0.007
4245.61093 15.611 0.008
4245.70212 15.893 0.008
4245.79797 16.092 0.009
4246.66654 16.106 0.010
4246.66926 16.035 0.011
4246.75941 15.782 0.009
4246.76211 15.773 0.010
4246.85272 16.022 0.010
4246.85543 16.048 0.012
4247.68174 16.384 0.011
4247.82259 15.680 0.007
4250.72988 16.078 0.010
4250.73262 16.050 0.011
4251.80147 16.043 0.014
4251.80421 16.059 0.015
4256.61760 15.716 0.009
4256.76362 16.062 0.011
4256.86143 16.202 0.015
4257.64927 16.068 0.011
4257.65198 16.027 0.012
4258.63292 16.344 0.014
4258.63554 16.321 0.016
4258.75541 15.952 0.009
4258.75800 15.939 0.011
4258.84951 15.827 0.009
4258.85213 15.839 0.010
4267.59350 15.714 0.008
4267.59612 15.736 0.010
4268.55670 16.380 0.011
4268.55933 16.403 0.014
4268.83957 16.055 0.010
4268.84219 16.060 0.011
4269.57593 16.305 0.012
4269.57854 16.289 0.013
4269.69646 16.434 0.012
4269.69908 16.367 0.013
4269.78570 15.690 0.006
4269.78832 15.720 0.008
4270.56946 16.164 0.010
4270.57209 16.162 0.012
4272.59781 15.869 0.008
4272.60044 15.875 0.010
4272.74695 16.143 0.010
4272.74959 16.150 0.011
4272.80620 16.198 0.009
4272.80883 16.210 0.011
4272.87774 16.312 0.014
4272.88037 16.339 0.016
4273.61494 15.680 0.009
4273.61756 15.678 0.010
4273.79560 16.081 0.011
4273.79821 16.095 0.013
4273.85674 16.160 0.012
4273.85935 16.188 0.017
4274.54757 16.329 0.013
4274.55020 16.238 0.014
4274.69991 15.692 0.008
4274.70397 15.678 0.010
4274.76248 15.786 0.009
4274.76509 15.795 0.010
4274.82088 15.948 0.009
4274.82349 15.968 0.009
4275.60002 16.268 0.011
4275.60265 16.297 0.013
4275.77537 16.062 0.011
4275.77799 16.050 0.011
4275.83384 15.708 0.009
4275.83648 15.728 0.010
4276.58481 16.145 0.011
4276.58742 16.131 0.014
4277.52860 15.839 0.010
4277.53122 15.851 0.012
4277.70549 16.177 0.011
4277.76419 16.235 0.013
4277.76682 16.246 0.014
4277.82283 16.356 0.016
4277.82546 16.353 0.018
4278.57236 15.690 0.010
4278.57551 15.675 0.010
4278.74964 16.117 0.012
4278.75228 16.102 0.013
4278.82870 16.205 0.015
4283.50801 15.668 0.009
4283.51065 15.681 0.010
4283.72834 16.147 0.012
4284.50297 16.461 0.015
4284.50559 16.476 0.018
4284.69312 15.895 0.009
4284.75590 16.055 0.010
4284.81484 16.138 0.012
4285.50605 16.328 0.015
4285.50869 16.361 0.016
4285.69418 15.652 0.008
4285.76062 15.804 0.008
4285.82594 15.985 0.010
4286.50575 16.176 0.012
4286.50838 16.180 0.013
4286.80293 15.655 0.008
4289.51356 15.882 0.010
4289.51621 15.797 0.011
4289.73212 16.100 0.011
4289.73474 16.118 0.012
4289.79724 16.177 0.011
4289.79987 16.195 0.013
4290.55988 16.449 0.015
4290.56252 16.480 0.019
4291.62250 16.402 0.012
4291.78520 15.802 0.011
4291.78783 15.822 0.012
4292.48816 16.103 0.010
4292.49078 16.085 0.011
4292.66732 16.315 0.012
4292.72592 16.428 0.011
4292.72854 16.432 0.013
4292.78445 16.247 0.010
4292.78709 16.223 0.011
4293.48847 15.934 0.009
4293.49112 15.894 0.010
4293.71307 16.251 0.011
4293.71571 16.269 0.012
4293.77451 16.361 0.013
4294.48765 15.679 0.008
4294.49029 15.664 0.009
4295.49476 16.446 0.013
4295.49742 16.432 0.015
4295.69278 15.945 0.008
4295.69543 15.938 0.009
4295.75137 16.049 0.009
4295.75400 16.071 0.010
4296.49173 16.321 0.012
4296.49438 16.307 0.014
4296.68443 15.686 0.007
4296.69097 15.688 0.009
4296.81270 15.996 0.011
4296.82385 16.038 0.013
4297.51134 16.210 0.012
4297.51399 16.171 0.013
4297.71294 16.395 0.011
4297.71559 16.365 0.011
4298.54621 16.124 0.012
4298.54886 16.103 0.013
4298.65195 16.248 0.012
4298.65458 16.236 0.013
4298.75155 16.400 0.015
4298.75420 16.415 0.016
4299.52924 15.948 0.009
4299.53187 15.917 0.009
4299.62223 16.092 0.009
4299.71442 16.196 0.011
4299.71707 16.195 0.010
4299.80517 16.345 0.014
4299.81164 16.332 0.015
4300.52491 15.697 0.008
4300.52756 15.654 0.009
4300.64499 15.978 0.009
4300.64762 15.987 0.010
4300.74051 16.120 0.010
4300.74316 16.142 0.012
4301.51578 16.407 0.011
4301.51844 16.379 0.013
4301.61155 15.684 0.007
4301.71129 15.900 0.008
4301.71484 15.876 0.009
4301.80251 16.064 0.009
4301.80516 16.073 0.011
4302.58876 16.374 0.012
4302.59141 16.394 0.015
4302.68896 15.974 0.010
4302.69159 15.949 0.011
4303.67480 16.344 0.014
4303.67746 16.396 0.017
4304.54890 16.065 0.011
4304.55156 16.076 0.013
4304.65959 16.248 0.016
4304.66967 16.242 0.016
4306.63285 15.849 0.009
4306.63551 15.858 0.010
4306.68565 15.982 0.010
4306.68915 15.989 0.011
4310.61207 16.123 0.012
4310.61471 16.124 0.014
4311.76074 16.180 0.015
4311.76339 16.200 0.017
4312.54435 16.392 0.014
4312.54700 16.377 0.017
4312.74280 16.003 0.009
4312.74544 16.004 0.011
4315.63534 16.223 0.013
4316.70852 16.192 0.012
4316.71118 16.198 0.013
4317.55659 15.672 0.008
4317.55926 15.646 0.008
4319.51385 16.255 0.012
4319.76870 15.715 0.009
4319.77136 15.711 0.010
4320.54067 16.174 0.011
4320.54332 16.183 0.012
4320.59554 16.240 0.012
4320.77207 16.457 0.016
4326.50790 16.081 0.010
4326.51058 16.077 0.012
4326.70510 16.313 0.013
4326.70776 16.343 0.015
4327.58629 16.043 0.012
4327.58909 16.077 0.014
4327.72759 16.235 0.014
4327.73037 16.256 0.016
4328.51309 15.728 0.009
4328.51589 15.684 0.009
4328.69113 16.052 0.011
4328.69392 16.060 0.012
4329.52309 16.442 0.013
4329.52576 16.460 0.016
4329.67097 15.804 0.009
4329.67363 15.810 0.011
4330.49401 16.235 0.011
4330.49678 16.240 0.013
4330.68727 16.055 0.010
4330.69004 16.007 0.010
4331.47409 16.121 0.013
4331.47689 16.113 0.014
4331.68295 16.385 0.015
4331.68575 16.392 0.016
4332.50388 15.978 0.009
4332.50667 15.985 0.010
4333.52495 15.810 0.009
4333.52775 15.835 0.010
4333.68609 16.121 0.011
4333.68888 16.158 0.014
4334.49833 16.495 0.027
4334.50112 16.458 0.023
4334.62657 15.862 0.016
4338.49820 15.887 0.009
4338.50097 15.893 0.011
4339.47556 16.054 0.011
4339.47835 16.044 0.013
4339.69197 16.095 0.013
4339.69478 16.091 0.016
4340.59585 15.714 0.008
4340.59863 15.689 0.009
4341.49886 16.300 0.014
4341.50166 16.326 0.017
4342.52808 16.186 0.011
4342.53086 16.181 0.013
4343.50688 16.020 0.009
4343.50967 15.992 0.010
4344.53510 15.889 0.010
4344.53790 15.889 0.012
4345.49997 16.332 0.010
4345.50311 16.268 0.012
4346.51297 16.361 0.013
4346.51578 16.343 0.016
4347.52770 16.285 0.012
4347.53048 16.268 0.014
4349.48892 15.894 0.010
4349.49170 15.893 0.011
4350.53598 15.742 0.008
4350.53879 15.729 0.009
4351.50187 16.451 0.013
4351.50468 16.419 0.014
4352.55243 16.368 0.015
4352.55522 16.403 0.019
4353.50579 16.184 0.010
4353.50858 16.141 0.011
4354.53451 16.092 0.009
4354.53729 16.112 0.011
4355.53613 15.905 0.009
4355.53892 15.921 0.010
4356.50250 15.971 0.010
4356.50530 15.936 0.010
4357.53158 16.442 0.015
4357.53437 16.469 0.018
4358.49461 16.239 0.013
4358.49741 16.261 0.015
4359.53217 16.170 0.011
4359.53497 16.174 0.012
4360.51960 16.000 0.011
4360.55947 16.075 0.013
4361.56492 15.899 0.012
4361.56772 15.914 0.013
4362.50666 16.425 0.014
4362.50947 16.446 0.016
4365.55748 16.142 0.014
4365.56028 16.165 0.015
4367.48358 16.018 0.010
4367.48637 15.987 0.011
4368.52723 16.466 0.016
4368.53000 16.469 0.019
4369.60659 16.443 0.017
4370.48450 16.133 0.012
4370.48728 16.138 0.014
4371.52966 16.036 0.009
4371.53245 16.072 0.011
4372.51542 15.786 0.008
4372.51821 15.795 0.009
4373.48991 16.439 0.016
4373.50438 16.356 0.016
4376.56630 16.196 0.013
4376.56910 16.196 0.017
4377.60358 16.119 0.012
4377.60635 16.070 0.013
4378.51410 15.674 0.008
4378.51689 15.690 0.009
4379.52915 16.446 0.016
4379.53194 16.418 0.019
4380.54064 16.321 0.012
4380.54343 16.310 0.013
4381.51930 16.189 0.014
4381.52211 16.180 0.016
4382.56131 16.136 0.011
4382.56466 16.138 0.014
4383.55241 15.938 0.010
4383.55519 15.924 0.011
4384.52658 15.700 0.009
4384.52937 15.665 0.010
4387.58054 16.227 0.011
4387.58608 16.217 0.014
4393.52643 16.102 0.010
4393.52922 16.103 0.012
4394.54178 15.949 0.010
4394.54456 15.971 0.012
4395.51318 15.691 0.008
4395.51598 15.676 0.010
4396.50517 16.415 0.016
4396.50797 16.467 0.020
4397.52950 16.295 0.012
4397.53227 16.311 0.015
4398.53441 16.170 0.012
4398.53721 16.193 0.014
4399.52707 16.043 0.012
4399.52987 16.045 0.013
4400.52917 15.827 0.011
4400.53194 15.828 0.012
4402.54558 16.393 0.016
4402.54837 16.475 0.022
4403.54462 16.275 0.014
4403.54741 16.292 0.017
4407.52056 16.456 0.016
4408.53819 16.305 0.017
4507.85096 16.217 0.012
4507.85354 16.244 0.015
4510.85622 15.675 0.007
4510.85891 15.693 0.009
4513.85736 16.185 0.009
4513.86004 16.165 0.011
4517.85647 16.416 0.018
4517.85915 16.338 0.018
4519.87741 16.143 0.010
4522.87132 16.377 0.013
4524.80722 16.138 0.011
4524.80991 16.164 0.012
4530.81482 16.085 0.009
4533.84845 16.411 0.012
4535.80187 16.149 0.011
4535.83536 16.192 0.014
4536.89110 16.133 0.009
4536.89378 16.084 0.011
4537.87675 15.963 0.008
4537.87943 15.976 0.009
4538.81187 16.122 0.011
4539.84992 16.410 0.011
4540.79607 16.211 0.009
4541.78880 16.079 0.008
4542.78349 15.892 0.009
4542.78618 15.892 0.012
4543.77903 15.743 0.008
4543.78170 15.712 0.010
4544.77593 16.366 0.012
4544.77861 16.391 0.015
4545.78221 16.254 0.010
4546.78936 16.154 0.010
4547.78333 16.009 0.009
4548.79431 15.791 0.009
4550.73734 16.334 0.014
4550.74003 16.292 0.015
4551.76054 16.160 0.010
4552.75644 16.073 0.014
4556.75256 16.256 0.010
4557.76983 16.177 0.010
4557.77249 16.153 0.012
4558.74677 15.959 0.008
4558.74944 15.946 0.009
4558.91653 16.201 0.010
4559.74466 15.680 0.007
4559.74734 15.657 0.008
4560.74477 16.451 0.012
4560.74745 16.407 0.012
4561.73482 16.317 0.011
4561.92101 15.665 0.007
4564.72502 15.793 0.008
4564.72770 15.802 0.009
4564.92553 16.168 0.011
4565.72309 16.043 0.008
4565.72580 15.953 0.008
4565.91395 16.018 0.008
4566.72257 16.353 0.011
4566.72526 16.331 0.012
4566.91943 15.808 0.007
4567.71554 16.210 0.010
4567.71824 16.169 0.011
4567.92144 16.018 0.009
4568.72145 16.122 0.011
4568.72687 16.116 0.011
4569.73047 15.962 0.010
4569.73595 15.961 0.011
4570.72389 15.722 0.008
4570.72660 15.715 0.011
4571.71852 16.448 0.016
4571.90711 15.933 0.008
4572.74601 16.293 0.011
4573.73441 16.188 0.010
4573.73712 16.175 0.013
4573.90077 16.432 0.011
4574.73680 16.088 0.010
4574.73949 16.085 0.012
4575.74229 15.923 0.008
4576.75240 15.673 0.007
4576.75508 15.660 0.009
4577.83408 15.692 0.008
4578.78513 16.346 0.015
4578.80499 16.351 0.015
4579.86203 16.314 0.014
4579.86474 16.379 0.016
4583.72884 16.311 0.012
4583.91498 15.721 0.007
4583.91768 15.726 0.009
4585.75258 16.134 0.011
4586.77776 16.021 0.010
4586.78046 15.998 0.012
4587.76544 15.723 0.008
4587.92403 16.117 0.012
4587.92672 16.115 0.013
4588.68795 16.357 0.013
4588.91884 15.873 0.008
4588.92153 15.898 0.009
4589.67089 16.232 0.011
4589.82630 16.448 0.012
4589.88829 16.074 0.010
4589.89100 16.045 0.011
4590.69049 16.129 0.010
4590.69638 16.108 0.012
4590.89615 16.387 0.011
4590.89885 16.409 0.012
4591.70215 15.966 0.009
4591.82705 16.178 0.010
4591.89416 16.252 0.011
4591.89686 16.278 0.012
4592.66075 15.648 0.007
4592.66348 15.631 0.009
4592.85004 16.099 0.011
4592.92836 16.181 0.011
4593.64992 16.436 0.013
4593.65262 16.394 0.015
4593.85961 15.888 0.008
4593.94178 16.069 0.013
4594.67097 16.343 0.012
4594.67368 16.321 0.014
4594.86596 15.649 0.007
4594.93148 15.818 0.008
4594.93417 15.802 0.009
4595.66048 16.158 0.010
4595.66316 16.153 0.012
4595.85485 16.423 0.012
4595.91674 16.268 0.011
4596.65567 15.997 0.009
4596.65836 15.996 0.011
4597.68013 15.830 0.008
4597.68282 15.812 0.009
4597.87164 16.179 0.010
4597.87433 16.163 0.011
4598.65642 16.320 0.009
4598.92509 16.127 0.010
4599.62885 16.320 0.014
4599.63157 16.291 0.014
4599.91943 15.926 0.010
4600.63812 16.182 0.009
4600.84684 16.380 0.011
4601.64370 16.082 0.009
4601.64640 16.055 0.010
4601.85993 16.337 0.010
4601.92178 16.481 0.013
4602.63634 15.865 0.008
4602.84575 16.208 0.009
4603.76378 15.932 0.009
4606.63762 16.149 0.011
4606.88897 16.352 0.011
4606.89541 16.278 0.012
4610.73377 16.350 0.010
4610.73649 16.312 0.012
4610.94100 16.044 0.011
4610.94368 15.988 0.012
4611.62311 16.189 0.012
4611.62583 16.168 0.013
4611.81395 16.432 0.011
4612.64448 16.110 0.011
4612.64720 16.081 0.012
4615.78621 15.804 0.009
4615.78893 15.784 0.009
4616.59523 16.220 0.012
4616.59794 16.219 0.015
4616.81174 15.823 0.008
4616.88170 15.783 0.008
4616.88445 15.737 0.009
4617.66147 16.188 0.010
4618.60696 15.976 0.010
4618.60970 15.940 0.010
4621.73592 16.136 0.007
4621.90921 15.974 0.008
4621.93037 16.017 0.009
4622.56953 16.193 0.014
4622.80539 16.433 0.013
4622.90685 15.734 0.009
4623.64076 16.158 0.013
4623.86454 16.413 0.015
4624.58447 15.808 0.008
4624.58721 15.798 0.010
4624.80866 16.209 0.011
4624.87501 16.301 0.011
4625.59857 15.749 0.008
4625.78893 16.075 0.010
4625.90369 16.233 0.014
4625.90763 16.192 0.016
4626.59709 16.399 0.014
4626.59981 16.395 0.016
4626.85240 15.992 0.011
4626.85511 16.007 0.012
4627.55754 16.199 0.011
4627.56027 16.168 0.012
4627.82975 15.675 0.007
4627.91410 15.906 0.008
4628.54325 16.079 0.010
4628.54681 16.095 0.012
4628.75111 16.311 0.011
4628.81654 16.468 0.013
4628.88643 15.920 0.009
4629.62222 16.023 0.009
4629.62497 16.034 0.010
4629.82486 16.314 0.011
4629.82761 16.302 0.013
4629.90286 16.453 0.013
4629.90561 16.388 0.014
4630.55817 15.659 0.008
4630.56090 15.644 0.010
4630.76401 16.106 0.009
4630.84735 16.193 0.010
4630.85011 16.192 0.011
4630.91014 16.327 0.013
4631.55957 16.432 0.010
4631.56231 16.423 0.013
4631.77533 15.946 0.008
4631.86199 16.107 0.010
4631.86472 16.103 0.011
4632.56335 16.298 0.010
4632.85009 15.884 0.009
4632.85283 15.886 0.010
4633.56332 16.178 0.010
4633.67486 16.311 0.010
4633.79060 16.424 0.012
4638.74837 16.293 0.012
4638.75111 16.232 0.013
4638.85858 15.822 0.009
4638.86133 15.834 0.011
4639.57093 16.149 0.011
4639.66871 16.227 0.010
4640.59044 16.001 0.009
4640.59319 16.021 0.011
4640.72261 16.204 0.010
4640.72536 16.170 0.011
4640.82762 16.322 0.013
4640.83037 16.324 0.014
4641.66443 15.969 0.009
4641.77439 16.142 0.010
4641.77714 16.170 0.012
4642.58832 16.308 0.011
4642.75085 15.954 0.010
4642.82592 16.082 0.010
4643.54611 16.317 0.012
4644.59349 16.238 0.012
4644.59625 16.257 0.016
4644.84970 15.696 0.007
4644.85522 15.693 0.009
4645.51655 15.983 0.010
4645.51932 15.964 0.012
4645.76503 16.300 0.012
4645.83977 16.463 0.014
4646.51461 15.710 0.007
4646.84700 16.305 0.011
4647.51098 16.449 0.014
4647.51371 16.440 0.016
4647.73402 16.043 0.010
4647.84504 16.199 0.012
4648.49412 16.300 0.012
4648.49689 16.278 0.014
4648.70775 15.723 0.008
4648.81164 16.011 0.010
4649.52021 16.205 0.012
4649.52297 16.221 0.015
4649.72891 16.321 0.010
4649.85532 15.874 0.009
4650.50620 16.053 0.010
4650.50894 16.067 0.013
4650.77012 16.430 0.013
4650.86381 15.762 0.009
4651.50953 15.865 0.010
4651.51229 15.898 0.013
4651.80468 16.317 0.012
4651.80745 16.254 0.015
4652.50059 15.943 0.009
4652.50335 15.850 0.011
4652.71373 16.079 0.009
4652.78861 16.200 0.011
4652.83834 16.224 0.012
4653.49694 16.366 0.014
4653.49969 16.382 0.018
4653.71612 15.885 0.009
4653.71888 15.902 0.010
4653.78129 16.058 0.011
4653.78407 16.044 0.012
4654.53574 16.332 0.012
4654.74719 15.705 0.008
4654.74997 15.672 0.009
4654.81232 15.900 0.011
4655.49681 16.125 0.011
4655.49954 16.127 0.014
4655.72130 16.435 0.011
4655.72405 16.396 0.012
4655.78309 16.140 0.010
4656.49875 15.969 0.008
4656.50153 15.966 0.010
4656.68849 16.264 0.011
4656.80777 16.412 0.014
4656.81051 16.398 0.015
4657.72310 16.197 0.012
4657.72648 16.200 0.014
4658.65708 15.882 0.009
4658.65986 15.899 0.010
4659.59119 16.488 0.017
4660.60952 16.326 0.011
4660.61229 16.326 0.014
4661.48681 16.078 0.011
4661.48957 16.062 0.011
4661.68750 16.325 0.013
4661.74898 16.434 0.014
4661.81617 16.268 0.013
4665.65426 16.324 0.014
4665.65702 16.304 0.015
4666.55968 16.198 0.011
4666.70276 16.444 0.013
4666.70555 16.430 0.014
4666.74491 16.385 0.013
4666.74769 16.343 0.014
4667.57123 16.151 0.013
4670.64440 15.670 0.008
4670.64716 15.644 0.009
4671.57992 16.304 0.011
4671.58268 16.326 0.013
4672.50540 16.108 0.009
4672.50818 16.103 0.011
4672.69790 16.336 0.010
4672.70066 16.335 0.013
4672.72018 16.367 0.011
4672.72293 16.369 0.015
4674.50853 15.720 0.009
4674.51128 15.729 0.010
4674.70164 16.118 0.010
4674.74093 16.179 0.012
4675.67582 15.891 0.008
4677.48511 16.160 0.009
4677.48789 16.155 0.012
4677.63144 16.330 0.013
4677.63431 16.340 0.013
4677.77402 15.730 0.008
4677.77679 15.704 0.009
4678.68853 16.306 0.011
4678.69129 16.284 0.011
4679.49073 15.828 0.010
4679.49351 15.802 0.011
4681.52651 16.429 0.013
4681.52929 16.436 0.014
4681.62653 15.691 0.008
4681.62931 15.687 0.009
4681.75875 15.982 0.009
4681.76152 15.980 0.011
4682.49752 16.234 0.010
4682.50029 16.211 0.012
4682.65485 16.427 0.011
4682.65762 16.475 0.014
4682.75007 15.707 0.008
4682.75285 15.692 0.009
4683.51604 16.156 0.011
4683.51883 16.141 0.014
4683.70294 16.386 0.012
4683.70573 16.439 0.018
4684.50859 15.992 0.009
4684.51138 16.005 0.011
4684.72229 16.305 0.011
4684.72506 16.312 0.013
4685.49352 15.695 0.009
4685.49630 15.699 0.010
4685.51327 15.757 0.009
4685.57035 15.918 0.009
4685.60439 15.996 0.009
4685.65929 16.097 0.009
4685.72849 16.181 0.011
4685.73128 16.171 0.012
4686.49730 16.441 0.013
4686.50006 16.441 0.015
4686.70129 16.001 0.011
4687.48106 16.322 0.012
4687.48384 16.311 0.014
4687.73655 15.807 0.008
4687.73934 15.836 0.010
4688.49398 16.203 0.011
4688.49677 16.176 0.013
4688.68381 16.451 0.011
4688.68660 16.468 0.015
4688.74562 15.907 0.009
4688.74841 15.859 0.011
4693.54156 16.314 0.010
4693.54434 16.291 0.012
4694.53679 16.235 0.014
4697.49745 16.402 0.012
4697.50023 16.317 0.012
4698.50297 16.327 0.011
4698.50576 16.313 0.012
4699.49911 16.194 0.011
4699.50193 16.166 0.012
4700.50538 16.112 0.009
4700.50819 16.081 0.011
4701.50066 15.903 0.009
4701.50347 15.845 0.010
4702.49919 15.657 0.007
4702.50197 15.635 0.008
4703.56967 15.927 0.009
4703.57249 15.876 0.009
4704.63945 16.362 0.011
4704.64223 16.327 0.012
4705.50288 16.173 0.010
4705.50567 16.160 0.012
4707.63600 16.052 0.010
4708.53608 15.694 0.009
4708.53888 15.684 0.010
4709.51218 16.400 0.015
4709.51499 16.396 0.017
4710.54181 16.285 0.010
4710.54461 16.312 0.011
4711.52116 16.141 0.009
4715.58116 16.447 0.015
4715.58394 16.452 0.017
4715.60096 16.445 0.016
4716.48542 16.176 0.011
4716.58355 16.285 0.014
4716.58634 16.305 0.014
4720.55070 16.434 0.013
4720.55350 16.415 0.015
4721.48225 16.280 0.015
4721.48504 16.267 0.018
4722.51479 16.162 0.010
4722.51759 16.168 0.012
4724.50459 15.757 0.009
4724.50739 15.740 0.011
4725.48288 16.461 0.016
4725.48621 16.506 0.020
4726.54431 16.457 0.017
4726.54711 16.416 0.018
4728.58944 16.209 0.013
4728.59223 16.232 0.016
4729.54492 16.030 0.011
4729.54772 16.040 0.013
4730.56128 15.789 0.008
4730.56408 15.803 0.009
4731.56818 16.053 0.010
4733.51988 16.218 0.011
4733.52266 16.224 0.013
4734.54926 16.128 0.011
4734.55204 16.103 0.012
4737.54014 16.442 0.013
4737.54294 16.403 0.015
4740.55065 16.058 0.011
4740.55345 16.030 0.012
4741.55834 15.847 0.009
4741.56114 15.879 0.009
4743.53330 16.347 0.012
4743.53609 16.288 0.014
4753.54423 15.979 0.011
4753.54700 15.899 0.011
4756.52306 16.129 0.011
4758.50588 15.685 0.009
4758.50867 15.683 0.010
4868.87629 15.703 0.007
4868.87897 15.677 0.008
4869.86015 16.364 0.011
4869.86286 16.389 0.014
4873.84898 15.674 0.007
4873.85169 15.697 0.010
4874.84617 16.488 0.020
4877.84329 16.030 0.009
4877.84599 16.035 0.010
4883.84531 15.972 0.009
4884.85082 15.737 0.007
4884.85353 15.740 0.008
4886.89396 16.396 0.012
4890.87888 15.685 0.007
4896.86714 16.008 0.008
4896.86981 15.958 0.011
4899.83804 16.093 0.009
4900.87949 15.987 0.008
4901.87787 15.721 0.007
4902.87659 16.415 0.010
4904.80068 16.115 0.009
4904.80337 16.104 0.010
4905.90466 16.122 0.010
4910.82642 16.086 0.009
4911.77720 15.774 0.007
4911.77987 15.777 0.008
4912.77411 16.239 0.008
4912.77680 16.211 0.010
4914.79119 16.225 0.010
4917.75222 15.718 0.007
4917.75492 15.671 0.008
4924.77358 16.342 0.010
4924.77614 16.351 0.012
4925.81352 16.292 0.009
4925.90056 16.411 0.010
4927.70715 15.782 0.009
4927.71579 15.835 0.011
4927.86768 16.131 0.010
4928.72968 15.795 0.008
4929.78595 16.396 0.010
4930.70045 16.230 0.010
4930.70301 16.224 0.014
4930.81938 16.369 0.011
4931.71528 16.112 0.010
4931.71785 16.141 0.013
4931.86095 16.327 0.010
4932.71834 15.961 0.008
4932.72090 15.982 0.010
4932.78452 16.078 0.008
4932.81901 16.127 0.008
4933.76667 15.835 0.008
4934.76507 15.920 0.012
4934.83033 15.737 0.008
4938.67566 15.749 0.008
4938.67822 15.752 0.009
4938.88031 16.160 0.010
4939.69457 16.070 0.010
4939.69714 16.023 0.011
4940.69457 16.345 0.011
4940.69714 16.378 0.014
4941.67332 16.220 0.011
4941.67590 16.199 0.013
4941.77132 16.334 0.012
4942.71109 16.142 0.009
4942.71367 16.173 0.011
4943.66516 15.883 0.008
4943.66772 15.892 0.009
4943.80465 16.155 0.009
4944.66197 15.695 0.007
4944.66453 15.682 0.008
4944.81741 15.997 0.008
4945.71042 16.371 0.010
4945.76687 15.672 0.006
4946.66009 16.271 0.010
4946.66265 16.283 0.013
4947.65375 16.140 0.009
4947.65632 16.120 0.011
4947.85169 16.379 0.010
4948.83430 16.213 0.009
4949.78240 16.045 0.008
4951.64246 16.288 0.011
4951.64502 16.328 0.014
4952.64068 16.184 0.010
4952.64326 16.184 0.013
4953.63432 16.057 0.009
4953.63690 16.052 0.012
4953.80888 16.290 0.011
4954.63584 15.865 0.008
4954.63843 15.885 0.011
4954.82871 16.187 0.009
4955.63914 15.796 0.011
4955.76991 15.962 0.009
