 551.87262 16.856 0.013
 552.78821 16.795 0.012
 553.85664 17.088 0.016
 554.84934 16.917 0.016
 555.79338 16.796 0.015
 557.70030 16.907 0.018
 557.78994 16.976 0.021
 557.87979 16.993 0.018
 558.74547 16.815 0.017
 558.88148 16.894 0.015
 559.69567 17.061 0.026
 560.67463 16.879 0.016
 560.76509 16.937 0.016
 560.87799 17.040 0.018
 561.67367 16.834 0.014
 561.80195 16.910 0.015
 561.87139 16.941 0.016
 562.71384 16.739 0.016
 562.79803 16.806 0.015
 562.88874 16.860 0.018
 563.80514 16.867 0.014
 563.89255 16.754 0.020
 567.71362 16.944 0.014
 567.84295 17.029 0.016
 568.71232 16.878 0.016
 568.79708 16.904 0.016
 569.67857 16.731 0.013
 570.67254 17.008 0.015
 570.85205 16.734 0.014
 570.88228 16.774 0.015
 570.89459 16.774 0.016
 571.65391 16.900 0.017
 571.77358 16.943 0.015
 571.88743 17.056 0.018
 572.72136 16.830 0.015
 572.85793 16.947 0.019
 573.64840 17.064 0.019
 573.82364 16.756 0.013
 574.67039 16.961 0.015
 574.76077 17.010 0.015
 575.67138 16.895 0.019
 575.85823 16.950 0.019
 576.67445 16.719 0.013
 576.81563 16.840 0.012
 576.92164 16.924 0.015
 577.82796 16.744 0.013
 578.67579 16.978 0.017
 581.64771 16.987 0.017
 581.86730 16.764 0.014
 582.66087 16.887 0.019
 582.87783 17.016 0.018
 583.65584 16.763 0.013
 583.76555 16.841 0.014
 583.90060 16.893 0.020
 587.67102 16.797 0.014
 588.65388 16.930 0.017
 588.77165 17.034 0.016
 588.92756 16.783 0.014
 590.67235 16.784 0.022
 590.75326 16.856 0.019
 599.66495 16.990 0.015
 600.65098 16.834 0.013
 600.79046 16.937 0.016
 601.72127 16.784 0.012
 601.92299 16.941 0.019
 605.58349 17.027 0.024
 605.91247 16.878 0.020
 605.94038 16.885 0.022
 606.58338 16.941 0.015
 606.72258 16.989 0.015
 606.89638 16.744 0.015
 607.57647 16.828 0.013
 607.69665 16.882 0.014
 607.85329 16.974 0.018
 608.57161 16.885 0.014
 608.68847 16.781 0.012
 608.84496 16.870 0.015
 614.59326 16.832 0.016
 614.78249 16.946 0.015
 615.57355 16.827 0.014
 615.66815 16.776 0.012
 615.76312 16.852 0.015
 615.88203 16.938 0.017
 615.93234 16.980 0.021
 616.57393 16.929 0.014
 616.69212 17.007 0.015
 616.78755 16.745 0.014
 616.88325 16.811 0.021
 622.78371 16.860 0.015
 623.65813 17.016 0.016
 623.79750 16.735 0.014
 624.57507 16.909 0.014
 624.67073 16.943 0.017
 624.74510 16.990 0.015
 625.58505 16.784 0.012
 625.68444 16.894 0.019
 626.56624 17.017 0.015
 626.64074 16.708 0.012
 626.78037 16.816 0.014
 627.80270 16.716 0.016
 628.61948 16.889 0.016
 628.71932 16.957 0.017
 628.82832 16.978 0.018
 629.58937 16.739 0.013
 629.70953 16.822 0.015
 630.55927 17.012 0.018
 631.63670 16.948 0.014
 631.73291 16.959 0.017
 632.62744 16.849 0.018
 632.71950 16.924 0.017
 633.60660 16.758 0.013
 635.67617 16.943 0.018
 643.55060 16.748 0.013
 643.64580 16.802 0.014
 645.56407 16.922 0.013
 649.50478 16.840 0.015
 652.55004 16.934 0.015
 653.69147 16.933 0.016
 655.71727 16.735 0.013
 656.59148 16.956 0.014
 657.58823 16.799 0.013
 658.59510 16.830 0.017
 663.53465 16.923 0.019
 665.56188 16.833 0.012
 666.49816 16.928 0.017
 667.53425 16.849 0.012
 669.49688 16.957 0.014
 670.66527 16.986 0.017
 671.50013 16.793 0.018
 673.63766 17.031 0.025
 684.48694 16.914 0.013
 685.47777 16.809 0.014
 686.52966 16.745 0.013
 687.52284 16.975 0.016
 688.50336 16.882 0.016
 689.48825 16.764 0.013
 694.49321 16.988 0.019
 697.49449 17.029 0.018
 698.49005 16.914 0.016
 699.48657 16.831 0.015
 700.50238 16.749 0.020
 701.48618 17.008 0.026
 704.50393 16.899 0.018
 708.57429 16.885 0.017
 713.49541 16.893 0.015
 720.49936 16.861 0.013
 728.60550 16.913 0.019
 742.55149 16.903 0.026
 753.51460 16.815 0.019
 857.87512 16.968 0.019
 877.88563 16.771 0.012
 878.83832 16.973 0.013
 890.88347 16.900 0.015
 896.81174 16.957 0.012
 900.81096 16.908 0.013
 918.82088 16.910 0.015
 924.88116 16.831 0.017
 928.88126 17.031 0.019
 930.80384 16.742 0.013
 933.78419 16.822 0.013
 934.83527 16.704 0.014
 936.82757 16.923 0.014
 937.77066 16.756 0.015
 939.73134 16.918 0.016
 941.70530 16.990 0.015
 950.68249 16.811 0.015
 951.75303 16.794 0.014
 952.71977 16.992 0.014
 953.73371 16.938 0.015
 954.73894 16.817 0.015
 961.77502 16.838 0.013
 962.70031 16.762 0.014
 963.70732 16.961 0.015
 964.77548 16.977 0.016
 965.67751 16.733 0.014
 966.65328 16.996 0.014
 970.82276 16.795 0.017
 984.70020 17.023 0.017
 985.60413 16.864 0.013
 988.80734 16.896 0.020
 990.66420 16.733 0.013
 991.66207 17.027 0.016
 995.73152 16.985 0.020
 998.75462 16.727 0.014
1006.71364 16.916 0.019
1011.75717 16.877 0.015
1021.64823 16.843 0.016
1026.60792 16.880 0.017
1035.54904 16.819 0.016
1036.59376 16.707 0.014
1037.58514 16.990 0.017
1038.63182 16.905 0.021
1040.51468 16.996 0.018
1041.53112 16.910 0.016
1043.56099 16.705 0.013
1045.50935 16.867 0.013
1046.51662 16.756 0.013
1047.55074 16.846 0.019
1048.53003 16.884 0.015
1051.57662 17.000 0.024
1053.61275 16.855 0.015
1054.50511 16.933 0.013
1060.52492 16.859 0.019
1061.51341 16.821 0.014
1064.51705 16.738 0.017
1065.48443 16.981 0.015
1069.62907 16.870 0.016
1074.52846 16.836 0.017
1077.58160 16.937 0.017
1080.49373 16.891 0.018
1087.54309 16.960 0.018
1090.55077 16.980 0.020
1092.59342 16.883 0.018
1105.56164 16.927 0.017
1107.52140 16.714 0.015
1113.56141 16.839 0.021
1119.50724 16.928 0.022
1220.85846 16.695 0.018
1225.84012 16.888 0.020
1237.85876 16.796 0.023
1242.79617 16.957 0.021
1252.79198 16.819 0.018
1255.84553 16.764 0.016
1259.80914 16.700 0.014
1264.89235 16.916 0.018
1272.86577 16.840 0.019
1279.88062 16.891 0.018
1289.77797 16.874 0.017
1291.86050 16.680 0.008
1295.75661 16.988 0.021
1296.87254 16.965 0.015
1297.82405 16.839 0.016
1298.91718 16.774 0.016
1299.86374 16.949 0.021
1305.79398 16.703 0.014
1306.67292 16.934 0.017
1307.88943 16.935 0.017
1310.81335 16.936 0.015
1312.76798 16.709 0.013
1313.88909 16.684 0.013
1315.77940 16.780 0.014
1316.70462 17.035 0.016
1317.78488 16.934 0.018
1318.77291 16.862 0.018
1318.86855 16.896 0.018
1319.80590 16.743 0.014
1319.87741 16.808 0.016
1320.65660 16.909 0.017
1320.90277 16.686 0.013
1321.68108 16.844 0.017
1321.87458 16.938 0.019
1323.81984 16.727 0.016
1327.75841 16.985 0.019
1332.81131 16.876 0.017
1335.71240 16.895 0.015
1338.76010 16.992 0.018
1340.65872 16.722 0.014
1342.61435 16.840 0.015
1346.67242 16.840 0.015
1347.70245 16.739 0.014
1348.73578 16.785 0.016
1349.74965 16.922 0.015
1350.77734 16.858 0.013
1354.62703 16.734 0.015
1355.60187 16.978 0.020
1365.66641 16.707 0.015
1366.61290 16.937 0.016
1367.68007 16.852 0.017
1368.62881 16.752 0.013
1368.80857 16.873 0.018
1369.57299 17.003 0.020
1369.72990 16.699 0.013
1370.56968 16.886 0.018
1374.71563 16.898 0.018
1375.63934 16.779 0.014
1394.58293 16.980 0.018
1395.56156 16.879 0.014
1397.71072 16.736 0.015
1398.56487 16.907 0.014
1399.58702 16.838 0.016
1400.59374 16.736 0.013
1401.55184 16.961 0.019
1402.54460 16.861 0.016
1403.61467 16.814 0.016
1404.54801 16.793 0.014
1407.56594 16.750 0.015
1408.54314 16.999 0.015
1410.55534 16.820 0.022
1415.55009 16.926 0.020
1416.53037 16.890 0.015
1418.51112 16.799 0.013
1430.60083 16.972 0.018
1433.50686 16.945 0.017
1436.60730 16.720 0.013
1441.51266 16.881 0.024
1443.50695 16.763 0.017
1447.53326 16.982 0.018
1449.53313 16.793 0.017
1454.53114 16.861 0.020
1459.50950 16.854 0.017
1479.50403 16.963 0.030
1595.85682 16.748 0.015
1596.88050 16.934 0.021
1597.86092 16.847 0.018
1597.87102 16.852 0.020
1599.88737 16.920 0.021
1600.87993 16.909 0.018
1609.81948 16.674 0.014
1612.86165 16.790 0.017
1616.89365 16.732 0.014
1618.83006 16.850 0.017
1621.78127 16.872 0.019
1623.79313 16.677 0.016
1625.84267 16.909 0.017
1627.80243 16.774 0.017
1630.88450 16.788 0.019
1633.77635 16.768 0.013
1643.78685 16.808 0.020
1644.89769 16.809 0.013
1646.84723 16.893 0.017
1652.81327 16.765 0.015
1653.80185 16.897 0.014
1655.90521 16.765 0.015
1661.84980 16.874 0.015
1662.89775 16.795 0.013
1663.81524 16.990 0.016
1665.72750 16.751 0.015
1666.81877 16.703 0.013
1667.86301 16.979 0.016
1668.87671 16.904 0.015
1670.74528 17.002 0.014
1671.83929 16.904 0.015
1674.80006 16.968 0.016
1676.78175 16.763 0.013
1681.82215 16.981 0.018
1682.82476 16.913 0.020
1687.84451 16.755 0.018
1692.66250 16.859 0.013
1693.76455 16.835 0.014
1695.84397 16.773 0.013
1698.69915 16.997 0.019
1700.86529 16.903 0.016
1702.68983 16.927 0.014
1703.84666 16.895 0.017
1705.68805 16.952 0.015
1706.70917 16.882 0.015
1709.63099 16.885 0.017
1717.66189 16.884 0.012
1721.73670 16.865 0.020
1722.64355 16.719 0.013
1725.66259 16.753 0.016
1725.70198 16.791 0.014
1726.61093 16.950 0.015
1728.65504 16.819 0.015
1729.63050 16.675 0.012
1730.60165 16.944 0.016
1731.51672 16.805 0.016
1732.66913 16.783 0.014
1738.64623 16.926 0.034
1742.66051 16.876 0.015
1743.63745 16.755 0.013
1744.71979 16.669 0.016
1745.64759 16.929 0.014
1748.57293 16.936 0.018
1749.51380 16.795 0.014
1750.65698 16.788 0.015
1751.57393 17.017 0.014
1752.60972 16.878 0.016
1754.60394 16.655 0.014
1755.61847 16.951 0.019
1756.55635 16.863 0.012
1757.59380 16.732 0.013
1758.60048 16.985 0.017
1759.52926 16.855 0.013
1760.57880 16.835 0.013
1761.54582 16.766 0.014
1762.54314 16.926 0.014
1763.49713 16.808 0.013
1764.58681 16.751 0.013
1765.58993 16.900 0.016
1769.56078 16.933 0.018
1771.56281 16.762 0.025
1772.57293 16.823 0.013
1773.58745 16.887 0.016
1775.58830 16.731 0.014
1776.58356 16.986 0.015
1777.59801 16.897 0.015
1783.59851 16.938 0.015
1784.58822 16.880 0.017
1785.58758 16.782 0.016
1787.58269 16.934 0.017
1788.55159 16.880 0.018
1790.56517 16.956 0.016
1803.51255 16.733 0.013
1806.56251 16.800 0.015
1809.57185 16.877 0.014
1811.58003 16.679 0.019
1814.52850 16.704 0.013
1816.51613 16.884 0.017
1818.49833 16.855 0.018
1824.54115 16.790 0.019
1829.52664 16.955 0.020
1834.50785 16.815 0.016
1843.50947 16.776 0.014
1848.52611 16.868 0.018
2072.60108 16.870 0.021
2072.60813 16.811 0.015
2072.61102 16.801 0.016
2072.61948 16.751 0.014
2072.62234 16.786 0.023
2072.62808 16.722 0.014
2072.63095 16.741 0.024
2072.63669 16.712 0.014
2072.63958 16.730 0.023
2072.65214 16.699 0.014
2072.65503 16.720 0.015
2072.66075 16.718 0.015
2072.66365 16.714 0.015
2072.66940 16.712 0.013
2072.67231 16.708 0.014
2072.67807 16.733 0.013
2072.68095 16.716 0.015
2072.68670 16.744 0.014
2072.68960 16.745 0.016
2072.69536 16.769 0.015
2072.69825 16.734 0.016
2072.70463 16.778 0.015
2072.72545 16.769 0.014
2072.73409 16.785 0.014
2072.73697 16.794 0.015
2072.74270 16.769 0.014
2072.74556 16.766 0.014
2072.75131 16.795 0.014
2072.75421 16.754 0.015
2072.75992 16.781 0.016
2072.76281 16.798 0.016
2072.76854 16.824 0.015
2072.77143 16.805 0.015
2072.77757 16.819 0.015
2072.78046 16.812 0.016
2072.78619 16.818 0.015
2072.78907 16.842 0.016
2072.79478 16.820 0.015
2072.79767 16.845 0.015
2072.80341 16.853 0.016
2072.80629 16.851 0.016
2072.81204 16.846 0.016
2072.81493 16.852 0.017
2072.82065 16.840 0.016
2072.82353 16.893 0.017
2072.83019 16.852 0.017
2072.83306 16.855 0.018
2072.83909 16.864 0.018
2072.84195 16.901 0.018
2072.84818 16.849 0.017
2072.85106 16.923 0.020
2072.85906 16.858 0.017
2072.86194 16.881 0.018
2072.86764 16.842 0.017
2072.87052 16.882 0.018
2072.87625 16.910 0.020
2072.87913 16.956 0.022
2072.89043 16.870 0.021
2072.89329 16.945 0.024
2072.89901 16.844 0.021
2072.90189 16.926 0.021
2072.90758 16.893 0.019
2072.91045 16.909 0.023
2073.57944 16.951 0.019
2073.58234 16.947 0.021
2073.59481 16.950 0.018
2073.59771 16.931 0.018
2073.60345 16.958 0.017
2073.60632 16.900 0.017
2073.61203 16.963 0.016
2073.61491 16.896 0.016
2073.62065 16.962 0.015
2073.62354 16.995 0.018
2073.62927 17.001 0.018
2073.63788 16.975 0.016
2073.64666 16.995 0.017
2073.64955 17.000 0.018
2073.65531 17.013 0.017
2073.66392 17.002 0.015
2073.67476 17.031 0.015
2073.68338 17.029 0.017
2073.69205 17.053 0.017
2073.70065 17.037 0.016
2073.70929 17.036 0.015
2073.71793 17.023 0.015
2073.72741 17.012 0.016
2073.73599 16.969 0.016
2073.74457 16.876 0.014
2073.75315 16.803 0.013
2073.76176 16.819 0.014
2073.77035 16.787 0.013
2073.78361 16.751 0.013
2073.78648 16.723 0.014
2073.79221 16.724 0.014
2073.80914 16.725 0.020
2073.82208 16.729 0.015
2073.82494 16.713 0.015
2073.83106 16.783 0.019
2073.83397 16.733 0.017
2073.84627 16.745 0.015
2073.84915 16.755 0.015
2073.85487 16.733 0.014
2073.85774 16.696 0.014
2073.86348 16.731 0.015
2073.86633 16.728 0.015
2073.87206 16.762 0.015
2073.87493 16.768 0.017
2073.88066 16.771 0.016
2073.88353 16.800 0.017
2073.89417 16.785 0.018
2073.89703 16.831 0.020
2073.90273 16.789 0.017
2073.90560 16.784 0.017
2073.91133 16.815 0.018
2074.57341 16.859 0.016
2074.57630 16.864 0.017
2074.58204 16.842 0.015
2074.58493 16.859 0.017
2074.59067 16.906 0.018
2074.59355 16.910 0.020
2074.59929 16.888 0.017
2074.60217 16.860 0.017
2074.60790 16.892 0.016
2074.61079 16.863 0.018
2074.61656 16.872 0.018
2074.61943 16.876 0.018
2074.62566 16.890 0.018
2074.63427 16.929 0.020
2074.63716 16.940 0.024
2074.64289 16.914 0.021
2074.64576 16.899 0.022
2074.65149 16.890 0.018
2074.65436 16.938 0.019
2074.66011 16.943 0.020
2074.66303 16.926 0.025
2074.66876 16.905 0.015
2074.67166 16.901 0.017
2074.67760 16.929 0.015
2074.69996 16.956 0.019
2074.70863 16.949 0.016
2074.71724 16.963 0.017
2074.72848 16.944 0.015
2074.73707 16.929 0.015
2074.73992 16.947 0.018
2074.76083 16.961 0.016
2074.76943 16.966 0.018
2074.77232 16.981 0.019
2074.77804 16.996 0.018
2074.78091 16.962 0.020
2074.78664 16.973 0.021
2074.78951 16.996 0.021
2074.79650 17.018 0.020
2074.79938 16.947 0.018
2074.80510 17.005 0.019
2074.80798 16.989 0.018
2074.81394 17.024 0.017
2074.81682 16.989 0.019
2074.82256 17.043 0.019
2074.82543 17.012 0.019
2074.83117 17.027 0.016
2074.83403 17.009 0.018
2074.83978 17.013 0.017
2074.84266 17.008 0.016
2074.84840 17.038 0.015
2074.85130 17.055 0.018
2074.85699 17.047 0.016
2074.85987 17.065 0.017
2074.86605 17.051 0.017
2074.86892 17.033 0.017
2074.87460 17.040 0.018
2074.87746 17.052 0.022
2074.88319 17.032 0.020
2074.88606 17.020 0.019
2074.89183 16.995 0.018
2074.89472 17.029 0.019
2074.90046 16.924 0.018
2074.90334 17.004 0.030
2074.90905 16.836 0.017
2075.60820 16.777 0.017
2075.61108 16.795 0.020
2075.61680 16.767 0.016
2075.61969 16.759 0.021
2075.62539 16.770 0.016
2075.62828 16.831 0.020
2075.63403 16.791 0.016
2075.63690 16.861 0.030
2075.64264 16.789 0.016
2075.64553 16.848 0.019
2075.66227 16.805 0.016
2075.66516 16.859 0.018
2075.67087 16.834 0.019
2075.67375 16.885 0.020
2075.67947 16.807 0.015
2075.68236 16.842 0.016
2075.68807 16.804 0.014
2075.69099 16.875 0.018
2075.69674 16.813 0.016
2075.69963 16.866 0.018
2075.70534 16.825 0.016
2075.70822 16.897 0.019
2075.71436 16.822 0.016
2075.71725 16.904 0.019
2075.72360 16.862 0.018
2075.72650 16.899 0.019
2075.73220 16.878 0.017
2075.73510 16.919 0.020
2075.74080 16.833 0.016
2075.76760 16.868 0.017
2075.77047 16.945 0.021
2075.77619 16.927 0.021
2075.77907 16.945 0.020
2075.78477 16.937 0.019
2075.78765 16.923 0.022
2075.79365 16.893 0.019
2075.79652 16.935 0.022
2075.80226 16.951 0.020
2075.80514 16.939 0.020
2075.81086 16.955 0.020
2075.81375 16.959 0.020
2075.81946 16.948 0.020
2075.82236 16.929 0.019
2075.82805 16.974 0.019
2075.83093 16.953 0.019
2075.84070 16.893 0.018
2075.84358 16.960 0.019
2075.84929 16.921 0.018
2075.85218 16.980 0.020
2075.85790 16.949 0.020
2075.86080 16.986 0.021
2075.86650 16.978 0.020
2075.86939 17.019 0.025
2075.87510 16.957 0.021
2075.87794 17.006 0.021
2075.88364 16.956 0.021
2075.88654 17.005 0.023
2075.89256 16.963 0.023
2076.68671 16.779 0.017
2076.68960 16.789 0.018
2076.69532 16.740 0.016
2076.69822 16.789 0.019
2076.70396 16.715 0.015
2076.70684 16.741 0.022
2076.71257 16.713 0.018
2076.72033 16.760 0.018
2076.72734 16.756 0.021
2076.73029 16.828 0.028
2076.73613 16.754 0.017
2076.73910 16.769 0.017
2076.74494 16.777 0.021
2076.74787 16.874 0.036
2076.75368 16.768 0.018
2076.75661 16.813 0.019
2076.76245 16.752 0.016
2076.76539 16.802 0.021
2076.77125 16.749 0.015
2076.77417 16.780 0.020
2076.78711 16.785 0.016
2076.79006 16.785 0.017
2076.79852 16.758 0.017
2076.80142 16.785 0.019
2076.81120 16.804 0.019
2076.81414 16.869 0.023
2076.82370 16.788 0.018
2076.82663 16.856 0.028
2076.83245 16.819 0.016
2076.83536 16.814 0.017
2076.84118 16.823 0.017
2076.84411 16.864 0.020
2076.84991 16.831 0.019
2076.85283 16.825 0.018
2076.85866 16.794 0.017
2076.86160 16.897 0.030
2076.86741 16.816 0.019
2076.87031 16.895 0.022
2076.87671 16.823 0.018
2076.87962 16.833 0.020
2076.88543 16.835 0.018
2076.88836 16.904 0.022
2077.58337 16.934 0.020
2077.58633 16.963 0.022
2077.60399 16.955 0.020
2077.60692 16.936 0.021
2077.61467 16.927 0.018
2077.61760 17.025 0.034
2077.62559 16.933 0.017
2077.62853 16.957 0.019
2077.63434 16.940 0.016
2077.63729 16.963 0.017
2077.64726 16.939 0.014
2077.65017 16.945 0.016
2077.65601 16.947 0.015
2077.65894 16.955 0.016
2077.66475 16.952 0.014
2077.66767 16.955 0.016
2077.67350 16.925 0.014
2077.67639 16.961 0.015
2077.68568 16.948 0.015
2077.68859 16.989 0.017
2077.69444 16.960 0.014
2077.69738 16.998 0.016
2077.70322 16.966 0.015
2077.70615 16.991 0.017
2077.71199 17.028 0.017
2077.71491 16.997 0.018
2077.72072 16.981 0.016
2077.72365 17.021 0.018
2077.72947 17.013 0.016
2077.73240 17.024 0.018
2077.73923 17.032 0.019
2077.74219 17.122 0.026
2077.74802 17.031 0.018
2077.75096 17.095 0.022
2077.75681 17.032 0.017
2077.75976 17.063 0.018
2077.76558 17.034 0.017
2077.76851 17.051 0.018
2077.77432 17.015 0.019
2077.77725 17.076 0.021
2077.78643 17.039 0.017
2077.78938 17.027 0.018
2077.79519 17.020 0.018
2077.79809 17.046 0.020
2077.80390 16.966 0.017
2077.80684 16.954 0.017
2077.81269 16.896 0.015
2077.81563 16.867 0.015
2077.82145 16.830 0.014
2077.82438 16.862 0.016
2077.83020 16.830 0.016
2077.83314 16.847 0.020
2077.83932 16.827 0.021
2077.84225 16.784 0.016
2077.84805 16.825 0.018
2077.85098 16.790 0.019
2077.85681 16.759 0.020
2077.85974 16.778 0.020
2077.86557 16.743 0.017
2077.86848 16.719 0.016
2077.87425 16.701 0.016
2077.87716 16.749 0.022
2077.88299 16.668 0.017
2077.88592 16.730 0.018
2077.89489 16.721 0.026
2077.90367 16.723 0.020
2078.58929 16.854 0.017
2078.59219 16.836 0.019
2078.59800 16.854 0.018
2078.60094 16.864 0.019
2078.60677 16.833 0.018
2078.60971 16.859 0.019
2078.61552 16.836 0.016
2078.61844 16.885 0.021
2078.62429 16.843 0.017
2078.62721 16.889 0.020
2078.63305 16.828 0.016
2078.63599 16.902 0.019
2078.65343 16.847 0.013
2078.65637 16.851 0.015
2078.66218 16.847 0.013
2078.66510 16.857 0.015
2078.67094 16.860 0.013
2078.67388 16.870 0.015
2078.67968 16.867 0.014
2078.68263 16.934 0.018
2078.68846 16.867 0.014
2078.69140 16.880 0.017
2078.69721 16.869 0.015
2078.70013 16.923 0.019
2078.70686 16.896 0.015
2078.70979 16.887 0.018
2078.71577 16.903 0.015
2078.71872 16.925 0.026
2078.72452 16.893 0.014
2078.72744 16.904 0.015
2078.73325 16.907 0.015
2078.73619 16.945 0.017
2078.74200 16.919 0.015
2078.74492 16.930 0.017
2078.75075 16.935 0.017
2078.75368 16.898 0.026
2078.76379 16.923 0.016
2078.76672 16.983 0.019
2078.78265 16.967 0.018
2078.78557 16.955 0.018
2078.79142 16.956 0.018
2078.79435 16.980 0.019
2078.80018 16.964 0.019
2078.80310 16.997 0.019
2078.80891 16.971 0.018
2078.81185 16.994 0.019
2078.83496 16.980 0.019
2078.83791 16.970 0.019
2078.84375 17.017 0.021
2078.84667 16.994 0.022
2078.85248 16.988 0.020
2078.86202 16.954 0.020
2078.86497 17.025 0.022
2078.87072 16.986 0.021
2078.87365 17.026 0.025
2078.87947 16.985 0.025
2078.88240 17.053 0.025
2079.61930 16.693 0.015
2079.62222 16.781 0.020
2079.62802 16.714 0.017
2079.63097 16.817 0.027
2079.63683 16.731 0.015
2079.63977 16.741 0.017
2079.64558 16.742 0.015
2079.64852 16.756 0.016
2079.65431 16.734 0.014
2079.65727 16.780 0.016
2079.66308 16.734 0.014
2079.66603 16.806 0.017
2079.67289 16.779 0.014
2079.67583 16.766 0.015
2079.68164 16.766 0.014
2079.68456 16.818 0.016
2079.69040 16.793 0.015
2079.69331 16.798 0.017
2079.69911 16.773 0.016
2079.70202 16.795 0.017
2079.70783 16.819 0.017
2079.71077 16.817 0.017
2079.71661 16.791 0.015
2079.73070 16.783 0.015
2079.73364 16.811 0.017
2079.73949 16.831 0.016
2079.74242 16.882 0.018
2079.74824 16.777 0.016
2079.75116 16.886 0.019
2079.75696 16.775 0.015
2079.75986 16.821 0.016
2079.76862 16.833 0.017
2079.78392 16.831 0.020
2079.79311 16.836 0.016
2079.79604 16.873 0.018
2079.80185 16.846 0.017
2079.80478 16.885 0.019
2079.81061 16.889 0.019
2079.81356 16.921 0.021
2079.82108 16.882 0.023
2080.55266 16.934 0.014
2080.55559 16.938 0.016
2080.56711 16.954 0.015
2080.57005 16.943 0.016
2080.57583 16.948 0.014
2080.57875 16.934 0.016
2080.58455 16.956 0.014
2080.58749 16.939 0.015
2080.59328 16.975 0.015
2080.59620 16.985 0.016
2080.60202 16.970 0.015
2080.60494 16.961 0.016
2080.61074 16.976 0.018
2080.61368 17.019 0.018
2080.62544 17.002 0.017
2080.62838 16.978 0.017
2080.63422 17.024 0.016
2080.63716 17.088 0.022
2080.64297 17.016 0.017
2080.64591 17.025 0.017
2080.65177 17.011 0.016
2080.65470 17.025 0.018
2080.66048 17.055 0.017
2080.66342 17.030 0.022
2080.67514 17.040 0.017
2080.67809 17.033 0.017
2080.69678 17.045 0.019
2080.69972 17.033 0.020
2080.70554 16.965 0.018
2080.70845 17.011 0.018
2080.71428 16.953 0.017
2080.71720 16.942 0.017
2080.74805 16.801 0.014
2080.75097 16.789 0.014
2080.76051 16.748 0.013
2080.76345 16.861 0.024
2080.77481 16.729 0.013
2080.77774 16.718 0.023
2080.81348 16.720 0.015
2080.82227 16.764 0.017
2080.83101 16.778 0.017
2080.83969 16.820 0.019
2080.84846 16.837 0.030
2080.85724 16.809 0.023
2081.56627 16.862 0.014
2081.56920 16.872 0.017
2081.57616 16.875 0.014
2081.57910 16.865 0.016
2081.58490 16.846 0.014
2081.58783 16.941 0.028
2081.59555 16.892 0.014
2081.59848 16.880 0.016
2081.61509 16.929 0.017
2081.61801 16.893 0.017
2081.65783 16.899 0.015
2081.66077 16.969 0.018
2081.69927 16.923 0.016
2081.70219 16.962 0.018
2081.70808 16.946 0.017
2081.71103 16.936 0.018
2081.71687 16.961 0.018
2081.71987 16.970 0.019
2081.72859 17.003 0.019
2081.73439 16.943 0.017
2081.73731 17.041 0.030
2081.74314 16.961 0.018
2081.74607 16.995 0.018
2081.75394 16.929 0.016
2081.75688 16.948 0.018
2081.76567 17.006 0.019
2081.77442 16.998 0.018
2081.78318 17.012 0.020
2081.80125 17.051 0.021
2081.80999 17.018 0.017
2081.81875 17.033 0.018
2081.83077 17.040 0.020
2081.83952 17.052 0.018
2081.86475 17.015 0.017
2081.86834 17.047 0.018
2081.87962 16.939 0.020
2082.63985 16.818 0.016
2082.64861 16.808 0.016
2082.68219 16.825 0.015
2082.68513 16.852 0.016
2082.69294 16.820 0.015
2082.69589 16.861 0.017
2082.70231 16.861 0.016
2082.70523 16.903 0.017
2082.71108 16.882 0.018
2082.71402 16.899 0.017
2082.72356 16.860 0.016
2082.72649 16.889 0.018
2082.73527 16.907 0.017
2082.73821 16.890 0.017
2082.74402 16.880 0.017
2082.74694 16.903 0.017
2082.75275 16.868 0.015
2082.75565 16.887 0.017
2082.76382 16.896 0.015
2082.76677 16.891 0.016
2082.78055 16.900 0.015
2082.78348 16.898 0.016
2082.78930 16.864 0.015
2082.79222 16.924 0.016
2082.79806 16.860 0.015
2082.80097 16.978 0.029
2082.80677 16.873 0.015
2082.80971 16.976 0.029
2082.81553 16.896 0.016
2082.81847 16.932 0.017
2082.82428 16.911 0.017
2082.82723 16.939 0.028
2082.83972 16.944 0.018
2082.84849 16.926 0.018
2082.85727 16.960 0.019
2082.86602 16.924 0.018
2082.87479 17.013 0.036
2082.88358 16.981 0.020
2082.89623 17.024 0.022
2085.62793 16.873 0.018
2085.63080 16.889 0.022
2085.63649 16.895 0.019
2085.64506 16.915 0.020
2085.64798 16.914 0.022
2085.65371 16.854 0.018
2085.65662 16.939 0.022
2085.66233 16.904 0.018
2085.66521 16.943 0.023
2085.67091 16.894 0.017
2085.67382 16.940 0.021
2085.68217 16.951 0.020
2085.68505 16.990 0.024
2085.69075 16.949 0.020
2085.69361 16.961 0.023
2085.69931 16.933 0.021
2085.70221 16.962 0.024
2085.70792 16.941 0.020
2085.71082 16.948 0.024
2085.71663 16.960 0.021
2085.71953 16.939 0.023
2085.72527 16.970 0.022
2085.72816 16.970 0.024
2085.73505 16.915 0.020
2085.73794 16.969 0.028
2085.74364 16.969 0.022
2085.74656 16.969 0.023
2085.75876 17.025 0.023
2085.76598 16.946 0.021
2085.77536 16.999 0.028
2085.78189 16.956 0.022
2085.78478 17.057 0.027
2085.79206 16.943 0.020
2085.79494 16.989 0.022
2085.80064 16.963 0.021
2085.80353 16.948 0.023
2085.82309 16.981 0.022
2085.82598 16.971 0.023
2085.83168 16.961 0.022
2085.83456 16.990 0.021
2085.84027 17.016 0.026
2085.84315 16.962 0.024
2085.84886 16.989 0.024
2085.85175 17.033 0.032
2085.85747 17.028 0.024
2085.86037 17.029 0.029
2086.55194 16.856 0.015
2086.55481 16.857 0.018
2086.56053 16.819 0.015
2086.56343 16.818 0.016
2086.56914 16.783 0.014
2086.57202 16.798 0.016
2086.58887 16.719 0.014
2086.59175 16.751 0.016
2086.59750 16.761 0.015
2086.60037 16.763 0.016
2086.60610 16.723 0.013
2086.60899 16.742 0.015
2086.62541 16.733 0.013
2086.62829 16.772 0.015
2086.63403 16.727 0.013
2086.63691 16.743 0.014
2086.64261 16.765 0.014
2086.64548 16.779 0.015
2086.65121 16.786 0.015
2086.65410 16.770 0.015
2086.65980 16.764 0.014
2086.66270 16.771 0.016
2086.66842 16.794 0.014
2086.67132 16.777 0.015
2086.68017 16.792 0.014
2086.68306 16.786 0.014
2086.68873 16.802 0.014
2086.69161 16.796 0.015
2086.69729 16.792 0.014
2086.70018 16.798 0.015
2086.70590 16.828 0.014
2086.70878 16.816 0.016
2086.71455 16.806 0.016
2086.71745 16.853 0.018
2086.72797 16.831 0.017
2086.73088 16.828 0.018
2086.73664 16.829 0.016
2086.73953 16.838 0.017
2086.74527 16.843 0.016
2086.74814 16.819 0.016
2086.75386 16.832 0.016
2086.75675 16.850 0.017
2086.76246 16.813 0.016
2086.76535 16.858 0.017
2086.77577 16.839 0.016
2086.77865 16.836 0.016
2086.78437 16.829 0.016
2086.78727 16.852 0.017
2086.79301 16.882 0.017
2086.79592 16.880 0.018
2086.80541 16.843 0.017
2086.80830 16.876 0.019
2086.81399 16.897 0.018
2086.81687 16.890 0.019
2086.82259 16.862 0.017
2086.82549 16.917 0.020
2086.83504 16.915 0.020
2086.83795 16.919 0.020
2086.84658 16.895 0.021
2086.85519 16.989 0.026
2086.86379 16.938 0.024
2087.55752 16.953 0.015
2087.56046 16.947 0.016
2087.59914 16.984 0.014
2087.60209 16.974 0.016
2087.60787 17.005 0.014
2087.61082 17.013 0.016
2087.61660 17.019 0.016
2087.61954 16.996 0.016
2087.62535 17.012 0.015
2087.62827 17.003 0.016
2087.63409 17.024 0.015
2087.63703 17.019 0.018
2087.64284 17.032 0.016
2087.64578 16.994 0.016
2087.65180 17.084 0.016
2087.65476 17.032 0.017
2087.66056 17.065 0.016
2087.66352 17.033 0.017
2087.67263 17.032 0.016
2087.67559 17.033 0.019
2087.68138 16.995 0.015
2087.68432 16.979 0.027
2087.69076 16.946 0.015
2087.69371 16.921 0.016
2087.70821 16.845 0.014
2087.71116 16.836 0.015
2087.71697 16.823 0.014
2087.71993 16.822 0.014
2087.72575 16.814 0.014
2087.72870 16.822 0.014
2087.73454 16.793 0.013
2087.73750 16.763 0.014
2087.74334 16.765 0.012
2087.74628 16.757 0.014
2087.75209 16.725 0.012
2087.75502 16.709 0.013
2087.76256 16.709 0.011
2087.76551 16.730 0.012
2087.77131 16.716 0.011
2087.77426 16.717 0.015
2087.78301 16.705 0.011
2087.79175 16.748 0.019
2087.80049 16.736 0.012
2087.80924 16.755 0.013
2087.81847 16.778 0.016
2087.82720 16.736 0.027
2087.83596 16.791 0.016
2087.84471 16.776 0.016
2087.85346 16.805 0.015
2087.86218 16.818 0.015
2088.55489 16.886 0.018
2088.55786 16.913 0.020
2088.56685 16.894 0.018
2088.56977 16.876 0.019
2088.57556 16.907 0.017
2088.57851 16.901 0.019
2088.58433 16.900 0.016
2088.58730 16.925 0.018
2088.59312 16.887 0.016
2088.59609 16.919 0.018
2088.60207 16.885 0.016
2088.60499 16.967 0.022
2088.61082 16.917 0.016
2088.61378 16.931 0.018
2088.61961 16.904 0.017
2088.62254 16.945 0.018
2088.62839 16.897 0.016
2088.63134 16.962 0.019
2088.63867 16.927 0.016
2088.64161 16.915 0.018
2088.64745 16.949 0.016
2088.65041 16.944 0.018
2088.65624 16.954 0.016
2088.65917 16.966 0.018
2088.66500 16.922 0.016
2088.66797 16.936 0.017
2088.67619 16.968 0.016
2088.67912 16.945 0.017
2088.68549 16.955 0.016
2088.69419 16.979 0.016
2088.69713 16.946 0.018
2088.70292 16.948 0.017
2088.70588 16.982 0.018
2088.71168 16.976 0.018
2088.71463 16.971 0.019
2088.72469 17.015 0.020
2088.73565 16.987 0.017
2088.73859 16.982 0.018
2088.74439 16.987 0.017
2088.74735 16.970 0.019
2088.75314 17.009 0.017
2088.75608 16.981 0.019
2088.76188 17.023 0.020
2088.76481 17.069 0.034
2088.77373 17.060 0.020
2088.77668 17.014 0.020
2088.78249 17.042 0.021
2088.78548 17.026 0.019
2088.79130 17.059 0.019
2088.79423 17.070 0.022
2088.80006 17.112 0.024
2088.80301 17.090 0.026
2088.80886 17.070 0.022
2088.81180 17.085 0.023
2088.81760 17.109 0.022
2088.82055 17.079 0.024
2088.82677 17.032 0.022
2088.82971 17.048 0.021
2088.83550 17.025 0.021
2088.83843 17.072 0.025
2088.84428 17.053 0.026
2088.84722 17.042 0.026
2089.60741 16.824 0.016
2089.61034 16.845 0.020
2089.61615 16.820 0.016
2089.61908 16.824 0.017
2089.62486 16.828 0.016
2089.62781 16.858 0.017
2089.63361 16.787 0.015
2089.63654 16.845 0.018
2089.64236 16.839 0.016
2089.64530 16.844 0.017
2089.65153 16.813 0.014
2089.65445 16.855 0.017
2089.66021 16.870 0.016
2090.63951 16.829 0.018
2090.64245 16.832 0.020
2090.64831 16.753 0.017
2090.65125 16.782 0.017
2090.65825 16.738 0.015
2090.66119 16.735 0.015
2090.66702 16.745 0.015
2090.66997 16.784 0.017
2090.67577 16.747 0.016
2090.67890 16.780 0.018
2090.68468 16.843 0.022
2090.70421 16.778 0.019
2090.70715 16.820 0.020
2090.71295 16.747 0.020
2090.71589 16.791 0.020
2090.72169 16.795 0.020
2090.72461 16.788 0.019
2090.73040 16.755 0.019
2090.73332 16.819 0.020
2090.73913 16.794 0.017
2090.74206 16.814 0.018
2090.74788 16.800 0.019
2090.75084 16.873 0.024
2090.75745 16.776 0.016
2090.76041 16.772 0.016
2090.76620 16.731 0.015
2090.76914 16.778 0.017
2090.77493 16.762 0.015
2090.77788 16.802 0.017
2090.78369 16.805 0.016
2090.78664 16.805 0.016
2090.79543 16.784 0.015
2090.80420 16.804 0.016
2090.81334 16.816 0.019
2090.81627 16.856 0.020
2090.82207 16.870 0.021
2090.82501 16.838 0.027
2090.83642 16.852 0.020
2090.83936 16.959 0.038
2091.58381 16.973 0.018
2091.58676 16.942 0.020
2091.59258 16.968 0.017
2091.59555 16.966 0.017
2091.60137 16.936 0.015
2091.60431 16.981 0.018
2091.61206 16.950 0.016
2091.61502 16.951 0.017
2091.62820 16.967 0.015
2091.63115 16.955 0.017
2091.64867 16.974 0.015
2091.65270 17.002 0.018
2091.65933 16.981 0.016
2091.66227 16.972 0.017
2091.66805 16.991 0.015
2091.67098 16.965 0.017
2091.67740 16.998 0.016
2091.68033 17.031 0.019
2091.68618 17.036 0.018
2091.68916 17.026 0.018
2091.69495 17.054 0.017
2091.69790 17.083 0.020
2091.70370 17.053 0.018
2091.70666 17.035 0.018
2091.71271 17.059 0.017
2091.71565 17.067 0.019
2091.72142 17.036 0.017
2091.72437 17.089 0.019
2091.73016 17.025 0.016
2091.73309 17.071 0.020
2091.73891 17.043 0.016
2091.74185 17.022 0.018
2091.74769 17.004 0.015
2091.75063 16.978 0.016
2091.75881 16.961 0.016
2091.76173 16.905 0.018
2091.77170 16.896 0.016
2091.77465 16.872 0.016
2091.78046 16.858 0.017
2091.78342 16.845 0.016
2091.78922 16.835 0.014
2091.79215 16.838 0.015
2091.79798 16.833 0.014
2091.80094 16.786 0.015
2091.80675 16.775 0.014
2091.80969 16.750 0.015
2091.81552 16.744 0.014
2091.81846 16.727 0.016
2091.82443 16.738 0.014
2091.82741 16.736 0.015
2091.83367 16.697 0.015
2091.83661 16.711 0.016
2091.84537 16.742 0.016
2091.85414 16.753 0.017
2091.86285 16.778 0.017
2091.87157 16.730 0.017
2092.64121 16.880 0.015
2092.64416 16.885 0.017
2092.64999 16.894 0.015
2092.65296 16.892 0.017
2092.65880 16.920 0.017
2092.66173 16.890 0.017
2092.67034 16.901 0.015
2092.67328 16.908 0.018
2092.67910 16.900 0.018
2092.68206 16.956 0.019
2092.68785 16.916 0.020
2092.69081 16.927 0.017
2092.69665 16.910 0.016
2092.69959 16.927 0.018
2092.70541 16.923 0.018
2092.70837 16.929 0.017
2092.71418 16.943 0.017
2092.71714 16.957 0.019
2092.72946 16.939 0.016
2092.73240 16.904 0.016
2092.73822 16.940 0.016
2092.74117 16.966 0.019
2092.74882 16.982 0.018
2092.75175 16.963 0.018
2092.75754 16.985 0.019
2092.76047 16.935 0.019
2092.76628 16.938 0.020
2092.76922 16.956 0.020
2092.77503 16.950 0.019
2092.77798 16.982 0.022
2092.78379 16.980 0.020
2092.78672 17.007 0.023
2092.79427 16.988 0.020
2092.80305 16.953 0.023
2092.80598 17.044 0.024
2092.81177 17.005 0.021
2092.81470 17.084 0.024
2092.82695 17.036 0.029
2092.82988 17.062 0.029
2101.54876 17.007 0.018
2101.55169 17.057 0.034
2101.55749 16.991 0.018
2101.56043 17.006 0.019
2101.56621 16.999 0.017
2101.56917 17.015 0.019
2101.57498 17.028 0.016
2101.57793 17.032 0.020
2101.58369 17.057 0.018
2101.58661 17.048 0.020
2101.59244 17.068 0.021
2101.59540 17.072 0.022
2101.60700 17.063 0.018
2101.60995 17.077 0.023
2101.61575 17.020 0.022
2101.61873 17.059 0.020
2101.62456 17.007 0.016
2101.62751 17.016 0.018
2101.63331 16.971 0.017
2101.63626 16.998 0.018
2101.64202 16.980 0.017
2101.64495 16.971 0.018
2101.65141 16.893 0.017
2101.65437 16.878 0.017
2101.66040 16.845 0.016
2101.66334 16.829 0.017
2101.66914 16.869 0.016
2101.67209 16.866 0.017
2101.67790 16.839 0.016
2101.68084 16.854 0.018
2101.68664 16.773 0.017
2101.68958 16.832 0.018
2101.69539 16.756 0.016
2101.69833 16.776 0.017
2101.70706 16.755 0.017
2101.72427 16.750 0.017
2101.73964 16.779 0.017
2101.75527 16.764 0.016
2101.75822 16.780 0.019
2101.76399 16.761 0.017
2101.76695 16.788 0.018
2101.77278 16.773 0.016
2101.77573 16.772 0.016
2101.78151 16.794 0.017
2101.78446 16.773 0.019
2102.53314 16.881 0.014
2102.53609 16.875 0.016
2102.54191 16.898 0.014
2102.54486 16.915 0.016
2102.55249 16.903 0.015
2102.55544 16.901 0.017
2102.56123 16.904 0.015
2102.56419 16.931 0.019
2102.57699 16.927 0.016
2102.57994 16.929 0.018
2102.58575 16.921 0.016
2102.58872 16.928 0.017
2102.59451 16.970 0.017
2102.59745 16.949 0.018
2102.60327 16.958 0.018
2102.60623 16.967 0.019
2102.61202 16.941 0.016
2102.61496 16.954 0.017
2102.62080 16.934 0.016
2102.62375 16.974 0.018
2102.63011 16.971 0.016
2102.63307 16.984 0.018
2102.63888 16.965 0.016
2102.64183 16.977 0.017
2102.64826 16.953 0.017
2102.65119 16.960 0.014
2103.49708 16.759 0.015
2103.50001 16.788 0.016
2103.50580 16.761 0.015
2103.50874 16.779 0.017
2103.51625 16.805 0.015
2103.51923 16.782 0.017
2103.52502 16.781 0.014
2103.52796 16.788 0.016
2103.53378 16.779 0.015
2103.53673 16.780 0.016
2103.54249 16.787 0.014
2103.54544 16.793 0.013
2103.55125 16.813 0.014
2103.55418 16.836 0.015
2103.55995 16.795 0.014
2103.56289 16.816 0.015
2103.57185 16.795 0.012
2103.57481 16.819 0.015
2103.58063 16.821 0.013
2103.58359 16.873 0.028
2103.58938 16.806 0.013
2103.59235 16.862 0.015
2103.59815 16.816 0.011
2103.60111 16.792 0.016
2103.60757 16.827 0.012
2103.61052 16.819 0.012
2103.61633 16.836 0.011
2103.61929 16.847 0.014
2103.62509 16.863 0.012
2103.62804 16.814 0.014
2103.63382 16.839 0.012
2103.63674 16.856 0.013
2103.64312 16.864 0.011
2103.64607 16.854 0.014
2103.65186 16.846 0.012
2103.65481 16.853 0.014
2103.66175 16.871 0.013
2103.66471 16.875 0.015
2103.67058 16.891 0.014
2103.67354 16.880 0.015
2103.67931 16.871 0.013
2103.68224 16.874 0.014
2103.72031 16.921 0.016
2103.72327 16.908 0.022
2103.72909 16.933 0.017
2103.73207 16.956 0.027
2103.74082 16.921 0.019
2103.74662 16.921 0.021
2103.74956 16.965 0.030
2103.75538 16.921 0.017
2103.75834 16.927 0.018
2103.76410 16.959 0.017
2103.76706 16.935 0.017
2103.77285 16.944 0.015
2103.77580 16.927 0.015
2103.78160 16.949 0.016
2103.78454 16.918 0.015
2103.79033 16.952 0.015
2103.79328 16.898 0.015
2105.50333 16.968 0.021
2105.50627 16.980 0.021
2105.51593 16.951 0.019
2105.51998 16.951 0.021
2105.52609 16.947 0.018
2105.52902 16.954 0.020
2105.53482 16.946 0.017
2105.53777 16.955 0.019
2105.54357 16.963 0.018
2105.54651 16.987 0.020
2105.55229 16.943 0.017
2105.55524 16.975 0.020
2105.56351 17.002 0.017
2105.56644 16.985 0.019
2105.57223 16.964 0.015
2105.57518 16.963 0.017
2105.58100 16.974 0.015
2105.58396 16.970 0.017
2105.58972 16.966 0.014
2105.59270 16.979 0.017
2105.59922 16.985 0.014
2105.60219 16.990 0.017
2105.61152 16.991 0.017
2105.61765 17.005 0.014
2105.62059 17.012 0.016
2105.62948 16.993 0.014
2105.63243 17.085 0.027
2105.64029 17.005 0.014
2105.64325 17.004 0.016
2105.64905 17.023 0.015
2105.65200 17.031 0.016
2105.65546 17.031 0.016
2105.66159 17.062 0.016
2105.66455 17.031 0.017
2105.67033 17.050 0.016
2105.67330 17.051 0.017
2105.67909 17.059 0.016
2105.68205 17.057 0.018
2105.68783 17.032 0.015
2105.69079 17.045 0.016
2105.69659 17.026 0.015
2105.69956 16.996 0.018
2105.70535 16.971 0.014
2105.70830 16.954 0.023
2105.71153 16.991 0.015
2105.72177 16.892 0.014
2105.72470 16.855 0.021
2105.73048 16.821 0.014
2105.73342 16.861 0.016
2105.73920 16.828 0.015
2105.74216 16.832 0.015
2105.74797 16.808 0.014
2105.75092 16.815 0.015
2105.75671 16.781 0.016
2105.75966 16.787 0.016
2105.76845 16.728 0.015
2105.77758 16.748 0.016
2105.78631 16.726 0.016
2105.79509 16.775 0.020
2105.80391 16.775 0.020
2106.59248 16.920 0.017
2106.59545 16.988 0.030
2106.60210 16.875 0.016
2106.60510 16.918 0.017
2106.61137 16.882 0.015
2106.61431 17.006 0.033
2106.62012 16.937 0.017
2106.62309 16.962 0.021
2106.62888 16.928 0.019
2106.63185 16.931 0.020
2106.63841 16.912 0.017
2106.64136 16.937 0.019
2106.64716 16.941 0.018
2106.65011 16.958 0.020
2106.65593 16.910 0.017
2106.65890 16.974 0.021
2106.66499 16.923 0.015
2106.66795 16.936 0.018
2106.67377 16.956 0.016
2106.67673 16.932 0.017
2106.68251 16.936 0.016
2106.68548 17.019 0.031
2106.69122 16.952 0.017
2106.69416 16.947 0.021
2106.69994 16.936 0.016
2106.70292 16.937 0.018
2106.71833 16.997 0.019
2106.72413 16.941 0.015
2106.72710 16.940 0.018
2106.73287 16.977 0.016
2106.73584 16.999 0.022
2106.74164 16.958 0.019
2106.74459 16.991 0.021
2106.75036 17.005 0.019
2106.75329 17.018 0.023
2106.75910 17.000 0.020
2106.76205 16.998 0.023
2111.50915 17.062 0.020
2111.51213 17.092 0.022
2111.51790 17.111 0.025
2111.52090 17.049 0.029
2111.52667 16.976 0.021
2111.52964 17.016 0.024
2111.53544 16.929 0.024
2111.53837 16.997 0.024
2111.54716 16.923 0.022
2111.55298 16.907 0.021
2111.55592 16.890 0.022
2111.56217 16.833 0.018
2111.56516 16.887 0.022
2111.57097 16.791 0.017
2111.57389 16.792 0.020
2111.57973 16.762 0.018
2111.58270 16.780 0.019
2111.58846 16.750 0.017
2111.59143 16.771 0.020
2111.59724 16.743 0.017
2111.60019 16.760 0.019
2111.60596 16.734 0.015
2111.60890 16.751 0.017
2111.61509 16.778 0.019
2111.61805 16.790 0.022
2111.62443 16.784 0.019
2111.62740 16.809 0.021
2111.63618 16.871 0.029
2111.64197 16.802 0.022
2111.64495 16.855 0.023
2111.65073 16.778 0.020
2111.65372 16.805 0.018
2111.65948 16.729 0.016
2111.66244 16.802 0.019
2111.66868 16.774 0.019
2111.67165 16.822 0.020
2111.68039 16.814 0.019
2111.68915 16.824 0.020
2111.69788 16.808 0.021
2111.70662 16.808 0.019
2111.71539 16.804 0.020
2111.72470 16.866 0.021
2111.73343 16.940 0.025
2111.74216 16.882 0.022
2111.75092 16.928 0.018
2112.50173 16.959 0.018
2112.50470 16.956 0.020
2112.51136 16.911 0.017
2112.51432 16.973 0.021
2112.52438 16.969 0.017
2112.52732 17.035 0.021
2112.53313 16.955 0.018
2112.53610 16.933 0.019
2112.55267 16.941 0.018
2112.55565 17.031 0.021
2112.56142 16.967 0.018
2112.56437 16.999 0.021
2112.57572 16.958 0.017
2112.57867 16.976 0.022
2112.58446 16.981 0.018
2112.58742 17.019 0.018
2112.59775 16.994 0.015
2112.60076 16.989 0.016
2112.60654 17.017 0.014
2112.60949 17.029 0.017
2112.61530 17.019 0.014
2112.61827 17.023 0.016
2112.62402 17.008 0.015
2112.62699 17.040 0.018
2112.63277 17.043 0.016
2112.63574 17.054 0.019
2112.64162 17.034 0.015
2112.64457 17.032 0.018
2112.66347 17.098 0.015
2112.66642 17.019 0.017
2112.67221 17.042 0.015
2112.67518 17.057 0.017
2112.68098 17.016 0.016
2112.68392 17.002 0.017
2112.68971 16.949 0.015
2112.69269 16.955 0.017
2112.69848 16.879 0.015
2112.70281 16.841 0.017
2112.70884 16.828 0.015
2112.71181 16.851 0.017
2112.72057 16.800 0.016
2112.72933 16.828 0.016
2112.73812 16.807 0.015
2112.74686 16.741 0.014
2112.75627 16.735 0.015
2113.51288 16.845 0.020
2113.51586 16.942 0.024
2113.52163 16.894 0.022
2113.52462 16.919 0.024
2113.53041 16.882 0.021
2113.53970 16.879 0.020
2113.54266 16.918 0.029
2113.54846 16.885 0.019
2113.55143 16.950 0.028
2113.55721 16.903 0.018
2113.56017 16.922 0.021
2113.56594 16.886 0.019
2113.56887 16.963 0.022
2113.57465 16.903 0.019
2113.57759 16.928 0.021
2113.58339 16.924 0.016
2113.58635 16.920 0.019
2113.59266 16.944 0.017
2113.59562 16.944 0.021
2113.60142 16.942 0.023
2113.60437 17.025 0.028
2113.61015 16.937 0.021
2113.61311 16.962 0.023
2113.61922 16.967 0.021
2113.62217 17.036 0.025
2113.62797 16.920 0.019
2113.63092 16.966 0.031
2113.63667 16.972 0.021
2113.63966 17.006 0.023
2113.64622 16.955 0.018
2113.64918 16.980 0.022
2113.65499 16.995 0.023
2113.65796 17.002 0.022
2113.71240 16.990 0.021
2113.71536 16.990 0.022
2113.72413 17.035 0.023
2113.73287 16.992 0.023
2113.74161 16.969 0.033
2113.75035 16.999 0.020
2113.75910 17.025 0.025
2113.76831 17.034 0.032
2113.77707 17.024 0.029
2114.69080 16.858 0.018
2114.69378 16.880 0.020
2114.69958 16.869 0.017
2114.70253 16.924 0.022
2114.70833 16.862 0.018
2114.71130 16.883 0.022
2114.71713 16.891 0.017
2114.72011 16.902 0.022
2114.72784 16.893 0.019
2114.73080 16.902 0.021
2114.73760 16.922 0.020
2114.74057 16.894 0.022
2114.74631 16.898 0.021
2114.74929 16.922 0.023
2114.75729 16.920 0.021
2114.76028 16.928 0.025
2114.76608 16.874 0.020
2114.76905 16.873 0.020
2114.77785 16.904 0.019
2114.79797 16.921 0.019
2115.55031 17.095 0.025
2115.55328 17.065 0.023
2115.55907 17.077 0.021
2115.56202 17.087 0.029
2115.56942 17.061 0.021
2115.57238 17.073 0.024
2115.58381 17.060 0.021
2115.58678 17.053 0.025
2115.59258 17.000 0.019
2115.59553 17.039 0.022
2115.60130 16.970 0.020
2115.60429 16.945 0.021
2115.61524 16.888 0.021
2115.61819 16.873 0.024
2115.62395 16.850 0.021
2115.62691 16.945 0.025
2115.63275 16.828 0.021
2115.63570 16.855 0.023
2115.64159 16.776 0.016
2115.64683 16.767 0.028
2115.65312 16.713 0.015
2115.65607 16.761 0.018
2115.66184 16.724 0.016
2115.66482 16.772 0.018
2115.67357 16.755 0.019
2115.68229 16.761 0.019
2115.69102 16.739 0.017
2115.69982 16.763 0.018
2115.73419 16.774 0.018
2115.74529 16.789 0.017
2116.50651 16.926 0.020
2116.50948 16.946 0.028
2116.51528 16.926 0.021
2116.51824 17.004 0.028
2116.55956 16.964 0.020
2116.56251 16.996 0.022
2116.56831 16.940 0.019
2116.57128 16.938 0.021
2116.58642 16.962 0.021
2116.58942 17.025 0.025
2116.59806 16.992 0.018
2116.60102 16.946 0.020
2116.60740 16.945 0.017
2116.61037 16.935 0.019
2116.61613 16.942 0.018
2116.61913 16.999 0.021
2116.62494 16.964 0.018
2116.62791 17.010 0.020
2116.63370 16.966 0.018
2116.63666 16.958 0.019
2116.65678 16.992 0.019
2116.66549 17.011 0.019
2116.67428 17.032 0.020
2116.68304 17.004 0.019
2116.69181 17.031 0.019
2116.70050 17.038 0.020
2116.70751 17.034 0.018
2116.71048 17.077 0.034
2116.71627 17.069 0.019
2116.71926 17.060 0.020
2116.72506 17.056 0.018
2116.72802 17.080 0.021
2116.73380 17.045 0.019
2116.73677 17.082 0.023
2116.74253 17.060 0.021
2116.74551 17.068 0.023
2116.75461 17.007 0.019
2116.75758 17.008 0.022
2116.76340 16.982 0.019
2116.76637 16.968 0.021
2117.48725 16.778 0.014
2117.49022 16.769 0.016
2117.49606 16.761 0.014
2117.49903 16.780 0.016
2117.50525 16.786 0.014
2117.50819 16.815 0.016
2117.51396 16.789 0.014
2117.51694 16.802 0.015
2117.52271 16.786 0.014
2117.55409 16.821 0.015
2117.55705 16.850 0.017
2117.56282 16.804 0.015
2117.56580 16.853 0.018
2117.57157 16.867 0.016
2117.57455 16.852 0.017
2117.58101 16.861 0.016
2117.58397 16.844 0.018
2117.58977 16.876 0.016
2117.59272 16.845 0.016
2117.59852 16.858 0.015
2117.60149 16.850 0.017
2117.61055 16.875 0.015
2117.61349 16.869 0.016
2117.61931 16.875 0.015
2117.62228 16.872 0.016
2117.62807 16.879 0.015
2117.63103 16.879 0.016
2117.63688 16.871 0.014
2117.63983 16.906 0.018
2117.64561 16.895 0.015
2117.64860 16.893 0.017
2117.65439 16.858 0.016
2117.65736 16.922 0.017
2117.66355 16.884 0.015
2117.66652 16.905 0.018
2117.67237 16.925 0.021
2117.67533 16.926 0.019
2117.68411 16.886 0.020
2117.69288 16.956 0.020
2117.70160 16.923 0.018
2117.70902 16.912 0.016
2117.71197 16.940 0.019
2117.71777 16.903 0.016
2117.72073 16.909 0.018
2117.72652 16.934 0.016
2117.72948 16.922 0.023
2117.73529 16.943 0.017
2117.73827 16.956 0.021
2117.74403 16.935 0.017
2117.74699 16.938 0.019
2117.75272 16.953 0.018
2117.75570 16.963 0.022
2118.49489 17.016 0.019
2118.49786 17.055 0.022
2118.50365 16.989 0.017
2118.50661 16.985 0.021
2118.51242 16.943 0.018
2118.51541 16.911 0.020
2118.52121 16.835 0.016
2118.52417 16.853 0.018
2118.64024 16.763 0.014
2118.64321 16.778 0.015
2118.65295 16.752 0.014
2118.65592 16.745 0.014
2118.66171 16.765 0.014
2118.66467 16.786 0.015
2118.67049 16.778 0.015
2118.67346 16.814 0.018
2118.67924 16.807 0.017
2118.68223 16.779 0.016
2118.68799 16.812 0.015
2118.69095 16.802 0.015
2118.69675 16.816 0.016
2118.70086 16.790 0.016
2118.70692 16.811 0.014
2118.70988 16.817 0.016
2118.71565 16.825 0.016
2118.71863 16.828 0.017
2118.72441 16.848 0.016
2118.72736 16.850 0.020
2118.73321 16.842 0.015
2118.73619 16.832 0.015
2125.63682 16.774 0.018
2125.64150 16.787 0.021
2128.56705 16.806 0.014
2128.57003 16.787 0.016
2131.56377 16.869 0.014
2131.56674 16.852 0.024
2134.66675 16.995 0.022
2134.66975 17.057 0.031
2138.54419 16.883 0.018
2138.54720 16.960 0.022
2143.51767 16.907 0.023
2143.52040 16.968 0.027
2155.64420 17.098 0.031
2155.64720 17.085 0.033
2156.48328 16.801 0.017
2156.48627 16.875 0.022
2158.49164 16.948 0.015
2158.49461 17.001 0.020
2158.53461 17.017 0.017
2158.53762 17.004 0.020
2162.50112 16.998 0.020
2162.50413 16.952 0.021
2168.53590 16.907 0.021
2168.53885 16.899 0.022
2173.49387 16.997 0.025
2173.49686 17.008 0.027
2184.49712 16.992 0.027
2184.50009 16.974 0.027
2194.55176 17.031 0.021
2194.55447 16.997 0.022
2321.87019 17.006 0.022
2321.87307 16.994 0.026
2324.87230 17.046 0.019
2324.87519 17.026 0.021
2341.82879 16.731 0.016
2341.83166 16.737 0.018
2350.84190 16.916 0.015
2350.84477 16.911 0.017
2358.88135 16.849 0.017
2358.88424 16.827 0.017
2370.80960 17.064 0.022
2370.81249 17.085 0.022
2381.80499 17.030 0.019
2381.80789 17.015 0.020
2384.78749 17.003 0.018
2384.79037 16.974 0.019
2388.84731 17.000 0.017
2388.85023 17.003 0.020
2391.68985 17.032 0.027
2391.69275 17.102 0.032
2400.68770 16.842 0.018
2400.69063 16.820 0.018
2402.80267 17.036 0.018
2402.80557 16.998 0.018
2404.83958 16.843 0.015
2404.84251 16.855 0.016
2414.60114 16.784 0.024
2414.61026 16.831 0.024
2414.61966 16.743 0.021
2414.63051 16.805 0.023
2414.64075 16.848 0.025
2414.65895 16.825 0.022
2414.66939 16.884 0.025
2414.67833 16.885 0.022
2414.68729 16.840 0.019
2414.69635 16.829 0.018
2414.70973 16.877 0.019
2414.72089 16.873 0.017
2414.73163 16.882 0.016
2414.74051 16.856 0.015
2414.74957 16.850 0.015
2414.75861 16.877 0.015
2414.76761 16.889 0.016
2414.77468 16.895 0.016
2414.78359 16.882 0.016
2414.79318 16.907 0.017
2414.80206 16.937 0.019
2414.81130 16.909 0.020
2414.82196 16.922 0.018
2414.83112 16.935 0.019
2414.84152 16.932 0.018
2414.85062 16.951 0.017
2414.85854 16.924 0.017
2414.86148 16.941 0.018
2414.86843 16.944 0.018
2414.87750 16.928 0.019
2414.88637 16.928 0.019
2414.89911 16.909 0.021
2414.91050 16.981 0.022
2414.92833 16.940 0.026
2414.93245 16.964 0.023
2414.93571 17.010 0.024
2414.93936 17.015 0.027
2415.72058 16.776 0.019
2415.72351 16.769 0.018
2416.74275 17.064 0.019
2416.74571 17.031 0.020
2417.59416 16.861 0.027
2417.61864 16.906 0.027
2417.63944 16.898 0.023
2417.64895 16.907 0.021
2417.65788 16.904 0.021
2417.66801 16.896 0.020
2417.67719 16.890 0.021
2417.68690 16.958 0.022
2417.69591 16.883 0.019
2417.70656 16.909 0.020
2417.71834 16.946 0.020
2417.72128 16.922 0.019
2417.72735 16.939 0.019
2417.73632 16.921 0.019
2417.74846 16.921 0.019
2417.75736 16.959 0.021
2417.76685 16.953 0.020
2417.77609 16.964 0.019
2417.78508 16.964 0.018
2417.79456 16.996 0.022
2417.80393 16.994 0.022
2417.81463 16.951 0.021
2417.82346 16.970 0.020
2417.83232 16.994 0.021
2417.84120 16.993 0.020
2417.85268 16.969 0.020
2417.86163 17.006 0.020
2417.87075 17.021 0.020
2417.88301 17.029 0.020
2417.89203 17.061 0.021
2417.91857 17.076 0.026
2417.92197 17.096 0.032
2424.76068 16.977 0.027
2424.76361 16.968 0.030
2426.59343 17.058 0.021
2426.60264 17.059 0.024
2426.61593 17.074 0.021
2426.62504 17.086 0.022
2426.63397 17.097 0.024
2426.64427 17.047 0.022
2426.65339 17.003 0.020
2426.66260 16.919 0.018
2426.67194 16.871 0.018
2426.67492 16.807 0.017
2426.68175 16.821 0.017
2426.69063 16.795 0.017
2426.70066 16.760 0.014
2426.71069 16.710 0.015
2426.71985 16.725 0.014
2431.80628 16.967 0.015
2431.80926 17.006 0.015
2433.73344 16.706 0.015
2433.73642 16.681 0.015
2434.80945 16.845 0.016
2436.57924 16.789 0.017
2436.58220 16.771 0.018
2438.61141 16.897 0.018
2438.61435 16.885 0.018
2440.59264 17.028 0.018
2440.59561 17.041 0.020
2442.61073 16.862 0.017
2442.61343 16.851 0.017
2444.70336 16.846 0.019
2444.70605 16.862 0.021
2446.63790 16.828 0.016
2446.64060 16.791 0.017
2448.52439 16.869 0.029
2448.52739 16.921 0.031
2448.54209 16.881 0.030
2448.55101 16.938 0.031
2448.55993 16.935 0.029
2448.57055 16.901 0.034
2448.57749 16.915 0.034
2448.58634 16.908 0.029
2448.59540 16.948 0.041
2448.60443 17.002 0.040
2448.61341 16.977 0.038
2448.62353 16.926 0.036
2448.63245 16.988 0.037
2448.64146 16.948 0.035
2448.65030 16.913 0.033
2448.66042 17.010 0.021
2448.66940 16.983 0.019
2448.67825 16.965 0.030
2448.68709 16.967 0.027
2448.69719 17.024 0.021
2448.70601 17.018 0.040
2448.71735 16.929 0.040
2448.72641 17.061 0.047
2448.73551 16.918 0.040
2448.74441 16.873 0.045
2448.75631 16.837 0.043
2448.76517 16.717 0.039
2448.78177 16.714 0.040
2448.83606 16.693 0.045
2448.84812 16.729 0.045
2453.73371 16.918 0.022
2453.73666 16.881 0.019
2454.52468 17.066 0.024
2454.54857 17.039 0.020
2454.55753 17.015 0.018
2454.56649 16.966 0.016
2454.57719 16.854 0.015
2454.58607 16.814 0.014
2454.59489 16.814 0.014
2454.60383 16.797 0.014
2454.61282 16.746 0.014
2454.63062 16.697 0.013
2454.63966 16.687 0.012
2454.64861 16.728 0.013
2454.65908 16.718 0.013
2454.66821 16.736 0.013
2454.67707 16.732 0.014
2454.68680 16.726 0.013
2454.69653 16.744 0.014
2454.70534 16.728 0.014
2454.71600 16.757 0.013
2454.72492 16.794 0.014
2454.73382 16.754 0.014
2454.74292 16.778 0.014
2454.75346 16.813 0.015
2454.76228 16.812 0.015
2454.77109 16.824 0.018
2454.78464 16.815 0.018
2458.73095 16.762 0.017
2458.73393 16.749 0.020
2462.71975 16.831 0.014
2462.72273 16.815 0.016
2463.81682 17.009 0.017
2463.81981 16.988 0.018
2465.46506 16.990 0.029
2465.47403 16.982 0.024
2465.48323 16.955 0.022
2465.49219 17.010 0.024
2465.50123 17.000 0.020
2465.52029 17.000 0.019
2465.52943 17.028 0.020
2465.53950 17.021 0.019
2465.54849 17.047 0.019
2465.55750 17.057 0.018
2465.56646 17.035 0.018
2465.58092 17.040 0.017
2465.58996 17.051 0.019
2465.59921 17.012 0.017
2465.60827 16.982 0.016
2465.61861 16.914 0.016
2465.62822 16.843 0.015
2465.63796 16.854 0.015
2465.64795 16.829 0.014
2465.65723 16.783 0.015
2465.66613 16.763 0.015
2465.67597 16.728 0.015
2465.68492 16.744 0.014
2465.69394 16.729 0.014
2465.70298 16.749 0.015
2465.71217 16.760 0.015
2465.72139 16.752 0.015
2465.73042 16.784 0.016
2465.74066 16.763 0.015
2465.74963 16.790 0.015
2465.75867 16.774 0.015
2465.76553 16.831 0.021
2465.77452 16.827 0.021
2465.78593 16.844 0.021
2465.79477 16.821 0.021
2465.80367 16.801 0.018
2465.81278 16.829 0.021
2465.82251 16.835 0.021
2465.83147 16.815 0.019
2465.84248 16.849 0.021
2466.46291 16.850 0.030
2466.47175 16.858 0.021
2466.48065 16.877 0.019
2466.48963 16.881 0.018
2466.50234 16.908 0.018
2466.51152 16.894 0.018
2466.52054 16.879 0.020
2466.52952 16.894 0.019
2466.53998 16.890 0.017
2466.54915 16.913 0.018
2466.55848 16.921 0.016
2466.56215 16.910 0.017
2466.56808 16.916 0.017
2466.57700 16.922 0.017
2466.58895 16.927 0.017
2466.59889 16.908 0.017
2466.60791 16.913 0.018
2466.61675 16.940 0.018
2466.62753 16.957 0.021
2466.63726 16.931 0.021
2466.64749 16.913 0.021
2466.65646 16.931 0.019
2466.66539 16.933 0.030
2466.67805 16.986 0.021
2466.68691 16.982 0.030
2466.69577 17.007 0.022
2466.70568 16.971 0.018
2466.71596 17.015 0.021
2466.72507 17.055 0.023
2466.73407 17.094 0.026
2466.74332 17.087 0.025
2466.74680 17.085 0.024
2466.75931 17.047 0.025
2466.76807 17.000 0.021
2466.77743 16.965 0.021
2466.79001 16.900 0.021
2466.79904 16.881 0.023
2466.80971 16.852 0.019
2466.81862 16.837 0.023
2466.82854 16.789 0.022
2466.83737 16.763 0.021
2466.84634 16.786 0.024
2468.46189 17.114 0.036
2470.46218 16.854 0.026
2470.46516 16.886 0.026
2470.47159 16.841 0.022
2470.48048 16.869 0.022
2470.49118 16.909 0.025
2470.50450 16.871 0.020
2470.51117 16.895 0.022
2470.52037 16.863 0.018
2470.53036 16.865 0.018
2470.53943 16.876 0.019
2470.54885 16.868 0.017
2470.55772 16.886 0.017
2470.57682 16.881 0.016
2470.58566 16.891 0.017
2470.59471 16.889 0.017
2470.60381 16.893 0.018
2470.61281 16.927 0.017
2470.62319 16.916 0.017
2470.63210 16.920 0.018
2470.64490 16.914 0.016
2470.66016 16.947 0.016
2470.66917 16.950 0.018
2470.67802 16.948 0.017
2470.68699 16.950 0.016
2470.69891 16.938 0.015
2470.70799 16.945 0.016
2470.71789 16.951 0.016
2470.72671 16.962 0.017
2470.73628 16.957 0.016
2470.74526 17.019 0.020
2470.75439 16.992 0.019
2470.76331 17.002 0.019
2470.77287 17.051 0.020
2470.78205 17.048 0.019
2470.79136 17.095 0.023
2470.80406 17.066 0.022
2470.81323 17.076 0.023
2470.82245 17.086 0.027
2472.67213 16.703 0.012
2472.68097 16.732 0.014
2472.69128 16.728 0.014
2472.70023 16.732 0.014
2472.70912 16.739 0.014
2472.71931 16.737 0.014
2472.73262 16.781 0.017
2472.74220 16.769 0.015
2472.75127 16.823 0.018
2472.76016 16.807 0.015
2472.76991 16.829 0.014
2474.46247 16.777 0.020
2474.46546 16.794 0.020
2474.47380 16.803 0.021
2474.48269 16.783 0.026
2474.61134 16.883 0.017
2474.62067 16.898 0.016
2474.62972 16.859 0.016
2474.63908 16.866 0.017
2474.64919 16.906 0.016
2474.65834 16.894 0.016
2474.66747 16.896 0.017
2474.67784 16.888 0.017
2474.68692 16.916 0.018
2474.69752 16.906 0.016
2474.70637 16.945 0.018
2482.61915 16.779 0.019
2482.62214 16.801 0.020
2485.62915 16.888 0.021
2485.63215 16.890 0.023
2489.70001 16.859 0.015
2489.70299 16.829 0.015
2492.64469 16.865 0.016
2492.64767 16.875 0.018
2494.69903 16.841 0.014
2494.70205 16.800 0.016
2497.50157 17.019 0.020
2497.50460 17.007 0.022
2499.53738 16.791 0.015
2499.54039 16.814 0.017
2501.56513 16.959 0.016
2501.56811 16.968 0.018
2503.48859 16.794 0.036
2503.49162 16.772 0.033
2511.54530 17.012 0.023
2511.54830 16.971 0.023
2521.51374 16.704 0.014
2521.51672 16.698 0.029
2526.54389 16.961 0.018
2526.54693 16.945 0.018
2537.47505 16.935 0.028
2537.47811 16.915 0.027
2540.49166 17.038 0.025
2540.49470 16.990 0.025
2546.50226 16.772 0.019
2546.50525 16.757 0.018
2550.48040 17.041 0.032
2550.48652 16.980 0.025
2554.55539 16.998 0.021
2554.55841 16.983 0.021
2558.49192 16.990 0.025
2558.49496 16.967 0.025
2565.48782 17.037 0.035
2693.88926 16.922 0.019
2693.89219 16.887 0.018
2698.88723 16.774 0.015
2698.89013 16.758 0.016
2711.87027 16.868 0.015
2721.77936 16.929 0.030
2721.79719 16.920 0.032
2721.81312 16.927 0.032
2721.83541 16.911 0.035
2721.84737 16.894 0.031
2721.86303 17.005 0.036
2721.87771 16.962 0.035
2721.90102 16.955 0.029
2721.91165 16.956 0.031
2721.92050 16.994 0.038
2730.89105 16.755 0.014
2743.76745 16.814 0.015
2743.77029 16.816 0.016
2748.78598 16.824 0.017
2748.78884 16.825 0.021
2755.77588 16.774 0.014
2755.77874 16.755 0.015
2758.92729 16.856 0.020
2758.93016 16.832 0.022
2765.78399 16.769 0.014
2765.78688 16.763 0.017
2769.76862 16.665 0.012
2769.77149 16.697 0.012
2782.70485 16.803 0.016
2782.71004 16.846 0.023
2784.69609 16.946 0.014
2784.69899 16.915 0.015
2786.58164 16.803 0.022
2786.58455 16.801 0.026
2788.68346 16.909 0.014
2788.68634 16.885 0.016
2790.78856 16.789 0.015
2790.79144 16.783 0.021
2792.52842 16.821 0.026
2794.55196 17.008 0.030
2794.55466 16.983 0.028
2796.56046 16.722 0.015
2796.56337 16.707 0.015
2802.55533 16.950 0.030
2802.55824 16.910 0.028
2808.62355 17.043 0.018
2808.63079 17.033 0.022
2810.56612 16.752 0.016
2810.56903 16.769 0.017
2812.56799 16.870 0.019
2812.57090 16.944 0.020
2813.81172 17.002 0.019
2813.81465 16.991 0.020
2815.59032 17.052 0.018
2815.59325 17.027 0.020
2816.65576 16.936 0.016
2816.65868 16.902 0.018
2817.77043 16.933 0.018
2817.77333 16.912 0.020
2818.66527 16.718 0.014
2818.66818 16.681 0.017
2819.75935 16.687 0.016
2819.76228 16.687 0.016
2821.65763 16.803 0.017
2821.66052 16.779 0.017
2826.64829 17.012 0.018
2826.65119 17.141 0.024
2830.77849 16.776 0.019
2830.78143 16.795 0.021
2835.47491 16.742 0.020
2835.47782 16.726 0.021
2837.49370 16.887 0.019
2837.49663 16.915 0.021
2838.72418 16.945 0.018
2838.72714 16.906 0.019
2840.49577 16.987 0.021
2840.49871 16.987 0.024
2842.53224 16.800 0.016
2842.53514 16.800 0.018
2844.60836 16.968 0.016
2844.61128 16.939 0.018
2848.53607 16.944 0.028
2848.54648 16.960 0.028
2851.53080 16.961 0.017
2851.53374 16.903 0.030
2853.52865 16.715 0.016
2853.53159 16.710 0.017
2853.54060 16.731 0.016
2853.57767 16.760 0.014
2854.47799 16.955 0.021
2854.49041 17.006 0.022
2854.51895 17.009 0.019
2854.53985 17.013 0.018
2854.56145 17.015 0.017
2854.58118 16.958 0.019
2854.61779 16.843 0.022
2854.63296 16.746 0.019
2854.64531 16.730 0.016
2854.66402 16.736 0.019
2854.68446 16.742 0.018
2854.70532 16.799 0.022
2854.72477 16.760 0.020
2854.73730 16.776 0.021
2854.75157 16.785 0.021
2854.75453 16.793 0.020
2854.78219 16.868 0.025
2855.52631 16.968 0.024
2855.54818 16.954 0.020
2855.57011 16.959 0.020
2855.60741 16.983 0.024
2855.65903 17.026 0.027
2856.49445 16.808 0.019
2856.58183 16.845 0.016
2856.66539 16.893 0.018
2857.48826 16.979 0.023
2857.71452 16.818 0.017
2857.71747 16.804 0.019
2858.46566 16.921 0.026
2862.49084 16.958 0.026
2862.49376 16.945 0.032
2864.49781 16.825 0.022
2864.50077 16.833 0.025
2865.55629 17.017 0.017
2865.58847 17.029 0.017
2866.64757 16.936 0.019
2867.65300 16.845 0.017
2867.65598 16.867 0.020
2867.69807 16.856 0.017
2867.71936 16.885 0.019
2867.72930 16.908 0.021
2867.73251 16.910 0.020
2867.73556 16.902 0.021
2867.73861 16.924 0.022
2868.51132 17.044 0.018
2868.51429 17.037 0.020
2869.56728 16.872 0.019
2869.58563 16.956 0.017
2869.58857 16.930 0.019
2870.65628 16.865 0.017
2871.47390 16.797 0.017
2871.47684 16.822 0.019
2871.51151 16.700 0.017
2871.52781 16.681 0.016
2871.54698 16.712 0.015
2871.55026 16.689 0.015
2871.55365 16.715 0.015
2871.55700 16.682 0.016
2871.56044 16.729 0.016
2871.56414 16.714 0.016
2871.56803 16.710 0.015
2871.57980 16.718 0.015
2871.58743 16.722 0.015
2871.59090 16.728 0.015
2871.59428 16.711 0.015
2871.59764 16.711 0.014
2871.60093 16.746 0.015
2871.60426 16.762 0.015
2871.60748 16.750 0.015
2871.61118 16.751 0.015
2871.61585 16.727 0.015
2871.63049 16.777 0.016
2871.71129 16.847 0.017
2872.50170 16.946 0.020
2872.67540 16.642 0.013
2872.70262 16.673 0.015
2874.57627 16.813 0.016
2875.53658 16.824 0.017
2875.61249 16.728 0.020
2875.61544 16.698 0.019
2875.69346 16.773 0.023
2876.49411 16.901 0.020
2876.65169 17.007 0.020
2877.52165 16.845 0.031
2877.64804 16.960 0.019
2877.65100 16.904 0.019
2878.49816 16.667 0.015
2878.56930 16.711 0.014
2879.55036 17.050 0.019
2879.55333 17.030 0.020
2880.70010 17.045 0.023
2881.65634 16.830 0.017
2882.50044 16.859 0.020
2883.58619 16.966 0.029
2884.47335 16.849 0.023
2884.47633 16.853 0.023
2892.50218 16.756 0.019
2892.51419 16.784 0.025
2896.57802 16.735 0.014
2896.58101 16.727 0.015
2899.60146 16.790 0.012
2899.60441 16.847 0.015
2905.54135 16.927 0.022
2905.54431 16.921 0.026
2909.51216 16.892 0.020
2909.51514 16.864 0.023
2912.53477 16.901 0.017
2912.53773 16.940 0.020
2921.59534 16.797 0.024
2921.59831 16.750 0.022
2926.56257 16.933 0.017
2926.56551 16.919 0.020
3040.88078 16.863 0.022
3040.88363 16.826 0.024
3044.85536 16.795 0.023
3044.85820 16.805 0.020
3046.86528 16.948 0.022
3046.86814 16.906 0.020
3047.85403 16.849 0.018
3047.85686 16.827 0.015
3055.87169 16.732 0.015
3055.87452 16.722 0.015
3058.88993 16.804 0.015
3058.89269 16.783 0.015
3064.81044 16.898 0.023
3064.81324 16.877 0.025
3067.88390 16.999 0.015
3070.84543 17.051 0.024
3070.84819 16.980 0.021
3070.89257 16.804 0.020
3071.87693 16.891 0.017
3073.80092 16.852 0.018
3075.83947 16.886 0.018
3075.84225 16.838 0.016
3079.88409 16.837 0.016
3079.88686 16.840 0.019
3082.85735 16.901 0.015
3082.86016 16.888 0.017
3084.89668 16.699 0.011
3084.89946 16.618 0.012
3086.82903 16.837 0.013
3086.83181 16.834 0.014
3088.78653 16.959 0.013
3088.78930 16.928 0.014
3089.89577 16.931 0.014
3089.89856 16.891 0.017
3091.81595 16.805 0.014
3091.81875 16.798 0.015
3096.85406 16.909 0.017
3096.85686 16.938 0.029
3098.83457 16.682 0.012
3098.83736 16.676 0.013
3100.79506 16.840 0.015
3100.79783 16.786 0.015
3101.90156 16.793 0.014
3101.90434 16.838 0.018
3103.76632 16.899 0.015
3103.76910 16.877 0.015
3104.88084 16.854 0.032
3104.88363 16.819 0.033
3108.75891 16.685 0.012
3108.76167 16.672 0.013
3109.79382 17.044 0.017
3109.79661 17.027 0.019
3110.82546 16.910 0.014
3110.82828 16.934 0.017
3111.85665 16.859 0.014
3112.77429 16.752 0.013
3112.77709 16.728 0.014
3113.86407 17.073 0.016
3113.86686 16.957 0.017
3114.77560 16.857 0.014
3114.77838 16.847 0.015
3115.85666 16.804 0.013
3115.86120 16.806 0.020
3116.91449 16.714 0.015
3116.91732 16.692 0.015
3118.91822 16.914 0.017
3122.90162 16.872 0.018
3122.90439 16.833 0.019
3125.86188 16.900 0.019
3125.86465 16.924 0.021
3126.89027 16.767 0.015
3127.79298 17.036 0.018
3127.79578 17.035 0.020
3128.81136 16.917 0.015
3128.81415 16.859 0.016
3130.68937 17.017 0.020
3130.69216 17.007 0.036
3135.85426 16.946 0.016
3137.92972 16.802 0.015
3137.93253 16.747 0.016
3138.69243 16.899 0.018
3138.69522 16.895 0.020
3139.86373 16.901 0.015
3139.86654 16.867 0.016
3140.86946 16.809 0.016
3140.87225 16.798 0.016
3140.90258 16.853 0.017
3142.75778 16.923 0.015
3142.76055 16.877 0.026
3144.77868 16.690 0.013
3144.78149 16.745 0.016
3146.77847 16.879 0.016
3146.78130 16.835 0.019
3151.74126 16.741 0.016
3151.74408 16.741 0.018
3151.89394 16.816 0.019
3151.89676 16.829 0.018
3152.74455 16.978 0.018
3152.74737 16.973 0.019
3153.74930 16.874 0.018
3153.75212 16.901 0.022
3154.81079 16.812 0.019
3154.81363 16.814 0.023
3156.83051 16.960 0.018
3156.83333 16.968 0.019
3158.90120 16.855 0.026
3158.90401 16.817 0.023
3162.80550 16.702 0.015
3162.80832 16.713 0.016
3163.61482 16.862 0.015
3164.72710 16.808 0.016
3164.72995 16.843 0.023
3165.74794 16.691 0.012
3165.75076 16.691 0.013
3166.89306 16.692 0.020
3166.89589 16.705 0.019
3167.74593 16.912 0.018
3167.74876 16.960 0.023
3168.74111 16.788 0.014
3168.74394 16.803 0.017
3169.71700 16.927 0.017
3169.71984 16.908 0.018
3170.79455 16.971 0.015
3171.81721 16.893 0.013
3171.82006 16.925 0.014
3172.74423 16.729 0.012
3172.74707 16.708 0.013
3174.70053 16.884 0.013
3175.71047 16.762 0.012
3175.71330 16.722 0.014
3177.75044 17.037 0.029
3178.77418 16.875 0.013
3178.77701 16.971 0.016
3179.78392 16.758 0.014
3179.78676 16.783 0.016
3180.71227 17.029 0.015
3180.71510 16.935 0.016
3182.76372 16.822 0.016
3182.76659 16.832 0.017
3183.73236 16.657 0.015
3183.73524 16.580 0.014
3184.69020 16.911 0.014
3184.69303 16.914 0.015
3185.74282 16.871 0.016
3185.74569 16.855 0.032
3185.76592 16.950 0.030
3185.79186 16.941 0.019
3185.82991 16.991 0.017
3185.85790 16.923 0.019
3185.87937 16.977 0.020
3190.63676 16.994 0.021
3191.77823 17.026 0.022
3193.52836 17.057 0.020
3193.53123 16.868 0.026
3194.58705 16.995 0.021
3194.58989 16.842 0.018
3195.63433 16.865 0.014
3195.63717 16.873 0.015
3195.79202 16.956 0.015
3195.79485 16.975 0.015
3196.53745 16.733 0.016
3196.55746 16.592 0.015
3197.50497 16.937 0.016
3197.50783 16.941 0.015
3199.61473 16.818 0.017
3199.61760 16.867 0.018
3201.50657 16.936 0.016
3201.50944 16.902 0.015
3202.47390 16.831 0.020
3202.52602 16.835 0.015
3202.56101 16.836 0.014
3202.56388 16.831 0.016
3202.63017 16.935 0.019
3202.75567 17.019 0.019
3202.79234 17.021 0.018
3202.82853 17.013 0.024
3203.46962 16.810 0.018
3203.65048 16.815 0.014
3203.65337 16.780 0.016
3204.64375 16.727 0.012
3204.64660 16.683 0.014
3205.75522 16.865 0.016
3205.76688 16.852 0.014
3206.70935 16.924 0.016
3206.71223 16.922 0.016
3207.65791 16.732 0.015
3207.66076 16.844 0.019
3209.70296 16.909 0.016
3209.70588 16.970 0.014
3210.53672 16.759 0.015
3210.53961 16.752 0.018
3210.64614 16.818 0.016
3210.73364 16.877 0.019
3211.48856 16.975 0.018
3211.57520 16.919 0.016
3211.57807 16.882 0.019
3211.69245 16.710 0.016
3217.46637 16.715 0.015
3217.47623 16.717 0.015
3217.64378 16.813 0.015
3218.64209 16.732 0.017
3218.64498 16.719 0.025
3219.59333 17.008 0.027
3223.64335 16.954 0.024
3223.64623 16.929 0.033
3224.68887 16.867 0.016
3226.60618 17.012 0.023
3228.59258 16.755 0.014
3228.59549 16.822 0.023
3229.62508 16.858 0.015
3229.62796 16.796 0.016
3230.65867 16.948 0.016
3231.56199 16.826 0.015
3231.56488 16.880 0.029
3232.58990 16.693 0.017
3238.61386 16.814 0.016
3238.65420 16.844 0.018
3239.68974 16.785 0.018
3239.69262 16.815 0.022
3240.67085 16.826 0.022
3240.67375 16.834 0.020
3245.54564 16.819 0.015
3245.54852 16.807 0.014
3246.64934 16.807 0.018
3246.65224 16.796 0.018
3247.61549 16.992 0.020
3247.61839 17.000 0.021
3249.51743 16.759 0.017
3249.52031 16.781 0.018
3250.65018 16.706 0.016
3250.65307 16.700 0.016
3251.49826 16.954 0.021
3251.59855 16.974 0.016
3251.64976 17.042 0.019
3253.51445 16.746 0.019
3253.51737 16.716 0.017
3256.62725 16.881 0.019
3256.63014 16.921 0.020
3259.61406 16.919 0.020
3259.61960 16.893 0.020
3264.52422 16.759 0.016
3264.52709 16.773 0.015
3267.52331 16.747 0.014
3267.52620 16.853 0.020
3272.57873 17.006 0.020
3272.58162 17.046 0.022
3275.56167 16.797 0.018
3275.56458 16.892 0.022
3278.59060 16.812 0.017
3278.59349 16.846 0.018
3281.58952 16.837 0.013
3281.60025 16.853 0.012
3288.53718 16.837 0.013
3288.54008 16.845 0.013
3293.50776 17.084 0.017
3293.51065 17.120 0.017
3295.51795 16.795 0.012
3295.52085 16.759 0.011
3305.54167 16.895 0.019
3307.54072 16.745 0.024
3309.51660 16.844 0.020
3310.52622 16.747 0.018
3314.50671 16.716 0.022
3314.51011 16.851 0.026
3408.88185 16.791 0.016
3408.88462 16.825 0.018
3410.87793 16.943 0.020
3410.88473 16.951 0.024
3413.88277 17.053 0.020
3413.88556 17.029 0.020
3421.88901 16.913 0.013
3421.89178 16.922 0.017
3422.85895 16.803 0.017
3422.86168 16.870 0.025
3426.85454 16.778 0.015
3426.85731 16.688 0.014
3429.82767 16.819 0.019
3429.83041 16.820 0.021
3432.87996 16.906 0.019
3432.88273 16.873 0.016
3442.88236 16.946 0.014
3442.88513 16.935 0.016
3445.79519 16.955 0.014
3445.79797 16.930 0.013
3447.84580 16.779 0.014
3447.84859 16.776 0.015
3449.85843 16.948 0.014
3449.86122 16.967 0.018
3452.87903 16.832 0.012
3452.88183 16.762 0.013
3455.81331 16.728 0.016
3455.81607 16.711 0.015
3457.84678 16.874 0.013
3457.84953 16.838 0.015
3459.84196 16.919 0.014
3459.84475 16.864 0.015
3467.87187 16.957 0.014
3469.77775 16.678 0.012
3469.78051 16.697 0.017
3470.79072 16.964 0.015
3470.79348 16.953 0.015
3472.75314 16.727 0.013
3472.75591 16.715 0.013
3473.77293 17.055 0.016
3473.77571 17.026 0.023
3474.76957 16.926 0.017
3474.77237 16.958 0.019
3475.79515 16.811 0.013
3475.79793 16.798 0.013
3477.75700 16.967 0.015
3477.75977 16.930 0.016
3479.75583 16.761 0.012
3479.75860 16.705 0.011
3480.71598 17.026 0.015
3480.71874 16.988 0.015
3481.73390 16.918 0.017
3481.73667 16.896 0.016
3482.67623 16.772 0.016
3482.67900 16.770 0.016
3496.71345 16.855 0.014
3496.71626 16.854 0.016
3497.78498 16.758 0.017
3497.78781 16.795 0.023
3498.90661 16.725 0.013
3498.91109 16.740 0.017
3499.85612 16.955 0.013
3499.85893 16.889 0.015
3500.72233 16.793 0.014
3500.72514 16.766 0.014
3501.81875 16.743 0.012
3501.82158 16.716 0.011
3502.71460 16.932 0.013
3502.71742 16.872 0.016
3503.68379 16.853 0.013
3503.68661 16.815 0.013
3504.69854 16.697 0.015
3504.70133 16.726 0.019
3506.74234 16.921 0.013
3506.74514 16.869 0.017
3508.74653 16.704 0.014
3508.74935 16.699 0.016
3509.72500 16.926 0.014
3509.72782 16.931 0.017
3510.79482 16.893 0.014
3510.79760 16.887 0.017
3511.83394 16.804 0.014
3511.83673 16.798 0.015
3512.70311 16.995 0.019
3512.70641 17.004 0.019
3517.67944 16.841 0.019
3517.68222 16.812 0.020
3520.75467 16.928 0.018
3520.75750 16.921 0.019
3521.71188 16.839 0.013
3521.71471 16.821 0.012
3522.73992 16.741 0.011
3522.74274 16.722 0.012
3522.93112 16.864 0.016
3522.93395 16.825 0.016
3523.74441 17.013 0.012
3523.74723 16.986 0.014
3524.88960 17.009 0.017
3524.89241 16.914 0.020
3525.74278 16.789 0.013
3525.74562 16.682 0.013
3526.74625 16.779 0.013
3526.74905 16.743 0.016
3528.66711 16.800 0.013
3528.66990 16.789 0.014
3529.68946 16.729 0.008
3529.69227 16.675 0.009
3530.60453 16.908 0.014
3530.60734 16.907 0.013
3537.73536 17.000 0.013
3537.73817 17.020 0.016
3538.55386 16.863 0.018
3538.60102 16.864 0.017
3538.60666 16.816 0.013
3538.63175 16.821 0.015
3538.68725 16.904 0.015
3538.73637 16.888 0.015
3538.78384 16.925 0.016
3538.81495 16.937 0.016
3538.84381 16.963 0.017
3538.87524 17.011 0.021
3538.90769 16.876 0.021
3539.51083 16.839 0.021
3539.53042 16.767 0.022
3539.56304 16.699 0.016
3539.59305 16.736 0.015
3539.60989 16.734 0.014
3539.61593 16.679 0.016
3539.68199 16.804 0.015
3539.73745 16.815 0.014
3539.80860 16.801 0.013
3540.51620 16.982 0.025
3540.61626 17.010 0.019
3540.64718 16.977 0.016
3540.73621 16.712 0.017
3540.83437 16.828 0.019
3541.63152 16.891 0.018
3541.78057 16.999 0.018
3542.56565 16.772 0.017
3542.83831 16.948 0.032
3544.61196 16.915 0.032
3544.72217 16.994 0.016
3544.72499 16.929 0.019
3546.84126 16.946 0.021
3546.84410 16.980 0.027
3547.80554 16.787 0.017
3547.80836 16.774 0.020
3549.84020 16.957 0.018
3549.84801 16.954 0.018
3550.62918 16.688 0.013
3550.63202 16.677 0.014
3551.62841 17.040 0.012
3551.63161 16.918 0.012
3552.66286 16.900 0.014
3552.66733 16.883 0.015
3553.71453 16.852 0.018
3553.71738 16.817 0.018
3554.64982 16.770 0.018
3554.65271 16.780 0.018
3555.66194 16.948 0.016
3555.66479 17.000 0.029
3556.66970 16.878 0.014
3556.67254 16.824 0.016
3558.52450 16.929 0.016
3558.52735 16.869 0.017
3558.82324 16.751 0.016
3558.82609 16.712 0.016
3559.69317 16.946 0.015
3559.69603 16.910 0.017
3560.59450 16.773 0.012
3560.59735 16.744 0.014
3561.54228 17.021 0.017
3561.54511 17.010 0.017
3562.58293 16.978 0.019
3562.58579 16.995 0.021
3563.63361 16.861 0.013
3563.63648 16.816 0.013
3564.57139 16.687 0.015
3564.57425 16.691 0.016
3569.55961 16.893 0.021
3572.81223 16.801 0.019
3572.81507 16.787 0.023
3573.64318 16.925 0.018
3573.64605 16.913 0.020
3574.68309 16.834 0.015
3574.68595 16.876 0.016
3575.53058 16.962 0.014
3575.53344 16.979 0.015
3575.76719 16.806 0.015
3575.77005 16.804 0.015
3576.47399 16.878 0.016
3576.50563 16.903 0.014
3576.52929 16.931 0.014
3576.53553 16.923 0.013
3576.56937 16.929 0.015
3576.59549 16.952 0.019
3576.62253 16.959 0.016
3576.65195 17.009 0.016
3576.68449 17.019 0.018
3576.68735 17.070 0.023
3576.73632 16.798 0.014
3577.52434 16.817 0.013
3577.58460 16.871 0.015
3577.58745 16.909 0.020
3577.63169 16.847 0.014
3577.70998 16.929 0.013
3578.47803 16.808 0.014
3578.55518 16.730 0.012
3578.66918 16.818 0.014
3578.67206 16.806 0.015
3579.61462 16.913 0.014
3579.61750 16.863 0.015
3580.47338 16.857 0.016
3580.61533 16.904 0.014
3580.64784 16.920 0.014
3580.65072 16.936 0.017
3580.73281 17.041 0.023
3580.77667 16.927 0.023
3581.48375 16.731 0.015
3581.55874 16.800 0.014
3581.66775 16.876 0.013
3581.67061 16.824 0.014
3581.75638 16.944 0.022
3582.46531 16.964 0.023
3582.58673 16.718 0.011
3582.63955 16.738 0.013
3582.64244 16.725 0.015
3583.46339 16.889 0.022
3583.63000 16.994 0.015
3583.63288 17.045 0.018
3583.74987 16.610 0.014
3583.75281 16.749 0.016
3583.76998 16.705 0.016
3584.63869 16.914 0.013
3584.64156 16.888 0.014
3584.75330 16.950 0.016
3584.75615 16.998 0.019
3585.62900 16.789 0.012
3585.63187 16.782 0.014
3585.77460 16.938 0.017
3586.46947 16.925 0.020
3586.56846 16.976 0.015
3586.67493 16.692 0.012
3586.71410 16.735 0.011
3586.71697 16.730 0.012
3587.59338 16.986 0.025
3587.64873 17.025 0.022
3587.71438 17.044 0.022
3588.55798 16.802 0.013
3589.49306 16.898 0.015
3589.54506 16.742 0.013
3589.66765 16.763 0.011
3589.67054 16.750 0.013
3589.69740 16.777 0.014
3590.65160 16.956 0.013
3590.65448 16.945 0.015
3591.49752 16.831 0.015
3591.54072 16.805 0.013
3591.64564 16.882 0.014
3591.67514 16.907 0.012
3591.67802 16.911 0.014
3591.75825 16.982 0.016
3592.75108 16.916 0.016
3592.75423 16.854 0.016
3593.74208 16.755 0.015
3593.74495 16.733 0.015
3594.70429 17.023 0.018
3594.70716 16.969 0.020
3601.65283 17.010 0.015
3601.65572 17.000 0.017
3601.72213 16.820 0.016
3602.61344 16.829 0.014
3602.61631 16.853 0.016
3603.63343 16.768 0.014
3603.63634 16.819 0.017
3607.63181 16.693 0.012
3607.63470 16.745 0.015
3608.64715 17.040 0.017
3608.65006 17.019 0.020
3609.62771 16.933 0.015
3609.63060 16.941 0.017
3615.57495 16.992 0.016
3615.57781 17.008 0.019
3618.57656 16.880 0.015
3618.57944 16.805 0.021
3620.53972 16.805 0.011
3620.54264 16.810 0.017
3622.51763 16.950 0.018
3622.52050 16.967 0.029
3628.59381 16.712 0.016
3628.59671 16.730 0.019
3630.53314 16.861 0.020
3630.53603 16.968 0.025
3632.58328 16.675 0.014
3632.58615 16.681 0.019
3634.48385 16.807 0.017
3634.48675 16.856 0.020
3639.54274 16.721 0.011
3639.54561 16.696 0.012
3641.54118 16.890 0.019
3641.54407 16.893 0.021
3644.50148 16.871 0.018
3644.50439 16.862 0.020
3648.53330 16.841 0.016
3648.53623 16.897 0.022
3650.57858 16.808 0.013
3650.58738 16.773 0.016
3654.53737 16.946 0.019
3654.54028 16.939 0.026
3656.51861 16.780 0.016
3656.52150 16.707 0.019
3658.55044 16.984 0.025
3658.55330 17.067 0.027
3660.52305 16.734 0.015
3660.52593 16.690 0.018
3664.49986 16.903 0.016
3664.50273 16.872 0.017
3669.52773 16.964 0.024
3675.50517 17.075 0.027
3675.50804 17.082 0.026
3675.52524 16.941 0.020
3676.49774 16.972 0.034
3776.86388 16.749 0.016
3776.86666 16.776 0.017
3782.84860 16.902 0.018
3782.85138 16.843 0.018
3784.87392 16.785 0.013
3784.87670 16.764 0.013
3786.89348 16.869 0.017
3786.89627 16.851 0.019
3788.84275 17.005 0.017
3788.84686 16.981 0.024
3790.88652 16.821 0.015
3790.88929 16.808 0.015
3793.85379 16.822 0.013
3793.85656 16.829 0.013
3795.84037 16.995 0.021
3795.84399 17.023 0.018
3798.80442 16.920 0.015
3798.80720 16.905 0.016
3799.80466 16.920 0.021
3799.83136 16.923 0.018
3800.82351 16.839 0.017
3800.82630 16.825 0.019
3801.88301 16.771 0.014
3801.88578 16.749 0.016
3802.84859 17.038 0.016
3802.85137 16.995 0.017
3803.88390 16.919 0.014
3803.88664 16.947 0.016
3805.80025 16.815 0.016
3805.80308 16.818 0.015
3806.76661 16.959 0.017
3806.76939 16.859 0.017
3807.78573 16.811 0.019
3807.78847 16.854 0.019
3808.79336 16.715 0.013
3808.79614 16.735 0.014
3809.87847 16.843 0.014
3809.88126 16.775 0.015
3810.84513 16.940 0.014
3810.84788 16.904 0.015
3811.83671 16.820 0.013
3811.83947 16.791 0.015
3812.83280 16.723 0.015
3812.83558 16.667 0.015
3813.82275 16.957 0.013
3813.82552 16.923 0.015
3814.82463 16.857 0.013
3814.82739 16.835 0.016
3817.85617 16.936 0.014
3817.85893 16.930 0.016
3818.88525 16.868 0.013
3818.88802 16.838 0.014
3819.80297 16.719 0.011
3819.80573 16.729 0.011
3820.76961 16.900 0.014
3820.77237 16.903 0.014
3821.77275 16.855 0.014
3821.77549 16.851 0.014
3822.81214 16.766 0.015
3822.81491 16.751 0.014
3822.86280 16.804 0.014
3822.88373 16.791 0.014
3822.91798 16.809 0.015
3823.74126 16.996 0.018
3823.77512 17.006 0.019
3823.79522 17.013 0.016
3823.83900 16.803 0.013
3823.88712 16.689 0.013
3823.92038 16.684 0.015
3824.73849 16.891 0.018
3824.74127 16.914 0.030
3824.82034 16.915 0.022
3824.86053 16.924 0.018
3824.89538 16.994 0.019
3825.80335 16.814 0.017
3825.80613 16.847 0.017
3825.84993 16.834 0.015
3825.88261 16.959 0.018
3825.91910 16.916 0.019
3826.73188 16.826 0.013
3826.73466 16.820 0.015
3826.77342 16.744 0.013
3826.82792 16.716 0.014
3826.90004 16.806 0.016
3827.76609 16.922 0.017
3827.79966 16.977 0.015
3827.80246 16.989 0.015
3827.85050 16.996 0.015
3827.92210 16.767 0.014
3828.73548 16.863 0.021
3828.75189 16.846 0.019
3828.79947 16.945 0.021
3828.86375 16.926 0.017
3828.91913 16.900 0.018
3829.73331 16.731 0.013
3829.75931 16.728 0.014
3829.77952 16.784 0.027
3829.84867 16.788 0.014
3829.89464 16.822 0.013
3829.92346 16.830 0.016
3830.69453 16.952 0.018
3830.69838 16.923 0.019
3830.70868 16.961 0.016
3830.73142 17.019 0.017
3830.74754 17.013 0.015
3830.76319 16.998 0.015
3830.77736 16.980 0.014
3830.79213 16.839 0.015
3830.80630 16.785 0.014
3830.82027 16.762 0.013
3830.83216 16.720 0.014
3830.84383 16.688 0.012
3830.85761 16.723 0.019
3830.86987 16.645 0.012
3830.88120 16.678 0.013
3830.89251 16.698 0.012
3831.69282 16.868 0.015
3831.70232 16.860 0.014
3831.71506 16.883 0.013
3831.72433 16.898 0.012
3831.72722 16.880 0.012
3831.73049 16.904 0.012
3831.73328 16.856 0.012
3831.73606 16.860 0.012
3831.73915 16.876 0.012
3831.74194 16.889 0.012
3831.74473 16.893 0.013
3831.74789 16.919 0.013
3831.75069 16.894 0.013
3831.75349 16.913 0.014
3831.75671 16.848 0.012
3831.75945 16.882 0.013
3831.76226 16.898 0.012
3831.76573 16.890 0.012
3831.76901 16.896 0.012
3831.77236 16.909 0.012
3831.77516 16.901 0.013
3831.77794 16.893 0.012
3831.78134 16.911 0.012
3831.78451 16.920 0.013
3831.78811 16.930 0.013
3831.79136 16.916 0.014
3831.79413 16.920 0.013
3831.79693 16.895 0.015
3831.80037 16.889 0.014
3831.80352 16.902 0.013
3831.80663 16.898 0.014
3831.80942 16.879 0.013
3831.81220 16.861 0.016
3831.81540 16.885 0.028
3831.81820 16.874 0.019
3831.82100 16.890 0.020
3831.82421 16.891 0.029
3831.82701 16.882 0.015
3831.82981 16.874 0.015
3831.83338 16.878 0.016
3831.83682 16.906 0.015
3831.83960 16.915 0.015
3831.84239 16.895 0.015
3831.84590 16.915 0.014
3831.84895 16.952 0.015
3831.85173 16.947 0.016
3831.85453 16.928 0.015
3831.85733 16.936 0.015
3831.86047 16.942 0.016
3831.86326 16.947 0.016
3831.86606 16.920 0.016
3831.87571 16.981 0.016
3831.88685 17.023 0.016
3831.90378 17.023 0.016
3831.91135 17.027 0.016
3831.91778 17.017 0.015
3831.92417 17.005 0.017
3831.92728 17.013 0.018
3831.93025 17.052 0.026
3832.69746 16.754 0.017
3832.70964 16.762 0.026
3832.71309 16.774 0.017
3832.73347 16.785 0.014
3832.77960 16.833 0.014
3832.82546 16.872 0.015
3832.86883 16.869 0.015
3832.91484 16.872 0.017
3833.69203 16.894 0.017
3833.71386 16.762 0.013
3833.73818 16.718 0.012
3833.75941 16.649 0.012
3833.78086 16.692 0.012
3833.82362 16.727 0.012
3833.84562 16.739 0.012
3833.87403 16.759 0.013
3833.90449 16.782 0.015
3833.92084 16.811 0.015
3834.69807 16.907 0.018
3834.71734 16.949 0.020
3834.73841 16.919 0.017
3834.74118 16.890 0.016
3834.79019 16.985 0.014
3834.87001 16.814 0.014
3834.90943 16.692 0.013
3834.91248 16.694 0.015
3835.70754 16.809 0.015
3835.73421 16.856 0.016
3835.77773 16.893 0.015
3835.85155 16.947 0.014
3835.88133 16.927 0.014
3835.92110 16.998 0.017
3836.70365 16.681 0.018
3836.76245 16.723 0.016
3836.76522 16.762 0.016
3836.80968 16.822 0.018
3836.84025 16.835 0.014
3836.89700 16.839 0.018
3837.70232 17.067 0.025
3837.72981 17.060 0.018
3837.73259 16.993 0.019
3837.90155 16.746 0.012
3837.90433 16.747 0.013
3838.74155 16.969 0.020
3838.74437 16.935 0.021
3838.90888 17.034 0.019
3838.91167 17.109 0.025
3839.73736 16.813 0.018
3839.74014 16.860 0.022
3839.81869 16.889 0.017
3839.86286 16.959 0.023
3839.92328 16.940 0.019
3840.70334 16.798 0.018
3840.70612 16.776 0.017
3840.78725 16.720 0.014
3840.90827 16.802 0.014
3840.91107 16.828 0.017
3841.74188 16.943 0.017
3841.74464 16.978 0.017
3841.83337 16.942 0.017
3841.89247 16.671 0.013
3841.89524 16.677 0.016
3842.84379 16.912 0.015
3842.84722 16.902 0.016
3845.71737 16.857 0.022
3845.72015 16.933 0.027
3845.90517 16.929 0.019
3845.90886 16.915 0.023
3846.72807 16.816 0.014
3846.73085 16.790 0.013
3846.91239 16.926 0.014
3846.91520 16.925 0.016
3847.79422 16.803 0.018
3847.79698 16.738 0.018
3848.74917 17.019 0.019
3848.75195 16.981 0.020
3848.92861 16.706 0.017
3849.74825 16.892 0.015
3849.75102 16.887 0.015
3849.92157 17.041 0.032
3850.69229 16.742 0.014
3850.69508 16.743 0.012
3850.86400 16.852 0.013
3850.86679 16.852 0.015
3851.70743 17.058 0.025
3851.71023 17.004 0.018
3851.87228 16.774 0.014
3851.87509 16.740 0.016
3851.91844 16.790 0.015
3851.92125 16.784 0.018
3852.69601 16.940 0.020
3852.69879 16.935 0.021
3852.86638 17.010 0.017
3852.87008 17.023 0.019
3853.68444 16.803 0.014
3853.68722 16.816 0.012
3853.85277 16.916 0.012
3853.85556 16.905 0.014
3853.92352 16.947 0.013
3853.92630 16.926 0.015
3854.74827 16.707 0.011
3856.67448 16.864 0.014
3856.67728 16.843 0.013
3856.84124 16.975 0.016
3856.84401 16.905 0.015
3857.91215 16.896 0.014
3857.91495 16.929 0.017
3858.76087 16.703 0.010
3858.76365 16.669 0.011
3859.79907 17.003 0.015
3859.80186 16.981 0.016
3860.66753 16.825 0.017
3860.67032 16.834 0.017
3860.90742 16.955 0.017
3860.91020 16.995 0.019
3861.66497 16.698 0.014
3861.66778 16.722 0.022
3861.77023 16.747 0.013
3861.77301 16.759 0.013
3861.93348 16.913 0.015
3861.93627 16.879 0.017
3862.69836 17.010 0.016
3862.70115 17.013 0.015
3862.86233 16.692 0.011
3862.86513 16.707 0.013
3863.63379 16.829 0.018
3863.63658 16.840 0.016
3863.85142 17.022 0.015
3863.85422 16.968 0.022
3863.93072 16.903 0.015
3863.93351 16.867 0.015
3864.67432 16.802 0.016
3864.67711 16.748 0.015
3864.86432 16.884 0.012
3864.86713 16.892 0.015
3865.68511 16.799 0.015
3865.68793 16.798 0.015
3865.82060 16.749 0.013
3865.82339 16.747 0.014
3865.89859 16.791 0.012
3865.90139 16.821 0.014
3866.68353 16.921 0.014
3866.68633 16.917 0.015
3866.82304 16.961 0.015
3866.82582 16.945 0.016
3866.90194 16.706 0.013
3866.90472 16.620 0.012
3867.62645 16.825 0.018
3867.62923 16.817 0.018
3867.81208 16.908 0.015
3867.81489 16.929 0.018
3867.88514 16.953 0.014
3867.88795 16.920 0.016
3868.70952 16.746 0.015
3868.71231 16.772 0.023
3868.85477 16.851 0.016
3868.86399 16.863 0.022
3869.68929 16.985 0.018
3869.69210 16.991 0.016
3869.87029 16.716 0.014
3869.87310 16.699 0.016
3872.88665 16.804 0.013
3872.88947 16.815 0.015
3873.64160 16.915 0.016
3873.64441 16.931 0.016
3873.78430 17.021 0.015
3873.78712 16.949 0.017
3873.85707 16.768 0.014
3873.85985 16.752 0.016
3873.92662 16.730 0.014
3873.92942 16.768 0.016
3874.74127 16.889 0.018
3874.74408 16.895 0.022
3875.65497 16.722 0.012
3875.65777 16.720 0.011
3875.80246 16.824 0.012
3875.80525 16.816 0.013
3875.90137 16.895 0.014
3875.90419 16.928 0.015
3876.63222 17.016 0.014
3876.63502 17.001 0.015
3877.63034 16.857 0.014
3877.63314 16.891 0.022
3877.78104 16.966 0.014
3877.78382 16.971 0.015
3877.85555 17.036 0.015
3877.85836 17.004 0.017
3877.94175 16.751 0.022
3879.66177 16.781 0.012
3879.66460 16.753 0.010
3880.83117 16.781 0.015
3880.83400 16.748 0.016
3880.90999 16.726 0.013
3880.91278 16.727 0.014
3881.66036 16.859 0.014
3881.66319 16.841 0.014
3881.87189 16.975 0.014
3881.87469 16.992 0.016
3881.91865 17.003 0.014
3881.92144 17.015 0.016
3882.74867 16.803 0.015
3882.75148 16.783 0.015
3882.82290 16.827 0.014
3882.82572 16.802 0.015
3882.89179 16.867 0.014
3882.89458 16.885 0.014
3883.63808 17.053 0.020
3883.64089 16.977 0.018
3883.83290 16.742 0.012
3883.83854 16.746 0.013
3886.60016 16.900 0.015
3886.60296 16.917 0.016
3886.79289 16.784 0.012
3886.79572 16.749 0.014
3886.86476 16.832 0.015
3886.86759 16.856 0.018
3887.57346 16.883 0.018
3887.57628 16.908 0.016
3887.77601 16.817 0.012
3887.77883 16.884 0.015
3887.87567 16.738 0.013
3887.87851 16.744 0.014
3888.59233 16.763 0.012
3889.65596 16.775 0.014
3889.65877 16.774 0.014
3889.93701 16.914 0.016
3890.63145 17.012 0.016
3890.63801 17.019 0.015
3891.66555 16.911 0.014
3891.66836 16.904 0.016
3891.79383 17.027 0.020
3891.79664 17.008 0.019
3891.87580 16.795 0.015
3891.87862 16.766 0.015
3892.56716 16.733 0.016
3892.56996 16.740 0.015
3892.93307 17.063 0.022
3893.61656 16.783 0.016
3893.61937 16.779 0.015
3893.85840 16.862 0.017
3893.86123 16.899 0.020
3894.66979 17.006 0.022
3894.67263 17.040 0.028
3896.60739 16.722 0.019
3896.61021 16.715 0.018
3900.52871 17.007 0.023
3900.53154 17.030 0.024
3900.71437 16.764 0.017
3900.71721 16.669 0.021
3900.79371 16.823 0.014
3900.79651 16.780 0.015
3900.86232 16.861 0.015
3900.86518 16.860 0.015
3901.53883 16.896 0.018
3901.54164 16.893 0.016
3901.72014 16.909 0.015
3901.72296 16.866 0.017
3901.79741 16.702 0.015
3901.80026 16.701 0.017
3901.86635 16.781 0.016
3901.86919 16.748 0.014
3902.55896 16.882 0.015
3902.56432 16.863 0.014
3902.74101 16.919 0.014
3902.74384 16.871 0.015
3902.85520 17.024 0.018
3902.86280 17.011 0.020
3903.64917 16.780 0.015
3903.65200 16.761 0.015
3903.89484 16.941 0.019
3903.89770 16.996 0.019
3904.54975 17.023 0.016
3904.55258 16.964 0.030
3904.71284 16.707 0.011
3904.71569 16.672 0.012
3904.78181 16.753 0.012
3904.78472 16.753 0.014
3904.88405 16.833 0.015
3904.88687 16.824 0.014
3905.54658 16.889 0.015
3905.54940 16.879 0.014
3905.72317 17.017 0.013
3905.72600 16.931 0.015
3905.79327 16.901 0.012
3905.79609 16.842 0.013
3905.86181 16.683 0.012
3905.86464 16.695 0.012
3906.56110 16.802 0.016
3906.56391 16.792 0.016
3906.70090 16.858 0.014
3906.70373 16.861 0.015
3906.77404 16.928 0.015
3906.77686 16.890 0.016
3906.85326 16.959 0.016
3906.85606 16.926 0.016
3907.59185 16.715 0.014
3907.59466 16.639 0.014
3907.77409 16.856 0.018
3907.77690 16.884 0.021
3907.85863 16.955 0.023
3907.86146 16.862 0.022
3908.52688 16.960 0.017
3908.53081 16.900 0.016
3908.71359 16.815 0.014
3908.71642 16.758 0.015
3908.79365 16.710 0.012
3908.79650 16.731 0.014
3908.87327 16.765 0.015
3908.87610 16.792 0.015
3908.88482 16.797 0.014
3909.52970 16.824 0.017
3909.53255 16.830 0.016
3909.71251 16.917 0.012
3909.71536 16.910 0.014
3909.80300 17.000 0.014
3909.80585 16.923 0.022
3909.87925 16.788 0.015
3909.88209 16.766 0.015
3910.55917 16.757 0.017
3910.56201 16.700 0.014
3912.52899 16.881 0.012
3912.53181 16.851 0.011
3912.71629 17.002 0.013
3912.71911 16.987 0.014
3912.81018 16.744 0.012
3912.81298 16.741 0.013
3913.52043 16.777 0.012
3913.52327 16.762 0.012
3913.72582 16.917 0.015
3913.72868 16.908 0.016
3913.81478 16.935 0.014
3913.81763 16.891 0.013
3914.54418 16.802 0.015
3914.54703 16.811 0.016
3914.78539 16.811 0.013
3915.52197 16.922 0.017
3915.52479 16.941 0.016
3915.72396 16.696 0.012
3915.72677 16.679 0.014
3915.82214 16.750 0.012
3915.82500 16.743 0.013
3916.56066 16.889 0.018
3916.56350 16.858 0.024
3916.80451 17.116 0.022
3916.80737 17.004 0.019
3917.54833 16.750 0.014
3917.55117 16.723 0.015
3917.81506 16.929 0.019
3917.81791 16.964 0.019
3918.59191 16.825 0.013
3918.81282 16.843 0.017
3918.81566 16.863 0.018
3919.53957 16.909 0.016
3919.74957 16.869 0.012
3919.75241 16.806 0.013
3920.50727 16.789 0.015
3920.51012 16.767 0.014
3920.70334 16.906 0.016
3920.70621 16.952 0.018
3920.78874 16.939 0.013
3920.79156 16.942 0.015
3921.50345 16.780 0.015
3921.50629 16.795 0.015
3921.70269 16.810 0.020
3921.70554 16.847 0.022
3921.71716 16.803 0.019
3921.72000 16.912 0.023
3922.70712 16.664 0.015
3922.70997 16.669 0.017
3930.52818 16.867 0.014
3930.53762 16.899 0.013
3930.78216 16.975 0.020
3930.78501 16.973 0.021
3931.49269 16.722 0.016
3931.49555 16.712 0.017
3931.80961 16.840 0.019
3931.82270 16.969 0.019
3932.52357 16.983 0.016
3932.52644 17.001 0.017
3932.79533 16.822 0.016
3932.79819 16.866 0.018
3933.51006 16.910 0.014
3933.51288 16.895 0.015
3933.69445 16.931 0.013
3933.69729 16.948 0.014
3933.76643 16.661 0.011
3933.76931 16.664 0.013
3934.48388 16.805 0.014
3934.48675 16.785 0.014
3934.65393 16.908 0.014
3934.65679 16.870 0.014
3934.72375 16.889 0.012
3934.72662 16.897 0.014
3935.53380 16.691 0.014
3935.53665 16.682 0.013
3935.70508 16.803 0.017
3935.70795 16.901 0.020
3935.80267 16.904 0.017
3935.80551 16.892 0.017
3936.48720 16.885 0.018
3936.49004 16.971 0.019
3936.65264 16.698 0.013
3936.65553 16.703 0.014
3936.72903 16.740 0.014
3936.73190 16.707 0.015
3937.55147 16.915 0.021
3937.55431 16.939 0.023
3938.49489 16.735 0.016
3938.49782 16.780 0.020
3938.68585 16.899 0.015
3938.68874 16.922 0.016
3938.79512 16.911 0.017
3938.79796 16.953 0.019
3940.57518 16.966 0.012
3940.57805 17.017 0.015
3941.69619 16.952 0.020
3941.69904 17.017 0.025
3944.54750 16.903 0.013
3944.55038 16.920 0.017
3944.74786 16.894 0.014
3944.75072 16.794 0.012
3945.50886 16.772 0.014
3945.51209 16.797 0.016
3945.77570 16.925 0.017
3945.77859 16.978 0.017
3946.50661 16.842 0.018
3946.50948 16.876 0.017
3946.69878 16.787 0.014
3946.70167 16.821 0.015
3950.51554 16.983 0.016
3950.51836 17.000 0.016
3950.73056 16.738 0.014
3950.73340 16.737 0.014
3951.50824 16.922 0.017
3951.51106 16.922 0.028
3951.73952 16.820 0.019
3951.74233 16.876 0.023
3955.68501 16.854 0.027
3956.56076 16.761 0.018
3956.56358 16.809 0.021
3957.49986 17.005 0.018
3957.50269 16.911 0.021
3958.57061 16.924 0.015
3958.57350 16.931 0.017
3959.50341 16.815 0.016
3959.50625 16.833 0.016
3959.67785 16.902 0.015
3959.68067 16.901 0.016
3960.49270 16.738 0.012
3960.49552 16.726 0.013
3960.67174 16.809 0.012
3960.67458 16.831 0.013
3961.56400 17.034 0.019
3961.56682 16.973 0.020
3963.52530 16.766 0.014
3963.52813 16.746 0.015
3963.70267 16.862 0.015
3963.70552 16.906 0.017
3964.52039 16.856 0.013
3964.52323 16.843 0.014
3964.72529 16.770 0.014
3964.72811 16.805 0.014
3965.50484 16.903 0.013
3965.50767 16.920 0.014
3965.69614 16.826 0.013
3965.69897 16.807 0.016
3966.48002 16.811 0.015
3966.48285 16.810 0.017
3966.68176 16.964 0.017
3966.68461 16.949 0.017
3967.51439 16.734 0.017
3967.51722 16.769 0.018
3967.70721 16.824 0.015
3967.71002 16.838 0.015
3968.49247 16.977 0.018
3968.49534 16.950 0.020
3968.57205 16.957 0.019
3968.66241 16.718 0.013
3968.66525 16.707 0.024
3969.47414 16.867 0.017
3969.47696 16.896 0.019
3969.67478 16.993 0.017
3969.67764 16.994 0.020
3970.50321 16.766 0.016
3970.50608 16.811 0.019
3970.68177 16.842 0.015
3970.68464 16.891 0.015
3971.54714 16.724 0.016
3971.54996 16.747 0.018
3973.56523 16.854 0.017
3973.56806 16.969 0.021
3974.50258 16.728 0.015
3974.50540 16.698 0.016
3974.68136 16.806 0.018
3974.68840 16.855 0.018
3975.50549 17.008 0.017
3975.50832 17.018 0.018
3975.67737 16.689 0.015
3975.68018 16.697 0.015
3976.50002 16.899 0.014
3976.50287 16.907 0.014
3976.67603 17.035 0.020
3976.67889 16.993 0.021
3979.50230 16.891 0.023
3979.50514 16.931 0.033
3982.56293 16.805 0.014
3982.56575 16.837 0.024
3983.51661 16.853 0.021
3983.51944 16.875 0.023
3986.57735 17.038 0.020
3986.58020 17.012 0.020
3987.49973 16.891 0.016
3987.50256 16.898 0.018
3988.50553 16.749 0.013
3988.50840 16.752 0.014
3989.52320 16.831 0.015
3989.52606 16.857 0.017
3989.59339 16.720 0.017
3989.65912 16.777 0.020
3990.54007 16.945 0.018
3990.54287 17.051 0.022
3990.60769 17.088 0.021
3990.63502 17.014 0.018
3990.66921 16.944 0.018
3991.49582 16.799 0.018
3991.49865 16.837 0.020
3991.64194 16.950 0.019
3993.54752 17.003 0.020
3993.55037 17.063 0.030
3994.55816 16.895 0.018
3994.56103 16.980 0.020
3995.56575 16.804 0.013
3995.56860 16.839 0.015
3999.58099 16.763 0.015
3999.58387 16.801 0.015
4002.48924 16.781 0.013
4002.49208 16.798 0.015
4003.48671 16.767 0.013
4003.48958 16.783 0.014
4004.52089 16.941 0.014
4004.52370 16.921 0.014
4006.51381 16.741 0.014
4006.51665 16.742 0.015
4012.49369 16.848 0.018
4012.49654 16.916 0.023
4016.50936 16.835 0.017
4016.51218 16.876 0.019
4018.54560 17.151 0.022
4018.54847 17.152 0.023
4020.53238 16.804 0.016
4020.53521 16.931 0.018
4023.53270 16.892 0.019
4023.53555 16.853 0.018
4025.55212 16.956 0.017
4025.55494 16.977 0.019
4027.55814 16.837 0.018
4028.49433 16.876 0.020
4030.54927 16.904 0.018
4031.49442 16.853 0.021
4036.52989 16.950 0.021
4038.49695 16.725 0.022
4038.49978 16.835 0.023
4040.51131 17.008 0.023
4040.51413 17.038 0.026
4041.49353 16.788 0.025
4043.50374 16.925 0.023
4043.50658 17.053 0.024
4141.87150 16.780 0.016
4141.87425 16.806 0.019
4143.88868 16.860 0.021
4143.89158 16.858 0.026
4150.88669 16.878 0.018
4150.88943 16.878 0.021
4153.87460 16.898 0.017
4153.87732 16.895 0.020
4156.85304 16.928 0.020
4156.85575 16.972 0.024
4158.87261 16.742 0.015
4158.87533 16.802 0.020
4161.84059 16.770 0.016
4161.84330 16.798 0.022
4163.80945 16.903 0.019
4163.82343 16.946 0.018
4163.82618 16.942 0.020
4165.80480 16.716 0.020
4165.80755 16.798 0.038
4168.80086 16.819 0.019
4170.79398 16.941 0.026
4170.79671 17.006 0.028
4175.78462 16.788 0.017
4175.78733 16.783 0.021
4176.89600 16.752 0.014
4176.89869 16.737 0.015
4178.79973 16.855 0.015
4178.80243 16.869 0.018
4179.84407 16.770 0.015
4179.84679 16.793 0.016
4181.78041 16.886 0.019
4181.78315 16.912 0.020
4182.82543 16.825 0.014
4182.82815 16.815 0.016
4183.86156 16.744 0.016
4183.86427 16.733 0.018
4184.90217 16.788 0.013
4189.81336 16.851 0.021
4189.83630 16.874 0.024
4191.80246 16.964 0.023
4191.80518 17.010 0.026
4193.73681 16.716 0.021
4193.73955 16.768 0.024
4194.78234 16.799 0.016
4194.78508 16.752 0.018
4196.77248 16.828 0.018
4196.77521 16.830 0.021
4202.75398 16.921 0.015
4202.75669 16.891 0.019
4203.74198 16.826 0.013
4203.74471 16.820 0.015
4204.73427 16.698 0.015
4204.73698 16.667 0.015
4204.91660 16.803 0.015
4204.91930 16.827 0.015
4205.73080 16.956 0.019
4205.73353 16.958 0.019
4207.72026 16.787 0.016
4207.72299 16.745 0.017
4208.74233 16.758 0.015
4208.74507 16.726 0.018
4211.78649 16.762 0.018
4211.78923 16.732 0.019
4212.86368 16.661 0.019
4212.86641 16.727 0.021
4213.70688 16.888 0.020
4213.70960 16.842 0.021
4213.91044 17.018 0.016
4213.91318 17.028 0.018
4215.73959 16.675 0.015
4215.74231 16.703 0.018
4216.69737 16.903 0.019
4216.70011 16.891 0.020
4216.92176 16.625 0.016
4216.92447 16.670 0.016
4217.70481 16.823 0.015
4217.70755 16.799 0.016
4217.90843 16.937 0.014
4217.91117 16.956 0.016
4218.75443 16.738 0.020
4218.75716 16.740 0.020
4219.75258 16.965 0.020
4219.75533 16.919 0.020
4220.69458 16.867 0.019
4220.70006 16.863 0.021
4222.66330 16.896 0.022
4222.66603 16.892 0.024
4222.91079 16.761 0.018
4222.91352 16.794 0.017
4224.77952 16.877 0.018
4224.78224 16.864 0.019
4228.67496 16.755 0.016
4228.67769 16.771 0.017
4228.90853 16.885 0.021
4228.91127 16.886 0.022
4229.66860 16.772 0.018
4229.67133 16.780 0.020
4229.86559 16.778 0.016
4229.86831 16.766 0.017
4229.93276 16.810 0.017
4229.93550 16.822 0.019
4230.67833 16.921 0.016
4230.68107 16.938 0.019
4230.86638 16.647 0.015
4230.86912 16.649 0.016
4230.93125 16.708 0.020
4230.93399 16.732 0.023
4231.62065 16.787 0.018
4231.62340 16.829 0.019
4231.76485 16.891 0.015
4231.76761 16.840 0.016
4231.88907 16.926 0.020
4231.89179 16.915 0.020
4231.93217 16.981 0.021
4231.93490 16.956 0.022
4232.67273 16.710 0.018
4232.67545 16.714 0.019
4232.83373 16.854 0.022
4233.80450 16.662 0.016
4233.80725 16.664 0.018
4234.70615 16.912 0.017
4234.70891 16.874 0.019
4235.63422 16.738 0.015
4235.63696 16.769 0.018
4235.79542 16.853 0.014
4235.79816 16.860 0.017
4235.88783 16.900 0.016
4235.89058 16.917 0.018
4238.62007 16.834 0.023
4238.62283 16.874 0.027
4238.87252 16.956 0.020
4238.87527 16.981 0.022
4239.62101 16.679 0.017
4239.62372 16.699 0.018
4240.67422 16.982 0.014
4240.67695 16.928 0.019
4240.80858 16.704 0.014
4240.81133 16.741 0.017
4243.64003 16.683 0.016
4243.64276 16.703 0.018
4243.73272 16.743 0.015
4243.73547 16.743 0.020
4243.82647 16.780 0.018
4243.82923 16.820 0.020
4243.94389 16.831 0.026
4244.61240 16.934 0.021
4244.61516 16.961 0.026
4244.70861 17.000 0.017
4244.71136 16.992 0.019
4244.80142 16.692 0.014
4244.80419 16.660 0.017
4244.91326 16.740 0.016
4244.91602 16.754 0.017
4245.60547 16.813 0.016
4245.60820 16.869 0.020
4245.69937 16.870 0.014
4245.70212 16.871 0.017
4245.79521 16.920 0.015
4245.79797 16.898 0.017
4246.66378 16.755 0.014
4246.66654 16.772 0.021
4246.75668 16.824 0.017
4246.75941 16.837 0.021
4246.84997 16.856 0.018
4246.85272 16.852 0.019
4247.67899 16.808 0.015
4247.68174 16.798 0.018
4247.81687 16.735 0.015
4247.82259 16.754 0.016
4250.72715 16.760 0.016
4250.72988 16.749 0.018
4251.79870 16.668 0.024
4251.80147 16.728 0.026
4256.61483 16.794 0.020
4256.61760 16.800 0.020
4256.76085 16.919 0.024
4256.76362 16.839 0.021
4256.85866 16.950 0.028
4256.86143 16.967 0.030
4257.64651 16.681 0.017
4257.64927 16.744 0.020
4258.63030 16.941 0.021
4258.63292 16.986 0.026
4258.75282 16.732 0.016
4258.75541 16.767 0.018
4258.84690 16.730 0.017
4258.84951 16.745 0.019
4267.59089 16.774 0.019
4267.59350 16.756 0.019
4268.55408 17.011 0.022
4268.55670 16.995 0.020
4268.83697 16.791 0.016
4268.83957 16.807 0.018
4269.57333 16.884 0.018
4269.57593 16.939 0.021
4269.69385 16.957 0.017
4269.69646 17.001 0.019
4269.78310 16.787 0.015
4269.78570 16.779 0.014
4270.56684 16.819 0.015
4270.56946 16.822 0.018
4272.59518 16.985 0.016
4272.59781 16.966 0.017
4272.74435 16.683 0.013
4272.74695 16.692 0.015
4272.80358 16.735 0.013
4272.80620 16.716 0.013
4272.87511 16.791 0.020
4272.87774 16.811 0.022
4273.61232 16.870 0.020
4273.61494 16.907 0.025
4273.79297 16.966 0.023
4273.79560 17.048 0.026
4273.85287 16.829 0.019
4273.85674 16.784 0.022
4274.54497 16.719 0.018
4274.54757 16.734 0.019
4274.69728 16.833 0.017
4274.69991 16.816 0.019
4274.75985 16.861 0.016
4274.76248 16.878 0.020
4274.81825 16.943 0.019
4274.82088 16.887 0.019
4275.59741 16.801 0.015
4275.60002 16.813 0.017
4275.77274 16.787 0.018
4275.77537 16.752 0.018
4275.83122 16.818 0.021
4275.83384 16.823 0.023
4275.89255 16.846 0.029
4276.58216 16.929 0.019
4276.58481 16.897 0.021
4277.52596 16.761 0.018
4277.52860 16.795 0.022
4277.70155 16.891 0.016
4277.70549 16.886 0.019
4277.76157 16.892 0.022
4277.76419 16.929 0.023
4277.82020 16.973 0.025
4277.82283 16.969 0.027
4278.56317 16.692 0.020
4278.57236 16.684 0.021
4278.74704 16.824 0.022
4278.74964 16.847 0.021
4278.82606 16.896 0.025
4278.82870 16.930 0.038
4283.50538 16.906 0.020
4283.50801 16.918 0.023
4283.72571 16.786 0.019
4283.72834 16.745 0.020
4284.50036 16.770 0.018
4284.50297 16.769 0.019
4284.69050 16.910 0.019
4284.75326 16.881 0.016
4284.75590 16.926 0.019
4284.81220 16.976 0.021
4284.81484 16.926 0.022
4285.50341 16.701 0.021
4285.50605 16.704 0.022
4285.69153 16.791 0.017
4285.69418 16.785 0.020
4285.75798 16.823 0.016
4285.76062 16.862 0.018
4285.82331 16.898 0.019
4285.82594 16.902 0.022
4286.50313 16.964 0.021
4286.50575 16.944 0.024
4286.80030 16.707 0.019
4286.80293 16.785 0.018
4289.51092 17.030 0.023
4289.51356 16.999 0.026
4289.72949 16.783 0.018
4289.73212 16.802 0.020
4289.79460 16.855 0.019
4289.79724 16.839 0.019
4290.55726 16.964 0.023
4290.55988 16.935 0.025
4291.61985 16.860 0.018
4291.62250 16.871 0.017
4291.78255 17.063 0.026
4291.78520 16.985 0.025
4292.48553 16.682 0.014
4292.48816 16.672 0.015
4292.66468 16.804 0.014
4292.66732 16.775 0.018
4292.72329 16.828 0.015
4292.72592 16.830 0.016
4292.78183 16.875 0.016
4292.78445 16.880 0.016
4293.46379 16.921 0.023
4293.48584 16.954 0.017
4293.48847 16.977 0.020
4293.52666 16.992 0.017
4293.67020 16.645 0.014
4293.71043 16.688 0.013
4293.71307 16.676 0.023
4293.76923 16.738 0.015
4294.48500 16.847 0.017
4294.48765 16.845 0.018
4295.49211 16.747 0.017
4295.49476 16.759 0.017
4295.69012 16.845 0.015
4295.69278 16.879 0.016
4295.74874 16.912 0.016
4295.75137 16.893 0.016
4296.48907 17.004 0.021
4296.49173 16.984 0.020
4296.68177 16.744 0.015
4296.68443 16.770 0.016
4296.79993 16.833 0.017
4296.81270 16.845 0.021
4297.50870 16.887 0.019
4297.51134 16.933 0.022
4297.71029 16.688 0.014
4297.71294 16.704 0.014
4298.54358 16.829 0.020
4298.54621 16.855 0.023
4298.64932 16.914 0.020
4298.65195 16.924 0.020
4298.74890 16.923 0.021
4298.75155 16.935 0.024
4299.52661 16.698 0.014
4299.52924 16.709 0.016
4299.61958 16.800 0.015
4299.62223 16.761 0.016
4299.71180 16.822 0.016
4299.71442 16.832 0.017
4299.80254 16.890 0.021
4299.80517 16.936 0.023
4300.52226 17.023 0.019
4300.52491 16.978 0.020
4300.64236 16.653 0.013
4300.64499 16.698 0.016
4300.73786 16.744 0.015
4300.74051 16.817 0.018
4301.51313 16.877 0.015
4301.51578 16.860 0.017
4301.60891 16.908 0.014
4301.61155 16.946 0.017
4301.70750 16.994 0.018
4301.71129 17.038 0.020
4301.79987 16.654 0.014
4301.80251 16.653 0.014
4302.58611 16.858 0.016
4302.58876 16.842 0.018
4302.68583 16.910 0.019
4302.68896 16.937 0.022
4303.67135 16.757 0.019
4303.67480 16.761 0.021
4304.54623 16.983 0.022
4304.54890 16.940 0.028
4304.65633 16.822 0.020
4304.65959 16.869 0.028
4306.63020 16.802 0.018
4306.63285 16.808 0.018
4306.67096 16.852 0.021
4306.68565 16.834 0.021
4310.60943 16.742 0.019
4310.61207 16.740 0.019
4311.75808 16.680 0.022
4311.76074 16.732 0.024
4312.54171 16.842 0.018
4312.54435 16.892 0.023
4312.74016 16.996 0.019
4312.74280 17.023 0.020
4315.63268 16.980 0.025
4315.63534 17.001 0.026
4316.70587 16.898 0.017
4316.70852 16.942 0.021
4317.55392 16.729 0.015
4317.55659 16.719 0.016
4319.51120 16.898 0.020
4319.51385 16.843 0.026
4319.76604 16.860 0.021
4319.76870 16.839 0.020
4320.53802 16.749 0.016
4320.54067 16.781 0.017
4320.59554 16.855 0.020
4320.77207 16.967 0.026
4326.50525 16.862 0.016
4326.50790 16.895 0.020
4326.70244 17.016 0.022
4326.70510 17.074 0.026
4327.58349 16.846 0.023
4327.58629 16.863 0.024
4327.72477 16.903 0.022
4327.72759 16.869 0.025
4328.51025 16.807 0.019
4328.51309 16.796 0.020
4328.68829 16.805 0.019
4328.69113 16.830 0.021
4329.52041 16.902 0.019
4329.52309 16.949 0.022
4329.66830 16.828 0.018
4329.67097 16.849 0.022
4330.49120 16.818 0.017
4330.49401 16.848 0.022
4330.68444 16.904 0.018
4330.68727 16.998 0.020
4331.47127 16.742 0.023
4331.47409 16.755 0.023
4331.68012 16.840 0.021
4331.68295 16.885 0.024
4332.50104 17.000 0.017
4332.50388 17.041 0.020
4333.52212 16.893 0.018
4333.52495 16.908 0.022
4333.68329 17.018 0.020
4333.68609 17.013 0.023
4334.49550 16.764 0.036
4334.49833 16.866 0.052
4334.62373 16.904 0.032
4334.62657 16.961 0.034
4338.49538 16.731 0.018
4338.49820 16.728 0.023
4339.47272 16.977 0.026
4339.47556 16.999 0.027
4339.68913 16.752 0.022
4339.69197 16.749 0.022
4340.58777 16.928 0.021
4340.59585 16.982 0.023
4341.49604 16.803 0.021
4341.49886 16.856 0.031
4342.52524 16.693 0.017
4342.52808 16.705 0.018
4343.50109 16.948 0.015
4343.50688 16.940 0.017
4344.53225 16.876 0.023
4344.53510 16.908 0.024
4345.49714 16.741 0.013
4345.49997 16.750 0.016
4346.51016 16.866 0.018
4346.51297 16.874 0.020
4347.52487 16.929 0.020
4347.52770 16.979 0.023
4349.48608 16.682 0.018
4349.48892 16.709 0.020
4350.53316 16.991 0.018
4350.53598 16.992 0.020
4351.49905 16.877 0.017
4351.50187 16.873 0.018
4352.54961 16.824 0.021
4352.55243 16.823 0.023
4353.50297 16.797 0.015
4353.50579 16.818 0.018
4354.53167 16.941 0.017
4354.53451 16.954 0.019
4355.53329 16.819 0.018
4355.53613 16.860 0.018
4356.49967 16.704 0.014
4356.50250 16.737 0.017
4357.52873 17.029 0.025
4357.53158 16.995 0.026
4358.48524 16.871 0.022
4358.49461 16.904 0.029
4359.52932 16.780 0.019
4359.53217 16.827 0.019
4360.51675 16.674 0.019
4360.51960 16.743 0.022
4361.56211 17.007 0.025
4361.56492 17.066 0.032
4362.50384 16.816 0.019
4362.50666 16.852 0.021
4365.55468 16.929 0.024
4365.55748 16.950 0.028
4367.48077 16.698 0.017
4367.48358 16.714 0.017
4368.52437 16.965 0.022
4368.52723 17.028 0.038
4369.60376 16.904 0.024
4369.60659 16.975 0.031
4370.48168 16.735 0.020
4370.48450 16.778 0.022
4371.52685 16.765 0.015
4371.52966 16.792 0.017
4372.51141 16.922 0.017
4372.51542 16.913 0.017
4373.48710 16.822 0.023
4373.48991 16.866 0.023
4376.56349 16.911 0.025
4376.56630 16.947 0.026
4377.60074 16.798 0.021
4377.60358 16.840 0.021
4378.51127 16.742 0.017
4378.51410 16.778 0.019
4379.52631 16.916 0.023
4379.52915 17.039 0.032
4380.53781 16.840 0.017
4380.54064 16.860 0.019
4381.51649 16.714 0.020
4381.51930 16.756 0.032
4382.55819 16.878 0.022
4382.56131 16.871 0.021
4383.54959 16.916 0.021
4383.55241 16.952 0.025
4384.52374 16.779 0.020
4384.52658 16.830 0.022
4387.57497 16.863 0.020
4387.58054 16.944 0.023
4393.52361 16.960 0.019
4393.52643 16.978 0.021
4394.53896 16.831 0.018
4394.54178 16.862 0.021
4395.51035 16.742 0.018
4395.51318 16.800 0.026
4396.50237 16.938 0.027
4396.50517 16.943 0.027
4397.52669 16.879 0.021
4397.52950 16.944 0.035
4398.53159 16.827 0.020
4399.52425 16.695 0.020
4399.52707 16.735 0.022
4400.52633 16.968 0.027
4400.52917 16.978 0.035
4402.54274 16.827 0.023
4402.54558 16.854 0.028
4403.54182 16.714 0.021
4403.54462 16.775 0.023
4407.51774 16.912 0.023
4407.52056 17.102 0.041
4507.84838 16.789 0.018
4507.85096 16.850 0.022
4510.85351 16.895 0.016
4510.85622 16.860 0.020
4513.85463 16.948 0.015
4513.85736 16.927 0.017
4517.84808 16.916 0.025
4517.85647 16.907 0.029
4519.87471 16.693 0.014
4519.87741 16.662 0.016
4522.86861 16.772 0.019
4522.87132 16.768 0.020
4524.80451 16.859 0.018
4524.80722 16.892 0.019
4530.81211 16.958 0.015
4530.81482 16.913 0.016
4533.84572 16.715 0.015
4533.84845 16.718 0.018
4535.79914 16.869 0.020
4535.80187 16.921 0.023
4536.88837 16.791 0.014
4536.89110 16.791 0.016
4537.87402 16.680 0.012
4537.87675 16.687 0.015
4538.80916 16.919 0.018
4538.81187 16.938 0.020
4539.84720 16.853 0.015
4539.84992 16.808 0.018
4540.79336 16.699 0.013
4540.79607 16.671 0.014
4541.78610 16.957 0.016
4541.78880 16.939 0.017
4542.78076 16.877 0.019
4542.78349 16.925 0.024
4543.77630 16.758 0.015
4543.77903 16.728 0.017
4544.77321 16.869 0.019
4544.77593 16.830 0.020
4545.77948 16.911 0.017
4545.78221 16.892 0.019
4546.78666 16.801 0.015
4546.78936 16.821 0.019
4547.78063 16.687 0.013
4547.78333 16.669 0.016
4548.74964 16.956 0.023
4548.79431 16.958 0.027
4550.73460 16.733 0.020
4550.73734 16.754 0.021
4551.75217 16.854 0.016
4551.76054 16.793 0.017
4552.75373 16.917 0.030
4552.75644 16.903 0.029
4556.74983 16.864 0.015
4556.75256 16.860 0.016
4557.76711 16.775 0.015
4557.76983 16.766 0.018
4558.74405 16.801 0.013
4558.74677 16.767 0.015
4558.91381 16.774 0.013
4559.74196 16.851 0.015
4559.74466 16.875 0.017
4560.74206 16.847 0.016
4560.74477 16.842 0.018
4561.73209 16.700 0.013
4561.73482 16.703 0.016
4561.91830 16.828 0.014
4564.72231 16.762 0.015
4564.72502 16.750 0.015
4564.92279 16.913 0.017
4564.92553 16.828 0.017
4565.72039 16.820 0.013
4565.72309 16.789 0.014
4565.91123 16.787 0.012
4566.71987 16.895 0.015
4566.72257 16.906 0.018
4566.91623 16.706 0.012
4566.91943 16.683 0.012
4567.71285 16.748 0.014
4567.71554 16.802 0.019
4567.91871 16.942 0.016
4567.92144 16.892 0.015
4568.71873 16.673 0.015
4568.72145 16.736 0.017
4569.72775 16.988 0.019
4569.73047 16.987 0.025
4570.72116 16.856 0.019
4570.72389 16.935 0.022
4571.71582 16.744 0.018
4571.71852 16.763 0.022
4571.90437 16.878 0.015
4571.90711 16.830 0.015
4572.74329 16.680 0.014
4572.74601 16.671 0.016
4573.73167 16.921 0.016
4573.73441 16.906 0.018
4573.89804 16.693 0.012
4573.90077 16.657 0.013
4574.73405 16.828 0.016
4574.73680 16.879 0.022
4575.73956 16.727 0.014
4575.74229 16.739 0.016
4576.74968 16.880 0.015
4576.75240 16.892 0.017
4577.83137 16.971 0.017
4577.83408 16.953 0.018
4578.78242 16.823 0.020
4578.78513 16.935 0.034
4579.85930 16.765 0.015
4579.86203 16.817 0.022
4583.72612 16.906 0.019
4583.72884 16.856 0.021
4583.91225 16.752 0.013
4583.91498 16.777 0.016
4585.74985 16.785 0.017
4585.75258 16.847 0.024
4586.77502 16.704 0.016
4586.77776 16.728 0.017
4587.76273 17.041 0.023
4587.76544 17.010 0.021
4587.92132 16.708 0.018
4587.92403 16.699 0.019
4588.68523 16.851 0.017
4588.68795 16.841 0.019
4588.91611 16.965 0.016
4588.91884 17.002 0.017
4589.66814 16.710 0.016
4589.67089 16.714 0.017
4589.82356 16.817 0.015
4589.82630 16.840 0.017
4589.88557 16.841 0.017
4589.88829 16.897 0.019
4590.68773 17.013 0.019
4590.69049 16.990 0.022
4590.89340 16.752 0.015
4590.89615 16.790 0.015
4591.69943 16.893 0.016
4591.70215 16.865 0.020
4591.82431 17.026 0.016
4591.82705 16.966 0.018
4591.89143 16.756 0.015
4591.89416 16.748 0.016
4592.65800 16.794 0.015
4592.66075 16.760 0.019
4592.84732 16.897 0.021
4592.85004 16.864 0.033
4592.92564 16.927 0.018
4592.92836 16.946 0.020
4593.64716 16.708 0.018
4593.64992 16.718 0.018
4593.85688 16.808 0.016
4593.85961 16.757 0.015
4593.93905 16.824 0.022
4593.94178 16.830 0.026
4594.66821 16.910 0.017
4594.67097 16.947 0.023
4594.86320 16.636 0.013
4594.86596 16.624 0.015
4594.92873 16.711 0.017
4594.93148 16.751 0.017
4595.65774 16.788 0.015
4595.66048 16.859 0.019
4595.85212 16.970 0.016
4595.85485 16.922 0.018
4595.91400 16.980 0.018
4595.91674 16.978 0.020
4596.65293 16.713 0.015
4596.65567 16.711 0.017
4597.67739 16.942 0.017
4597.68013 16.866 0.019
4597.86891 16.738 0.015
4597.87164 16.739 0.017
4598.65367 16.910 0.014
4598.65642 16.879 0.015
4598.92234 16.638 0.015
4598.92509 16.648 0.013
4599.62609 16.778 0.020
4599.62885 16.763 0.020
4599.91666 16.972 0.021
4599.91943 16.940 0.020
4600.63538 16.657 0.012
4600.63812 16.683 0.014
4600.84411 16.796 0.013
4601.64098 16.934 0.016
4601.64370 16.913 0.017
4601.85719 16.677 0.012
4601.85993 16.660 0.018
4601.91906 16.704 0.016
4601.92178 16.731 0.016
4602.63360 16.824 0.014
4602.63634 16.832 0.016
4602.84300 16.971 0.014
4602.84575 16.930 0.015
4603.76103 16.823 0.016
4603.76378 16.768 0.024
4606.63488 16.789 0.017
4606.63762 16.766 0.016
4606.88623 16.937 0.017
4606.88897 16.967 0.019
4610.73103 16.796 0.016
4610.73377 16.796 0.015
4610.93824 16.871 0.021
4610.94100 16.915 0.021
4611.62038 16.994 0.020
4611.62311 16.983 0.024
4611.81123 16.737 0.013
4611.81395 16.743 0.016
4612.64172 16.878 0.019
4612.64448 16.932 0.024
4615.78345 16.659 0.015
4615.78621 16.688 0.016
4616.59249 16.831 0.022
4616.59523 16.849 0.022
4616.80896 16.986 0.017
4616.81174 16.988 0.028
4616.87892 16.789 0.017
4616.88170 16.776 0.017
4617.65870 16.790 0.014
4617.66147 16.766 0.017
4618.60421 16.907 0.018
4618.60696 16.895 0.019
4621.73592 16.786 0.010
4621.90199 16.815 0.014
4622.80264 16.686 0.015
4622.80539 16.733 0.016
4622.90409 16.779 0.020
4622.90685 16.796 0.022
4623.62699 16.884 0.019
4623.64076 16.885 0.027
4623.86179 16.773 0.020
4623.86454 16.830 0.034
4623.93423 16.686 0.019
4624.58170 16.743 0.017
4624.58447 16.760 0.019
4624.80589 16.860 0.017
4624.80866 16.915 0.022
4624.87225 16.868 0.017
4624.87501 16.914 0.019
4625.59581 16.815 0.018
4625.59857 16.847 0.027
4625.78616 16.770 0.017
4625.78893 16.784 0.020
4625.87774 16.870 0.022
4625.90369 16.874 0.026
4626.59432 16.909 0.019
4626.59709 16.903 0.023
4626.84963 16.707 0.014
4626.85240 16.728 0.021
4627.55477 16.775 0.016
4627.55754 16.784 0.017
4627.82208 16.956 0.015
4627.82975 16.973 0.017
4627.91135 16.896 0.016
4627.91410 16.879 0.017
4628.54050 16.729 0.015
4628.54325 16.721 0.017
4628.74834 16.776 0.015
4628.75111 16.771 0.018
4628.81376 16.855 0.019
4628.81654 16.877 0.020
4628.88367 16.907 0.018
4628.88643 16.921 0.020
4629.61946 16.992 0.017
4629.62222 17.002 0.019
4629.82210 16.741 0.015
4629.82486 16.749 0.017
4629.90011 16.773 0.017
4629.90286 16.834 0.020
4630.55538 16.857 0.018
4630.55817 16.848 0.020
4630.76126 16.986 0.016
4630.76401 16.974 0.018
4630.84456 16.783 0.014
4630.84735 16.796 0.016
4630.90736 16.667 0.017
4630.91014 16.704 0.020
4631.55682 16.744 0.013
4631.55957 16.715 0.015
4631.77256 16.878 0.013
4631.77533 16.891 0.017
4631.85920 16.886 0.016
4631.86199 16.907 0.019
4632.56056 16.941 0.016
4632.56335 16.872 0.019
4632.84733 16.837 0.018
4632.85009 16.803 0.017
4633.56056 16.899 0.015
4633.56332 16.900 0.020
4633.67207 16.993 0.016
4633.67486 16.962 0.019
4633.78783 16.676 0.013
4633.79060 16.697 0.017
4633.81048 16.690 0.014
4638.74557 16.853 0.017
4638.74837 16.904 0.018
4638.85583 16.954 0.020
4638.85858 16.955 0.022
4639.56814 16.781 0.018
4639.57093 16.767 0.020
4639.66593 16.705 0.014
4639.66871 16.681 0.019
4640.58767 16.906 0.015
4640.59044 16.921 0.019
4640.71983 16.805 0.015
4640.72261 16.786 0.016
4640.82486 16.687 0.018
4640.82762 16.723 0.019
4641.66165 16.882 0.016
4641.66443 16.892 0.017
4641.77162 16.940 0.019
4641.77439 16.922 0.019
4642.58555 16.734 0.015
4642.58832 16.727 0.018
4642.74808 16.867 0.018
4642.75085 16.852 0.020
4642.82316 16.882 0.019
4642.82592 16.944 0.022
4643.54333 17.013 0.022
4643.54611 17.014 0.025
4644.59069 16.893 0.020
4644.59349 16.886 0.023
4644.84692 16.697 0.015
4644.84970 16.688 0.015
4645.51375 16.733 0.017
4645.51655 16.719 0.019
4645.76224 16.913 0.020
4645.76503 16.850 0.018
4645.83697 16.938 0.020
4645.83977 16.978 0.023
4646.51180 16.947 0.017
4646.51461 16.885 0.019
4646.84421 16.853 0.018
4647.50818 16.854 0.019
4647.51098 16.899 0.020
4647.73124 16.726 0.016
4647.84226 16.734 0.019
4648.49132 16.778 0.017
4648.49412 16.760 0.020
4648.70497 16.884 0.017
4648.70775 16.894 0.020
4648.80886 16.991 0.021
4648.81164 17.051 0.024
4649.51742 16.694 0.016
4649.52021 16.701 0.020
4649.72613 16.837 0.015
4649.72891 16.826 0.018
4649.85253 16.862 0.021
4649.85532 16.882 0.022
4650.50338 16.936 0.020
4650.50620 16.895 0.023
4650.76731 16.733 0.015
4650.77012 16.747 0.017
4650.86103 16.841 0.021
4650.86381 16.810 0.021
4651.50676 16.873 0.020
4651.50953 16.855 0.024
4651.80189 16.677 0.016
4651.80468 16.720 0.018
4652.49780 16.748 0.016
4652.50059 16.771 0.020
4652.71095 16.879 0.016
4652.71373 16.832 0.021
4652.78584 16.902 0.018
4652.78861 16.905 0.018
4652.83557 16.961 0.022
4652.83834 16.983 0.023
4653.49413 16.898 0.020
4653.49694 16.831 0.026
4653.71334 16.797 0.016
4653.71612 16.793 0.019
4653.77849 16.834 0.020
4653.78129 16.861 0.022
4654.53294 16.913 0.018
4654.53574 17.009 0.027
4654.74438 16.676 0.015
4654.74719 16.710 0.016
4654.80950 16.732 0.018
4654.81232 16.745 0.022
4655.49403 16.790 0.017
4655.49681 16.800 0.021
4655.71852 16.925 0.015
4655.72130 16.933 0.016
4655.78029 16.983 0.019
4655.78309 16.998 0.019
4656.49595 16.681 0.012
4656.49875 16.683 0.015
4656.68571 16.842 0.017
4656.68849 16.836 0.017
4656.80498 16.948 0.021
4656.80777 16.909 0.021
4657.61237 16.712 0.018
4657.72310 16.762 0.019
4658.65428 16.968 0.019
4658.65708 16.952 0.023
4659.58841 16.811 0.018
4659.59119 16.870 0.034
4660.60674 16.704 0.016
4660.60952 16.709 0.022
4661.48403 16.882 0.018
4661.48681 16.876 0.019
4661.68472 16.669 0.016
4661.68750 16.650 0.016
4661.74620 16.708 0.021
4661.74898 16.723 0.018
4661.81338 16.738 0.020
4661.81617 16.700 0.018
4665.65144 16.974 0.023
4665.65426 16.997 0.024
4666.55690 16.816 0.016
4666.55968 16.803 0.021
4666.69997 16.897 0.018
4666.70276 16.908 0.019
4666.74214 16.874 0.018
4666.74491 16.936 0.021
4667.49984 16.689 0.020
4667.56843 16.691 0.018
4667.57123 16.712 0.021
4669.60716 16.937 0.022
4670.64159 16.834 0.017
4670.64440 16.842 0.020
4671.57711 16.658 0.014
4671.57992 16.678 0.017
4672.50261 16.899 0.015
4672.50540 16.911 0.017
4672.69508 16.787 0.013
4672.69790 16.756 0.016
4672.71738 16.729 0.013
4672.72018 16.759 0.016
4674.50573 16.680 0.018
4674.50853 16.679 0.018
4674.69883 16.814 0.016
4674.70164 16.818 0.018
4674.74093 16.850 0.021
4675.67234 16.648 0.014
4677.48232 16.715 0.013
4677.48511 16.746 0.017
4677.62862 16.847 0.019
4677.63144 16.811 0.019
4677.77120 16.867 0.020
4678.68571 16.725 0.015
4678.68853 16.759 0.015
4679.48790 16.946 0.024
4679.49073 16.940 0.025
4681.52369 16.709 0.014
4681.52651 16.703 0.016
4681.62371 16.791 0.016
4681.62653 16.771 0.016
4681.75592 16.848 0.017
4681.75875 16.901 0.019
4682.49471 16.990 0.016
4682.49752 17.014 0.023
4682.65204 16.669 0.013
4682.65485 16.725 0.017
4682.74725 16.735 0.015
4682.75007 16.824 0.018
4683.51323 16.870 0.020
4683.51604 16.898 0.025
4683.70013 17.015 0.020
4683.70294 16.992 0.022
4684.50576 16.774 0.015
4684.50859 16.756 0.017
4684.71947 16.876 0.017
4684.72229 16.890 0.019
4685.49068 16.763 0.018
4685.49352 16.805 0.024
4685.51327 16.766 0.020
4685.57035 16.676 0.016
4685.60439 16.714 0.015
4685.65929 16.767 0.016
4685.72565 16.775 0.016
4685.72849 16.821 0.018
4686.49447 16.895 0.018
4686.49730 16.875 0.021
4686.70129 16.650 0.018
4687.47824 16.796 0.016
4687.48106 16.795 0.020
4687.73374 16.953 0.021
4687.73655 16.981 0.022
4688.49115 16.708 0.017
4688.49398 16.739 0.019
4688.68099 16.849 0.015
4688.68381 16.857 0.017
4688.74279 16.873 0.021
4688.74562 16.896 0.022
4693.53875 16.956 0.016
4693.54156 16.951 0.027
4694.53396 16.886 0.021
4694.53679 16.920 0.027
4697.49462 16.888 0.017
4697.49745 16.874 0.019
4698.50015 16.783 0.016
4698.50297 16.776 0.017
4699.49628 16.696 0.016
4699.49911 16.718 0.017
4700.50255 16.961 0.017
4700.50538 16.949 0.018
4701.49785 16.855 0.019
4701.50066 16.847 0.019
4702.49636 16.737 0.015
4702.49919 16.747 0.018
4703.56687 16.661 0.014
4703.56967 16.668 0.014
4704.63663 16.956 0.018
4704.63945 16.968 0.019
4705.50005 16.782 0.015
4705.50288 16.818 0.018
4707.60089 16.785 0.015
4708.53323 16.901 0.018
4708.53608 16.919 0.020
4709.50936 16.776 0.019
4709.51218 16.804 0.024
4710.53899 16.707 0.013
4710.54181 16.744 0.017
4711.51834 16.935 0.020
4711.52116 16.949 0.019
4715.57835 16.931 0.021
4715.58116 16.919 0.027
4716.58073 16.808 0.021
4716.58355 16.845 0.021
4720.54785 16.765 0.017
4720.55070 16.813 0.020
4721.47940 16.996 0.027
4721.48225 16.982 0.028
4722.51196 16.883 0.017
4722.51479 16.928 0.020
4724.50178 16.687 0.018
4724.50459 16.721 0.019
4725.47656 16.938 0.026
4725.48288 16.960 0.027
4726.54148 16.969 0.024
4726.54431 17.018 0.029
4728.58661 16.698 0.019
4728.58944 16.789 0.023
4729.54210 16.889 0.019
4729.54492 16.969 0.025
4730.55843 16.839 0.017
4730.56128 16.866 0.018
4731.56536 16.715 0.017
4731.56818 16.780 0.019
4733.51704 16.875 0.017
4733.51988 16.879 0.019
4734.54641 16.803 0.017
4734.54926 16.764 0.019
4737.53734 16.835 0.018
4737.54014 16.877 0.024
4740.54781 16.901 0.020
4740.55065 16.963 0.025
4741.55551 16.810 0.017
4741.55834 16.827 0.018
4743.53048 16.949 0.019
4743.53330 17.017 0.033
4753.54140 16.674 0.017
4753.54423 16.671 0.019
4756.51746 16.674 0.020
4756.52306 16.744 0.021
4758.50304 16.857 0.021
4758.50588 16.932 0.023
4868.87357 16.830 0.014
4868.87629 16.803 0.017
4869.85742 16.683 0.015
4869.86015 16.687 0.017
4873.84624 16.906 0.017
4873.84898 16.944 0.022
4874.84076 16.944 0.023
4877.84058 16.959 0.016
4877.84329 16.948 0.019
4883.84531 16.700 0.017
4884.84809 17.010 0.017
4884.85082 17.016 0.018
4886.89396 16.809 0.019
4886.89705 16.781 0.018
4890.87618 16.707 0.012
4890.87888 16.723 0.014
4896.86443 16.821 0.015
4896.86714 16.855 0.018
4899.83531 16.885 0.016
4899.83804 16.898 0.018
4900.87678 16.820 0.014
4900.87949 16.776 0.019
4901.87516 16.693 0.013
4901.87787 16.644 0.015
4902.87388 16.983 0.014
4902.87659 16.972 0.018
4904.79796 16.683 0.013
4904.80068 16.682 0.015
4905.90196 16.661 0.015
4905.90466 16.658 0.019
4910.80386 16.851 0.015
4910.82642 16.857 0.018
4911.77450 16.705 0.012
4911.77720 16.708 0.013
4912.77141 17.004 0.014
4912.77411 16.994 0.016
4914.78848 16.788 0.015
4914.79119 16.804 0.019
4917.74954 16.842 0.014
4917.75222 16.828 0.015
4920.72997 16.880 0.015
4920.73252 16.879 0.016
4924.77047 16.855 0.013
4924.77358 16.822 0.017
4925.81095 16.779 0.012
4925.81352 16.723 0.014
4925.89800 16.835 0.012
4927.70459 16.864 0.020
4927.70715 16.892 0.024
4927.86511 16.969 0.019
4928.72711 16.788 0.016
4929.78340 16.709 0.012
4929.78595 16.663 0.014
4930.69787 16.875 0.018
4930.70045 16.898 0.021
4930.81681 16.963 0.016
4930.81938 16.867 0.018
4931.71270 16.852 0.019
4931.71528 16.818 0.019
4931.85840 16.914 0.015
4931.86095 16.825 0.018
4932.71579 16.713 0.013
4932.71834 16.682 0.020
4932.78452 16.771 0.016
4932.81646 16.799 0.012
4932.81901 16.753 0.015
4933.76410 16.781 0.017
4933.76667 16.742 0.020
4934.76250 16.859 0.023
4934.86994 16.976 0.020
4938.67310 16.817 0.018
4938.67566 16.798 0.018
4938.87773 16.945 0.016
4939.69200 16.715 0.014
4939.69457 16.711 0.018
4940.69199 16.966 0.016
4940.69457 16.912 0.019
4941.67077 16.842 0.014
4941.67332 16.870 0.020
4941.76876 16.911 0.016
4941.88713 16.858 0.020
4942.66541 16.746 0.015
4942.70853 16.792 0.013
4942.71109 16.786 0.017
4943.66259 16.681 0.015
4943.66516 16.733 0.017
4943.80209 16.755 0.013
4943.80465 16.710 0.017
4944.65939 16.878 0.017
4944.66197 16.916 0.018
4944.81486 16.765 0.013
4944.81741 16.761 0.013
4945.70783 16.841 0.016
4945.71042 16.844 0.016
4945.76430 16.894 0.013
4945.76687 16.858 0.014
4946.65750 16.696 0.015
4946.66009 16.688 0.017
4947.65119 16.959 0.017
4947.65375 16.956 0.017
4947.84913 16.729 0.011
4948.83174 17.013 0.014
4949.77984 16.859 0.014
4951.63988 16.902 0.017
4951.64246 16.883 0.021
4952.63810 16.802 0.016
4952.64068 16.797 0.021
4953.63173 16.706 0.015
4953.63432 16.769 0.018
4953.80630 16.804 0.015
4953.80888 16.802 0.015
4954.63325 16.990 0.021
4954.63584 16.993 0.026
4954.82614 16.749 0.013
4955.62825 16.874 0.021
4955.76735 16.971 0.018
4955.76991 16.912 0.021
