 552.78862 17.222 0.014
 553.85705 17.140 0.014
 554.84975 17.260 0.017
 555.79379 17.159 0.017
 557.70072 17.128 0.018
 557.79035 17.208 0.021
 557.88020 17.212 0.017
 558.74589 17.188 0.020
 558.88189 17.096 0.015
 559.69608 17.241 0.025
 560.67504 17.196 0.019
 560.76550 17.134 0.016
 560.87840 17.148 0.017
 561.67408 17.206 0.017
 561.80237 17.278 0.017
 561.87180 17.276 0.018
 562.71426 17.166 0.018
 562.79844 17.152 0.016
 562.88915 17.178 0.022
 563.80555 17.278 0.016
 563.89296 17.231 0.024
 567.71403 17.244 0.016
 567.84336 17.141 0.015
 568.71273 17.138 0.018
 568.79749 17.230 0.017
 569.67898 17.176 0.015
 570.67296 17.194 0.015
 570.85246 17.276 0.016
 570.88269 17.272 0.017
 570.89500 17.269 0.018
 571.65432 17.169 0.018
 571.77399 17.160 0.015
 571.88785 17.189 0.017
 572.72177 17.251 0.019
 572.85834 17.259 0.022
 573.64881 17.135 0.017
 573.82406 17.170 0.015
 574.67080 17.269 0.017
 574.76118 17.252 0.016
 575.67180 17.151 0.019
 575.85864 17.214 0.018
 576.67486 17.251 0.017
 576.81604 17.153 0.014
 576.92205 17.161 0.016
 577.82837 17.228 0.016
 578.67620 17.184 0.017
 581.64812 17.219 0.017
 581.86771 17.214 0.017
 582.66128 17.129 0.020
 582.87825 17.230 0.018
 583.65625 17.268 0.016
 583.76596 17.226 0.016
 583.90101 17.138 0.019
 587.67143 17.145 0.015
 588.65429 17.189 0.018
 588.77206 17.245 0.018
 588.92797 17.202 0.016
 590.67277 17.287 0.029
 590.75367 17.228 0.023
 599.66536 17.238 0.016
 600.65139 17.138 0.014
 600.79087 17.181 0.016
 601.72168 17.221 0.014
 601.92340 17.121 0.018
 605.58390 17.241 0.026
 605.91288 17.178 0.022
 605.94080 17.236 0.028
 606.58380 17.161 0.016
 606.72299 17.234 0.015
 606.89679 17.204 0.019
 607.57688 17.141 0.015
 607.69706 17.114 0.013
 607.85371 17.203 0.017
 608.57202 17.205 0.015
 608.68888 17.241 0.015
 608.84537 17.193 0.016
 614.59367 17.245 0.019
 614.78291 17.158 0.015
 615.57397 17.206 0.018
 615.66856 17.234 0.016
 615.76353 17.255 0.017
 615.88244 17.225 0.019
 615.93275 17.258 0.027
 616.57434 17.172 0.015
 616.69254 17.113 0.015
 616.78796 17.156 0.017
 616.88366 17.247 0.026
 622.78412 17.252 0.019
 623.65855 17.157 0.015
 623.79791 17.150 0.015
 624.57548 17.178 0.014
 624.67114 17.220 0.017
 624.74552 17.238 0.017
 625.58546 17.162 0.014
 625.68485 17.121 0.017
 626.56666 17.219 0.016
 626.64116 17.246 0.015
 626.78078 17.234 0.016
 627.80311 17.165 0.018
 628.61989 17.233 0.018
 628.71973 17.225 0.017
 628.82873 17.134 0.018
 629.58978 17.143 0.015
 629.70994 17.191 0.017
 630.55969 17.240 0.019
 631.63711 17.184 0.015
 631.73332 17.213 0.016
 632.62785 17.184 0.019
 632.71991 17.161 0.017
 633.60701 17.200 0.014
 635.67659 17.293 0.021
 643.55102 17.154 0.015
 643.64621 17.139 0.016
 645.56448 17.141 0.014
 649.50519 17.153 0.018
 652.55045 17.163 0.016
 653.69188 17.266 0.017
 655.71768 17.222 0.016
 656.59189 17.155 0.013
 657.58864 17.240 0.016
 658.59551 17.222 0.019
 663.53506 17.118 0.018
 665.56229 17.157 0.014
 666.49857 17.266 0.018
 667.53466 17.164 0.014
 669.49729 17.190 0.015
 670.66569 17.156 0.017
 671.50054 17.223 0.022
 673.63808 17.309 0.028
 684.48735 17.269 0.015
 685.47818 17.196 0.016
 686.53007 17.193 0.015
 687.52326 17.208 0.017
 688.50377 17.186 0.017
 689.48866 17.199 0.014
 694.49362 17.185 0.018
 697.49490 17.141 0.016
 698.49046 17.198 0.017
 699.48698 17.153 0.015
 700.50279 17.235 0.024
 701.48659 17.143 0.025
 704.50434 17.207 0.020
 708.57470 17.180 0.018
 713.49582 17.215 0.016
 720.49977 17.239 0.016
 728.60591 17.241 0.023
 742.55190 17.196 0.026
 753.51501 17.157 0.019
 857.87553 17.219 0.021
 877.88604 17.194 0.014
 878.83874 17.171 0.013
 890.88388 17.125 0.015
 896.81215 17.200 0.013
 900.81137 17.264 0.014
 918.82129 17.263 0.017
 924.88157 17.091 0.018
 928.88167 17.173 0.020
 930.80425 17.179 0.016
 933.78460 17.159 0.016
 934.83568 17.275 0.021
 936.82799 17.235 0.014
 937.77107 17.148 0.018
 939.73175 17.121 0.017
 941.70571 17.172 0.015
 950.68290 17.161 0.018
 951.75344 17.165 0.017
 952.72018 17.206 0.014
 953.73412 17.172 0.016
 954.73936 17.243 0.019
 961.77543 17.207 0.015
 962.70073 17.124 0.016
 963.70773 17.207 0.015
 964.77589 17.163 0.016
 965.67792 17.226 0.017
 966.65369 17.141 0.014
 970.82317 17.263 0.022
 984.70061 17.177 0.016
 985.60454 17.242 0.016
 988.80775 17.229 0.023
 990.66461 17.216 0.014
 991.66248 17.144 0.015
 995.73193 17.231 0.022
 998.75503 17.133 0.016
1006.71406 17.210 0.021
1006.72224 17.236 0.023
1011.75759 17.181 0.017
1021.64864 17.239 0.019
1026.60833 17.236 0.018
1035.54945 17.208 0.020
1036.59418 17.150 0.016
1037.58555 17.248 0.017
1038.63223 17.195 0.023
1040.51516 17.151 0.016
1043.56146 17.174 0.016
1045.50982 17.179 0.015
1046.51709 17.231 0.015
1047.55121 17.130 0.022
1048.53050 17.267 0.017
1051.57710 17.207 0.024
1053.61322 17.241 0.019
1054.50558 17.169 0.014
1060.52539 17.235 0.024
1061.51388 17.238 0.017
1064.51752 17.236 0.022
1065.48490 17.109 0.015
1069.62954 17.217 0.019
1074.52893 17.180 0.019
1077.58207 17.173 0.017
1080.49420 17.205 0.019
1087.54356 17.230 0.019
1090.55124 17.127 0.021
1092.59389 17.184 0.020
1105.56211 17.246 0.020
1107.52187 17.251 0.020
1113.56188 17.232 0.025
1119.50771 17.177 0.024
1220.85893 17.133 0.022
1225.84059 17.240 0.020
1237.85923 17.188 0.024
1242.79664 17.163 0.022
1252.79246 17.257 0.022
1255.84600 17.202 0.019
1259.80961 17.223 0.018
1264.89282 17.217 0.020
1272.86624 17.121 0.020
1279.88109 17.173 0.020
1289.77844 17.156 0.017
1291.86097 17.154 0.011
1295.75708 17.238 0.021
1296.87301 17.203 0.016
1297.82452 17.183 0.019
1298.91765 17.246 0.021
1299.86421 17.162 0.022
1305.79445 17.162 0.017
1306.67339 17.241 0.019
1307.88990 17.225 0.019
1310.81382 17.122 0.014
1312.76845 17.116 0.015
1313.88956 17.181 0.015
1315.77987 17.188 0.016
1316.70509 17.172 0.016
1317.78535 17.151 0.018
1318.77338 17.194 0.020
1318.86902 17.256 0.021
1319.80637 17.110 0.017
1319.87788 17.172 0.020
1320.65707 17.223 0.017
1320.90324 17.223 0.017
1321.68155 17.123 0.018
1321.87505 17.186 0.021
1323.82031 17.176 0.020
1327.75888 17.197 0.019
1332.81178 17.190 0.020
1335.71287 17.160 0.016
1338.76057 17.261 0.020
1340.65919 17.224 0.018
1342.61482 17.256 0.018
1346.67289 17.154 0.016
1347.70292 17.217 0.018
1348.73625 17.151 0.019
1349.75012 17.241 0.018
1350.77782 17.188 0.016
1354.62750 17.141 0.018
1355.60234 17.169 0.020
1365.66688 17.199 0.018
1366.61337 17.133 0.016
1367.68054 17.225 0.020
1368.62928 17.126 0.014
1368.80904 17.223 0.020
1369.57346 17.276 0.021
1369.73037 17.166 0.016
1370.57015 17.124 0.019
1374.71610 17.245 0.023
1375.63981 17.127 0.015
1394.58340 17.248 0.019
1395.56203 17.116 0.015
1397.71119 17.220 0.019
1398.56534 17.269 0.016
1399.58749 17.202 0.018
1400.59421 17.160 0.016
1401.55231 17.236 0.021
1402.54507 17.149 0.016
1403.61514 17.290 0.021
1404.54848 17.131 0.016
1407.56641 17.246 0.019
1408.54361 17.191 0.015
1410.55581 17.203 0.025
1415.55056 17.155 0.022
1416.53084 17.237 0.017
1418.51159 17.237 0.017
1430.60130 17.274 0.020
1433.50733 17.120 0.017
1436.60777 17.142 0.016
1441.51313 17.225 0.028
1443.50742 17.285 0.022
1447.53374 17.137 0.018
1449.53360 17.147 0.019
1454.53161 17.165 0.022
1459.50997 17.250 0.020
1479.50450 17.260 0.035
1595.85729 17.108 0.017
1596.88097 17.213 0.023
1597.86139 17.116 0.020
1597.87149 17.106 0.022
1599.88784 17.165 0.021
1600.88040 17.208 0.020
1609.81995 17.209 0.018
1612.86212 17.213 0.022
1616.89412 17.225 0.018
1618.83053 17.253 0.020
1621.78174 17.201 0.022
1623.79360 17.222 0.023
1625.84314 17.243 0.020
1627.80290 17.235 0.022
1630.88498 17.226 0.024
1633.77682 17.127 0.015
1643.78732 17.234 0.023
1644.89816 17.174 0.015
1646.84770 17.203 0.018
1652.81374 17.272 0.021
1653.80232 17.146 0.015
1655.90568 17.219 0.019
1661.85027 17.218 0.017
1662.89822 17.227 0.016
1663.81571 17.189 0.016
1665.72797 17.189 0.018
1666.81924 17.244 0.016
1667.86348 17.143 0.017
1668.87718 17.274 0.018
1670.74575 17.239 0.015
1671.83976 17.168 0.016
1674.80053 17.146 0.015
1676.78222 17.115 0.014
1681.82262 17.175 0.019
1682.82523 17.209 0.022
1687.84498 17.189 0.022
1692.66297 17.224 0.016
1693.76503 17.214 0.017
1695.84445 17.290 0.018
1698.69962 17.143 0.018
1700.86576 17.256 0.019
1702.69031 17.157 0.015
1703.84713 17.157 0.019
1705.68852 17.127 0.015
1706.70964 17.264 0.019
1709.63146 17.161 0.018
1717.66236 17.249 0.014
1721.73717 17.165 0.022
1722.64402 17.195 0.016
1725.66306 17.160 0.019
1725.70245 17.137 0.016
1726.61140 17.247 0.017
1728.65551 17.181 0.017
1729.63097 17.170 0.015
1730.60212 17.167 0.017
1731.51719 17.144 0.018
1732.66960 17.117 0.016
1738.64670 17.170 0.042
1742.66098 17.253 0.018
1743.63792 17.117 0.014
1744.72026 17.210 0.021
1745.64806 17.151 0.016
1748.57340 17.171 0.019
1749.51427 17.196 0.016
1750.65745 17.134 0.017
1751.57440 17.235 0.015
1752.61019 17.126 0.017
1754.60441 17.141 0.017
1755.61894 17.216 0.019
1756.55682 17.158 0.013
1757.59427 17.157 0.016
1758.60095 17.213 0.017
1759.52973 17.151 0.014
1760.57927 17.258 0.016
1761.54630 17.140 0.017
1762.54361 17.267 0.016
1763.49761 17.114 0.014
1764.58728 17.241 0.016
1765.59041 17.198 0.019
1769.56125 17.217 0.019
1771.56328 17.261 0.031
1772.57340 17.158 0.015
1773.58792 17.171 0.016
1775.58878 17.157 0.016
1776.58403 17.206 0.015
1777.59848 17.110 0.016
1783.59898 17.217 0.016
1784.58869 17.168 0.017
1785.58805 17.228 0.020
1787.58316 17.238 0.019
1788.55206 17.140 0.019
1790.56564 17.139 0.017
1803.51302 17.204 0.017
1806.56298 17.112 0.018
1809.57233 17.203 0.016
1811.58050 17.162 0.025
1814.52897 17.243 0.019
1816.51660 17.290 0.022
1818.49880 17.225 0.022
1824.54163 17.157 0.022
1829.52711 17.188 0.023
1834.50833 17.278 0.020
1843.50995 17.253 0.018
1848.52658 17.210 0.022
2072.60108 17.195 0.023
2072.60813 17.213 0.020
2072.61102 17.205 0.019
2072.61948 17.244 0.019
2072.62234 17.199 0.020
2072.62808 17.233 0.019
2072.63095 17.252 0.020
2072.63669 17.219 0.019
2072.63958 17.234 0.019
2072.65214 17.236 0.020
2072.65503 17.214 0.018
2072.66075 17.239 0.020
2072.66365 17.236 0.019
2072.66940 17.258 0.019
2072.67231 17.264 0.018
2072.67807 17.247 0.018
2072.68095 17.242 0.019
2072.68670 17.254 0.020
2072.68960 17.254 0.020
2072.69536 17.263 0.021
2072.69825 17.249 0.020
2072.70463 17.279 0.020
2072.72545 17.252 0.019
2072.72835 17.282 0.018
2072.73409 17.238 0.017
2072.73697 17.273 0.018
2072.74270 17.269 0.019
2072.74556 17.261 0.017
2072.75131 17.267 0.019
2072.75421 17.265 0.019
2072.75992 17.257 0.021
2072.76281 17.277 0.019
2072.76854 17.261 0.020
2072.77143 17.263 0.019
2072.77757 17.242 0.019
2072.78046 17.241 0.018
2072.78619 17.247 0.019
2072.78907 17.242 0.019
2072.79478 17.210 0.019
2072.79767 17.258 0.018
2072.80341 17.226 0.020
2072.80629 17.235 0.018
2072.81204 17.211 0.019
2072.81493 17.206 0.019
2072.82065 17.189 0.020
2072.82353 17.229 0.019
2072.83019 17.168 0.020
2072.83306 17.206 0.019
2072.83909 17.191 0.021
2072.84195 17.190 0.019
2072.84818 17.169 0.020
2072.85106 17.147 0.020
2072.85906 17.173 0.020
2072.86194 17.132 0.019
2072.86764 17.168 0.020
2072.87052 17.170 0.019
2072.87625 17.141 0.022
2072.87913 17.161 0.022
2072.89043 17.188 0.026
2072.89329 17.144 0.024
2072.89901 17.174 0.026
2072.90189 17.157 0.023
2072.90758 17.116 0.021
2072.91045 17.153 0.024
2073.57944 17.112 0.019
2073.58234 17.141 0.021
2073.59481 17.056 0.017
2073.59771 17.136 0.018
2073.60345 17.105 0.017
2073.60632 17.140 0.018
2073.61203 17.133 0.016
2073.61491 17.155 0.017
2073.62065 17.140 0.016
2073.62354 17.129 0.017
2073.62927 17.102 0.017
2073.63217 17.127 0.017
2073.63788 17.101 0.016
2073.64077 17.110 0.017
2073.64666 17.110 0.017
2073.64955 17.162 0.018
2073.65531 17.099 0.016
2073.65819 17.126 0.016
2073.66392 17.191 0.016
2073.66871 17.140 0.015
2073.67476 17.117 0.015
2073.67766 17.132 0.016
2073.68338 17.163 0.017
2073.68629 17.121 0.017
2073.69205 17.134 0.016
2073.69492 17.122 0.017
2073.70065 17.146 0.015
2073.70352 17.143 0.016
2073.70929 17.157 0.015
2073.71219 17.137 0.016
2073.71793 17.146 0.015
2073.72082 17.163 0.016
2073.72741 17.157 0.017
2073.73028 17.144 0.019
2073.73599 17.163 0.017
2073.73886 17.192 0.017
2073.74457 17.175 0.016
2073.74743 17.175 0.017
2073.75315 17.167 0.015
2073.75603 17.152 0.016
2073.76176 17.166 0.016
2073.76461 17.173 0.015
2073.77035 17.175 0.016
2073.77321 17.180 0.017
2073.78361 17.192 0.016
2073.78648 17.167 0.017
2073.79221 17.192 0.017
2073.80914 17.199 0.022
2073.82208 17.187 0.019
2073.82494 17.203 0.018
2073.83106 17.236 0.025
2073.83397 17.197 0.021
2073.84627 17.233 0.021
2073.84915 17.223 0.019
2073.85487 17.225 0.019
2073.85774 17.251 0.019
2073.86348 17.234 0.022
2073.86633 17.251 0.019
2073.87206 17.214 0.021
2073.87493 17.243 0.021
2073.88066 17.235 0.021
2073.88353 17.218 0.021
2073.89417 17.205 0.023
2073.89703 17.247 0.024
2073.90273 17.284 0.024
2073.90560 17.209 0.021
2073.91133 17.274 0.025
2074.57341 17.200 0.019
2074.57630 17.245 0.019
2074.58204 17.245 0.018
2074.58493 17.228 0.019
2074.59067 17.249 0.021
2074.59355 17.211 0.021
2074.59929 17.211 0.021
2074.60217 17.270 0.020
2074.60790 17.223 0.019
2074.61079 17.248 0.020
2074.61656 17.249 0.021
2074.61943 17.254 0.021
2074.62566 17.244 0.021
2074.63427 17.204 0.022
2074.63716 17.243 0.026
2074.64289 17.257 0.024
2074.64576 17.265 0.024
2074.65149 17.221 0.021
2074.65436 17.265 0.021
2074.66011 17.209 0.023
2074.66303 17.227 0.022
2074.66876 17.257 0.019
2074.67166 17.277 0.019
2074.67760 17.268 0.019
2074.68051 17.314 0.020
2074.69996 17.242 0.022
2074.70288 17.259 0.019
2074.70863 17.239 0.019
2074.71152 17.254 0.018
2074.71724 17.249 0.020
2074.72012 17.240 0.018
2074.72848 17.229 0.017
2074.73135 17.232 0.018
2074.73707 17.230 0.017
2074.73992 17.215 0.018
2074.76083 17.200 0.019
2074.76370 17.208 0.018
2074.76943 17.143 0.020
2074.77232 17.186 0.019
2074.77804 17.171 0.018
2074.78091 17.167 0.020
2074.78664 17.175 0.022
2074.78951 17.146 0.021
2074.79650 17.203 0.022
2074.79938 17.178 0.019
2074.80510 17.162 0.020
2074.80798 17.149 0.017
2074.81394 17.138 0.016
2074.81682 17.155 0.018
2074.82256 17.170 0.018
2074.82543 17.168 0.019
2074.83117 17.153 0.016
2074.83403 17.139 0.017
2074.83978 17.124 0.017
2074.84266 17.134 0.015
2074.84840 17.118 0.015
2074.85130 17.138 0.016
2074.85699 17.149 0.015
2074.85987 17.133 0.015
2074.86605 17.121 0.015
2074.86892 17.132 0.016
2074.87460 17.159 0.017
2074.87746 17.113 0.020
2074.88319 17.138 0.020
2074.88606 17.124 0.017
2074.89183 17.124 0.017
2074.89472 17.127 0.018
2074.90046 17.133 0.020
2074.90334 17.123 0.017
2074.90905 17.085 0.018
2075.60820 17.107 0.019
2075.61108 17.107 0.020
2075.61680 17.090 0.017
2075.61969 17.130 0.019
2075.62539 17.148 0.020
2075.62828 17.146 0.021
2075.63403 17.134 0.020
2075.63690 17.117 0.020
2075.64264 17.119 0.018
2075.64553 17.166 0.020
2075.66227 17.115 0.018
2075.66516 17.125 0.019
2075.67087 17.143 0.021
2075.67375 17.147 0.020
2075.67947 17.131 0.017
2075.68236 17.140 0.017
2075.68807 17.168 0.016
2075.69099 17.168 0.019
2075.69674 17.148 0.018
2075.69963 17.141 0.018
2075.70534 17.150 0.018
2075.70822 17.157 0.019
2075.71436 17.172 0.018
2075.71725 17.191 0.020
2075.72360 17.149 0.021
2075.72650 17.172 0.020
2075.73220 17.170 0.020
2075.73510 17.186 0.021
2075.74080 17.174 0.018
2075.74367 17.185 0.020
2075.76760 17.218 0.020
2075.77047 17.234 0.022
2075.77619 17.201 0.023
2075.77907 17.163 0.020
2075.78477 17.212 0.021
2075.78765 17.171 0.022
2075.79365 17.168 0.022
2075.79652 17.172 0.022
2075.80226 17.166 0.021
2075.80514 17.206 0.020
2075.81375 17.189 0.021
2075.82236 17.211 0.020
2075.83093 17.213 0.020
2075.84070 17.287 0.023
2075.84358 17.224 0.019
2075.84929 17.265 0.021
2075.85218 17.213 0.021
2075.85790 17.265 0.023
2075.86080 17.217 0.021
2075.86650 17.219 0.023
2075.86939 17.220 0.025
2075.87510 17.153 0.023
2075.87794 17.186 0.020
2075.88364 17.250 0.024
2075.88654 17.263 0.023
2075.89256 17.151 0.024
2075.89544 17.173 0.026
2076.68671 17.159 0.021
2076.68960 17.197 0.021
2076.69532 17.171 0.020
2076.69822 17.177 0.021
2076.70396 17.154 0.018
2076.70684 17.125 0.020
2076.71257 17.099 0.022
2076.72033 17.139 0.020
2076.72734 17.141 0.025
2076.73029 17.118 0.023
2076.73613 17.186 0.022
2076.73910 17.148 0.019
2076.74494 17.047 0.024
2076.74787 17.087 0.025
2076.75368 17.093 0.021
2076.75661 17.108 0.020
2076.76245 17.088 0.018
2076.76539 17.115 0.023
2076.77417 17.117 0.021
2076.79006 17.098 0.018
2076.80142 17.093 0.019
2076.81120 17.077 0.021
2076.81414 17.092 0.023
2076.82370 17.125 0.022
2076.82663 17.171 0.020
2076.83245 17.122 0.018
2076.83536 17.158 0.019
2076.84118 17.121 0.020
2076.84411 17.127 0.020
2076.84991 17.110 0.022
2076.85283 17.129 0.019
2076.85866 17.091 0.021
2076.86160 17.104 0.020
2076.87031 17.149 0.023
2076.87962 17.133 0.021
2076.88836 17.139 0.023
2077.58337 17.146 0.021
2077.58633 17.158 0.021
2077.60399 17.142 0.021
2077.60692 17.150 0.019
2077.61467 17.131 0.020
2077.61760 17.116 0.020
2077.62559 17.153 0.018
2077.62853 17.160 0.018
2077.63434 17.160 0.017
2077.63729 17.175 0.017
2077.64726 17.177 0.015
2077.65017 17.179 0.016
2077.65601 17.180 0.016
2077.65894 17.180 0.016
2077.66475 17.161 0.015
2077.66767 17.182 0.016
2077.67350 17.186 0.015
2077.67639 17.203 0.015
2077.68568 17.176 0.015
2077.68859 17.194 0.017
2077.69444 17.188 0.015
2077.69738 17.185 0.016
2077.70322 17.222 0.016
2077.70615 17.211 0.017
2077.71199 17.210 0.017
2077.71491 17.214 0.018
2077.72072 17.176 0.017
2077.72365 17.193 0.017
2077.72947 17.213 0.017
2077.73240 17.227 0.018
2077.74219 17.177 0.023
2077.75096 17.243 0.021
2077.75976 17.227 0.018
2077.76851 17.247 0.018
2077.77725 17.262 0.020
2077.78643 17.219 0.017
2077.78938 17.244 0.018
2077.79519 17.265 0.020
2077.79809 17.259 0.019
2077.80390 17.268 0.019
2077.80684 17.259 0.018
2077.81269 17.251 0.018
2077.81563 17.233 0.017
2077.82145 17.282 0.018
2077.82438 17.254 0.018
2077.83020 17.293 0.020
2077.83314 17.251 0.021
2077.83932 17.209 0.026
2077.84225 17.263 0.020
2077.84805 17.230 0.022
2077.85098 17.251 0.023
2077.85974 17.279 0.024
2077.86848 17.284 0.021
2077.87716 17.270 0.022
2077.88592 17.291 0.023
2077.89489 17.257 0.023
2077.90367 17.266 0.026
2078.58929 17.198 0.021
2078.59219 17.202 0.020
2078.59800 17.199 0.022
2078.60094 17.214 0.021
2078.60677 17.233 0.022
2078.60971 17.192 0.020
2078.61552 17.164 0.018
2078.61844 17.157 0.020
2078.62429 17.149 0.020
2078.62721 17.189 0.020
2078.63599 17.148 0.019
2078.65343 17.127 0.015
2078.65637 17.139 0.016
2078.66218 17.134 0.014
2078.66510 17.151 0.015
2078.67094 17.133 0.015
2078.67388 17.153 0.016
2078.67968 17.101 0.015
2078.68263 17.114 0.017
2078.68846 17.104 0.015
2078.69140 17.127 0.017
2078.69721 17.122 0.016
2078.70013 17.124 0.017
2078.70686 17.126 0.015
2078.70979 17.148 0.017
2078.71577 17.109 0.015
2078.71872 17.124 0.016
2078.72452 17.083 0.014
2078.72744 17.138 0.015
2078.73325 17.085 0.015
2078.73619 17.126 0.017
2078.74200 17.065 0.014
2078.74492 17.145 0.017
2078.75368 17.088 0.017
2078.76379 17.123 0.017
2078.76672 17.124 0.018
2078.78265 17.146 0.017
2078.78557 17.157 0.018
2078.79142 17.136 0.018
2078.79435 17.143 0.018
2078.80018 17.137 0.018
2078.80310 17.156 0.018
2078.80891 17.111 0.018
2078.81185 17.162 0.018
2078.83791 17.168 0.019
2078.84667 17.120 0.020
2078.86497 17.130 0.020
2078.87365 17.149 0.024
2078.88240 17.166 0.022
2079.61930 17.187 0.020
2079.62222 17.190 0.023
2079.62802 17.162 0.021
2079.63097 17.169 0.025
2079.63683 17.165 0.018
2079.63977 17.168 0.020
2079.64558 17.191 0.019
2079.64852 17.195 0.019
2079.65431 17.211 0.019
2079.65727 17.208 0.019
2079.66308 17.231 0.019
2079.66603 17.195 0.019
2079.67289 17.172 0.017
2079.67583 17.236 0.018
2079.68164 17.168 0.017
2079.68456 17.230 0.018
2079.69040 17.183 0.017
2079.69331 17.216 0.019
2079.69911 17.200 0.020
2079.70202 17.223 0.019
2079.70783 17.191 0.020
2079.71077 17.258 0.020
2079.73364 17.252 0.019
2079.74242 17.240 0.020
2079.75116 17.223 0.020
2079.75986 17.280 0.019
2079.76862 17.264 0.019
2079.78392 17.246 0.019
2079.79311 17.287 0.020
2079.79604 17.257 0.020
2079.80185 17.234 0.020
2079.80478 17.261 0.021
2079.81061 17.229 0.022
2079.81356 17.265 0.023
2079.82108 17.230 0.027
2080.55266 17.179 0.015
2080.55559 17.178 0.016
2080.56711 17.166 0.015
2080.57005 17.181 0.016
2080.57583 17.166 0.015
2080.57875 17.160 0.016
2080.58455 17.159 0.015
2080.58749 17.161 0.015
2080.59328 17.128 0.015
2080.59620 17.123 0.016
2080.60202 17.113 0.015
2080.60494 17.161 0.016
2080.61074 17.132 0.018
2080.61368 17.138 0.017
2080.62544 17.116 0.016
2080.62838 17.121 0.016
2080.63422 17.102 0.016
2080.63716 17.130 0.016
2080.64297 17.077 0.016
2080.64591 17.125 0.016
2080.65177 17.114 0.016
2080.65470 17.123 0.016
2080.66048 17.101 0.016
2080.66342 17.124 0.016
2080.67514 17.127 0.016
2080.67809 17.137 0.016
2080.69678 17.114 0.018
2080.69972 17.119 0.018
2080.70554 17.113 0.018
2080.70845 17.137 0.017
2080.71428 17.128 0.017
2080.71720 17.140 0.017
2080.74805 17.113 0.015
2080.75097 17.139 0.016
2080.76051 17.127 0.015
2080.76345 17.153 0.016
2080.77481 17.129 0.016
2080.77774 17.161 0.016
2080.80314 17.148 0.018
2080.81348 17.174 0.018
2080.82227 17.140 0.020
2080.83101 17.183 0.020
2080.83969 17.159 0.021
2080.84846 17.137 0.023
2080.85724 17.120 0.025
2081.56627 17.209 0.017
2081.56920 17.230 0.018
2081.57616 17.195 0.017
2081.57910 17.218 0.018
2081.58490 17.192 0.016
2081.58783 17.225 0.019
2081.59555 17.213 0.017
2081.59848 17.227 0.018
2081.61509 17.250 0.020
2081.61801 17.241 0.019
2081.65783 17.232 0.017
2081.66077 17.238 0.019
2081.70219 17.235 0.018
2081.71103 17.245 0.019
2081.71987 17.259 0.020
2081.72859 17.259 0.019
2081.73731 17.359 0.037
2081.74607 17.302 0.019
2081.75688 17.249 0.019
2081.76567 17.219 0.019
2081.77442 17.224 0.019
2081.78318 17.210 0.019
2081.80125 17.207 0.019
2081.80999 17.191 0.017
2081.81875 17.185 0.018
2081.83077 17.182 0.019
2081.83952 17.193 0.018
2081.86475 17.135 0.016
2081.86834 17.136 0.016
2081.87962 17.132 0.020
2082.63985 17.141 0.018
2082.64280 17.123 0.019
2082.64861 17.118 0.018
2082.68219 17.149 0.017
2082.68513 17.139 0.017
2082.69294 17.130 0.017
2082.69589 17.152 0.018
2082.70231 17.142 0.017
2082.70523 17.132 0.017
2082.71108 17.165 0.021
2082.71402 17.161 0.018
2082.72356 17.176 0.020
2082.72649 17.155 0.018
2082.73527 17.163 0.018
2082.73821 17.149 0.018
2082.74402 17.106 0.017
2082.74694 17.183 0.018
2082.75275 17.097 0.016
2082.75565 17.184 0.018
2082.76677 17.177 0.017
2082.78348 17.192 0.017
2082.79222 17.176 0.017
2082.80097 17.191 0.017
2082.80971 17.196 0.017
2082.81847 17.219 0.017
2082.82723 17.183 0.017
2082.83972 17.217 0.018
2082.84849 17.207 0.019
2082.85727 17.203 0.019
2082.86602 17.266 0.020
2082.87479 17.213 0.020
2082.88358 17.238 0.021
2082.89623 17.243 0.022
2085.62793 17.246 0.022
2085.63080 17.222 0.024
2085.63649 17.250 0.022
2085.63939 17.200 0.023
2085.64506 17.196 0.022
2085.64798 17.246 0.023
2085.65371 17.178 0.021
2085.65662 17.222 0.023
2085.66233 17.203 0.021
2085.66521 17.211 0.022
2085.67091 17.168 0.018
2085.67382 17.189 0.021
2085.68217 17.175 0.022
2085.68505 17.186 0.023
2085.69075 17.110 0.021
2085.69361 17.146 0.022
2085.69931 17.141 0.022
2085.70221 17.126 0.023
2085.70792 17.122 0.021
2085.71082 17.131 0.022
2085.71953 17.126 0.022
2085.72816 17.100 0.022
2085.73794 17.144 0.021
2085.74656 17.137 0.021
2085.75876 17.090 0.021
2085.76598 17.101 0.021
2085.77536 17.120 0.020
2085.78189 17.133 0.023
2085.78478 17.120 0.024
2085.79206 17.135 0.021
2085.79494 17.150 0.021
2085.80064 17.100 0.021
2085.80353 17.085 0.021
2085.82598 17.112 0.021
2085.83456 17.124 0.019
2085.84315 17.119 0.022
2085.85175 17.155 0.026
2085.86037 17.083 0.026
2086.55194 17.119 0.016
2086.55481 17.158 0.019
2086.56053 17.131 0.016
2086.56343 17.148 0.017
2086.56914 17.148 0.016
2086.57202 17.174 0.017
2086.58887 17.164 0.017
2086.59175 17.163 0.018
2086.59750 17.135 0.017
2086.60037 17.175 0.018
2086.60610 17.157 0.016
2086.60899 17.177 0.017
2086.62541 17.177 0.015
2086.62829 17.192 0.016
2086.63403 17.174 0.016
2086.63691 17.207 0.017
2086.64261 17.183 0.016
2086.64548 17.208 0.017
2086.65121 17.182 0.017
2086.65410 17.187 0.018
2086.65980 17.202 0.017
2086.66270 17.203 0.018
2086.66842 17.190 0.017
2086.67132 17.224 0.017
2086.68017 17.230 0.016
2086.68306 17.226 0.016
2086.68873 17.209 0.016
2086.69161 17.203 0.017
2086.69729 17.214 0.017
2086.70018 17.234 0.017
2086.70590 17.207 0.017
2086.70878 17.206 0.018
2086.71455 17.216 0.020
2086.71745 17.233 0.021
2086.72797 17.225 0.021
2086.73088 17.211 0.020
2086.73664 17.229 0.020
2086.73953 17.247 0.019
2086.74527 17.234 0.020
2086.74814 17.226 0.018
2086.75386 17.230 0.019
2086.75675 17.219 0.018
2086.76535 17.225 0.019
2086.77865 17.254 0.019
2086.78727 17.257 0.020
2086.79592 17.289 0.021
2086.80830 17.239 0.021
2086.81687 17.240 0.021
2086.82549 17.252 0.021
2086.83795 17.239 0.022
2086.84658 17.226 0.023
2086.85519 17.271 0.028
2086.86379 17.220 0.026
2087.55752 17.187 0.016
2087.56046 17.219 0.017
2087.59914 17.172 0.014
2087.60209 17.205 0.016
2087.60787 17.176 0.015
2087.61082 17.221 0.016
2087.61660 17.122 0.016
2087.61954 17.184 0.016
2087.62535 17.131 0.014
2087.62827 17.161 0.015
2087.63409 17.134 0.014
2087.63703 17.173 0.017
2087.64284 17.123 0.015
2087.64578 17.137 0.015
2087.65180 17.075 0.014
2087.65476 17.143 0.016
2087.66056 17.112 0.015
2087.66352 17.132 0.016
2087.67263 17.126 0.015
2087.67559 17.129 0.017
2087.68138 17.121 0.015
2087.68432 17.149 0.017
2087.69076 17.125 0.015
2087.69371 17.169 0.017
2087.70821 17.080 0.015
2087.71116 17.128 0.016
2087.71697 17.122 0.015
2087.71993 17.149 0.016
2087.72575 17.118 0.015
2087.72870 17.126 0.015
2087.73750 17.132 0.015
2087.74628 17.113 0.016
2087.75502 17.150 0.015
2087.76551 17.130 0.014
2087.77426 17.142 0.015
2087.78301 17.151 0.014
2087.79175 17.106 0.014
2087.80049 17.161 0.015
2087.80924 17.159 0.016
2087.81847 17.156 0.016
2087.82720 17.144 0.017
2087.83596 17.156 0.019
2087.84471 17.160 0.018
2087.85346 17.168 0.018
2087.86218 17.198 0.018
2088.55489 17.168 0.021
2088.55786 17.158 0.021
2088.56685 17.159 0.020
2088.56977 17.152 0.020
2088.57556 17.166 0.020
2088.57851 17.184 0.020
2088.58433 17.183 0.019
2088.58730 17.167 0.019
2088.59312 17.189 0.019
2088.59609 17.191 0.019
2088.60207 17.155 0.017
2088.60499 17.156 0.021
2088.61082 17.205 0.019
2088.61378 17.212 0.019
2088.61961 17.223 0.020
2088.62254 17.232 0.019
2088.62839 17.188 0.019
2088.63134 17.190 0.019
2088.63867 17.240 0.019
2088.64161 17.202 0.018
2088.64745 17.221 0.019
2088.65041 17.212 0.019
2088.65624 17.240 0.017
2088.65917 17.230 0.018
2088.66500 17.195 0.017
2088.66797 17.220 0.018
2088.67619 17.263 0.019
2088.67912 17.245 0.019
2088.68549 17.233 0.017
2088.69419 17.219 0.017
2088.69713 17.232 0.019
2088.70292 17.254 0.020
2088.70588 17.231 0.018
2088.71168 17.229 0.020
2088.71463 17.231 0.019
2088.72469 17.251 0.020
2088.73565 17.268 0.020
2088.73859 17.258 0.019
2088.74439 17.246 0.019
2088.74735 17.259 0.019
2088.75314 17.270 0.019
2088.75608 17.284 0.020
2088.76188 17.222 0.021
2088.76481 17.229 0.022
2088.77668 17.273 0.019
2088.78548 17.277 0.020
2088.79423 17.276 0.022
2088.80301 17.222 0.024
2088.81180 17.245 0.022
2088.82055 17.269 0.024
2088.82971 17.250 0.021
2088.83843 17.255 0.024
2088.84722 17.210 0.025
2089.60741 17.117 0.018
2089.61034 17.141 0.021
2089.61615 17.121 0.020
2089.61908 17.122 0.019
2089.62486 17.077 0.018
2089.62781 17.125 0.018
2089.63361 17.100 0.017
2089.63654 17.103 0.020
2089.64236 17.115 0.017
2089.64530 17.119 0.018
2089.65153 17.117 0.016
2089.65445 17.097 0.017
2089.66021 17.083 0.017
2090.63951 17.267 0.023
2090.64245 17.223 0.023
2090.64831 17.219 0.022
2090.65125 17.259 0.021
2090.65825 17.241 0.020
2090.66119 17.264 0.019
2090.66702 17.275 0.021
2090.66997 17.234 0.020
2090.67577 17.230 0.022
2090.67890 17.223 0.021
2090.68468 17.286 0.028
2090.70421 17.311 0.025
2090.70715 17.251 0.024
2090.71295 17.226 0.026
2090.71589 17.262 0.024
2090.72169 17.229 0.025
2090.72461 17.236 0.023
2090.73332 17.243 0.024
2090.74206 17.230 0.021
2090.75084 17.195 0.027
2090.76041 17.262 0.019
2090.76914 17.224 0.020
2090.77788 17.208 0.019
2090.78664 17.226 0.019
2090.79543 17.197 0.017
2090.80420 17.198 0.018
2090.81334 17.222 0.024
2090.81627 17.184 0.021
2090.82207 17.189 0.024
2090.82501 17.163 0.026
2090.83642 17.210 0.025
2090.83936 17.186 0.025
2091.58381 17.128 0.018
2091.58676 17.109 0.019
2091.59258 17.079 0.016
2091.59555 17.117 0.017
2091.60137 17.101 0.016
2091.60431 17.137 0.018
2091.61206 17.110 0.016
2091.61502 17.135 0.017
2091.62820 17.104 0.016
2091.63115 17.149 0.016
2091.64867 17.130 0.016
2091.65270 17.148 0.017
2091.65933 17.147 0.016
2091.66227 17.131 0.017
2091.66805 17.129 0.016
2091.67098 17.162 0.017
2091.67740 17.155 0.016
2091.68033 17.145 0.018
2091.68618 17.133 0.017
2091.68916 17.145 0.017
2091.69495 17.160 0.017
2091.69790 17.157 0.018
2091.70370 17.183 0.017
2091.70666 17.166 0.018
2091.71271 17.186 0.017
2091.71565 17.156 0.018
2091.72142 17.169 0.017
2091.72437 17.193 0.018
2091.73016 17.155 0.016
2091.73309 17.171 0.018
2091.73891 17.170 0.016
2091.74185 17.147 0.017
2091.74769 17.167 0.016
2091.75063 17.178 0.017
2091.75881 17.153 0.017
2091.76173 17.193 0.019
2091.77170 17.136 0.016
2091.77465 17.168 0.017
2091.78342 17.200 0.018
2091.79215 17.212 0.017
2091.80094 17.175 0.017
2091.80969 17.216 0.018
2091.81846 17.190 0.019
2091.82741 17.203 0.018
2091.83661 17.201 0.019
2091.84537 17.212 0.019
2091.85414 17.212 0.020
2091.86285 17.217 0.021
2091.87157 17.225 0.022
2092.64121 17.271 0.020
2092.64416 17.264 0.019
2092.64999 17.259 0.019
2092.65296 17.281 0.019
2092.65880 17.249 0.020
2092.66173 17.261 0.019
2092.67034 17.237 0.019
2092.67328 17.275 0.021
2092.67910 17.252 0.022
2092.68206 17.226 0.020
2092.68785 17.245 0.025
2092.69081 17.241 0.019
2092.69665 17.219 0.019
2092.69959 17.243 0.019
2092.70541 17.266 0.022
2092.70837 17.241 0.018
2092.71418 17.213 0.020
2092.71714 17.233 0.020
2092.72946 17.186 0.017
2092.73240 17.206 0.018
2092.74117 17.211 0.019
2092.75175 17.185 0.019
2092.76047 17.171 0.019
2092.76922 17.180 0.021
2092.77798 17.171 0.022
2092.78672 17.156 0.022
2092.79427 17.152 0.021
2092.79724 17.127 0.019
2092.80305 17.084 0.023
2092.80598 17.155 0.023
2092.81177 17.127 0.021
2092.81470 17.120 0.021
2092.82695 17.086 0.029
2092.82988 17.121 0.026
2101.54876 17.266 0.020
2101.55169 17.222 0.021
2101.55749 17.220 0.020
2101.56043 17.212 0.019
2101.56621 17.245 0.019
2101.56917 17.244 0.019
2101.57498 17.239 0.017
2101.57793 17.253 0.020
2101.58369 17.258 0.019
2101.58661 17.250 0.020
2101.59244 17.238 0.022
2101.59540 17.259 0.021
2101.60700 17.247 0.019
2101.60995 17.231 0.021
2101.61575 17.236 0.023
2101.61873 17.271 0.020
2101.62456 17.233 0.017
2101.62751 17.253 0.018
2101.63331 17.235 0.019
2101.63626 17.274 0.019
2101.64202 17.225 0.019
2101.64495 17.261 0.019
2101.65141 17.213 0.019
2101.65437 17.259 0.019
2101.66334 17.240 0.019
2101.67209 17.263 0.020
2101.68084 17.249 0.020
2101.68958 17.240 0.021
2101.69833 17.241 0.020
2101.70706 17.223 0.020
2101.72427 17.167 0.020
2101.73964 17.179 0.020
2101.75822 17.163 0.023
2101.76695 17.172 0.021
2101.77573 17.164 0.019
2101.78446 17.144 0.022
2102.53314 17.102 0.015
2102.53609 17.139 0.016
2102.54191 17.104 0.015
2102.54486 17.144 0.016
2102.55249 17.123 0.016
2102.55544 17.133 0.016
2102.56123 17.136 0.016
2102.56419 17.117 0.018
2102.57699 17.136 0.016
2102.57994 17.134 0.018
2102.58575 17.135 0.016
2102.58872 17.142 0.017
2102.59451 17.127 0.016
2102.59745 17.170 0.018
2102.60327 17.119 0.018
2102.60623 17.152 0.017
2102.61202 17.132 0.016
2102.61496 17.143 0.016
2102.62080 17.150 0.016
2102.62375 17.166 0.017
2102.63011 17.175 0.016
2102.63307 17.157 0.017
2102.63888 17.138 0.015
2102.64183 17.159 0.016
2102.64826 17.151 0.017
2102.65119 17.143 0.014
2103.49708 17.251 0.019
2103.50001 17.217 0.019
2103.50580 17.230 0.019
2103.50874 17.288 0.021
2103.51625 17.220 0.019
2103.51923 17.258 0.020
2103.52502 17.206 0.017
2103.52796 17.268 0.019
2103.53378 17.253 0.019
2103.53673 17.236 0.019
2103.54249 17.277 0.019
2103.54544 17.282 0.017
2103.55125 17.260 0.019
2103.55418 17.260 0.018
2103.55995 17.287 0.019
2103.56289 17.255 0.018
2103.57185 17.251 0.015
2103.57481 17.263 0.017
2103.58063 17.254 0.016
2103.58359 17.202 0.029
2103.58938 17.238 0.015
2103.59235 17.278 0.017
2103.59815 17.278 0.014
2103.60111 17.262 0.017
2103.60757 17.245 0.015
2103.61052 17.216 0.014
2103.61633 17.242 0.014
2103.61929 17.251 0.015
2103.62509 17.227 0.014
2103.62804 17.209 0.016
2103.63382 17.229 0.014
2103.63674 17.214 0.014
2103.64312 17.200 0.013
2103.64607 17.201 0.015
2103.65186 17.192 0.014
2103.65481 17.188 0.015
2103.66175 17.191 0.014
2103.66471 17.185 0.015
2103.67058 17.179 0.015
2103.67354 17.179 0.016
2103.67931 17.124 0.014
2103.68224 17.185 0.015
2103.72031 17.110 0.016
2103.72327 17.132 0.018
2103.72909 17.121 0.017
2103.73207 17.134 0.017
2103.74082 17.146 0.018
2103.74662 17.023 0.020
2103.74956 17.125 0.019
2103.75538 17.090 0.017
2103.75834 17.116 0.017
2103.76706 17.128 0.016
2103.77580 17.110 0.015
2103.78454 17.126 0.015
2103.79328 17.111 0.015
2105.50333 17.245 0.024
2105.50627 17.232 0.022
2105.51593 17.242 0.022
2105.51998 17.250 0.022
2105.52609 17.234 0.021
2105.52902 17.209 0.020
2105.53482 17.214 0.019
2105.53777 17.242 0.020
2105.54357 17.220 0.020
2105.54651 17.241 0.020
2105.55229 17.229 0.020
2105.55524 17.227 0.021
2105.56351 17.203 0.019
2105.56644 17.226 0.019
2105.57223 17.193 0.016
2105.57518 17.198 0.017
2105.58100 17.157 0.015
2105.58396 17.203 0.017
2105.58972 17.178 0.015
2105.59270 17.200 0.017
2105.59922 17.191 0.015
2105.60219 17.182 0.016
2105.61152 17.172 0.016
2105.61765 17.167 0.015
2105.62059 17.168 0.015
2105.62948 17.155 0.014
2105.63243 17.153 0.020
2105.64029 17.164 0.014
2105.64325 17.129 0.015
2105.64905 17.136 0.015
2105.65200 17.144 0.015
2105.65546 17.148 0.015
2105.66159 17.117 0.015
2105.66455 17.127 0.015
2105.67033 17.134 0.015
2105.67330 17.157 0.016
2105.67909 17.125 0.015
2105.68205 17.138 0.016
2105.68783 17.094 0.014
2105.69079 17.147 0.015
2105.70830 17.076 0.030
2105.71445 17.090 0.029
2105.72470 17.102 0.030
2105.73342 17.100 0.016
2105.74216 17.137 0.016
2105.75092 17.129 0.016
2105.75966 17.090 0.017
2105.76845 17.126 0.018
2105.77758 17.119 0.018
2105.78631 17.110 0.018
2105.79509 17.118 0.022
2105.80391 17.128 0.022
2106.59248 17.192 0.019
2106.59545 17.193 0.019
2106.60210 17.170 0.017
2106.60510 17.207 0.018
2106.61137 17.186 0.017
2106.61431 17.219 0.019
2106.62012 17.212 0.019
2106.62309 17.226 0.021
2106.62888 17.189 0.021
2106.63185 17.205 0.020
2106.63841 17.194 0.019
2106.64136 17.216 0.019
2106.64716 17.196 0.019
2106.65011 17.227 0.020
2106.65593 17.203 0.020
2106.65890 17.207 0.021
2106.66499 17.196 0.016
2106.66795 17.227 0.019
2106.67377 17.188 0.016
2106.67673 17.221 0.018
2106.68251 17.182 0.016
2106.68548 17.251 0.020
2106.69416 17.240 0.021
2106.70292 17.251 0.019
2106.71833 17.236 0.019
2106.72413 17.241 0.016
2106.72710 17.260 0.019
2106.73287 17.218 0.017
2106.73584 17.228 0.022
2106.74164 17.244 0.021
2106.74459 17.246 0.021
2106.75036 17.256 0.021
2106.75329 17.213 0.022
2106.75910 17.241 0.022
2106.76205 17.261 0.023
2111.50915 17.066 0.017
2111.51213 17.122 0.018
2111.51790 17.071 0.022
2111.52090 17.118 0.020
2111.52667 17.086 0.021
2111.52964 17.102 0.021
2111.53544 17.066 0.024
2111.53837 17.104 0.021
2111.54716 17.113 0.021
2111.55298 17.067 0.021
2111.55592 17.083 0.021
2111.56217 17.093 0.019
2111.56516 17.121 0.021
2111.57097 17.100 0.019
2111.57389 17.154 0.022
2111.57973 17.134 0.022
2111.58270 17.111 0.021
2111.58846 17.110 0.019
2111.59143 17.141 0.022
2111.59724 17.137 0.020
2111.60019 17.146 0.021
2111.60596 17.131 0.017
2111.60890 17.168 0.019
2111.61509 17.168 0.023
2111.61805 17.163 0.025
2111.62443 17.168 0.024
2111.62740 17.132 0.023
2111.63618 17.204 0.030
2111.64495 17.190 0.025
2111.65372 17.142 0.020
2111.66244 17.201 0.021
2111.67165 17.168 0.021
2111.68039 17.183 0.021
2111.68915 17.135 0.022
2111.69788 17.193 0.024
2111.70662 17.190 0.022
2111.71539 17.174 0.022
2111.72470 17.205 0.023
2111.73343 17.192 0.026
2111.74216 17.128 0.024
2111.75092 17.161 0.019
2112.50173 17.227 0.021
2112.50470 17.261 0.020
2112.51136 17.221 0.020
2112.51432 17.252 0.021
2112.52438 17.228 0.019
2112.52732 17.248 0.021
2112.53313 17.221 0.020
2112.53610 17.251 0.021
2112.55267 17.238 0.021
2112.55565 17.270 0.021
2112.56142 17.254 0.021
2112.56437 17.257 0.021
2112.57572 17.250 0.020
2112.57867 17.269 0.024
2112.58446 17.233 0.020
2112.58742 17.280 0.018
2112.59775 17.234 0.016
2112.60076 17.241 0.017
2112.60654 17.212 0.015
2112.60949 17.247 0.017
2112.61530 17.199 0.015
2112.61827 17.220 0.016
2112.62402 17.199 0.015
2112.62699 17.204 0.017
2112.63277 17.189 0.015
2112.63574 17.192 0.017
2112.64162 17.185 0.015
2112.64457 17.187 0.018
2112.66347 17.142 0.014
2112.66642 17.136 0.016
2112.67518 17.175 0.016
2112.68392 17.137 0.016
2112.69269 17.126 0.016
2112.70281 17.132 0.018
2112.71181 17.127 0.017
2112.72057 17.115 0.017
2112.72933 17.114 0.017
2112.73812 17.144 0.016
2112.74686 17.111 0.016
2112.75627 17.091 0.016
2113.51288 17.092 0.022
2113.51586 17.130 0.023
2113.52163 17.089 0.023
2113.52462 17.117 0.023
2113.53041 17.104 0.023
2113.53337 17.103 0.023
2113.53970 17.105 0.022
2113.54266 17.133 0.032
2113.54846 17.115 0.019
2113.55143 17.179 0.026
2113.55721 17.117 0.018
2113.56017 17.148 0.020
2113.56594 17.150 0.021
2113.56887 17.149 0.020
2113.57465 17.151 0.021
2113.57759 17.146 0.020
2113.58339 17.197 0.017
2113.58635 17.183 0.019
2113.59266 17.150 0.018
2113.59562 17.151 0.020
2113.60142 17.134 0.024
2113.60437 17.155 0.026
2113.61015 17.166 0.022
2113.61311 17.161 0.022
2113.61922 17.227 0.023
2113.62217 17.208 0.023
2113.62797 17.170 0.021
2113.63092 17.244 0.027
2113.63667 17.187 0.022
2113.63966 17.176 0.022
2113.64622 17.187 0.020
2113.64918 17.187 0.021
2113.65499 17.115 0.022
2113.65796 17.170 0.021
2113.71536 17.206 0.022
2113.72413 17.205 0.021
2113.73287 17.212 0.023
2113.74161 17.210 0.036
2113.75035 17.223 0.020
2113.75910 17.199 0.024
2113.76831 17.248 0.034
2113.77707 17.219 0.028
2114.69080 17.103 0.018
2114.69378 17.097 0.019
2114.69958 17.093 0.018
2114.70253 17.092 0.021
2114.70833 17.079 0.019
2114.71130 17.095 0.021
2114.71713 17.098 0.018
2114.72011 17.091 0.022
2114.72784 17.109 0.021
2114.73080 17.111 0.020
2114.74057 17.131 0.021
2114.74929 17.153 0.023
2114.76028 17.104 0.024
2114.76905 17.119 0.021
2114.77785 17.112 0.019
2114.79797 17.182 0.020
2115.55031 17.096 0.022
2115.55328 17.148 0.020
2115.55907 17.154 0.021
2115.56202 17.206 0.024
2115.56942 17.159 0.021
2115.57238 17.184 0.022
2115.58381 17.143 0.020
2115.58678 17.192 0.022
2115.59258 17.183 0.020
2115.59553 17.244 0.022
2115.60130 17.152 0.021
2115.60429 17.221 0.021
2115.61524 17.146 0.023
2115.61819 17.186 0.026
2115.62691 17.161 0.025
2115.63570 17.145 0.025
2115.64683 17.220 0.029
2115.65607 17.193 0.021
2115.66482 17.206 0.021
2115.67357 17.223 0.023
2115.68229 17.236 0.023
2115.69102 17.200 0.020
2115.69982 17.221 0.021
2115.73419 17.267 0.022
2115.74529 17.261 0.020
2116.50651 17.168 0.022
2116.50948 17.124 0.023
2116.51528 17.128 0.023
2116.51824 17.148 0.026
2116.55956 17.144 0.021
2116.56251 17.152 0.020
2116.56831 17.125 0.020
2116.57128 17.127 0.020
2116.58642 17.050 0.020
2116.58942 17.098 0.022
2116.59806 17.073 0.017
2116.60102 17.128 0.018
2116.60740 17.066 0.016
2116.61037 17.119 0.018
2116.61913 17.111 0.019
2116.62791 17.126 0.018
2116.63666 17.118 0.018
2116.65678 17.149 0.018
2116.66549 17.120 0.017
2116.67428 17.105 0.018
2116.68304 17.132 0.017
2116.69181 17.133 0.017
2116.70050 17.142 0.018
2116.70751 17.122 0.017
2116.71048 17.158 0.018
2116.71627 17.120 0.017
2116.71926 17.156 0.018
2116.72506 17.143 0.017
2116.72802 17.138 0.018
2116.73380 17.109 0.017
2116.73677 17.151 0.019
2116.74253 17.084 0.018
2116.74551 17.138 0.020
2116.75758 17.145 0.021
2116.76637 17.145 0.021
2117.48725 17.189 0.017
2117.49022 17.193 0.019
2117.49606 17.177 0.017
2117.49903 17.208 0.019
2117.50525 17.195 0.017
2117.50819 17.238 0.018
2117.51396 17.211 0.017
2117.51694 17.225 0.017
2117.52271 17.210 0.017
2117.55409 17.202 0.019
2117.55705 17.224 0.019
2117.56282 17.214 0.019
2117.56580 17.221 0.020
2117.57157 17.224 0.020
2117.57455 17.247 0.019
2117.58101 17.202 0.020
2117.58397 17.225 0.020
2117.58977 17.189 0.019
2117.59272 17.246 0.018
2117.59852 17.224 0.019
2117.60149 17.248 0.020
2117.61055 17.204 0.016
2117.61349 17.252 0.018
2117.61931 17.225 0.017
2117.62228 17.247 0.018
2117.63103 17.239 0.017
2117.63983 17.251 0.019
2117.64860 17.255 0.018
2117.65736 17.281 0.019
2117.66652 17.250 0.020
2117.67533 17.233 0.020
2117.68411 17.254 0.023
2117.69288 17.257 0.021
2117.70160 17.254 0.019
2117.70902 17.261 0.019
2117.71197 17.260 0.020
2117.71777 17.250 0.019
2117.72073 17.260 0.020
2117.72652 17.272 0.019
2117.72948 17.242 0.020
2117.73529 17.200 0.019
2117.73827 17.207 0.020
2117.74403 17.208 0.020
2117.74699 17.225 0.020
2117.75570 17.220 0.023
2118.49489 17.072 0.018
2118.49786 17.129 0.019
2118.50365 17.107 0.017
2118.50661 17.159 0.020
2118.51242 17.093 0.018
2118.51541 17.149 0.020
2118.52121 17.121 0.018
2118.52417 17.078 0.020
2118.64024 17.098 0.015
2118.64321 17.161 0.016
2118.65295 17.155 0.016
2118.65592 17.120 0.015
2118.66171 17.137 0.016
2118.66467 17.179 0.017
2118.67049 17.163 0.017
2118.67346 17.155 0.020
2118.67924 17.118 0.018
2118.68223 17.158 0.017
2118.68799 17.116 0.016
2118.69095 17.164 0.017
2118.70086 17.163 0.017
2118.70988 17.178 0.017
2118.71863 17.184 0.018
2118.72736 17.173 0.021
2118.73619 17.193 0.017
2125.64150 17.137 0.025
2128.56705 17.236 0.017
2128.57003 17.246 0.018
2131.56377 17.168 0.016
2131.56674 17.094 0.031
2134.66675 17.100 0.021
2134.66975 17.084 0.024
2138.54419 17.102 0.019
2138.54720 17.147 0.021
2143.51767 17.162 0.025
2143.52040 17.091 0.026
2155.64420 17.178 0.030
2155.64720 17.181 0.031
2156.48328 17.095 0.019
2156.48627 17.134 0.023
2158.49164 17.134 0.016
2158.49461 17.139 0.019
2158.53461 17.153 0.017
2158.53762 17.172 0.019
2162.50112 17.182 0.021
2162.50413 17.175 0.021
2168.53590 17.123 0.023
2168.53885 17.141 0.022
2173.49387 17.357 0.031
2173.49686 17.267 0.028
2184.49712 17.280 0.031
2184.50009 17.185 0.027
2194.55176 17.246 0.023
2194.55447 17.190 0.021
2321.87019 17.206 0.023
2321.87307 17.253 0.026
2324.87230 17.173 0.018
2324.87519 17.196 0.020
2341.82879 17.220 0.021
2341.83166 17.263 0.023
2350.84190 17.191 0.016
2350.84477 17.206 0.017
2358.88135 17.176 0.020
2358.88424 17.172 0.018
2370.80960 17.164 0.021
2370.81249 17.153 0.019
2381.80499 17.132 0.018
2381.80789 17.132 0.018
2384.78749 17.249 0.020
2384.79037 17.257 0.020
2388.84731 17.114 0.017
2388.85023 17.113 0.018
2391.68985 17.179 0.028
2391.69275 17.127 0.028
2400.68770 17.150 0.021
2400.69063 17.203 0.020
2402.80557 17.248 0.019
2404.83958 17.136 0.017
2404.84251 17.194 0.017
2414.60114 17.064 0.028
2414.61026 17.030 0.026
2414.61966 17.012 0.023
2414.63051 17.042 0.025
2414.64075 17.071 0.027
2414.65895 17.109 0.025
2414.66939 17.087 0.026
2414.67833 17.043 0.022
2414.68729 17.111 0.021
2414.70973 17.155 0.021
2414.72089 17.144 0.018
2414.73163 17.137 0.017
2414.74051 17.151 0.017
2414.74957 17.156 0.016
2414.77468 17.195 0.017
2414.78359 17.192 0.019
2414.79318 17.166 0.018
2414.80206 17.154 0.020
2414.81130 17.229 0.023
2414.82196 17.218 0.021
2414.83112 17.174 0.020
2414.85854 17.240 0.020
2414.86148 17.232 0.018
2414.86843 17.221 0.020
2414.87750 17.230 0.021
2414.88637 17.212 0.021
2414.89911 17.264 0.024
2414.91050 17.327 0.026
2415.72058 17.148 0.023
2415.72351 17.154 0.021
2416.74275 17.199 0.019
2416.74571 17.212 0.020
2417.59416 17.200 0.032
2417.61864 17.133 0.029
2417.63944 17.165 0.026
2417.64895 17.156 0.023
2417.65788 17.168 0.023
2417.66801 17.175 0.022
2417.67719 17.129 0.022
2417.68690 17.121 0.023
2417.69591 17.121 0.021
2417.70656 17.124 0.021
2417.71834 17.118 0.021
2417.72128 17.104 0.019
2417.72735 17.123 0.020
2417.73632 17.107 0.019
2417.74846 17.122 0.020
2417.75736 17.138 0.021
2417.76685 17.140 0.021
2417.77609 17.086 0.018
2417.78508 17.073 0.018
2417.81463 17.135 0.022
2417.82346 17.134 0.020
2417.83232 17.111 0.021
2424.76068 17.131 0.030
2424.76361 17.168 0.032
2426.57757 17.184 0.027
2426.59343 17.187 0.021
2426.60264 17.139 0.023
2426.61593 17.119 0.020
2426.62504 17.130 0.021
2426.63397 17.112 0.022
2426.64427 17.154 0.021
2426.65339 17.139 0.020
2426.66260 17.136 0.018
2426.67194 17.153 0.020
2426.67492 17.173 0.018
2426.68175 17.095 0.018
2426.69063 17.121 0.018
2426.70066 17.119 0.016
2426.71069 17.098 0.017
2426.71985 17.179 0.018
2431.80628 17.138 0.016
2431.80926 17.133 0.014
2433.73642 17.182 0.018
2434.80945 17.248 0.018
2436.57924 17.186 0.020
2436.58220 17.175 0.020
2438.61141 17.151 0.020
2438.61435 17.212 0.019
2440.59264 17.245 0.019
2440.59561 17.231 0.020
2442.61073 17.250 0.021
2442.61343 17.271 0.019
2444.70605 17.141 0.022
2446.64060 17.132 0.018
2448.52439 17.142 0.036
2448.52739 17.129 0.032
2448.54209 17.120 0.036
2448.55101 17.114 0.036
2448.55993 17.073 0.033
2448.57055 17.079 0.040
2448.57749 17.117 0.040
2448.58634 17.113 0.035
2448.59540 17.148 0.049
2448.60443 17.095 0.044
2448.61341 17.094 0.043
2448.63245 17.053 0.041
2448.64146 16.997 0.039
2448.66042 17.091 0.022
2448.66940 17.111 0.018
2448.68709 17.228 0.034
2448.69719 17.223 0.025
2453.73371 17.109 0.023
2453.73666 17.133 0.019
2454.52468 17.106 0.023
2454.54857 17.157 0.020
2454.55753 17.164 0.018
2454.56649 17.178 0.017
2454.57719 17.186 0.017
2454.58607 17.230 0.017
2454.59489 17.179 0.016
2454.60383 17.195 0.017
2454.61282 17.221 0.019
2454.63062 17.186 0.019
2454.63966 17.176 0.016
2454.64861 17.227 0.017
2454.65908 17.195 0.017
2454.66821 17.216 0.017
2454.67707 17.218 0.020
2454.68680 17.247 0.019
2454.69653 17.278 0.019
2454.70534 17.229 0.019
2454.71600 17.275 0.018
2454.72492 17.262 0.019
2454.73382 17.260 0.020
2454.74292 17.235 0.019
2454.75346 17.269 0.020
2454.76228 17.297 0.021
2454.77109 17.269 0.024
2454.78464 17.220 0.024
2458.73095 17.203 0.021
2458.73393 17.190 0.021
2462.71975 17.120 0.015
2462.72273 17.123 0.015
2463.81682 17.242 0.019
2463.81981 17.275 0.018
2465.46506 17.092 0.028
2465.47403 17.115 0.024
2465.48323 17.154 0.023
2465.49219 17.137 0.024
2465.50123 17.172 0.021
2465.52029 17.179 0.020
2465.52943 17.171 0.020
2465.53950 17.206 0.020
2465.54849 17.220 0.020
2465.55750 17.219 0.019
2465.56646 17.226 0.019
2465.58092 17.221 0.017
2465.58996 17.236 0.020
2465.59921 17.263 0.019
2465.60827 17.270 0.018
2465.61861 17.284 0.020
2465.62822 17.252 0.018
2465.63796 17.267 0.019
2465.64795 17.252 0.018
2465.65723 17.279 0.020
2465.66613 17.255 0.019
2465.67597 17.291 0.020
2465.68492 17.251 0.018
2465.69394 17.309 0.019
2465.70298 17.263 0.019
2465.71217 17.284 0.019
2465.72139 17.272 0.019
2465.73042 17.261 0.020
2465.74066 17.282 0.019
2465.74963 17.251 0.019
2465.75867 17.240 0.019
2465.76553 17.209 0.024
2465.77452 17.267 0.026
2465.78593 17.199 0.024
2465.79477 17.189 0.025
2465.80367 17.212 0.022
2465.81278 17.182 0.024
2465.82251 17.213 0.025
2465.83147 17.210 0.023
2465.84248 17.176 0.023
2466.46291 17.133 0.026
2466.47175 17.142 0.021
2466.48065 17.157 0.020
2466.48963 17.140 0.018
2466.50234 17.129 0.018
2466.51152 17.138 0.018
2466.52054 17.124 0.020
2466.52952 17.128 0.018
2466.53998 17.134 0.017
2466.54915 17.161 0.018
2466.55848 17.130 0.016
2466.56215 17.153 0.017
2466.56808 17.131 0.016
2466.57700 17.141 0.017
2466.58895 17.143 0.017
2466.59889 17.151 0.017
2466.60791 17.148 0.017
2466.61675 17.148 0.017
2466.62753 17.151 0.020
2466.63726 17.139 0.020
2466.64749 17.165 0.021
2466.65646 17.166 0.019
2466.66539 17.146 0.025
2466.67805 17.175 0.020
2466.68691 17.173 0.025
2466.69577 17.186 0.020
2466.70568 17.165 0.018
2466.71596 17.165 0.019
2466.72507 17.186 0.021
2466.73407 17.186 0.022
2466.74332 17.177 0.022
2466.74680 17.217 0.025
2466.74979 17.148 0.023
2466.75931 17.181 0.022
2466.76807 17.208 0.020
2466.77743 17.218 0.020
2466.79001 17.209 0.022
2466.79904 17.232 0.024
2466.80971 17.227 0.021
2466.81862 17.284 0.026
2466.82854 17.233 0.025
2466.83737 17.220 0.024
2466.84634 17.260 0.029
2468.46189 16.994 0.030
2470.46218 17.073 0.029
2470.46516 17.084 0.025
2470.47159 17.091 0.024
2470.48048 17.091 0.023
2470.49118 17.097 0.028
2470.50450 17.141 0.022
2470.51117 17.141 0.024
2470.52037 17.167 0.021
2470.53036 17.164 0.020
2470.53943 17.154 0.021
2470.54885 17.182 0.019
2470.55772 17.165 0.018
2470.57682 17.156 0.017
2470.58566 17.174 0.018
2470.59471 17.207 0.020
2470.60381 17.168 0.020
2470.61281 17.189 0.019
2470.62319 17.209 0.019
2470.63210 17.230 0.020
2470.64490 17.234 0.019
2470.66016 17.207 0.017
2470.66917 17.222 0.019
2470.67802 17.216 0.019
2470.68699 17.238 0.017
2470.69891 17.246 0.018
2470.70799 17.249 0.018
2470.71789 17.262 0.018
2470.72671 17.092 0.016
2470.73628 17.257 0.019
2470.74526 17.237 0.021
2470.75439 17.258 0.021
2470.76331 17.255 0.021
2470.77287 17.285 0.021
2470.78205 17.296 0.021
2470.79136 17.311 0.023
2470.80406 17.310 0.023
2470.81323 17.289 0.024
2470.82245 17.295 0.028
2472.67213 17.260 0.016
2472.68097 17.259 0.017
2472.69128 17.273 0.018
2472.70023 17.261 0.017
2472.70912 17.286 0.017
2472.71931 17.261 0.017
2472.73262 17.268 0.019
2472.74220 17.268 0.018
2472.75127 17.266 0.020
2472.76016 17.319 0.018
2472.76991 17.221 0.016
2474.46247 17.149 0.025
2474.46546 17.152 0.023
2474.47380 17.109 0.024
2474.48269 17.112 0.033
2474.61134 17.244 0.021
2474.62067 17.240 0.019
2474.62972 17.252 0.020
2474.63908 17.269 0.020
2474.64919 17.268 0.020
2474.65834 17.289 0.020
2474.66747 17.268 0.021
2474.67784 17.288 0.021
2474.68692 17.272 0.021
2474.69752 17.278 0.020
2474.70637 17.270 0.021
2482.61915 17.125 0.023
2482.62214 17.146 0.021
2485.62915 17.254 0.025
2485.63215 17.239 0.025
2489.70001 17.138 0.016
2489.70299 17.110 0.016
2492.64469 17.288 0.020
2492.64767 17.255 0.019
2494.69903 17.176 0.017
2494.70205 17.231 0.019
2497.50157 17.124 0.018
2497.50460 17.123 0.020
2499.53738 17.218 0.019
2499.54039 17.197 0.018
2501.56513 17.256 0.019
2501.56811 17.242 0.018
2503.48859 17.269 0.053
2503.49162 17.229 0.045
2511.54530 17.118 0.023
2511.54830 17.119 0.021
2521.51374 17.252 0.020
2521.51672 17.242 0.019
2526.54389 17.202 0.019
2526.54693 17.217 0.018
2537.47505 17.260 0.034
2537.47811 17.207 0.029
2540.49166 17.141 0.025
2540.49470 17.134 0.024
2546.50226 17.252 0.026
2546.50525 17.231 0.021
2550.48040 17.291 0.036
2550.48652 17.271 0.025
2554.55539 17.137 0.021
2554.55841 17.112 0.019
2558.49192 17.151 0.026
2558.49496 17.186 0.025
2565.48480 17.113 0.039
2565.48782 17.112 0.032
2693.88926 17.128 0.021
2693.89219 17.145 0.018
2698.88723 17.159 0.018
2698.89013 17.178 0.018
2711.87027 17.117 0.016
2711.87315 17.135 0.015
2721.77936 17.172 0.038
2721.79719 17.187 0.041
2721.81312 17.246 0.041
2721.83541 17.137 0.042
2721.84737 17.218 0.040
2721.86303 17.239 0.042
2721.87771 17.239 0.043
2721.90102 17.244 0.036
2721.91165 17.238 0.038
2721.92050 17.286 0.047
2730.89105 17.272 0.019
2743.76745 17.267 0.019
2743.77029 17.296 0.019
2748.78598 17.226 0.022
2748.78884 17.263 0.024
2755.77588 17.201 0.017
2755.77874 17.228 0.017
2758.92729 17.195 0.024
2758.93016 17.187 0.025
2765.78399 17.129 0.016
2765.78688 17.165 0.019
2769.76862 17.092 0.016
2769.77149 17.196 0.016
2782.70485 17.206 0.020
2782.71004 17.208 0.025
2784.69609 17.227 0.016
2784.69899 17.247 0.017
2786.58164 17.180 0.028
2786.58455 17.134 0.028
2788.68346 17.266 0.018
2788.68634 17.293 0.018
2790.78856 17.177 0.017
2790.79144 17.105 0.018
2792.52842 17.336 0.033
2794.55196 17.144 0.029
2794.55466 17.191 0.029
2796.56046 17.120 0.017
2796.56337 17.135 0.018
2802.55533 17.110 0.032
2802.55824 17.167 0.029
2808.62355 17.264 0.020
2808.63079 17.249 0.022
2810.56612 17.247 0.022
2810.56903 17.265 0.021
2812.56799 17.161 0.021
2812.57090 17.155 0.019
2813.81172 17.218 0.020
2813.81465 17.217 0.020
2815.59032 17.260 0.020
2815.59325 17.230 0.019
2816.65576 17.159 0.016
2816.65868 17.187 0.018
2817.77043 17.128 0.018
2817.77333 17.106 0.019
2818.66527 17.216 0.017
2818.66818 17.204 0.020
2819.75935 17.122 0.021
2819.76228 17.156 0.020
2821.65763 17.116 0.019
2821.66052 17.137 0.018
2826.64829 17.228 0.020
2826.65119 17.134 0.021
2830.77849 17.176 0.024
2830.78143 17.184 0.024
2835.47491 17.218 0.027
2835.47782 17.196 0.027
2837.49370 17.288 0.025
2837.49663 17.240 0.024
2838.72418 17.257 0.021
2838.72714 17.252 0.021
2840.49577 17.177 0.022
2840.49871 17.199 0.023
2842.53224 17.299 0.022
2842.53514 17.245 0.021
2844.60836 17.243 0.017
2844.61128 17.235 0.018
2848.53607 17.100 0.028
2848.54648 17.162 0.027
2851.53080 17.239 0.019
2851.53374 17.238 0.021
2853.52865 17.272 0.022
2853.53159 17.249 0.021
2853.54060 17.268 0.022
2853.57767 17.237 0.017
2854.47799 17.133 0.023
2854.49041 17.141 0.023
2854.51895 17.161 0.021
2854.53985 17.166 0.018
2854.56145 17.192 0.019
2854.58118 17.175 0.021
2854.61779 17.206 0.027
2854.63296 17.190 0.024
2854.64531 17.231 0.021
2854.66402 17.219 0.024
2854.68446 17.258 0.025
2854.70532 17.254 0.029
2854.72477 17.279 0.027
2854.73730 17.269 0.028
2854.75157 17.283 0.028
2854.75453 17.277 0.024
2854.78219 17.187 0.030
2855.52631 17.259 0.027
2855.54818 17.218 0.022
2855.57011 17.177 0.022
2855.60741 17.132 0.025
2855.65903 17.105 0.026
2856.49445 17.171 0.024
2856.58183 17.228 0.020
2856.66539 17.250 0.021
2857.48826 17.208 0.025
2857.71452 17.178 0.021
2857.71747 17.182 0.021
2858.46566 17.162 0.030
2862.49084 17.242 0.029
2862.49376 17.193 0.034
2864.49781 17.300 0.028
2864.50077 17.271 0.029
2865.55629 17.220 0.019
2865.58847 17.251 0.019
2866.64757 17.142 0.021
2867.65300 17.331 0.022
2867.65598 17.287 0.023
2867.69807 17.249 0.019
2867.71936 17.282 0.022
2867.72930 17.266 0.024
2867.73251 17.245 0.022
2867.73556 17.227 0.023
2867.73861 17.238 0.023
2868.51132 17.134 0.017
2868.51429 17.116 0.018
2869.56728 17.281 0.021
2869.58563 17.298 0.021
2869.58857 17.275 0.020
2870.65628 17.222 0.019
2871.47390 17.271 0.023
2871.47684 17.289 0.022
2871.51151 17.299 0.021
2871.52781 17.270 0.020
2871.54698 17.265 0.019
2871.55026 17.276 0.019
2871.55365 17.272 0.019
2871.55700 17.248 0.019
2871.56044 17.249 0.019
2871.56414 17.257 0.019
2871.56803 17.254 0.019
2871.57980 17.246 0.018
2871.58743 17.275 0.019
2871.59090 17.219 0.018
2871.59428 17.233 0.018
2871.59764 17.210 0.017
2871.60093 17.244 0.018
2871.60426 17.205 0.017
2871.60748 17.222 0.018
2871.61118 17.187 0.017
2871.61585 17.199 0.017
2871.63049 17.190 0.018
2871.71129 17.155 0.018
2872.50170 17.165 0.020
2872.67540 17.264 0.017
2872.70262 17.261 0.018
2874.57627 17.193 0.018
2875.53658 17.156 0.018
2875.61249 17.150 0.025
2875.61544 17.129 0.022
2875.69346 17.175 0.023
2876.49411 17.232 0.021
2876.65169 17.339 0.020
2877.52165 17.122 0.033
2877.64804 17.166 0.020
2877.65100 17.154 0.018
2878.49816 17.266 0.019
2878.56930 17.268 0.018
2879.55036 17.178 0.018
2879.55333 17.157 0.018
2880.70010 17.119 0.021
2881.65634 17.263 0.017
2882.50044 17.224 0.022
2883.58619 17.252 0.019
2884.47335 17.137 0.026
2884.47633 17.183 0.025
2892.50218 17.253 0.025
2892.51419 17.192 0.029
2896.57802 17.291 0.020
2896.58101 17.289 0.019
2899.60146 17.251 0.016
2899.60441 17.252 0.018
2905.54135 17.296 0.027
2905.54431 17.227 0.027
2909.51216 17.172 0.022
2909.51514 17.200 0.024
2912.53477 17.254 0.021
2912.53773 17.260 0.021
2921.59534 17.295 0.034
2921.59831 17.257 0.030
2926.56257 17.198 0.020
2926.56551 17.206 0.022
3040.88078 17.200 0.027
3040.88363 17.175 0.028
3044.85536 17.233 0.029
3044.85820 17.222 0.024
3046.86528 17.186 0.024
3046.86814 17.223 0.022
3047.85403 17.177 0.021
3047.85686 17.201 0.018
3055.87169 17.185 0.020
3055.87452 17.205 0.018
3058.88993 17.220 0.019
3058.89269 17.261 0.018
3064.81044 17.191 0.026
3064.81324 17.272 0.023
3067.88390 17.256 0.016
3067.88666 17.224 0.017
3070.84543 17.097 0.022
3070.84819 17.185 0.020
3070.89257 17.134 0.017
3071.87693 17.226 0.019
3073.80092 17.266 0.023
3075.83947 17.149 0.020
3075.84225 17.190 0.018
3079.88409 17.189 0.019
3079.88686 17.150 0.021
3082.85735 17.195 0.016
3082.86016 17.278 0.019
3084.89668 17.151 0.014
3084.89946 17.138 0.014
3086.82903 17.134 0.014
3086.83181 17.118 0.015
3088.78653 17.115 0.014
3088.78930 17.107 0.014
3089.89577 17.224 0.015
3089.89856 17.221 0.018
3091.81595 17.235 0.017
3091.81875 17.199 0.017
3096.85406 17.273 0.020
3096.85686 17.294 0.022
3098.83457 17.247 0.016
3098.83736 17.273 0.017
3100.79506 17.228 0.019
3100.79783 17.264 0.017
3101.90156 17.235 0.017
3101.90434 17.247 0.020
3103.76632 17.208 0.017
3103.76910 17.210 0.017
3104.88084 17.114 0.040
3104.88363 17.240 0.036
3108.75891 17.164 0.015
3108.76167 17.125 0.015
3109.79382 17.229 0.017
3109.79661 17.238 0.017
3110.82546 17.218 0.016
3110.82828 17.224 0.017
3111.85665 17.149 0.015
3112.77429 17.204 0.015
3112.77709 17.187 0.016
3113.86407 17.143 0.015
3113.86686 17.101 0.016
3114.77560 17.236 0.016
3114.77838 17.273 0.017
3115.85666 17.170 0.015
3115.86120 17.245 0.018
3116.91449 17.189 0.020
3116.91732 17.189 0.018
3118.91822 17.114 0.017
3122.90162 17.162 0.021
3122.90439 17.150 0.020
3125.86188 17.224 0.022
3125.86465 17.177 0.021
3126.89027 17.193 0.018
3127.79298 17.260 0.020
3127.79578 17.187 0.018
3128.81136 17.238 0.017
3128.81415 17.182 0.017
3130.68937 17.159 0.021
3130.69216 17.198 0.021
3135.85426 17.210 0.017
3137.92972 17.283 0.021
3137.93253 17.263 0.020
3138.69243 17.227 0.021
3138.69522 17.365 0.023
3139.86373 17.286 0.018
3139.86654 17.407 0.019
3140.86946 17.185 0.019
3140.87225 17.136 0.017
3140.90258 17.139 0.018
3142.75778 17.106 0.015
3142.76055 17.128 0.016
3144.77868 17.176 0.016
3144.78149 17.139 0.018
3146.77847 17.224 0.019
3146.78130 17.147 0.019
3151.74126 17.152 0.018
3151.74408 17.125 0.020
3151.89394 17.231 0.024
3151.89676 17.285 0.021
3152.74455 17.269 0.021
3152.74737 17.250 0.020
3153.74930 17.185 0.021
3153.75212 17.124 0.021
3154.81363 17.330 0.024
3156.83051 17.144 0.018
3156.83333 17.134 0.018
3158.90120 17.162 0.031
3158.90401 17.066 0.025
3162.80550 17.209 0.021
3162.80832 17.289 0.021
3163.61482 17.249 0.019
3163.62123 17.238 0.017
3163.64006 17.209 0.016
3164.72710 17.192 0.019
3164.72995 17.183 0.018
3165.74794 17.146 0.015
3165.75076 17.149 0.015
3166.89306 17.320 0.030
3166.89589 17.322 0.028
3167.74593 17.134 0.018
3167.74876 17.116 0.021
3168.74111 17.297 0.019
3168.74394 17.248 0.018
3169.71700 17.153 0.017
3169.71984 17.166 0.018
3170.79455 17.271 0.016
3170.79736 17.276 0.016
3171.81721 17.227 0.015
3171.82006 17.292 0.016
3172.74423 17.210 0.015
3172.74707 17.255 0.016
3174.70053 17.200 0.015
3175.71047 17.211 0.015
3175.71330 17.206 0.016
3177.75044 17.135 0.025
3178.77418 17.140 0.014
3178.77701 17.101 0.015
3179.78392 17.285 0.019
3179.78676 17.265 0.019
3180.71227 17.182 0.014
3180.71510 17.185 0.015
3182.76372 17.286 0.019
3182.76659 17.202 0.018
3183.73236 17.151 0.018
3183.73524 17.161 0.018
3184.69020 17.234 0.015
3184.69303 17.213 0.016
3185.74282 17.144 0.018
3185.74569 17.115 0.018
3185.76592 17.121 0.019
3185.79186 17.157 0.018
3185.82991 17.159 0.017
3185.85790 17.270 0.020
3185.87937 17.199 0.021
3186.62474 17.292 0.023
3190.63676 17.363 0.023
3191.77823 17.221 0.021
3193.52836 17.148 0.018
3193.53123 17.125 0.017
3194.58705 17.225 0.022
3194.58989 17.120 0.019
3195.63433 17.240 0.016
3195.63717 17.250 0.016
3195.79202 17.273 0.018
3195.79485 17.263 0.017
3196.53745 17.169 0.021
3196.55746 17.143 0.020
3197.50497 17.199 0.017
3197.50783 17.233 0.016
3199.61473 17.277 0.022
3199.61760 17.252 0.019
3201.50657 17.257 0.019
3201.50944 17.232 0.017
3202.47390 17.148 0.021
3202.52602 17.122 0.015
3202.56101 17.170 0.016
3202.56388 17.180 0.017
3202.63017 17.197 0.019
3202.75567 17.290 0.020
3202.79234 17.266 0.019
3202.82853 17.355 0.028
3203.46962 17.200 0.020
3203.65048 17.161 0.016
3203.65337 17.183 0.018
3204.64375 17.231 0.015
3204.64660 17.216 0.016
3205.75522 17.278 0.018
3205.76688 17.189 0.016
3206.70935 17.244 0.019
3206.71223 17.291 0.018
3207.65791 17.155 0.018
3207.66076 17.077 0.019
3209.70296 17.259 0.020
3209.70588 17.238 0.016
3210.53672 17.259 0.021
3210.53961 17.282 0.023
3210.64614 17.189 0.019
3210.73364 17.124 0.021
3211.48856 17.138 0.018
3211.57520 17.204 0.019
3211.57807 17.138 0.019
3211.69245 17.283 0.022
3217.46637 17.222 0.022
3217.47623 17.231 0.020
3217.64378 17.258 0.019
3218.64209 17.202 0.023
3218.64498 17.259 0.021
3219.59333 17.284 0.029
3223.64335 17.132 0.025
3224.68887 17.277 0.020
3224.69175 17.228 0.017
3226.60618 17.283 0.025
3226.60906 17.219 0.024
3228.59258 17.242 0.019
3228.59549 17.237 0.020
3229.62508 17.223 0.017
3229.62796 17.193 0.017
3230.65867 17.150 0.016
3230.66154 17.126 0.016
3231.56199 17.237 0.019
3231.56488 17.295 0.022
3232.58990 17.160 0.023
3238.61386 17.148 0.018
3238.65420 17.242 0.022
3239.68974 17.137 0.022
3239.69262 17.124 0.019
3240.67085 17.300 0.029
3240.67375 17.243 0.024
3245.54564 17.191 0.020
3245.54852 17.158 0.016
3246.64934 17.135 0.022
3246.65224 17.190 0.021
3247.61549 17.242 0.022
3247.61839 17.187 0.020
3249.51743 17.195 0.021
3249.52031 17.178 0.021
3250.65018 17.171 0.022
3250.65307 17.173 0.020
3251.49826 17.234 0.022
3251.59855 17.254 0.017
3251.64976 17.248 0.020
3253.51445 17.403 0.028
3253.51737 17.285 0.022
3256.62725 17.226 0.023
3256.63014 17.088 0.020
3259.61406 17.198 0.023
3264.52422 17.244 0.022
3264.52709 17.194 0.019
3267.52331 17.231 0.019
3267.52620 17.178 0.022
3272.57873 17.165 0.022
3272.58162 17.216 0.022
3275.56167 17.167 0.022
3275.56458 17.060 0.022
3278.59060 17.228 0.024
3278.59349 17.162 0.021
3281.58952 17.198 0.015
3281.60025 17.150 0.014
3288.53718 17.127 0.015
3288.54008 17.134 0.014
3293.50776 17.211 0.016
3293.51065 17.154 0.015
3295.51795 17.160 0.014
3295.52085 17.101 0.013
3305.54167 17.281 0.023
3307.54072 17.273 0.034
3309.51660 17.066 0.021
3310.52622 17.185 0.023
3314.50671 17.166 0.030
3408.88185 17.254 0.021
3408.88462 17.187 0.020
3410.87793 17.250 0.022
3410.88473 17.303 0.022
3413.88277 17.146 0.020
3413.88556 17.195 0.020
3421.88901 17.206 0.015
3421.89178 17.195 0.014
3422.85895 17.159 0.021
3422.86168 17.171 0.018
3426.85454 17.230 0.019
3426.85731 17.258 0.018
3429.82767 17.089 0.022
3429.83041 17.170 0.022
3432.87996 17.096 0.022
3432.88273 17.126 0.018
3442.88236 17.268 0.016
3442.88513 17.233 0.017
3445.79519 17.132 0.015
3445.79797 17.136 0.013
3447.84580 17.147 0.016
3447.84859 17.161 0.016
3449.85843 17.190 0.015
3449.86122 17.177 0.018
3452.87903 17.158 0.014
3452.88183 17.155 0.014
3455.81331 17.263 0.022
3455.81607 17.243 0.020
3457.84678 17.190 0.015
3457.84953 17.187 0.016
3459.84196 17.131 0.016
3459.84475 17.109 0.015
3467.87187 17.234 0.015
3469.77775 17.201 0.015
3469.78051 17.195 0.014
3470.79072 17.110 0.015
3470.79348 17.129 0.014
3472.75314 17.142 0.016
3472.75591 17.107 0.015
3473.77293 17.244 0.017
3473.77571 17.232 0.018
3474.76957 17.172 0.018
3474.77237 17.138 0.018
3475.79515 17.204 0.016
3475.79793 17.228 0.015
3477.75700 17.179 0.016
3477.75977 17.184 0.016
3479.75583 17.147 0.014
3479.75860 17.132 0.012
3480.71598 17.177 0.015
3480.71874 17.226 0.015
3481.73390 17.102 0.017
3481.73667 17.134 0.016
3482.67623 17.213 0.021
3482.67900 17.185 0.019
3496.71345 17.191 0.016
3496.71626 17.192 0.017
3497.78498 17.115 0.019
3497.78781 17.115 0.020
3498.90661 17.280 0.018
3498.91109 17.251 0.020
3499.85612 17.166 0.014
3499.85893 17.161 0.015
3500.72233 17.257 0.018
3500.72514 17.265 0.017
3501.81875 17.206 0.016
3501.82158 17.164 0.014
3502.71460 17.279 0.015
3502.71742 17.297 0.015
3503.68379 17.177 0.015
3503.68661 17.185 0.014
3504.69854 17.170 0.018
3504.70133 17.193 0.017
3506.74234 17.119 0.014
3506.74514 17.099 0.016
3508.74653 17.159 0.017
3508.74935 17.147 0.018
3509.72500 17.280 0.016
3509.72782 17.272 0.017
3510.79482 17.195 0.016
3510.79760 17.205 0.017
3511.83394 17.167 0.016
3511.83673 17.202 0.016
3512.70311 17.179 0.021
3512.70641 17.162 0.018
3517.67944 17.080 0.022
3517.68222 17.017 0.020
3520.75467 17.236 0.021
3520.75750 17.217 0.019
3521.71188 17.187 0.015
3521.71471 17.180 0.014
3522.73992 17.183 0.014
3522.74274 17.156 0.013
3522.93112 17.147 0.018
3522.93395 17.215 0.019
3523.74441 17.228 0.013
3523.74723 17.217 0.014
3524.88960 17.191 0.019
3524.89241 17.191 0.021
3525.74278 17.277 0.015
3525.74562 17.257 0.016
3526.74625 17.153 0.015
3526.74905 17.103 0.017
3528.66711 17.135 0.015
3528.66990 17.162 0.015
3529.68946 17.326 0.012
3529.69227 17.308 0.012
3530.60453 17.106 0.014
3530.60734 17.134 0.013
3537.73536 17.227 0.014
3537.73817 17.179 0.015
3538.55386 17.201 0.019
3538.60102 17.246 0.019
3538.60666 17.256 0.016
3538.63175 17.242 0.017
3538.68725 17.255 0.016
3538.73637 17.228 0.016
3538.78384 17.206 0.016
3538.81495 17.153 0.016
3538.84381 17.185 0.017
3538.87524 17.164 0.020
3538.90769 17.048 0.021
3539.51083 17.136 0.023
3539.53042 17.089 0.024
3539.56304 17.134 0.018
3539.59305 17.103 0.017
3539.60989 17.107 0.016
3539.61593 17.221 0.023
3539.68199 17.174 0.017
3539.73745 17.203 0.016
3539.80860 17.256 0.016
3540.51620 17.187 0.025
3540.61626 17.227 0.019
3540.64718 17.240 0.017
3540.73621 17.164 0.023
3540.83437 17.165 0.021
3541.63152 17.212 0.020
3541.78057 17.251 0.018
3542.56565 17.271 0.022
3542.83831 17.209 0.035
3544.61196 17.158 0.023
3544.72217 17.166 0.016
3544.72499 17.159 0.019
3546.84126 17.237 0.025
3546.84410 17.140 0.027
3547.80554 17.182 0.021
3547.80836 17.162 0.023
3549.84020 17.136 0.018
3549.84801 17.179 0.021
3550.62918 17.239 0.019
3550.63202 17.154 0.017
3551.62841 17.204 0.012
3551.63161 17.114 0.012
3552.66286 17.243 0.016
3552.66733 17.245 0.016
3553.71453 17.152 0.021
3553.71738 17.101 0.019
3554.64982 17.301 0.024
3554.65271 17.241 0.021
3555.66194 17.147 0.016
3555.66479 17.075 0.025
3556.66970 17.273 0.018
3556.67254 17.225 0.017
3558.52450 17.293 0.020
3558.52735 17.238 0.019
3558.82324 17.177 0.021
3558.82609 17.125 0.018
3559.69317 17.282 0.018
3559.69603 17.236 0.018
3560.59450 17.202 0.015
3560.59735 17.172 0.015
3561.54228 17.196 0.017
3561.54511 17.181 0.016
3562.58293 17.161 0.020
3562.58579 17.110 0.019
3563.63361 17.261 0.015
3563.63648 17.246 0.015
3564.57139 17.143 0.018
3564.57425 17.133 0.018
3569.55961 17.163 0.022
3572.81507 17.173 0.028
3573.64318 17.162 0.020
3573.64605 17.121 0.020
3574.68309 17.259 0.019
3574.68595 17.233 0.018
3575.53058 17.149 0.015
3575.53344 17.137 0.014
3575.76719 17.223 0.019
3575.77005 17.252 0.018
3576.47399 17.224 0.019
3576.50563 17.295 0.018
3576.52929 17.279 0.016
3576.53553 17.275 0.016
3576.56937 17.276 0.018
3576.59549 17.275 0.022
3576.62253 17.229 0.016
3576.65195 17.227 0.017
3576.68449 17.174 0.018
3576.68735 17.163 0.020
3576.73632 17.157 0.017
3577.52434 17.163 0.015
3577.58460 17.196 0.017
3577.58745 17.203 0.020
3577.63169 17.236 0.016
3577.70998 17.285 0.016
3578.47803 17.271 0.018
3578.55518 17.200 0.015
3578.66918 17.170 0.016
3578.67206 17.097 0.016
3579.61462 17.234 0.016
3579.61750 17.241 0.016
3580.47338 17.230 0.020
3580.61533 17.162 0.015
3580.64784 17.152 0.015
3580.65072 17.119 0.016
3580.73281 17.193 0.024
3580.77667 17.207 0.027
3581.48375 17.227 0.020
3581.55874 17.267 0.019
3581.66775 17.295 0.015
3581.67061 17.275 0.016
3581.75638 17.270 0.027
3582.46531 17.204 0.027
3582.58673 17.160 0.014
3582.63955 17.173 0.016
3582.64244 17.154 0.016
3583.46339 17.197 0.028
3583.63000 17.282 0.018
3583.63288 17.289 0.017
3583.74987 17.165 0.021
3583.75281 17.192 0.020
3583.76998 17.158 0.023
3584.63869 17.200 0.014
3584.64156 17.188 0.015
3584.75330 17.324 0.020
3584.75615 17.230 0.019
3585.62900 17.241 0.015
3585.63187 17.232 0.016
3585.77460 17.167 0.017
3586.46947 17.099 0.019
3586.56846 17.172 0.014
3586.67493 17.229 0.015
3586.71410 17.257 0.014
3586.71697 17.242 0.014
3587.59338 17.165 0.024
3587.64873 17.114 0.019
3587.71438 17.084 0.019
3588.55798 17.214 0.015
3589.49306 17.184 0.015
3589.54506 17.176 0.015
3589.66765 17.151 0.013
3589.67054 17.159 0.014
3589.69740 17.157 0.015
3590.65160 17.315 0.015
3590.65448 17.243 0.016
3591.49752 17.143 0.016
3591.54072 17.102 0.013
3591.64564 17.193 0.015
3591.67514 17.154 0.013
3591.67802 17.208 0.015
3591.75825 17.232 0.017
3592.75108 17.205 0.019
3592.75423 17.192 0.017
3593.74208 17.276 0.021
3593.74495 17.196 0.018
3594.70429 17.187 0.019
3594.70716 17.171 0.020
3601.65283 17.258 0.018
3601.65572 17.258 0.018
3601.72213 17.174 0.019
3602.61631 17.171 0.017
3603.63343 17.219 0.019
3603.63634 17.145 0.018
3607.63181 17.161 0.015
3607.63470 17.136 0.016
3608.64715 17.296 0.020
3608.65006 17.254 0.020
3609.62771 17.199 0.016
3609.63060 17.178 0.017
3615.57495 17.206 0.016
3615.57781 17.245 0.018
3618.57656 17.193 0.017
3618.57944 17.186 0.027
3620.53972 17.192 0.014
3620.54264 17.124 0.020
3622.51763 17.143 0.018
3622.52050 17.207 0.026
3628.59381 17.254 0.023
3628.59671 17.285 0.025
3630.53314 17.307 0.026
3630.53603 17.235 0.026
3632.58328 17.165 0.020
3632.58615 17.105 0.022
3634.48385 17.230 0.021
3634.48675 17.158 0.021
3639.54274 17.209 0.014
3639.54561 17.237 0.016
3641.54118 17.230 0.023
3641.54407 17.164 0.022
3644.50148 17.232 0.022
3644.50439 17.280 0.022
3648.53330 17.298 0.021
3648.53623 17.239 0.023
3650.57858 17.133 0.014
3650.58738 17.188 0.021
3654.53737 17.135 0.022
3656.51861 17.171 0.021
3656.52150 17.141 0.021
3658.55044 17.180 0.029
3658.55330 17.146 0.025
3660.52305 17.256 0.023
3660.52593 17.196 0.025
3664.49986 17.324 0.022
3664.50273 17.274 0.021
3669.52773 17.257 0.028
3675.50517 17.273 0.031
3675.50804 17.208 0.026
3675.52524 17.136 0.021
3676.49774 17.133 0.032
3776.86388 17.251 0.022
3776.86666 17.239 0.021
3782.84860 17.125 0.020
3782.85138 17.115 0.019
3784.87392 17.132 0.015
3784.87670 17.145 0.015
3786.89348 17.162 0.020
3786.89627 17.206 0.022
3788.84275 17.191 0.017
3788.84686 17.177 0.022
3790.88652 17.225 0.019
3790.88929 17.219 0.018
3793.85379 17.126 0.015
3793.85656 17.123 0.014
3795.84037 17.152 0.022
3795.84399 17.169 0.017
3798.80442 17.191 0.017
3798.80720 17.185 0.016
3799.80466 17.185 0.023
3799.83136 17.245 0.020
3800.82351 17.105 0.018
3800.82630 17.124 0.020
3801.88301 17.276 0.019
3801.88578 17.274 0.019
3802.84859 17.103 0.016
3802.85137 17.179 0.016
3803.88390 17.249 0.016
3803.88664 17.278 0.017
3805.80025 17.237 0.019
3805.80308 17.245 0.017
3806.76661 17.138 0.018
3806.76939 17.166 0.018
3807.78573 17.142 0.022
3807.78847 17.241 0.022
3808.79336 17.208 0.019
3808.79614 17.177 0.017
3809.87847 17.147 0.016
3809.88126 17.103 0.016
3810.84513 17.246 0.018
3810.84788 17.219 0.017
3811.83671 17.111 0.015
3811.83947 17.135 0.017
3812.83280 17.192 0.020
3812.83558 17.260 0.021
3813.82275 17.157 0.014
3813.82552 17.167 0.015
3814.82463 17.244 0.016
3814.82739 17.250 0.018
3817.85617 17.255 0.016
3817.85893 17.231 0.017
3818.88525 17.142 0.014
3818.88802 17.137 0.015
3819.80297 17.252 0.014
3819.80573 17.235 0.014
3820.76961 17.096 0.014
3820.77237 17.131 0.014
3821.77275 17.249 0.016
3821.77549 17.261 0.016
3822.81214 17.154 0.017
3822.81491 17.174 0.016
3822.86280 17.178 0.015
3822.88373 17.189 0.015
3822.91798 17.204 0.017
3823.74126 17.267 0.019
3823.77512 17.267 0.021
3823.79522 17.261 0.016
3823.83900 17.231 0.014
3823.88712 17.176 0.015
3823.92038 17.122 0.018
3824.73849 17.139 0.018
3824.74127 17.145 0.029
3824.82034 17.165 0.022
3824.86053 17.226 0.018
3824.89538 17.219 0.019
3825.80335 17.158 0.020
3825.80613 17.145 0.019
3825.84993 17.157 0.016
3825.88261 17.158 0.018
3825.91910 17.133 0.019
3826.73188 17.238 0.016
3826.73466 17.119 0.017
3826.77342 17.245 0.017
3826.82792 17.217 0.017
3826.90004 17.242 0.018
3827.76609 17.113 0.016
3827.79966 17.154 0.015
3827.80246 17.137 0.015
3827.85050 17.125 0.014
3827.92210 17.154 0.016
3828.73548 17.218 0.024
3828.75189 17.190 0.020
3828.79947 17.205 0.020
3828.86375 17.300 0.018
3828.91913 17.287 0.020
3829.73331 17.144 0.015
3829.75931 17.128 0.016
3829.77952 17.135 0.027
3829.84867 17.137 0.015
3829.89464 17.174 0.015
3829.92346 17.198 0.018
3830.69453 17.234 0.019
3830.69838 17.226 0.021
3830.70868 17.258 0.017
3830.73142 17.202 0.018
3830.74754 17.232 0.015
3830.76319 17.271 0.016
3830.77736 17.278 0.015
3830.79213 17.276 0.018
3830.80630 17.277 0.017
3830.82027 17.245 0.016
3830.83216 17.268 0.017
3830.84383 17.274 0.015
3830.85761 17.240 0.025
3830.86987 17.257 0.016
3830.88120 17.245 0.016
3830.89251 17.212 0.015
3830.90230 17.212 0.015
3830.91349 17.226 0.016
3830.92325 17.218 0.018
3830.92650 17.163 0.020
3831.69282 17.161 0.016
3831.70232 17.103 0.014
3831.71506 17.134 0.014
3831.72433 17.146 0.013
3831.72722 17.147 0.013
3831.73049 17.145 0.013
3831.73328 17.114 0.013
3831.73606 17.150 0.013
3831.73915 17.134 0.013
3831.74194 17.136 0.013
3831.74473 17.153 0.013
3831.74789 17.146 0.013
3831.75069 17.167 0.014
3831.75349 17.140 0.014
3831.75671 17.147 0.013
3831.75945 17.140 0.013
3831.76226 17.162 0.013
3831.76573 17.162 0.013
3831.76901 17.171 0.013
3831.77236 17.173 0.013
3831.77516 17.155 0.013
3831.77794 17.151 0.013
3831.78134 17.184 0.013
3831.78451 17.148 0.013
3831.78811 17.150 0.013
3831.79136 17.161 0.014
3831.79413 17.178 0.014
3831.79693 17.133 0.019
3831.80037 17.153 0.016
3831.80352 17.176 0.014
3831.80663 17.170 0.016
3831.80942 17.159 0.014
3831.81220 17.130 0.019
3831.81540 17.119 0.026
3831.81820 17.190 0.018
3831.82100 17.218 0.023
3831.82421 17.167 0.027
3831.82701 17.162 0.016
3831.82981 17.182 0.016
3831.83338 17.149 0.016
3831.83682 17.161 0.015
3831.83960 17.176 0.015
3831.84239 17.184 0.016
3831.84590 17.195 0.015
3831.84895 17.199 0.016
3831.85173 17.207 0.016
3831.85453 17.179 0.015
3831.85733 17.188 0.016
3831.86047 17.199 0.016
3831.86326 17.198 0.016
3831.86606 17.161 0.016
3831.87571 17.210 0.016
3831.88127 17.179 0.016
3831.88685 17.198 0.015
3831.89242 17.200 0.016
3831.90378 17.187 0.015
3831.91135 17.220 0.015
3831.91778 17.230 0.015
3831.92417 17.228 0.017
3831.92728 17.226 0.019
3831.93025 17.208 0.026
3832.69746 17.225 0.021
3832.70964 17.173 0.029
3832.71309 17.227 0.021
3832.73347 17.243 0.016
3832.77960 17.262 0.016
3832.82546 17.209 0.016
3832.86883 17.188 0.016
3832.91484 17.143 0.017
3833.69203 17.127 0.017
3833.71386 17.125 0.014
3833.73818 17.163 0.014
3833.75941 17.151 0.015
3833.78086 17.176 0.014
3833.82362 17.233 0.014
3833.84562 17.191 0.014
3833.87403 17.236 0.016
3833.90449 17.230 0.017
3833.92084 17.252 0.018
3834.69807 17.243 0.020
3834.71734 17.275 0.023
3834.73841 17.172 0.018
3834.74118 17.245 0.018
3834.79019 17.183 0.014
3834.87001 17.120 0.015
3834.90943 17.169 0.016
3834.91248 17.138 0.018
3835.70754 17.153 0.016
3835.73421 17.218 0.020
3835.77773 17.214 0.016
3835.85155 17.261 0.014
3835.88133 17.263 0.015
3835.92110 17.298 0.017
3836.70365 17.169 0.023
3836.76245 17.150 0.021
3836.76522 17.127 0.018
3836.80968 17.069 0.021
3836.84025 17.138 0.015
3836.89700 17.157 0.017
3837.70232 17.212 0.023
3837.72981 17.214 0.019
3837.73259 17.235 0.019
3837.90155 17.278 0.016
3837.90433 17.261 0.016
3838.74155 17.127 0.021
3838.74437 17.126 0.020
3838.90888 17.220 0.021
3838.91167 17.165 0.022
3839.73736 17.228 0.023
3839.74014 17.264 0.025
3839.81869 17.285 0.019
3839.86286 17.286 0.024
3839.92328 17.225 0.019
3840.70334 17.111 0.021
3840.70612 17.141 0.019
3840.78725 17.186 0.017
3840.90827 17.220 0.017
3840.91107 17.205 0.018
3841.74188 17.264 0.020
3841.74464 17.301 0.019
3841.83337 17.216 0.018
3841.89247 17.161 0.016
3841.89524 17.155 0.018
3842.84379 17.188 0.016
3842.84722 17.211 0.017
3845.71737 17.162 0.026
3845.72015 17.218 0.029
3845.90517 17.188 0.023
3845.90886 17.114 0.023
3846.72807 17.213 0.016
3846.73085 17.240 0.015
3846.91239 17.249 0.016
3846.91520 17.282 0.018
3847.79422 17.189 0.022
3847.79698 17.128 0.020
3848.74917 17.272 0.021
3848.75195 17.233 0.020
3848.92861 17.184 0.023
3849.74825 17.164 0.016
3849.75102 17.136 0.015
3849.92157 17.256 0.030
3850.69229 17.266 0.018
3850.69508 17.262 0.015
3850.86400 17.135 0.015
3850.86679 17.178 0.016
3851.70743 17.179 0.024
3851.71023 17.138 0.017
3851.87228 17.255 0.018
3851.87509 17.236 0.019
3851.91844 17.285 0.019
3851.92125 17.223 0.020
3852.69601 17.257 0.023
3852.69879 17.214 0.021
3852.86638 17.155 0.016
3852.87008 17.136 0.017
3853.68444 17.197 0.016
3853.68722 17.201 0.014
3853.85277 17.249 0.014
3853.85556 17.280 0.015
3853.92352 17.303 0.015
3853.92630 17.263 0.015
3854.74827 17.158 0.014
3856.67448 17.136 0.016
3856.67728 17.145 0.014
3856.84124 17.174 0.017
3856.84401 17.124 0.015
3857.91215 17.162 0.015
3857.91495 17.174 0.017
3858.76087 17.187 0.013
3858.76365 17.154 0.013
3859.79907 17.240 0.015
3859.80186 17.235 0.016
3860.66753 17.143 0.020
3860.67032 17.141 0.018
3860.90742 17.233 0.020
3860.91020 17.243 0.020
3861.66497 17.237 0.020
3861.66778 17.216 0.031
3861.77023 17.169 0.015
3861.77301 17.166 0.015
3861.93348 17.147 0.016
3861.93627 17.139 0.018
3862.69836 17.188 0.016
3862.70115 17.179 0.015
3862.86233 17.249 0.015
3862.86513 17.260 0.016
3863.63379 17.195 0.021
3863.63658 17.237 0.018
3863.85142 17.139 0.014
3863.85422 17.107 0.024
3863.93072 17.190 0.017
3863.93351 17.175 0.017
3864.67432 17.216 0.020
3864.67711 17.228 0.018
3864.86432 17.279 0.014
3864.86713 17.310 0.016
3865.68511 17.137 0.017
3865.68793 17.133 0.016
3865.82060 17.176 0.016
3865.82339 17.170 0.016
3865.89859 17.160 0.014
3865.90139 17.201 0.016
3866.68353 17.242 0.016
3866.68633 17.230 0.016
3866.82304 17.290 0.018
3866.82582 17.264 0.017
3866.90194 17.193 0.016
3866.90472 17.210 0.015
3867.62645 17.097 0.019
3867.62923 17.164 0.021
3867.81208 17.205 0.017
3867.81489 17.192 0.019
3867.88514 17.247 0.016
3867.88795 17.239 0.017
3868.70952 17.322 0.022
3868.71231 17.239 0.030
3868.85477 17.151 0.018
3868.86399 17.132 0.022
3869.68929 17.159 0.018
3869.69210 17.186 0.016
3869.87029 17.242 0.020
3869.87310 17.194 0.020
3872.88665 17.203 0.016
3872.88947 17.178 0.017
3873.64160 17.173 0.017
3873.64441 17.248 0.017
3873.78430 17.282 0.018
3873.78712 17.276 0.018
3873.85707 17.309 0.019
3873.85985 17.279 0.020
3873.92662 17.213 0.017
3873.92942 17.202 0.019
3874.74127 17.118 0.018
3874.74408 17.105 0.024
3875.65497 17.268 0.015
3875.65777 17.238 0.013
3875.80246 17.251 0.014
3875.80525 17.282 0.015
3875.90137 17.171 0.015
3875.90419 17.192 0.016
3876.63222 17.126 0.014
3876.63502 17.140 0.014
3877.63034 17.265 0.016
3877.63314 17.245 0.020
3877.78104 17.203 0.015
3877.78382 17.186 0.014
3877.85555 17.105 0.014
3877.85836 17.137 0.015
3877.94175 17.107 0.028
3879.66177 17.249 0.015
3879.66460 17.215 0.012
3880.83117 17.291 0.019
3880.83400 17.286 0.020
3880.90999 17.305 0.019
3880.91278 17.319 0.019
3881.66036 17.193 0.017
3881.66319 17.188 0.015
3881.87189 17.173 0.014
3881.87469 17.168 0.015
3881.91865 17.190 0.015
3881.92144 17.194 0.015
3882.74867 17.346 0.020
3882.75148 17.247 0.017
3882.82290 17.327 0.019
3882.82572 17.279 0.018
3882.89179 17.234 0.016
3882.89458 17.243 0.016
3883.63808 17.124 0.020
3883.64089 17.116 0.017
3883.83290 17.195 0.015
3883.83854 17.173 0.015
3886.60016 17.256 0.019
3886.60296 17.234 0.017
3886.79289 17.198 0.014
3886.79572 17.180 0.016
3886.86476 17.135 0.016
3886.86759 17.128 0.018
3887.57346 17.112 0.018
3887.57628 17.172 0.017
3887.77601 17.224 0.015
3887.77883 17.252 0.016
3887.87567 17.272 0.018
3887.87851 17.250 0.017
3888.59233 17.224 0.015
3889.65596 17.171 0.016
3889.65877 17.184 0.015
3889.93701 17.274 0.018
3890.63145 17.189 0.016
3890.63801 17.179 0.015
3891.66555 17.226 0.016
3891.66836 17.251 0.018
3891.79383 17.303 0.023
3891.79664 17.295 0.020
3891.87580 17.253 0.019
3891.87862 17.259 0.018
3892.56716 17.194 0.022
3892.56996 17.187 0.018
3892.93307 17.277 0.023
3893.61656 17.257 0.021
3893.61937 17.218 0.018
3893.85840 17.209 0.020
3893.86123 17.177 0.021
3894.66979 17.117 0.022
3894.67263 17.206 0.025
3896.60739 17.135 0.024
3896.61021 17.110 0.021
3900.52871 17.129 0.024
3900.53154 17.160 0.023
3900.71437 17.237 0.025
3900.71721 17.253 0.030
3900.79371 17.280 0.019
3900.79651 17.319 0.020
3900.86232 17.227 0.020
3900.86518 17.263 0.018
3901.53883 17.182 0.019
3901.54164 17.180 0.016
3901.72014 17.132 0.016
3901.72296 17.136 0.017
3901.79741 17.185 0.020
3901.80026 17.175 0.020
3901.86635 17.210 0.021
3901.86919 17.177 0.017
3902.55896 17.202 0.017
3902.56432 17.195 0.015
3902.74101 17.271 0.016
3902.74384 17.320 0.018
3902.85520 17.182 0.019
3902.86280 17.161 0.019
3903.64917 17.116 0.018
3903.65200 17.204 0.017
3903.89484 17.294 0.024
3903.89770 17.253 0.021
3904.54975 17.259 0.018
3904.55258 17.187 0.027
3904.71284 17.285 0.015
3904.71569 17.267 0.016
3904.78181 17.166 0.015
3904.78472 17.157 0.015
3904.88405 17.167 0.017
3904.88687 17.160 0.016
3905.54658 17.115 0.016
3905.54940 17.141 0.014
3905.72317 17.218 0.014
3905.72600 17.199 0.014
3905.79327 17.224 0.014
3905.79609 17.221 0.015
3905.86181 17.260 0.016
3905.86464 17.225 0.016
3906.56110 17.257 0.021
3906.56391 17.278 0.019
3906.70090 17.207 0.016
3906.70373 17.180 0.016
3906.77404 17.180 0.016
3906.77686 17.157 0.017
3906.85326 17.122 0.017
3906.85606 17.106 0.016
3907.59185 17.149 0.017
3907.59466 17.155 0.017
3907.77409 17.227 0.022
3907.77690 17.221 0.022
3907.85863 17.302 0.028
3907.86146 17.300 0.026
3908.52688 17.280 0.020
3908.53081 17.269 0.018
3908.71359 17.119 0.016
3908.71642 17.130 0.016
3908.79365 17.168 0.016
3908.79650 17.176 0.016
3908.87327 17.185 0.020
3908.87610 17.137 0.016
3908.88482 17.202 0.019
3909.52970 17.182 0.021
3909.53255 17.149 0.017
3909.71251 17.255 0.014
3909.71536 17.250 0.014
3909.80300 17.313 0.016
3909.80585 17.279 0.029
3909.87925 17.226 0.019
3909.88209 17.244 0.018
3910.55917 17.198 0.022
3910.56201 17.110 0.017
3912.52899 17.158 0.014
3912.53181 17.118 0.012
3912.71629 17.165 0.013
3912.71911 17.202 0.013
3912.81018 17.220 0.015
3912.81298 17.218 0.015
3913.52043 17.214 0.015
3913.52327 17.239 0.014
3913.72582 17.218 0.016
3913.72868 17.178 0.016
3913.81478 17.142 0.014
3913.81763 17.158 0.014
3914.54418 17.076 0.017
3914.54703 17.156 0.018
3914.78539 17.232 0.016
3915.52197 17.255 0.020
3915.52479 17.263 0.018
3915.72396 17.187 0.015
3915.72677 17.161 0.015
3915.82214 17.147 0.015
3915.82500 17.119 0.014
3916.56066 17.174 0.021
3916.56350 17.215 0.032
3916.80451 17.279 0.023
3916.80737 17.297 0.020
3917.54833 17.203 0.019
3917.55117 17.181 0.017
3917.81506 17.197 0.022
3917.81791 17.171 0.019
3918.59191 17.192 0.015
3918.81282 17.261 0.022
3918.81566 17.277 0.021
3919.53957 17.144 0.018
3919.54241 17.221 0.031
3919.74957 17.140 0.013
3919.75241 17.182 0.014
3920.50727 17.172 0.018
3920.51012 17.221 0.017
3920.70334 17.293 0.020
3920.70621 17.302 0.020
3920.78874 17.222 0.015
3920.79156 17.214 0.015
3921.50345 17.138 0.018
3921.50629 17.164 0.017
3921.70269 17.112 0.023
3921.70554 17.102 0.023
3921.71716 17.233 0.025
3921.72000 17.117 0.023
3922.70712 17.276 0.023
3922.70997 17.244 0.022
3930.52818 17.079 0.015
3930.53762 17.143 0.014
3930.78216 17.230 0.023
3930.78501 17.238 0.023
3931.49269 17.198 0.021
3931.49555 17.204 0.020
3931.80961 17.127 0.023
3931.82270 17.175 0.020
3932.52357 17.149 0.016
3932.52644 17.185 0.016
3932.79533 17.250 0.021
3932.79819 17.259 0.021
3933.51006 17.280 0.018
3933.51288 17.244 0.016
3933.69445 17.123 0.013
3933.69729 17.164 0.014
3933.76643 17.140 0.014
3933.76931 17.083 0.015
3934.48388 17.149 0.016
3934.48675 17.152 0.016
3934.65393 17.232 0.015
3934.65679 17.228 0.015
3934.72375 17.266 0.015
3934.72662 17.198 0.014
3935.53380 17.278 0.020
3935.53665 17.222 0.017
3935.70508 17.166 0.020
3935.70795 17.115 0.020
3935.80267 17.169 0.020
3935.80551 17.143 0.017
3936.48720 17.162 0.020
3936.49004 17.123 0.018
3936.65264 17.239 0.016
3936.65553 17.268 0.017
3936.72903 17.294 0.020
3936.73190 17.234 0.019
3937.55147 17.148 0.023
3937.55431 17.101 0.022
3938.49489 17.174 0.022
3938.49782 17.158 0.027
3938.68585 17.292 0.019
3938.68874 17.213 0.017
3938.79796 17.172 0.020
3940.57518 17.290 0.014
3940.57805 17.290 0.015
3941.69619 17.284 0.023
3941.69904 17.168 0.025
3944.54750 17.218 0.015
3944.55038 17.203 0.017
3944.74786 17.187 0.016
3944.75072 17.089 0.013
3945.50886 17.213 0.019
3945.51209 17.219 0.019
3945.77859 17.285 0.018
3946.50661 17.272 0.023
3946.50948 17.177 0.018
3946.69878 17.150 0.016
3946.70167 17.156 0.017
3950.51554 17.159 0.016
3950.51836 17.163 0.016
3950.73056 17.290 0.020
3950.73340 17.223 0.017
3951.50824 17.228 0.020
3951.51106 17.332 0.026
3951.73952 17.151 0.023
3951.74233 17.124 0.025
3955.68501 17.179 0.035
3956.56076 17.329 0.027
3956.56358 17.218 0.024
3957.49986 17.120 0.018
3957.50269 17.109 0.021
3958.57061 17.297 0.019
3958.57350 17.270 0.019
3959.50341 17.135 0.018
3959.50625 17.134 0.017
3959.67785 17.263 0.019
3959.68067 17.225 0.017
3960.49270 17.261 0.016
3960.49552 17.291 0.017
3960.67174 17.163 0.014
3960.67458 17.149 0.014
3961.56400 17.219 0.021
3961.56682 17.189 0.020
3963.52530 17.214 0.017
3963.52813 17.220 0.017
3963.70267 17.315 0.021
3963.70552 17.275 0.019
3964.52039 17.164 0.015
3964.52323 17.162 0.015
3964.72811 17.184 0.017
3965.50484 17.230 0.015
3965.50767 17.225 0.015
3965.69614 17.264 0.018
3965.69897 17.253 0.017
3966.48002 17.173 0.017
3966.48285 17.118 0.018
3966.68176 17.249 0.020
3966.68461 17.199 0.019
3967.51439 17.237 0.023
3967.51722 17.191 0.021
3967.70721 17.233 0.020
3967.71002 17.197 0.017
3968.49247 17.193 0.020
3968.49534 17.185 0.020
3968.57205 17.181 0.018
3968.66241 17.204 0.016
3968.66525 17.175 0.029
3969.47414 17.270 0.022
3969.47696 17.327 0.022
3969.67478 17.188 0.019
3969.67764 17.120 0.019
3970.50321 17.187 0.021
3970.50608 17.163 0.021
3970.68177 17.266 0.019
3970.68464 17.226 0.017
3971.54714 17.217 0.022
3971.54996 17.068 0.020
3973.56523 17.175 0.021
3973.56806 17.044 0.019
3974.50258 17.270 0.021
3974.50540 17.230 0.020
3974.68840 17.229 0.021
3975.50549 17.141 0.017
3975.50832 17.142 0.016
3975.68018 17.191 0.019
3976.50002 17.266 0.016
3976.50287 17.294 0.016
3976.67889 17.222 0.021
3979.50230 17.184 0.029
3979.50514 17.110 0.037
3982.56293 17.126 0.016
3982.56575 17.106 0.023
3983.51661 17.253 0.028
3983.51944 17.216 0.027
3986.57735 17.225 0.023
3986.58020 17.162 0.019
3987.49973 17.265 0.020
3987.50256 17.238 0.019
3988.50553 17.199 0.016
3988.50840 17.186 0.016
3989.52320 17.220 0.019
3989.52606 17.192 0.018
3989.59339 17.080 0.020
3989.65912 17.143 0.023
3990.54007 17.218 0.021
3990.54287 17.229 0.022
3990.60769 17.224 0.020
3990.63502 17.232 0.019
3990.66921 17.307 0.021
3991.49582 17.142 0.022
3991.49865 17.090 0.020
3991.64194 17.155 0.019
3993.54752 17.177 0.021
3993.55037 17.141 0.026
3994.55816 17.313 0.023
3994.56103 17.220 0.020
3995.56575 17.186 0.015
3995.56860 17.158 0.016
3999.58099 17.249 0.021
3999.58387 17.208 0.018
4002.48924 17.174 0.016
4002.49208 17.185 0.017
4003.48671 17.264 0.018
4003.48958 17.304 0.017
4004.52089 17.146 0.015
4004.52370 17.193 0.015
4006.51381 17.249 0.019
4006.51665 17.196 0.018
4012.49369 17.334 0.024
4012.49654 17.238 0.025
4016.50936 17.203 0.021
4016.51218 17.151 0.020
4018.54560 17.102 0.021
4018.54847 17.041 0.019
4020.53238 17.182 0.020
4020.53521 17.178 0.020
4023.53270 17.198 0.023
4023.53555 17.206 0.021
4025.55494 17.168 0.020
4028.49433 17.187 0.022
4031.49442 17.164 0.023
4036.52989 17.104 0.023
4038.49695 17.176 0.030
4038.49978 16.999 0.023
4040.51131 17.099 0.024
4040.51413 17.091 0.024
4041.49353 17.365 0.039
4041.49634 17.309 0.036
4043.50374 17.178 0.027
4043.50658 17.127 0.023
4141.87150 17.117 0.019
4141.87425 17.140 0.020
4143.88868 17.168 0.025
4143.89158 17.175 0.029
4150.88669 17.155 0.021
4150.88943 17.119 0.020
4153.87460 17.188 0.020
4153.87732 17.203 0.020
4156.85304 17.211 0.022
4156.85575 17.200 0.023
4158.87261 17.245 0.020
4158.87533 17.266 0.023
4161.84059 17.147 0.020
4161.84330 17.166 0.024
4163.80945 17.158 0.020
4163.82343 17.164 0.021
4163.82618 17.211 0.021
4165.80480 17.154 0.026
4165.80755 17.239 0.045
4168.79813 17.095 0.018
4168.80086 17.124 0.020
4170.79398 17.156 0.030
4170.79671 17.133 0.030
4175.78462 17.122 0.020
4175.78733 17.139 0.022
4176.89600 17.299 0.019
4176.89869 17.287 0.019
4178.79973 17.267 0.019
4178.80243 17.244 0.020
4179.84407 17.166 0.017
4179.84679 17.182 0.018
4181.78041 17.178 0.022
4181.78315 17.173 0.020
4182.82543 17.148 0.016
4182.82815 17.139 0.017
4183.86156 17.257 0.021
4183.86427 17.238 0.021
4184.90217 17.146 0.015
4184.90489 17.125 0.016
4189.81336 17.214 0.026
4189.83630 17.169 0.024
4191.80246 17.176 0.025
4191.80518 17.142 0.024
4193.73681 17.121 0.027
4193.73955 17.158 0.027
4194.78234 17.262 0.021
4194.78508 17.256 0.021
4196.77248 17.232 0.023
4196.77521 17.242 0.024
4202.75398 17.149 0.016
4202.75669 17.149 0.018
4203.74198 17.211 0.016
4203.74471 17.204 0.016
4204.73427 17.122 0.018
4204.73698 17.147 0.018
4204.91660 17.195 0.017
4204.91930 17.173 0.017
4205.73080 17.253 0.021
4205.73353 17.254 0.020
4207.72026 17.262 0.021
4207.72299 17.255 0.020
4208.74233 17.186 0.019
4208.74507 17.170 0.020
4211.78649 17.116 0.021
4211.78923 17.134 0.021
4212.86368 17.305 0.028
4212.86641 17.249 0.026
4213.70688 17.123 0.022
4213.70960 17.130 0.022
4213.91044 17.211 0.017
4213.91318 17.180 0.017
4215.73959 17.138 0.018
4215.74231 17.152 0.020
4216.69737 17.265 0.023
4216.70011 17.257 0.022
4216.92176 17.123 0.020
4216.92447 17.152 0.019
4217.70481 17.140 0.017
4217.70755 17.175 0.017
4217.90843 17.256 0.016
4217.91117 17.255 0.017
4218.75443 17.167 0.025
4218.75716 17.178 0.023
4219.75258 17.201 0.022
4219.75533 17.210 0.020
4220.69458 17.142 0.021
4220.70006 17.161 0.022
4222.66330 17.107 0.024
4222.66603 17.141 0.025
4222.91079 17.171 0.023
4222.91352 17.189 0.020
4224.77952 17.143 0.021
4224.78224 17.214 0.020
4228.67496 17.157 0.020
4228.67769 17.193 0.019
4228.90853 17.270 0.025
4228.91127 17.280 0.024
4229.66860 17.189 0.022
4229.67133 17.194 0.022
4229.86559 17.155 0.018
4229.86831 17.176 0.019
4229.93276 17.218 0.021
4229.93550 17.196 0.021
4230.67833 17.238 0.019
4230.68107 17.218 0.020
4230.86638 17.299 0.022
4230.86912 17.287 0.022
4230.93125 17.169 0.025
4230.93399 17.194 0.028
4231.62065 17.158 0.023
4231.62340 17.190 0.021
4231.76485 17.167 0.017
4231.76761 17.119 0.017
4231.88907 17.197 0.022
4231.89179 17.200 0.021
4231.93217 17.208 0.023
4231.93490 17.234 0.023
4232.67273 17.249 0.026
4232.67545 17.244 0.026
4232.83373 17.210 0.028
4232.83648 17.206 0.027
4233.80450 17.198 0.022
4233.80725 17.140 0.022
4234.70615 17.262 0.021
4234.70891 17.294 0.021
4235.63422 17.136 0.018
4235.63696 17.131 0.019
4235.79542 17.202 0.016
4235.79816 17.211 0.018
4235.88783 17.273 0.020
4235.89058 17.248 0.019
4238.62007 17.240 0.028
4238.62283 17.198 0.029
4238.87252 17.166 0.022
4238.87527 17.194 0.021
4239.62101 17.238 0.024
4239.62372 17.191 0.022
4240.67422 17.127 0.015
4240.67695 17.120 0.018
4240.80858 17.141 0.018
4240.81133 17.165 0.020
4243.64003 17.243 0.023
4243.64276 17.242 0.022
4243.73272 17.246 0.019
4243.73547 17.248 0.024
4243.82647 17.177 0.022
4243.82923 17.148 0.021
4243.94389 17.153 0.031
4244.61240 17.129 0.023
4244.61516 17.123 0.025
4244.70861 17.199 0.017
4244.71136 17.172 0.018
4244.80142 17.223 0.020
4244.80419 17.219 0.021
4244.91326 17.258 0.022
4244.91602 17.277 0.022
4245.60547 17.268 0.021
4245.60820 17.208 0.020
4245.69937 17.200 0.016
4245.70212 17.204 0.017
4245.79521 17.155 0.016
4245.79797 17.140 0.016
4246.66378 17.164 0.017
4246.66654 17.178 0.023
4246.75668 17.217 0.022
4246.75941 17.234 0.023
4246.84997 17.261 0.023
4246.85272 17.258 0.022
4247.67899 17.163 0.018
4247.68174 17.155 0.019
4247.81687 17.161 0.017
4247.82259 17.156 0.018
4250.72715 17.274 0.021
4250.72988 17.269 0.021
4251.79870 17.148 0.034
4251.80147 17.149 0.032
4256.61483 17.151 0.024
4256.61760 17.200 0.022
4256.76085 17.126 0.025
4256.76362 17.122 0.022
4256.85866 17.216 0.031
4256.86143 17.143 0.029
4257.64651 17.226 0.024
4257.64927 17.236 0.024
4258.63030 17.125 0.022
4258.63292 17.117 0.024
4258.75282 17.139 0.020
4258.75541 17.155 0.020
4258.84690 17.171 0.022
4258.84951 17.206 0.023
4267.59089 17.133 0.024
4267.59350 17.137 0.021
4268.55408 17.208 0.024
4268.55670 17.207 0.021
4268.83697 17.169 0.018
4268.83957 17.182 0.020
4269.57333 17.136 0.020
4269.57593 17.127 0.019
4269.69385 17.175 0.017
4269.69646 17.150 0.017
4269.78310 17.189 0.020
4269.78570 17.184 0.016
4270.56684 17.222 0.020
4270.56946 17.215 0.020
4272.59518 17.223 0.017
4272.59781 17.269 0.018
4272.74435 17.127 0.016
4272.74695 17.139 0.017
4272.80358 17.121 0.016
4272.80620 17.159 0.016
4272.87511 17.176 0.025
4272.87774 17.184 0.025
4273.61232 17.170 0.024
4273.61494 17.177 0.025
4273.79297 17.223 0.025
4273.79560 17.215 0.024
4273.85674 17.261 0.027
4274.54497 17.207 0.024
4274.54757 17.243 0.023
4274.69728 17.139 0.018
4274.69991 17.125 0.020
4274.75985 17.119 0.017
4274.76248 17.156 0.020
4274.81825 17.159 0.021
4274.82088 17.133 0.019
4275.59741 17.205 0.019
4275.60002 17.214 0.019
4275.77274 17.275 0.023
4275.77537 17.272 0.022
4275.83384 17.259 0.026
4276.58216 17.148 0.021
4276.58481 17.166 0.021
4277.52596 17.184 0.023
4277.52860 17.185 0.025
4277.70155 17.283 0.020
4277.70549 17.257 0.020
4277.76157 17.270 0.026
4277.76419 17.274 0.024
4277.82020 17.208 0.027
4277.82283 17.232 0.027
4278.56317 17.094 0.025
4278.57236 17.156 0.025
4278.74704 17.184 0.026
4278.74964 17.175 0.023
4278.82606 17.289 0.031
4278.82870 17.162 0.033
4283.50538 17.301 0.026
4283.50801 17.245 0.025
4283.72571 17.151 0.023
4283.72834 17.117 0.023
4284.50036 17.139 0.022
4284.50297 17.160 0.022
4284.69050 17.271 0.023
4284.69312 17.232 0.024
4284.75326 17.294 0.021
4284.75590 17.267 0.021
4284.81220 17.259 0.024
4284.81484 17.230 0.023
4285.50341 17.197 0.028
4285.50605 17.173 0.026
4285.69153 17.167 0.022
4285.69418 17.138 0.022
4285.75798 17.195 0.020
4285.76062 17.134 0.018
4285.82331 17.230 0.023
4285.82594 17.210 0.023
4286.50313 17.188 0.023
4286.50575 17.174 0.023
4286.80030 17.223 0.027
4286.80293 17.153 0.021
4289.51092 17.116 0.023
4289.51356 17.132 0.024
4289.72949 17.197 0.022
4289.73212 17.227 0.022
4289.79460 17.250 0.023
4289.79724 17.248 0.022
4290.55726 17.267 0.027
4290.55988 17.255 0.025
4291.61985 17.188 0.021
4291.62250 17.205 0.018
4291.78520 17.211 0.026
4292.48553 17.253 0.020
4292.48816 17.241 0.019
4292.66468 17.152 0.016
4292.66732 17.151 0.019
4292.72329 17.135 0.016
4292.72592 17.150 0.017
4292.78183 17.136 0.017
4292.78445 17.158 0.016
4293.46379 17.134 0.026
4293.48584 17.162 0.018
4293.48847 17.189 0.019
4293.52666 17.203 0.019
4293.67020 17.272 0.020
4293.71043 17.303 0.019
4293.71307 17.295 0.027
4293.76923 17.274 0.020
4294.48500 17.183 0.021
4294.48765 17.203 0.019
4295.49211 17.200 0.022
4295.49476 17.193 0.019
4295.69012 17.283 0.019
4295.69278 17.256 0.017
4295.74874 17.286 0.019
4295.75137 17.246 0.017
4296.48907 17.188 0.023
4296.49173 17.169 0.019
4296.68177 17.185 0.019
4296.68443 17.165 0.017
4296.79993 17.235 0.020
4296.81270 17.213 0.023
4297.50870 17.249 0.023
4297.51134 17.262 0.022
4297.71029 17.211 0.017
4297.71294 17.196 0.017
4298.54358 17.157 0.024
4298.54621 17.147 0.023
4298.64932 17.208 0.022
4298.65195 17.160 0.020
4298.74890 17.268 0.024
4298.75155 17.203 0.024
4299.52661 17.258 0.019
4299.52924 17.276 0.019
4299.61958 17.252 0.020
4299.62223 17.232 0.018
4299.71180 17.165 0.017
4299.71442 17.174 0.018
4299.80254 17.158 0.023
4299.80517 17.163 0.023
4300.52226 17.177 0.020
4300.52491 17.157 0.019
4300.64236 17.193 0.017
4300.64499 17.211 0.018
4300.74051 17.261 0.020
4301.51313 17.265 0.019
4301.51578 17.258 0.019
4301.60891 17.182 0.016
4301.61155 17.167 0.016
4301.70750 17.146 0.018
4301.71129 17.137 0.018
4301.79987 17.171 0.017
4301.80251 17.168 0.017
4302.58611 17.216 0.019
4302.58876 17.200 0.020
4302.68896 17.285 0.023
4303.67135 17.150 0.023
4303.67480 17.131 0.023
4304.54623 17.225 0.025
4304.54890 17.208 0.032
4304.65633 17.282 0.026
4304.65959 17.122 0.029
4306.63020 17.294 0.024
4306.63285 17.275 0.022
4306.68565 17.214 0.022
4310.60943 17.227 0.027
4310.61207 17.157 0.022
4311.75808 17.389 0.037
4311.76074 17.320 0.033
4312.54171 17.190 0.023
4312.54435 17.142 0.023
4312.74016 17.167 0.021
4312.74280 17.172 0.019
4315.63268 17.279 0.028
4315.63534 17.209 0.024
4316.70852 17.266 0.022
4317.55392 17.285 0.020
4317.55659 17.285 0.019
4319.51120 17.277 0.024
4319.51385 17.259 0.027
4319.76870 17.158 0.021
4320.53802 17.221 0.020
4320.54067 17.233 0.019
4320.59554 17.270 0.022
4320.77207 17.217 0.027
4326.50525 17.290 0.021
4326.50790 17.297 0.022
4326.70510 17.149 0.023
4327.58349 17.217 0.028
4327.58629 17.163 0.025
4327.72477 17.249 0.026
4327.72759 17.277 0.029
4328.51025 17.268 0.025
4328.51309 17.229 0.023
4328.69113 17.152 0.022
4329.52041 17.228 0.023
4329.52309 17.216 0.022
4329.67097 17.256 0.024
4330.49120 17.191 0.020
4330.49401 17.183 0.021
4330.68444 17.180 0.020
4330.68727 17.183 0.019
4331.47127 17.231 0.032
4331.47409 17.179 0.027
4331.68012 17.175 0.024
4331.68295 17.221 0.025
4332.50104 17.111 0.017
4332.50388 17.133 0.018
4333.52212 17.246 0.022
4333.52495 17.175 0.023
4333.68329 17.174 0.021
4333.68609 17.205 0.021
4334.49550 17.172 0.049
4334.49833 17.152 0.053
4334.62373 17.252 0.040
4334.62657 17.191 0.041
4338.49538 17.198 0.023
4338.49820 17.195 0.025
4339.47272 17.204 0.029
4339.47556 17.221 0.027
4339.68913 17.200 0.028
4339.69197 17.150 0.025
4340.58777 17.243 0.024
4340.59585 17.234 0.023
4341.49604 17.130 0.025
4341.49886 17.178 0.039
4342.52524 17.286 0.024
4342.52808 17.284 0.022
4343.50109 17.147 0.016
4343.50688 17.131 0.016
4344.53225 17.332 0.030
4344.53510 17.184 0.025
4345.49714 17.182 0.016
4345.49997 17.154 0.018
4346.51016 17.200 0.022
4346.51297 17.212 0.022
4347.52487 17.247 0.024
4347.52770 17.198 0.022
4349.48608 17.246 0.025
4349.48892 17.177 0.023
4350.53316 17.152 0.018
4350.53598 17.132 0.019
4351.49905 17.268 0.021
4351.50187 17.252 0.020
4352.54961 17.205 0.025
4352.55243 17.173 0.025
4353.50297 17.289 0.020
4353.50579 17.286 0.021
4354.53167 17.213 0.020
4354.53451 17.181 0.018
4355.53329 17.212 0.022
4355.53613 17.176 0.019
4356.49967 17.207 0.020
4356.50250 17.192 0.020
4357.52873 17.132 0.024
4357.53158 17.130 0.024
4358.48524 17.250 0.027
4358.49461 17.162 0.031
4359.52932 17.165 0.023
4359.53217 17.170 0.020
4360.51675 17.398 0.032
4360.51960 17.312 0.028
4361.56211 17.179 0.027
4361.56492 17.138 0.028
4362.50384 17.298 0.025
4362.50666 17.273 0.024
4365.55468 17.253 0.029
4365.55748 17.220 0.029
4367.48077 17.210 0.023
4367.48358 17.255 0.022
4368.52437 17.147 0.024
4368.52723 17.127 0.036
4369.60376 17.261 0.030
4369.60659 17.264 0.033
4370.48168 17.144 0.025
4370.48450 17.156 0.024
4371.52685 17.253 0.020
4371.52966 17.252 0.020
4372.51141 17.174 0.018
4372.51542 17.184 0.017
4373.48710 17.193 0.029
4373.48991 17.222 0.025
4376.56349 17.230 0.029
4376.56630 17.200 0.026
4377.60074 17.201 0.025
4377.60358 17.153 0.023
4378.51127 17.295 0.023
4378.51410 17.254 0.022
4379.52631 17.148 0.026
4379.52915 17.118 0.030
4380.53781 17.235 0.021
4380.54064 17.203 0.021
4381.51649 17.276 0.029
4381.51930 17.273 0.043
4382.55819 17.171 0.025
4382.56131 17.139 0.022
4383.54959 17.285 0.025
4383.55241 17.248 0.026
4384.52374 17.161 0.024
4384.52658 17.142 0.023
4387.57497 17.274 0.025
4387.58054 17.231 0.024
4393.52361 17.137 0.020
4393.52643 17.165 0.020
4394.53896 17.256 0.023
4394.54178 17.248 0.023
4395.51035 17.154 0.023
4395.51318 17.115 0.026
4396.50237 17.294 0.032
4396.50517 17.254 0.029
4397.52669 17.242 0.025
4397.52950 17.268 0.040
4398.53159 17.230 0.025
4398.53441 17.179 0.027
4399.52425 17.237 0.028
4399.52707 17.173 0.027
4400.52633 17.197 0.030
4400.52917 17.151 0.037
4402.54274 17.107 0.027
4402.54558 17.090 0.027
4403.54182 17.250 0.030
4403.54462 17.268 0.029
4407.51774 17.276 0.028
4407.52056 17.143 0.038
4507.84838 17.128 0.022
4507.85096 17.131 0.022
4510.85351 17.276 0.020
4510.85622 17.248 0.023
4513.85463 17.219 0.017
4513.85736 17.233 0.017
4517.84808 17.208 0.028
4517.85647 17.188 0.031
4519.87471 17.195 0.019
4519.87741 17.182 0.019
4522.86861 17.287 0.027
4522.87132 17.207 0.023
4524.80451 17.217 0.021
4524.80722 17.218 0.021
4530.81211 17.174 0.016
4530.81482 17.188 0.017
4533.84572 17.261 0.021
4533.84845 17.195 0.023
4535.79914 17.205 0.024
4535.80187 17.241 0.025
4536.88837 17.190 0.016
4536.89110 17.184 0.018
4537.87402 17.179 0.015
4537.87675 17.182 0.017
4538.80916 17.164 0.021
4538.81187 17.145 0.020
4539.84720 17.112 0.016
4539.84992 17.085 0.018
4540.79336 17.176 0.016
4540.79607 17.196 0.017
4541.78610 17.132 0.016
4541.78880 17.131 0.016
4542.78076 17.203 0.022
4542.78349 17.168 0.023
4543.77630 17.101 0.017
4543.77903 17.143 0.019
4544.77321 17.224 0.023
4544.77593 17.224 0.022
4545.77948 17.139 0.018
4545.78221 17.118 0.018
4546.78666 17.259 0.020
4546.78936 17.281 0.023
4547.78063 17.169 0.018
4547.78333 17.155 0.019
4548.74964 17.205 0.026
4548.79431 17.135 0.028
4550.73460 17.121 0.024
4550.73734 17.167 0.024
4551.75217 17.206 0.020
4551.76054 17.193 0.020
4552.75373 17.091 0.036
4552.75644 17.093 0.030
4556.74983 17.168 0.016
4556.75256 17.159 0.017
4557.76711 17.185 0.017
4557.76983 17.195 0.019
4558.74405 17.202 0.016
4558.74677 17.183 0.017
4558.91381 17.265 0.016
4558.91653 17.244 0.026
4559.74196 17.115 0.016
4559.74466 17.154 0.017
4560.74206 17.193 0.019
4560.74477 17.228 0.019
4561.73209 17.149 0.016
4561.73482 17.118 0.017
4561.91830 17.228 0.019
4561.92101 17.188 0.018
4564.72231 17.283 0.020
4564.72502 17.255 0.018
4564.92279 17.118 0.018
4564.92553 17.125 0.019
4565.72039 17.132 0.014
4565.72309 17.155 0.015
4565.91123 17.232 0.015
4565.91395 17.208 0.014
4566.71987 17.236 0.017
4566.72257 17.209 0.018
4566.91623 17.112 0.015
4566.91943 17.148 0.015
4567.71285 17.206 0.019
4567.71554 17.186 0.020
4567.91871 17.272 0.019
4567.92144 17.257 0.017
4568.71873 17.143 0.020
4568.72145 17.148 0.019
4569.72775 17.224 0.021
4569.73047 17.240 0.024
4570.72116 17.116 0.021
4570.72389 17.082 0.020
4571.71582 17.219 0.024
4571.71852 17.272 0.027
4571.90437 17.216 0.017
4571.90711 17.208 0.017
4572.74329 17.153 0.018
4572.74601 17.101 0.018
4573.73167 17.273 0.020
4573.73441 17.266 0.020
4573.89804 17.142 0.015
4573.90077 17.147 0.017
4574.73405 17.140 0.018
4574.73680 17.144 0.022
4575.73956 17.184 0.019
4575.74229 17.200 0.018
4576.74968 17.201 0.019
4576.75240 17.245 0.019
4577.83137 17.140 0.018
4577.83408 17.140 0.017
4578.78242 17.279 0.026
4578.78513 17.251 0.035
4579.85930 17.192 0.021
4579.86203 17.188 0.026
4583.72612 17.140 0.021
4583.72884 17.162 0.021
4583.91498 17.255 0.019
4585.74985 17.253 0.023
4585.75258 17.203 0.024
4586.77502 17.143 0.021
4586.77776 17.139 0.019
4587.76273 17.212 0.024
4587.76544 17.208 0.020
4587.92132 17.250 0.025
4587.92403 17.198 0.024
4588.68523 17.144 0.020
4588.68795 17.122 0.020
4588.91611 17.219 0.019
4588.91884 17.191 0.017
4589.66814 17.216 0.022
4589.67089 17.206 0.020
4589.82356 17.254 0.020
4589.82630 17.248 0.019
4589.88557 17.239 0.022
4589.88829 17.182 0.019
4590.68773 17.119 0.020
4590.69049 17.145 0.020
4590.89340 17.224 0.020
4590.89615 17.212 0.018
4591.69943 17.288 0.021
4591.70215 17.293 0.022
4591.82431 17.194 0.017
4591.82705 17.178 0.018
4591.89143 17.128 0.018
4591.89416 17.130 0.018
4592.65800 17.184 0.019
4592.66075 17.143 0.020
4592.84732 17.264 0.026
4592.85004 17.220 0.036
4592.92564 17.243 0.021
4592.92836 17.259 0.022
4593.64716 17.282 0.025
4593.64992 17.239 0.022
4593.85688 17.153 0.020
4593.85961 17.131 0.017
4593.93905 17.178 0.028
4593.94178 17.148 0.029
4594.66821 17.201 0.020
4594.67097 17.159 0.021
4594.86320 17.307 0.021
4594.86596 17.235 0.019
4594.92873 17.323 0.025
4594.93148 17.277 0.021
4595.65774 17.175 0.018
4595.66048 17.137 0.019
4595.85212 17.157 0.017
4595.85485 17.147 0.018
4595.91400 17.193 0.020
4595.91674 17.172 0.019
4596.65293 17.216 0.020
4596.65567 17.178 0.020
4597.67739 17.111 0.018
4597.68013 17.126 0.019
4597.86891 17.206 0.020
4597.87164 17.187 0.021
4598.65367 17.244 0.016
4598.65642 17.242 0.016
4598.92234 17.190 0.020
4598.92509 17.133 0.016
4599.62609 17.141 0.024
4599.62885 17.107 0.022
4599.91666 17.234 0.024
4599.91943 17.235 0.022
4600.63538 17.241 0.017
4600.63812 17.244 0.017
4600.84411 17.177 0.017
4600.84684 17.214 0.022
4601.64098 17.155 0.017
4601.64370 17.127 0.017
4601.85719 17.275 0.018
4601.85993 17.217 0.028
4601.91906 17.290 0.022
4601.92178 17.272 0.020
4602.63360 17.282 0.018
4602.63634 17.270 0.018
4602.84300 17.124 0.015
4602.84575 17.139 0.015
4603.76103 17.256 0.020
4603.76378 17.228 0.027
4606.63488 17.167 0.022
4606.63762 17.129 0.019
4606.88897 17.142 0.019
4610.73103 17.191 0.020
4610.73377 17.182 0.017
4610.93824 17.234 0.025
4610.94100 17.295 0.024
4611.62038 17.337 0.025
4611.62311 17.272 0.024
4611.81123 17.150 0.016
4611.81395 17.153 0.019
4612.64172 17.225 0.023
4612.64448 17.162 0.024
4615.78345 17.136 0.018
4615.78621 17.123 0.019
4616.59249 17.224 0.027
4616.59523 17.232 0.024
4616.80896 17.252 0.020
4616.81174 17.224 0.032
4616.87892 17.163 0.021
4616.88170 17.150 0.019
4617.65870 17.127 0.016
4617.66147 17.154 0.019
4618.60421 17.250 0.021
4618.60696 17.252 0.021
4621.73592 17.277 0.013
4621.90199 17.313 0.019
4622.80264 17.150 0.020
4622.80539 17.129 0.018
4622.90409 17.168 0.025
4622.90685 17.155 0.025
4623.62699 17.225 0.023
4623.64076 17.209 0.028
4623.86179 17.286 0.027
4623.86454 17.237 0.039
4623.93423 17.229 0.028
4624.58170 17.163 0.022
4624.58447 17.162 0.021
4624.80589 17.195 0.021
4624.80866 17.177 0.022
4624.87225 17.202 0.020
4624.87501 17.201 0.020
4625.59581 17.213 0.023
4625.59857 17.222 0.029
4625.78616 17.242 0.023
4625.78893 17.255 0.023
4625.87774 17.202 0.026
4625.90369 17.178 0.027
4626.59432 17.150 0.021
4626.59709 17.072 0.021
4626.84963 17.209 0.019
4626.85240 17.217 0.025
4627.55477 17.239 0.021
4627.55754 17.249 0.020
4627.82208 17.148 0.015
4627.82975 17.145 0.016
4627.91135 17.146 0.017
4627.91410 17.145 0.017
4628.54050 17.090 0.018
4628.54325 17.120 0.019
4628.74834 17.182 0.019
4628.75111 17.204 0.020
4628.81376 17.262 0.023
4628.81654 17.224 0.021
4628.88367 17.273 0.021
4628.88643 17.284 0.021
4629.61946 17.273 0.020
4629.62222 17.261 0.018
4629.82210 17.162 0.018
4629.82486 17.113 0.018
4629.90011 17.229 0.022
4629.90286 17.139 0.020
4630.55538 17.131 0.020
4630.55817 17.159 0.021
4630.76126 17.266 0.019
4630.76401 17.214 0.018
4630.84456 17.273 0.020
4630.84735 17.300 0.019
4630.90736 17.351 0.027
4630.91014 17.287 0.026
4631.55682 17.238 0.016
4631.55957 17.251 0.018
4631.77256 17.152 0.015
4631.77533 17.133 0.017
4631.85920 17.164 0.018
4631.86199 17.196 0.020
4632.56056 17.230 0.020
4632.56335 17.150 0.019
4632.84733 17.277 0.022
4632.85009 17.258 0.020
4633.56056 17.161 0.017
4633.56332 17.188 0.020
4633.67207 17.135 0.016
4633.67486 17.133 0.018
4633.78783 17.162 0.017
4633.79060 17.146 0.020
4633.81048 17.183 0.020
4638.74837 17.150 0.019
4638.85858 17.127 0.021
4639.56814 17.121 0.022
4639.57093 17.146 0.022
4639.66593 17.202 0.019
4639.66871 17.201 0.022
4640.58767 17.202 0.017
4640.59044 17.238 0.019
4640.71983 17.125 0.017
4640.72261 17.126 0.017
4640.82486 17.196 0.024
4640.82762 17.149 0.022
4641.66165 17.226 0.019
4641.66443 17.245 0.018
4641.77162 17.262 0.021
4641.77439 17.283 0.020
4642.58555 17.147 0.018
4642.58832 17.151 0.020
4642.74808 17.147 0.021
4642.75085 17.135 0.020
4642.82316 17.202 0.022
4642.82592 17.188 0.022
4643.54333 17.184 0.023
4643.54611 17.214 0.024
4644.59069 17.126 0.022
4644.59349 17.165 0.023
4644.84692 17.241 0.020
4644.84970 17.212 0.018
4645.51375 17.242 0.024
4645.51655 17.219 0.023
4645.76224 17.177 0.022
4645.76503 17.190 0.019
4645.83697 17.153 0.022
4645.83977 17.143 0.022
4646.51180 17.094 0.017
4646.51461 17.143 0.019
4646.84421 17.232 0.022
4646.84700 17.192 0.022
4647.50818 17.288 0.025
4647.51098 17.295 0.024
4647.73124 17.164 0.021
4647.73402 17.154 0.021
4647.84226 17.187 0.024
4647.84504 17.137 0.021
4648.49132 17.138 0.021
4648.49412 17.140 0.022
4648.70497 17.260 0.021
4648.70775 17.257 0.021
4648.80886 17.273 0.023
4648.81164 17.272 0.023
4649.51742 17.252 0.023
4649.52021 17.221 0.024
4649.72613 17.138 0.017
4649.72891 17.133 0.017
4649.85253 17.190 0.023
4649.85532 17.184 0.022
4650.50338 17.175 0.023
4650.50620 17.189 0.023
4650.76731 17.280 0.021
4650.77012 17.251 0.020
4650.86103 17.214 0.025
4650.86381 17.207 0.023
4651.50676 17.216 0.024
4651.50953 17.165 0.025
4651.80189 17.196 0.022
4651.80468 17.207 0.022
4652.49780 17.218 0.021
4652.50059 17.201 0.022
4652.71095 17.278 0.020
4652.71373 17.281 0.022
4652.78584 17.207 0.021
4652.78861 17.214 0.019
4652.83557 17.201 0.023
4652.83834 17.190 0.023
4653.49694 17.136 0.027
4653.71334 17.169 0.018
4653.71612 17.166 0.020
4653.77849 17.220 0.025
4653.78129 17.166 0.023
4654.53294 17.242 0.021
4654.53574 17.244 0.025
4654.74438 17.203 0.021
4654.74719 17.184 0.019
4654.80950 17.169 0.024
4654.81232 17.133 0.025
4655.49403 17.130 0.021
4655.49681 17.084 0.022
4655.71852 17.213 0.016
4655.72130 17.187 0.016
4655.78029 17.258 0.021
4655.78309 17.221 0.018
4656.49595 17.262 0.018
4656.49875 17.273 0.019
4656.68571 17.168 0.021
4656.68849 17.161 0.018
4656.80498 17.170 0.023
4656.80777 17.156 0.021
4657.61237 17.207 0.025
4657.72310 17.234 0.022
4658.65428 17.174 0.021
4658.65708 17.160 0.021
4659.58841 17.208 0.023
4659.59119 17.215 0.036
4660.60674 17.148 0.021
4660.60952 17.123 0.023
4661.48403 17.196 0.023
4661.48681 17.187 0.021
4661.68472 17.323 0.025
4661.68750 17.289 0.023
4661.74620 17.301 0.032
4661.74898 17.252 0.022
4661.81338 17.179 0.027
4661.81617 17.178 0.022
4665.65144 17.176 0.026
4665.65426 17.173 0.024
4666.55690 17.157 0.020
4666.55968 17.137 0.022
4666.69997 17.232 0.022
4666.70276 17.252 0.021
4666.74214 17.247 0.023
4666.74491 17.263 0.023
4667.49984 17.262 0.028
4667.56843 17.206 0.025
4667.57123 17.184 0.026
4669.60716 17.175 0.025
4670.64159 17.264 0.022
4670.64440 17.261 0.023
4671.57711 17.149 0.017
4671.57992 17.142 0.018
4672.50261 17.196 0.017
4672.50540 17.221 0.017
4672.69508 17.217 0.017
4672.69790 17.229 0.019
4672.71738 17.228 0.017
4672.72018 17.211 0.018
4674.50573 17.289 0.026
4674.50853 17.288 0.024
4674.69883 17.154 0.018
4674.70164 17.151 0.019
4674.74093 17.150 0.022
4677.48232 17.164 0.017
4677.48511 17.176 0.019
4677.62862 17.234 0.024
4677.63144 17.205 0.021
4677.77120 17.271 0.024
4677.77402 17.266 0.023
4678.68571 17.153 0.018
4678.68853 17.130 0.017
4679.48790 17.159 0.026
4679.49073 17.210 0.026
4681.52369 17.227 0.019
4681.52651 17.274 0.020
4681.62371 17.299 0.022
4681.62653 17.279 0.020
4681.75592 17.153 0.021
4681.75875 17.148 0.019
4682.49471 17.137 0.017
4682.49752 17.135 0.020
4682.65204 17.219 0.019
4682.65485 17.171 0.019
4682.74725 17.232 0.020
4682.75007 17.240 0.020
4683.51323 17.301 0.026
4683.51604 17.274 0.027
4683.70013 17.121 0.020
4683.70294 17.123 0.019
4684.50576 17.151 0.018
4684.50859 17.181 0.019
4684.71947 17.244 0.020
4684.72229 17.254 0.020
4685.49068 17.285 0.026
4685.49352 17.213 0.026
4685.51327 17.212 0.024
4685.57035 17.168 0.019
4685.60439 17.177 0.017
4685.65929 17.134 0.017
4685.72565 17.167 0.020
4685.72849 17.173 0.020
4686.49447 17.198 0.021
4686.49730 17.163 0.021
4686.70129 17.202 0.023
4687.47824 17.239 0.021
4687.48106 17.219 0.022
4687.73374 17.236 0.024
4687.73655 17.193 0.021
4688.49115 17.207 0.023
4688.49398 17.217 0.023
4688.68099 17.285 0.020
4688.68381 17.284 0.020
4688.74279 17.252 0.026
4688.74562 17.196 0.023
4693.53875 17.187 0.017
4693.54156 17.170 0.022
4694.53396 17.273 0.027
4694.53679 17.188 0.027
4697.49462 17.214 0.020
4697.49745 17.216 0.020
4698.50015 17.135 0.018
4698.50297 17.121 0.018
4699.49628 17.239 0.022
4699.49911 17.266 0.021
4700.50255 17.153 0.017
4700.50538 17.128 0.017
4701.49785 17.298 0.024
4701.50066 17.288 0.022
4702.49636 17.185 0.019
4702.49919 17.155 0.019
4703.56687 17.165 0.018
4703.56967 17.155 0.017
4704.63663 17.259 0.020
4704.63945 17.245 0.019
4705.50005 17.163 0.018
4705.50288 17.135 0.019
4707.60089 17.170 0.017
4708.53323 17.258 0.022
4708.53608 17.270 0.022
4709.50936 17.157 0.024
4709.51218 17.182 0.026
4710.53899 17.254 0.020
4710.54181 17.226 0.025
4711.51834 17.149 0.023
4711.52116 17.156 0.019
4715.57835 17.253 0.025
4715.58116 17.250 0.028
4716.58355 17.167 0.024
4720.54785 17.201 0.023
4720.55070 17.226 0.023
4721.47940 17.198 0.030
4721.48225 17.169 0.028
4722.51196 17.239 0.022
4722.51479 17.207 0.020
4724.50178 17.204 0.026
4724.50459 17.226 0.023
4725.47656 17.135 0.029
4725.48288 17.087 0.025
4726.54431 17.188 0.029
4728.58661 17.134 0.024
4728.58944 17.123 0.025
4729.54210 17.168 0.021
4729.54492 17.151 0.024
4730.55843 17.124 0.018
4730.56128 17.149 0.018
4731.56536 17.216 0.022
4731.56818 17.239 0.023
4733.51704 17.249 0.021
4733.51988 17.255 0.021
4734.54641 17.149 0.021
4734.54926 17.146 0.021
4737.53734 17.212 0.022
4737.54014 17.195 0.023
4740.54781 17.234 0.023
4740.55065 17.229 0.025
4741.55551 17.147 0.020
4741.55834 17.143 0.019
4743.53048 17.171 0.021
4743.53330 17.122 0.032
4753.54140 17.285 0.025
4753.54423 17.237 0.025
4756.51746 17.119 0.026
4756.52306 17.159 0.024
4758.50304 17.189 0.025
4758.50588 17.187 0.024
4868.87357 17.137 0.016
4868.87629 17.161 0.018
4869.86015 17.169 0.020
4873.84898 17.116 0.022
4874.84076 17.194 0.025
4877.84058 17.146 0.016
4877.84329 17.182 0.019
4883.84531 17.268 0.021
4884.84809 17.200 0.019
4884.85082 17.135 0.017
4886.89396 17.155 0.021
4886.89705 17.186 0.023
4890.87618 17.250 0.018
4890.87888 17.214 0.017
4896.86443 17.135 0.016
4896.86714 17.129 0.018
4899.83531 17.235 0.019
4899.83804 17.206 0.019
4900.87678 17.136 0.016
4900.87949 17.106 0.019
4901.87516 17.270 0.019
4901.87787 17.213 0.018
4902.87388 17.199 0.016
4902.87659 17.130 0.016
4904.79796 17.165 0.017
4904.80068 17.193 0.018
4905.90196 17.136 0.020
4905.90466 17.107 0.025
4910.80386 17.230 0.020
4910.82642 17.279 0.021
4911.77450 17.166 0.015
4911.77720 17.147 0.015
4912.77141 17.289 0.015
4912.77411 17.275 0.016
4914.78848 17.155 0.017
4914.79119 17.192 0.020
4917.74954 17.204 0.016
4917.75222 17.197 0.016
4920.73252 17.139 0.015
4924.77047 17.193 0.015
4924.77358 17.188 0.019
4925.81095 17.106 0.014
4925.81352 17.128 0.016
4925.89800 17.133 0.013
4925.90056 17.157 0.014
4927.70459 17.164 0.024
4927.70715 17.121 0.024
4927.86511 17.107 0.019
4927.86768 17.138 0.019
4928.72711 17.239 0.021
4928.72968 17.187 0.021
4929.78340 17.148 0.016
4929.78595 17.124 0.016
4930.69787 17.207 0.022
4930.70045 17.242 0.023
4930.81681 17.243 0.019
4930.81938 17.193 0.020
4931.71270 17.166 0.023
4931.71528 17.124 0.021
4931.85840 17.191 0.019
4931.86095 17.207 0.019
4932.71579 17.277 0.020
4932.71834 17.226 0.023
4932.78452 17.164 0.018
4932.81646 17.148 0.015
4932.81901 17.120 0.016
4933.76410 17.193 0.021
4933.76667 17.170 0.023
4934.76250 17.115 0.027
4934.76507 17.096 0.032
4934.83033 17.091 0.022
4934.86994 17.102 0.021
4938.67310 17.093 0.019
4938.67566 17.116 0.019
4938.87773 17.189 0.019
4938.88031 17.183 0.018
4939.69200 17.286 0.021
4939.69457 17.320 0.023
4940.69199 17.135 0.016
4940.69457 17.129 0.018
4941.67077 17.232 0.017
4941.67332 17.245 0.022
4941.76876 17.179 0.018
4941.77132 17.165 0.018
4942.70853 17.158 0.015
4942.71109 17.172 0.018
4943.66259 17.144 0.018
4943.66516 17.181 0.019
4943.80209 17.106 0.016
4943.80465 17.099 0.022
4944.65939 17.121 0.017
4944.66197 17.165 0.017
4944.81486 17.299 0.019
4944.81741 17.238 0.016
4945.70783 17.117 0.017
4945.71042 17.084 0.016
4945.76430 17.102 0.014
4945.76687 17.105 0.014
4946.65750 17.177 0.018
4946.66009 17.245 0.021
4947.65119 17.092 0.016
4947.65375 17.069 0.015
4947.84913 17.183 0.015
4947.85169 17.168 0.015
4948.83174 17.189 0.015
4948.83430 17.174 0.015
4949.77984 17.182 0.016
4949.78240 17.160 0.017
4951.63988 17.146 0.018
4951.64246 17.141 0.020
4952.63810 17.163 0.018
4952.64068 17.204 0.021
4953.63173 17.169 0.020
4953.63432 17.191 0.020
4953.80630 17.224 0.020
4953.80888 17.268 0.018
4954.63325 17.123 0.020
4954.63584 17.101 0.027
4954.82614 17.176 0.017
4954.82871 17.149 0.016
4955.62825 17.222 0.025
4955.76735 17.241 0.021
4955.76991 17.222 0.021
