 552.78865 17.654 0.017
 553.85708 17.899 0.021
 554.84978 17.787 0.021
 555.79382 17.632 0.021
 557.70074 17.868 0.029
 557.79038 17.944 0.032
 557.88023 17.649 0.020
 558.74591 17.614 0.023
 558.88192 17.704 0.021
 559.69611 17.622 0.030
 560.67507 17.935 0.031
 560.76553 17.902 0.025
 560.87843 18.017 0.030
 561.67411 17.895 0.026
 561.80239 17.482 0.018
 561.87183 17.694 0.021
 562.71429 17.601 0.022
 562.79847 17.819 0.024
 562.88918 17.925 0.034
 563.80558 17.906 0.023
 563.89299 18.066 0.045
 567.71406 17.939 0.024
 567.84339 17.425 0.016
 568.71276 17.485 0.020
 568.79752 17.708 0.020
 569.67901 17.725 0.019
 570.67298 17.922 0.023
 570.85249 17.408 0.016
 570.88272 17.504 0.018
 570.89503 17.546 0.019
 571.65435 18.086 0.031
 571.77402 17.599 0.018
 571.88787 17.812 0.024
 572.72180 17.735 0.023
 572.85837 17.955 0.033
 573.64884 17.873 0.026
 573.82408 18.051 0.025
 574.67083 18.064 0.029
 574.76121 17.465 0.017
 575.67182 17.558 0.022
 575.85867 17.893 0.027
 576.67489 17.887 0.025
 576.81607 17.953 0.023
 576.92208 17.504 0.019
 577.82840 17.616 0.019
 578.67623 17.594 0.020
 581.64815 17.437 0.017
 581.86774 17.900 0.025
 582.66131 17.774 0.028
 582.87827 18.074 0.031
 583.65628 17.887 0.023
 583.76599 18.012 0.025
 583.90104 17.677 0.024
 587.67146 17.902 0.025
 588.65432 17.638 0.022
 588.77209 17.865 0.025
 588.92800 18.080 0.029
 590.67279 18.116 0.050
 590.75370 17.533 0.025
 599.66539 17.925 0.024
 600.65142 17.456 0.015
 600.79090 17.763 0.021
 601.72171 17.862 0.019
 601.92343 17.936 0.030
 605.58393 17.900 0.038
 605.91291 17.665 0.028
 605.94083 17.755 0.038
 606.58383 17.999 0.027
 606.72302 17.451 0.016
 606.89682 17.866 0.027
 607.57691 17.467 0.016
 607.69709 17.732 0.018
 607.85373 17.972 0.027
 608.57205 17.764 0.020
 608.68891 17.915 0.022
 608.84540 17.771 0.022
 614.59370 17.733 0.024
 614.78294 17.942 0.024
 615.57399 17.856 0.027
 615.66859 17.984 0.024
 615.76356 17.608 0.020
 615.88247 17.657 0.023
 615.93278 17.847 0.037
 616.57437 18.065 0.026
 616.69256 17.571 0.019
 616.78799 17.756 0.024
 616.88369 17.924 0.039
 622.78415 17.650 0.022
 623.65857 17.733 0.020
 623.79794 17.906 0.024
 624.57551 17.800 0.020
 624.67117 17.882 0.025
 624.74554 17.972 0.026
 625.58549 17.927 0.023
 625.68488 17.884 0.027
 626.56668 17.506 0.017
 626.64119 17.600 0.017
 626.78081 17.881 0.023
 627.80314 18.081 0.032
 628.61992 17.956 0.025
 628.71976 17.650 0.020
 628.82876 17.635 0.023
 629.58981 17.559 0.018
 629.70997 17.744 0.023
 630.55971 17.701 0.023
 631.63714 17.935 0.023
 631.73335 17.882 0.024
 632.62788 17.435 0.019
 632.71994 17.678 0.021
 633.60704 17.734 0.018
 635.67661 17.515 0.021
 643.55104 17.772 0.020
 643.64624 17.906 0.025
 645.56451 17.701 0.019
 649.50522 17.558 0.021
 652.55048 17.629 0.019
 653.69191 18.002 0.026
 655.71771 17.821 0.024
 656.59192 17.900 0.021
 657.58867 17.983 0.024
 658.59554 17.609 0.021
 663.53509 17.907 0.028
 665.56232 17.749 0.018
 666.49860 17.862 0.025
 667.53469 17.958 0.024
 669.49732 17.824 0.021
 670.66571 17.473 0.019
 671.50057 17.429 0.022
 673.63810 17.763 0.036
 684.48738 17.497 0.016
 685.47821 17.786 0.022
 686.53010 17.953 0.023
 687.52328 17.542 0.019
 688.50380 17.804 0.023
 689.48869 17.896 0.021
 694.49365 17.699 0.023
 697.49493 17.654 0.021
 698.49049 17.906 0.025
 699.48701 17.967 0.025
 700.50282 17.598 0.027
 701.48662 17.864 0.043
 704.50437 17.804 0.028
 708.57473 18.017 0.031
 713.49585 17.657 0.020
 720.49980 17.818 0.021
 728.60594 17.666 0.029
 742.55193 17.927 0.041
 753.51504 18.110 0.036
 857.87556 17.872 0.031
 877.88607 17.978 0.023
 878.83876 17.439 0.013
 890.88391 18.059 0.029
 896.81218 17.910 0.019
 900.81140 17.980 0.021
 918.82132 17.882 0.025
 924.88160 17.852 0.027
 928.88170 18.006 0.033
 930.80428 17.781 0.022
 933.78463 17.638 0.019
 934.83571 17.959 0.031
 936.82801 17.724 0.018
 937.77110 17.836 0.026
 939.73178 17.560 0.021
 941.70574 17.869 0.024
 950.68293 17.805 0.026
 951.75347 18.092 0.030
 952.72021 17.460 0.015
 953.73415 17.843 0.022
 954.73938 17.925 0.027
 961.77546 17.430 0.016
 962.70076 17.611 0.020
 963.70776 17.813 0.022
 964.77592 17.627 0.020
 965.67795 17.489 0.019
 966.65372 17.747 0.020
 970.82320 17.728 0.026
 984.70064 17.513 0.018
 985.60457 17.624 0.019
 988.80778 17.851 0.032
 990.66464 18.043 0.023
 991.66251 17.656 0.019
 995.73196 17.842 0.030
 998.75506 17.899 0.026
1006.71408 17.494 0.022
1006.72227 17.500 0.024
1011.75761 17.938 0.025
1021.64867 17.921 0.028
1026.60836 17.567 0.021
1035.54948 17.972 0.032
1036.59420 17.701 0.021
1037.58558 17.892 0.025
1038.63226 17.799 0.031
1040.51519 17.746 0.023
1041.53162 17.879 0.025
1043.56149 17.724 0.021
1045.50985 18.004 0.025
1046.51713 17.637 0.018
1047.55124 17.911 0.037
1048.53053 18.023 0.027
1051.57713 17.960 0.035
1053.61325 17.873 0.025
1054.50562 17.932 0.023
1060.52542 17.931 0.038
1061.51391 18.012 0.028
1064.51755 18.043 0.036
1065.48494 17.546 0.019
1069.62957 17.862 0.027
1074.52896 17.467 0.021
1077.58210 17.513 0.019
1080.49423 18.078 0.033
1087.54359 17.590 0.021
1090.55128 17.616 0.027
1092.59393 18.038 0.036
1105.56215 18.043 0.034
1107.52191 17.803 0.027
1113.56191 17.877 0.040
1119.50774 17.730 0.034
1220.85896 18.085 0.042
1225.84062 17.804 0.028
1237.85926 17.603 0.028
1242.79667 17.855 0.035
1252.79249 17.920 0.033
1255.84603 18.008 0.031
1259.80964 17.515 0.019
1264.89285 17.908 0.029
1272.86627 17.651 0.026
1279.88112 17.834 0.027
1289.77847 17.796 0.025
1291.86101 17.689 0.018
1295.75712 17.637 0.024
1296.87305 17.944 0.024
1297.82455 17.444 0.020
1298.91768 17.855 0.029
1299.86424 17.972 0.036
1305.79449 17.793 0.025
1306.67342 17.832 0.026
1307.88994 17.747 0.024
1310.81386 17.498 0.017
1312.76848 17.852 0.022
1313.88959 17.619 0.019
1315.77990 17.893 0.024
1316.70512 17.950 0.024
1317.78539 17.669 0.023
1318.77341 17.898 0.029
1318.86905 17.930 0.030
1319.80640 18.071 0.029
1319.87791 17.439 0.021
1320.65710 18.079 0.029
1320.90327 17.804 0.024
1321.68158 17.620 0.022
1321.87508 17.943 0.033
1323.82034 17.623 0.023
1327.75891 17.729 0.026
1332.81181 17.487 0.022
1335.71290 17.910 0.024
1338.76061 17.965 0.029
1340.65923 17.611 0.020
1342.61485 17.931 0.027
1346.67292 17.519 0.018
1347.70295 17.839 0.024
1348.73629 18.073 0.032
1349.75015 17.665 0.020
1350.77785 17.921 0.024
1354.62753 17.784 0.027
1355.60237 17.932 0.032
1365.66692 17.462 0.019
1366.61341 17.674 0.020
1367.68058 17.921 0.029
1368.62931 18.037 0.024
1368.80907 17.743 0.026
1369.57349 17.540 0.022
1369.73040 17.854 0.023
1370.57019 17.784 0.027
1374.71613 17.378 0.021
1375.63985 17.575 0.019
1394.58344 17.412 0.018
1395.56206 17.688 0.021
1397.71122 17.662 0.022
1398.56537 17.650 0.019
1399.58752 17.855 0.026
1400.59424 18.035 0.027
1401.55234 17.558 0.022
1402.54510 17.852 0.024
1403.61517 18.048 0.031
1404.54851 17.497 0.018
1407.56644 17.456 0.019
1408.54364 17.706 0.019
1410.55584 17.598 0.033
1415.55060 17.867 0.033
1416.53087 17.961 0.026
1418.51162 17.757 0.022
1430.60134 17.786 0.026
1433.50736 17.545 0.020
1436.60780 17.709 0.021
1441.51317 17.886 0.044
1443.50745 17.671 0.027
1447.53377 17.876 0.029
1449.53363 17.654 0.024
1454.53164 17.977 0.036
1459.51001 17.738 0.026
1479.50453 17.962 0.052
1595.85732 17.737 0.024
1596.88100 17.775 0.030
1597.86143 17.889 0.032
1597.87152 17.933 0.037
1599.88787 17.733 0.028
1600.88043 17.897 0.031
1609.81998 17.737 0.024
1612.86215 17.743 0.028
1616.89416 17.940 0.027
1618.83056 17.623 0.023
1621.78177 17.591 0.026
1623.79364 17.878 0.035
1625.84317 17.756 0.026
1627.80293 18.050 0.036
1630.88501 17.480 0.027
1633.77685 17.913 0.024
1643.78735 17.981 0.036
1644.89819 17.844 0.022
1646.84774 17.404 0.018
1652.81377 17.987 0.032
1653.80235 17.539 0.019
1655.90571 17.581 0.022
1661.85031 17.896 0.025
1662.89826 17.605 0.020
1663.81575 17.704 0.020
1665.72800 17.918 0.027
1666.81928 17.638 0.019
1667.86352 17.890 0.026
1668.87721 17.431 0.017
1670.74579 17.714 0.018
1671.83979 18.016 0.026
1674.80056 17.919 0.024
1676.78226 17.719 0.019
1681.82265 17.584 0.023
1682.82526 17.708 0.030
1687.84501 18.033 0.037
1692.66301 17.466 0.017
1693.76506 17.866 0.024
1695.84448 17.793 0.023
1698.69965 17.467 0.020
1700.86580 17.461 0.020
1702.69034 17.707 0.020
1703.84717 17.691 0.025
1705.68855 17.652 0.019
1706.70968 17.915 0.027
1709.63149 17.723 0.025
1717.66239 17.822 0.019
1721.73720 17.757 0.029
1722.64405 17.782 0.022
1725.66309 17.799 0.027
1725.70248 17.900 0.025
1726.61143 17.905 0.025
1728.65555 17.770 0.023
1729.63100 17.847 0.024
1730.60216 18.100 0.030
1731.51722 17.385 0.019
1732.66963 17.894 0.026
1738.64673 17.843 0.073
1742.66101 17.999 0.029
1743.63796 17.476 0.017
1744.72029 17.895 0.031
1745.64810 17.972 0.027
1748.57344 17.866 0.028
1749.51430 17.930 0.025
1750.65748 17.736 0.022
1751.57443 17.840 0.021
1752.61023 18.029 0.030
1754.60444 17.801 0.025
1755.61897 18.000 0.030
1756.55685 17.441 0.015
1757.59430 17.770 0.023
1758.60098 17.958 0.026
1759.52976 18.015 0.024
1760.57930 17.753 0.020
1761.54633 17.887 0.026
1762.54364 17.999 0.024
1763.49764 17.463 0.017
1764.58732 17.875 0.023
1765.59044 18.017 0.034
1769.56128 17.567 0.022
1771.56331 17.916 0.044
1772.57343 17.439 0.017
1773.58795 17.800 0.024
1775.58881 17.472 0.018
1776.58406 17.757 0.020
1777.59851 17.873 0.025
1783.59902 17.898 0.024
1784.58872 18.016 0.028
1785.58808 17.632 0.024
1787.58319 17.963 0.029
1788.55210 17.439 0.021
1790.56567 17.895 0.026
1803.51306 17.894 0.025
1806.56301 17.935 0.029
1809.57236 17.915 0.024
1811.58053 17.740 0.033
1814.52900 17.648 0.022
1816.51663 18.031 0.034
1818.49883 17.809 0.029
1824.54166 17.746 0.030
1829.52714 18.001 0.039
1834.50836 17.820 0.027
1843.50998 17.746 0.024
1848.52661 17.950 0.035
2072.60108 17.930 0.036
2072.60813 17.936 0.031
2072.61948 17.949 0.030
2072.62808 17.887 0.029
2072.63669 17.908 0.028
2072.65214 17.985 0.032
2072.66075 18.034 0.033
2072.66940 18.023 0.030
2072.67807 18.100 0.031
2072.68670 18.152 0.036
2072.69536 18.152 0.037
2072.70463 18.116 0.035
2072.72545 17.863 0.026
2072.73409 17.747 0.023
2072.74270 17.537 0.020
2072.75131 17.399 0.018
2072.75992 17.385 0.020
2072.76854 17.431 0.020
2072.77757 17.428 0.019
2072.78619 17.467 0.020
2072.79478 17.493 0.021
2072.80341 17.530 0.023
2072.81204 17.542 0.022
2072.82065 17.575 0.023
2072.83019 17.634 0.026
2072.83909 17.643 0.026
2072.84818 17.691 0.028
2072.85106 17.696 0.033
2072.85906 17.680 0.027
2072.86194 17.706 0.028
2072.86764 17.715 0.028
2072.87052 17.739 0.029
2072.87625 17.683 0.030
2072.87913 17.708 0.032
2072.89043 17.771 0.037
2072.89329 17.757 0.036
2072.89901 17.778 0.038
2072.90189 17.832 0.036
2072.90758 17.804 0.034
2072.91045 17.748 0.036
2073.59481 17.803 0.029
2073.60345 17.648 0.024
2073.61203 17.453 0.020
2073.62065 17.397 0.018
2073.62927 17.363 0.019
2073.63788 17.420 0.019
2073.64666 17.445 0.021
2073.65531 17.520 0.021
2073.66392 17.497 0.018
2073.67476 17.589 0.020
2073.68338 17.551 0.021
2073.69205 17.601 0.021
2073.70065 17.616 0.020
2073.70929 17.625 0.020
2073.71793 17.652 0.020
2073.72741 17.681 0.023
2073.73599 17.711 0.023
2073.74457 17.747 0.023
2073.75315 17.710 0.021
2073.76176 17.773 0.024
2073.77035 17.788 0.023
2073.78361 17.791 0.023
2073.79221 17.844 0.026
2073.82208 17.930 0.030
2073.83106 17.930 0.038
2073.84627 17.914 0.032
2073.85487 17.840 0.028
2073.86348 17.879 0.033
2073.87206 17.840 0.032
2073.88066 17.941 0.034
2073.89417 17.989 0.040
2073.89703 18.080 0.049
2073.90273 17.853 0.035
2073.90560 18.009 0.037
2073.91133 17.907 0.039
2074.57341 17.642 0.023
2074.57630 17.677 0.024
2074.58204 17.626 0.022
2074.59067 17.679 0.026
2074.59929 17.741 0.027
2074.60790 17.682 0.023
2074.61656 17.757 0.028
2074.62566 17.795 0.028
2074.63427 17.826 0.032
2074.64289 17.805 0.032
2074.65149 17.838 0.030
2074.66011 17.854 0.032
2074.66876 17.840 0.026
2074.67760 17.860 0.025
2074.69996 17.931 0.033
2074.70863 17.863 0.026
2074.71724 17.935 0.029
2074.72848 17.902 0.026
2074.73707 17.922 0.027
2074.76083 17.924 0.028
2074.76943 17.937 0.032
2074.77804 17.964 0.032
2074.78664 18.031 0.037
2074.79650 17.987 0.035
2074.80510 17.954 0.032
2074.81394 18.012 0.029
2074.82256 18.015 0.032
2074.83117 18.026 0.028
2074.83978 18.054 0.031
2074.84840 18.105 0.028
2074.85699 18.079 0.028
2074.86605 18.120 0.031
2074.87460 18.055 0.032
2074.87746 18.012 0.043
2074.88319 17.954 0.033
2074.88606 17.858 0.028
2074.89183 17.751 0.026
2074.89472 17.687 0.025
2074.90046 17.573 0.024
2074.90334 17.510 0.021
2074.90905 17.436 0.022
2075.60820 17.940 0.034
2075.61108 17.918 0.035
2075.61680 17.918 0.031
2075.61969 17.932 0.033
2075.62539 17.945 0.032
2075.62828 17.992 0.036
2075.63403 17.920 0.031
2075.63690 17.958 0.035
2075.64264 17.970 0.031
2075.64553 17.973 0.035
2075.66227 17.985 0.032
2075.66516 17.998 0.033
2075.67087 17.982 0.036
2075.67375 17.984 0.034
2075.67947 18.002 0.030
2075.68236 18.006 0.030
2075.68807 18.032 0.029
2075.69099 18.018 0.032
2075.69674 18.063 0.032
2075.69963 18.098 0.034
2075.70534 18.106 0.035
2075.70822 18.080 0.035
2075.71436 18.120 0.034
2075.71725 18.118 0.036
2075.72360 18.151 0.038
2075.72650 18.212 0.041
2075.73220 18.096 0.035
2075.73510 18.103 0.038
2075.74080 18.001 0.031
2075.76760 17.481 0.021
2075.77047 17.472 0.024
2075.77619 17.359 0.022
2075.77907 17.378 0.022
2075.78477 17.385 0.021
2075.78765 17.404 0.024
2075.79365 17.459 0.023
2075.79652 17.498 0.026
2075.80226 17.441 0.022
2075.80514 17.509 0.024
2075.81086 17.485 0.023
2075.81375 17.503 0.024
2075.81946 17.506 0.024
2075.82236 17.591 0.024
2075.82805 17.560 0.024
2075.83093 17.582 0.024
2075.84070 17.579 0.025
2075.84358 17.599 0.024
2075.84929 17.600 0.024
2075.85218 17.584 0.025
2075.85790 17.633 0.027
2075.86080 17.640 0.027
2075.86650 17.662 0.028
2075.86939 17.589 0.030
2075.87510 17.708 0.031
2075.87794 17.664 0.027
2075.88364 17.731 0.031
2075.88654 17.758 0.031
2075.89256 17.758 0.035
2075.89544 17.753 0.037
2076.68671 17.551 0.024
2076.68960 17.538 0.025
2076.69532 17.570 0.024
2076.69822 17.548 0.025
2076.70396 17.562 0.022
2076.70684 17.575 0.026
2076.71257 17.640 0.028
2076.72033 17.641 0.027
2076.72734 17.680 0.032
2076.73029 17.672 0.032
2076.73613 17.677 0.027
2076.73910 17.677 0.026
2076.74494 17.735 0.034
2076.74787 17.748 0.036
2076.75368 17.717 0.030
2076.75661 17.697 0.029
2076.76245 17.708 0.026
2076.76539 17.746 0.033
2076.77125 17.756 0.026
2076.77417 17.787 0.032
2076.78711 17.808 0.028
2076.79006 17.747 0.028
2076.79852 17.821 0.031
2076.80142 17.824 0.030
2076.81120 17.769 0.031
2076.81414 17.861 0.036
2076.82370 17.885 0.034
2076.82663 17.822 0.030
2076.83245 17.835 0.028
2076.83536 17.903 0.030
2076.84118 17.834 0.030
2076.84411 17.843 0.032
2076.84991 17.891 0.035
2076.85283 17.900 0.031
2076.85866 17.862 0.031
2076.86160 17.936 0.035
2076.86741 17.963 0.036
2076.87031 17.922 0.038
2076.87671 17.945 0.034
2076.87962 17.903 0.035
2076.88543 17.915 0.033
2076.88836 17.941 0.038
2077.58337 17.627 0.026
2077.58633 17.636 0.028
2077.60399 17.700 0.028
2077.60692 17.646 0.026
2077.61467 17.721 0.026
2077.61760 17.725 0.029
2077.62559 17.706 0.025
2077.62853 17.735 0.026
2077.63434 17.706 0.023
2077.63729 17.703 0.023
2077.64726 17.750 0.021
2077.65017 17.749 0.023
2077.65601 17.798 0.022
2077.65894 17.773 0.023
2077.66475 17.808 0.022
2077.66767 17.768 0.022
2077.67350 17.806 0.022
2077.67639 17.796 0.022
2077.68568 17.839 0.023
2077.68859 17.821 0.025
2077.69444 17.869 0.023
2077.69738 17.851 0.024
2077.70322 17.905 0.025
2077.70615 17.881 0.027
2077.71199 17.901 0.026
2077.71491 17.888 0.027
2077.72072 17.887 0.026
2077.72365 17.878 0.027
2077.72947 17.889 0.026
2077.73240 17.871 0.027
2077.73923 17.904 0.030
2077.74219 17.907 0.036
2077.74802 17.930 0.030
2077.75096 17.885 0.030
2077.75681 17.890 0.025
2077.75976 17.940 0.027
2077.76558 17.911 0.026
2077.76851 17.903 0.027
2077.77432 17.926 0.029
2077.77725 17.942 0.030
2077.78643 18.004 0.029
2077.78938 17.951 0.027
2077.79519 17.948 0.029
2077.79809 17.970 0.029
2077.80390 17.991 0.029
2077.80684 17.943 0.027
2077.81269 17.954 0.027
2077.81563 17.931 0.026
2077.82145 17.971 0.027
2077.82438 17.950 0.028
2077.83020 17.959 0.030
2077.83314 17.971 0.033
2077.83932 18.068 0.045
2077.84225 18.012 0.033
2077.84805 18.046 0.037
2077.85098 18.090 0.040
2077.85681 18.082 0.046
2077.85974 18.071 0.041
2077.86557 18.068 0.037
2077.86848 18.100 0.036
2077.87425 18.077 0.038
2077.87716 18.067 0.037
2077.88299 18.052 0.040
2077.88592 18.070 0.039
2077.89198 18.052 0.038
2077.89489 18.075 0.040
2077.90071 18.007 0.043
2077.90367 17.997 0.043
2078.58929 17.942 0.032
2078.59219 17.867 0.031
2078.59800 17.938 0.034
2078.60094 17.917 0.032
2078.60677 17.936 0.033
2078.60971 17.916 0.032
2078.61552 17.926 0.029
2078.61844 17.871 0.031
2078.62429 17.972 0.033
2078.62721 18.003 0.034
2078.63305 17.909 0.029
2078.63599 18.009 0.033
2078.65343 17.945 0.024
2078.65637 17.930 0.026
2078.66218 17.921 0.023
2078.66510 17.937 0.025
2078.67094 17.990 0.025
2078.67388 17.951 0.025
2078.67968 18.000 0.027
2078.68263 17.951 0.029
2078.68846 17.973 0.026
2078.69140 17.965 0.028
2078.69721 17.968 0.027
2078.70013 17.994 0.030
2078.70686 17.984 0.027
2078.70979 18.021 0.029
2078.71577 18.077 0.029
2078.71872 18.042 0.029
2078.72452 18.069 0.027
2078.72744 18.048 0.026
2078.73325 18.087 0.028
2078.73619 18.068 0.030
2078.74200 18.027 0.027
2078.74492 18.131 0.032
2078.75075 18.096 0.032
2078.75368 18.096 0.033
2078.76379 18.080 0.031
2078.76672 18.004 0.031
2078.78265 17.712 0.024
2078.78557 17.662 0.023
2078.79142 17.499 0.021
2078.79435 17.478 0.021
2078.80018 17.405 0.020
2078.80310 17.379 0.020
2078.80891 17.380 0.020
2078.81185 17.411 0.020
2078.83496 17.505 0.022
2078.83791 17.500 0.022
2078.84375 17.514 0.025
2078.84667 17.549 0.025
2078.85248 17.557 0.025
2078.86202 17.537 0.025
2078.86497 17.605 0.027
2078.87072 17.611 0.028
2078.87365 17.654 0.032
2078.87947 17.634 0.030
2078.88240 17.641 0.030
2078.88825 17.705 0.035
2079.61930 18.019 0.034
2079.62222 18.091 0.042
2079.62802 18.078 0.038
2079.63097 18.005 0.043
2079.63683 17.890 0.029
2079.63977 17.878 0.032
2079.64558 17.719 0.026
2079.64852 17.623 0.025
2079.65431 17.551 0.021
2079.65727 17.458 0.021
2079.66308 17.393 0.019
2079.66603 17.400 0.021
2079.67289 17.404 0.018
2079.67583 17.437 0.019
2079.68164 17.410 0.018
2079.68456 17.451 0.020
2079.69040 17.444 0.019
2079.69331 17.471 0.021
2079.69911 17.518 0.022
2079.70202 17.525 0.022
2079.70783 17.569 0.023
2079.71077 17.534 0.022
2079.71661 17.523 0.021
2079.73070 17.597 0.021
2079.73364 17.612 0.023
2079.73949 17.634 0.023
2079.74242 17.615 0.024
2079.74824 17.621 0.023
2079.75116 17.633 0.025
2079.75696 17.645 0.022
2079.75986 17.673 0.024
2079.76570 17.682 0.022
2079.76862 17.684 0.024
2079.77443 17.685 0.021
2079.78392 17.723 0.025
2079.79311 17.752 0.025
2079.79604 17.745 0.026
2079.80185 17.768 0.026
2079.80478 17.754 0.028
2079.81061 17.776 0.029
2079.81356 17.783 0.031
2079.82108 17.804 0.036
2080.55266 17.431 0.017
2080.55559 17.455 0.018
2080.56711 17.498 0.018
2080.57005 17.539 0.020
2080.57583 17.537 0.018
2080.57875 17.519 0.020
2080.58455 17.533 0.018
2080.58749 17.538 0.019
2080.59328 17.595 0.020
2080.59620 17.605 0.021
2080.60202 17.617 0.019
2080.60494 17.659 0.021
2080.61074 17.632 0.024
2080.61368 17.620 0.023
2080.62544 17.683 0.023
2080.62838 17.650 0.022
2080.63422 17.678 0.022
2080.63716 17.691 0.023
2080.64297 17.697 0.023
2080.64591 17.712 0.023
2080.65177 17.717 0.023
2080.65470 17.688 0.023
2080.66048 17.746 0.023
2080.66342 17.711 0.023
2080.67514 17.759 0.023
2080.67809 17.754 0.023
2080.69678 17.842 0.029
2080.69972 17.820 0.028
2080.70554 17.809 0.028
2080.70845 17.808 0.027
2080.71428 17.869 0.028
2080.71720 17.842 0.027
2080.74805 17.902 0.025
2080.75097 17.906 0.026
2080.76051 17.875 0.025
2080.76345 17.879 0.026
2080.77481 17.930 0.027
2080.77774 17.939 0.026
2080.80020 17.940 0.029
2080.80314 17.953 0.029
2080.81055 17.963 0.030
2080.81348 17.938 0.030
2080.81932 17.988 0.034
2080.82227 17.974 0.036
2080.82807 18.001 0.035
2080.83101 17.972 0.035
2080.83969 17.944 0.035
2080.84846 17.994 0.040
2080.85724 17.979 0.046
2081.56627 17.759 0.023
2081.56920 17.858 0.028
2081.57616 17.817 0.025
2081.57910 17.856 0.028
2081.58490 17.835 0.025
2081.58783 17.858 0.028
2081.59555 17.896 0.026
2081.59848 17.892 0.027
2081.61509 17.847 0.028
2081.65783 17.911 0.027
2081.66077 17.948 0.029
2081.69927 17.970 0.029
2081.70219 17.970 0.029
2081.70808 17.970 0.030
2081.71103 18.000 0.031
2081.71687 18.020 0.032
2081.71987 17.972 0.031
2081.72563 18.058 0.030
2081.72859 17.995 0.031
2081.73439 18.037 0.032
2081.73731 18.068 0.033
2081.74314 18.043 0.033
2081.74607 18.080 0.033
2081.75394 18.124 0.033
2081.75688 18.053 0.032
2081.76271 18.087 0.033
2081.76567 18.115 0.034
2081.77148 18.141 0.035
2081.77442 18.082 0.033
2081.78026 18.120 0.035
2081.78318 18.086 0.036
2081.79834 17.889 0.030
2081.80125 17.851 0.029
2081.80708 17.688 0.023
2081.80999 17.686 0.024
2081.81583 17.480 0.021
2081.81875 17.452 0.020
2081.82786 17.444 0.019
2081.83077 17.392 0.020
2081.83952 17.413 0.019
2081.86475 17.538 0.020
2081.86834 17.533 0.020
2081.87962 17.561 0.026
2082.63985 18.096 0.035
2082.64280 18.139 0.038
2082.64861 18.097 0.035
2082.68219 17.456 0.020
2082.68513 17.390 0.019
2082.69294 17.387 0.018
2082.69589 17.396 0.019
2082.70231 17.402 0.019
2082.70523 17.440 0.020
2082.71108 17.464 0.023
2082.71402 17.430 0.021
2082.72356 17.512 0.022
2082.72649 17.504 0.022
2082.73527 17.531 0.021
2082.73821 17.546 0.022
2082.74402 17.575 0.023
2082.74694 17.566 0.022
2082.75275 17.593 0.021
2082.75565 17.639 0.023
2082.76382 17.613 0.021
2082.76677 17.608 0.022
2082.78055 17.669 0.022
2082.78348 17.692 0.023
2082.78930 17.658 0.023
2082.79222 17.694 0.023
2082.79806 17.677 0.022
2082.80097 17.698 0.024
2082.80677 17.714 0.023
2082.80971 17.726 0.024
2082.81553 17.759 0.025
2082.81847 17.709 0.023
2082.82428 17.757 0.025
2082.82723 17.739 0.024
2082.83680 17.775 0.027
2082.83972 17.752 0.025
2082.84556 17.822 0.029
2082.84849 17.793 0.027
2082.85433 17.822 0.028
2082.85727 17.800 0.028
2082.86309 17.832 0.030
2082.86602 17.818 0.029
2082.87185 17.966 0.036
2082.87479 17.870 0.032
2082.88062 17.951 0.038
2082.88358 17.917 0.034
2082.89623 17.900 0.035
2085.62793 18.027 0.036
2085.63080 18.041 0.041
2085.63649 18.021 0.036
2085.63939 18.097 0.042
2085.64506 18.081 0.038
2085.64798 18.096 0.041
2085.65371 18.083 0.036
2085.65662 18.084 0.040
2085.66233 18.105 0.036
2085.66521 18.130 0.041
2085.67091 18.128 0.036
2085.67382 18.052 0.036
2085.68217 17.956 0.035
2085.68505 17.886 0.036
2085.69075 17.777 0.031
2085.69361 17.701 0.031
2085.69931 17.646 0.029
2085.70221 17.549 0.029
2085.70792 17.403 0.022
2085.71082 17.364 0.024
2085.71663 17.393 0.023
2085.71953 17.417 0.025
2085.72527 17.374 0.023
2085.72816 17.445 0.026
2085.73505 17.464 0.024
2085.73794 17.452 0.024
2085.74364 17.493 0.026
2085.74656 17.504 0.026
2085.75587 17.580 0.030
2085.75876 17.547 0.027
2085.76598 17.530 0.026
2085.77536 17.603 0.027
2085.78189 17.633 0.029
2085.78478 17.639 0.033
2085.79206 17.600 0.027
2085.79494 17.641 0.029
2085.80064 17.656 0.029
2085.80353 17.676 0.032
2085.82309 17.684 0.031
2085.82598 17.744 0.032
2085.83168 17.702 0.032
2085.83456 17.719 0.029
2085.84027 17.693 0.036
2085.84315 17.782 0.034
2085.84886 17.745 0.036
2085.85175 17.740 0.039
2085.85747 17.788 0.037
2085.86037 17.713 0.038
2086.55194 17.792 0.025
2086.55481 17.757 0.027
2086.56053 17.672 0.022
2086.56343 17.583 0.022
2086.56914 17.429 0.018
2086.57202 17.423 0.019
2086.58887 17.414 0.019
2086.59175 17.413 0.020
2086.59750 17.443 0.020
2086.60037 17.451 0.020
2086.60610 17.461 0.018
2086.60899 17.500 0.020
2086.62541 17.540 0.019
2086.62829 17.575 0.020
2086.63403 17.560 0.020
2086.63691 17.560 0.020
2086.64261 17.615 0.021
2086.64548 17.610 0.021
2086.65121 17.627 0.022
2086.65410 17.608 0.022
2086.65980 17.643 0.022
2086.66270 17.658 0.023
2086.66842 17.668 0.022
2086.67132 17.683 0.022
2086.68017 17.713 0.021
2086.68306 17.714 0.021
2086.68873 17.676 0.021
2086.69161 17.701 0.022
2086.69729 17.725 0.023
2086.70018 17.720 0.023
2086.70590 17.708 0.022
2086.70878 17.691 0.024
2086.71455 17.748 0.026
2086.71745 17.804 0.029
2086.72797 17.816 0.029
2086.73088 17.793 0.029
2086.73664 17.773 0.026
2086.73953 17.790 0.027
2086.74527 17.826 0.027
2086.74814 17.826 0.027
2086.75386 17.842 0.027
2086.75675 17.866 0.028
2086.76246 17.832 0.027
2086.76535 17.907 0.029
2086.77577 17.879 0.029
2086.77865 17.858 0.028
2086.78437 17.866 0.028
2086.78727 17.810 0.028
2086.79301 17.912 0.031
2086.79592 17.889 0.030
2086.80541 17.872 0.031
2086.80830 17.877 0.031
2086.81399 17.884 0.031
2086.81687 17.970 0.035
2086.82259 17.894 0.030
2086.82549 17.931 0.033
2086.83504 17.963 0.037
2086.83795 17.912 0.034
2086.84367 17.976 0.039
2086.84658 18.031 0.041
2086.85228 17.890 0.036
2086.85519 18.026 0.048
2086.86091 17.925 0.042
2086.86379 17.963 0.043
2087.55752 17.681 0.023
2087.56046 17.712 0.024
2087.59914 17.802 0.022
2087.60209 17.809 0.024
2087.60787 17.782 0.022
2087.61082 17.832 0.025
2087.61660 17.869 0.027
2087.61954 17.829 0.026
2087.62535 17.843 0.024
2087.62827 17.815 0.024
2087.63409 17.905 0.025
2087.63703 17.953 0.029
2087.64284 17.876 0.025
2087.64578 17.846 0.026
2087.65180 17.975 0.027
2087.65476 17.891 0.027
2087.66056 17.871 0.025
2087.66352 17.904 0.027
2087.67263 17.891 0.025
2087.67559 17.880 0.027
2087.68138 17.871 0.025
2087.68432 17.886 0.027
2087.69076 17.937 0.027
2087.69371 17.939 0.028
2087.70821 17.927 0.026
2087.71697 17.913 0.025
2087.71993 17.985 0.027
2087.72575 17.999 0.028
2087.72870 17.936 0.026
2087.73454 17.920 0.026
2087.73750 17.986 0.027
2087.74334 17.949 0.025
2087.74628 17.970 0.029
2087.75209 17.953 0.026
2087.75502 18.057 0.029
2087.76256 18.051 0.028
2087.76551 18.003 0.026
2087.77131 17.959 0.025
2087.77426 18.037 0.027
2087.78006 18.030 0.027
2087.78301 18.034 0.027
2087.78881 18.061 0.029
2087.79175 18.060 0.029
2087.79755 18.037 0.029
2087.80049 18.128 0.030
2087.80630 18.205 0.036
2087.80924 18.043 0.030
2087.81553 18.102 0.034
2087.81847 18.051 0.030
2087.82429 18.074 0.031
2087.82720 18.047 0.032
2087.83300 18.055 0.034
2087.83596 18.086 0.036
2087.84471 17.918 0.031
2087.85346 17.620 0.026
2087.86218 17.458 0.021
2088.55489 17.918 0.033
2088.55786 17.900 0.034
2088.56685 17.892 0.032
2088.56977 17.931 0.034
2088.57556 17.972 0.034
2088.57851 17.937 0.033
2088.58433 17.921 0.030
2088.58730 17.915 0.031
2088.59312 18.002 0.032
2088.59609 17.904 0.030
2088.60207 17.961 0.030
2088.60499 17.976 0.036
2088.61082 17.936 0.029
2088.61378 17.958 0.031
2088.61961 17.975 0.031
2088.62254 17.995 0.032
2088.62839 17.950 0.029
2088.63134 17.974 0.033
2088.63867 17.989 0.029
2088.64161 17.994 0.031
2088.64745 18.028 0.031
2088.65041 17.991 0.031
2088.65624 18.039 0.030
2088.65917 18.042 0.032
2088.66500 18.081 0.032
2088.66797 18.074 0.033
2088.67619 18.113 0.033
2088.67912 18.075 0.032
2088.68549 18.132 0.032
2088.69419 18.104 0.031
2088.69713 18.079 0.033
2088.70292 17.993 0.031
2088.70588 17.969 0.029
2088.71168 17.828 0.028
2088.71463 17.760 0.027
2088.72469 17.516 0.022
2088.73565 17.425 0.019
2088.73859 17.373 0.019
2088.74439 17.378 0.018
2088.74735 17.434 0.020
2088.75314 17.399 0.018
2088.75608 17.422 0.020
2088.76188 17.434 0.022
2088.76481 17.523 0.025
2088.77373 17.529 0.023
2088.77668 17.542 0.022
2088.78249 17.525 0.024
2088.78548 17.552 0.023
2088.79130 17.567 0.023
2088.79423 17.554 0.025
2088.80006 17.587 0.028
2088.80301 17.634 0.030
2088.80886 17.616 0.027
2088.81180 17.631 0.027
2088.81760 17.652 0.027
2088.82055 17.705 0.031
2088.82677 17.598 0.028
2088.82971 17.648 0.026
2088.83550 17.654 0.027
2088.83843 17.723 0.032
2088.84428 17.673 0.034
2088.84722 17.712 0.034
2089.60741 17.383 0.022
2089.61034 17.404 0.024
2089.61615 17.418 0.022
2089.61908 17.435 0.023
2089.62486 17.437 0.022
2089.62781 17.491 0.023
2089.63361 17.529 0.023
2089.63654 17.580 0.028
2089.64236 17.510 0.022
2089.64530 17.515 0.024
2089.65153 17.539 0.021
2089.65445 17.587 0.023
2089.66021 17.636 0.025
2090.63951 17.840 0.032
2090.64245 17.849 0.034
2090.64831 17.909 0.033
2090.65125 17.847 0.030
2090.65825 17.863 0.029
2090.66119 17.848 0.028
2090.66702 17.879 0.030
2090.66997 17.849 0.029
2090.67577 17.906 0.033
2090.67890 17.920 0.033
2090.68468 17.918 0.040
2090.70421 17.974 0.037
2090.70715 17.960 0.037
2090.71295 17.994 0.042
2090.71589 17.922 0.036
2090.72169 17.889 0.037
2090.72461 17.960 0.036
2090.73040 17.952 0.038
2090.73332 17.941 0.037
2090.73913 17.912 0.032
2090.74206 17.958 0.034
2090.74788 17.948 0.036
2090.75084 18.000 0.046
2090.75745 17.900 0.031
2090.76041 17.935 0.030
2090.76620 17.981 0.031
2090.76914 17.956 0.032
2090.77493 17.990 0.032
2090.77788 17.951 0.032
2090.78369 17.999 0.032
2090.78664 17.950 0.030
2090.79246 17.953 0.029
2090.79543 17.965 0.028
2090.80127 17.999 0.030
2090.80420 18.000 0.031
2090.81334 18.032 0.041
2090.81627 17.997 0.036
2090.82207 18.066 0.043
2090.82501 18.086 0.051
2090.83642 18.072 0.044
2090.83936 18.151 0.051
2091.58381 17.923 0.032
2091.58676 17.876 0.031
2091.59258 17.942 0.030
2091.59555 17.943 0.029
2091.60137 17.955 0.028
2091.60431 17.907 0.029
2091.61206 17.920 0.028
2091.61502 17.929 0.028
2091.62820 17.953 0.027
2091.63115 17.947 0.027
2091.64867 17.975 0.028
2091.65270 17.956 0.028
2091.65933 18.000 0.029
2091.66227 17.996 0.030
2091.66805 18.029 0.029
2091.67740 18.088 0.031
2091.68033 18.033 0.032
2091.68618 18.073 0.033
2091.68916 18.087 0.033
2091.69495 18.057 0.032
2091.69790 18.013 0.032
2091.70370 18.155 0.034
2091.70666 18.067 0.032
2091.71271 18.125 0.033
2091.71565 18.057 0.032
2091.72142 18.105 0.033
2091.72437 18.042 0.031
2091.73016 17.972 0.028
2091.73309 17.919 0.029
2091.73891 17.731 0.023
2091.74185 17.710 0.024
2091.74769 17.570 0.019
2091.75063 17.475 0.019
2091.75881 17.370 0.018
2091.76173 17.395 0.020
2091.77170 17.395 0.018
2091.77465 17.432 0.020
2091.78046 17.436 0.022
2091.78342 17.464 0.021
2091.78922 17.466 0.019
2091.79215 17.495 0.019
2091.79798 17.498 0.019
2091.80094 17.548 0.022
2091.80675 17.557 0.020
2091.80969 17.558 0.022
2091.81552 17.541 0.021
2091.81846 17.584 0.024
2091.82443 17.559 0.022
2091.82741 17.576 0.023
2091.83367 17.573 0.024
2091.83661 17.600 0.025
2091.84243 17.669 0.025
2091.84537 17.659 0.026
2091.85120 17.619 0.024
2091.85414 17.703 0.028
2091.85993 17.667 0.027
2091.86285 17.641 0.028
2091.86863 17.743 0.029
2091.87157 17.672 0.030
2092.64121 17.428 0.020
2092.64416 17.420 0.020
2092.64999 17.465 0.020
2092.65296 17.483 0.021
2092.65880 17.469 0.021
2092.66173 17.537 0.022
2092.67034 17.535 0.021
2092.67328 17.550 0.025
2092.67910 17.538 0.025
2092.68206 17.548 0.024
2092.68785 17.624 0.032
2092.69081 17.588 0.023
2092.69665 17.603 0.023
2092.69959 17.593 0.024
2092.70541 17.627 0.026
2092.70837 17.617 0.023
2092.71418 17.670 0.025
2092.71714 17.724 0.028
2092.72946 17.691 0.023
2092.73240 17.687 0.024
2092.73822 17.738 0.024
2092.74117 17.708 0.027
2092.74882 17.697 0.026
2092.75175 17.742 0.027
2092.75754 17.723 0.028
2092.76047 17.753 0.029
2092.76628 17.734 0.030
2092.76922 17.765 0.030
2092.77503 17.743 0.030
2092.77798 17.794 0.033
2092.78379 17.825 0.033
2092.78672 17.834 0.035
2092.79427 17.806 0.032
2092.79724 17.755 0.030
2092.80305 17.893 0.038
2092.80598 17.826 0.036
2092.81177 17.877 0.035
2092.81470 17.798 0.034
2092.82695 17.824 0.048
2092.82988 17.862 0.044
2101.54876 17.925 0.031
2101.55169 18.025 0.036
2101.55749 17.953 0.032
2101.56043 17.957 0.032
2101.56621 17.982 0.029
2101.56917 17.967 0.031
2101.57498 17.932 0.027
2101.57793 17.982 0.032
2101.58369 17.917 0.029
2101.58661 17.946 0.032
2101.59244 17.952 0.035
2101.59540 17.980 0.035
2101.60700 18.042 0.031
2101.60995 18.118 0.039
2101.61575 18.083 0.040
2101.61873 18.041 0.034
2101.62456 18.065 0.030
2101.62751 18.051 0.031
2101.63331 18.048 0.032
2101.63626 18.093 0.034
2101.64202 18.127 0.034
2101.64495 18.124 0.036
2101.65141 18.025 0.033
2101.65437 17.985 0.030
2101.66040 18.004 0.033
2101.66334 17.955 0.031
2101.66914 17.848 0.028
2101.67209 17.748 0.027
2101.67790 17.665 0.024
2101.68084 17.623 0.024
2101.68664 17.458 0.022
2101.68958 17.417 0.022
2101.69539 17.381 0.021
2101.69833 17.370 0.020
2101.70412 17.388 0.020
2101.70706 17.414 0.022
2101.72132 17.477 0.021
2101.72427 17.480 0.023
2101.73008 17.511 0.024
2101.73964 17.547 0.024
2101.75527 17.584 0.025
2101.75822 17.620 0.030
2101.76399 17.585 0.028
2101.76695 17.582 0.028
2101.77278 17.622 0.026
2101.77573 17.693 0.028
2101.78151 17.577 0.026
2101.78446 17.657 0.032
2102.53314 17.819 0.023
2102.53609 17.714 0.023
2102.54191 17.661 0.020
2102.54486 17.625 0.021
2102.55249 17.398 0.017
2102.55544 17.393 0.019
2102.56123 17.369 0.017
2102.56419 17.391 0.020
2102.57699 17.444 0.019
2102.57994 17.440 0.020
2102.58575 17.443 0.018
2102.58872 17.474 0.020
2102.59451 17.461 0.019
2102.59745 17.535 0.022
2102.60327 17.553 0.022
2102.60623 17.524 0.021
2102.61202 17.536 0.020
2102.61496 17.541 0.020
2102.62080 17.564 0.020
2102.62375 17.586 0.022
2102.63011 17.581 0.020
2102.63307 17.610 0.022
2102.63888 17.627 0.021
2102.64183 17.603 0.021
2102.64826 17.672 0.023
2102.65119 17.697 0.020
2103.49708 17.619 0.023
2103.50001 17.575 0.023
2103.50580 17.660 0.023
2103.50874 17.655 0.026
2103.51625 17.641 0.022
2103.51923 17.633 0.025
2103.52502 17.622 0.022
2103.52796 17.666 0.024
2103.53378 17.689 0.024
2103.53673 17.695 0.026
2103.54249 17.705 0.024
2103.54544 17.730 0.023
2103.55125 17.727 0.023
2103.55418 17.752 0.025
2103.55995 17.723 0.024
2103.56289 17.755 0.025
2103.57185 17.756 0.021
2103.57481 17.791 0.024
2103.58063 17.759 0.021
2103.58359 17.785 0.024
2103.58938 17.778 0.022
2103.59235 17.834 0.024
2103.59815 17.815 0.020
2103.60111 17.826 0.022
2103.60757 17.865 0.022
2103.61052 17.865 0.022
2103.61633 17.842 0.019
2103.61929 17.834 0.022
2103.62509 17.869 0.021
2103.62804 17.882 0.024
2103.63382 17.869 0.021
2103.63674 17.862 0.022
2103.64312 17.912 0.020
2103.64607 17.828 0.023
2103.65186 17.900 0.022
2103.65481 17.858 0.023
2103.66175 17.891 0.021
2103.66471 17.885 0.024
2103.67058 17.917 0.023
2103.67354 17.936 0.026
2103.67931 17.914 0.023
2103.68224 17.928 0.024
2103.72031 17.967 0.029
2103.72327 17.970 0.030
2103.72909 17.935 0.030
2103.73207 17.964 0.029
2103.74082 17.971 0.031
2103.74662 18.078 0.040
2103.74956 18.016 0.034
2103.75538 18.013 0.032
2103.75834 17.976 0.030
2103.76410 18.033 0.031
2103.76706 18.005 0.029
2103.77285 18.064 0.029
2103.77580 18.039 0.028
2103.78160 18.046 0.030
2103.78454 18.051 0.028
2103.79033 18.130 0.030
2103.79328 18.059 0.027
2105.50333 18.005 0.038
2105.50627 18.073 0.039
2105.51593 18.135 0.040
2105.51998 18.094 0.040
2105.52609 18.018 0.035
2105.52902 18.093 0.037
2105.53482 18.097 0.034
2105.53777 18.084 0.036
2105.54357 18.019 0.034
2105.54651 18.050 0.036
2105.55229 17.951 0.031
2105.55524 17.944 0.034
2105.56351 17.705 0.024
2105.56644 17.647 0.025
2105.57223 17.512 0.019
2105.57518 17.490 0.020
2105.58100 17.385 0.016
2105.58396 17.389 0.018
2105.58972 17.385 0.016
2105.59270 17.388 0.018
2105.59922 17.418 0.016
2105.60219 17.439 0.018
2105.61152 17.466 0.018
2105.61765 17.475 0.017
2105.62059 17.517 0.018
2105.62948 17.523 0.017
2105.63243 17.548 0.018
2105.64029 17.548 0.017
2105.64325 17.567 0.019
2105.64905 17.597 0.019
2105.65200 17.603 0.019
2105.65546 17.598 0.019
2105.66159 17.639 0.019
2105.66455 17.628 0.021
2105.67033 17.639 0.020
2105.67330 17.665 0.021
2105.67909 17.659 0.021
2105.68205 17.650 0.021
2105.68783 17.664 0.020
2105.69079 17.720 0.021
2105.69659 17.708 0.020
2105.69956 17.682 0.020
2105.70535 17.713 0.020
2105.70830 17.698 0.020
2105.71153 17.698 0.021
2105.71445 17.723 0.022
2105.72177 17.768 0.022
2105.72470 17.772 0.022
2105.73048 17.766 0.022
2105.73342 17.796 0.025
2105.73920 17.808 0.024
2105.74216 17.791 0.024
2105.74797 17.785 0.024
2105.75092 17.760 0.024
2105.75671 17.760 0.027
2105.75966 17.847 0.028
2105.76546 17.848 0.028
2105.76845 17.799 0.027
2105.77462 17.862 0.029
2105.77758 17.838 0.028
2105.78336 17.857 0.029
2105.78631 17.879 0.029
2105.79210 17.870 0.034
2105.79509 17.918 0.036
2105.80093 17.954 0.036
2105.80391 17.944 0.037
2106.59248 17.772 0.025
2106.59545 17.808 0.028
2106.60210 17.802 0.025
2106.60510 17.753 0.025
2106.61137 17.800 0.024
2106.61431 17.842 0.028
2106.62012 17.819 0.026
2106.62309 17.885 0.031
2106.62888 17.867 0.031
2106.63185 17.814 0.029
2106.63841 17.911 0.029
2106.64136 17.889 0.029
2106.64716 17.885 0.028
2106.65011 17.830 0.029
2106.65593 17.899 0.029
2106.65890 17.882 0.031
2106.66499 17.859 0.025
2106.66795 17.888 0.028
2106.67377 17.908 0.025
2106.67673 17.875 0.027
2106.68251 17.934 0.027
2106.68548 17.906 0.029
2106.69122 17.920 0.028
2106.69994 17.947 0.028
2106.70292 17.935 0.029
2106.71833 17.881 0.028
2106.72413 17.903 0.025
2106.72710 17.898 0.027
2106.73287 17.950 0.027
2106.73584 17.972 0.036
2106.74164 17.950 0.031
2106.74459 18.003 0.033
2106.75036 17.973 0.032
2106.75329 18.001 0.036
2106.75910 17.949 0.033
2106.76205 17.980 0.036
2111.50915 17.977 0.032
2111.51213 17.980 0.032
2111.51790 17.977 0.038
2111.52090 18.030 0.037
2111.52667 18.011 0.036
2111.52964 17.965 0.037
2111.53544 18.062 0.046
2111.53837 18.046 0.040
2111.54716 18.077 0.039
2111.55298 18.048 0.039
2111.55592 18.062 0.040
2111.56217 18.123 0.038
2111.56516 18.141 0.043
2111.57097 18.136 0.038
2111.57389 18.058 0.040
2111.57973 18.125 0.041
2111.58270 18.146 0.042
2111.58846 18.139 0.038
2111.59143 18.134 0.043
2111.59724 18.014 0.035
2111.60019 17.998 0.037
2111.60596 17.801 0.026
2111.60890 17.694 0.026
2111.61509 17.656 0.028
2111.61805 17.584 0.031
2111.62443 17.444 0.024
2111.62740 17.399 0.025
2111.63618 17.426 0.029
2111.64197 17.450 0.027
2111.64495 17.480 0.028
2111.65073 17.463 0.025
2111.65372 17.487 0.023
2111.65948 17.469 0.021
2111.66244 17.517 0.024
2111.66868 17.517 0.024
2111.67165 17.530 0.026
2111.67742 17.568 0.024
2111.68039 17.571 0.026
2111.68618 17.574 0.025
2111.68915 17.544 0.027
2111.69492 17.657 0.028
2111.69788 17.597 0.030
2111.70662 17.683 0.029
2111.71539 17.676 0.030
2111.72470 17.721 0.032
2111.73343 17.760 0.036
2111.74216 17.800 0.037
2111.75092 17.703 0.029
2112.50173 17.395 0.021
2112.50470 17.403 0.021
2112.51136 17.445 0.020
2112.51432 17.468 0.023
2112.52438 17.453 0.020
2112.52732 17.509 0.024
2112.53313 17.468 0.021
2112.53610 17.525 0.024
2112.55267 17.580 0.024
2112.55565 17.581 0.025
2112.56142 17.600 0.024
2112.56437 17.564 0.025
2112.57572 17.652 0.024
2112.57867 17.630 0.025
2112.58446 17.634 0.023
2112.58742 17.672 0.024
2112.59775 17.665 0.020
2112.60076 17.678 0.022
2112.60654 17.658 0.019
2112.60949 17.692 0.022
2112.61530 17.731 0.020
2112.61827 17.691 0.022
2112.62402 17.714 0.021
2112.62699 17.726 0.024
2112.63277 17.727 0.021
2112.63574 17.750 0.024
2112.64162 17.775 0.021
2112.64457 17.804 0.024
2112.66347 17.754 0.021
2112.66642 17.790 0.024
2112.67221 17.836 0.022
2112.67518 17.854 0.025
2112.68098 17.842 0.024
2112.68392 17.857 0.026
2112.68971 17.836 0.023
2112.69269 17.862 0.026
2112.69848 17.876 0.025
2112.70281 17.881 0.028
2112.70884 17.855 0.025
2112.71181 17.902 0.027
2112.71761 17.896 0.025
2112.72057 17.885 0.027
2112.72635 17.897 0.025
2112.72933 17.962 0.029
2112.73517 17.893 0.026
2112.73812 17.869 0.026
2112.74391 17.946 0.027
2112.74686 17.931 0.027
2112.75331 17.856 0.025
2112.75627 17.968 0.028
2113.51288 17.849 0.035
2113.51586 17.837 0.036
2113.52163 17.824 0.036
2113.52462 17.805 0.036
2113.53041 17.788 0.034
2113.53337 17.873 0.039
2113.53970 17.846 0.034
2113.54266 17.871 0.037
2113.54846 17.848 0.031
2113.55143 17.873 0.036
2113.55721 17.851 0.029
2113.56017 17.898 0.033
2113.56594 17.900 0.032
2113.56887 17.908 0.033
2113.57465 17.908 0.032
2113.57759 17.895 0.033
2113.58339 17.891 0.027
2113.58635 17.934 0.031
2113.59266 17.917 0.029
2113.59562 17.912 0.033
2113.60142 17.947 0.038
2113.60437 18.029 0.045
2113.61015 17.948 0.036
2113.61311 17.982 0.036
2113.61922 17.933 0.034
2113.62217 18.000 0.038
2113.62797 17.965 0.033
2113.63092 17.933 0.034
2113.63667 17.977 0.035
2113.63966 18.033 0.038
2113.64622 17.984 0.031
2113.64918 17.965 0.035
2113.65499 17.960 0.036
2113.65796 18.052 0.037
2113.71240 18.103 0.038
2113.71536 18.073 0.038
2113.72115 18.063 0.035
2113.72413 18.073 0.037
2113.72989 18.022 0.033
2113.73287 18.154 0.042
2113.73865 18.086 0.036
2113.74161 18.165 0.044
2113.74740 18.106 0.038
2113.75035 18.064 0.035
2113.75611 18.078 0.040
2113.75910 17.973 0.039
2113.76535 17.909 0.037
2113.76831 17.720 0.032
2113.77707 17.573 0.031
2114.69080 17.504 0.022
2114.69378 17.533 0.024
2114.69958 17.539 0.023
2114.70253 17.562 0.027
2114.70833 17.563 0.024
2114.71130 17.591 0.029
2114.71713 17.564 0.023
2114.72011 17.635 0.030
2114.72784 17.641 0.027
2114.73080 17.613 0.027
2114.73760 17.695 0.029
2114.74057 17.622 0.029
2114.74631 17.710 0.032
2114.74929 17.691 0.033
2114.75729 17.742 0.032
2114.76028 17.683 0.033
2114.76608 17.743 0.032
2114.76905 17.754 0.031
2114.77488 17.690 0.029
2114.77785 17.677 0.029
2114.79498 17.732 0.031
2114.79797 17.773 0.031
2115.55031 17.509 0.027
2115.55328 17.463 0.024
2115.55907 17.529 0.024
2115.56202 17.513 0.025
2115.56942 17.590 0.025
2115.57238 17.585 0.028
2115.58381 17.563 0.025
2115.58678 17.593 0.028
2115.59258 17.632 0.025
2115.59553 17.639 0.028
2115.60130 17.633 0.026
2115.60429 17.701 0.029
2115.61524 17.677 0.031
2115.61819 17.728 0.036
2115.62395 17.720 0.033
2115.62691 17.742 0.035
2115.63275 17.771 0.035
2115.63570 17.670 0.034
2115.64159 17.723 0.027
2115.64683 17.748 0.031
2115.65312 17.734 0.027
2115.65607 17.781 0.030
2115.66184 17.752 0.029
2115.66482 17.834 0.032
2115.67062 17.809 0.030
2115.67357 17.826 0.033
2115.67933 17.778 0.027
2115.68229 17.871 0.035
2115.68808 17.824 0.030
2115.69102 17.820 0.030
2115.69685 17.823 0.029
2115.69982 17.880 0.033
2115.73419 17.927 0.034
2115.74529 17.950 0.031
2116.50651 17.744 0.031
2116.50948 17.728 0.034
2116.51528 17.764 0.032
2116.51824 17.765 0.038
2116.55956 17.870 0.032
2116.56251 17.795 0.030
2116.56831 17.840 0.030
2116.57128 17.880 0.032
2116.58642 17.900 0.034
2116.58942 17.926 0.037
2116.59806 17.891 0.029
2116.60102 17.865 0.029
2116.60740 17.902 0.028
2116.61037 17.965 0.032
2116.61613 17.907 0.029
2116.61913 17.972 0.033
2116.62494 17.953 0.031
2116.62791 17.908 0.029
2116.63370 17.955 0.031
2116.63666 17.967 0.031
2116.65382 17.964 0.029
2116.65678 17.923 0.029
2116.66253 17.911 0.027
2116.66549 17.964 0.029
2116.67131 17.965 0.027
2116.67428 18.001 0.031
2116.68007 18.002 0.031
2116.68304 17.966 0.029
2116.68882 17.986 0.029
2116.69181 18.007 0.029
2116.69755 18.050 0.034
2116.70050 17.958 0.030
2116.70751 17.994 0.030
2116.71048 18.055 0.033
2116.71627 17.969 0.029
2116.71926 17.973 0.030
2116.72506 18.040 0.030
2116.72802 18.075 0.034
2116.73380 18.024 0.032
2116.73677 18.075 0.036
2116.74253 18.037 0.036
2116.74551 18.088 0.038
2116.75461 18.056 0.034
2116.75758 18.052 0.037
2116.76340 18.113 0.037
2116.76637 18.044 0.037
2117.48725 17.923 0.029
2117.49022 17.926 0.031
2117.49606 17.855 0.027
2117.49903 17.906 0.029
2117.50525 17.947 0.029
2117.50819 17.923 0.028
2117.51396 17.963 0.028
2117.51694 17.903 0.027
2117.52271 17.944 0.028
2117.55409 17.912 0.028
2117.55705 17.937 0.030
2117.56282 17.974 0.030
2117.56580 17.971 0.032
2117.57157 17.955 0.030
2117.57455 17.937 0.030
2117.58101 18.031 0.033
2117.58397 18.001 0.033
2117.58977 18.022 0.032
2117.59272 18.020 0.030
2117.59852 18.083 0.032
2117.60149 18.063 0.030
2117.61055 18.074 0.029
2117.61349 18.109 0.032
2117.61931 18.097 0.030
2117.62228 18.105 0.031
2117.62807 18.096 0.030
2117.63103 18.055 0.029
2117.63688 18.099 0.029
2117.63983 18.051 0.032
2117.64561 17.963 0.027
2117.64860 17.904 0.027
2117.65439 17.756 0.025
2117.65736 17.711 0.025
2117.66355 17.582 0.021
2117.66652 17.552 0.023
2117.67237 17.411 0.022
2117.67533 17.417 0.021
2117.68112 17.380 0.018
2117.68411 17.392 0.021
2117.68991 17.373 0.020
2117.69288 17.464 0.023
2117.69867 17.465 0.020
2117.70160 17.480 0.021
2117.70902 17.501 0.020
2117.71197 17.512 0.023
2117.71777 17.487 0.020
2117.72073 17.519 0.022
2117.72652 17.573 0.021
2117.72948 17.527 0.023
2117.73529 17.540 0.021
2117.73827 17.580 0.024
2117.74403 17.601 0.023
2117.74699 17.620 0.025
2117.75272 17.608 0.024
2117.75570 17.627 0.028
2118.49489 18.099 0.036
2118.49786 18.128 0.038
2118.50365 18.002 0.033
2118.50661 18.024 0.036
2118.51242 17.937 0.033
2118.51541 17.829 0.031
2118.52121 17.700 0.027
2118.52417 17.635 0.031
2118.64024 17.658 0.021
2118.64321 17.655 0.022
2118.65295 17.697 0.022
2118.65592 17.697 0.022
2118.66171 17.744 0.023
2118.66467 17.717 0.023
2118.67049 17.717 0.023
2118.67346 17.762 0.029
2118.67924 17.770 0.027
2118.68223 17.779 0.026
2118.68799 17.774 0.025
2118.69095 17.776 0.024
2118.69675 17.798 0.027
2118.70086 17.834 0.026
2118.70692 17.806 0.024
2118.70988 17.788 0.025
2118.71565 17.819 0.027
2118.71863 17.821 0.028
2118.72441 17.804 0.027
2118.72736 17.886 0.034
2118.73321 17.870 0.027
2118.73619 17.871 0.027
2125.63682 17.855 0.039
2125.64150 17.785 0.041
2128.56705 17.651 0.021
2128.57003 17.669 0.023
2131.56377 17.582 0.020
2131.56674 17.602 0.022
2134.66675 17.742 0.030
2134.66975 17.758 0.036
2138.54419 17.733 0.028
2138.54720 17.780 0.031
2143.51767 18.107 0.046
2143.52040 18.174 0.055
2155.64420 18.106 0.059
2155.64720 18.174 0.066
2156.48328 18.063 0.037
2156.48627 18.048 0.044
2158.49164 17.838 0.025
2158.49461 17.918 0.032
2158.53461 17.935 0.028
2158.53762 17.962 0.031
2162.50112 18.035 0.036
2162.50413 18.015 0.036
2168.53590 17.922 0.037
2168.53885 18.054 0.040
2173.49387 17.729 0.036
2173.49686 17.652 0.035
2184.49712 17.966 0.048
2184.50009 17.972 0.046
2194.55176 17.611 0.027
2194.55447 17.498 0.025
2321.87019 17.999 0.039
2321.87307 18.021 0.045
2324.87230 17.941 0.031
2324.87519 17.926 0.032
2341.82879 18.014 0.036
2341.83166 17.942 0.037
2350.84190 17.997 0.028
2350.84477 18.001 0.029
2358.88135 17.856 0.030
2358.88424 17.810 0.027
2370.80960 17.393 0.021
2370.81249 17.412 0.021
2381.80499 17.875 0.029
2381.80789 17.880 0.028
2384.78749 17.773 0.026
2384.79037 17.818 0.028
2388.84731 18.030 0.031
2388.85023 18.029 0.033
2391.68985 17.817 0.043
2391.69275 17.801 0.045
2400.68770 17.588 0.026
2400.69063 17.667 0.026
2402.80267 17.505 0.021
2402.80557 17.507 0.021
2404.83958 18.001 0.030
2404.84251 18.006 0.027
2414.60114 17.873 0.047
2414.61026 17.868 0.045
2414.61966 17.873 0.039
2414.63051 17.879 0.041
2414.64075 17.875 0.043
2414.65895 17.879 0.039
2414.66939 17.920 0.043
2414.67833 17.917 0.037
2414.68729 17.890 0.034
2414.69635 17.928 0.032
2414.70973 17.966 0.034
2414.72089 17.912 0.029
2414.73163 17.964 0.029
2414.74051 17.997 0.029
2414.74957 17.932 0.027
2414.75861 18.005 0.028
2414.76761 18.033 0.030
2414.77468 18.002 0.030
2414.78359 18.075 0.032
2414.79318 18.052 0.032
2414.80206 18.108 0.036
2414.81130 18.133 0.040
2414.82196 18.086 0.035
2414.83112 17.964 0.033
2414.84152 17.694 0.025
2414.85062 17.502 0.020
2414.85854 17.395 0.019
2414.86148 17.387 0.019
2414.86843 17.378 0.019
2414.87750 17.418 0.021
2414.88637 17.455 0.022
2414.89911 17.529 0.025
2414.91050 17.575 0.027
2414.92833 17.632 0.035
2414.93245 17.633 0.030
2414.93571 17.635 0.031
2414.93936 17.635 0.035
2415.72058 17.404 0.024
2415.72351 17.432 0.023
2416.74275 17.790 0.027
2416.74571 17.827 0.029
2417.59416 17.781 0.045
2417.61864 17.824 0.045
2417.63944 17.804 0.036
2417.64895 17.902 0.036
2417.65788 17.927 0.036
2417.66801 17.877 0.034
2417.67719 17.897 0.036
2417.68690 17.902 0.037
2417.69591 17.906 0.035
2417.70656 17.930 0.035
2417.71834 17.894 0.033
2417.72128 18.006 0.035
2417.72735 17.900 0.032
2417.73632 17.926 0.034
2417.74846 17.971 0.034
2417.75736 17.967 0.036
2417.76685 17.968 0.036
2417.77609 17.965 0.034
2417.78508 17.968 0.032
2417.79456 18.034 0.039
2417.80393 18.065 0.040
2417.81463 18.120 0.042
2417.82346 18.097 0.037
2417.83232 18.147 0.041
2417.84120 18.095 0.037
2417.85268 17.957 0.035
2417.86163 17.777 0.029
2417.87075 17.594 0.025
2417.88301 17.418 0.021
2417.89203 17.380 0.022
2417.91857 17.457 0.028
2417.92197 17.500 0.035
2424.76068 18.055 0.062
2424.76361 17.916 0.062
2426.57757 17.567 0.033
2426.59343 17.601 0.024
2426.60264 17.619 0.029
2426.61593 17.649 0.027
2426.62504 17.720 0.028
2426.63397 17.697 0.030
2426.64427 17.719 0.029
2426.65339 17.756 0.027
2426.66260 17.755 0.026
2426.67194 17.784 0.028
2426.67492 17.768 0.027
2426.68175 17.775 0.027
2426.69063 17.786 0.028
2426.70066 17.819 0.025
2426.71069 17.859 0.027
2426.71985 17.798 0.030
2431.80628 17.642 0.022
2431.80926 17.635 0.020
2433.73344 17.940 0.030
2433.73642 17.952 0.030
2434.80649 17.603 0.021
2434.80945 17.588 0.021
2436.57924 17.724 0.027
2436.58220 17.740 0.030
2438.61141 17.420 0.021
2438.61435 17.421 0.021
2440.59264 17.945 0.029
2440.59561 17.934 0.031
2442.61073 17.642 0.024
2442.61343 17.726 0.026
2444.70336 17.530 0.024
2444.70605 17.508 0.027
2446.63790 17.920 0.031
2446.64060 17.895 0.030
2448.52439 17.881 0.064
2448.52739 17.942 0.059
2448.54209 17.554 0.048
2448.55101 17.387 0.041
2448.55993 17.437 0.040
2448.57055 17.403 0.048
2448.57749 17.390 0.046
2448.58634 17.523 0.044
2448.59540 17.651 0.069
2448.60443 17.654 0.064
2448.61341 17.680 0.063
2448.62353 17.622 0.059
2448.63245 17.671 0.061
2448.64146 17.745 0.066
2448.65030 17.652 0.057
2448.66042 17.715 0.033
2448.66940 17.695 0.027
2448.67825 17.658 0.048
2448.68709 17.752 0.047
2448.69719 17.707 0.033
2448.70601 17.767 0.071
2448.71735 17.752 0.076
2448.72641 17.747 0.077
2448.73551 17.835 0.082
2448.74441 17.825 0.096
2448.75631 17.793 0.091
2448.76517 17.953 0.108
2448.79362 17.906 0.107
2448.80550 17.872 0.115
2448.83606 18.088 0.154
2448.84812 17.951 0.135
2453.73371 17.407 0.025
2453.73666 17.404 0.022
2454.52468 18.053 0.044
2454.54857 18.125 0.037
2454.55753 18.060 0.033
2454.56649 18.014 0.029
2454.57719 17.797 0.025
2454.58607 17.583 0.020
2454.59489 17.402 0.017
2454.60383 17.379 0.018
2454.61282 17.411 0.019
2454.63062 17.472 0.022
2454.63966 17.509 0.020
2454.64861 17.532 0.021
2454.65908 17.561 0.021
2454.66821 17.610 0.022
2454.67707 17.609 0.024
2454.68680 17.611 0.022
2454.69653 17.662 0.023
2454.70534 17.682 0.023
2454.71600 17.700 0.022
2454.72492 17.680 0.023
2454.73382 17.783 0.028
2454.74292 17.723 0.026
2454.75346 17.790 0.027
2454.76228 17.804 0.029
2454.77109 17.839 0.036
2454.78464 17.811 0.038
2458.73095 17.931 0.032
2458.73393 17.937 0.033
2462.71975 18.031 0.027
2462.72273 18.036 0.026
2463.81682 17.795 0.025
2463.81981 17.739 0.024
2465.46506 17.549 0.036
2465.47403 17.590 0.031
2465.48323 17.641 0.031
2465.49219 17.637 0.031
2465.50123 17.667 0.027
2465.52029 17.665 0.025
2465.52943 17.784 0.029
2465.53950 17.758 0.027
2465.54849 17.788 0.026
2465.55750 17.765 0.025
2465.56646 17.834 0.026
2465.58092 17.825 0.025
2465.58996 17.882 0.028
2465.59921 17.888 0.026
2465.60827 17.884 0.025
2465.61861 17.894 0.027
2465.62822 17.903 0.025
2465.63796 17.906 0.026
2465.64795 17.921 0.025
2465.65723 17.952 0.028
2465.66613 17.944 0.027
2465.67597 17.956 0.028
2465.68492 17.963 0.026
2465.69394 17.965 0.027
2465.70298 17.962 0.028
2465.71217 17.979 0.028
2465.72139 17.980 0.028
2465.73042 18.031 0.031
2465.74066 17.990 0.028
2465.74963 18.060 0.030
2465.75867 18.086 0.030
2465.76553 18.130 0.042
2465.77452 18.116 0.043
2465.78593 18.116 0.042
2465.79477 18.034 0.041
2465.80367 17.872 0.032
2465.81278 17.683 0.031
2465.82251 17.532 0.028
2465.83147 17.396 0.023
2465.84248 17.437 0.025
2466.46291 17.921 0.046
2466.47175 17.935 0.036
2466.48065 17.891 0.032
2466.48963 17.887 0.029
2466.50234 17.927 0.029
2466.51152 17.883 0.029
2466.52054 17.901 0.032
2466.52952 17.891 0.029
2466.53998 17.925 0.027
2466.54915 17.986 0.031
2466.55848 17.945 0.026
2466.56215 17.984 0.028
2466.56808 17.906 0.027
2466.57700 17.960 0.028
2466.71596 17.453 0.021
2466.72507 17.471 0.023
2466.73407 17.567 0.027
2466.74332 17.567 0.026
2466.74680 17.533 0.026
2466.74979 17.611 0.030
2466.75931 17.613 0.028
2466.76807 17.619 0.025
2466.77743 17.626 0.025
2466.79001 17.705 0.029
2466.79904 17.724 0.032
2466.80971 17.681 0.028
2466.81862 17.759 0.035
2466.82854 17.745 0.034
2466.83737 17.744 0.033
2466.84634 17.753 0.038
2468.46189 17.558 0.043
2470.46218 17.967 0.057
2470.46516 18.008 0.051
2470.47159 17.978 0.044
2470.48048 18.011 0.042
2470.49118 18.062 0.052
2470.50450 18.110 0.042
2470.51117 18.065 0.043
2470.52037 18.123 0.038
2470.53036 18.104 0.036
2470.53943 18.074 0.037
2470.54885 18.012 0.031
2470.55772 17.799 0.027
2470.57682 17.420 0.019
2470.58566 17.390 0.019
2470.59471 17.441 0.020
2470.60381 17.445 0.021
2470.61281 17.458 0.020
2470.62319 17.538 0.021
2470.63210 17.570 0.022
2470.64490 17.566 0.021
2470.66016 17.629 0.021
2470.66917 17.633 0.023
2470.67802 17.660 0.022
2470.68699 17.676 0.022
2470.69891 17.707 0.022
2470.70799 17.727 0.022
2470.71789 17.749 0.023
2470.72671 17.769 0.024
2470.73628 17.784 0.024
2470.74526 17.784 0.027
2470.75439 17.828 0.028
2470.76331 17.813 0.027
2470.77287 17.923 0.029
2470.78205 17.850 0.027
2470.79136 17.924 0.033
2470.80406 17.884 0.031
2470.81323 17.914 0.034
2470.82245 17.947 0.040
2472.67213 18.011 0.027
2472.68097 18.031 0.029
2472.69128 18.076 0.029
2472.70023 18.054 0.028
2472.70912 17.979 0.026
2472.71931 17.762 0.023
2472.73262 17.512 0.020
2472.74220 17.367 0.017
2472.75127 17.392 0.020
2472.76016 17.409 0.018
2472.76991 17.472 0.018
2474.46247 17.456 0.030
2474.46546 17.420 0.027
2474.47380 17.361 0.027
2474.48269 17.426 0.040
2474.61134 17.762 0.027
2474.62067 17.762 0.024
2474.62972 17.826 0.027
2474.63908 17.829 0.027
2474.64919 17.835 0.026
2474.65834 17.847 0.027
2474.66747 17.853 0.028
2474.67784 17.873 0.029
2474.68692 17.879 0.030
2474.69752 17.894 0.028
2474.70637 17.940 0.033
2482.61915 18.127 0.043
2482.62214 18.108 0.040
2485.62915 18.031 0.038
2485.63215 18.102 0.042
2489.70001 17.660 0.022
2489.70299 17.727 0.024
2492.64469 17.485 0.020
2494.69903 18.133 0.036
2497.50157 17.748 0.027
2497.50460 17.769 0.029
2499.53738 17.410 0.019
2499.54039 17.442 0.022
2501.56513 17.971 0.028
2503.48859 17.595 0.067
2503.49162 17.719 0.062
2511.54530 18.099 0.043
2511.54830 18.033 0.039
2521.51374 18.038 0.032
2521.51672 18.039 0.033
2526.54389 17.896 0.028
2526.54693 17.869 0.028
2537.47505 18.138 0.069
2537.47811 18.005 0.052
2540.49166 18.125 0.048
2540.49470 18.094 0.048
2546.50226 18.048 0.043
2546.50525 18.038 0.038
2550.48040 17.573 0.040
2550.48652 17.499 0.028
2554.55539 17.823 0.031
2554.55841 17.832 0.030
2558.49192 17.912 0.043
2558.49496 17.936 0.042
2565.48782 18.063 0.068
2693.88926 17.577 0.026
2693.89219 17.515 0.023
2698.88723 17.904 0.029
2698.89013 17.879 0.028
2711.87027 17.886 0.026
2721.77936 17.925 0.067
2721.79719 17.997 0.076
2721.81312 17.994 0.074
2721.83541 17.990 0.084
2721.84737 17.967 0.074
2721.86303 18.011 0.081
2721.87771 17.984 0.080
2721.90102 18.117 0.074
2721.91165 18.140 0.080
2721.92050 18.081 0.091
2730.89105 17.921 0.026
2743.76745 17.861 0.026
2743.77029 17.891 0.028
2748.78598 17.449 0.023
2748.78884 17.471 0.032
2755.77588 17.713 0.022
2755.77874 17.664 0.022
2758.92729 17.866 0.036
2758.93016 17.966 0.041
2765.78399 17.821 0.024
2765.78688 17.863 0.028
2769.76862 17.897 0.031
2769.77149 17.943 0.029
2782.70485 17.907 0.029
2784.69609 17.642 0.019
2784.69899 17.643 0.020
2786.58164 17.975 0.048
2786.58455 17.937 0.049
2788.68346 17.830 0.023
2788.68634 17.845 0.025
2790.78856 17.765 0.025
2790.79144 17.781 0.028
2792.52842 17.820 0.043
2794.55196 17.379 0.032
2794.55466 17.383 0.031
2796.56046 17.952 0.030
2796.56337 17.967 0.030
2802.55533 17.904 0.058
2802.55824 17.913 0.048
2808.62355 17.899 0.029
2808.63079 17.935 0.034
2810.56612 17.502 0.023
2810.56903 17.530 0.024
2812.56799 18.024 0.037
2812.57090 17.933 0.032
2813.81172 17.911 0.030
2813.81465 17.898 0.030
2815.59032 17.962 0.029
2815.59325 17.947 0.028
2816.65576 17.655 0.021
2817.77043 17.992 0.032
2817.77333 17.935 0.033
2818.66527 18.074 0.030
2819.75935 17.818 0.031
2819.76228 17.850 0.030
2821.65763 17.995 0.034
2826.64829 17.764 0.027
2830.77849 18.092 0.047
2830.78143 18.060 0.047
2835.47491 17.939 0.045
2835.47782 17.958 0.047
2837.49370 17.830 0.035
2837.49663 17.882 0.039
2838.72418 17.698 0.025
2838.72714 17.674 0.026
2840.49577 17.817 0.032
2840.49871 17.792 0.033
2842.53224 17.526 0.024
2842.53514 17.574 0.025
2844.60836 18.125 0.030
2848.53607 17.425 0.032
2848.54648 17.423 0.029
2851.53080 17.928 0.029
2851.53374 17.974 0.034
2853.52865 17.860 0.030
2853.53159 17.944 0.033
2853.54060 17.912 0.031
2853.57767 17.927 0.026
2854.47799 17.955 0.037
2854.49041 18.026 0.040
2854.51895 18.085 0.037
2854.53985 18.078 0.034
2854.56145 17.817 0.027
2854.58118 17.408 0.021
2854.61779 17.504 0.029
2854.63296 17.530 0.027
2854.64531 17.588 0.024
2854.66402 17.634 0.028
2854.68446 17.652 0.029
2854.70532 17.679 0.035
2854.72477 17.773 0.035
2854.73730 17.797 0.036
2854.75157 17.815 0.037
2854.75453 17.808 0.033
2854.78219 17.936 0.047
2855.52631 17.617 0.031
2855.54818 17.680 0.027
2855.57011 17.722 0.028
2855.60741 17.811 0.036
2855.65903 17.876 0.040
2856.49445 17.896 0.036
2856.58183 17.901 0.029
2856.66539 18.109 0.036
2857.48826 17.958 0.039
2857.71452 17.659 0.026
2858.46566 17.452 0.035
2862.49084 17.742 0.037
2862.49376 17.881 0.046
2864.49781 17.781 0.036
2864.50077 17.762 0.038
2865.55629 17.802 0.025
2865.58847 17.851 0.025
2866.64757 17.994 0.035
2867.65300 17.652 0.024
2867.65598 17.719 0.029
2867.69807 17.783 0.026
2867.71936 17.849 0.030
2867.72930 17.814 0.032
2867.73251 17.851 0.031
2867.73556 17.845 0.034
2867.73861 17.870 0.034
2868.51132 17.677 0.023
2868.51429 17.670 0.025
2869.58563 18.015 0.031
2871.47390 17.527 0.024
2871.47684 17.525 0.025
2871.51151 17.624 0.025
2871.71129 17.921 0.029
2872.50170 17.878 0.030
2872.67540 18.099 0.032
2872.70262 17.832 0.026
2874.57627 17.706 0.025
2875.53658 17.882 0.027
2875.61249 17.992 0.039
2875.61544 17.970 0.036
2875.69346 18.050 0.040
2876.49411 17.966 0.033
2877.52165 17.514 0.025
2877.64804 17.831 0.029
2878.49816 17.799 0.026
2878.56930 17.874 0.025
2879.55036 17.999 0.031
2879.55333 18.013 0.030
2880.70010 17.863 0.033
2881.65634 18.016 0.028
2882.50044 17.959 0.036
2884.47335 17.628 0.036
2884.47633 17.608 0.032
2892.50218 18.041 0.041
2892.51419 18.034 0.046
2896.57802 17.634 0.022
2896.58101 17.672 0.024
2899.60146 17.629 0.020
2899.60441 17.600 0.022
2905.54135 17.622 0.031
2905.54431 17.570 0.032
2909.51216 17.636 0.027
2909.51514 17.592 0.029
2912.53477 17.588 0.024
2912.53773 17.646 0.026
2921.59534 17.566 0.037
2921.59831 17.646 0.036
2926.56257 17.964 0.034
2926.56551 17.958 0.036
3040.88078 17.708 0.037
3040.88363 17.716 0.041
3044.85536 17.985 0.049
3044.85820 17.918 0.037
3046.86528 17.592 0.031
3046.86814 17.617 0.028
3047.85403 17.826 0.032
3047.85686 17.816 0.027
3055.87169 17.397 0.020
3055.87452 17.438 0.020
3058.88993 17.501 0.020
3064.81044 17.937 0.043
3064.81324 18.037 0.039
3067.88390 17.991 0.026
3070.84543 18.030 0.041
3070.89257 17.972 0.029
3071.87693 17.451 0.020
3073.80092 17.919 0.035
3075.83947 17.632 0.026
3075.84225 17.674 0.024
3079.88409 17.899 0.031
3079.88686 17.896 0.036
3082.85735 17.851 0.024
3082.86016 17.841 0.027
3084.89668 17.610 0.017
3086.82903 17.947 0.023
3086.83181 17.891 0.024
3088.78653 17.615 0.018
3089.89577 17.991 0.024
3091.81595 17.668 0.021
3091.81875 17.658 0.021
3096.85406 18.098 0.035
3096.85686 18.133 0.038
3098.83457 17.854 0.023
3098.83736 17.838 0.024
3100.79506 17.386 0.019
3100.79783 17.401 0.017
3101.90156 17.940 0.028
3101.90434 17.874 0.030
3103.76632 18.064 0.031
3103.76910 18.053 0.030
3104.88084 17.806 0.070
3108.75891 17.817 0.023
3108.76167 17.819 0.024
3109.79382 18.044 0.029
3109.79661 18.040 0.028
3110.82546 17.613 0.020
3110.82828 17.632 0.022
3111.85665 17.943 0.026
3112.77429 17.940 0.024
3112.77709 18.048 0.027
3113.86407 17.660 0.020
3113.86686 17.663 0.022
3114.77560 17.798 0.022
3114.77838 17.791 0.023
3115.85666 18.062 0.027
3115.86120 18.119 0.031
3116.91449 17.701 0.026
3116.91732 17.722 0.025
3118.91822 17.770 0.026
3122.90162 17.598 0.026
3122.90439 17.621 0.027
3125.86188 17.423 0.022
3125.86465 17.423 0.023
3126.89027 17.870 0.028
3127.79298 17.875 0.029
3127.79578 17.866 0.028
3128.81136 18.080 0.029
3128.81415 18.081 0.032
3130.68937 17.673 0.028
3130.69216 17.579 0.027
3135.85426 17.569 0.020
3137.92972 17.687 0.026
3137.93253 17.649 0.027
3138.69243 17.951 0.033
3138.69522 17.935 0.033
3139.86373 17.840 0.024
3139.86654 17.840 0.025
3140.86946 17.982 0.030
3140.87225 17.999 0.030
3140.90258 18.044 0.032
3142.75778 17.542 0.019
3142.76055 17.616 0.021
3144.77868 18.060 0.028
3144.78149 18.009 0.031
3146.77847 17.867 0.027
3146.78130 17.825 0.029
3151.74126 17.867 0.029
3151.74408 17.820 0.030
3151.89394 17.736 0.031
3151.89676 17.741 0.028
3152.74455 17.671 0.024
3152.74737 17.653 0.025
3153.74930 17.941 0.033
3153.75212 17.928 0.034
3154.81079 17.408 0.022
3154.81363 17.478 0.025
3156.83051 17.982 0.033
3156.83333 17.887 0.030
3158.90120 17.957 0.054
3158.90401 17.894 0.045
3162.80550 17.910 0.032
3162.80832 17.904 0.031
3163.61482 17.799 0.024
3164.72710 17.398 0.019
3165.74794 17.761 0.021
3165.75076 17.754 0.023
3166.89306 17.400 0.028
3166.89589 17.382 0.027
3167.74593 17.435 0.021
3167.74876 17.381 0.023
3168.74111 17.677 0.021
3168.74394 17.674 0.024
3169.71700 17.940 0.029
3170.79455 17.430 0.017
3170.79736 17.430 0.017
3171.81721 17.824 0.022
3171.82006 17.795 0.021
3172.74423 17.883 0.022
3172.74707 17.907 0.025
3174.70053 17.492 0.017
3175.71047 17.810 0.021
3177.75044 17.609 0.033
3178.77418 17.868 0.024
3178.77701 17.800 0.024
3179.78392 18.094 0.032
3179.78676 18.112 0.033
3180.71227 17.352 0.015
3182.76372 17.961 0.028
3182.76659 18.017 0.031
3183.73236 17.403 0.020
3183.73524 17.351 0.019
3184.69020 17.663 0.019
3184.69303 17.613 0.020
3185.74282 17.985 0.032
3185.85790 18.009 0.034
3185.87937 17.623 0.028
3190.63676 17.455 0.023
3191.77823 17.972 0.035
3193.52836 17.956 0.031
3194.58705 17.596 0.027
3194.58989 17.531 0.025
3195.63433 17.859 0.023
3195.63717 17.913 0.024
3195.79202 18.028 0.027
3195.79485 18.008 0.026
3196.53745 17.941 0.033
3197.50497 18.089 0.033
3199.61473 17.974 0.033
3199.61760 18.074 0.033
3201.50657 17.567 0.022
3201.50944 17.631 0.021
3202.47390 17.782 0.032
3202.56101 17.911 0.026
3202.63017 17.956 0.031
3202.75567 17.438 0.020
3202.79234 17.553 0.022
3202.82853 17.570 0.030
3203.46962 17.988 0.035
3203.65048 17.529 0.019
3204.64375 17.824 0.022
3204.64660 17.828 0.024
3205.75522 17.465 0.019
3205.76688 17.395 0.017
3206.70935 17.619 0.021
3206.71223 17.651 0.022
3207.65791 17.842 0.029
3207.66076 17.879 0.032
3209.70296 17.539 0.022
3209.70588 17.622 0.021
3210.53672 17.432 0.021
3210.53961 17.453 0.024
3210.64614 17.697 0.025
3210.73364 17.983 0.037
3211.48856 17.685 0.025
3211.57520 17.871 0.027
3211.57807 17.880 0.029
3211.69245 17.912 0.031
3217.46637 17.476 0.025
3217.47623 17.470 0.023
3217.64378 17.885 0.028
3218.64209 17.995 0.039
3218.64498 18.033 0.036
3219.59333 17.386 0.028
3223.64335 17.884 0.038
3223.64623 17.782 0.036
3224.68887 17.976 0.030
3226.60618 17.713 0.029
3228.59258 18.053 0.030
3228.59549 18.140 0.036
3229.62508 17.632 0.021
3229.62796 17.668 0.022
3230.65867 17.930 0.027
3231.56199 17.922 0.029
3231.56488 17.919 0.032
3232.58990 17.528 0.026
3238.61386 17.434 0.020
3238.65420 17.565 0.025
3239.68974 17.855 0.033
3240.67085 18.092 0.047
3245.54564 17.535 0.023
3245.54852 17.466 0.019
3246.64934 17.906 0.036
3246.65224 17.977 0.036
3247.61549 18.142 0.040
3249.51743 17.719 0.027
3249.52031 17.757 0.029
3250.65018 17.988 0.037
3250.65307 17.951 0.035
3251.49826 18.016 0.036
3251.59855 17.470 0.019
3251.64976 17.709 0.026
3253.51445 17.926 0.036
3253.51737 17.985 0.033
3256.62725 17.904 0.034
3256.63014 17.929 0.034
3259.61406 17.960 0.036
3259.61960 17.992 0.036
3264.52422 17.424 0.022
3264.52709 17.428 0.021
3267.52331 17.490 0.022
3267.52620 17.398 0.025
3272.57873 17.909 0.035
3272.58162 17.979 0.036
3275.56167 17.958 0.037
3275.56458 17.956 0.042
3278.59060 17.946 0.036
3278.59349 17.944 0.036
3281.58952 17.867 0.024
3281.60025 17.876 0.023
3288.53718 17.961 0.026
3288.54008 17.924 0.025
3293.50776 17.565 0.019
3293.51065 17.637 0.020
3295.51795 17.927 0.023
3295.52085 18.004 0.024
3305.54167 17.382 0.023
3307.54072 18.093 0.066
3309.51660 17.688 0.033
3310.52622 17.998 0.042
3314.50671 17.948 0.053
3314.51011 18.000 0.055
3408.88185 17.681 0.026
3408.88462 17.644 0.027
3410.87793 18.147 0.041
3410.88473 18.073 0.037
3413.88277 18.156 0.042
3413.88556 18.121 0.041
3421.88901 17.775 0.021
3421.89178 17.702 0.019
3422.85895 17.907 0.033
3422.86168 17.864 0.028
3426.85454 18.116 0.035
3426.85731 18.008 0.030
3429.82767 18.061 0.043
3429.83041 18.013 0.043
3432.87996 18.072 0.045
3442.88236 17.782 0.021
3445.79519 17.950 0.025
3445.79797 17.897 0.022
3447.84580 17.820 0.025
3447.84859 17.780 0.024
3449.85843 17.508 0.017
3452.87903 17.471 0.016
3455.81331 18.115 0.039
3455.81607 18.039 0.035
3457.84678 17.929 0.025
3459.84196 17.628 0.021
3467.87187 18.049 0.025
3469.77775 17.647 0.019
3469.78051 17.644 0.018
3470.79072 17.930 0.025
3470.79348 17.872 0.023
3472.75314 17.514 0.019
3472.75591 17.451 0.018
3473.77293 17.827 0.024
3473.77571 17.855 0.027
3474.76957 18.034 0.032
3474.77237 18.057 0.032
3475.79515 17.554 0.018
3477.75700 17.943 0.026
3477.75977 17.980 0.026
3479.75583 17.721 0.019
3479.75860 17.732 0.018
3480.71598 17.891 0.024
3480.71874 17.874 0.023
3481.73390 18.117 0.035
3482.67623 17.471 0.023
3482.67900 17.456 0.022
3496.71345 17.908 0.027
3496.71626 17.946 0.028
3497.78498 17.405 0.022
3497.78781 17.492 0.025
3498.90661 17.919 0.026
3498.91109 17.870 0.030
3499.85612 18.074 0.026
3499.85893 18.055 0.027
3500.72233 18.059 0.030
3500.72514 18.077 0.029
3501.81875 17.749 0.022
3501.82158 17.840 0.023
3502.71460 17.840 0.022
3502.71742 17.829 0.021
3503.68379 17.960 0.025
3503.68661 17.940 0.023
3504.69854 17.455 0.020
3504.70133 17.471 0.020
3506.74234 17.976 0.024
3506.74514 18.032 0.031
3508.74653 17.833 0.026
3508.74935 17.826 0.028
3509.72500 17.962 0.024
3509.72782 18.009 0.027
3510.79482 17.597 0.020
3510.79760 17.588 0.021
3511.83394 17.938 0.027
3511.83673 17.954 0.027
3512.70311 17.936 0.034
3512.70641 17.966 0.033
3517.67944 17.486 0.028
3517.68222 17.497 0.029
3520.75467 17.706 0.026
3520.75750 17.598 0.024
3521.71188 17.812 0.022
3521.71471 17.784 0.020
3522.73992 18.007 0.023
3522.74274 17.949 0.022
3522.93112 17.674 0.026
3522.93395 17.673 0.025
3523.74441 17.547 0.015
3523.74723 17.541 0.016
3524.88960 18.100 0.036
3524.89241 18.185 0.044
3525.74278 17.972 0.024
3525.74562 17.981 0.025
3526.74625 17.488 0.018
3526.74905 17.503 0.021
3528.66711 17.891 0.024
3528.66990 17.863 0.023
3529.68946 18.106 0.022
3529.69227 17.952 0.020
3530.60453 17.400 0.016
3530.60734 17.407 0.015
3537.73536 17.928 0.023
3537.73817 17.978 0.027
3538.55386 17.826 0.029
3538.60102 17.967 0.031
3538.60666 17.897 0.024
3538.63175 17.897 0.026
3538.68725 17.892 0.025
3538.73637 17.956 0.026
3538.78384 17.632 0.021
3538.81495 17.399 0.018
3538.84381 17.462 0.019
3538.87524 17.542 0.025
3538.90769 17.708 0.032
3539.51083 17.924 0.042
3539.53042 18.070 0.050
3539.60989 18.040 0.032
3539.68199 17.414 0.020
3539.73745 17.602 0.020
3539.80860 17.741 0.023
3540.51620 17.502 0.031
3540.61626 17.599 0.023
3540.64718 17.721 0.023
3540.83437 17.971 0.038
3541.63152 17.915 0.033
3541.78057 18.043 0.033
3542.56565 17.822 0.034
3542.83831 17.673 0.050
3544.61196 17.783 0.036
3544.72217 17.942 0.028
3546.84126 18.032 0.042
3546.84410 17.861 0.043
3547.80554 18.076 0.038
3547.80836 18.065 0.043
3549.84020 17.917 0.033
3549.84801 17.907 0.035
3550.62918 17.812 0.027
3550.63202 17.796 0.027
3551.62841 17.895 0.020
3551.63161 17.962 0.023
3552.66286 17.504 0.018
3552.66733 17.548 0.019
3553.71453 17.863 0.032
3553.71738 17.967 0.035
3554.64982 17.883 0.033
3555.66194 17.450 0.018
3555.66479 17.419 0.020
3556.66970 17.801 0.023
3558.52450 17.955 0.031
3558.52735 17.904 0.030
3558.82324 17.738 0.027
3558.82609 17.775 0.028
3559.69317 17.780 0.023
3560.59450 17.835 0.022
3561.54228 17.900 0.027
3562.58293 17.396 0.020
3563.63361 17.862 0.021
3564.57139 17.906 0.030
3564.57425 17.990 0.033
3569.55961 17.597 0.031
3572.81223 17.970 0.045
3572.81507 17.903 0.050
3573.64318 17.968 0.034
3573.64605 17.992 0.036
3574.68309 17.461 0.019
3574.68595 17.440 0.019
3575.53058 17.365 0.016
3575.53344 17.410 0.016
3575.76719 17.897 0.028
3575.77005 17.905 0.028
3576.47399 17.649 0.023
3576.50563 17.700 0.022
3576.52929 17.778 0.022
3576.53553 17.750 0.021
3576.56937 17.849 0.024
3576.59549 17.890 0.031
3576.62253 17.886 0.025
3576.65195 17.912 0.026
3576.68449 17.974 0.032
3576.68735 17.911 0.033
3576.73632 17.998 0.030
3577.52434 17.942 0.025
3577.58460 18.086 0.030
3577.58745 17.993 0.033
3577.63169 18.114 0.029
3577.70998 17.497 0.017
3578.47803 18.090 0.030
3578.55518 17.400 0.016
3578.66918 17.741 0.021
3578.67206 17.699 0.022
3579.61462 17.889 0.023
3579.61750 17.789 0.023
3580.47338 17.929 0.031
3580.61533 18.017 0.027
3580.64784 18.141 0.029
3580.73281 17.543 0.027
3580.77667 17.593 0.033
3581.48375 18.006 0.034
3581.55874 17.418 0.019
3581.66775 17.684 0.019
3581.67061 17.609 0.019
3581.75638 17.902 0.038
3582.46531 17.477 0.031
3582.58673 17.772 0.019
3582.63955 17.891 0.025
3583.46339 17.793 0.043
3583.63000 17.983 0.026
3583.74987 17.431 0.024
3583.75281 17.369 0.022
3583.76998 17.529 0.027
3584.63869 17.535 0.016
3584.75330 17.808 0.025
3584.75615 17.676 0.025
3585.62900 17.823 0.021
3585.77460 18.039 0.030
3586.46947 17.748 0.030
3586.71410 17.940 0.022
3587.64873 17.589 0.026
3587.71438 17.707 0.028
3589.49306 17.720 0.021
3589.54506 17.783 0.021
3589.66765 17.909 0.021
3589.67054 17.880 0.022
3589.69740 18.023 0.026
3590.65160 17.414 0.015
3590.65448 17.353 0.016
3591.49752 17.392 0.018
3591.64564 17.720 0.021
3591.67514 17.794 0.019
3591.67802 17.767 0.021
3591.75825 17.876 0.026
3592.75108 18.031 0.032
3592.75423 18.013 0.030
3593.74208 17.642 0.025
3593.74495 17.645 0.024
3594.70429 17.837 0.027
3594.70716 17.866 0.032
3601.65283 17.857 0.026
3601.65572 17.867 0.028
3601.72213 17.911 0.032
3602.61344 17.961 0.028
3602.61631 17.951 0.030
3603.63343 17.496 0.020
3603.63634 17.480 0.022
3607.63181 17.740 0.021
3607.63470 17.745 0.024
3608.64715 17.946 0.028
3608.65006 18.018 0.032
3609.62771 17.549 0.020
3609.63060 17.509 0.021
3615.57495 17.949 0.026
3615.57781 17.964 0.029
3618.57656 17.922 0.028
3618.57944 17.913 0.031
3620.53972 17.659 0.017
3620.54264 17.615 0.019
3622.51763 18.001 0.033
3622.52050 18.069 0.037
3628.59381 18.024 0.038
3628.59671 18.094 0.045
3630.53314 17.814 0.036
3630.53603 17.803 0.038
3632.58328 17.559 0.024
3632.58615 17.579 0.027
3634.48385 17.907 0.032
3634.48675 17.983 0.036
3639.54274 17.633 0.018
3639.54561 17.644 0.020
3641.54118 18.089 0.040
3641.54407 18.054 0.041
3644.50148 17.961 0.036
3644.50439 18.003 0.036
3648.53330 17.406 0.020
3648.53623 17.421 0.023
3650.57858 18.016 0.025
3650.58738 18.032 0.036
3654.53737 17.813 0.036
3654.54028 17.750 0.036
3656.51861 17.862 0.033
3656.52150 17.958 0.033
3658.55044 17.695 0.039
3658.55330 17.648 0.035
3660.52305 18.025 0.038
3660.52593 18.039 0.043
3664.49986 17.364 0.020
3664.50273 17.389 0.020
3669.52773 17.909 0.042
3675.50517 17.850 0.044
3675.50804 17.964 0.044
3675.52524 17.840 0.035
3676.49774 18.004 0.056
3776.86388 17.541 0.024
3776.86666 17.585 0.026
3782.84860 17.388 0.022
3782.85138 17.410 0.022
3784.87392 17.957 0.027
3784.87670 17.911 0.025
3786.89348 17.795 0.030
3788.84275 18.030 0.032
3788.84686 18.045 0.037
3790.88652 17.900 0.029
3793.85379 17.852 0.024
3793.85656 17.857 0.023
3795.84037 17.492 0.026
3795.84399 17.482 0.020
3798.80442 17.947 0.028
3798.80720 17.862 0.026
3799.80466 17.687 0.032
3799.83136 17.700 0.027
3800.82351 17.940 0.032
3800.82630 17.918 0.034
3801.88301 17.422 0.019
3802.84859 17.681 0.022
3802.85137 17.731 0.028
3803.88390 17.967 0.025
3805.80025 17.511 0.021
3805.80308 17.556 0.020
3806.76661 17.824 0.029
3806.76939 17.807 0.028
3807.78573 17.944 0.039
3807.78847 18.043 0.039
3808.79336 17.420 0.020
3808.79614 17.473 0.020
3809.87847 17.886 0.026
3810.84513 17.991 0.028
3811.83671 17.523 0.019
3811.83947 17.509 0.020
3812.83280 17.866 0.031
3813.82275 17.921 0.024
3814.82463 17.350 0.017
3817.85617 17.379 0.017
3817.85893 17.418 0.018
3818.88525 17.881 0.022
3819.80297 17.864 0.020
3819.80573 17.905 0.021
3820.76961 18.026 0.027
3820.77237 17.962 0.024
3821.77275 17.497 0.018
3821.77549 17.536 0.018
3822.81214 17.884 0.028
3823.77512 17.982 0.032
3823.79522 18.014 0.025
3824.73849 17.608 0.025
3824.74127 17.510 0.022
3825.80335 17.844 0.030
3825.80613 17.883 0.029
3825.84993 17.873 0.027
3825.88261 17.885 0.028
3825.91910 17.930 0.033
3826.73188 17.995 0.026
3826.73466 17.859 0.026
3826.77342 17.933 0.026
3827.76609 17.474 0.019
3827.79966 17.455 0.017
3827.80246 17.479 0.017
3827.85050 17.602 0.018
3828.73548 17.658 0.030
3828.75189 17.718 0.028
3829.73331 17.863 0.025
3829.75931 17.911 0.027
3829.77952 17.933 0.027
3830.69453 17.994 0.032
3830.69838 18.012 0.036
3830.70868 18.081 0.030
3830.73142 17.976 0.026
3830.74754 18.145 0.028
3831.69282 17.456 0.018
3831.70232 17.506 0.018
3831.71506 17.508 0.017
3831.72433 17.540 0.016
3831.72722 17.593 0.017
3831.73049 17.550 0.016
3831.73328 17.593 0.017
3831.73606 17.595 0.017
3831.73915 17.598 0.016
3831.74194 17.623 0.017
3831.74473 17.649 0.017
3831.74789 17.615 0.017
3831.75069 17.593 0.017
3831.75349 17.640 0.019
3831.75671 17.653 0.021
3831.90378 17.911 0.025
3831.91135 17.883 0.023
3831.91778 17.908 0.023
3831.92417 17.874 0.027
3831.92728 17.931 0.031
3831.93025 17.976 0.048
3832.69746 17.793 0.030
3832.70964 17.849 0.028
3832.71309 17.820 0.030
3832.73347 17.892 0.025
3832.77960 17.908 0.024
3833.69203 17.982 0.032
3833.71386 17.993 0.025
3833.73818 17.974 0.023
3833.75941 18.106 0.029
3833.78086 18.060 0.024
3833.82362 17.359 0.014
3834.69807 17.416 0.021
3834.71734 17.490 0.022
3834.73841 17.468 0.021
3834.74118 17.585 0.021
3834.79019 17.649 0.019
3834.90943 17.883 0.026
3835.70754 17.785 0.025
3835.73421 17.820 0.028
3835.77773 17.865 0.024
3835.85155 17.900 0.021
3835.88133 17.942 0.022
3835.92110 18.041 0.028
3836.70365 17.985 0.041
3836.76245 18.042 0.037
3836.76522 18.075 0.034
3836.80968 17.982 0.028
3836.84025 17.413 0.017
3836.89700 17.534 0.018
3837.70232 17.521 0.028
3837.72981 17.432 0.020
3837.73259 17.455 0.020
3837.90155 17.812 0.022
3837.90433 17.843 0.023
3838.74155 17.914 0.036
3838.74437 17.775 0.031
3838.90888 18.001 0.035
3838.91167 17.954 0.038
3839.73736 17.963 0.038
3839.74014 17.943 0.040
3839.81869 18.081 0.034
3839.86286 17.444 0.026
3839.92328 17.519 0.023
3840.70334 17.924 0.036
3840.70612 17.844 0.032
3840.78725 17.548 0.020
3840.90827 17.789 0.024
3840.91107 17.787 0.027
3841.74188 17.813 0.029
3841.74464 17.725 0.025
3841.83337 17.890 0.028
3841.89247 17.939 0.029
3841.89524 17.969 0.031
3842.84379 18.052 0.031
3842.84722 18.142 0.033
3845.71737 17.871 0.045
3845.72015 17.922 0.054
3845.90517 17.537 0.028
3845.90886 17.457 0.029
3846.72807 18.051 0.028
3846.73085 18.059 0.026
3846.91239 17.678 0.021
3847.79422 17.792 0.031
3847.79698 17.760 0.030
3848.74917 17.927 0.030
3848.75195 17.877 0.029
3848.92861 17.578 0.029
3849.74825 18.075 0.030
3850.69229 17.438 0.018
3850.69508 17.445 0.016
3850.86400 17.891 0.025
3851.70743 17.825 0.036
3851.71023 17.746 0.024
3851.87228 18.047 0.030
3851.91844 18.128 0.034
3851.92125 18.170 0.036
3852.69601 17.931 0.035
3852.69879 17.994 0.036
3852.86638 17.465 0.019
3853.68444 17.408 0.018
3853.68722 17.407 0.015
3853.85277 17.799 0.019
3853.92352 17.872 0.022
3853.92630 17.898 0.022
3854.74827 17.827 0.022
3856.67448 18.006 0.029
3856.67728 18.021 0.025
3856.84124 17.755 0.024
3857.91215 17.938 0.026
3857.91495 17.989 0.028
3858.76087 18.033 0.024
3858.76365 17.955 0.022
3859.79907 17.559 0.018
3859.80186 17.530 0.018
3860.66753 17.591 0.025
3860.67032 17.615 0.024
3860.90742 17.929 0.031
3860.91020 17.988 0.033
3861.66497 17.859 0.029
3861.66778 17.826 0.026
3861.77023 17.953 0.026
3861.93348 17.509 0.020
3861.93627 17.511 0.023
3862.69836 18.135 0.032
3862.70115 18.043 0.026
3862.86233 17.655 0.019
3862.86513 17.636 0.021
3863.63379 17.355 0.022
3863.63658 17.379 0.019
3863.85142 17.883 0.023
3863.93072 17.918 0.027
3863.93351 17.912 0.027
3864.67432 17.861 0.029
3864.67711 17.830 0.026
3864.86432 18.074 0.024
3865.68511 17.969 0.030
3865.82060 17.465 0.018
3865.82339 17.454 0.018
3865.89859 17.686 0.019
3865.90139 17.727 0.022
3866.68353 17.487 0.018
3866.68633 17.453 0.017
3866.82304 17.822 0.024
3866.90194 17.931 0.027
3867.62645 17.682 0.030
3867.62923 17.723 0.032
3867.81208 17.936 0.028
3867.88514 18.093 0.030
3867.88795 18.057 0.030
3868.70952 17.978 0.034
3868.85477 17.540 0.022
3869.68929 17.420 0.021
3869.87029 17.859 0.031
3872.88665 17.829 0.025
3872.88947 17.833 0.027
3873.64160 17.612 0.022
3873.64441 17.560 0.020
3873.78430 17.886 0.025
3873.85707 17.924 0.027
3873.85985 17.904 0.030
3873.92662 18.080 0.032
3873.92942 18.111 0.036
3874.74127 17.963 0.033
3874.74408 17.955 0.030
3875.65497 18.073 0.025
3875.65777 18.050 0.022
3875.80246 17.617 0.017
3875.80525 17.579 0.017
3875.90137 17.818 0.023
3875.90419 17.776 0.023
3876.63222 17.511 0.017
3876.63502 17.552 0.017
3877.63034 17.828 0.024
3877.63314 17.819 0.021
3877.78104 17.957 0.024
3877.78382 18.009 0.024
3877.85555 17.829 0.022
3877.85836 17.769 0.023
3877.94175 17.624 0.038
3879.66177 17.515 0.017
3879.66460 17.513 0.013
3880.83117 18.027 0.031
3880.83400 18.073 0.034
3880.90999 17.350 0.017
3880.91278 17.355 0.019
3881.66036 17.902 0.027
3881.66319 17.971 0.025
3881.87189 17.643 0.019
3881.87469 17.652 0.020
3881.91865 17.780 0.023
3881.92144 17.736 0.022
3882.74867 17.696 0.023
3882.75148 17.695 0.022
3882.82290 17.845 0.025
3882.82572 17.804 0.026
3882.89179 17.885 0.025
3882.89458 17.882 0.024
3883.63808 17.769 0.029
3883.64089 17.786 0.026
3883.83290 17.955 0.024
3883.83854 17.947 0.025
3886.60016 17.621 0.022
3886.60296 17.619 0.022
3886.79289 17.914 0.022
3886.86476 17.998 0.028
3886.86759 18.035 0.034
3887.57346 17.901 0.032
3887.57628 17.837 0.026
3887.77601 18.031 0.025
3887.87567 17.537 0.019
3887.87851 17.531 0.019
3888.59233 18.155 0.031
3889.65596 17.692 0.022
3889.65877 17.678 0.021
3889.93422 18.086 0.035
3889.93701 18.106 0.034
3890.63145 17.854 0.025
3890.63801 17.885 0.024
3891.66555 18.024 0.027
3891.66836 17.926 0.026
3891.79383 17.629 0.026
3891.79664 17.633 0.024
3891.87580 17.844 0.027
3891.87862 17.862 0.028
3892.56716 17.291 0.022
3892.56996 17.354 0.020
3892.93307 18.079 0.041
3893.61656 17.818 0.029
3893.61937 17.848 0.027
3893.85840 17.393 0.021
3893.86123 17.363 0.022
3894.66979 18.155 0.043
3894.67263 18.077 0.036
3896.60739 17.769 0.036
3896.61021 17.841 0.036
3900.52871 17.846 0.039
3900.53154 17.805 0.036
3900.71437 18.086 0.046
3900.79371 17.417 0.019
3900.86232 17.654 0.024
3901.53883 18.006 0.033
3901.54164 17.989 0.028
3901.72014 17.630 0.021
3901.79741 17.754 0.027
3901.86635 17.926 0.033
3902.55896 17.584 0.022
3902.56432 17.595 0.019
3902.74101 17.891 0.024
3902.85520 18.046 0.034
3903.64917 17.950 0.031
3903.65200 17.895 0.027
3903.89484 17.692 0.030
3903.89770 17.623 0.026
3904.54975 17.966 0.027
3904.55258 17.930 0.023
3904.71284 17.530 0.016
3904.78181 17.710 0.020
3904.88405 17.887 0.029
3904.88687 17.837 0.025
3905.54658 17.416 0.018
3905.54940 17.435 0.016
3905.72317 17.831 0.020
3905.79327 17.934 0.022
3905.86181 17.948 0.026
3906.56110 17.845 0.030
3906.56391 17.812 0.027
3906.70090 17.922 0.025
3906.77404 18.106 0.031
3906.85326 17.473 0.020
3907.59185 17.999 0.030
3907.77409 17.620 0.026
3907.85863 17.820 0.037
3908.52688 17.753 0.026
3908.53081 17.660 0.023
3908.71359 17.782 0.023
3908.79365 17.858 0.024
3908.87327 17.973 0.032
3908.87610 17.972 0.030
3908.88482 17.947 0.030
3909.52970 17.704 0.028
3909.53255 17.707 0.025
3909.71251 17.932 0.021
3909.80300 18.082 0.026
3909.87925 17.463 0.020
3909.88209 17.500 0.021
3910.55917 17.971 0.036
3910.56201 17.892 0.028
3912.52899 17.675 0.019
3912.53181 17.597 0.015
3912.71629 17.936 0.020
3912.81018 18.083 0.026
3913.52043 17.833 0.022
3913.52327 17.838 0.020
3913.72582 17.404 0.017
3913.81478 17.638 0.019
3914.54418 18.090 0.035
3914.54703 18.171 0.036
3914.78539 17.861 0.024
3915.52197 17.581 0.022
3915.52479 17.572 0.021
3915.72396 17.915 0.023
3915.82214 18.016 0.026
3915.82500 18.087 0.032
3916.56066 17.902 0.034
3916.56350 17.940 0.033
3916.80451 17.471 0.023
3916.80737 17.588 0.023
3917.54833 18.138 0.036
3917.55117 18.046 0.029
3917.81506 17.902 0.034
3917.81791 17.903 0.032
3918.59191 17.681 0.020
3918.81282 17.946 0.033
3918.81566 18.112 0.036
3919.53957 17.858 0.030
3919.74957 17.897 0.022
3919.75241 17.870 0.023
3920.50727 17.936 0.030
3920.51012 17.960 0.027
3920.70334 17.552 0.021
3920.70621 17.604 0.023
3920.78874 17.705 0.020
3920.79156 17.787 0.022
3921.50345 17.387 0.020
3921.50629 17.366 0.018
3921.70269 17.934 0.038
3921.70554 17.922 0.039
3921.71716 17.955 0.038
3922.70712 17.978 0.035
3922.70997 17.993 0.036
3930.52818 18.092 0.031
3930.53762 18.055 0.026
3930.78216 17.887 0.035
3930.78501 17.884 0.036
3931.49269 17.560 0.025
3931.49555 17.530 0.024
3931.80961 18.021 0.043
3931.82270 18.129 0.040
3932.52357 17.910 0.027
3932.52644 17.796 0.024
3932.79533 17.569 0.024
3932.79819 17.537 0.024
3933.51006 18.018 0.029
3933.51288 18.025 0.028
3933.69445 17.662 0.019
3933.69729 17.688 0.019
3933.76643 17.783 0.022
3933.76931 17.807 0.025
3934.48388 17.403 0.018
3934.48675 17.374 0.017
3934.65393 17.796 0.021
3934.72375 17.921 0.022
3935.53380 17.850 0.027
3935.53665 17.880 0.026
3935.70508 18.158 0.037
3935.70795 18.130 0.040
3935.80267 17.487 0.022
3935.80551 17.535 0.022
3936.48720 17.986 0.035
3936.49004 17.967 0.031
3936.65264 17.448 0.018
3936.65553 17.463 0.018
3936.72903 17.666 0.024
3936.73190 17.702 0.026
3937.55147 17.547 0.026
3937.55431 17.721 0.032
3938.49489 17.716 0.030
3938.49782 17.697 0.028
3938.68585 17.873 0.028
3938.68874 18.005 0.030
3938.79512 17.412 0.021
3938.79796 17.396 0.022
3940.57518 17.525 0.016
3940.57805 17.559 0.020
3941.69619 18.015 0.036
3941.69904 17.961 0.036
3944.54750 17.777 0.022
3944.55038 17.693 0.024
3944.74786 17.950 0.028
3944.75072 18.041 0.027
3945.50886 17.898 0.028
3945.51209 17.847 0.028
3945.77570 17.665 0.026
3945.77859 17.631 0.023
3946.50661 18.111 0.041
3946.50948 18.046 0.034
3946.69878 17.720 0.022
3946.70167 17.822 0.026
3950.51554 17.613 0.021
3950.51836 17.528 0.019
3950.73056 17.891 0.028
3950.73340 17.888 0.027
3951.50824 17.896 0.030
3951.51106 17.821 0.028
3951.73952 17.427 0.025
3951.74233 17.455 0.029
3955.68501 17.557 0.044
3956.56076 17.578 0.029
3956.56358 17.565 0.029
3957.49986 17.755 0.028
3958.57061 18.058 0.031
3958.57350 17.984 0.031
3959.50341 17.643 0.025
3959.50625 17.602 0.023
3959.67785 17.814 0.026
3959.68067 17.767 0.025
3960.49270 17.656 0.019
3960.49552 17.666 0.021
3960.67174 17.904 0.023
3960.67458 17.862 0.022
3961.56400 17.983 0.034
3961.56682 17.903 0.032
3963.52530 17.716 0.022
3963.52813 17.638 0.022
3963.70267 17.968 0.030
3963.70552 17.877 0.028
3964.52039 17.876 0.023
3964.52323 17.909 0.024
3964.72529 17.434 0.019
3964.72811 17.415 0.018
3965.50484 18.129 0.028
3965.50767 18.091 0.026
3965.69614 17.684 0.021
3965.69897 17.671 0.019
3966.48002 17.522 0.021
3966.48285 17.604 0.024
3966.68176 17.903 0.028
3966.68461 17.846 0.027
3967.51439 17.900 0.034
3967.51722 17.888 0.034
3967.70721 17.673 0.024
3967.71002 17.665 0.022
3968.49247 18.007 0.034
3968.49534 18.050 0.036
3968.57205 17.745 0.026
3968.66241 17.568 0.020
3968.66525 17.629 0.022
3969.47414 17.421 0.022
3969.47696 17.427 0.022
3969.67478 17.878 0.028
3969.67764 17.871 0.030
3970.50321 17.817 0.029
3970.50608 17.835 0.032
3970.68177 18.074 0.031
3970.68464 18.061 0.030
3971.54714 18.068 0.036
3971.54996 18.162 0.041
3973.56523 17.856 0.030
3973.56806 17.888 0.033
3974.50258 17.918 0.031
3974.50540 18.004 0.034
3974.68136 17.551 0.027
3974.68840 17.462 0.023
3975.50549 17.373 0.018
3975.50832 17.415 0.018
3975.67737 17.765 0.028
3975.68018 17.909 0.030
3976.50002 17.692 0.021
3976.50287 17.749 0.021
3976.67603 17.956 0.035
3976.67889 17.944 0.035
3979.50230 17.624 0.038
3979.50514 17.706 0.048
3982.56293 17.740 0.025
3982.56575 17.750 0.026
3983.51661 17.817 0.042
3983.51944 17.855 0.044
3986.57735 17.979 0.036
3986.58020 17.990 0.035
3987.49973 18.020 0.033
3987.50256 18.025 0.034
3988.50553 17.502 0.018
3988.50840 17.530 0.019
3989.52320 17.895 0.029
3989.52606 17.860 0.028
3989.59339 17.949 0.035
3989.65912 18.049 0.044
3990.54007 18.059 0.035
3990.54287 18.094 0.039
3990.60769 17.610 0.025
3990.63502 17.349 0.019
3990.66921 17.573 0.025
3991.49582 17.426 0.023
3991.49865 17.395 0.023
3991.64194 17.822 0.030
3993.54752 17.957 0.034
3993.55037 18.052 0.034
3994.55816 17.513 0.023
3994.56103 17.539 0.024
3995.56575 17.866 0.023
3995.56860 17.871 0.026
3999.58099 17.908 0.031
3999.58387 17.947 0.029
4002.48924 17.814 0.024
4002.49208 17.853 0.027
4003.48671 17.999 0.029
4003.48958 17.972 0.027
4004.52089 17.626 0.020
4004.52370 17.571 0.019
4006.51381 17.953 0.030
4006.51665 18.024 0.032
4012.49369 17.982 0.036
4012.49654 17.884 0.038
4016.50936 17.881 0.032
4016.51218 17.844 0.033
4018.54560 17.981 0.036
4018.54847 18.066 0.038
4020.53238 17.589 0.026
4020.53521 17.820 0.032
4023.53270 17.631 0.030
4023.53555 17.598 0.028
4025.55212 18.026 0.035
4025.55494 18.061 0.037
4027.55814 17.916 0.037
4028.49433 17.861 0.035
4030.54927 17.805 0.031
4031.49442 18.008 0.044
4036.52989 17.688 0.034
4038.49978 18.191 0.059
4040.51131 17.925 0.042
4040.51413 17.912 0.042
4041.49353 18.072 0.069
4041.49634 17.980 0.060
4043.50374 17.839 0.044
4043.50658 17.905 0.042
4141.87150 17.611 0.025
4141.87425 17.608 0.026
4143.88868 18.011 0.045
4143.89158 18.056 0.059
4150.88669 17.393 0.021
4150.88943 17.365 0.023
4153.87460 17.801 0.027
4153.87732 17.752 0.029
4156.85304 18.062 0.037
4156.85575 18.116 0.043
4158.87261 17.882 0.028
4158.87533 17.876 0.034
4161.84059 17.781 0.029
4161.84330 17.831 0.036
4163.80945 17.810 0.031
4163.82343 17.498 0.024
4163.82618 17.436 0.023
4165.80480 17.877 0.043
4165.80755 17.887 0.046
4168.79813 17.878 0.032
4168.80086 17.894 0.034
4170.79398 17.559 0.040
4170.79671 17.634 0.036
4175.78462 17.973 0.033
4175.78733 17.919 0.036
4176.89600 17.667 0.021
4178.79973 17.888 0.028
4179.84407 17.432 0.019
4181.78041 17.920 0.033
4181.78315 17.867 0.030
4182.82543 17.603 0.020
4183.86156 17.760 0.027
4184.90217 17.967 0.024
4189.81336 17.609 0.030
4189.83630 17.644 0.031
4191.80246 17.927 0.038
4191.80518 17.977 0.041
4193.73681 17.676 0.038
4193.73955 17.729 0.039
4194.78234 17.950 0.031
4194.78508 17.886 0.032
4196.77248 17.662 0.028
4196.77521 17.710 0.032
4202.75398 17.528 0.019
4202.75669 17.484 0.022
4203.74198 17.782 0.022
4203.74471 17.804 0.023
4204.73427 17.939 0.030
4204.73698 17.969 0.030
4204.91660 17.513 0.020
4205.73080 17.386 0.020
4205.73353 17.382 0.019
4207.72026 17.908 0.031
4207.72299 17.957 0.031
4208.74233 17.624 0.022
4211.78649 17.338 0.021
4212.86368 17.935 0.038
4212.86641 17.853 0.035
4213.70688 17.845 0.033
4213.70960 17.918 0.036
4213.91044 17.919 0.026
4213.91318 17.858 0.026
4215.73959 17.571 0.023
4215.74231 17.616 0.026
4216.69737 17.766 0.029
4216.70011 17.829 0.030
4216.92176 18.055 0.036
4216.92447 18.064 0.035
4217.70481 17.935 0.028
4217.70755 17.926 0.027
4217.90843 17.598 0.019
4218.75443 17.593 0.029
4218.75716 17.582 0.027
4219.75258 17.874 0.032
4220.69458 17.931 0.035
4222.66330 17.652 0.034
4222.66603 17.639 0.034
4222.91079 17.958 0.037
4224.77952 17.477 0.024
4228.67496 17.517 0.023
4228.67769 17.534 0.023
4228.90853 17.920 0.036
4228.91127 17.924 0.036
4229.66860 17.762 0.030
4229.67133 17.842 0.032
4229.86559 18.121 0.035
4229.93276 17.373 0.021
4230.67833 17.941 0.027
4230.68107 17.973 0.031
4230.86638 17.589 0.024
4230.93125 17.764 0.036
4231.62065 17.929 0.036
4231.62340 17.906 0.034
4231.76485 17.664 0.023
4231.88907 17.927 0.034
4231.93217 17.884 0.035
4232.67273 17.800 0.036
4232.83373 18.029 0.046
4233.80450 17.410 0.023
4234.70615 17.438 0.020
4235.63422 17.600 0.023
4235.63696 17.629 0.026
4235.79542 17.922 0.025
4235.88783 17.998 0.030
4238.62007 17.588 0.033
4238.62283 17.572 0.036
4238.87252 17.941 0.036
4238.87527 17.961 0.035
4239.62101 17.864 0.034
4239.62372 17.854 0.033
4240.67422 18.035 0.026
4240.80858 17.610 0.023
4243.64003 17.993 0.036
4243.64276 17.992 0.036
4243.73272 17.559 0.021
4243.82647 17.594 0.026
4243.82923 17.662 0.028
4243.94389 17.824 0.050
4244.61240 17.367 0.024
4244.61516 17.364 0.027
4244.70861 17.627 0.022
4244.80142 17.840 0.027
4244.91326 17.935 0.033
4244.91602 17.929 0.033
4245.60547 17.729 0.026
4245.60820 17.710 0.027
4245.69937 17.874 0.024
4245.79521 17.957 0.026
4246.66378 17.975 0.029
4246.66654 17.947 0.033
4246.75668 17.557 0.024
4246.75941 17.472 0.025
4246.84997 17.614 0.027
4246.85272 17.645 0.027
4247.67899 17.519 0.021
4247.81687 17.810 0.025
4250.72715 17.583 0.024
4250.72988 17.577 0.025
4251.79870 17.907 0.061
4251.80147 17.876 0.055
4256.61483 17.984 0.040
4256.61760 18.036 0.040
4256.76085 17.559 0.031
4256.85866 17.817 0.044
4256.86143 17.770 0.043
4257.64651 17.633 0.029
4257.64927 17.625 0.030
4258.63030 17.860 0.033
4258.63292 17.853 0.037
4258.75282 17.966 0.033
4258.75541 17.936 0.033
4258.84690 17.642 0.028
4258.84951 17.618 0.029
4267.59089 17.635 0.031
4267.59350 17.658 0.029
4268.55408 17.849 0.036
4268.55670 17.785 0.032
4268.83697 17.500 0.022
4268.83957 17.533 0.024
4269.57333 18.000 0.034
4269.57593 18.084 0.036
4269.69385 17.493 0.019
4269.69646 17.447 0.020
4269.78310 17.706 0.025
4269.78570 17.706 0.022
4270.56684 17.466 0.021
4270.56946 17.526 0.024
4272.59518 17.986 0.029
4272.59781 18.017 0.029
4272.74435 17.564 0.020
4272.74695 17.557 0.021
4272.80358 17.686 0.023
4272.80620 17.709 0.023
4272.87511 17.827 0.036
4272.87774 17.790 0.036
4273.61232 17.557 0.027
4273.61494 17.570 0.031
4273.79297 17.867 0.037
4273.79560 17.944 0.039
4273.85287 17.968 0.037
4273.85674 17.938 0.042
4274.54497 17.727 0.032
4274.54757 17.725 0.031
4274.69728 17.881 0.030
4274.69991 17.931 0.034
4274.75985 18.023 0.031
4274.76248 17.983 0.035
4274.81825 17.863 0.035
4274.82088 17.810 0.030
4275.59741 17.958 0.029
4275.60002 17.946 0.030
4275.77274 17.583 0.027
4275.77537 17.560 0.026
4275.83122 17.732 0.035
4275.83384 17.708 0.032
4275.89255 17.846 0.051
4276.58216 17.378 0.022
4276.58481 17.384 0.023
4277.52596 17.622 0.030
4277.52860 17.658 0.034
4277.70155 17.881 0.028
4277.70549 17.921 0.030
4277.76157 17.994 0.039
4277.76419 17.989 0.037
4277.82020 18.058 0.047
4277.82283 18.084 0.049
4278.56317 17.965 0.044
4278.57236 17.934 0.043
4278.74704 17.408 0.027
4278.74964 17.408 0.025
4278.82606 17.660 0.037
4278.82870 17.663 0.035
4283.50538 17.445 0.026
4283.50801 17.417 0.027
4283.72571 17.907 0.036
4284.50036 17.790 0.033
4284.50297 17.739 0.031
4284.69050 18.005 0.036
4284.75326 17.894 0.029
4284.81220 17.471 0.025
4285.50341 17.994 0.047
4285.50605 17.961 0.045
4285.69153 17.513 0.024
4285.75798 17.689 0.025
4285.82331 17.824 0.032
4286.50313 17.387 0.023
4286.50575 17.387 0.025
4286.80030 17.956 0.047
4289.51092 17.718 0.032
4289.51356 17.691 0.033
4289.72949 17.847 0.032
4289.73212 17.858 0.033
4289.79460 17.945 0.036
4289.79724 17.921 0.033
4290.55726 17.803 0.035
4290.55988 17.773 0.034
4291.61985 18.057 0.035
4291.62250 18.058 0.030
4291.78255 17.679 0.032
4291.78520 17.630 0.032
4292.48553 18.048 0.032
4292.48816 18.036 0.032
4292.66468 17.675 0.021
4292.66732 17.696 0.032
4292.72329 17.815 0.025
4292.72592 17.824 0.025
4292.78183 17.878 0.027
4292.78445 17.828 0.025
4293.46379 17.525 0.032
4293.48584 17.557 0.022
4293.48847 17.580 0.024
4293.52666 17.661 0.022
4293.67020 17.893 0.028
4293.71043 17.952 0.026
4293.71307 17.906 0.029
4293.76923 18.008 0.030
4294.48500 17.843 0.031
4294.48765 17.828 0.029
4295.49211 18.036 0.036
4295.49476 18.016 0.033
4295.69012 17.691 0.022
4295.69278 17.692 0.021
4295.74874 17.799 0.023
4295.75137 17.758 0.022
4296.48907 17.512 0.025
4296.49173 17.522 0.023
4296.68177 17.895 0.027
4296.68443 17.847 0.026
4296.79993 18.041 0.032
4296.81270 18.053 0.039
4297.50870 17.858 0.032
4297.51134 17.851 0.031
4297.71029 17.937 0.027
4297.71294 17.857 0.026
4298.54358 18.054 0.040
4298.54621 18.099 0.042
4298.64932 17.523 0.023
4298.65195 17.544 0.023
4298.74890 17.743 0.030
4298.75155 17.780 0.032
4299.52661 17.522 0.020
4299.52924 17.567 0.022
4299.61958 17.777 0.025
4299.62223 17.785 0.024
4299.71180 17.892 0.027
4299.71442 17.865 0.027
4299.80254 17.948 0.036
4299.80517 18.037 0.039
4300.52226 17.868 0.028
4300.52491 17.873 0.029
4300.64236 17.939 0.027
4300.64499 17.960 0.028
4300.73786 17.835 0.026
4300.74051 17.780 0.028
4301.51313 17.950 0.029
4301.51578 17.956 0.030
4301.60891 17.673 0.021
4301.70750 17.656 0.023
4301.71129 17.627 0.023
4301.79987 17.806 0.025
4301.80251 17.799 0.024
4302.58611 17.619 0.023
4302.58876 17.611 0.025
4302.68583 17.826 0.028
4302.68896 17.878 0.032
4303.67135 17.968 0.036
4303.67480 17.983 0.036
4304.54623 17.922 0.038
4304.54890 17.951 0.038
4304.65633 17.370 0.025
4304.65959 17.391 0.032
4306.63020 17.900 0.034
4306.63285 17.885 0.032
4306.67096 17.978 0.039
4306.68565 17.957 0.036
4310.60943 18.026 0.046
4310.61207 18.012 0.041
4311.75808 17.878 0.050
4311.76074 17.869 0.047
4312.54171 17.718 0.031
4312.54435 17.786 0.035
4312.74016 17.951 0.033
4312.74280 17.967 0.031
4315.63268 17.833 0.037
4315.63534 17.856 0.036
4316.70587 18.073 0.034
4316.70852 18.011 0.036
4317.55392 18.062 0.031
4317.55659 18.004 0.029
4319.51120 17.829 0.032
4319.51385 17.882 0.034
4319.76604 17.402 0.025
4319.76870 17.417 0.023
4320.53802 18.013 0.032
4320.54067 18.008 0.031
4320.59554 18.056 0.035
4320.77207 17.793 0.036
4326.50525 17.917 0.029
4326.50790 18.003 0.035
4326.70244 17.435 0.023
4326.70510 17.471 0.026
4327.58349 17.545 0.030
4327.58629 17.519 0.028
4327.72477 17.853 0.036
4327.72759 17.899 0.041
4328.51025 17.672 0.030
4328.51309 17.722 0.031
4328.68829 17.949 0.036
4328.69113 18.037 0.039
4329.52041 17.927 0.033
4329.52309 17.894 0.033
4329.66830 18.009 0.035
4329.67097 17.944 0.036
4330.49120 18.024 0.034
4330.49401 18.090 0.036
4330.68444 17.698 0.026
4330.68727 17.692 0.025
4331.47127 17.512 0.036
4331.47409 17.541 0.034
4331.68012 17.897 0.036
4331.68295 17.869 0.036
4332.50104 17.865 0.027
4332.50388 17.815 0.028
4333.52212 18.087 0.037
4333.52495 18.040 0.038
4333.68329 17.644 0.026
4333.68609 17.685 0.028
4334.49550 17.513 0.064
4334.49833 17.596 0.053
4334.62373 17.787 0.066
4338.49538 17.755 0.033
4338.49820 17.727 0.031
4339.47272 17.930 0.048
4339.47556 17.918 0.044
4339.68913 17.507 0.032
4339.69197 17.570 0.032
4340.58777 17.640 0.029
4340.59585 17.685 0.030
4341.49604 17.703 0.035
4341.49886 17.705 0.036
4342.52524 17.909 0.035
4342.52808 17.932 0.033
4343.50109 17.811 0.023
4343.50688 17.673 0.022
4344.53225 17.784 0.037
4344.53510 17.799 0.036
4345.49714 17.862 0.024
4345.49997 17.921 0.029
4346.51016 18.054 0.037
4346.51297 18.054 0.037
4347.52487 17.700 0.029
4347.52770 17.735 0.030
4349.48608 18.011 0.039
4349.48892 18.029 0.040
4350.53316 17.634 0.023
4350.53598 17.654 0.025
4351.49905 17.840 0.029
4351.50187 17.838 0.028
4352.54961 18.116 0.044
4352.55243 18.113 0.047
4353.50297 17.488 0.021
4353.50579 17.539 0.023
4354.53167 17.835 0.027
4354.53451 17.839 0.028
4355.53329 18.067 0.038
4355.53613 18.018 0.033
4356.49967 17.398 0.019
4356.50250 17.411 0.022
4357.52873 17.841 0.036
4357.53158 17.822 0.036
4358.48524 17.897 0.038
4358.49461 17.959 0.042
4359.52932 17.429 0.024
4359.53217 17.449 0.022
4360.51675 17.794 0.037
4360.51960 17.771 0.036
4361.56211 18.005 0.046
4361.56492 17.959 0.048
4362.50384 17.873 0.036
4362.50666 17.831 0.035
4365.55468 17.365 0.028
4365.55748 17.419 0.031
4367.48077 17.851 0.034
4367.48358 17.841 0.032
4368.52437 18.078 0.043
4368.52723 18.080 0.048
4369.60376 17.756 0.040
4369.60659 17.782 0.046
4370.48168 17.791 0.037
4370.48450 17.829 0.037
4371.52685 18.029 0.033
4371.52966 18.015 0.033
4372.51141 17.517 0.021
4372.51542 17.534 0.020
4373.48710 17.800 0.041
4373.48991 17.798 0.035
4376.56349 17.928 0.044
4376.56630 17.848 0.038
4377.60074 18.112 0.046
4377.60358 18.087 0.042
4378.51127 17.400 0.021
4378.51410 17.362 0.021
4379.52631 17.814 0.037
4379.52915 17.816 0.038
4380.53781 17.898 0.031
4380.54064 17.906 0.031
4381.51649 17.755 0.037
4381.51930 17.770 0.038
4382.55819 17.785 0.036
4382.56131 17.746 0.032
4383.54959 17.941 0.037
4383.55241 17.990 0.041
4384.52374 18.074 0.042
4384.52658 18.084 0.043
4387.57497 17.546 0.027
4387.58054 17.412 0.025
4393.52361 17.955 0.034
4393.52643 17.931 0.033
4394.53896 17.497 0.025
4394.54178 17.488 0.026
4395.51035 17.752 0.032
4395.51318 17.795 0.036
4396.50237 18.022 0.053
4396.50517 17.935 0.046
4397.52669 17.389 0.026
4397.52950 17.403 0.025
4398.53159 17.778 0.036
4398.53441 17.811 0.036
4399.52425 17.952 0.045
4399.52707 17.840 0.041
4400.52633 17.663 0.039
4400.52917 17.698 0.040
4402.54274 18.033 0.050
4402.54558 17.996 0.050
4403.54182 17.866 0.043
4403.54462 17.792 0.039
4407.51774 17.548 0.031
4407.52056 17.656 0.035
4507.84838 17.810 0.034
4507.85096 17.878 0.036
4510.85351 17.836 0.029
4510.85622 17.814 0.034
4513.85463 17.776 0.025
4513.85736 17.715 0.024
4517.84808 17.957 0.048
4517.85647 18.029 0.058
4519.87471 17.649 0.024
4522.86861 17.575 0.030
4522.87132 17.647 0.030
4524.80451 17.958 0.036
4524.80722 17.945 0.036
4530.81211 17.905 0.025
4530.81482 17.905 0.027
4533.84572 17.957 0.032
4533.84845 17.960 0.033
4535.79914 17.571 0.028
4535.80187 17.553 0.029
4536.88837 17.901 0.026
4536.89110 17.938 0.028
4537.87402 17.950 0.024
4537.87675 17.911 0.026
4538.80916 17.498 0.023
4538.81187 17.520 0.024
4539.84720 17.863 0.026
4540.79336 17.938 0.027
4540.79607 17.885 0.027
4541.78610 17.423 0.019
4541.78880 17.423 0.018
4542.78076 17.705 0.029
4542.78349 17.753 0.033
4543.77630 17.907 0.029
4543.77903 17.926 0.032
4544.77321 18.013 0.038
4544.77593 18.123 0.042
4545.77948 17.668 0.026
4546.78666 17.850 0.029
4546.78936 17.854 0.033
4547.78063 18.054 0.033
4548.74964 17.549 0.031
4550.73460 18.007 0.044
4550.73734 17.965 0.042
4551.75217 17.429 0.021
4551.76054 17.480 0.025
4552.75373 17.705 0.055
4552.75644 17.925 0.058
4556.74983 17.851 0.025
4556.75256 17.931 0.027
4557.76711 17.491 0.020
4557.76983 17.436 0.021
4558.74405 17.642 0.021
4558.74677 17.707 0.023
4558.91381 17.913 0.024
4559.74196 17.923 0.027
4559.74466 17.843 0.026
4560.74206 18.122 0.035
4560.74477 18.187 0.036
4561.73209 17.589 0.021
4561.91830 17.870 0.027
4564.72231 17.486 0.020
4564.72502 17.489 0.020
4564.92279 17.817 0.028
4565.72039 17.782 0.021
4565.72309 17.792 0.023
4565.91123 18.074 0.025
4566.71987 17.977 0.028
4566.72257 17.904 0.028
4566.91623 17.579 0.019
4567.71285 17.330 0.018
4567.71554 17.398 0.022
4567.91871 17.865 0.027
4568.71873 17.763 0.028
4568.72145 17.784 0.028
4569.72775 17.957 0.032
4569.73047 17.970 0.038
4570.72116 17.600 0.027
4570.72389 17.524 0.025
4571.71582 17.646 0.029
4571.71852 17.717 0.035
4571.90437 17.979 0.028
4572.74329 17.884 0.029
4573.73167 17.812 0.027
4573.73441 17.782 0.028
4573.89804 17.717 0.021
4574.73405 17.670 0.025
4574.73680 17.681 0.032
4575.73956 17.879 0.028
4575.74229 17.851 0.028
4576.74968 17.947 0.029
4576.75240 17.905 0.029
4577.83137 17.820 0.029
4577.83408 17.837 0.028
4578.78242 17.898 0.038
4578.78513 17.909 0.046
4579.85930 17.556 0.024
4579.86203 17.522 0.032
4583.72612 17.442 0.023
4583.91225 17.876 0.025
4583.91498 17.874 0.028
4585.74985 17.912 0.033
4586.77502 17.570 0.025
4586.77776 17.530 0.024
4587.76273 17.804 0.033
4587.76544 17.852 0.029
4587.92132 18.000 0.040
4587.92403 17.948 0.039
4588.68523 17.876 0.031
4588.91611 17.499 0.021
4588.91884 17.512 0.020
4589.66814 18.100 0.038
4589.67089 18.120 0.036
4589.82356 17.634 0.023
4589.82630 17.612 0.023
4589.88557 17.803 0.030
4589.88829 17.754 0.028
4590.68773 17.629 0.025
4590.69049 17.615 0.027
4590.89340 17.897 0.030
4590.89615 17.975 0.029
4591.69943 17.817 0.028
4591.82431 18.021 0.029
4591.89143 17.457 0.021
4591.89416 17.464 0.022
4592.65800 17.931 0.031
4592.66075 17.930 0.035
4592.84732 17.606 0.030
4592.92564 17.767 0.029
4593.64716 17.395 0.024
4593.64992 17.441 0.023
4593.85688 17.877 0.030
4593.93905 17.894 0.046
4594.66821 17.846 0.029
4594.67097 17.809 0.032
4594.86320 18.041 0.033
4594.86596 18.155 0.043
4594.92873 17.363 0.022
4594.93148 17.376 0.020
4595.65774 17.958 0.030
4595.66048 17.952 0.032
4595.85212 17.565 0.021
4595.91400 17.702 0.026
4595.91674 17.710 0.026
4596.65293 17.350 0.019
4596.65567 17.365 0.021
4597.67739 17.751 0.026
4597.68013 17.813 0.029
4597.86891 18.027 0.033
4597.87164 18.054 0.033
4598.65367 17.902 0.023
4598.65642 17.886 0.024
4598.92234 17.672 0.026
4599.62609 18.124 0.047
4599.62885 18.089 0.043
4599.91666 17.874 0.035
4600.63538 17.633 0.020
4600.63812 17.657 0.022
4600.84411 17.935 0.027
4601.64098 17.851 0.027
4601.64370 17.865 0.028
4601.85719 17.410 0.017
4601.91906 17.621 0.025
4602.63360 18.056 0.029
4602.63634 18.032 0.030
4602.84300 17.731 0.022
4603.76103 17.853 0.028
4606.63488 17.510 0.026
4606.88623 17.954 0.033
4606.88897 17.932 0.033
4610.73103 17.895 0.031
4610.73377 17.848 0.026
4610.93824 17.434 0.027
4610.94100 17.455 0.026
4611.62038 17.983 0.036
4611.62311 17.914 0.036
4611.81123 17.482 0.019
4612.64172 17.393 0.024
4612.64448 17.341 0.025
4615.78345 17.728 0.027
4615.78621 17.675 0.028
4616.59249 17.585 0.032
4616.59523 17.609 0.030
4616.80896 17.923 0.028
4616.87892 18.046 0.037
4616.88170 18.041 0.035
4617.65870 17.925 0.027
4618.60421 18.013 0.034
4618.60696 18.009 0.035
4621.73592 17.478 0.014
4621.90199 17.784 0.026
4622.80264 17.933 0.032
4622.90409 18.066 0.046
4623.62699 17.850 0.032
4623.86179 17.371 0.026
4623.93423 17.577 0.033
4624.58170 17.928 0.035
4624.58447 17.957 0.036
4624.80589 17.622 0.025
4624.87225 17.741 0.027
4625.59581 17.383 0.023
4625.59857 17.401 0.026
4625.78616 17.828 0.032
4625.87774 17.974 0.041
4625.90369 18.035 0.049
4626.59432 17.756 0.029
4626.59709 17.769 0.032
4626.84963 18.052 0.032
4626.85240 18.066 0.043
4627.55477 17.960 0.033
4627.55754 17.865 0.029
4627.82208 17.580 0.019
4627.91135 17.751 0.024
4628.54050 18.052 0.036
4628.54325 18.046 0.036
4628.74834 17.730 0.025
4628.81376 17.862 0.031
4628.88367 17.979 0.032
4629.61946 17.730 0.024
4629.62222 17.739 0.024
4629.82210 18.014 0.032
4629.82486 18.011 0.032
4629.90011 17.541 0.024
4629.90286 17.510 0.025
4630.55538 17.889 0.033
4630.55817 17.848 0.033
4630.76126 17.614 0.021
4630.76401 17.561 0.025
4630.84456 17.553 0.021
4630.84735 17.578 0.022
4630.90736 17.628 0.030
4630.91014 17.781 0.034
4631.55682 18.004 0.027
4631.55957 17.976 0.028
4631.77256 17.746 0.021
4631.85920 17.884 0.029
4631.86199 17.869 0.030
4632.56056 17.511 0.022
4632.84733 18.059 0.037
4632.85009 17.968 0.032
4633.56056 17.782 0.025
4633.56332 17.894 0.032
4633.67207 17.945 0.028
4633.78783 17.528 0.021
4633.81048 17.363 0.019
4638.74557 17.836 0.031
4638.74837 17.878 0.031
4638.85583 18.000 0.038
4638.85858 17.998 0.040
4639.56814 17.800 0.034
4639.57093 17.783 0.033
4639.66593 17.868 0.028
4640.58767 17.935 0.027
4640.59044 17.951 0.031
4640.71983 17.376 0.018
4640.72261 17.404 0.019
4640.82486 17.692 0.031
4640.82762 17.703 0.031
4641.66165 17.615 0.022
4641.66443 17.627 0.022
4641.77162 17.870 0.030
4641.77439 17.904 0.030
4642.58555 17.752 0.026
4642.58832 17.735 0.029
4642.74808 17.943 0.033
4642.75085 17.929 0.033
4642.82316 18.035 0.036
4643.54333 17.865 0.035
4644.59069 17.441 0.024
4644.59349 17.473 0.026
4644.84692 17.893 0.029
4644.84970 17.858 0.027
4645.51375 17.527 0.027
4645.51655 17.550 0.028
4645.76224 17.935 0.035
4645.83697 18.071 0.039
4646.51180 17.822 0.028
4646.84421 17.593 0.026
4647.50818 18.024 0.041
4647.51098 17.903 0.035
4647.73124 17.651 0.026
4647.84226 17.847 0.036
4648.49132 17.346 0.021
4648.49412 17.388 0.025
4648.70497 17.895 0.030
4648.80886 17.921 0.034
4649.51742 17.832 0.032
4649.52021 17.804 0.035
4649.72613 18.082 0.032
4649.85253 17.556 0.027
4650.50338 17.942 0.037
4650.50620 17.937 0.038
4650.76731 17.731 0.025
4650.86103 17.833 0.036
4651.50676 17.401 0.025
4651.50953 17.388 0.028
4651.80189 17.947 0.035
4651.80468 17.916 0.034
4652.49780 17.703 0.028
4652.50059 17.713 0.031
4652.71095 17.942 0.029
4652.78584 17.685 0.026
4652.83557 17.435 0.024
4653.49413 17.927 0.037
4653.49694 17.890 0.045
4653.71334 17.462 0.021
4653.71612 17.520 0.025
4653.77849 17.689 0.032
4653.78129 17.671 0.032
4654.53294 17.358 0.020
4654.53574 17.385 0.025
4654.74438 17.886 0.031
4654.74719 17.866 0.028
4654.80950 17.976 0.039
4654.81232 17.978 0.046
4655.49403 17.636 0.027
4655.49681 17.687 0.033
4655.71852 17.912 0.025
4655.72130 17.967 0.025
4655.78029 18.071 0.036
4655.78309 18.053 0.031
4656.49595 17.868 0.024
4656.49875 17.867 0.027
4656.68571 17.403 0.022
4656.80498 17.681 0.032
4656.80777 17.685 0.030
4657.61237 17.560 0.028
4657.72310 17.792 0.030
4658.65428 17.914 0.032
4658.65708 17.901 0.035
4659.58841 17.931 0.035
4659.59119 18.029 0.045
4660.60674 17.413 0.022
4660.60952 17.480 0.024
4661.48403 17.428 0.025
4661.48681 17.502 0.025
4661.68472 17.899 0.036
4661.68750 17.874 0.033
4661.74620 17.943 0.050
4661.74898 17.928 0.035
4661.81338 18.012 0.048
4665.65144 17.955 0.044
4665.65426 17.972 0.043
4666.55690 18.069 0.036
4666.55968 18.205 0.052
4666.69997 17.561 0.025
4666.70276 17.589 0.025
4666.74214 17.739 0.030
4666.74491 17.678 0.030
4667.49984 17.418 0.028
4667.56843 17.592 0.029
4669.60716 18.064 0.047
4670.64159 17.720 0.027
4670.64440 17.733 0.030
4671.57711 17.871 0.026
4671.57992 17.838 0.028
4672.50261 17.921 0.027
4672.50540 17.916 0.027
4672.69508 17.398 0.017
4672.69790 17.430 0.020
4672.71738 17.491 0.019
4672.72018 17.494 0.021
4674.50573 17.674 0.030
4674.50853 17.689 0.030
4674.69883 17.933 0.030
4677.48232 17.540 0.020
4677.48511 17.613 0.025
4677.62862 17.870 0.033
4677.63144 17.890 0.032
4677.77120 17.979 0.036
4677.77402 18.029 0.037
4678.68571 18.022 0.032
4678.68853 17.987 0.029
4679.48790 18.019 0.044
4679.49073 18.019 0.043
4681.52369 17.841 0.027
4681.52651 17.834 0.028
4681.62371 17.891 0.030
4681.62653 17.951 0.030
4681.75592 17.383 0.021
4681.75875 17.461 0.029
4682.49471 17.947 0.028
4682.49752 17.936 0.032
4682.65204 17.485 0.019
4682.65485 17.488 0.022
4682.74725 17.733 0.025
4682.75007 17.746 0.027
4683.51323 17.542 0.027
4683.51604 17.512 0.030
4683.70013 17.910 0.032
4683.70294 17.828 0.029
4684.50576 17.810 0.028
4684.50859 17.837 0.030
4684.71947 18.072 0.033
4684.72229 18.073 0.034
4685.49068 17.865 0.036
4685.49352 17.989 0.045
4685.51327 17.962 0.038
4685.57035 18.092 0.036
4685.60439 17.919 0.027
4685.65929 17.437 0.020
4685.72565 17.613 0.024
4685.72849 17.642 0.026
4686.49447 17.350 0.020
4686.49730 17.407 0.023
4686.70129 17.852 0.033
4687.47824 17.671 0.026
4687.48106 17.716 0.031
4687.73374 18.033 0.039
4687.73655 18.020 0.036
4688.49115 17.964 0.037
4688.49398 17.933 0.036
4688.68099 17.413 0.019
4688.68381 17.434 0.020
4688.74279 17.604 0.030
4688.74562 17.661 0.030
4693.53875 17.712 0.024
4693.54156 17.691 0.024
4694.53396 17.943 0.040
4694.53679 18.015 0.048
4697.49462 17.852 0.028
4697.49745 17.834 0.028
4698.50015 17.975 0.031
4698.50297 17.950 0.030
4699.49628 17.498 0.023
4699.49911 17.528 0.024
4700.50255 17.812 0.026
4700.50538 17.856 0.027
4701.49785 17.939 0.035
4701.50066 17.951 0.033
4702.49636 17.389 0.020
4702.49919 17.441 0.020
4703.56687 17.875 0.029
4703.56967 17.846 0.027
4704.63663 17.385 0.019
4704.63945 17.370 0.018
4705.50005 17.370 0.019
4705.50288 17.365 0.020
4707.60089 18.073 0.032
4708.53323 17.362 0.021
4708.53608 17.383 0.022
4709.50936 17.708 0.032
4709.51218 17.711 0.036
4710.53899 17.975 0.033
4710.54181 17.947 0.030
4711.51834 17.949 0.037
4711.52116 17.986 0.035
4715.57835 17.755 0.033
4715.58116 17.764 0.032
4716.58073 17.934 0.046
4716.58355 17.900 0.040
4720.54785 18.062 0.040
4720.55070 18.129 0.042
4721.47940 17.490 0.034
4721.48225 17.393 0.031
4722.51196 17.789 0.030
4722.51479 17.778 0.028
4724.50178 17.513 0.029
4724.50459 17.414 0.025
4725.47656 17.664 0.040
4725.48288 17.762 0.038
4726.54148 18.000 0.045
4726.54431 18.058 0.052
4728.58661 17.861 0.036
4728.58944 17.788 0.036
4729.54210 17.951 0.035
4729.54492 17.903 0.037
4730.55843 17.347 0.019
4730.56128 17.366 0.019
4731.56536 17.730 0.029
4731.56818 17.753 0.030
4733.51704 18.073 0.035
4733.51988 18.057 0.036
4734.54641 17.652 0.027
4734.54926 17.629 0.027
4737.53734 17.593 0.026
4737.54014 17.605 0.025
4740.54781 17.526 0.025
4740.55065 17.598 0.030
4741.55551 17.789 0.028
4741.55834 17.839 0.028
4743.53048 17.340 0.021
4743.53330 17.442 0.023
4753.54140 17.665 0.031
4753.54423 17.713 0.034
4756.51746 17.542 0.032
4756.52306 17.527 0.029
4758.50304 17.940 0.041
4758.50588 17.954 0.040
4868.87357 17.633 0.022
4868.87629 17.670 0.025
4869.85742 17.861 0.031
4869.86015 17.797 0.031
4873.84624 17.972 0.034
4873.84898 17.936 0.035
4874.84076 17.385 0.026
4877.84058 17.546 0.021
4877.84329 17.475 0.023
4883.84531 18.057 0.036
4884.84809 17.639 0.023
4884.85082 17.611 0.023
4886.89705 17.908 0.036
4890.87618 17.570 0.019
4896.86443 17.321 0.017
4896.86714 17.376 0.019
4899.83531 18.113 0.035
4899.83804 18.108 0.038
4900.87678 17.688 0.022
4901.87516 17.884 0.027
4902.87388 17.975 0.026
4904.79796 17.797 0.025
4904.80068 17.806 0.028
4905.90196 17.906 0.033
4910.80386 17.692 0.025
4911.77450 17.864 0.023
4911.77720 17.888 0.025
4912.77141 18.046 0.025
4912.77411 18.027 0.025
4914.78848 17.871 0.027
4917.74954 17.766 0.023
4917.75222 17.751 0.023
4920.72997 17.697 0.017
4920.73252 17.687 0.021
4924.77047 17.837 0.022
4924.77358 17.870 0.027
4925.81095 17.388 0.016
4925.89800 17.634 0.017
4927.70459 17.798 0.035
4927.70715 17.836 0.039
4927.86511 17.949 0.034
4928.72711 17.967 0.033
4929.78340 17.649 0.021
4929.78595 17.612 0.022
4930.69787 17.730 0.030
4930.70045 17.772 0.033
4930.81681 17.916 0.029
4931.71270 18.005 0.040
4931.71528 17.932 0.037
4931.85840 17.374 0.019
4932.71579 17.362 0.019
4932.71834 17.346 0.021
4932.81646 17.655 0.020
4933.76410 17.815 0.031
4933.76667 17.846 0.036
4934.76250 17.889 0.046
4934.86994 17.360 0.023
4938.67310 18.045 0.038
4938.67566 18.044 0.037
4938.87773 17.694 0.024
4939.69200 17.582 0.023
4939.69457 17.557 0.026
4940.69199 17.885 0.027
4940.69457 17.874 0.030
4941.67077 17.985 0.029
4941.67332 17.899 0.034
4941.76876 17.554 0.022
4941.88713 17.674 0.030
4942.66541 17.412 0.021
4942.70853 17.542 0.019
4942.71109 17.593 0.023
4943.66259 17.732 0.027
4943.66516 17.717 0.028
4943.80209 17.949 0.027
4944.65939 17.906 0.031
4944.66197 17.993 0.030
4944.81486 17.389 0.017
4945.70783 17.496 0.021
4945.76430 17.645 0.019
4946.65750 17.706 0.025
4946.66009 17.694 0.027
4947.65119 17.893 0.028
4947.65375 17.914 0.026
4947.84913 17.399 0.016
4948.83174 17.744 0.020
4949.77984 17.892 0.025
4951.63988 18.036 0.033
4951.64246 18.084 0.040
4952.63810 17.547 0.022
4952.64068 17.580 0.027
4953.63173 17.883 0.032
4953.63432 17.912 0.033
4953.80630 17.960 0.031
4954.63325 17.971 0.036
4954.63584 17.991 0.038
4954.82614 17.629 0.021
4955.62825 17.388 0.026
4955.76735 17.723 0.027
