 530.85875 15.808 0.012
 531.78827 15.928 0.017
 534.79249 15.967 0.016
 535.79982 15.674 0.012
 539.80433 15.827 0.013
 540.78698 15.937 0.012
 541.79584 15.699 0.012
 550.80877 15.776 0.007
 551.91535 15.901 0.007
 552.75468 15.654 0.007
 553.87828 15.839 0.007
 554.75676 15.921 0.008
 555.80290 15.667 0.007
 557.70978 15.917 0.008
 557.79943 15.974 0.008
 557.88930 15.768 0.008
 558.75500 15.655 0.007
 558.89099 15.726 0.007
 559.70517 15.782 0.008
 560.68414 15.914 0.008
 560.77458 15.980 0.009
 560.88748 15.680 0.007
 561.68317 15.644 0.007
 561.81145 15.708 0.007
 561.88086 15.743 0.007
 562.72334 15.810 0.008
 562.80749 15.856 0.008
 562.89825 15.913 0.008
 563.81465 15.742 0.007
 563.90205 15.634 0.007
 567.72313 15.698 0.006
 567.85248 15.758 0.007
 568.72183 15.835 0.007
 568.80661 15.905 0.007
 569.68877 15.924 0.008
 570.68275 15.683 0.007
 570.86181 15.804 0.007
 571.66414 15.841 0.009
 571.78379 15.910 0.007
 571.89694 15.965 0.008
 572.73134 15.690 0.007
 572.86791 15.680 0.007
 573.65862 15.718 0.007
 573.83391 15.805 0.007
 574.68061 15.866 0.007
 574.77096 15.938 0.008
 575.68159 15.744 0.009
 575.86858 15.699 0.007
 576.68465 15.740 0.007
 576.82584 15.817 0.007
 577.83819 15.923 0.008
 578.68597 15.642 0.006
 581.65795 15.662 0.007
 581.87683 15.738 0.007
 582.67039 15.778 0.008
 582.88802 15.900 0.008
 583.66539 15.946 0.008
 583.77511 15.890 0.008
 583.91010 15.654 0.007
 587.68123 15.683 0.007
 588.66408 15.815 0.008
 588.78188 15.882 0.008
 590.76352 15.757 0.009
 599.67517 15.766 0.007
 600.66122 15.905 0.007
 600.80072 15.951 0.007
 601.73152 15.663 0.006
 601.93326 15.774 0.009
 605.59375 15.791 0.011
 605.92273 15.959 0.010
 606.59359 15.894 0.007
 606.73283 15.923 0.007
 606.90661 15.654 0.007
 607.58671 15.638 0.006
 607.70687 15.692 0.006
 607.86354 15.767 0.007
 608.58186 15.763 0.007
 608.69868 15.825 0.007
 608.85518 15.939 0.007
 614.60345 15.835 0.007
 614.79272 15.922 0.006
 615.58381 15.969 0.008
 615.67837 15.740 0.007
 615.77337 15.652 0.007
 615.89227 15.697 0.007
 616.58416 15.675 0.007
 616.70235 15.738 0.007
 616.79777 15.792 0.008
 616.89347 15.844 0.009
 622.79393 15.843 0.008
 623.66836 15.945 0.008
 623.80772 15.759 0.007
 624.58532 15.711 0.007
 624.68100 15.654 0.007
 624.75536 15.700 0.007
 625.59529 15.748 0.007
 625.69469 15.797 0.007
 626.57648 15.878 0.008
 626.65099 15.952 0.009
 626.79060 15.751 0.007
 627.81294 15.750 0.008
 628.62978 15.791 0.007
 628.72963 15.835 0.007
 628.83857 15.919 0.009
 629.59960 15.959 0.008
 629.71979 15.803 0.007
 630.56955 15.647 0.007
 631.64695 15.825 0.007
 631.74318 15.864 0.008
 632.63771 15.992 0.009
 632.72973 15.729 0.007
 633.61683 15.679 0.006
 635.68658 15.746 0.008
 643.56087 15.854 0.008
 643.65603 15.921 0.008
 645.57431 15.725 0.007
 649.51505 15.866 0.008
 652.56028 15.929 0.008
 653.70174 15.715 0.007
 656.60173 15.690 0.007
 657.59850 15.837 0.007
 658.60601 15.865 0.008
 663.54492 15.846 0.007
 665.57215 15.716 0.007
 666.50843 15.834 0.008
 667.54455 15.732 0.005
 669.50714 15.855 0.007
 670.67551 15.692 0.007
 671.51045 15.738 0.008
 673.64793 15.696 0.008
 684.49724 15.988 0.008
 685.48804 15.686 0.007
 686.53991 15.860 0.007
 687.53312 15.764 0.007
 688.51362 15.715 0.007
 689.49851 15.845 0.007
 694.50348 15.731 0.008
 697.50477 15.768 0.008
 698.50032 15.936 0.008
 699.49685 15.639 0.006
 700.51265 15.804 0.008
 701.49665 15.958 0.011
 704.51423 15.950 0.010
 708.58458 15.746 0.008
 713.50569 15.679 0.007
 720.50967 15.785 0.007
 728.61576 15.756 0.008
 742.56176 15.698 0.009
 753.52489 15.646 0.008
 878.84852 15.675 0.006
 890.89365 15.773 0.007
 896.82190 15.788 0.006
 900.82113 15.979 0.007
 918.83108 15.680 0.006
 924.89132 15.733 0.007
 928.89148 15.925 0.009
 930.81404 15.731 0.007
 933.79438 15.744 0.007
 936.83783 15.790 0.007
 937.78086 15.917 0.008
 939.74152 15.757 0.007
 941.71548 15.654 0.006
 950.69274 15.684 0.007
 951.76323 15.870 0.008
 952.72999 15.873 0.007
 953.74397 15.728 0.007
 954.74916 15.862 0.007
 961.78541 15.651 0.006
 962.71053 15.752 0.007
 963.71754 15.937 0.007
 964.78571 15.701 0.006
 965.68776 15.765 0.007
 965.90322 15.912 0.009
 966.66350 15.892 0.007
 966.87839 15.691 0.006
 968.81384 15.884 0.009
 969.70363 15.967 0.011
 970.71081 15.669 0.007
 970.83299 15.728 0.007
 971.67780 15.792 0.007
 978.62602 15.961 0.008
 984.69320 15.633 0.005
 985.59652 15.688 0.006
 988.71126 15.792 0.007
 990.67444 15.657 0.006
 991.64482 15.789 0.009
 992.79324 15.725 0.008
 995.68256 15.937 0.009
 998.75939 15.655 0.007
1006.73775 15.980 0.010
1011.76744 15.840 0.007
1021.65847 15.752 0.007
1026.61817 15.877 0.008
1035.55932 15.910 0.008
1036.60401 15.647 0.007
1037.61039 15.803 0.007
1038.64210 15.962 0.009
1039.68397 15.705 0.008
1040.52890 15.767 0.007
1041.54238 15.955 0.008
1043.57228 15.826 0.008
1045.52061 15.659 0.006
1046.52792 15.808 0.007
1047.56200 15.852 0.010
1048.54129 15.692 0.007
1051.58788 15.748 0.008
1053.62403 15.644 0.007
1054.51641 15.720 0.006
1060.53615 15.784 0.008
1061.52475 15.952 0.009
1064.52840 15.971 0.008
1065.49568 15.649 0.007
1069.64034 15.905 0.008
1074.53975 15.736 0.008
1077.59287 15.782 0.007
1080.50497 15.747 0.008
1087.55438 15.917 0.008
1090.56203 15.758 0.008
1092.60468 15.898 0.009
1105.57287 15.671 0.007
1107.53267 15.959 0.008
1108.54723 15.674 0.009
1109.51655 15.838 0.010
1110.49873 15.962 0.010
1111.52279 15.695 0.010
1112.53223 15.839 0.011
1113.55376 15.730 0.010
1114.50011 15.717 0.009
1116.50149 15.752 0.008
1118.55082 15.937 0.010
1119.51851 15.663 0.008
1120.53063 15.768 0.012
1120.53993 15.764 0.010
1121.50562 15.900 0.010
1122.50348 15.628 0.009
1122.51139 15.619 0.009
1124.50425 15.943 0.011
1125.51386 15.663 0.008
1126.51486 15.836 0.011
1127.51411 15.976 0.012
1128.51483 15.678 0.010
1220.86964 15.970 0.010
1225.85132 15.831 0.008
1237.86992 15.965 0.009
1242.80737 15.767 0.009
1252.80316 15.756 0.008
1255.85673 15.644 0.008
1259.82029 15.776 0.008
1264.90352 15.700 0.008
1267.91178 15.733 0.008
1272.87694 15.646 0.007
1279.89182 15.807 0.008
1289.78916 15.962 0.009
1291.87174 15.888 0.007
1295.76780 15.764 0.007
1296.88372 15.787 0.007
1297.83525 15.914 0.008
1299.87503 15.801 0.009
1305.80516 15.819 0.008
1306.68411 15.890 0.008
1307.90061 15.721 0.008
1312.77918 15.925 0.008
1313.90027 15.764 0.007
1315.79061 15.759 0.007
1316.71581 15.691 0.007
1317.79650 15.898 0.008
1318.78415 15.706 0.008
1319.81710 15.761 0.008
1320.66782 15.834 0.008
1321.69228 15.779 0.008
1327.76960 15.678 0.009
1332.82252 15.761 0.008
1335.72359 15.979 0.008
1338.77129 15.730 0.008
1340.66991 15.826 0.008
1342.62557 15.674 0.007
1346.68361 15.877 0.008
1347.71369 15.645 0.007
1348.74703 15.782 0.008
1350.78858 15.684 0.006
1354.63830 15.755 0.008
1355.61306 15.906 0.009
1360.81386 15.911 0.009
1365.67763 15.721 0.008
1366.62414 15.836 0.008
1367.69130 15.674 0.008
1368.64003 15.720 0.007
1369.74110 15.944 0.008
1370.58094 15.845 0.008
1374.72685 15.817 0.009
1375.65058 15.945 0.008
1394.59422 15.727 0.008
1395.57280 15.880 0.007
1397.72198 15.826 0.008
1398.57613 15.901 0.007
1399.59826 15.640 0.007
1400.60497 15.783 0.007
1401.56310 15.922 0.009
1402.55585 15.637 0.007
1403.62590 15.810 0.008
1404.55924 15.965 0.008
1407.57721 15.979 0.009
1408.55437 15.669 0.007
1410.56657 15.949 0.010
1415.56134 15.872 0.009
1416.54164 15.764 0.007
1418.52242 15.855 0.008
1430.61210 15.753 0.009
1433.51812 15.963 0.009
1436.61859 15.637 0.007
1441.52398 15.861 0.010
1443.51827 15.736 0.008
1447.54456 15.965 0.009
1449.54440 15.804 0.009
1454.54240 15.693 0.008
1459.52080 15.755 0.008
1479.51525 15.764 0.010
1593.88624 15.724 0.008
1594.87399 15.875 0.009
1595.86800 15.703 0.007
1596.89171 15.749 0.008
1609.83064 15.982 0.008
1616.90485 15.766 0.008
1618.84124 15.678 0.007
1621.79245 15.709 0.008
1623.80431 15.902 0.008
1625.85383 15.798 0.008
1627.81362 15.659 0.007
1630.89570 15.718 0.008
1633.78756 15.683 0.007
1643.79805 15.905 0.009
1644.90892 15.686 0.007
1646.85840 15.992 0.010
1652.82444 15.957 0.008
1653.81306 15.689 0.007
1655.91639 15.652 0.007
1661.86121 15.640 0.006
1662.90896 15.792 0.007
1663.82641 15.935 0.007
1665.73868 15.742 0.009
1666.82993 15.956 0.007
1667.87418 15.674 0.007
1668.88787 15.818 0.007
1670.75647 15.639 0.006
1671.85053 15.837 0.007
1674.81129 15.834 0.007
1676.79296 15.697 0.006
1681.83336 15.667 0.007
1682.83596 15.764 0.009
1687.85575 15.667 0.007
1692.67370 15.898 0.007
1693.77575 15.678 0.007
1695.85519 15.763 0.006
1698.71041 15.962 0.008
1700.87653 15.914 0.008
1702.70104 15.693 0.007
1703.85784 15.932 0.009
1705.69925 15.698 0.007
1706.72035 15.856 0.007
1709.64221 15.832 0.007
1717.67314 15.772 0.007
1721.74790 15.852 0.008
1722.65475 15.659 0.007
1725.71319 15.707 0.007
1726.62219 15.808 0.008
1728.66629 15.702 0.007
1729.64173 15.839 0.005
1730.61289 15.972 0.009
1731.52799 15.657 0.007
1732.68035 15.881 0.007
1738.65745 15.939 0.015
1742.67177 15.663 0.007
1743.64871 15.782 0.007
1743.79816 15.882 0.008
1744.56986 15.906 0.009
1744.65269 15.981 0.009
1744.73103 15.769 0.009
1744.80422 15.656 0.008
1745.53036 15.672 0.007
1745.65880 15.675 0.006
1745.68425 15.684 0.007
1745.69028 15.692 0.007
1745.69628 15.698 0.007
1745.71602 15.697 0.007
1745.72203 15.696 0.007
1745.74153 15.714 0.007
1745.74755 15.714 0.007
1745.76718 15.727 0.008
1745.77322 15.721 0.007
1745.79930 15.745 0.008
1745.80532 15.743 0.008
1745.81213 15.760 0.009
1745.81813 15.772 0.011
1745.82415 15.765 0.010
1745.83049 15.754 0.009
1745.83652 15.752 0.009
1746.48023 15.714 0.008
1746.48683 15.718 0.007
1746.49285 15.714 0.007
1746.49906 15.727 0.007
1746.50507 15.727 0.007
1746.52053 15.730 0.007
1746.53342 15.750 0.008
1746.53941 15.751 0.008
1746.55233 15.751 0.007
1746.55835 15.764 0.007
1746.57152 15.773 0.007
1746.57754 15.782 0.007
1746.59069 15.777 0.007
1746.59673 15.789 0.007
1746.60963 15.791 0.007
1746.61565 15.805 0.008
1746.63267 15.811 0.007
1746.63866 15.812 0.008
1746.65170 15.811 0.007
1746.65771 15.836 0.007
1746.67062 15.820 0.006
1746.67661 15.844 0.007
1746.68296 15.831 0.007
1746.68897 15.834 0.007
1746.70166 15.843 0.007
1746.71418 15.847 0.008
1746.72706 15.815 0.007
1746.73358 15.894 0.007
1746.73958 15.852 0.007
1748.58417 15.655 0.007
1749.46935 15.713 0.007
1749.52507 15.758 0.008
1749.78720 15.922 0.007
1750.51218 15.927 0.008
1750.66823 15.759 0.007
1751.46194 15.669 0.009
1751.47175 15.639 0.007
1751.54747 15.668 0.006
1751.58520 15.674 0.007
1751.77132 15.783 0.007
1752.54632 15.805 0.008
1752.62099 15.844 0.008
1752.78610 15.977 0.009
1753.47167 15.919 0.008
1753.53249 15.963 0.008
1753.56430 15.986 0.008
1753.57727 15.959 0.008
1753.58372 15.941 0.007
1753.59022 15.920 0.008
1753.59653 15.899 0.007
1753.60285 15.856 0.007
1753.60885 15.818 0.007
1753.61487 15.777 0.007
1753.62121 15.769 0.007
1753.62721 15.757 0.007
1753.63322 15.760 0.007
1753.63963 15.758 0.007
1753.64562 15.756 0.007
1753.65162 15.739 0.007
1753.65827 15.722 0.007
1753.66427 15.711 0.007
1753.67025 15.694 0.007
1753.67679 15.679 0.007
1753.68280 15.670 0.007
1753.68881 15.656 0.007
1753.69526 15.641 0.007
1753.70128 15.640 0.007
1753.70731 15.651 0.007
1753.71396 15.639 0.007
1753.71998 15.645 0.007
1753.72601 15.649 0.007
1753.73297 15.635 0.007
1753.73897 15.633 0.007
1753.74500 15.642 0.007
1753.75147 15.643 0.007
1753.75748 15.666 0.007
1753.76349 15.666 0.007
1753.76999 15.655 0.007
1753.77599 15.655 0.007
1753.78199 15.666 0.007
1753.78879 15.662 0.007
1754.46473 15.619 0.010
1754.47653 15.664 0.008
1754.61520 15.715 0.007
1755.46918 15.777 0.009
1755.62973 15.883 0.008
1756.51029 15.976 0.008
1756.56761 15.852 0.007
1757.60503 15.714 0.007
1758.61173 15.893 0.008
1759.54049 15.802 0.007
1760.49765 15.688 0.007
1760.59012 15.733 0.007
1761.55708 15.878 0.009
1762.55439 15.714 0.007
1763.50839 15.713 0.007
1764.59818 15.939 0.008
1765.60119 15.646 0.007
1769.57202 15.789 0.007
1771.57422 15.699 0.010
1772.58416 15.821 0.007
1773.59873 15.892 0.008
1775.59955 15.843 0.007
1776.59480 15.734 0.006
1777.60932 15.717 0.007
1783.60977 15.755 0.007
1784.59947 15.931 0.008
1785.59887 15.642 0.007
1787.59395 15.956 0.008
1788.56291 15.649 0.008
1790.57642 15.968 0.009
1803.52386 15.710 0.007
1806.57374 15.757 0.007
1809.58309 15.794 0.007
1811.59132 15.683 0.008
1814.53981 15.674 0.007
1816.52741 15.971 0.009
1818.50963 15.816 0.009
1824.55243 15.885 0.010
1829.54049 15.766 0.008
1834.51309 15.657 0.007
1843.52076 15.711 0.007
1844.52346 15.861 0.008
2072.60108 15.804 0.009
2072.61102 15.808 0.008
2072.62234 15.808 0.008
2072.63095 15.822 0.008
2072.63958 15.816 0.008
2072.65503 15.839 0.008
2072.66365 15.834 0.008
2072.67231 15.844 0.008
2072.68095 15.855 0.008
2072.68960 15.838 0.009
2072.69825 15.862 0.009
2072.72835 15.886 0.008
2072.73697 15.884 0.008
2072.74556 15.897 0.008
2072.75421 15.891 0.009
2072.76281 15.905 0.009
2072.77143 15.902 0.008
2072.78046 15.905 0.009
2072.78907 15.926 0.009
2072.79767 15.932 0.008
2072.80629 15.944 0.009
2072.81493 15.949 0.009
2072.82353 15.959 0.009
2072.83306 15.963 0.009
2072.84195 15.991 0.010
2072.85106 15.989 0.010
2072.86194 15.974 0.010
2072.87052 15.985 0.010
2072.87913 15.982 0.010
2072.89329 15.964 0.010
2072.90189 15.933 0.010
2072.91045 15.896 0.010
2073.58234 15.984 0.010
2073.59771 15.996 0.009
2073.60632 15.973 0.009
2073.61491 15.990 0.008
2073.62354 15.978 0.009
2073.63217 15.950 0.008
2073.64077 15.936 0.008
2073.64955 15.911 0.008
2073.65819 15.853 0.008
2073.66871 15.782 0.007
2073.67766 15.762 0.007
2073.68629 15.759 0.008
2073.69492 15.763 0.008
2073.70352 15.744 0.007
2073.71219 15.731 0.007
2073.72082 15.713 0.007
2073.73028 15.686 0.008
2073.73886 15.671 0.007
2073.74743 15.651 0.007
2073.75603 15.641 0.007
2073.76461 15.634 0.007
2073.77321 15.649 0.007
2073.78648 15.653 0.007
2073.80914 15.649 0.008
2073.82494 15.663 0.007
2073.83397 15.667 0.008
2073.84915 15.665 0.007
2073.85774 15.679 0.007
2073.86633 15.674 0.007
2073.87493 15.669 0.008
2073.88353 15.692 0.008
2073.89703 15.691 0.008
2073.90560 15.715 0.008
2074.57630 15.669 0.007
2074.58493 15.662 0.008
2074.59355 15.679 0.008
2074.60217 15.678 0.008
2074.61079 15.678 0.008
2074.61943 15.679 0.008
2074.63716 15.667 0.009
2074.64576 15.691 0.009
2074.65436 15.704 0.008
2074.66303 15.706 0.008
2074.67166 15.721 0.008
2074.68051 15.720 0.008
2074.70288 15.733 0.008
2074.71152 15.733 0.007
2074.72012 15.734 0.008
2074.73135 15.747 0.008
2074.73992 15.748 0.008
2074.76370 15.772 0.008
2074.77232 15.770 0.008
2074.78091 15.786 0.008
2074.78951 15.783 0.009
2074.79938 15.783 0.008
2074.80798 15.798 0.008
2074.81682 15.784 0.008
2074.82543 15.811 0.008
2074.83403 15.810 0.008
2074.84266 15.811 0.008
2074.85130 15.809 0.008
2074.85987 15.825 0.008
2074.86892 15.827 0.008
2074.87746 15.841 0.009
2074.88606 15.837 0.008
2074.89472 15.844 0.008
2074.90334 15.844 0.008
2075.61108 15.828 0.009
2075.61969 15.842 0.009
2075.62828 15.846 0.009
2075.63690 15.849 0.009
2075.64553 15.852 0.009
2075.66516 15.859 0.009
2075.67375 15.875 0.009
2075.68236 15.869 0.008
2075.69099 15.873 0.009
2075.69963 15.878 0.009
2075.70822 15.895 0.009
2075.71725 15.887 0.009
2075.72650 15.909 0.009
2075.73510 15.928 0.009
2075.74367 15.926 0.009
2075.77047 15.954 0.010
2075.77907 15.954 0.010
2075.78765 15.983 0.010
2075.79652 15.987 0.010
2075.80514 15.977 0.010
2075.81375 15.987 0.010
2075.82236 15.998 0.010
2075.83093 15.975 0.010
2075.84358 15.977 0.009
2075.85218 15.978 0.010
2075.86080 15.962 0.010
2075.86939 15.927 0.010
2075.87794 15.868 0.009
2075.88654 15.805 0.009
2075.89544 15.787 0.010
2076.68960 15.687 0.008
2076.69822 15.662 0.008
2076.70684 15.655 0.008
2076.72033 15.646 0.008
2076.73029 15.642 0.009
2076.73910 15.649 0.008
2076.74787 15.663 0.009
2076.75661 15.639 0.008
2076.76539 15.664 0.009
2076.77417 15.651 0.008
2076.79006 15.661 0.008
2076.80142 15.674 0.008
2076.81414 15.674 0.009
2076.82663 15.678 0.008
2076.83536 15.678 0.008
2076.84411 15.678 0.008
2076.85283 15.700 0.008
2076.86160 15.693 0.008
2076.87031 15.714 0.009
2076.87962 15.719 0.009
2076.88836 15.710 0.009
2077.58633 15.689 0.008
2077.60692 15.699 0.008
2077.61760 15.700 0.008
2077.62853 15.717 0.008
2077.63729 15.714 0.007
2077.65017 15.709 0.007
2077.65894 15.727 0.007
2077.66767 15.728 0.007
2077.67639 15.733 0.007
2077.68859 15.741 0.007
2077.69738 15.753 0.007
2077.70615 15.763 0.008
2077.71491 15.745 0.008
2077.72365 15.771 0.008
2077.73240 15.777 0.008
2077.74219 15.779 0.009
2077.75096 15.772 0.008
2077.75976 15.789 0.008
2077.76851 15.791 0.008
2077.77725 15.797 0.008
2077.78938 15.802 0.008
2077.79809 15.806 0.008
2077.80684 15.815 0.008
2077.81563 15.814 0.008
2077.82438 15.812 0.008
2077.83314 15.846 0.009
2077.84225 15.846 0.009
2077.85098 15.844 0.010
2077.85974 15.856 0.010
2077.86848 15.852 0.009
2077.87716 15.852 0.009
2077.88592 15.858 0.010
2077.89489 15.850 0.009
2077.90367 15.835 0.010
2078.59219 15.836 0.009
2078.60094 15.849 0.009
2078.60971 15.854 0.009
2078.61844 15.854 0.009
2078.62721 15.857 0.009
2078.63599 15.868 0.009
2078.65637 15.883 0.008
2078.66510 15.887 0.008
2078.67388 15.897 0.008
2078.68263 15.894 0.009
2078.69140 15.904 0.008
2078.70013 15.926 0.009
2078.70979 15.918 0.009
2078.71872 15.933 0.008
2078.72744 15.947 0.008
2078.73619 15.951 0.009
2078.74492 15.953 0.009
2078.75368 15.970 0.009
2078.76672 15.976 0.009
2078.78557 15.992 0.009
2078.79435 15.990 0.009
2078.80310 15.987 0.009
2078.81185 15.976 0.009
2078.83791 15.893 0.009
2078.84667 15.846 0.009
2078.86497 15.763 0.009
2078.87365 15.745 0.009
2078.88240 15.753 0.009
2079.62222 15.764 0.009
2079.63097 15.763 0.010
2079.63977 15.727 0.008
2079.64852 15.704 0.008
2079.65727 15.685 0.008
2079.66603 15.670 0.008
2079.67583 15.665 0.007
2079.68456 15.653 0.007
2079.69331 15.653 0.008
2079.70202 15.661 0.008
2079.71077 15.648 0.008
2079.73364 15.646 0.008
2079.74242 15.655 0.008
2079.75116 15.658 0.008
2079.75986 15.660 0.008
2079.76862 15.668 0.008
2079.78392 15.675 0.008
2079.79604 15.691 0.008
2079.80478 15.677 0.008
2079.81356 15.695 0.009
2080.55559 15.685 0.007
2080.57005 15.698 0.007
2080.57875 15.714 0.007
2080.58749 15.699 0.007
2080.59620 15.708 0.007
2080.60494 15.718 0.007
2080.61368 15.719 0.008
2080.62838 15.734 0.008
2080.63716 15.734 0.007
2080.64591 15.740 0.008
2080.65470 15.748 0.008
2080.66342 15.739 0.008
2080.67809 15.752 0.008
2080.69972 15.763 0.008
2080.70845 15.770 0.008
2080.71720 15.775 0.008
2080.75097 15.794 0.008
2080.76345 15.813 0.008
2080.77774 15.822 0.008
2080.80314 15.815 0.008
2080.81348 15.820 0.008
2080.82227 15.807 0.009
2081.56920 15.849 0.008
2081.57910 15.853 0.008
2081.58783 15.854 0.008
2081.59848 15.870 0.008
2081.61801 15.877 0.008
2081.66077 15.899 0.008
2081.70219 15.948 0.009
2081.71103 15.956 0.009
2081.71987 15.965 0.009
2081.72859 15.989 0.009
2081.73731 15.971 0.009
2081.74607 15.994 0.009
2081.75688 15.983 0.009
2081.76567 15.987 0.009
2081.77442 15.966 0.009
2081.78318 15.946 0.009
2081.80125 15.902 0.009
2081.80999 15.807 0.008
2081.81875 15.757 0.008
2082.64280 15.654 0.008
2082.68513 15.654 0.007
2082.69589 15.653 0.007
2082.70523 15.658 0.007
2082.71402 15.651 0.008
2082.72649 15.678 0.008
2082.73821 15.666 0.008
2082.74694 15.688 0.008
2082.75565 15.681 0.008
2082.76677 15.682 0.007
2082.78348 15.680 0.008
2082.79222 15.698 0.007
2082.80097 15.698 0.008
2082.80971 15.715 0.008
2082.81847 15.695 0.008
2082.82723 15.711 0.008
2082.83972 15.702 0.008
2082.84849 15.719 0.008
2082.85727 15.706 0.008
2082.86602 15.715 0.008
2085.63080 15.636 0.008
2085.63939 15.650 0.008
2085.64798 15.649 0.008
2085.65662 15.653 0.008
2085.66521 15.661 0.008
2085.67382 15.662 0.008
2085.68505 15.667 0.009
2085.69361 15.669 0.008
2085.70221 15.676 0.009
2085.71082 15.681 0.009
2085.71953 15.678 0.009
2085.72816 15.685 0.009
2085.73794 15.680 0.008
2085.74656 15.685 0.009
2085.75876 15.691 0.009
2085.77536 15.700 0.009
2085.78478 15.720 0.009
2085.79494 15.711 0.009
2085.80353 15.729 0.009
2085.82598 15.731 0.009
2085.83456 15.742 0.008
2085.84315 15.744 0.009
2085.85175 15.752 0.010
2085.86037 15.748 0.010
2086.55481 15.715 0.008
2086.56343 15.722 0.008
2086.57202 15.728 0.008
2086.59175 15.743 0.008
2086.60037 15.755 0.008
2086.60899 15.753 0.008
2086.62829 15.763 0.008
2086.63691 15.772 0.008
2086.64548 15.776 0.008
2086.65410 15.779 0.008
2086.66270 15.798 0.008
2086.67132 15.793 0.008
2086.68306 15.805 0.008
2086.69161 15.806 0.008
2086.70018 15.813 0.008
2086.70878 15.828 0.008
2086.71745 15.829 0.009
2086.73088 15.838 0.009
2086.73953 15.845 0.009
2086.74814 15.846 0.008
2086.75675 15.848 0.009
2086.76535 15.849 0.009
2086.77865 15.866 0.009
2086.78727 15.862 0.009
2086.79592 15.863 0.009
2086.80830 15.874 0.009
2086.81687 15.890 0.009
2086.82549 15.881 0.009
2086.83795 15.898 0.009
2086.84658 15.889 0.010
2086.85519 15.915 0.010
2086.86379 15.929 0.010
2087.56046 15.894 0.008
2087.60209 15.934 0.008
2087.61082 15.941 0.008
2087.61954 15.945 0.008
2087.62827 15.967 0.008
2087.63703 15.957 0.008
2087.64578 15.970 0.008
2087.65476 15.987 0.008
2087.66352 16.000 0.008
2087.67559 15.986 0.009
2087.68432 15.990 0.009
2087.69371 15.976 0.008
2087.71116 15.958 0.008
2087.71993 15.929 0.008
2087.72870 15.891 0.008
2087.73750 15.832 0.008
2087.74628 15.782 0.007
2087.75502 15.749 0.007
2087.76551 15.761 0.007
2087.77426 15.737 0.006
2087.78301 15.745 0.006
2087.79175 15.713 0.007
2087.80049 15.698 0.006
2087.80924 15.677 0.006
2087.81847 15.633 0.006
2087.82720 15.627 0.007
2087.83596 15.628 0.007
2087.84471 15.632 0.007
2088.55786 15.663 0.008
2088.56977 15.655 0.008
2088.57851 15.649 0.008
2088.58730 15.652 0.008
2088.59609 15.641 0.007
2088.60499 15.642 0.008
2088.61378 15.650 0.008
2088.62254 15.661 0.008
2088.63134 15.660 0.008
2088.64161 15.670 0.007
2088.65041 15.663 0.008
2088.65917 15.667 0.007
2088.66797 15.674 0.007
2088.67912 15.681 0.007
2088.68842 15.673 0.007
2088.69713 15.695 0.008
2088.70588 15.685 0.007
2088.71463 15.688 0.008
2088.72469 15.711 0.008
2088.73859 15.712 0.008
2088.74735 15.715 0.008
2088.75608 15.724 0.008
2088.76481 15.720 0.008
2088.77668 15.727 0.008
2088.78548 15.735 0.008
2088.79423 15.743 0.009
2088.80301 15.739 0.009
2088.81180 15.742 0.009
2088.82055 15.738 0.009
2088.82971 15.745 0.008
2088.83843 15.754 0.009
2088.84722 15.762 0.010
2089.61034 15.781 0.009
2089.61908 15.799 0.008
2089.62781 15.776 0.008
2089.63654 15.798 0.008
2089.64530 15.803 0.008
2089.65445 15.800 0.008
2090.64245 15.988 0.010
2090.65125 15.996 0.010
2090.66119 15.983 0.009
2090.66997 15.958 0.009
2090.67890 15.944 0.010
2090.70715 15.802 0.009
2090.71589 15.765 0.009
2090.72461 15.767 0.009
2090.73332 15.773 0.009
2090.74206 15.742 0.008
2090.75084 15.736 0.010
2090.76041 15.698 0.008
2090.76914 15.680 0.008
2090.77788 15.663 0.008
2090.78664 15.652 0.007
2090.79543 15.639 0.007
2090.80420 15.636 0.007
2090.81627 15.648 0.008
2090.82501 15.656 0.009
2090.83936 15.670 0.009
2091.58676 15.655 0.008
2091.59555 15.660 0.007
2091.60431 15.664 0.007
2091.61502 15.669 0.007
2091.63115 15.669 0.007
2091.65270 15.684 0.007
2091.66227 15.681 0.007
2091.67098 15.692 0.007
2091.68033 15.692 0.008
2091.68916 15.696 0.008
2091.69790 15.702 0.008
2091.70666 15.703 0.008
2091.71565 15.718 0.008
2091.72437 15.718 0.008
2091.73309 15.725 0.008
2091.74185 15.727 0.007
2091.75063 15.739 0.007
2091.76173 15.740 0.008
2091.77465 15.735 0.008
2091.78342 15.762 0.008
2091.79215 15.747 0.007
2091.80094 15.763 0.008
2091.80969 15.761 0.008
2091.81846 15.773 0.008
2091.82741 15.774 0.008
2091.83661 15.780 0.008
2091.84537 15.779 0.008
2091.85414 15.766 0.008
2091.86285 15.777 0.009
2092.64416 15.817 0.008
2092.65296 15.839 0.008
2092.66173 15.830 0.008
2092.67328 15.835 0.009
2092.68206 15.855 0.009
2092.69081 15.850 0.008
2092.69959 15.855 0.008
2092.70837 15.863 0.008
2092.71714 15.869 0.009
2092.73240 15.880 0.008
2092.74117 15.869 0.009
2092.75175 15.891 0.009
2092.76047 15.899 0.009
2092.76922 15.906 0.009
2092.77798 15.907 0.010
2092.78672 15.916 0.010
2092.79724 15.930 0.010
2092.80598 15.936 0.010
2092.81470 15.953 0.010
2092.82988 15.971 0.011
2101.55169 15.831 0.009
2101.56043 15.846 0.008
2101.56917 15.850 0.008
2101.57793 15.843 0.008
2101.58661 15.852 0.008
2101.59540 15.858 0.009
2101.60995 15.859 0.009
2101.61873 15.872 0.009
2101.62751 15.889 0.008
2101.63626 15.895 0.008
2101.64495 15.904 0.009
2101.65437 15.885 0.008
2101.66334 15.914 0.009
2101.67209 15.914 0.009
2101.68084 15.931 0.009
2101.68958 15.932 0.009
2101.69833 15.946 0.009
2101.70706 15.935 0.009
2101.72427 15.938 0.010
2101.73964 15.996 0.010
2101.75822 15.985 0.010
2101.76695 15.972 0.010
2101.77573 15.989 0.009
2101.78446 15.978 0.010
2102.53609 15.921 0.008
2102.54486 15.889 0.008
2102.55544 15.831 0.008
2102.56419 15.776 0.008
2102.57994 15.756 0.008
2102.58872 15.751 0.008
2102.59745 15.755 0.008
2102.60623 15.731 0.008
2102.61496 15.699 0.007
2102.62375 15.687 0.008
2102.63307 15.668 0.007
2102.64183 15.658 0.007
2102.65119 15.639 0.006
2103.50001 15.678 0.007
2103.50874 15.692 0.008
2103.51923 15.678 0.008
2103.52796 15.695 0.007
2103.53673 15.694 0.008
2103.54544 15.702 0.006
2103.55418 15.708 0.007
2103.56289 15.711 0.007
2103.57481 15.712 0.007
2103.58359 15.719 0.007
2103.59235 15.717 0.007
2103.60111 15.727 0.007
2103.61052 15.732 0.006
2103.61929 15.739 0.007
2103.62804 15.742 0.007
2103.63674 15.744 0.007
2103.64607 15.751 0.007
2103.65481 15.770 0.007
2103.66471 15.762 0.007
2103.67354 15.791 0.007
2103.68224 15.776 0.007
2103.72327 15.806 0.008
2103.73207 15.810 0.008
2103.74082 15.815 0.009
2103.74956 15.827 0.009
2103.75834 15.820 0.008
2103.76706 15.818 0.008
2103.77580 15.835 0.008
2103.78454 15.836 0.008
2103.79328 15.845 0.008
2105.50627 15.903 0.009
2105.51998 15.825 0.009
2105.52902 15.768 0.008
2105.53777 15.755 0.008
2105.54651 15.758 0.008
2105.55524 15.754 0.008
2105.56644 15.733 0.008
2105.57518 15.707 0.007
2105.58396 15.688 0.007
2105.59270 15.663 0.007
2105.60219 15.656 0.007
2105.61152 15.631 0.007
2105.62059 15.639 0.007
2105.63243 15.637 0.007
2105.64325 15.641 0.007
2105.65200 15.653 0.007
2105.65546 15.653 0.007
2105.66455 15.656 0.007
2105.67330 15.653 0.007
2105.68205 15.668 0.007
2105.69079 15.665 0.007
2105.69956 15.673 0.007
2105.70830 15.682 0.007
2105.71445 15.678 0.007
2105.72470 15.690 0.007
2105.73342 15.680 0.007
2105.74216 15.685 0.007
2105.75092 15.688 0.007
2105.75966 15.678 0.008
2105.76845 15.682 0.008
2105.77758 15.693 0.008
2105.78631 15.699 0.008
2105.79509 15.678 0.009
2106.59545 15.767 0.008
2106.60510 15.759 0.008
2106.61431 15.759 0.008
2106.62309 15.753 0.008
2106.63185 15.781 0.008
2106.64136 15.771 0.008
2106.65011 15.778 0.008
2106.65890 15.780 0.008
2106.66795 15.796 0.008
2106.67673 15.804 0.008
2106.68548 15.798 0.008
2106.69416 15.808 0.008
2106.70292 15.818 0.008
2106.71833 15.817 0.008
2106.72710 15.825 0.008
2106.73584 15.823 0.009
2106.74459 15.840 0.009
2106.75329 15.834 0.009
2106.76205 15.848 0.009
2106.76844 15.848 0.009
2111.51213 15.697 0.008
2111.52090 15.670 0.008
2111.52964 15.677 0.008
2111.53837 15.663 0.008
2111.54716 15.644 0.008
2111.55592 15.647 0.008
2111.56516 15.644 0.008
2111.57389 15.646 0.008
2111.58270 15.665 0.008
2111.59143 15.658 0.008
2111.60019 15.660 0.008
2111.60890 15.665 0.008
2111.61805 15.676 0.009
2111.62740 15.672 0.009
2111.63618 15.677 0.009
2111.64495 15.680 0.009
2111.65372 15.687 0.008
2111.66244 15.673 0.008
2111.67165 15.690 0.008
2111.68039 15.676 0.008
2111.68915 15.681 0.008
2112.50470 15.755 0.008
2112.51432 15.755 0.008
2112.52732 15.746 0.008
2112.53610 15.753 0.008
2112.55565 15.768 0.008
2112.56437 15.765 0.008
2112.57867 15.796 0.008
2112.58742 15.796 0.007
2112.60076 15.788 0.007
2112.60949 15.807 0.007
2112.61827 15.808 0.007
2112.62699 15.805 0.008
2112.63574 15.814 0.008
2112.64457 15.821 0.007
2112.66642 15.841 0.007
2112.67518 15.838 0.007
2112.68392 15.840 0.007
2112.69269 15.839 0.008
2112.70281 15.839 0.008
2112.71181 15.857 0.008
2112.72057 15.851 0.008
2112.72933 15.853 0.008
2112.73812 15.872 0.008
2112.74686 15.848 0.008
2112.75627 15.870 0.008
2112.76275 15.885 0.008
2113.51586 15.926 0.010
2113.52462 15.938 0.010
2113.53337 15.932 0.010
2113.54266 15.945 0.010
2113.55143 15.952 0.010
2113.56017 15.960 0.010
2113.56887 15.962 0.010
2113.57759 15.976 0.010
2113.58635 15.982 0.009
2113.59562 16.000 0.010
2113.60437 16.011 0.011
2113.61311 16.002 0.010
2113.62217 15.997 0.010
2113.63092 15.983 0.010
2113.63966 15.958 0.010
2113.64918 15.928 0.009
2113.65796 15.908 0.009
2113.71536 15.727 0.008
2113.72413 15.700 0.008
2113.73287 15.689 0.008
2113.74161 15.653 0.008
2113.75035 15.627 0.008
2114.69378 15.721 0.008
2114.70253 15.728 0.009
2114.71130 15.734 0.009
2114.72011 15.743 0.009
2114.73080 15.733 0.008
2114.74057 15.733 0.009
2114.74929 15.747 0.009
2114.76028 15.753 0.010
2114.76905 15.758 0.009
2114.77785 15.759 0.008
2114.79797 15.789 0.008
2115.55328 15.799 0.009
2115.56202 15.793 0.009
2115.57238 15.796 0.009
2115.58678 15.823 0.009
2115.59553 15.828 0.009
2115.60429 15.827 0.009
2115.61819 15.840 0.010
2115.62691 15.834 0.010
2115.63570 15.840 0.010
2115.64683 15.843 0.009
2115.65607 15.835 0.009
2115.66482 15.868 0.009
2115.67357 15.857 0.009
2115.68229 15.835 0.009
2115.69102 15.840 0.009
2116.50948 15.949 0.010
2116.51824 15.973 0.011
2116.56251 15.993 0.010
2116.57128 15.996 0.010
2116.58942 15.982 0.010
2116.60102 15.965 0.009
2116.61037 15.933 0.009
2116.61913 15.903 0.009
2116.62791 15.849 0.008
2116.63666 15.805 0.008
2116.65678 15.748 0.008
2116.66549 15.741 0.008
2116.67428 15.733 0.008
2116.68304 15.706 0.008
2116.71048 15.665 0.008
2116.71926 15.661 0.007
2116.72802 15.657 0.008
2116.73677 15.656 0.008
2116.74551 15.651 0.008
2116.75758 15.654 0.008
2116.76637 15.648 0.008
2117.49022 15.636 0.007
2117.49903 15.638 0.007
2117.50819 15.646 0.007
2117.51694 15.652 0.007
2117.55705 15.674 0.008
2117.56580 15.673 0.008
2117.57455 15.679 0.008
2117.58397 15.680 0.008
2117.59272 15.678 0.008
2117.60149 15.689 0.007
2117.61349 15.700 0.008
2117.62228 15.701 0.007
2117.63103 15.701 0.007
2117.63983 15.709 0.008
2117.64860 15.707 0.008
2117.65736 15.713 0.008
2117.66652 15.718 0.008
2117.67533 15.718 0.008
2117.68411 15.722 0.008
2117.69288 15.717 0.008
2117.70160 15.720 0.008
2117.71197 15.761 0.008
2117.72073 15.766 0.008
2117.72948 15.780 0.008
2117.73827 15.779 0.008
2117.74699 15.779 0.008
2117.75570 15.790 0.009
2118.49786 15.784 0.008
2118.50661 15.788 0.009
2118.51541 15.790 0.009
2118.52417 15.790 0.008
2118.64321 15.868 0.008
2118.65592 15.865 0.008
2118.66467 15.878 0.008
2118.67346 15.885 0.009
2118.68223 15.903 0.009
2118.69095 15.911 0.008
2118.70086 15.913 0.008
2118.70988 15.913 0.008
2118.71863 15.920 0.009
2118.72736 15.925 0.010
2118.73619 15.952 0.008
2125.64150 15.636 0.009
2125.65067 15.648 0.008
2128.57003 15.642 0.007
2128.57983 15.645 0.007
2131.56674 15.644 0.007
2131.57317 15.643 0.007
2134.66975 15.704 0.010
2134.67685 15.719 0.009
2138.54720 15.798 0.009
2138.55693 15.819 0.009
2143.52040 15.699 0.010
2143.52619 15.700 0.009
2155.64720 15.861 0.011
2156.48627 15.903 0.010
2156.49237 15.886 0.008
2158.49461 15.770 0.008
2158.52489 15.797 0.007
2158.53762 15.787 0.008
2162.50413 15.983 0.010
2162.51022 15.987 0.010
2168.53885 15.753 0.009
2168.54503 15.738 0.009
2173.49686 15.899 0.010
2173.50304 15.903 0.010
2180.50165 15.671 0.007
2184.50009 15.834 0.010
2184.50637 15.829 0.010
2194.55447 15.664 0.008
2194.56169 15.654 0.008
2321.87307 15.750 0.010
2321.87911 15.761 0.009
2324.87519 15.692 0.008
2326.81121 15.846 0.010
2341.83166 15.931 0.010
2345.82130 15.712 0.007
2350.82585 15.662 0.007
2350.84477 15.635 0.007
2358.88424 15.891 0.009
2358.89056 15.874 0.009
2370.81249 15.685 0.008
2370.81874 15.684 0.008
2381.80789 15.993 0.010
2381.82600 15.956 0.008
2384.79037 15.965 0.009
2384.79887 15.949 0.009
2388.85023 15.734 0.008
2388.85659 15.737 0.008
2391.69275 15.681 0.010
2391.74262 15.708 0.009
2396.77411 15.630 0.009
2400.69063 15.727 0.009
2400.70207 15.737 0.008
2402.80557 15.675 0.008
2402.81632 15.676 0.007
2404.84251 15.753 0.008
2404.84895 15.760 0.008
2406.93292 15.927 0.010
2414.86148 15.792 0.008
2415.72351 15.857 0.010
2415.72976 15.861 0.009
2416.74571 15.692 0.008
2417.70349 15.715 0.008
2417.72128 15.727 0.009
2424.76361 15.992 0.012
2426.67492 15.761 0.009
2426.68468 15.771 0.008
2431.80926 15.731 0.006
2431.81539 15.740 0.006
2433.73642 15.738 0.008
2433.74257 15.763 0.009
2434.80945 15.742 0.008
2434.81564 15.752 0.008
2436.58220 15.950 0.010
2436.59016 15.956 0.009
2438.61435 15.808 0.009
2438.62052 15.817 0.008
2440.59561 15.673 0.008
2440.60198 15.685 0.008
2442.61343 15.815 0.008
2442.61950 15.782 0.008
2444.70605 15.921 0.010
2444.71314 15.933 0.009
2446.64060 15.743 0.009
2446.65142 15.744 0.008
2448.52739 15.880 0.013
2453.73666 15.750 0.009
2453.74699 15.750 0.008
2458.73393 15.897 0.010
2458.74007 15.897 0.009
2462.72273 15.638 0.007
2462.72880 15.649 0.007
2463.81981 15.817 0.008
2463.82943 15.825 0.008
2466.46291 15.657 0.010
2466.47175 15.646 0.009
2466.48065 15.650 0.008
2466.48963 15.657 0.008
2466.50234 15.661 0.008
2466.51152 15.663 0.008
2466.52054 15.661 0.008
2466.52952 15.670 0.008
2466.53998 15.675 0.008
2466.54915 15.686 0.008
2466.55848 15.693 0.008
2466.56215 15.695 0.008
2466.56808 15.699 0.008
2466.57700 15.699 0.008
2466.58895 15.703 0.008
2466.59889 15.708 0.008
2466.60791 15.724 0.008
2466.61675 15.715 0.008
2466.62753 15.724 0.009
2466.63726 15.729 0.009
2466.64749 15.749 0.009
2466.65646 15.747 0.008
2466.66539 15.749 0.009
2466.67805 15.764 0.009
2466.68691 15.762 0.008
2466.69577 15.765 0.009
2466.70568 15.777 0.008
2466.71596 15.774 0.009
2466.72507 15.786 0.009
2466.73407 15.806 0.010
2466.74332 15.803 0.010
2466.74979 15.811 0.010
2466.75641 15.802 0.009
2466.75931 15.805 0.010
2466.76807 15.812 0.009
2466.77743 15.828 0.009
2466.79001 15.819 0.010
2466.79904 15.830 0.010
2466.80971 15.831 0.009
2466.81862 15.842 0.010
2466.82854 15.853 0.010
2466.83737 15.857 0.010
2466.84634 15.865 0.010
2468.46484 15.986 0.011
2468.47169 15.976 0.010
2470.46516 15.801 0.010
2470.47461 15.812 0.010
2472.67213 15.795 0.007
2472.68097 15.806 0.008
2472.69128 15.796 0.008
2472.70023 15.803 0.008
2472.70912 15.820 0.008
2472.71931 15.826 0.008
2472.73262 15.835 0.009
2472.74220 15.837 0.008
2472.75127 15.836 0.009
2472.76016 15.835 0.008
2472.76991 15.837 0.007
2474.46546 15.858 0.010
2474.47684 15.769 0.010
2482.62214 15.800 0.010
2482.62843 15.765 0.008
2485.63215 15.728 0.010
2485.63840 15.735 0.009
2489.70299 15.799 0.008
2489.70907 15.806 0.007
2492.64767 15.786 0.008
2492.65441 15.770 0.008
2494.70205 15.701 0.007
2494.70809 15.690 0.007
2497.50460 15.683 0.008
2497.51068 15.680 0.008
2499.54039 15.923 0.009
2499.54661 15.932 0.009
2501.56811 15.807 0.008
2501.57427 15.787 0.008
2503.49162 15.645 0.015
2503.49946 15.658 0.012
2511.54830 15.752 0.009
2511.55455 15.752 0.009
2517.49143 15.733 0.010
2521.51672 15.768 0.008
2526.53481 15.678 0.007
2526.54693 15.679 0.008
2537.47811 15.749 0.010
2537.48484 15.761 0.009
2540.49470 15.642 0.009
2540.50087 15.653 0.009
2546.50525 15.674 0.008
2546.51135 15.690 0.008
2550.48652 15.816 0.010
2550.49274 15.837 0.010
2554.55841 15.671 0.008
2558.49496 15.720 0.010
2558.50112 15.731 0.009
2565.48782 15.959 0.013
2693.89219 15.639 0.008
2698.89013 15.981 0.009
2698.89620 15.973 0.009
2711.87315 15.744 0.007
2711.87923 15.733 0.007
2721.88060 15.960 0.015
2721.88926 15.963 0.012
2730.89389 15.656 0.008
2743.77029 15.765 0.008
2743.77638 15.755 0.008
2748.78884 15.669 0.009
2748.79505 15.679 0.008
2755.77874 15.849 0.008
2755.78508 15.853 0.008
2758.93016 15.973 0.011
2759.78012 15.668 0.008
2765.78688 15.650 0.008
2765.79322 15.656 0.007
2769.77149 15.797 0.006
2769.77786 15.813 0.006
2782.71004 15.752 0.010
2782.71609 15.715 0.008
2784.69899 15.873 0.008
2784.70892 15.878 0.008
2786.58455 15.693 0.010
2786.59547 15.701 0.010
2788.68634 15.645 0.007
2788.69312 15.649 0.007
2789.81375 15.830 0.009
2789.82190 15.829 0.009
2789.86968 15.850 0.009
2789.88886 15.874 0.009
2789.91433 15.901 0.009
2789.92425 15.891 0.009
2789.93492 15.905 0.009
2789.94684 15.928 0.011
2790.57951 15.828 0.006
2790.60750 15.859 0.007
2790.64044 15.866 0.006
2790.66398 15.891 0.008
2790.68578 15.930 0.008
2790.70395 15.930 0.008
2790.73664 15.972 0.009
2790.78459 15.958 0.009
2790.79144 15.955 0.009
2790.82171 15.805 0.008
2790.84654 15.754 0.008
2790.87747 15.705 0.008
2790.90507 15.666 0.008
2790.92711 15.656 0.008
2790.93209 15.653 0.008
2790.94401 15.643 0.009
2791.53522 15.954 0.010
2791.57913 15.787 0.006
2791.60883 15.725 0.008
2791.67103 15.648 0.008
2791.71244 15.654 0.007
2791.74939 15.674 0.008
2791.83603 15.709 0.008
2791.87870 15.745 0.008
2791.93396 15.775 0.007
2792.52842 15.708 0.010
2792.58003 15.722 0.009
2792.58287 15.720 0.009
2794.55466 15.774 0.010
2794.61630 15.647 0.008
2796.56337 15.869 0.009
2796.57063 15.880 0.008
2802.55824 15.949 0.012
2802.58708 15.965 0.011
2802.60745 15.970 0.010
2802.62501 15.982 0.010
2802.66903 15.864 0.010
2802.72933 15.724 0.009
2802.79679 15.665 0.009
2808.63079 15.754 0.009
2808.63697 15.744 0.008
2810.56903 15.830 0.009
2810.57532 15.852 0.009
2812.57090 15.698 0.008
2812.57689 15.727 0.008
2813.81465 15.750 0.009
2813.82071 15.756 0.008
2815.59325 15.739 0.008
2815.59923 15.749 0.008
2816.65868 15.967 0.009
2816.66493 15.935 0.009
2817.77333 15.715 0.009
2817.77936 15.725 0.008
2818.66818 15.804 0.009
2819.76228 15.716 0.009
2819.76850 15.719 0.008
2821.66052 15.828 0.009
2826.65119 15.694 0.008
2826.65737 15.746 0.007
2830.78143 15.972 0.010
2830.78765 15.949 0.010
2835.47782 15.674 0.010
2835.48464 15.681 0.009
2837.49663 15.795 0.009
2837.50356 15.773 0.008
2838.72714 15.859 0.009
2838.73399 15.840 0.009
2838.76031 15.871 0.010
2838.81122 15.903 0.010
2839.48715 15.838 0.009
2840.49871 15.749 0.009
2840.50472 15.738 0.009
2841.57685 15.779 0.009
2841.79054 15.912 0.009
2842.53514 15.917 0.009
2842.55842 15.940 0.009
2844.61128 15.810 0.008
2844.61739 15.799 0.008
2848.54648 16.003 0.011
2848.55689 15.971 0.010
2851.53374 15.962 0.010
2851.54329 15.921 0.009
2853.53159 15.825 0.009
2853.54701 15.822 0.009
2854.74264 15.681 0.009
2854.75453 15.686 0.009
2857.71747 15.691 0.009
2857.72968 15.708 0.008
2862.49376 15.875 0.011
2862.51085 15.894 0.010
2864.50077 15.755 0.010
2864.50856 15.752 0.009
2867.65598 15.856 0.010
2867.66210 15.860 0.009
2867.69807 15.888 0.009
2867.71936 15.922 0.010
2867.72930 15.912 0.010
2867.73251 15.914 0.010
2867.73556 15.933 0.010
2867.73861 15.925 0.010
2868.51429 15.958 0.009
2868.52404 15.963 0.009
2869.56728 15.680 0.008
2869.58857 15.695 0.008
2870.65628 15.894 0.009
2871.47684 15.970 0.010
2871.48997 15.968 0.010
2871.51151 15.974 0.010
2871.52781 15.980 0.009
2871.54698 15.949 0.009
2871.55026 15.930 0.009
2871.55365 15.924 0.009
2871.55700 15.919 0.009
2871.56044 15.902 0.009
2871.56414 15.875 0.009
2871.56803 15.856 0.009
2871.57980 15.784 0.008
2871.58743 15.750 0.008
2871.59090 15.751 0.008
2871.59428 15.761 0.008
2871.59764 15.751 0.008
2871.60093 15.759 0.008
2871.60426 15.746 0.008
2871.60748 15.745 0.008
2871.61118 15.746 0.008
2871.61585 15.743 0.008
2871.63049 15.712 0.008
2871.71129 15.639 0.008
2872.50170 15.671 0.008
2872.60093 15.716 0.007
2872.67540 15.758 0.008
2872.70262 15.776 0.008
2874.56582 15.755 0.006
2874.57627 15.749 0.008
2875.50935 15.701 0.009
2875.53658 15.699 0.008
2875.61544 15.750 0.010
2875.62908 15.769 0.010
2875.69346 15.797 0.010
2876.49411 15.823 0.009
2876.53591 15.843 0.008
2876.65169 15.941 0.010
2876.65484 15.948 0.009
2877.51760 15.761 0.009
2877.52165 15.757 0.009
2877.65100 15.654 0.008
2877.66005 15.673 0.008
2878.49474 15.694 0.008
2878.49816 15.705 0.008
2878.56930 15.739 0.008
2878.65314 15.803 0.008
2879.54437 15.885 0.009
2879.55333 15.887 0.009
2880.70010 15.693 0.009
2880.70302 15.699 0.008
2881.65634 15.814 0.007
2882.50044 15.866 0.009
2882.54991 15.926 0.009
2883.58619 15.648 0.008
2884.47633 15.731 0.010
2889.52295 15.681 0.010
2892.51419 15.685 0.010
2894.58414 15.739 0.008
2896.58101 15.882 0.009
2898.63993 15.784 0.009
2899.60441 15.945 0.008
2903.53905 15.671 0.007
2905.54431 15.956 0.011
2908.60074 15.930 0.010
2909.51514 15.665 0.009
2912.53773 15.689 0.008
2912.54649 15.690 0.008
2921.59831 15.774 0.010
2926.56551 15.668 0.008
2926.57008 15.680 0.008
3040.88363 15.792 0.011
3043.86962 15.784 0.008
3044.85820 15.973 0.010
3044.86435 15.972 0.010
3046.86814 15.824 0.010
3047.85686 15.975 0.009
3055.87452 15.887 0.009
3055.88040 15.896 0.009
3058.89269 15.938 0.009
3058.89826 15.925 0.009
3064.81324 15.946 0.010
3064.81879 15.938 0.009
3067.88666 15.915 0.008
3070.84819 15.928 0.010
3070.85375 15.905 0.010
3070.89257 15.757 0.008
3071.87693 15.702 0.008
3073.80367 15.948 0.010
3073.80921 15.932 0.009
3075.84225 15.867 0.009
3075.84788 15.870 0.009
3079.88686 15.660 0.008
3079.89239 15.654 0.008
3082.86016 15.655 0.007
3082.86570 15.674 0.007
3084.89946 15.970 0.008
3086.83181 15.789 0.007
3086.83737 15.789 0.007
3088.78930 15.642 0.007
3088.79482 15.647 0.007
3089.89856 15.846 0.008
3089.90409 15.842 0.008
3091.81875 15.688 0.007
3091.82429 15.687 0.007
3096.85686 15.702 0.008
3096.86240 15.704 0.009
3098.83736 15.880 0.008
3098.84983 15.886 0.008
3100.79783 15.722 0.007
3100.80337 15.723 0.007
3101.90434 15.973 0.009
3101.91691 15.986 0.010
3103.76910 15.726 0.008
3103.77468 15.733 0.008
3104.88363 15.993 0.016
3104.88917 15.973 0.014
3106.83398 15.790 0.009
3108.76167 15.641 0.007
3108.76723 15.654 0.007
3109.79661 15.791 0.008
3109.79938 15.787 0.007
3110.82828 15.978 0.009
3110.83384 15.964 0.009
3112.77709 15.804 0.007
3112.79214 15.806 0.007
3113.86686 15.759 0.008
3113.87241 15.754 0.007
3114.77838 15.684 0.007
3114.78394 15.685 0.007
3115.86120 15.872 0.008
3115.86677 15.879 0.008
3116.91732 15.646 0.008
3116.92286 15.654 0.007
3122.90439 15.678 0.008
3122.90994 15.673 0.008
3125.86465 15.683 0.009
3125.87020 15.682 0.008
3126.89027 15.825 0.008
3126.89592 15.831 0.008
3127.79578 15.943 0.009
3127.80670 15.954 0.009
3128.81415 15.652 0.007
3128.81972 15.665 0.007
3130.69216 15.894 0.009
3130.69769 15.888 0.009
3135.89906 15.913 0.009
3137.93253 15.788 0.008
3137.93808 15.789 0.009
3138.69522 15.792 0.009
3138.70077 15.801 0.009
3139.86654 15.642 0.007
3139.87803 15.650 0.007
3140.87225 15.768 0.008
3140.87784 15.767 0.007
3140.90258 15.783 0.008
3142.76055 15.749 0.007
3142.76610 15.773 0.008
3144.78149 15.893 0.009
3144.78706 15.891 0.008
3146.78130 15.747 0.008
3146.80063 15.780 0.009
3151.74408 15.638 0.008
3151.74968 15.659 0.008
3151.89676 15.719 0.008
3151.91442 15.719 0.008
3152.74737 15.777 0.008
3152.75377 15.799 0.008
3153.75212 15.979 0.010
3153.75768 15.972 0.010
3154.81363 15.692 0.008
3154.81919 15.711 0.009
3156.83333 15.766 0.008
3156.83895 15.764 0.008
3158.90401 15.951 0.011
3158.91305 15.970 0.011
3162.80832 15.682 0.008
3162.81392 15.661 0.008
3163.62123 15.646 0.007
3163.64006 15.673 0.007
3164.72995 15.857 0.008
3164.73555 15.839 0.008
3165.75076 15.704 0.007
3165.75633 15.706 0.006
3166.89589 15.819 0.010
3166.90149 15.859 0.010
3167.74876 15.886 0.010
3167.75436 15.905 0.010
3168.74394 15.653 0.007
3168.74952 15.660 0.007
3169.71984 15.738 0.008
3169.72543 15.760 0.008
3170.79736 15.968 0.008
3170.80294 15.962 0.008
3171.82006 15.682 0.007
3171.82567 15.678 0.006
3172.74707 15.767 0.007
3172.75266 15.794 0.007
3174.70336 15.636 0.007
3175.71330 15.771 0.007
3175.71890 15.769 0.007
3177.75044 15.680 0.009
3177.75608 15.687 0.009
3178.77701 15.824 0.007
3178.78262 15.827 0.007
3179.78676 15.754 0.008
3179.79234 15.752 0.007
3180.71510 15.675 0.007
3180.72073 15.672 0.007
3182.76659 15.765 0.008
3182.77218 15.761 0.008
3183.73524 15.709 0.008
3183.74084 15.720 0.008
3184.69303 15.821 0.008
3184.69863 15.833 0.007
3185.74569 15.728 0.008
3185.75130 15.728 0.008
3185.76592 15.685 0.008
3185.79186 15.645 0.007
3185.82991 15.643 0.007
3185.85790 15.663 0.008
3185.87937 15.682 0.008
3190.63676 15.845 0.009
3191.77823 15.654 0.008
3193.53123 15.795 0.008
3194.58989 15.835 0.009
3194.59547 15.789 0.009
3195.63717 15.729 0.007
3195.64278 15.728 0.007
3195.79485 15.814 0.008
3195.80044 15.824 0.008
3196.54027 15.830 0.009
3196.54588 15.809 0.008
3196.55746 15.838 0.009
3197.50783 15.979 0.009
3197.51341 15.963 0.008
3199.61760 15.902 0.009
3199.62327 15.924 0.009
3201.50944 15.698 0.006
3201.51504 15.693 0.007
3202.47390 15.844 0.009
3202.52602 15.853 0.008
3202.56388 15.891 0.008
3202.56950 15.880 0.008
3202.63017 15.948 0.009
3202.75567 15.757 0.008
3202.79234 15.724 0.008
3202.82853 15.669 0.009
3203.46962 15.892 0.009
3203.65337 15.669 0.008
3203.65901 15.656 0.007
3204.64660 15.793 0.008
3204.65224 15.812 0.007
3205.75522 15.725 0.008
3205.76082 15.709 0.007
3206.71223 15.700 0.008
3206.71785 15.721 0.008
3207.66076 15.841 0.009
3209.70588 15.751 0.006
3210.53961 15.794 0.008
3210.54529 15.788 0.009
3211.57807 15.979 0.009
3211.58366 15.964 0.009
3217.47623 15.972 0.009
3217.47937 15.978 0.009
3217.65225 15.653 0.007
3218.64498 15.761 0.009
3218.65064 15.772 0.009
3219.59333 15.878 0.010
3219.60594 15.904 0.010
3223.64623 15.670 0.009
3223.65185 15.682 0.009
3224.69175 15.824 0.008
3226.60906 15.648 0.009
3228.59549 15.972 0.009
3228.60112 15.991 0.009
3229.62796 15.703 0.008
3229.63359 15.701 0.008
3230.66154 15.853 0.008
3230.66718 15.857 0.008
3231.56488 16.000 0.010
3231.57052 15.983 0.008
3232.59841 15.711 0.009
3238.61386 15.736 0.008
3238.61953 15.741 0.008
3239.69262 15.954 0.010
3239.69825 15.978 0.010
3240.67375 15.664 0.009
3240.67941 15.678 0.009
3241.65431 15.777 0.010
3245.54852 15.899 0.009
3245.55418 15.907 0.009
3246.65224 15.673 0.009
3246.65789 15.695 0.009
3247.61839 15.800 0.009
3247.62408 15.805 0.008
3249.52031 15.644 0.008
3249.52600 15.645 0.008
3250.65307 15.843 0.009
3250.65876 15.853 0.009
3251.49826 15.917 0.010
3251.59855 15.979 0.008
3251.64976 15.758 0.008
3253.51737 15.781 0.009
3253.52305 15.793 0.008
3256.63014 15.895 0.009
3256.63579 15.900 0.009
3259.61960 15.900 0.009
3264.52709 15.714 0.008
3264.53275 15.744 0.008
3267.52620 15.748 0.008
3267.53189 15.753 0.008
3272.58162 15.685 0.008
3272.58729 15.688 0.008
3275.56458 15.711 0.009
3275.57026 15.689 0.009
3278.59349 15.736 0.008
3278.59917 15.755 0.008
3281.60025 15.764 0.006
3282.57316 15.896 0.007
3288.54008 15.930 0.007
3288.54573 15.944 0.008
3293.51065 15.797 0.007
3293.51633 15.779 0.006
3295.52085 15.678 0.005
3295.52653 15.671 0.005
3305.52530 15.871 0.010
3305.54167 15.895 0.009
3307.54072 15.757 0.010
3309.51660 15.647 0.008
3310.52622 15.758 0.009
3314.51011 15.980 0.011
3314.51640 15.980 0.011
3408.88462 15.684 0.008
3408.89018 15.678 0.008
3410.88473 15.955 0.010
3413.88556 15.852 0.009
3413.89113 15.797 0.008
3421.89178 15.921 0.007
3421.89735 15.899 0.007
3422.86168 15.648 0.007
3422.87167 15.649 0.006
3426.85731 15.762 0.008
3426.86283 15.779 0.007
3429.83041 15.783 0.009
3429.84489 15.777 0.008
3432.88273 15.826 0.009
3432.88826 15.832 0.007
3442.88513 15.643 0.007
3442.89069 15.622 0.006
3445.79797 15.728 0.007
3445.80348 15.704 0.006
3447.84859 15.927 0.008
3447.85412 15.949 0.008
3449.86122 15.790 0.008
3449.86677 15.778 0.007
3452.88183 15.818 0.007
3452.88739 15.819 0.007
3455.81607 15.826 0.008
3455.82156 15.837 0.008
3457.84953 15.703 0.007
3457.85514 15.688 0.007
3459.84475 15.758 0.007
3459.85027 15.747 0.007
3469.78051 15.734 0.007
3469.78603 15.749 0.006
3470.79348 15.911 0.008
3470.79900 15.917 0.007
3472.75591 15.755 0.007
3472.76146 15.745 0.007
3473.77571 15.934 0.008
3473.78123 15.934 0.008
3474.77237 15.647 0.007
3474.77790 15.666 0.007
3475.79793 15.804 0.007
3475.80348 15.775 0.007
3477.75977 15.650 0.007
3477.76529 15.673 0.007
3479.75860 15.973 0.007
3479.76416 15.981 0.007
3480.71874 15.658 0.007
3480.72428 15.663 0.006
3481.73667 15.790 0.007
3481.74224 15.798 0.007
3482.67900 15.946 0.009
3482.71897 15.973 0.008
3496.71626 15.906 0.008
3496.72178 15.905 0.008
3497.78781 15.673 0.008
3497.79334 15.677 0.008
3498.91109 15.881 0.008
3498.91764 15.882 0.010
3499.85893 15.766 0.007
3499.86447 15.755 0.007
3500.72514 15.650 0.007
3500.73069 15.658 0.006
3501.82158 15.901 0.006
3501.82711 15.850 0.007
3502.71742 15.991 0.008
3502.72297 15.973 0.007
3503.68661 15.662 0.006
3503.69213 15.668 0.006
3504.70133 15.822 0.008
3504.70687 15.835 0.007
3506.74514 15.706 0.007
3506.75070 15.699 0.007
3508.74935 15.763 0.008
3508.76027 15.756 0.007
3509.72782 15.710 0.007
3509.73335 15.702 0.007
3510.79760 15.911 0.008
3510.80314 15.908 0.007
3511.83673 15.650 0.007
3511.84229 15.665 0.006
3512.70641 15.731 0.008
3512.71199 15.725 0.007
3517.68222 15.660 0.008
3517.69009 15.656 0.007
3520.75750 15.663 0.008
3520.76304 15.673 0.007
3521.71471 15.784 0.007
3521.72031 15.796 0.006
3522.74274 15.983 0.007
3522.74830 15.980 0.007
3522.93395 15.654 0.007
3522.93953 15.647 0.007
3523.74723 15.681 0.006
3523.75279 15.695 0.006
3524.89241 15.937 0.009
3524.89799 15.964 0.009
3525.74562 15.897 0.007
3525.75118 15.879 0.007
3526.74905 15.704 0.007
3526.75460 15.708 0.007
3528.66990 15.973 0.008
3528.67554 15.983 0.008
3529.69227 15.692 0.005
3529.69783 15.676 0.005
3530.60734 15.796 0.007
3530.61294 15.798 0.006
3537.73817 15.636 0.005
3537.74095 15.644 0.006
3538.55386 15.669 0.008
3538.60102 15.705 0.007
3538.60949 15.704 0.007
3538.63175 15.715 0.007
3538.68725 15.734 0.007
3538.73637 15.773 0.007
3538.78384 15.808 0.007
3538.81495 15.830 0.007
3538.84381 15.844 0.008
3538.87524 15.859 0.008
3538.90769 15.891 0.010
3539.51083 15.827 0.010
3539.53042 15.808 0.010
3539.56304 15.836 0.008
3539.59305 15.847 0.008
3539.61593 15.898 0.009
3539.68199 15.904 0.008
3539.73745 15.968 0.008
3539.80860 15.949 0.007
3539.82255 15.887 0.005
3540.51620 16.008 0.011
3540.61626 15.745 0.008
3540.65278 15.664 0.006
3540.73621 15.682 0.008
3540.83437 15.714 0.008
3541.63152 15.744 0.008
3541.78057 15.827 0.007
3542.56565 15.857 0.009
3542.83831 15.736 0.010
3544.61196 15.745 0.009
3544.72499 15.812 0.008
3544.72775 15.813 0.008
3546.84410 15.760 0.010
3546.84690 15.785 0.010
3547.80836 15.919 0.010
3547.81114 15.885 0.009
3549.84020 15.763 0.007
3550.63202 15.793 0.007
3550.63762 15.796 0.006
3551.63161 15.974 0.006
3551.63790 15.959 0.006
3552.66733 15.699 0.007
3552.67287 15.706 0.007
3553.71738 15.880 0.009
3553.72297 15.869 0.009
3554.65271 15.831 0.008
3554.66150 15.762 0.008
3555.66479 15.716 0.007
3555.67985 15.728 0.008
3556.67254 15.876 0.008
3556.67812 15.866 0.007
3558.52735 15.668 0.007
3558.53295 15.680 0.007
3558.82609 15.831 0.008
3558.83166 15.835 0.008
3559.69603 15.900 0.008
3559.70162 15.901 0.008
3560.59735 15.757 0.007
3560.60297 15.760 0.007
3561.54511 15.673 0.007
3561.55069 15.699 0.007
3562.58579 15.861 0.009
3563.63648 15.648 0.006
3563.64210 15.628 0.006
3564.57425 15.753 0.008
3564.57986 15.734 0.008
3569.55961 15.639 0.008
3569.56524 15.644 0.007
3572.81507 15.767 0.010
3572.82069 15.774 0.010
3573.64605 15.847 0.009
3573.65166 15.835 0.008
3574.68595 15.782 0.007
3574.69159 15.756 0.007
3575.53344 15.657 0.006
3575.53907 15.657 0.006
3575.77005 15.774 0.007
3575.77567 15.783 0.007
3576.68735 15.880 0.009
3576.69293 15.885 0.008
3577.58745 15.960 0.009
3577.59304 15.939 0.008
3578.67206 15.740 0.007
3578.67767 15.739 0.006
3579.61750 15.861 0.007
3579.62310 15.845 0.007
3580.65072 15.682 0.007
3580.65636 15.668 0.006
3581.67061 15.751 0.007
3581.67625 15.773 0.006
3582.64244 15.906 0.008
3582.64810 15.894 0.007
3583.63288 15.653 0.007
3583.63849 15.641 0.006
3583.75281 15.685 0.007
3583.75844 15.688 0.007
3584.64156 15.750 0.007
3584.64718 15.764 0.007
3584.75615 15.834 0.008
3584.76178 15.825 0.008
3585.63187 15.916 0.007
3585.63752 15.926 0.007
3585.77460 15.774 0.007
3586.46947 15.971 0.009
3586.56846 15.693 0.006
3586.67493 15.649 0.006
3586.71697 15.688 0.006
3586.72257 15.671 0.006
3587.59338 15.784 0.009
3587.64873 15.798 0.008
3587.71438 15.841 0.008
3588.55798 15.884 0.007
3589.49306 15.763 0.007
3589.54506 15.660 0.006
3589.67054 15.680 0.006
3589.67614 15.673 0.006
3589.69740 15.689 0.007
3590.65448 15.813 0.007
3590.66009 15.803 0.007
3591.49752 15.867 0.008
3591.54072 15.893 0.007
3591.64564 15.981 0.007
3591.67802 15.917 0.007
3591.68366 15.889 0.007
3591.75825 15.689 0.007
3592.75423 15.745 0.007
3593.74495 15.885 0.008
3593.75059 15.887 0.008
3594.70716 15.729 0.008
3594.71278 15.714 0.007
3601.65572 15.742 0.007
3601.66134 15.754 0.007
3601.72213 15.794 0.008
3602.61631 15.862 0.008
3602.62194 15.869 0.007
3603.63634 15.654 0.007
3603.64198 15.651 0.007
3607.63470 15.767 0.007
3607.64033 15.779 0.007
3608.65006 15.994 0.009
3608.65571 15.979 0.009
3609.63060 15.664 0.007
3615.57781 15.663 0.007
3615.58347 15.676 0.007
3618.57944 15.676 0.007
3618.58505 15.676 0.007
3620.54264 15.969 0.007
3620.54829 15.953 0.007
3622.52050 15.830 0.008
3622.52615 15.825 0.008
3628.59671 15.927 0.009
3628.60233 15.905 0.009
3630.53603 15.743 0.009
3630.54164 15.774 0.009
3632.58615 15.665 0.007
3632.59181 15.657 0.008
3634.48675 15.892 0.009
3634.49242 15.896 0.008
3639.54561 15.812 0.007
3639.55128 15.799 0.006
3641.54407 15.684 0.008
3641.54972 15.701 0.009
3644.50439 15.672 0.008
3644.51005 15.690 0.007
3648.53623 15.870 0.009
3648.54182 15.865 0.008
3650.57858 15.750 0.006
3650.59031 15.777 0.008
3654.54028 15.942 0.010
3654.54587 15.939 0.010
3656.52150 15.773 0.008
3656.52712 15.780 0.008
3658.55330 15.690 0.009
3658.55897 15.705 0.009
3660.52593 15.979 0.010
3660.53159 15.981 0.010
3664.50273 15.685 0.007
3664.50839 15.686 0.008
3669.53436 15.745 0.008
3675.50804 15.656 0.008
3675.51366 15.665 0.008
3675.52524 15.656 0.008
3676.49774 15.741 0.010
3776.86666 15.993 0.010
3776.87225 15.965 0.009
3782.85138 15.743 0.008
3782.85694 15.763 0.008
3784.87670 15.881 0.008
3784.88223 15.873 0.008
3786.89627 15.749 0.008
3787.84984 15.875 0.007
3788.84686 15.658 0.008
3790.88060 15.949 0.009
3790.88929 15.966 0.008
3792.87721 15.793 0.006
3793.85656 15.955 0.008
3794.83417 15.659 0.008
3795.84399 15.782 0.008
3796.82377 15.954 0.008
3798.79489 15.799 0.008
3798.80720 15.798 0.008
3799.83136 15.978 0.009
3799.86855 15.897 0.009
3800.82630 15.689 0.008
3801.88578 15.860 0.008
3802.84263 15.813 0.007
3802.85137 15.763 0.007
3803.88664 15.720 0.007
3805.79395 15.900 0.009
3805.80308 15.829 0.008
3806.76939 15.685 0.007
3806.81405 15.712 0.007
3807.78847 15.844 0.009
3807.82777 15.859 0.008
3808.78745 15.736 0.007
3808.79614 15.754 0.008
3809.79028 15.712 0.007
3809.88126 15.765 0.007
3810.76099 15.841 0.008
3810.83484 15.905 0.008
3810.84788 15.924 0.008
3811.83084 15.654 0.007
3811.83947 15.651 0.007
3812.82260 15.755 0.007
3812.83558 15.754 0.008
3813.80124 15.897 0.008
3813.82552 15.930 0.008
3814.74607 15.743 0.007
3814.81548 15.649 0.006
3814.82739 15.651 0.007
3815.84698 15.781 0.007
3817.81905 15.663 0.007
3817.85893 15.684 0.007
3818.87766 15.821 0.007
3818.88802 15.832 0.007
3819.79326 15.956 0.007
3819.80573 15.992 0.007
3820.76356 15.649 0.006
3820.77237 15.657 0.007
3821.76669 15.788 0.007
3821.77549 15.795 0.007
3822.80613 15.975 0.008
3822.81491 15.950 0.008
3822.86280 15.760 0.007
3822.88373 15.758 0.007
3822.91798 15.683 0.007
3823.74126 15.667 0.007
3823.76221 15.669 0.007
3823.79522 15.666 0.007
3823.83900 15.703 0.006
3823.88712 15.741 0.007
3823.92038 15.737 0.007
3824.74127 15.794 0.008
3824.77965 15.811 0.008
3824.82034 15.852 0.009
3824.86053 15.856 0.008
3824.89538 15.897 0.008
3825.79711 15.895 0.008
3825.80613 15.819 0.008
3825.84993 15.738 0.007
3825.88261 15.661 0.007
3825.91910 15.641 0.007
3826.73466 15.707 0.007
3826.77342 15.685 0.007
3826.77978 15.681 0.007
3826.82792 15.703 0.007
3826.90004 15.753 0.007
3827.76609 15.835 0.008
3827.79296 15.853 0.007
3827.80246 15.854 0.007
3827.85050 15.877 0.007
3827.92210 15.947 0.008
3828.75189 15.926 0.009
3828.76653 15.874 0.009
3828.79947 15.772 0.008
3828.86375 15.641 0.007
3828.91913 15.650 0.007
3829.73331 15.685 0.007
3829.77952 15.717 0.007
3829.80188 15.716 0.007
3829.84867 15.725 0.007
3829.89464 15.784 0.007
3829.92346 15.784 0.007
3830.69453 15.801 0.009
3830.70868 15.805 0.008
3830.72356 15.834 0.008
3830.73142 15.836 0.008
3830.74754 15.825 0.007
3830.76319 15.841 0.007
3830.77736 15.838 0.007
3830.79213 15.869 0.007
3830.80630 15.875 0.007
3830.82027 15.884 0.007
3830.83216 15.898 0.008
3830.84383 15.908 0.007
3830.85761 15.911 0.008
3830.86987 15.934 0.008
3830.88120 15.941 0.008
3830.89251 15.947 0.007
3830.90230 15.968 0.008
3830.91349 15.980 0.008
3830.92325 15.973 0.008
3830.92650 15.983 0.009
3831.69282 15.974 0.009
3831.70232 15.964 0.008
3831.71506 15.923 0.008
3831.72433 15.902 0.007
3831.72722 15.869 0.007
3831.73049 15.862 0.007
3831.73328 15.824 0.007
3831.73606 15.802 0.007
3831.73915 15.776 0.007
3831.74194 15.771 0.007
3831.74473 15.754 0.007
3831.74789 15.753 0.007
3831.75069 15.741 0.007
3831.75349 15.749 0.007
3831.75671 15.752 0.007
3831.75945 15.747 0.007
3831.76226 15.742 0.007
3831.76573 15.747 0.006
3831.76901 15.742 0.006
3831.77236 15.735 0.006
3831.77516 15.732 0.006
3831.77794 15.730 0.006
3831.78134 15.721 0.006
3831.78451 15.714 0.006
3831.78811 15.714 0.006
3831.79136 15.690 0.006
3831.79413 15.708 0.006
3831.79693 15.700 0.006
3831.80037 15.690 0.006
3831.80352 15.677 0.006
3831.80663 15.678 0.006
3831.80942 15.669 0.006
3831.81220 15.670 0.006
3831.81540 15.665 0.007
3831.81820 15.657 0.007
3831.82100 15.659 0.006
3831.82421 15.659 0.006
3831.82701 15.664 0.007
3831.82981 15.656 0.007
3831.83338 15.650 0.006
3831.83682 15.641 0.006
3831.83960 15.633 0.006
3831.84239 15.643 0.006
3831.84590 15.651 0.006
3831.84895 15.654 0.007
3831.85173 15.643 0.007
3831.85453 15.647 0.006
3831.85733 15.657 0.007
3831.86047 15.644 0.007
3831.86326 15.638 0.007
3831.86606 15.648 0.007
3831.87571 15.660 0.006
3831.88127 15.655 0.006
3831.88685 15.654 0.006
3831.89242 15.662 0.007
3831.90378 15.644 0.006
3831.91135 15.655 0.006
3831.91778 15.670 0.006
3831.92417 15.682 0.007
3831.92728 15.673 0.007
3831.93025 15.673 0.009
3832.69746 15.702 0.008
3832.70964 15.671 0.008
3832.73347 15.689 0.007
3832.74513 15.712 0.007
3832.77960 15.719 0.007
3832.82546 15.754 0.007
3832.86883 15.779 0.007
3832.91484 15.805 0.008
3833.69203 15.833 0.009
3833.71386 15.820 0.008
3833.73818 15.840 0.007
3833.75285 15.845 0.007
3833.78086 15.878 0.007
3833.81667 15.914 0.007
3833.82362 15.917 0.007
3833.84219 15.925 0.007
3833.84562 15.956 0.007
3833.86679 15.964 0.008
3833.87403 15.961 0.008
3833.90056 15.961 0.008
3833.90449 15.984 0.008
3833.91757 15.970 0.008
3833.92084 15.980 0.008
3833.92378 15.940 0.008
3834.69807 15.833 0.009
3834.70142 15.812 0.009
3834.71734 15.754 0.008
3834.72036 15.764 0.008
3834.74118 15.747 0.008
3834.74430 15.736 0.007
3834.79019 15.630 0.006
3834.79332 15.639 0.006
3834.87001 15.660 0.007
3834.87303 15.658 0.006
3834.91248 15.684 0.007
3834.91558 15.681 0.007
3835.70250 15.701 0.007
3835.70754 15.687 0.007
3835.72757 15.735 0.008
3835.77773 15.742 0.007
3835.78095 15.750 0.007
3835.85155 15.783 0.007
3835.85457 15.782 0.006
3835.87812 15.810 0.007
3835.88133 15.801 0.007
3835.91361 15.827 0.007
3835.92110 15.825 0.007
3836.70365 15.851 0.010
3836.70938 15.857 0.009
3836.75594 15.896 0.009
3836.76522 15.898 0.009
3836.80648 15.938 0.009
3836.80968 15.927 0.008
3836.83702 15.951 0.008
3836.84025 15.965 0.008
3836.86419 15.972 0.008
3836.89321 15.933 0.007
3836.89700 15.929 0.008
3836.92368 15.811 0.008
3837.70232 15.759 0.010
3837.72250 15.715 0.007
3837.73259 15.658 0.007
3837.75327 15.654 0.007
3837.77968 15.644 0.007
3837.89530 15.688 0.006
3837.90433 15.692 0.007
3838.72994 15.736 0.008
3838.74437 15.763 0.009
3838.90557 15.848 0.008
3838.91167 15.845 0.009
3839.73128 15.896 0.009
3839.74014 15.926 0.010
3839.79235 15.954 0.008
3839.81869 15.971 0.009
3839.86286 15.944 0.010
3839.86591 15.912 0.009
3839.91976 15.761 0.008
3839.92328 15.747 0.008
3840.69894 15.676 0.008
3840.70612 15.658 0.008
3840.75746 15.652 0.007
3840.78725 15.657 0.007
3840.90207 15.715 0.007
3840.91107 15.710 0.007
3841.71271 15.759 0.008
3841.74464 15.778 0.008
3841.76534 15.781 0.007
3841.83337 15.819 0.008
3841.89524 15.858 0.008
3842.83708 15.895 0.008
3842.84722 15.829 0.008
3845.69061 15.930 0.011
3845.71097 15.937 0.010
3845.72015 15.908 0.011
3845.89856 15.674 0.010
3845.90886 15.629 0.008
3846.72165 15.662 0.006
3846.73085 15.655 0.007
3846.91520 15.756 0.007
3847.78824 15.846 0.009
3847.79698 15.844 0.009
3848.74311 15.963 0.009
3848.75195 15.946 0.009
3849.74231 15.699 0.007
3849.75102 15.687 0.007
3849.92157 15.780 0.007
3850.68606 15.811 0.007
3850.69508 15.806 0.007
3850.85805 15.896 0.008
3850.86679 15.920 0.008
3850.92955 15.972 0.009
3851.70130 15.980 0.009
3851.71023 15.941 0.009
3851.86452 15.658 0.007
3851.87509 15.642 0.007
3851.92125 15.658 0.007
3852.68999 15.682 0.007
3852.69879 15.682 0.008
3852.87008 15.791 0.008
3852.91850 15.807 0.008
3853.67827 15.818 0.007
3853.68722 15.811 0.007
3853.84593 15.920 0.007
3853.85556 15.951 0.007
3853.91745 15.960 0.007
3853.92630 15.970 0.007
3854.69489 15.873 0.007
3856.66829 15.829 0.007
3856.67728 15.845 0.008
3856.84401 15.976 0.008
3857.90616 15.700 0.007
3857.91495 15.689 0.007
3858.72480 15.737 0.007
3858.76365 15.751 0.006
3859.78737 15.946 0.008
3859.80186 15.970 0.008
3860.67032 15.735 0.008
3860.80357 15.680 0.008
3860.91020 15.716 0.007
3861.65716 15.717 0.007
3861.66778 15.713 0.008
3861.76416 15.779 0.007
3861.77301 15.770 0.007
3861.93627 15.880 0.008
3862.66220 15.875 0.008
3862.70115 15.906 0.008
3862.85255 15.808 0.007
3862.86513 15.750 0.007
3862.92625 15.661 0.007
3863.63658 15.763 0.008
3863.67839 15.668 0.007
3863.85422 15.691 0.006
3863.89812 15.733 0.006
3863.93351 15.750 0.007
3864.66772 15.749 0.007
3864.67711 15.743 0.008
3864.85833 15.842 0.007
3864.86713 15.855 0.007
3865.68793 15.932 0.008
3865.72583 15.958 0.008
3865.82339 15.761 0.007
3865.86939 15.711 0.007
3865.90139 15.645 0.007
3865.93839 15.645 0.007
3866.67750 15.653 0.007
3866.68633 15.647 0.007
3866.81700 15.698 0.007
3866.82582 15.709 0.007
3866.89521 15.741 0.007
3866.90472 15.746 0.007
3867.62923 15.757 0.009
3867.69228 15.786 0.007
3867.81489 15.852 0.008
3867.87849 15.904 0.008
3867.88795 15.907 0.008
3868.70021 15.977 0.009
3868.71231 15.974 0.009
3868.84428 15.673 0.007
3868.86399 15.649 0.008
3868.93237 15.662 0.009
3869.67894 15.663 0.007
3869.69210 15.654 0.007
3869.86024 15.739 0.008
3869.87310 15.744 0.008
3872.88013 15.783 0.007
3872.88947 15.814 0.008
3873.64441 15.785 0.007
3873.68415 15.811 0.007
3873.78712 15.872 0.008
3873.82631 15.907 0.008
3873.85985 15.969 0.008
3873.89745 15.967 0.008
3873.92942 15.976 0.009
3874.73510 15.778 0.008
3874.74408 15.737 0.008
3874.90997 15.677 0.007
3875.65777 15.668 0.006
3875.80525 15.747 0.007
3875.85067 15.781 0.007
3875.90419 15.802 0.007
3876.62284 15.807 0.007
3876.63502 15.816 0.007
3877.63314 15.963 0.008
3877.69971 15.740 0.006
3877.78382 15.638 0.006
3877.84949 15.677 0.006
3877.85836 15.673 0.007
3877.92253 15.710 0.008
3879.65574 15.828 0.007
3879.66460 15.853 0.006
3880.82496 15.675 0.007
3880.83400 15.673 0.007
3880.90406 15.703 0.007
3880.91278 15.724 0.007
3881.65052 15.713 0.007
3881.66319 15.720 0.007
3881.86597 15.839 0.007
3881.87469 15.844 0.007
3881.91259 15.871 0.007
3881.92144 15.875 0.007
3882.63541 15.845 0.007
3882.75148 15.965 0.008
3882.78896 15.970 0.008
3882.82572 15.954 0.008
3882.86286 15.779 0.007
3882.89458 15.749 0.007
3882.93148 15.671 0.006
3883.62297 15.767 0.007
3883.64089 15.742 0.008
3883.82009 15.700 0.007
3883.83854 15.699 0.007
3886.58511 15.760 0.008
3886.60296 15.731 0.007
3886.78364 15.658 0.007
3886.79572 15.680 0.007
3886.85879 15.730 0.007
3886.86759 15.725 0.008
3887.57628 15.716 0.008
3887.63612 15.744 0.007
3887.76310 15.793 0.007
3887.77883 15.827 0.007
3887.86665 15.879 0.007
3887.87851 15.897 0.008
3887.93868 15.954 0.008
3888.59233 15.905 0.006
3889.65012 15.638 0.006
3889.65877 15.658 0.007
3889.92495 15.781 0.007
3889.93701 15.787 0.008
3890.63801 15.768 0.007
3890.71640 15.811 0.006
3891.65948 15.970 0.008
3891.66836 15.980 0.008
3891.78117 15.756 0.008
3891.79664 15.711 0.007
3891.86347 15.657 0.007
3891.87862 15.647 0.007
3892.56996 15.651 0.007
3892.72614 15.688 0.006
3892.91784 15.796 0.007
3892.93307 15.825 0.009
3893.59977 15.765 0.007
3893.61937 15.785 0.008
3893.84621 15.927 0.009
3893.86123 15.962 0.009
3894.65432 15.996 0.009
3894.67263 15.971 0.009
3894.86964 15.673 0.007
3896.59034 15.799 0.009
3896.61021 15.818 0.009
3900.51816 15.920 0.010
3900.53154 15.966 0.010
3900.70852 15.662 0.007
3900.71721 15.643 0.008
3900.78786 15.653 0.007
3900.79651 15.657 0.007
3900.85641 15.685 0.007
3900.86518 15.676 0.007
3901.53293 15.666 0.007
3901.54164 15.670 0.007
3901.72296 15.755 0.007
3901.78697 15.789 0.007
3901.80026 15.821 0.008
3901.86004 15.831 0.008
3901.86919 15.840 0.008
3902.54620 15.813 0.007
3902.56432 15.823 0.007
3902.74384 15.939 0.008
3902.79578 15.964 0.008
3902.84906 15.891 0.008
3902.86280 15.784 0.008
3903.64034 15.744 0.007
3903.65200 15.717 0.007
3903.72286 15.641 0.007
3903.74401 15.657 0.007
3903.75688 15.655 0.007
3903.76573 15.653 0.007
3903.88548 15.741 0.008
3903.89770 15.731 0.008
3904.54389 15.684 0.007
3904.55258 15.676 0.007
3904.70631 15.745 0.006
3904.71569 15.778 0.007
3904.77575 15.797 0.007
3904.78472 15.809 0.007
3904.84851 15.852 0.007
3904.88687 15.869 0.008
3905.54072 15.830 0.007
3905.54940 15.830 0.007
3905.72600 15.964 0.007
3905.78733 15.941 0.007
3905.79609 15.936 0.007
3905.85592 15.735 0.006
3905.86464 15.742 0.007
3906.55206 15.888 0.008
3906.56391 15.828 0.008
3906.70373 15.637 0.007
3906.77686 15.677 0.007
3906.81463 15.697 0.007
3906.85606 15.719 0.007
3907.58287 15.712 0.007
3907.59466 15.724 0.007
3907.76818 15.831 0.008
3907.77690 15.832 0.009
3907.85267 15.905 0.009
3907.86146 15.917 0.010
3908.52084 15.821 0.008
3908.53081 15.847 0.008
3908.71642 15.977 0.008
3908.78458 15.817 0.007
3908.79650 15.761 0.007
3908.86736 15.656 0.007
3908.87610 15.638 0.007
3909.52054 15.864 0.009
3909.53255 15.797 0.008
3909.71536 15.670 0.006
3909.79370 15.709 0.007
3909.80585 15.721 0.007
3909.87329 15.741 0.007
3909.88209 15.766 0.008
3910.54095 15.719 0.008
3910.56201 15.718 0.007
3912.51540 15.747 0.007
3912.53181 15.746 0.006
3912.71911 15.684 0.006
3912.79811 15.715 0.006
3912.81298 15.739 0.007
3912.88598 15.777 0.007
3913.50829 15.704 0.006
3913.52327 15.721 0.007
3913.72868 15.848 0.007
3913.81763 15.896 0.007
3914.53435 15.890 0.008
3914.54703 15.907 0.009
3914.76585 15.715 0.006
3915.51002 15.706 0.007
3915.52479 15.676 0.007
3915.71502 15.704 0.007
3915.72677 15.707 0.007
3915.80622 15.763 0.007
3915.82500 15.760 0.007
3916.55480 15.773 0.008
3916.56350 15.785 0.008
3916.80737 15.956 0.009
3917.53286 15.919 0.008
3917.55117 15.949 0.008
3917.80574 15.665 0.007
3917.81791 15.658 0.008
3918.55390 15.672 0.008
3918.59191 15.661 0.006
3918.80046 15.795 0.008
3918.81566 15.776 0.008
3919.50783 15.753 0.007
3919.54241 15.782 0.007
3919.74035 15.891 0.007
3919.75241 15.918 0.007
3920.49766 15.921 0.009
3920.51012 15.926 0.008
3920.69428 15.723 0.008
3920.70621 15.693 0.007
3920.77618 15.649 0.006
3920.79156 15.655 0.006
3921.49757 15.654 0.007
3921.50629 15.647 0.007
3921.69675 15.750 0.008
3921.70554 15.750 0.009
3921.72000 15.757 0.009
3921.79951 15.837 0.009
3922.69484 15.906 0.009
3922.70997 15.935 0.010
3930.50068 15.681 0.006
3930.53762 15.703 0.006
3930.77187 15.863 0.009
3930.78501 15.849 0.009
3931.48262 15.830 0.009
3931.49555 15.826 0.009
3931.82270 15.673 0.008
3932.51415 15.757 0.007
3932.52644 15.769 0.007
3932.78948 15.727 0.007
3932.79819 15.728 0.008
3933.49522 15.692 0.007
3933.51288 15.709 0.007
3933.68496 15.845 0.007
3933.69729 15.809 0.006
3933.76058 15.863 0.007
3933.76931 15.862 0.007
3934.47796 15.846 0.007
3934.48675 15.859 0.008
3934.65679 15.984 0.008
3934.69473 15.918 0.008
3934.72662 15.767 0.007
3934.76385 15.733 0.007
3935.52789 15.681 0.007
3935.53665 15.655 0.007
3935.69912 15.718 0.007
3935.70795 15.717 0.008
3935.77365 15.747 0.007
3935.80551 15.760 0.008
3936.48125 15.727 0.008
3936.49004 15.723 0.008
3936.64658 15.808 0.007
3936.65553 15.819 0.007
3936.72311 15.881 0.008
3936.73190 15.878 0.008
3937.49399 15.908 0.009
3937.55431 15.924 0.010
3937.76761 15.660 0.007
3938.48595 15.698 0.008
3938.49782 15.683 0.008
3938.67985 15.723 0.006
3938.68874 15.728 0.006
3938.76270 15.743 0.008
3938.79796 15.773 0.008
3939.55331 15.766 0.006
3940.57805 15.968 0.007
3940.67162 15.765 0.006
3940.80244 15.657 0.006
3941.69904 15.757 0.008
3944.52630 15.670 0.006
3944.55038 15.663 0.006
3944.75072 15.812 0.006
3945.49919 15.799 0.007
3945.51209 15.807 0.008
3945.70163 15.926 0.008
3945.75752 15.980 0.008
3945.77859 15.986 0.009
3946.50051 15.959 0.008
3946.50948 15.988 0.009
3946.68978 15.646 0.007
3946.70167 15.653 0.007
3946.77125 15.681 0.007
3950.50635 15.692 0.007
3950.51836 15.695 0.007
3950.71955 15.821 0.007
3950.73340 15.811 0.008
3951.50103 15.836 0.008
3951.51106 15.856 0.008
3951.73350 15.923 0.009
3951.74233 15.897 0.010
3955.67474 15.705 0.009
3956.55425 15.768 0.009
3956.56358 15.792 0.009
3957.49420 15.873 0.009
3957.50269 15.882 0.009
3958.56490 15.662 0.007
3958.57350 15.649 0.007
3959.49070 15.732 0.008
3959.50625 15.754 0.007
3959.67206 15.846 0.008
3959.68067 15.848 0.008
3960.48699 15.882 0.007
3960.49552 15.902 0.008
3960.66604 15.750 0.006
3960.67458 15.751 0.006
3960.73811 15.657 0.007
3961.55833 15.673 0.008
3961.56682 15.670 0.007
3963.51967 15.970 0.009
3963.52813 15.972 0.008
3963.69699 15.671 0.007
3963.70552 15.670 0.007
3964.51169 15.666 0.007
3964.52323 15.656 0.006
3964.71659 15.774 0.007
3964.72811 15.777 0.007
3965.49303 15.781 0.007
3965.50767 15.799 0.007
3965.68738 15.904 0.007
3965.69897 15.926 0.007
3966.47670 15.971 0.009
3966.48285 15.974 0.009
3966.52298 15.974 0.008
3966.55156 15.930 0.008
3966.58553 15.756 0.007
3966.59750 15.763 0.007
3966.62339 15.741 0.007
3966.67604 15.645 0.007
3966.68461 15.646 0.007
3966.70749 15.651 0.007
3967.48472 15.686 0.008
3967.50451 15.699 0.008
3967.51722 15.705 0.008
3967.52621 15.696 0.008
3967.54177 15.709 0.008
3967.58389 15.716 0.008
3967.70142 15.788 0.007
3967.71002 15.787 0.007
3967.72980 15.782 0.008
3968.48477 15.808 0.008
3968.49534 15.806 0.008
3968.57205 15.861 0.008
3968.65674 15.934 0.008
3968.66525 15.935 0.008
3968.72583 15.988 0.009
3969.47078 15.998 0.010
3969.47696 15.983 0.009
3969.51337 15.978 0.009
3969.54548 15.799 0.008
3969.57983 15.745 0.007
3969.61361 15.674 0.007
3969.66726 15.666 0.007
3969.67764 15.659 0.008
3969.72021 15.678 0.007
3970.47436 15.693 0.008
3970.49398 15.692 0.008
3970.50608 15.709 0.008
3970.57815 15.745 0.008
3970.67483 15.799 0.007
3970.68464 15.798 0.007
3970.70786 15.818 0.007
3971.53374 15.889 0.009
3971.54996 15.853 0.009
3971.70812 15.986 0.008
3973.55928 15.762 0.008
3973.56806 15.754 0.008
3974.49380 15.845 0.008
3974.50540 15.863 0.008
3974.67274 15.979 0.009
3974.68840 15.992 0.009
3975.49644 15.756 0.008
3975.50832 15.731 0.007
3975.67172 15.689 0.007
3975.68018 15.693 0.008
3976.49315 15.720 0.006
3976.50287 15.730 0.007
3976.67040 15.827 0.008
3976.67889 15.841 0.009
3979.49626 15.742 0.009
3979.50514 15.753 0.010
3982.55516 15.797 0.008
3982.56575 15.820 0.007
3983.50866 15.966 0.010
3983.51944 15.963 0.010
3986.56597 15.930 0.010
3986.58020 15.792 0.008
3987.49387 15.677 0.007
3987.50256 15.666 0.007
3987.65481 15.747 0.007
3988.49672 15.808 0.007
3988.50840 15.821 0.007
3989.52606 15.901 0.008
3989.59339 15.717 0.008
3989.65912 15.663 0.008
3990.54287 15.705 0.008
3990.60769 15.756 0.008
3990.62791 15.768 0.008
3990.63502 15.752 0.008
3990.66921 15.774 0.008
3991.49865 15.849 0.009
3991.64194 15.946 0.009
3993.55037 15.749 0.008
3994.56103 15.902 0.009
3995.55457 15.664 0.006
3995.56860 15.634 0.007
3999.57537 15.815 0.008
3999.58387 15.808 0.007
4001.50556 15.666 0.008
4002.49208 15.750 0.007
4003.48958 15.932 0.008
4003.52591 15.973 0.008
4004.51207 15.666 0.006
4004.52370 15.671 0.006
4006.50795 15.993 0.009
4006.51665 15.978 0.008
4011.60469 15.932 0.010
4012.49654 15.909 0.010
4012.55598 15.759 0.008
4016.50350 15.715 0.008
4016.51218 15.723 0.008
4018.52869 15.677 0.008
4018.54847 15.645 0.007
4020.52657 15.962 0.009
4020.53521 15.945 0.008
4023.52694 15.970 0.008
4023.53555 15.971 0.009
4025.54633 15.821 0.008
4025.55494 15.824 0.008
4027.55127 15.710 0.008
4028.49433 15.795 0.009
4030.54304 15.714 0.008
4031.49442 15.813 0.009
4036.52427 15.757 0.009
4038.49978 15.697 0.009
4040.50546 15.920 0.010
4040.51413 15.933 0.010
4041.49634 15.652 0.010
4043.50085 15.946 0.011
4043.50658 15.940 0.010
4141.86555 15.797 0.009
4141.87425 15.820 0.009
4143.89158 15.690 0.010
4149.88241 15.741 0.009
4150.88943 15.914 0.010
4153.86875 15.906 0.009
4153.87732 15.916 0.009
4156.84723 15.934 0.010
4156.85575 15.954 0.010
4158.86670 15.796 0.009
4158.87533 15.794 0.009
4161.83461 15.784 0.009
4161.84330 15.794 0.010
4163.80945 15.659 0.008
4163.81752 15.660 0.008
4163.82618 15.671 0.008
4164.82316 15.822 0.009
4165.80755 16.002 0.011
4165.90355 15.743 0.010
4167.90749 15.882 0.009
4168.80086 15.966 0.010
4169.91109 15.761 0.009
4170.79671 15.836 0.011
4175.77796 15.714 0.008
4175.78733 15.725 0.009
4176.88701 15.952 0.010
4176.89869 15.982 0.009
4178.77930 15.735 0.008
4178.80243 15.750 0.008
4179.83813 15.927 0.009
4179.84679 15.962 0.009
4181.77448 15.759 0.009
4181.78315 15.770 0.009
4182.81936 15.954 0.009
4182.82815 15.975 0.009
4183.85548 15.662 0.008
4183.86427 15.688 0.008
4184.90489 15.853 0.008
4185.87185 15.779 0.008
4189.83630 15.713 0.010
4189.90641 15.752 0.009
4191.80518 15.766 0.010
4191.86159 15.688 0.009
4192.77681 15.698 0.009
4193.73955 15.827 0.010
4194.77623 15.759 0.008
4194.78508 15.765 0.009
4196.76649 15.859 0.010
4196.77521 15.856 0.010
4202.74790 15.878 0.009
4202.75669 15.911 0.009
4203.73611 15.653 0.007
4203.74471 15.648 0.007
4203.92049 15.688 0.007
4204.72439 15.740 0.008
4204.73698 15.755 0.008
4204.91930 15.845 0.008
4205.72483 15.903 0.010
4205.73353 15.925 0.009
4207.71430 15.770 0.009
4207.72299 15.768 0.008
4208.73643 15.952 0.009
4208.74507 15.961 0.009
4211.78923 15.884 0.010
4212.86641 15.749 0.010
4212.91653 15.772 0.009
4213.70960 15.808 0.010
4213.74310 15.801 0.008
4213.91318 15.940 0.009
4215.73302 15.696 0.008
4215.74231 15.693 0.009
4216.69041 15.811 0.009
4216.70011 15.822 0.009
4216.88336 15.953 0.006
4216.92447 15.990 0.010
4217.69599 15.950 0.009
4217.70755 15.919 0.009
4217.91117 15.678 0.007
4218.72019 15.716 0.009
4218.75716 15.715 0.009
4219.74164 15.846 0.009
4219.75533 15.867 0.009
4220.68134 15.866 0.009
4220.70006 15.762 0.009
4221.72534 15.730 0.009
4222.66603 15.855 0.010
4222.90171 15.862 0.008
4222.91352 15.806 0.009
4223.72978 15.659 0.009
4224.77369 15.766 0.009
4224.78224 15.773 0.008
4228.66789 15.896 0.009
4228.67769 15.896 0.009
4228.89966 15.708 0.009
4228.91127 15.680 0.009
4229.66272 15.662 0.009
4229.67133 15.635 0.008
4229.86831 15.718 0.008
4229.92141 15.739 0.008
4229.93550 15.761 0.009
4230.67257 15.761 0.008
4230.68107 15.760 0.008
4230.86051 15.854 0.008
4230.86912 15.874 0.010
4230.92224 15.915 0.010
4230.93399 15.957 0.011
4231.62340 15.893 0.009
4231.65689 15.918 0.008
4231.76761 15.990 0.008
4231.89179 15.658 0.008
4231.92525 15.631 0.008
4231.93490 15.648 0.009
4232.67545 15.648 0.008
4232.73970 15.652 0.008
4232.83648 15.737 0.010
4232.90676 15.738 0.008
4233.78591 15.804 0.010
4233.80725 15.859 0.010
4234.69977 15.959 0.010
4234.70891 15.983 0.009
4235.63696 15.646 0.008
4235.79816 15.712 0.008
4235.88198 15.761 0.008
4235.89058 15.788 0.009
4237.68301 15.958 0.009
4238.62283 15.677 0.010
4238.72065 15.684 0.007
4238.86659 15.786 0.008
4238.87527 15.795 0.009
4238.92835 15.844 0.009
4239.61111 15.787 0.010
4239.62372 15.795 0.009
4240.66813 15.944 0.009
4240.67695 15.932 0.009
4240.81133 15.634 0.008
4240.93366 15.698 0.008
4243.63068 15.938 0.010
4243.64276 15.910 0.010
4243.72692 15.667 0.008
4243.73547 15.656 0.009
4243.82053 15.669 0.009
4243.82923 15.662 0.009
4243.93819 15.734 0.009
4244.60648 15.691 0.008
4244.61516 15.705 0.010
4244.70252 15.715 0.008
4244.71136 15.730 0.008
4244.80419 15.796 0.009
4244.91602 15.867 0.010
4245.59918 15.822 0.008
4245.60820 15.839 0.009
4245.69287 15.866 0.008
4245.70212 15.886 0.008
4245.79797 15.972 0.009
4246.65791 15.763 0.008
4246.66654 15.736 0.008
4246.75093 15.652 0.008
4246.75941 15.637 0.008
4246.84415 15.691 0.008
4246.85272 15.699 0.008
4247.64879 15.713 0.008
4247.68174 15.740 0.008
4247.80613 15.797 0.008
4247.82259 15.826 0.009
4250.72122 15.784 0.008
4250.72988 15.803 0.009
4251.79277 15.904 0.010
4251.80147 15.863 0.012
4256.60804 15.761 0.009
4256.61760 15.776 0.009
4256.76362 15.854 0.010
4256.85270 15.945 0.011
4256.86143 15.956 0.012
4257.63994 15.965 0.010
4257.64927 15.975 0.010
4258.62331 15.667 0.009
4258.63292 15.667 0.009
4258.74657 15.724 0.008
4258.75541 15.727 0.009
4258.84127 15.769 0.009
4258.84951 15.782 0.010
4267.58333 15.711 0.009
4267.59350 15.692 0.009
4268.55670 15.820 0.008
4268.77077 15.970 0.010
4268.83957 15.872 0.009
4268.89112 15.742 0.009
4269.56567 15.928 0.010
4269.57593 15.908 0.009
4269.68672 15.644 0.007
4269.69646 15.649 0.008
4269.77747 15.680 0.007
4269.78570 15.680 0.007
4270.56122 15.688 0.008
4270.56946 15.705 0.008
4272.59781 15.742 0.008
4272.62960 15.660 0.007
4272.74695 15.675 0.008
4272.77873 15.689 0.007
4272.80620 15.711 0.007
4272.85023 15.740 0.009
4272.87774 15.735 0.010
4273.60663 15.763 0.009
4273.61494 15.743 0.010
4273.78746 15.850 0.010
4273.79560 15.855 0.010
4273.84726 15.872 0.010
4273.85674 15.908 0.010
4274.54757 15.860 0.010
4274.59906 15.889 0.010
4274.69991 15.970 0.010
4274.75360 15.926 0.009
4274.76248 15.901 0.010
4274.81275 15.740 0.007
4274.82088 15.743 0.008
4275.59182 15.660 0.007
4275.60002 15.649 0.008
4275.76723 15.709 0.008
4275.77537 15.710 0.009
4275.82568 15.737 0.009
4275.83384 15.728 0.010
4275.88689 15.775 0.010
4276.57658 15.742 0.009
4276.58481 15.747 0.009
4277.52044 15.845 0.010
4277.52860 15.862 0.010
4277.69607 15.952 0.009
4277.70549 15.954 0.010
4277.75607 15.753 0.009
4277.76419 15.769 0.010
4277.81467 15.678 0.009
4277.82283 15.662 0.010
4278.55424 15.694 0.009
4278.57236 15.660 0.010
4278.74144 15.721 0.009
4278.74964 15.706 0.009
4278.81443 15.764 0.010
4278.82870 15.763 0.010
4283.49990 15.905 0.010
4283.50801 15.900 0.010
4283.72834 15.696 0.009
4284.49492 15.660 0.008
4284.50297 15.639 0.009
4284.69312 15.721 0.009
4284.75590 15.748 0.009
4284.78760 15.776 0.009
4284.81484 15.793 0.010
4284.85269 15.796 0.010
4285.49338 15.768 0.009
4285.50605 15.778 0.010
4285.69418 15.876 0.010
4285.74997 15.924 0.009
4285.76062 15.940 0.010
4285.81775 15.980 0.010
4285.82594 15.982 0.010
4286.49765 15.927 0.010
4286.50575 15.947 0.010
4286.79129 15.657 0.007
4286.80293 15.658 0.008
4289.50179 15.971 0.010
4289.51356 15.986 0.010
4289.72078 15.653 0.008
4289.73212 15.660 0.009
4289.78583 15.672 0.008
4289.79724 15.682 0.008
4289.85261 15.706 0.009
4290.55182 15.698 0.009
4290.55988 15.705 0.009
4291.62250 15.866 0.009
4291.65420 15.894 0.009
4291.77661 15.970 0.010
4291.78520 15.970 0.011
4292.47993 15.967 0.009
4292.48816 15.985 0.009
4292.65803 15.640 0.007
4292.66732 15.641 0.008
4292.71766 15.659 0.007
4292.72592 15.658 0.008
4292.77640 15.700 0.007
4292.78445 15.692 0.008
4292.84039 15.706 0.008
4293.48029 15.680 0.008
4293.48847 15.673 0.008
4293.68619 15.797 0.008
4293.71307 15.807 0.009
4293.74498 15.817 0.008
4293.82260 15.862 0.008
4294.47955 15.804 0.008
4294.48765 15.824 0.009
4295.48108 15.981 0.010
4295.49476 15.936 0.009
4295.68459 15.663 0.007
4295.69278 15.666 0.008
4295.74329 15.689 0.007
4295.75137 15.690 0.008
4295.82555 15.743 0.008
4296.48237 15.703 0.008
4296.49173 15.701 0.008
4296.67081 15.781 0.008
4296.68443 15.801 0.008
4296.76929 15.837 0.008
4296.80633 15.881 0.009
4296.81270 15.896 0.010
4297.50318 15.842 0.009
4297.51134 15.859 0.009
4297.70406 15.964 0.009
4297.71294 15.958 0.009
4297.80954 15.681 0.007
4298.53786 15.715 0.009
4298.54621 15.698 0.009
4298.64370 15.667 0.008
4298.65195 15.669 0.008
4298.73719 15.709 0.008
4298.75155 15.703 0.009
4299.52073 15.731 0.008
4299.52924 15.728 0.008
4299.61407 15.772 0.008
4299.62223 15.790 0.008
4299.70623 15.830 0.008
4299.71442 15.838 0.009
4299.79644 15.900 0.010
4299.80517 15.926 0.010
4300.51619 15.877 0.009
4300.52491 15.892 0.009
4300.63602 15.977 0.009
4300.64499 15.980 0.009
4300.73246 15.775 0.008
4300.74051 15.769 0.008
4301.50664 15.704 0.008
4301.51578 15.664 0.008
4301.59893 15.657 0.007
4301.61155 15.657 0.007
4301.69558 15.701 0.007
4301.71129 15.705 0.008
4301.79413 15.754 0.008
4301.80251 15.750 0.008
4302.57245 15.764 0.007
4302.58876 15.788 0.009
4302.67431 15.831 0.009
4302.68896 15.831 0.010
4303.65868 15.882 0.010
4303.67480 15.785 0.010
4304.54042 15.662 0.009
4304.54890 15.657 0.009
4304.64981 15.705 0.008
4304.65959 15.739 0.010
4306.52939 15.957 0.010
4306.63285 15.802 0.009
4306.66522 15.758 0.008
4306.68565 15.713 0.009
4307.76575 15.782 0.008
4310.61207 15.723 0.009
4311.74123 15.962 0.011
4311.76074 15.984 0.012
4312.51103 15.981 0.010
4312.54435 15.888 0.010
4312.70621 15.655 0.007
4312.74280 15.679 0.008
4312.80379 15.700 0.009
4315.54518 15.757 0.008
4315.63534 15.631 0.009
4316.57403 15.729 0.008
4316.70852 15.809 0.010
4317.49641 15.846 0.009
4317.55659 15.873 0.009
4319.50548 15.727 0.009
4319.51385 15.725 0.009
4319.75995 15.851 0.009
4319.76870 15.874 0.010
4320.52846 15.891 0.009
4320.54067 15.897 0.009
4320.59554 15.955 0.010
4320.77207 15.684 0.010
4326.48402 15.913 0.009
4326.50790 15.936 0.010
4326.70510 15.680 0.009
4327.57758 15.699 0.009
4327.58629 15.695 0.010
4327.72759 15.764 0.010
4328.50464 15.786 0.009
4328.51309 15.785 0.010
4328.68160 15.891 0.009
4328.69113 15.886 0.010
4329.51491 15.984 0.010
4329.52309 15.992 0.010
4329.66276 15.707 0.008
4329.67097 15.671 0.009
4329.72151 15.656 0.009
4330.49401 15.663 0.008
4330.52735 15.669 0.008
4330.67832 15.750 0.007
4330.68727 15.763 0.009
4331.47409 15.798 0.010
4331.50754 15.811 0.008
4331.67410 15.926 0.010
4331.68295 15.944 0.010
4332.48531 15.973 0.009
4332.50388 15.983 0.009
4333.51637 15.691 0.008
4333.52495 15.690 0.009
4333.67743 15.787 0.009
4333.68609 15.785 0.009
4334.48957 15.823 0.010
4334.49833 15.814 0.015
4334.58727 15.889 0.011
4334.62657 15.906 0.016
4338.48976 15.811 0.009
4338.49820 15.760 0.009
4339.47556 15.705 0.010
4339.50917 15.729 0.008
4339.68040 15.824 0.010
4339.69197 15.825 0.010
4340.57784 15.913 0.010
4340.59585 15.958 0.010
4341.49014 15.742 0.010
4341.49886 15.736 0.010
4342.51943 15.761 0.009
4342.52808 15.755 0.009
4343.49545 15.882 0.008
4343.50688 15.899 0.009
4343.69526 15.764 0.009
4344.52615 15.679 0.009
4344.53510 15.647 0.009
4345.49156 15.748 0.008
4345.49997 15.749 0.008
4346.50017 15.918 0.009
4346.51297 15.932 0.010
4347.51915 15.669 0.008
4347.52770 15.651 0.009
4348.54116 15.799 0.008
4349.48892 15.946 0.010
4350.51473 15.679 0.008
4350.53598 15.679 0.008
4351.48997 15.801 0.008
4351.50187 15.804 0.009
4352.53748 15.956 0.010
4352.55243 15.922 0.010
4353.49740 15.678 0.008
4353.50579 15.673 0.008
4354.52597 15.839 0.008
4354.53451 15.833 0.009
4355.51662 15.901 0.008
4355.53613 15.769 0.008
4356.49401 15.694 0.008
4356.50250 15.695 0.009
4357.53158 15.866 0.010
4357.57729 15.904 0.010
4358.49461 15.802 0.010
4358.53454 15.751 0.008
4359.50334 15.714 0.008
4359.53217 15.731 0.009
4360.51960 15.866 0.010
4361.55631 15.666 0.009
4361.56492 15.665 0.010
4362.49172 15.725 0.009
4362.50666 15.741 0.009
4365.54869 15.790 0.010
4365.55748 15.804 0.010
4367.48358 15.655 0.008
4367.52508 15.661 0.008
4368.52723 15.801 0.010
4368.56060 15.839 0.010
4369.56951 15.985 0.010
4369.60659 15.834 0.011
4370.48450 15.648 0.009
4370.54754 15.683 0.007
4371.52097 15.807 0.008
4371.52966 15.821 0.009
4372.50548 15.989 0.008
4372.51542 15.981 0.009
4373.48991 15.683 0.010
4373.57098 15.723 0.008
4375.55784 15.783 0.010
4376.56630 15.737 0.010
4377.59515 15.905 0.010
4377.60358 15.912 0.010
4378.50519 15.773 0.008
4378.51410 15.754 0.009
4379.52059 15.726 0.010
4379.52915 15.732 0.010
4380.53206 15.885 0.009
4380.54064 15.891 0.009
4381.51004 15.750 0.010
4381.51930 15.713 0.010
4382.56131 15.764 0.009
4382.59857 15.797 0.009
4383.52352 15.905 0.010
4383.55241 15.936 0.010
4384.52658 15.645 0.009
4384.57270 15.664 0.008
4387.55620 15.676 0.008
4387.58054 15.682 0.009
4393.51787 15.687 0.008
4393.52643 15.691 0.009
4394.54178 15.848 0.010
4394.57525 15.875 0.010
4395.51318 15.932 0.010
4395.54665 15.771 0.009
4396.50517 15.699 0.010
4396.55917 15.730 0.010
4397.51804 15.859 0.009
4397.52950 15.857 0.010
4398.52569 15.764 0.009
4398.53441 15.750 0.010
4399.52707 15.729 0.010
4399.56123 15.742 0.009
4400.52062 15.870 0.010
4400.52917 15.892 0.011
4402.53526 15.771 0.010
4402.54558 15.755 0.010
4403.53623 15.951 0.010
4403.54462 15.949 0.011
4407.52056 15.666 0.010
4506.88723 15.704 0.009
4507.85096 15.813 0.010
4510.85622 15.850 0.009
4510.88415 15.859 0.009
4513.84813 15.849 0.008
4513.85736 15.857 0.007
4517.84220 15.713 0.010
4517.85647 15.673 0.010
4519.82810 15.915 0.010
4519.87741 15.939 0.009
4522.86121 15.978 0.010
4522.87132 15.959 0.010
4524.80722 15.754 0.008
4524.84063 15.781 0.008
4530.80283 15.797 0.007
4530.81482 15.806 0.007
4533.83653 15.867 0.009
4533.84845 15.842 0.008
4535.80187 15.706 0.009
4535.88656 15.739 0.008
4536.89110 15.922 0.008
4537.78617 15.799 0.009
4537.87675 15.643 0.007
4538.81187 15.716 0.008
4538.88012 15.759 0.008
4539.84132 15.873 0.008
4539.84992 15.903 0.009
4540.79607 15.714 0.007
4540.85123 15.641 0.008
4541.78028 15.731 0.008
4541.78880 15.727 0.007
4542.77481 15.882 0.010
4542.78349 15.894 0.010
4543.77045 15.692 0.008
4543.77903 15.675 0.007
4544.76729 15.742 0.008
4544.77593 15.746 0.008
4545.75400 15.872 0.010
4545.78221 15.910 0.008
4546.76063 15.655 0.008
4546.78936 15.642 0.008
4547.77477 15.765 0.008
4547.78333 15.765 0.008
4548.79431 15.973 0.010
4550.73734 15.761 0.009
4550.79991 15.815 0.009
4551.74627 15.953 0.010
4551.76054 15.983 0.009
4552.75644 15.684 0.010
4552.78988 15.668 0.008
4556.74257 15.813 0.008
4556.75256 15.825 0.008
4557.76016 15.934 0.009
4557.76983 15.913 0.009
4558.74677 15.685 0.007
4558.78034 15.696 0.007
4558.91653 15.791 0.008
4559.73321 15.832 0.008
4559.74466 15.834 0.008
4560.73554 15.892 0.008
4560.74477 15.846 0.008
4561.72599 15.693 0.007
4561.73482 15.698 0.008
4561.92101 15.797 0.008
4564.71622 15.719 0.008
4564.72502 15.727 0.007
4564.92553 15.830 0.009
4565.71438 15.850 0.007
4565.72309 15.867 0.007
4565.91395 15.944 0.007
4566.71369 15.759 0.007
4566.72257 15.730 0.007
4566.91943 15.700 0.007
4567.70586 15.721 0.007
4567.71554 15.727 0.008
4567.92144 15.860 0.008
4568.71140 15.869 0.009
4568.72145 15.889 0.009
4569.72108 15.654 0.008
4569.73047 15.654 0.008
4570.71239 15.759 0.009
4570.72389 15.749 0.008
4571.70016 15.902 0.010
4571.71852 15.929 0.010
4571.90711 15.734 0.007
4572.73690 15.653 0.007
4572.74601 15.644 0.007
4573.72578 15.779 0.008
4573.73441 15.786 0.008
4573.90077 15.894 0.008
4574.72819 15.969 0.009
4574.73680 15.986 0.010
4575.73362 15.674 0.007
4575.74229 15.672 0.007
4576.74129 15.814 0.008
4576.75240 15.809 0.008
4577.82547 15.750 0.008
4577.83408 15.736 0.008
4578.77662 15.700 0.009
4578.78513 15.720 0.010
4579.85328 15.907 0.009
4579.86203 15.920 0.010
4583.72027 15.784 0.009
4583.72884 15.762 0.009
4583.90541 15.684 0.007
4583.91498 15.677 0.008
4585.74076 15.876 0.009
4585.75258 15.885 0.009
4586.74861 15.691 0.008
4586.77776 15.657 0.008
4587.75688 15.751 0.008
4587.76544 15.740 0.008
4587.91531 15.851 0.009
4587.92403 15.863 0.010
4588.68795 15.881 0.009
4588.72207 15.868 0.008
4588.91884 15.755 0.008
4589.67089 15.766 0.008
4589.70438 15.692 0.008
4589.82630 15.666 0.008
4589.85966 15.712 0.008
4589.88829 15.719 0.008
4589.92169 15.726 0.008
4590.68177 15.732 0.008
4590.69049 15.745 0.008
4590.88742 15.859 0.008
4590.89615 15.857 0.008
4591.69355 15.884 0.009
4591.70215 15.902 0.009
4591.82705 15.973 0.009
4591.86559 15.812 0.008
4591.89416 15.748 0.008
4591.92774 15.690 0.007
4592.65206 15.731 0.007
4592.66075 15.710 0.008
4592.85004 15.699 0.008
4592.90458 15.731 0.008
4592.92836 15.748 0.009
4593.64134 15.730 0.008
4593.64992 15.732 0.008
4593.85961 15.854 0.008
4593.91293 15.890 0.008
4593.94178 15.908 0.011
4594.66235 15.935 0.010
4594.67097 15.903 0.009
4594.85712 15.759 0.008
4594.86596 15.752 0.008
4594.92289 15.656 0.008
4594.93148 15.644 0.008
4595.64783 15.675 0.008
4595.66048 15.645 0.007
4595.84601 15.710 0.007
4595.85485 15.720 0.008
4595.90812 15.747 0.008
4595.91674 15.755 0.008
4596.64113 15.749 0.008
4596.65567 15.762 0.008
4596.92086 15.909 0.008
4597.67161 15.948 0.010
4597.68013 15.966 0.009
4597.86295 15.681 0.007
4597.87164 15.664 0.008
4597.93407 15.669 0.008
4598.64142 15.648 0.007
4598.65642 15.643 0.007
4598.88621 15.762 0.007
4598.92509 15.780 0.008
4599.62023 15.776 0.009
4599.62885 15.777 0.009
4599.91943 15.974 0.010
4600.62943 15.935 0.008
4600.63812 15.948 0.008
4600.84684 15.639 0.007
4601.63504 15.654 0.007
4601.64370 15.650 0.007
4601.85129 15.761 0.007
4601.85993 15.757 0.007
4601.91326 15.791 0.007
4601.92178 15.810 0.008
4602.62244 15.781 0.008
4602.63634 15.794 0.007
4602.84575 15.933 0.008
4603.75506 15.758 0.008
4603.76378 15.739 0.008
4606.62281 15.976 0.009
4606.63762 15.958 0.009
4606.88897 15.686 0.008
4610.72452 15.747 0.008
4610.73377 15.751 0.008
4610.93196 15.875 0.009
4610.94100 15.874 0.010
4611.61455 15.869 0.010
4611.62311 15.845 0.010
4611.81395 15.988 0.009
4611.84747 15.911 0.008
4612.63598 15.772 0.008
4612.64448 15.768 0.009
4615.77764 15.685 0.008
4615.78621 15.684 0.008
4616.58670 15.716 0.009
4616.59523 15.717 0.009
4616.80314 15.826 0.008
4616.81174 15.841 0.008
4616.87295 15.891 0.009
4616.88170 15.891 0.009
4617.65018 15.910 0.008
4617.66147 15.930 0.009
4618.59820 15.694 0.008
4618.60696 15.667 0.008
4621.69554 15.678 0.007
4621.73592 15.665 0.005
4622.77998 15.832 0.008
4622.80539 15.877 0.009
4622.89816 15.947 0.010
4622.90685 15.986 0.010
4623.62165 15.963 0.010
4623.64076 16.002 0.011
4623.85194 15.646 0.008
4623.86454 15.663 0.009
4623.92286 15.671 0.008
4624.56367 15.657 0.008
4624.58447 15.637 0.008
4624.79556 15.751 0.008
4624.80866 15.755 0.009
4624.86217 15.770 0.008
4624.87501 15.789 0.008
4624.93118 15.828 0.009
4625.58989 15.794 0.009
4625.59857 15.790 0.009
4625.77799 15.893 0.010
4625.78893 15.915 0.010
4625.87191 15.991 0.010
4625.90369 15.977 0.011
4626.58777 15.954 0.009
4626.59709 15.985 0.010
4626.84032 15.652 0.007
4626.85240 15.682 0.009
4627.54523 15.645 0.008
4627.55754 15.649 0.008
4627.81443 15.772 0.007
4627.82975 15.788 0.008
4627.90048 15.803 0.008
4627.91410 15.825 0.008
4628.54325 15.775 0.008
4628.57851 15.813 0.008
4628.75111 15.917 0.009
4628.80790 15.955 0.009
4628.81654 15.981 0.010
4628.86985 15.947 0.009
4628.88643 15.927 0.009
4629.59177 15.970 0.009
4629.62222 15.946 0.009
4629.81552 15.668 0.007
4629.82486 15.670 0.008
4629.89373 15.698 0.007
4629.90286 15.697 0.008
4630.54522 15.665 0.008
4630.55817 15.677 0.008
4630.75525 15.759 0.007
4630.76401 15.764 0.008
4630.83845 15.809 0.008
4630.84735 15.803 0.008
4630.90143 15.858 0.009
4630.91014 15.852 0.010
4631.55073 15.792 0.008
4631.55957 15.808 0.008
4631.76659 15.936 0.008
4631.77533 15.955 0.008
4631.84433 15.942 0.008
4631.86199 15.886 0.009
4631.91930 15.734 0.008
4632.54807 15.981 0.010
4632.56335 15.992 0.009
4632.81309 15.655 0.007
4632.85009 15.684 0.008
4633.55411 15.681 0.007
4633.56332 15.685 0.008
4633.65597 15.708 0.007
4633.67486 15.754 0.008
4633.77757 15.787 0.007
4633.79060 15.808 0.009
4638.73964 15.692 0.008
4638.74837 15.682 0.008
4638.83729 15.734 0.008
4638.85858 15.726 0.009
4639.55830 15.723 0.009
4639.57093 15.713 0.009
4639.65847 15.760 0.007
4639.66871 15.788 0.008
4640.57838 15.884 0.008
4640.59044 15.890 0.009
4640.70948 15.972 0.008
4640.72261 15.978 0.009
4640.81660 15.725 0.008
4640.82762 15.691 0.009
4641.60122 15.641 0.007
4641.66443 15.657 0.007
4641.75686 15.698 0.008
4641.77439 15.707 0.008
4642.57698 15.755 0.008
4642.58832 15.755 0.008
4642.73749 15.843 0.008
4642.75085 15.855 0.009
4642.81542 15.884 0.009
4642.82592 15.908 0.010
4643.53712 15.874 0.009
4643.54611 15.897 0.010
4644.59349 15.650 0.008
4644.64959 15.687 0.008
4644.82888 15.763 0.007
4644.84970 15.773 0.008
4645.50377 15.719 0.008
4645.51655 15.734 0.009
4645.75445 15.858 0.009
4645.76503 15.895 0.009
4645.83977 15.952 0.010
4646.50561 15.874 0.008
4646.51461 15.891 0.008
4646.84700 15.653 0.008
4647.50012 15.673 0.008
4647.51098 15.648 0.008
4647.73402 15.730 0.009
4647.84504 15.804 0.009
4648.49412 15.752 0.009
4648.52853 15.780 0.008
4648.70775 15.875 0.009
4648.81164 15.952 0.010
4649.50866 15.908 0.009
4649.52021 15.934 0.010
4649.71916 15.682 0.007
4649.72891 15.667 0.007
4649.85532 15.686 0.009
4650.50620 15.645 0.008
4650.54018 15.661 0.008
4650.75762 15.778 0.008
4650.77012 15.788 0.009
4650.84260 15.801 0.008
4650.86381 15.843 0.010
4651.50953 15.782 0.010
4651.79451 15.980 0.009
4651.80468 16.003 0.010
4652.49199 15.929 0.010
4652.50059 15.934 0.010
4652.69455 15.647 0.007
4652.71373 15.628 0.007
4652.77613 15.663 0.007
4652.78861 15.661 0.008
4652.82976 15.681 0.008
4652.83834 15.689 0.009
4653.48842 15.648 0.008
4653.49694 15.650 0.009
4653.70749 15.766 0.008
4653.71612 15.763 0.008
4653.77273 15.808 0.008
4653.78129 15.809 0.010
4654.52375 15.800 0.009
4654.53574 15.805 0.009
4654.73541 15.960 0.009
4654.74719 15.966 0.009
4654.80369 15.966 0.009
4654.81232 15.969 0.011
4655.48822 15.970 0.010
4655.49681 15.986 0.010
4655.71261 15.653 0.007
4655.72130 15.644 0.007
4655.77453 15.685 0.007
4655.78309 15.675 0.008
4656.49021 15.666 0.007
4656.49875 15.659 0.007
4656.67998 15.751 0.008
4656.68849 15.765 0.008
4656.79560 15.845 0.008
4656.80777 15.833 0.010
4657.56476 15.859 0.010
4657.72310 15.971 0.010
4658.64856 15.656 0.008
4658.65708 15.629 0.008
4659.58236 15.738 0.009
4659.59119 15.735 0.010
4660.53795 15.856 0.010
4660.60952 15.903 0.009
4661.47833 15.937 0.009
4661.48681 15.929 0.010
4661.67588 15.668 0.008
4661.68750 15.660 0.008
4661.74046 15.693 0.007
4661.74898 15.713 0.009
4661.80757 15.718 0.008
4661.81617 15.734 0.009
4665.64556 15.821 0.010
4665.65426 15.817 0.010
4666.48981 15.872 0.010
4666.55968 15.927 0.009
4666.67448 15.906 0.009
4666.70276 15.764 0.008
4666.74491 15.716 0.009
4667.57123 15.664 0.009
4669.59989 15.973 0.010
4670.63591 15.711 0.008
4670.64440 15.708 0.008
4671.57404 15.809 0.009
4671.57992 15.816 0.008
4671.76387 15.962 0.010
4672.49160 15.917 0.008
4672.50540 15.943 0.008
4672.69790 15.655 0.007
4672.72018 15.640 0.007
4672.75506 15.655 0.007
4672.79407 15.666 0.008
4674.49607 15.782 0.009
4674.50853 15.789 0.009
4674.70164 15.922 0.009
4674.74093 15.972 0.010
4675.67582 15.638 0.007
4677.47666 15.791 0.008
4677.48511 15.800 0.008
4677.62304 15.895 0.010
4677.63144 15.869 0.009
4677.70680 15.952 0.009
4677.77402 15.945 0.010
4678.67689 15.650 0.007
4678.68853 15.653 0.007
4679.49073 15.689 0.009
4679.56939 15.728 0.009
4681.51804 15.772 0.008
4681.52651 15.755 0.008
4681.61815 15.651 0.007
4681.62653 15.647 0.008
4681.75875 15.697 0.008
4682.48910 15.706 0.007
4682.49752 15.701 0.008
4682.56502 15.745 0.008
4682.65485 15.790 0.008
4682.74169 15.852 0.008
4682.75007 15.844 0.009
4683.50739 15.868 0.010
4683.51604 15.869 0.010
4683.69450 15.968 0.009
4683.70294 15.967 0.010
4684.49947 15.753 0.008
4684.50859 15.749 0.008
4684.72229 15.706 0.008
4684.75605 15.723 0.008
4685.49352 15.718 0.009
4685.51327 15.737 0.009
4685.53342 15.744 0.008
4685.57035 15.771 0.008
4685.60439 15.782 0.008
4685.65929 15.811 0.008
4685.72849 15.862 0.009
4686.48871 15.859 0.008
4686.49730 15.881 0.009
4686.70129 15.783 0.009
4687.48106 15.729 0.008
4687.51467 15.672 0.008
4687.72805 15.732 0.008
4687.73655 15.727 0.008
4688.48531 15.745 0.009
4688.49398 15.735 0.009
4688.67531 15.852 0.008
4688.68381 15.853 0.008
4688.73700 15.882 0.009
4688.74562 15.887 0.010
4693.52976 15.661 0.007
4693.54156 15.660 0.007
4694.52820 15.824 0.010
4694.53679 15.817 0.010
4697.48890 15.811 0.008
4697.49745 15.797 0.008
4698.49375 15.994 0.010
4698.50297 15.980 0.009
4699.48836 15.689 0.008
4699.49911 15.680 0.008
4700.49669 15.823 0.008
4700.50538 15.835 0.008
4701.49202 15.927 0.009
4701.50066 15.897 0.009
4702.49040 15.694 0.007
4702.49919 15.700 0.008
4703.56967 15.899 0.009
4703.59833 15.920 0.010
4704.60554 15.646 0.007
4704.63945 15.677 0.008
4705.49427 15.731 0.008
4705.50288 15.717 0.008
4707.59519 15.663 0.007
4708.52706 15.760 0.008
4708.53608 15.762 0.009
4709.50301 15.908 0.009
4709.51218 15.927 0.010
4710.53051 15.657 0.007
4710.54181 15.645 0.006
4711.51256 15.777 0.009
4711.52116 15.773 0.007
4715.57262 15.906 0.009
4715.58116 15.889 0.010
4716.56340 15.682 0.007
4716.58355 15.716 0.009
4720.51606 15.845 0.009
4720.55070 15.871 0.009
4721.48225 15.990 0.011
4721.51692 15.817 0.010
4722.51479 15.706 0.008
4722.62924 15.776 0.009
4724.49602 15.755 0.009
4724.50459 15.763 0.009
4725.48288 15.710 0.009
4725.56987 15.761 0.009
4726.53443 15.913 0.010
4726.54431 15.939 0.010
4728.57893 15.790 0.009
4728.58944 15.808 0.010
4729.51948 15.907 0.010
4729.54492 15.966 0.010
4730.56128 15.655 0.008
4730.60534 15.696 0.008
4731.54239 15.797 0.009
4731.56818 15.811 0.009
4733.49398 15.654 0.008
4733.51988 15.653 0.008
4734.54039 15.796 0.009
4734.54926 15.809 0.009
4737.52861 15.834 0.009
4737.54014 15.814 0.009
4740.54070 15.843 0.009
4740.55065 15.863 0.010
4741.55834 15.746 0.008
4741.59138 15.686 0.008
4743.52196 15.863 0.009
4743.53330 15.860 0.009
4750.58857 15.702 0.010
4753.54423 15.665 0.009
4756.51072 15.693 0.009
4756.52306 15.693 0.009
4758.50588 16.010 0.010
4765.50610 15.725 0.008
4867.88162 15.807 0.008
4868.87629 15.992 0.009
4869.86015 15.671 0.008
4872.85028 15.681 0.010
4872.89293 15.682 0.010
4873.84898 15.815 0.008
4876.85433 15.826 0.009
4877.84329 15.789 0.008
4883.84531 15.664 0.008
4884.83742 15.753 0.007
4884.85082 15.759 0.007
4886.88808 15.658 0.007
4886.89396 15.659 0.008
4890.87030 15.802 0.007
4890.87888 15.806 0.007
4896.85793 15.852 0.008
4896.86714 15.839 0.008
4899.82940 15.849 0.008
4899.83804 15.853 0.008
4900.80916 15.798 0.008
4900.87949 15.677 0.007
4901.86925 15.732 0.007
4901.87787 15.751 0.007
4902.86763 15.882 0.008
4902.87659 15.904 0.008
4904.79206 15.706 0.007
4904.80068 15.722 0.007
4905.89586 15.970 0.010
4905.90466 15.980 0.009
4910.79792 15.774 0.008
4910.82642 15.753 0.007
4911.76855 15.905 0.007
4911.77720 15.903 0.007
4912.76537 15.650 0.006
4912.77411 15.632 0.006
4914.76831 15.944 0.009
4914.79119 15.977 0.009
4917.75222 15.984 0.008
4918.76521 15.681 0.007
4920.73252 15.982 0.008
4924.72717 15.683 0.007
4924.77358 15.703 0.007
4925.77647 15.854 0.007
4925.81352 15.880 0.007
4925.90056 15.956 0.007
4926.74026 15.792 0.008
4927.70715 15.698 0.009
4927.86768 15.788 0.008
4928.72968 15.849 0.009
4929.72139 15.747 0.009
4929.78595 15.644 0.007
4929.91053 15.661 0.007
4930.70045 15.706 0.008
4930.77939 15.736 0.008
4930.81938 15.782 0.008
4931.70132 15.858 0.010
4931.71528 15.878 0.009
4931.82370 15.940 0.009
4931.86095 16.003 0.009
4932.71834 15.691 0.008
4932.77898 15.641 0.007
4932.78452 15.641 0.007
4932.81901 15.645 0.007
4933.69906 15.723 0.009
4933.76667 15.755 0.008
4933.82723 15.781 0.008
4934.76507 15.953 0.012
4934.83033 15.974 0.010
4938.67566 15.657 0.008
4938.70716 15.663 0.007
4938.88031 15.728 0.008
4939.69457 15.773 0.008
4939.74757 15.797 0.009
4939.89206 15.867 0.009
4940.69457 15.945 0.009
4940.73024 15.978 0.009
4941.67332 15.628 0.008
4941.70495 15.677 0.007
4941.77132 15.681 0.007
4942.68447 15.792 0.008
4942.71109 15.783 0.008
4942.85734 15.861 0.007
4943.66516 15.960 0.009
4943.69681 15.970 0.008
4943.80465 15.756 0.007
4944.66197 15.653 0.007
4944.70219 15.671 0.007
4944.77736 15.702 0.007
4944.81741 15.726 0.007
4945.70199 15.817 0.008
4945.71042 15.816 0.008
4945.76687 15.838 0.007
4946.66009 15.983 0.009
4946.75903 15.743 0.007
4947.65375 15.676 0.007
4947.85169 15.762 0.007
4948.83430 15.924 0.008
4949.66165 15.960 0.008
4949.78240 15.657 0.007
4950.70288 15.704 0.007
4951.64246 15.829 0.009
4952.64068 15.960 0.009
4953.63432 15.695 0.008
4953.66597 15.719 0.007
4953.69452 15.719 0.007
4953.77169 15.751 0.008
4953.80888 15.787 0.008
4954.63584 15.839 0.009
4954.68608 15.857 0.008
4954.82871 16.004 0.009
4955.69004 15.697 0.007
4955.76991 15.635 0.007
