 552.78967 17.156 0.014
 553.85809 17.241 0.013
 554.85080 17.267 0.016
 555.79484 17.249 0.018
 557.70176 17.204 0.019
 557.79140 17.230 0.017
 557.88124 16.836 0.012
 558.74693 17.275 0.019
 558.88294 16.887 0.013
 559.69713 17.320 0.022
 560.67608 17.275 0.020
 560.76654 16.841 0.012
 560.87945 17.041 0.015
 561.67512 16.945 0.014
 561.80341 16.980 0.013
 561.87285 17.089 0.016
 562.71530 16.888 0.015
 562.79949 17.026 0.014
 562.89020 17.171 0.019
 563.80659 17.131 0.015
 563.89401 17.193 0.021
 567.71508 17.289 0.016
 567.84441 17.384 0.019
 568.71378 17.303 0.019
 568.79854 17.396 0.018
 569.68003 17.312 0.017
 570.67400 17.327 0.017
 570.85350 16.854 0.012
 570.88374 16.950 0.013
 570.89604 16.986 0.016
 571.65537 17.372 0.021
 571.77504 16.708 0.011
 571.88889 17.065 0.014
 572.72281 16.660 0.011
 572.85939 17.098 0.018
 573.64986 16.500 0.011
 573.82510 17.104 0.013
 574.67185 16.826 0.012
 574.76223 17.083 0.015
 575.67284 16.963 0.017
 575.85968 17.306 0.020
 576.67590 17.048 0.014
 576.81708 17.271 0.016
 576.92310 17.398 0.020
 577.82942 17.292 0.017
 578.67725 17.271 0.017
 581.64916 17.316 0.018
 581.86876 16.933 0.013
 582.66232 17.272 0.021
 582.87929 17.074 0.015
 583.65730 17.058 0.014
 583.76700 16.931 0.012
 583.90206 17.158 0.017
 587.67248 17.062 0.014
 588.65534 17.106 0.016
 588.77311 17.259 0.017
 588.92902 17.010 0.014
 590.67381 17.230 0.027
 590.75472 17.265 0.023
 599.66641 17.162 0.016
 600.65243 17.207 0.015
 600.79192 17.294 0.015
 601.72273 17.340 0.015
 601.92445 16.747 0.013
 605.58495 17.313 0.027
 605.91392 17.228 0.022
 605.94184 17.209 0.027
 606.58484 17.392 0.018
 606.72403 16.836 0.012
 606.89783 17.259 0.018
 607.57793 17.353 0.016
 607.69810 16.896 0.011
 607.85475 17.246 0.016
 608.57306 16.569 0.011
 608.68993 17.011 0.012
 608.84641 17.318 0.018
 614.59471 17.289 0.019
 614.78395 16.747 0.011
 615.57501 17.240 0.017
 615.66961 17.248 0.015
 615.76457 16.785 0.012
 615.88348 17.066 0.015
 615.93380 17.136 0.025
 616.57539 17.269 0.016
 616.69358 16.777 0.012
 616.78901 16.982 0.015
 616.88470 17.124 0.020
 622.78516 17.270 0.019
 623.65959 17.216 0.015
 623.79895 17.279 0.017
 624.57653 17.139 0.014
 624.67219 17.258 0.016
 624.74656 17.293 0.017
 625.58651 17.206 0.015
 625.68589 17.303 0.020
 626.56770 17.238 0.016
 626.64220 17.264 0.015
 626.78183 16.780 0.012
 627.80415 16.898 0.014
 628.62094 17.289 0.016
 628.72077 16.788 0.013
 628.82978 17.052 0.016
 629.59083 17.177 0.016
 629.71099 16.907 0.013
 630.56073 16.978 0.014
 631.63815 16.928 0.012
 631.73437 17.153 0.015
 632.62890 17.038 0.015
 632.72095 17.197 0.015
 633.60805 17.076 0.013
 635.67763 17.295 0.020
 643.55206 16.874 0.012
 643.64725 17.071 0.014
 645.56552 17.076 0.014
 649.50624 17.245 0.020
 652.55149 16.989 0.014
 653.69293 17.068 0.014
 655.71873 17.191 0.016
 656.59294 17.124 0.013
 657.58969 17.164 0.014
 658.59656 17.208 0.017
 663.53611 17.391 0.021
 665.56333 16.821 0.011
 666.49961 16.727 0.013
 667.53571 16.961 0.011
 669.49833 17.111 0.014
 670.66673 17.357 0.018
 671.50159 17.278 0.021
 673.63912 16.661 0.016
 684.48840 17.246 0.014
 685.47923 17.275 0.017
 686.53111 16.918 0.012
 687.52430 16.816 0.012
 688.50481 16.865 0.012
 689.48970 16.904 0.012
 694.49467 17.247 0.019
 697.49595 17.394 0.020
 698.49150 16.902 0.012
 699.48803 16.644 0.011
 700.50383 16.884 0.012
 701.48764 16.956 0.022
 704.50539 17.272 0.022
 708.57574 16.788 0.013
 713.49687 17.114 0.015
 720.50081 16.934 0.011
 728.60695 17.350 0.023
 742.55295 16.822 0.017
 753.51606 16.899 0.015
 857.87657 16.845 0.016
 877.88708 16.977 0.011
 878.83978 16.982 0.011
 890.88492 16.845 0.012
 896.81319 17.251 0.014
 900.81242 17.139 0.012
 918.82234 17.245 0.017
 924.88262 16.954 0.015
 928.88271 17.203 0.019
 930.80530 17.224 0.016
 933.78565 17.308 0.019
 934.83672 16.846 0.013
 936.82903 16.995 0.012
 937.77212 16.980 0.014
 939.73280 17.032 0.014
 941.70676 17.105 0.014
 950.68395 16.858 0.014
 951.75449 17.111 0.016
 952.72123 17.131 0.014
 953.73517 17.211 0.015
 954.74040 17.289 0.019
 961.77647 17.084 0.015
 962.70177 17.018 0.014
 963.70877 17.132 0.015
 964.77693 17.246 0.017
 965.67896 17.152 0.016
 966.65473 17.208 0.015
 970.82422 17.062 0.018
 984.70165 16.993 0.013
 985.60559 16.879 0.012
 988.80879 17.340 0.022
 990.66565 17.299 0.015
 991.66352 17.388 0.018
 995.73298 17.086 0.018
 998.75607 17.246 0.018
1006.71510 17.025 0.018
1006.72328 17.024 0.017
1011.75863 17.342 0.017
1021.64969 17.242 0.018
1026.60938 17.346 0.019
1035.55050 17.177 0.019
1036.59522 17.262 0.017
1037.58659 17.272 0.017
1038.63327 16.822 0.016
1040.51635 17.133 0.015
1041.53279 16.776 0.013
1043.56266 17.046 0.015
1045.51101 17.114 0.015
1046.51829 17.190 0.014
1047.55240 17.281 0.024
1048.53169 17.361 0.018
1051.57829 16.673 0.014
1053.61442 17.062 0.015
1054.50678 16.892 0.012
1060.52658 17.277 0.023
1061.51508 17.326 0.020
1064.51871 16.891 0.015
1065.48610 16.889 0.013
1069.63073 17.281 0.019
1074.53013 16.719 0.013
1077.58326 17.159 0.017
1080.49540 17.208 0.019
1087.54475 17.023 0.014
1090.55244 17.229 0.024
1092.59509 17.253 0.025
1105.56331 17.315 0.021
1107.52307 16.742 0.013
1113.56308 17.311 0.030
1119.50890 16.744 0.016
1220.86013 17.075 0.021
1225.84179 17.081 0.018
1237.86042 17.182 0.021
1242.79783 17.358 0.027
1252.79365 17.260 0.023
1255.84719 16.849 0.015
1259.81080 17.090 0.016
1264.89401 17.022 0.014
1272.86744 17.280 0.020
1279.88228 17.058 0.016
1289.77963 16.902 0.014
1291.86217 17.075 0.013
1295.75828 17.175 0.018
1296.87421 17.345 0.018
1297.82572 17.307 0.021
1298.91884 16.809 0.014
1299.86541 16.769 0.014
1305.79565 17.204 0.018
1306.67458 17.050 0.016
1307.89110 17.371 0.021
1310.81502 16.858 0.012
1312.76965 16.793 0.013
1313.89075 17.127 0.015
1315.78106 17.102 0.015
1316.70629 17.041 0.014
1317.78655 17.182 0.017
1318.77457 17.163 0.019
1318.87021 17.283 0.020
1319.80756 17.276 0.018
1319.87907 17.119 0.018
1320.65826 17.188 0.017
1320.90443 16.901 0.014
1321.68274 17.218 0.017
1321.87625 16.936 0.016
1323.82150 16.946 0.017
1327.76007 17.084 0.018
1332.81297 17.171 0.019
1335.71407 16.655 0.012
1338.76177 17.115 0.016
1340.66039 17.074 0.015
1342.61602 17.162 0.015
1346.67408 17.081 0.015
1347.70411 16.859 0.012
1348.73745 17.016 0.015
1349.75131 17.082 0.015
1350.77901 17.193 0.015
1354.62869 17.184 0.020
1355.60353 17.253 0.022
1365.66808 17.252 0.018
1366.61457 17.224 0.016
1367.68174 17.362 0.021
1368.63047 17.369 0.017
1368.81024 16.927 0.015
1369.57466 17.369 0.021
1369.73156 16.818 0.012
1370.57135 17.422 0.022
1374.71730 17.208 0.022
1375.64101 17.202 0.016
1394.58460 16.798 0.013
1395.56322 16.834 0.012
1397.71238 17.264 0.019
1398.56653 17.103 0.014
1399.58868 17.220 0.018
1400.59540 17.251 0.017
1401.55350 17.260 0.020
1402.54626 17.313 0.018
1403.61633 16.953 0.014
1404.54967 17.352 0.019
1407.56761 16.994 0.015
1408.54481 17.029 0.014
1410.55700 17.161 0.025
1415.55176 17.098 0.020
1416.53203 17.012 0.014
1418.51278 16.915 0.014
1430.60250 17.096 0.018
1433.50853 17.152 0.016
1436.60897 17.273 0.017
1441.51433 16.949 0.022
1443.50861 17.095 0.020
1447.53493 17.299 0.022
1449.53479 17.031 0.017
1454.53280 17.103 0.018
1459.51117 17.342 0.021
1479.50569 17.214 0.028
1595.85849 17.336 0.021
1596.88217 16.815 0.017
1597.86259 16.607 0.013
1597.87268 16.692 0.015
1599.88904 17.027 0.018
1600.88159 17.102 0.019
1609.82114 16.826 0.013
1612.86331 17.114 0.019
1616.89532 17.339 0.020
1618.83173 17.413 0.022
1621.78293 16.590 0.015
1623.79480 16.961 0.017
1625.84433 17.241 0.019
1627.80410 17.308 0.022
1630.88617 16.705 0.016
1633.77801 16.827 0.012
1643.78851 16.798 0.014
1644.89936 17.060 0.013
1646.84890 17.093 0.017
1652.81493 17.415 0.021
1653.80351 17.233 0.017
1655.90687 17.086 0.016
1661.85147 17.290 0.017
1662.89942 16.801 0.012
1663.81691 17.352 0.018
1665.72917 17.318 0.020
1666.82044 16.930 0.012
1667.86468 17.084 0.016
1668.87837 17.162 0.015
1670.74695 17.107 0.014
1671.84096 17.232 0.016
1674.80172 17.267 0.017
1676.78342 16.862 0.012
1681.82381 17.194 0.019
1682.82642 17.256 0.023
1687.84617 16.770 0.015
1692.66417 16.882 0.012
1693.76622 17.246 0.016
1695.84564 17.357 0.018
1698.70082 17.335 0.020
1700.86696 17.074 0.016
1702.69150 16.912 0.013
1703.84833 17.229 0.018
1705.68971 17.118 0.017
1706.71084 17.219 0.017
1709.63266 17.243 0.019
1717.66355 17.161 0.013
1721.73836 17.138 0.018
1722.64521 17.405 0.019
1725.66426 16.911 0.015
1725.70364 16.984 0.014
1726.61260 16.881 0.013
1728.65671 17.146 0.017
1729.63216 17.163 0.015
1730.60332 17.234 0.017
1731.51839 17.130 0.019
1732.67080 17.303 0.018
1738.64789 16.960 0.042
1742.66217 17.242 0.018
1743.63912 17.270 0.017
1744.72145 16.827 0.016
1745.64926 17.260 0.017
1748.57460 16.658 0.013
1749.51546 16.575 0.012
1750.65864 17.145 0.016
1751.57559 17.070 0.013
1752.61139 17.222 0.018
1754.60560 17.309 0.019
1755.62013 17.369 0.021
1756.55802 17.276 0.015
1757.59546 17.352 0.018
1758.60214 16.639 0.011
1759.53093 16.819 0.012
1760.58046 16.920 0.012
1761.54749 16.933 0.013
1762.54481 17.036 0.013
1763.49880 17.023 0.013
1764.58848 17.207 0.016
1765.59160 17.238 0.022
1769.56245 17.117 0.016
1771.56448 16.903 0.021
1772.57459 16.977 0.014
1773.58912 17.082 0.016
1775.58997 17.231 0.017
1777.59967 17.276 0.018
1783.60018 17.024 0.013
1784.58988 17.094 0.015
1785.58925 17.150 0.016
1787.58435 17.280 0.019
1788.55326 17.307 0.022
1790.56683 17.359 0.018
1803.51422 17.267 0.019
1806.56418 16.988 0.015
1809.57352 17.195 0.016
1811.58169 17.270 0.023
1814.53016 17.401 0.020
1816.51779 16.725 0.013
1818.50000 16.964 0.015
1824.54282 17.343 0.022
1829.52830 17.019 0.019
1834.50952 17.226 0.018
1843.51114 17.207 0.017
1848.52777 16.648 0.015
2072.60108 17.118 0.018
2072.60813 17.125 0.017
2072.61102 17.136 0.016
2072.61948 17.131 0.017
2072.62234 17.164 0.017
2072.62808 17.187 0.017
2072.63095 17.160 0.017
2072.63669 17.194 0.017
2072.63958 17.180 0.016
2072.65214 17.216 0.018
2072.65503 17.241 0.017
2072.66075 17.229 0.019
2072.66365 17.229 0.019
2072.66940 17.247 0.018
2072.67807 17.222 0.017
2072.68670 17.279 0.019
2072.69536 17.279 0.020
2072.70463 17.276 0.019
2072.72545 17.277 0.017
2072.73409 17.268 0.017
2072.74270 17.315 0.018
2072.75131 17.296 0.018
2072.75992 17.298 0.020
2072.76854 17.336 0.019
2072.77757 17.326 0.019
2072.78046 17.313 0.018
2072.78619 17.349 0.019
2072.78907 17.320 0.018
2072.79478 17.363 0.020
2072.79767 17.368 0.018
2072.80341 17.367 0.020
2072.80629 17.410 0.019
2072.81204 17.402 0.020
2072.81493 17.408 0.020
2072.82065 17.424 0.021
2072.82353 17.444 0.020
2072.83019 17.452 0.023
2072.83306 17.446 0.021
2072.83909 17.457 0.023
2072.84195 17.517 0.022
2072.84818 17.464 0.023
2072.85106 17.482 0.023
2072.85906 17.388 0.022
2072.86194 17.355 0.021
2072.86764 17.265 0.020
2072.87052 17.201 0.018
2072.87625 16.992 0.018
2072.87913 16.845 0.016
2072.89043 16.548 0.015
2072.89329 16.546 0.014
2072.89901 16.569 0.015
2072.90189 16.560 0.013
2072.90758 16.562 0.013
2072.91045 16.614 0.014
2073.57944 17.175 0.020
2073.58234 17.168 0.018
2073.59481 17.199 0.018
2073.60345 17.216 0.018
2073.61203 17.248 0.018
2073.62065 17.274 0.017
2073.62927 17.271 0.018
2073.63788 17.246 0.017
2073.64666 17.268 0.019
2073.65531 17.230 0.017
2073.66392 17.337 0.017
2073.67476 17.282 0.017
2073.68338 17.283 0.018
2073.69205 17.285 0.018
2073.70065 17.311 0.017
2073.70929 17.320 0.018
2073.71793 17.298 0.017
2073.72741 17.295 0.019
2073.73599 17.359 0.019
2073.74457 17.336 0.018
2073.75315 17.341 0.018
2073.76176 17.405 0.019
2073.77035 17.407 0.019
2073.78361 17.436 0.019
2073.79221 17.457 0.020
2073.80914 17.399 0.022
2073.82208 17.267 0.019
2073.83106 16.994 0.019
2073.84627 16.566 0.012
2073.85487 16.547 0.011
2073.86348 16.599 0.012
2073.87206 16.644 0.013
2073.87493 16.630 0.012
2073.88066 16.653 0.013
2073.88353 16.686 0.013
2073.89417 16.778 0.015
2073.89703 16.764 0.015
2073.90273 16.766 0.015
2073.90560 16.808 0.014
2073.91133 16.825 0.016
2074.57341 17.234 0.017
2074.57630 17.246 0.017
2074.58204 17.237 0.017
2074.58493 17.247 0.017
2074.59067 17.273 0.019
2074.59355 17.273 0.019
2074.59929 17.258 0.019
2074.60217 17.256 0.018
2074.60790 17.268 0.018
2074.61079 17.239 0.017
2074.61656 17.229 0.019
2074.61943 17.262 0.019
2074.62566 17.292 0.019
2074.63427 17.324 0.021
2074.64289 17.278 0.023
2074.65149 17.298 0.020
2074.66011 17.335 0.022
2074.66876 17.332 0.019
2074.67760 17.316 0.018
2074.69996 17.309 0.020
2074.70863 17.340 0.019
2074.71724 17.391 0.020
2074.72848 17.399 0.019
2074.73707 17.411 0.019
2074.76083 17.418 0.020
2074.76943 17.373 0.021
2074.77804 17.248 0.019
2074.78664 16.982 0.017
2074.79650 16.669 0.013
2074.80510 16.616 0.012
2074.81394 16.620 0.011
2074.81682 16.605 0.012
2074.82256 16.667 0.012
2074.82543 16.646 0.012
2074.83117 16.684 0.011
2074.83403 16.685 0.012
2074.83978 16.713 0.012
2074.84266 16.706 0.011
2074.84840 16.738 0.011
2074.85130 16.753 0.011
2074.85699 16.784 0.012
2074.85987 16.755 0.011
2074.86605 16.830 0.013
2074.86892 16.821 0.012
2074.87460 16.848 0.014
2074.87746 16.838 0.014
2074.88319 16.855 0.014
2074.88606 16.861 0.013
2074.89183 16.903 0.014
2074.89472 16.864 0.013
2074.90046 16.926 0.015
2074.90334 16.911 0.014
2074.90905 16.937 0.016
2075.60820 17.284 0.022
2075.61108 17.293 0.020
2075.61680 17.305 0.020
2075.61969 17.300 0.019
2075.62539 17.298 0.021
2075.62828 17.327 0.021
2075.63403 17.306 0.021
2075.63690 17.335 0.020
2075.64264 17.331 0.021
2075.64553 17.299 0.020
2075.66227 17.380 0.021
2075.66516 17.366 0.020
2075.67087 17.351 0.022
2075.67375 17.394 0.021
2075.67947 17.378 0.020
2075.68236 17.413 0.019
2075.68807 17.432 0.020
2075.69099 17.434 0.020
2075.69674 17.438 0.021
2075.69963 17.418 0.019
2075.70534 17.489 0.023
2075.70822 17.447 0.020
2075.71436 17.460 0.022
2075.71725 17.453 0.021
2075.72360 17.409 0.023
2075.72650 17.378 0.020
2075.73220 17.232 0.019
2075.73510 17.122 0.017
2075.74080 16.966 0.016
2075.76760 16.641 0.012
2075.77047 16.632 0.012
2075.77619 16.656 0.014
2075.77907 16.679 0.013
2075.78477 16.713 0.013
2075.78765 16.727 0.014
2075.79365 16.746 0.014
2075.79652 16.744 0.014
2075.80226 16.780 0.015
2075.80514 16.779 0.013
2075.81086 16.812 0.015
2075.81375 16.820 0.014
2075.81946 16.848 0.015
2075.82236 16.836 0.013
2075.82805 16.874 0.015
2075.83093 16.865 0.014
2075.84070 16.902 0.015
2075.84358 16.893 0.014
2075.84929 16.897 0.015
2075.85218 16.908 0.014
2075.85790 16.930 0.016
2075.86080 16.936 0.015
2075.86650 16.969 0.016
2075.86939 16.969 0.017
2075.87510 16.987 0.018
2075.87794 16.985 0.015
2075.88364 16.981 0.017
2075.88654 17.013 0.017
2075.89256 17.050 0.019
2075.89544 17.061 0.020
2076.68671 17.249 0.020
2076.68960 17.155 0.018
2076.69532 16.979 0.016
2076.69822 16.902 0.015
2076.70396 16.793 0.014
2076.70684 16.745 0.013
2076.71257 16.680 0.015
2076.72033 16.681 0.013
2076.72734 16.708 0.016
2076.73029 16.695 0.014
2076.73613 16.717 0.014
2076.73910 16.708 0.012
2076.74494 16.746 0.016
2076.74787 16.776 0.016
2076.75368 16.776 0.015
2076.75661 16.760 0.014
2076.76245 16.784 0.014
2076.76539 16.801 0.015
2076.77125 16.843 0.014
2076.77417 16.863 0.015
2076.78711 16.856 0.015
2076.79006 16.858 0.014
2076.79852 16.900 0.016
2076.80142 16.916 0.015
2076.81120 16.917 0.017
2076.81414 16.951 0.017
2076.82370 16.952 0.017
2076.82663 16.931 0.015
2076.83245 16.967 0.015
2076.83536 16.986 0.015
2076.84118 16.982 0.016
2076.84411 17.003 0.016
2076.84991 17.013 0.018
2076.85283 17.045 0.016
2076.85866 17.033 0.017
2076.86160 17.028 0.017
2076.86741 17.074 0.019
2076.87031 17.090 0.019
2076.87671 17.062 0.018
2076.87962 17.079 0.018
2076.88543 17.062 0.018
2076.88836 17.125 0.019
2077.58337 17.367 0.023
2077.58633 17.378 0.022
2077.60399 17.423 0.023
2077.60692 17.429 0.021
2077.61467 17.414 0.021
2077.61760 17.429 0.021
2077.62559 17.364 0.020
2077.62853 17.339 0.018
2077.63434 17.332 0.018
2077.63729 17.249 0.016
2077.64726 16.993 0.013
2077.65017 16.949 0.012
2077.65601 16.832 0.012
2077.65894 16.776 0.011
2077.66475 16.711 0.011
2077.66767 16.698 0.010
2077.67350 16.696 0.011
2077.67639 16.691 0.010
2077.68568 16.705 0.011
2077.68859 16.720 0.011
2077.69444 16.738 0.011
2077.69738 16.746 0.011
2077.70322 16.777 0.012
2077.70615 16.789 0.012
2077.71199 16.806 0.013
2077.71491 16.812 0.012
2077.72072 16.824 0.013
2077.72365 16.848 0.012
2077.72947 16.855 0.013
2077.73240 16.875 0.013
2077.73923 16.878 0.014
2077.74219 16.907 0.016
2077.74802 16.890 0.014
2077.75096 16.918 0.014
2077.75681 16.915 0.013
2077.75976 16.946 0.013
2077.76558 16.951 0.014
2077.76851 16.955 0.013
2077.77432 16.972 0.015
2077.77725 16.946 0.014
2077.78643 16.980 0.014
2077.78938 16.977 0.013
2077.79519 17.038 0.015
2077.79809 17.016 0.014
2077.80390 17.016 0.015
2077.80684 17.036 0.014
2077.81269 17.040 0.014
2077.81563 17.034 0.014
2077.82145 17.046 0.015
2077.82438 17.071 0.015
2077.83020 17.073 0.016
2077.83314 17.074 0.016
2077.83932 17.123 0.022
2077.84225 17.098 0.016
2077.84805 17.133 0.019
2077.85098 17.091 0.018
2077.85681 17.136 0.021
2077.85974 17.144 0.019
2077.86557 17.132 0.019
2077.86848 17.165 0.017
2077.87425 17.186 0.020
2077.87716 17.146 0.018
2077.88299 17.190 0.020
2077.88592 17.181 0.019
2077.89198 17.189 0.020
2077.89489 17.161 0.019
2077.90367 17.204 0.022
2078.58929 17.279 0.020
2078.59219 17.217 0.018
2078.59800 17.120 0.018
2078.60094 17.064 0.016
2078.60677 16.918 0.016
2078.60971 16.862 0.014
2078.61552 16.807 0.013
2078.61844 16.722 0.013
2078.62429 16.704 0.013
2078.62721 16.703 0.012
2078.63305 16.664 0.012
2078.63599 16.701 0.012
2078.65343 16.751 0.011
2078.65637 16.744 0.011
2078.66218 16.774 0.011
2078.66510 16.794 0.011
2078.67094 16.808 0.012
2078.67388 16.829 0.011
2078.67968 16.836 0.012
2078.68263 16.857 0.013
2078.68846 16.854 0.013
2078.69140 16.878 0.012
2078.69721 16.864 0.013
2078.70013 16.890 0.013
2078.70686 16.908 0.013
2078.70979 16.911 0.013
2078.71577 16.941 0.014
2078.71872 16.940 0.013
2078.72452 16.966 0.013
2078.72744 16.962 0.012
2078.73325 16.956 0.013
2078.73619 16.985 0.014
2078.74200 16.983 0.014
2078.74492 17.023 0.014
2078.75075 17.010 0.015
2078.75368 17.036 0.015
2078.76379 17.037 0.015
2078.76672 17.062 0.015
2078.78265 17.089 0.016
2078.78557 17.077 0.015
2078.79142 17.073 0.016
2078.79435 17.090 0.015
2078.80018 17.129 0.017
2078.80310 17.113 0.016
2078.80891 17.125 0.017
2078.81185 17.112 0.016
2078.83496 17.164 0.018
2078.83791 17.176 0.017
2078.84375 17.174 0.020
2078.84667 17.191 0.018
2078.85248 17.185 0.019
2078.86202 17.225 0.021
2078.86497 17.228 0.019
2078.87072 17.225 0.021
2078.87365 17.235 0.021
2078.87947 17.207 0.022
2078.88240 17.233 0.020
2079.61930 16.785 0.014
2079.62222 16.826 0.015
2079.62802 16.808 0.015
2079.63097 16.844 0.016
2079.63683 16.839 0.014
2079.63977 16.869 0.014
2079.64558 16.885 0.014
2079.64852 16.893 0.014
2079.65431 16.891 0.014
2079.65727 16.908 0.013
2079.66308 16.901 0.014
2079.66603 16.919 0.014
2079.67289 16.946 0.014
2079.67583 16.957 0.013
2079.68164 16.968 0.014
2079.68456 16.954 0.013
2079.69040 16.991 0.014
2079.69331 16.995 0.014
2079.69911 17.007 0.016
2079.70202 16.982 0.014
2079.70783 17.030 0.016
2079.71077 17.011 0.014
2079.71661 17.044 0.015
2079.73070 17.066 0.015
2079.73364 17.060 0.015
2079.73949 17.053 0.016
2079.74242 17.077 0.015
2079.74824 17.092 0.016
2079.75116 17.118 0.016
2079.75696 17.109 0.016
2079.75986 17.141 0.015
2079.76862 17.129 0.015
2079.78392 17.152 0.016
2079.79311 17.175 0.017
2079.79604 17.202 0.017
2079.80185 17.173 0.017
2079.80478 17.194 0.017
2079.81061 17.196 0.019
2079.81356 17.197 0.019
2079.82108 17.205 0.022
2080.55266 16.712 0.011
2080.55559 16.709 0.011
2080.56711 16.755 0.012
2080.57005 16.764 0.011
2080.57583 16.785 0.012
2080.57875 16.792 0.011
2080.58455 16.813 0.012
2080.58749 16.795 0.011
2080.59328 16.844 0.013
2080.59620 16.837 0.012
2080.60202 16.855 0.012
2080.60494 16.860 0.012
2080.61074 16.899 0.014
2080.61368 16.896 0.013
2080.62544 16.918 0.014
2080.62838 16.948 0.013
2080.63422 16.925 0.014
2080.63716 16.960 0.013
2080.64297 16.964 0.014
2080.64591 16.972 0.013
2080.65177 16.974 0.014
2080.65470 17.007 0.014
2080.66048 16.991 0.014
2080.66342 16.998 0.013
2080.67514 17.016 0.014
2080.67809 17.045 0.013
2080.69678 17.093 0.017
2080.69972 17.076 0.015
2080.70554 17.093 0.017
2080.70845 17.118 0.015
2080.71428 17.135 0.016
2080.71720 17.086 0.015
2080.74805 17.156 0.016
2080.75097 17.160 0.015
2080.76051 17.181 0.016
2080.76345 17.212 0.016
2080.77481 17.213 0.017
2080.77774 17.222 0.016
2080.80314 17.235 0.017
2080.81348 17.280 0.018
2080.82227 17.260 0.020
2080.83101 17.269 0.019
2080.83969 17.254 0.020
2080.84846 17.294 0.022
2080.85724 17.284 0.025
2081.56627 16.873 0.013
2081.56920 16.875 0.013
2081.57616 16.902 0.013
2081.57910 16.901 0.013
2081.58490 16.931 0.013
2081.58783 16.940 0.013
2081.59555 16.948 0.014
2081.59848 16.962 0.013
2081.61509 16.987 0.015
2081.61801 16.979 0.014
2081.65783 17.052 0.015
2081.66077 17.090 0.015
2081.69927 17.168 0.016
2081.70219 17.130 0.015
2081.70808 17.188 0.017
2081.71103 17.154 0.016
2081.71687 17.182 0.017
2081.71987 17.185 0.017
2081.72859 17.224 0.017
2081.73439 17.219 0.017
2081.73731 17.208 0.017
2081.74314 17.198 0.017
2081.74607 17.208 0.016
2081.75394 17.200 0.017
2081.75688 17.235 0.017
2081.76271 17.216 0.017
2081.76567 17.232 0.017
2081.77442 17.222 0.017
2081.78318 17.244 0.018
2081.80125 17.263 0.018
2081.80999 17.265 0.017
2081.81875 17.316 0.018
2081.83077 17.252 0.018
2081.83952 17.282 0.017
2081.86475 17.325 0.017
2081.86834 17.355 0.017
2081.87962 17.330 0.021
2082.63985 17.099 0.017
2082.64280 17.118 0.017
2082.64861 17.123 0.017
2082.68219 17.184 0.017
2082.68513 17.179 0.016
2082.69294 17.207 0.017
2082.69589 17.191 0.016
2082.70231 17.187 0.017
2082.70523 17.240 0.017
2082.71108 17.229 0.020
2082.71402 17.245 0.017
2082.72356 17.241 0.019
2082.72649 17.291 0.018
2082.73527 17.253 0.018
2082.73821 17.257 0.017
2082.74402 17.253 0.018
2082.74694 17.251 0.017
2082.75275 17.274 0.018
2082.75565 17.280 0.017
2082.76382 17.268 0.017
2082.76677 17.256 0.016
2082.78055 17.259 0.017
2082.78348 17.275 0.016
2082.78930 17.303 0.018
2082.79222 17.308 0.017
2082.79806 17.294 0.017
2082.80097 17.310 0.017
2082.80677 17.306 0.018
2082.80971 17.296 0.017
2082.81553 17.312 0.018
2082.81847 17.289 0.017
2082.82428 17.310 0.018
2082.82723 17.336 0.017
2082.83972 17.328 0.018
2082.84849 17.295 0.018
2082.85727 17.306 0.019
2082.86602 17.312 0.019
2082.87479 17.273 0.019
2082.88358 17.212 0.019
2082.89623 17.140 0.019
2085.62793 17.260 0.020
2085.63080 17.239 0.021
2085.63649 17.209 0.019
2085.63939 17.268 0.020
2085.64506 17.265 0.021
2085.64798 17.275 0.020
2085.65371 17.237 0.019
2085.65662 17.287 0.020
2085.66233 17.288 0.020
2085.66521 17.295 0.020
2085.67091 17.281 0.019
2085.67382 17.318 0.020
2085.68217 17.328 0.022
2085.68505 17.351 0.022
2085.69075 17.312 0.022
2085.69361 17.323 0.021
2085.69931 17.333 0.023
2085.70221 17.309 0.022
2085.70792 17.298 0.021
2085.71082 17.277 0.021
2085.71663 17.320 0.022
2085.71953 17.317 0.022
2085.72527 17.349 0.023
2085.72816 17.354 0.023
2085.73505 17.283 0.021
2085.73794 17.306 0.020
2085.74364 17.233 0.021
2085.74656 17.270 0.020
2085.75587 17.271 0.026
2085.75876 17.198 0.019
2085.76598 17.113 0.019
2085.77536 17.075 0.017
2085.78189 16.997 0.018
2085.78478 17.003 0.019
2085.79206 16.914 0.016
2085.79494 16.907 0.015
2085.80064 16.888 0.016
2085.80353 16.884 0.016
2085.82309 16.826 0.016
2085.82598 16.854 0.016
2085.83168 16.878 0.017
2085.83456 16.853 0.014
2085.84027 16.868 0.018
2085.84315 16.867 0.016
2085.84886 16.872 0.018
2085.85175 16.872 0.019
2085.85747 16.878 0.018
2085.86037 16.893 0.019
2086.55194 17.243 0.016
2086.55481 17.230 0.017
2086.56053 17.237 0.016
2086.56343 17.212 0.015
2086.56914 17.231 0.016
2086.57202 17.237 0.015
2086.58887 17.248 0.017
2086.59175 17.251 0.016
2086.59750 17.270 0.018
2086.60037 17.244 0.016
2086.60610 17.253 0.016
2086.60899 17.256 0.015
2086.62541 17.261 0.016
2086.62829 17.287 0.016
2086.63403 17.276 0.016
2086.63691 17.293 0.016
2086.64261 17.267 0.016
2086.64548 17.321 0.016
2086.65121 17.311 0.018
2086.65410 17.306 0.017
2086.65980 17.303 0.017
2086.66270 17.319 0.017
2086.66842 17.306 0.017
2086.67132 17.298 0.016
2086.68017 17.291 0.016
2086.68306 17.288 0.015
2086.68873 17.294 0.016
2086.69161 17.264 0.015
2086.69729 17.275 0.017
2086.70018 17.262 0.016
2086.70590 17.225 0.016
2086.70878 17.228 0.016
2086.71455 17.174 0.018
2086.71745 17.164 0.017
2086.72797 17.066 0.017
2086.73088 17.054 0.016
2086.73664 17.012 0.015
2086.73953 16.985 0.014
2086.74527 16.982 0.015
2086.74814 16.967 0.014
2086.75386 16.910 0.014
2086.75675 16.903 0.013
2086.76246 16.853 0.013
2086.76535 16.850 0.013
2086.77577 16.864 0.014
2086.77865 16.873 0.013
2086.78437 16.864 0.014
2086.78727 16.886 0.014
2086.79301 16.870 0.014
2086.79592 16.882 0.014
2086.80541 16.857 0.015
2086.80830 16.873 0.014
2086.81399 16.880 0.015
2086.81687 16.882 0.015
2086.82259 16.905 0.015
2086.82549 16.916 0.015
2086.83504 16.938 0.017
2086.83795 16.938 0.016
2086.84367 16.978 0.018
2086.84658 16.947 0.017
2086.85519 16.981 0.020
2086.86379 16.977 0.019
2087.55752 17.238 0.016
2087.56046 17.294 0.016
2087.59914 17.302 0.016
2087.60209 17.307 0.016
2087.60787 17.311 0.016
2087.61082 17.301 0.015
2087.61660 17.297 0.018
2087.61954 17.303 0.016
2087.62535 17.289 0.016
2087.62827 17.331 0.016
2087.63409 17.299 0.016
2087.63703 17.300 0.017
2087.64284 17.288 0.017
2087.64578 17.295 0.016
2087.65180 17.255 0.016
2087.65476 17.251 0.016
2087.66056 17.247 0.016
2087.66352 17.223 0.015
2087.67263 17.187 0.016
2087.67559 17.170 0.015
2087.68138 17.108 0.015
2087.68432 17.102 0.014
2087.69076 17.034 0.014
2087.69371 17.031 0.014
2087.70821 16.921 0.013
2087.71697 16.870 0.013
2087.71993 16.881 0.012
2087.72575 16.869 0.013
2087.72870 16.860 0.012
2087.73454 16.854 0.012
2087.73750 16.865 0.012
2087.74334 16.852 0.012
2087.74628 16.871 0.012
2087.75209 16.885 0.012
2087.75502 16.893 0.012
2087.76256 16.865 0.012
2087.76551 16.875 0.011
2087.77131 16.855 0.011
2087.77426 16.904 0.011
2087.78006 16.905 0.012
2087.78301 16.925 0.011
2087.78881 16.914 0.013
2087.79175 16.924 0.012
2087.79755 16.893 0.012
2087.80049 16.925 0.012
2087.80924 16.951 0.012
2087.81847 16.956 0.012
2087.82720 16.955 0.013
2087.83596 17.005 0.015
2087.84471 17.008 0.015
2087.85346 17.046 0.015
2087.86218 17.042 0.015
2088.55489 17.280 0.020
2088.55786 17.277 0.019
2088.56685 17.326 0.021
2088.56977 17.318 0.019
2088.57556 17.319 0.020
2088.57851 17.313 0.019
2088.58433 17.339 0.020
2088.58730 17.292 0.018
2088.59312 17.311 0.020
2088.59609 17.303 0.018
2088.60207 17.283 0.019
2088.60499 17.298 0.020
2088.61082 17.290 0.018
2088.61378 17.290 0.018
2088.61961 17.256 0.018
2088.62254 17.226 0.017
2088.62839 17.201 0.017
2088.63134 17.197 0.017
2088.63867 17.134 0.016
2088.64161 17.109 0.015
2088.64745 17.068 0.016
2088.65041 17.046 0.015
2088.65624 16.995 0.015
2088.65917 16.989 0.014
2088.66500 16.950 0.014
2088.66797 16.950 0.014
2088.67619 16.902 0.014
2088.67912 16.885 0.013
2088.68549 16.848 0.013
2088.69419 16.835 0.013
2088.69713 16.868 0.013
2088.70292 16.853 0.014
2088.70588 16.840 0.012
2088.71168 16.863 0.014
2088.71463 16.864 0.013
2088.72469 16.878 0.014
2088.73565 16.913 0.014
2088.73859 16.904 0.013
2088.74439 16.923 0.014
2088.74735 16.927 0.014
2088.75314 16.936 0.014
2088.75608 16.948 0.014
2088.76188 16.948 0.016
2088.76481 16.962 0.016
2088.77373 16.976 0.016
2088.77668 16.979 0.014
2088.78249 16.996 0.017
2088.78548 17.020 0.015
2088.79130 17.000 0.016
2088.79423 17.038 0.016
2088.80006 17.041 0.018
2088.80301 17.060 0.018
2088.80886 17.038 0.018
2088.81180 17.069 0.017
2088.81760 17.051 0.017
2088.82055 17.053 0.018
2088.82677 17.088 0.019
2088.82971 17.075 0.016
2088.83550 17.092 0.018
2088.83843 17.080 0.019
2088.84428 17.098 0.021
2088.84722 17.137 0.021
2089.60741 17.042 0.017
2089.61034 17.064 0.017
2089.61615 17.026 0.017
2089.61908 16.977 0.015
2089.62486 16.948 0.016
2089.62781 16.922 0.014
2089.63361 16.862 0.014
2089.63654 16.889 0.015
2089.64236 16.845 0.014
2089.64530 16.854 0.013
2089.65153 16.830 0.013
2089.65445 16.847 0.013
2089.66021 16.832 0.014
2090.63951 16.860 0.015
2090.64245 16.882 0.015
2090.64831 16.866 0.015
2090.65125 16.868 0.014
2090.65825 16.894 0.014
2090.66119 16.898 0.013
2090.66702 16.937 0.015
2090.66997 16.894 0.014
2090.67577 16.928 0.016
2090.67890 16.951 0.015
2090.68468 16.959 0.019
2090.70421 16.998 0.018
2090.70715 16.996 0.017
2090.71295 16.994 0.019
2090.71589 17.007 0.017
2090.72169 17.060 0.020
2090.72461 17.031 0.017
2090.73040 17.041 0.019
2090.73332 17.019 0.017
2090.73913 17.045 0.017
2090.74206 17.050 0.016
2090.74788 17.085 0.019
2090.75084 17.080 0.021
2090.75745 17.067 0.017
2090.76041 17.096 0.016
2090.76620 17.050 0.016
2090.76914 17.085 0.016
2090.77493 17.097 0.017
2090.77788 17.079 0.016
2090.78369 17.105 0.016
2090.78664 17.119 0.016
2090.79246 17.110 0.016
2090.79543 17.141 0.015
2090.80420 17.152 0.016
2090.81334 17.152 0.020
2090.81627 17.160 0.018
2090.82207 17.195 0.021
2090.82501 17.197 0.023
2090.83642 17.201 0.022
2090.83936 17.219 0.023
2091.58381 16.814 0.014
2091.58676 16.867 0.014
2091.59258 16.854 0.014
2091.59555 16.852 0.012
2091.60137 16.840 0.013
2091.60431 16.858 0.013
2091.61206 16.864 0.013
2091.61502 16.888 0.013
2091.62820 16.918 0.013
2091.63115 16.922 0.013
2091.64867 16.953 0.014
2091.65270 16.967 0.013
2091.65933 16.956 0.014
2091.66227 16.988 0.014
2091.66805 16.997 0.014
2091.67098 16.984 0.013
2091.67740 17.021 0.015
2091.68033 17.010 0.014
2091.68618 17.007 0.015
2091.68916 17.027 0.014
2091.69495 17.038 0.015
2091.69790 17.036 0.015
2091.70370 17.034 0.015
2091.70666 17.053 0.015
2091.71271 17.061 0.016
2091.71565 17.075 0.015
2091.72142 17.068 0.015
2091.72437 17.099 0.015
2091.73016 17.094 0.015
2091.73309 17.085 0.015
2091.73891 17.129 0.016
2091.74185 17.117 0.015
2091.74769 17.130 0.015
2091.75063 17.137 0.015
2091.75881 17.135 0.016
2091.76173 17.154 0.016
2091.77170 17.160 0.016
2091.77465 17.171 0.016
2091.78046 17.186 0.018
2091.78342 17.196 0.016
2091.78922 17.168 0.016
2091.79215 17.195 0.015
2091.79798 17.205 0.016
2091.80094 17.212 0.016
2091.80675 17.226 0.017
2091.80969 17.211 0.017
2091.81552 17.208 0.017
2091.81846 17.203 0.017
2091.82443 17.211 0.017
2091.82741 17.220 0.017
2091.83367 17.206 0.018
2091.83661 17.201 0.017
2091.84537 17.213 0.018
2091.85414 17.246 0.019
2091.86285 17.244 0.019
2091.87157 17.228 0.020
2092.64121 17.018 0.015
2092.64416 17.021 0.014
2092.64999 17.027 0.015
2092.65296 17.034 0.014
2092.65880 17.028 0.016
2092.66173 17.038 0.014
2092.67034 17.051 0.015
2092.67328 17.091 0.016
2092.67910 17.083 0.018
2092.68206 17.052 0.016
2092.68785 17.094 0.021
2092.69081 17.098 0.015
2092.69665 17.106 0.016
2092.69959 17.102 0.016
2092.70541 17.108 0.017
2092.70837 17.124 0.015
2092.71418 17.141 0.017
2092.71714 17.179 0.017
2092.72946 17.149 0.016
2092.73240 17.181 0.016
2092.73822 17.154 0.017
2092.74117 17.198 0.017
2092.74882 17.178 0.018
2092.75175 17.200 0.017
2092.75754 17.204 0.019
2092.76047 17.213 0.018
2092.76628 17.260 0.021
2092.76922 17.225 0.019
2092.77503 17.222 0.020
2092.77798 17.224 0.020
2092.78379 17.196 0.020
2092.78672 17.226 0.021
2092.79427 17.200 0.020
2092.79724 17.245 0.019
2092.80305 17.272 0.024
2092.80598 17.244 0.021
2092.81177 17.238 0.021
2092.81470 17.257 0.021
2092.82695 17.236 0.030
2092.82988 17.279 0.026
2101.54876 17.431 0.022
2101.55169 17.414 0.021
2101.55749 17.432 0.022
2101.56043 17.365 0.019
2101.56621 17.310 0.018
2101.56917 17.298 0.018
2101.57498 17.197 0.016
2101.57793 17.144 0.016
2101.58369 16.965 0.015
2101.58661 16.864 0.013
2101.59244 16.660 0.013
2101.59540 16.602 0.012
2101.60700 16.559 0.011
2101.60995 16.578 0.012
2101.61575 16.581 0.013
2101.61873 16.605 0.011
2101.62456 16.637 0.011
2101.62751 16.672 0.011
2101.63331 16.684 0.012
2101.63626 16.709 0.012
2101.64202 16.738 0.012
2101.64495 16.738 0.012
2101.65141 16.766 0.013
2101.65437 16.782 0.012
2101.66040 16.785 0.013
2101.66334 16.820 0.013
2101.66914 16.820 0.013
2101.67209 16.833 0.013
2101.67790 16.852 0.014
2101.68084 16.864 0.013
2101.68664 16.887 0.015
2101.68958 16.918 0.015
2101.69539 16.922 0.015
2101.69833 16.908 0.014
2101.70706 16.942 0.015
2101.72427 16.954 0.015
2101.73964 17.036 0.016
2101.75527 17.045 0.017
2101.75822 17.078 0.019
2101.76399 17.047 0.019
2101.76695 17.077 0.018
2101.77278 17.053 0.017
2101.77573 17.128 0.017
2101.78151 17.124 0.019
2101.78446 17.136 0.020
2102.53314 17.129 0.014
2102.53609 17.080 0.014
2102.54191 16.892 0.012
2102.54486 16.797 0.011
2102.55249 16.562 0.010
2102.55544 16.541 0.010
2102.56123 16.555 0.010
2102.56419 16.571 0.011
2102.57699 16.631 0.011
2102.57994 16.659 0.011
2102.58575 16.676 0.011
2102.58872 16.694 0.011
2102.59451 16.721 0.012
2102.59745 16.752 0.012
2102.60327 16.765 0.013
2102.60623 16.759 0.012
2102.61202 16.786 0.012
2102.61496 16.812 0.012
2102.62080 16.822 0.013
2102.62375 16.836 0.012
2102.63011 16.841 0.012
2102.63307 16.850 0.012
2102.63888 16.882 0.012
2102.64183 16.875 0.012
2102.64826 16.912 0.013
2102.65119 16.950 0.011
2103.49708 16.862 0.014
2103.50001 16.786 0.012
2103.50580 16.597 0.011
2103.50874 16.540 0.011
2103.51625 16.552 0.011
2103.51923 16.558 0.011
2103.52502 16.569 0.011
2103.52796 16.574 0.010
2103.53378 16.628 0.011
2103.53673 16.640 0.011
2103.54249 16.678 0.011
2103.54544 16.692 0.010
2103.55125 16.701 0.011
2103.55418 16.736 0.011
2103.55995 16.749 0.012
2103.56289 16.764 0.011
2103.57185 16.807 0.011
2103.57481 16.806 0.011
2103.58063 16.816 0.011
2103.58359 16.845 0.011
2103.58938 16.856 0.012
2103.59235 16.850 0.011
2103.59815 16.885 0.011
2103.60111 16.886 0.011
2103.60757 16.894 0.012
2103.61052 16.923 0.010
2103.61633 16.926 0.011
2103.61929 16.949 0.012
2103.62509 16.953 0.012
2103.62804 16.947 0.012
2103.63382 16.973 0.012
2103.63674 16.977 0.011
2103.64312 16.989 0.011
2103.64607 16.987 0.012
2103.65186 17.011 0.013
2103.65481 17.013 0.012
2103.66175 17.044 0.013
2103.66471 17.061 0.013
2103.67058 17.062 0.013
2103.67354 17.070 0.013
2103.67931 17.092 0.014
2103.68224 17.099 0.013
2103.72031 17.175 0.017
2103.72327 17.182 0.016
2103.72909 17.175 0.017
2103.73207 17.208 0.016
2103.74082 17.207 0.017
2103.74662 17.224 0.021
2103.74956 17.237 0.018
2103.75538 17.250 0.018
2103.75834 17.235 0.017
2103.76410 17.225 0.017
2103.76706 17.268 0.016
2103.77285 17.268 0.017
2103.77580 17.278 0.016
2103.78160 17.293 0.018
2103.78454 17.275 0.016
2103.79033 17.288 0.017
2103.79328 17.284 0.015
2105.50333 16.868 0.016
2105.50627 16.858 0.014
2105.51593 16.893 0.016
2105.51998 16.923 0.015
2105.52609 16.923 0.015
2105.52902 16.948 0.015
2105.53482 16.951 0.015
2105.53777 16.960 0.014
2105.54357 16.957 0.015
2105.54651 16.979 0.014
2105.55229 16.969 0.015
2105.55524 16.980 0.015
2105.56351 17.027 0.015
2105.56644 17.005 0.014
2105.57223 17.030 0.014
2105.57518 17.037 0.014
2105.58100 17.046 0.014
2105.58396 17.073 0.013
2105.58972 17.079 0.014
2105.59270 17.092 0.014
2105.59922 17.094 0.014
2105.60219 17.095 0.014
2105.61152 17.115 0.013
2105.61765 17.117 0.014
2105.62059 17.157 0.014
2105.62948 17.154 0.014
2105.63243 17.177 0.013
2105.64029 17.171 0.014
2105.64325 17.191 0.014
2105.64905 17.199 0.015
2105.65200 17.220 0.014
2105.65546 17.230 0.014
2105.66159 17.235 0.015
2105.66455 17.190 0.014
2105.67033 17.246 0.016
2105.67330 17.251 0.015
2105.67909 17.256 0.016
2105.68205 17.259 0.015
2105.68783 17.254 0.016
2105.69079 17.277 0.015
2105.69659 17.266 0.016
2105.69956 17.301 0.015
2105.70535 17.264 0.015
2105.70830 17.302 0.015
2105.71153 17.264 0.016
2105.71445 17.293 0.015
2105.72177 17.285 0.016
2105.72470 17.319 0.016
2105.73048 17.290 0.017
2105.73342 17.326 0.017
2105.73920 17.324 0.018
2105.74216 17.275 0.016
2105.74797 17.291 0.017
2105.75092 17.342 0.017
2105.75671 17.315 0.020
2105.75966 17.331 0.018
2105.76845 17.336 0.018
2105.77758 17.336 0.019
2105.78631 17.370 0.019
2105.79509 17.384 0.023
2105.80391 17.377 0.023
2106.59248 17.190 0.017
2106.59545 17.201 0.016
2106.60210 17.189 0.017
2106.60510 17.222 0.016
2106.61137 17.210 0.017
2106.61431 17.216 0.017
2106.62012 17.235 0.018
2106.62309 17.199 0.018
2106.62888 17.236 0.020
2106.63185 17.269 0.018
2106.63841 17.232 0.018
2106.64136 17.232 0.017
2106.64716 17.247 0.019
2106.65011 17.278 0.018
2106.65593 17.260 0.019
2106.65890 17.280 0.019
2106.66499 17.262 0.017
2106.66795 17.269 0.017
2106.67377 17.243 0.017
2106.67673 17.297 0.017
2106.68251 17.285 0.018
2106.68548 17.260 0.017
2106.69122 17.272 0.019
2106.69416 17.264 0.018
2106.69994 17.298 0.018
2106.70292 17.340 0.018
2106.71833 17.316 0.018
2106.72413 17.305 0.017
2106.72710 17.333 0.017
2106.73287 17.300 0.017
2106.73584 17.339 0.021
2106.74164 17.321 0.019
2106.74459 17.336 0.019
2106.75036 17.331 0.020
2106.75329 17.340 0.021
2106.75910 17.332 0.020
2106.76205 17.363 0.021
2111.50915 17.309 0.020
2111.51213 17.280 0.018
2111.51790 17.303 0.023
2111.52090 17.303 0.020
2111.52667 17.283 0.021
2111.52964 17.307 0.021
2111.53544 17.359 0.026
2111.53837 17.351 0.021
2111.54716 17.369 0.021
2111.55298 17.364 0.023
2111.55592 17.387 0.022
2111.56217 17.367 0.021
2111.56516 17.407 0.022
2111.57097 17.343 0.021
2111.57389 17.355 0.021
2111.57973 17.362 0.022
2111.58270 17.373 0.021
2111.58846 17.322 0.021
2111.59143 17.337 0.021
2111.59724 17.219 0.019
2111.60019 17.185 0.019
2111.60596 17.097 0.016
2111.60890 17.046 0.015
2111.61509 16.949 0.017
2111.61805 16.907 0.017
2111.62443 16.795 0.015
2111.62740 16.741 0.014
2111.63618 16.719 0.015
2111.64197 16.755 0.016
2111.64495 16.738 0.015
2111.65073 16.761 0.015
2111.65372 16.757 0.013
2111.65948 16.750 0.013
2111.66244 16.791 0.013
2111.66868 16.794 0.014
2111.67165 16.816 0.014
2111.68039 16.863 0.014
2111.68915 16.841 0.015
2111.69788 16.896 0.016
2111.70662 16.925 0.015
2111.71539 16.925 0.016
2111.72470 16.931 0.016
2111.73343 16.987 0.019
2111.74216 16.974 0.018
2111.75092 17.034 0.016
2112.50173 17.337 0.021
2112.50470 17.357 0.019
2112.51136 17.385 0.021
2112.51432 17.397 0.020
2112.52438 17.369 0.019
2112.52732 17.372 0.020
2112.53313 17.380 0.020
2112.53610 17.323 0.019
2112.55267 17.192 0.018
2112.55565 17.146 0.017
2112.56142 17.087 0.017
2112.56437 17.052 0.016
2112.57572 16.856 0.014
2112.57867 16.805 0.013
2112.58446 16.761 0.013
2112.58742 16.715 0.011
2112.59775 16.710 0.011
2112.60076 16.703 0.010
2112.60654 16.730 0.011
2112.60949 16.750 0.011
2112.61530 16.737 0.011
2112.61827 16.764 0.011
2112.62402 16.789 0.011
2112.62699 16.791 0.011
2112.63277 16.836 0.012
2112.63574 16.827 0.012
2112.64162 16.833 0.012
2112.64457 16.861 0.011
2112.66347 16.892 0.012
2112.66642 16.913 0.012
2112.67221 16.908 0.012
2112.67518 16.949 0.012
2112.68098 16.926 0.013
2112.68392 16.972 0.013
2112.68971 16.952 0.013
2112.69269 16.974 0.013
2112.69848 16.994 0.014
2112.70281 17.011 0.014
2112.70884 16.981 0.014
2112.71181 17.003 0.014
2112.71761 17.033 0.014
2112.72057 17.047 0.014
2112.72933 17.066 0.014
2112.73812 17.094 0.014
2112.74686 17.097 0.014
2112.75627 17.079 0.014
2113.51288 17.158 0.021
2113.51586 17.135 0.020
2113.52163 17.080 0.021
2113.52462 16.985 0.018
2113.53041 16.936 0.018
2113.53337 16.880 0.017
2113.53970 16.795 0.016
2113.54266 16.786 0.015
2113.54846 16.738 0.014
2113.55143 16.730 0.014
2113.55721 16.712 0.013
2113.56017 16.762 0.013
2113.56594 16.776 0.015
2113.56887 16.761 0.013
2113.57465 16.787 0.015
2113.57759 16.789 0.014
2113.58339 16.806 0.013
2113.58635 16.832 0.013
2113.59266 16.830 0.014
2113.59562 16.813 0.014
2113.60142 16.884 0.018
2113.60437 16.880 0.017
2113.61015 16.866 0.016
2113.61311 16.887 0.015
2113.61922 16.918 0.016
2113.62217 16.884 0.015
2113.62797 16.934 0.016
2113.63092 16.942 0.015
2113.63667 16.954 0.017
2113.63966 16.941 0.016
2113.64622 16.995 0.016
2113.64918 16.954 0.015
2113.65499 16.990 0.018
2113.65796 17.003 0.016
2113.71240 17.093 0.018
2113.71536 17.102 0.017
2113.72115 17.082 0.017
2113.72413 17.102 0.017
2113.73287 17.147 0.019
2113.74161 17.144 0.018
2113.75035 17.153 0.017
2113.75910 17.169 0.020
2113.76831 17.203 0.021
2113.77707 17.233 0.022
2114.69080 17.134 0.018
2114.69378 17.145 0.017
2114.69958 17.118 0.017
2114.70253 17.166 0.019
2114.70833 17.162 0.019
2114.71130 17.181 0.019
2114.71713 17.164 0.018
2114.72011 17.182 0.020
2114.72784 17.204 0.020
2114.73080 17.201 0.019
2114.73760 17.189 0.020
2114.74057 17.182 0.019
2114.74631 17.216 0.021
2114.74929 17.187 0.020
2114.75729 17.206 0.021
2114.76028 17.278 0.023
2114.76608 17.268 0.022
2114.76905 17.250 0.020
2114.77488 17.298 0.021
2114.77785 17.236 0.019
2114.79797 17.282 0.020
2115.55031 16.927 0.018
2115.55328 16.941 0.015
2115.55907 16.972 0.017
2115.56202 16.966 0.016
2115.56942 16.981 0.016
2115.57238 16.995 0.017
2115.58381 17.008 0.017
2115.58678 17.036 0.017
2115.59258 17.008 0.017
2115.59553 17.028 0.016
2115.60130 17.071 0.018
2115.60429 17.050 0.017
2115.61524 17.069 0.020
2115.61819 17.081 0.020
2115.62395 17.075 0.021
2115.62691 17.095 0.020
2115.63275 17.113 0.021
2115.63570 17.121 0.021
2115.64159 17.067 0.018
2115.64683 17.151 0.018
2115.65312 17.122 0.018
2115.65607 17.130 0.018
2115.66184 17.143 0.019
2115.66482 17.136 0.018
2115.67357 17.155 0.019
2115.68229 17.152 0.019
2115.69102 17.199 0.018
2115.69982 17.171 0.018
2115.73419 17.239 0.019
2115.74529 17.265 0.018
2116.50651 16.941 0.017
2116.50948 16.925 0.017
2116.51528 16.965 0.018
2116.51824 17.005 0.019
2116.55956 17.071 0.017
2116.56251 17.062 0.016
2116.56831 17.059 0.017
2116.57128 17.055 0.016
2116.58642 17.099 0.019
2116.58942 17.126 0.019
2116.59806 17.100 0.016
2116.60102 17.134 0.016
2116.60740 17.117 0.016
2116.61037 17.121 0.016
2116.61613 17.133 0.016
2116.61913 17.136 0.016
2116.62494 17.150 0.017
2116.62791 17.165 0.016
2116.63370 17.154 0.017
2116.63666 17.162 0.016
2116.65382 17.163 0.016
2116.65678 17.186 0.016
2116.66549 17.200 0.016
2116.67428 17.185 0.016
2116.68304 17.206 0.016
2116.69181 17.220 0.016
2116.70050 17.224 0.017
2116.70751 17.254 0.017
2116.71048 17.281 0.018
2116.71627 17.265 0.018
2116.71926 17.241 0.017
2116.72506 17.254 0.017
2116.72802 17.290 0.018
2116.73380 17.288 0.018
2116.73677 17.293 0.019
2116.74253 17.272 0.020
2116.74551 17.256 0.019
2116.75461 17.256 0.019
2116.75758 17.267 0.020
2116.76340 17.289 0.020
2116.76637 17.279 0.020
2117.48725 16.995 0.015
2117.49022 16.991 0.014
2117.49606 16.999 0.014
2117.49903 17.028 0.014
2117.50525 17.024 0.014
2117.50819 17.033 0.014
2117.51396 17.021 0.014
2117.51694 17.049 0.013
2117.52271 17.049 0.015
2117.55409 17.079 0.015
2117.55705 17.108 0.015
2117.56282 17.148 0.016
2117.56580 17.121 0.016
2117.57157 17.127 0.016
2117.57455 17.128 0.015
2117.58101 17.132 0.016
2117.58397 17.150 0.016
2117.58977 17.136 0.016
2117.59272 17.167 0.015
2117.59852 17.142 0.015
2117.60149 17.179 0.015
2117.61055 17.181 0.015
2117.61349 17.176 0.015
2117.61931 17.172 0.016
2117.62228 17.184 0.015
2117.62807 17.194 0.016
2117.63103 17.216 0.015
2117.63688 17.196 0.016
2117.63983 17.220 0.016
2117.64561 17.218 0.016
2117.64860 17.269 0.017
2117.65439 17.233 0.017
2117.65736 17.234 0.016
2117.66355 17.235 0.017
2117.66652 17.280 0.018
2117.67237 17.228 0.019
2117.67533 17.255 0.018
2117.68411 17.283 0.019
2117.69288 17.284 0.019
2117.70160 17.261 0.017
2117.70902 17.272 0.018
2117.71197 17.272 0.018
2117.71777 17.277 0.018
2117.72073 17.270 0.018
2117.72652 17.299 0.018
2117.72948 17.284 0.018
2117.73529 17.307 0.019
2117.73827 17.314 0.019
2117.74403 17.297 0.019
2117.74699 17.308 0.019
2117.75272 17.308 0.020
2117.75570 17.323 0.021
2118.49489 17.070 0.017
2118.49786 17.114 0.016
2118.50365 17.058 0.016
2118.50661 17.088 0.016
2118.51242 17.080 0.017
2118.51541 17.090 0.016
2118.52121 17.102 0.017
2118.52417 17.113 0.018
2118.64024 17.244 0.016
2118.64321 17.234 0.015
2118.65295 17.262 0.016
2118.65592 17.262 0.015
2118.66171 17.258 0.017
2118.66467 17.261 0.016
2118.67049 17.279 0.017
2118.67346 17.298 0.019
2118.67924 17.293 0.019
2118.68223 17.302 0.017
2118.68799 17.287 0.018
2118.69095 17.302 0.017
2118.69675 17.254 0.018
2118.70086 17.303 0.017
2118.70692 17.301 0.017
2118.70988 17.300 0.017
2118.71565 17.283 0.018
2118.71863 17.283 0.018
2118.72441 17.313 0.018
2118.72736 17.287 0.020
2118.73321 17.305 0.017
2118.73619 17.308 0.017
2125.63682 16.950 0.020
2125.64150 16.984 0.021
2128.56705 17.101 0.015
2128.57003 17.103 0.015
2131.56377 17.252 0.016
2131.56674 17.288 0.016
2134.66675 16.804 0.015
2134.66975 16.826 0.017
2138.54419 16.949 0.015
2138.54720 16.959 0.016
2143.51767 17.283 0.024
2143.52040 17.275 0.025
2155.64420 16.940 0.023
2155.64720 16.914 0.022
2156.48328 17.275 0.020
2156.48627 17.286 0.023
2158.49164 17.220 0.016
2158.49461 17.166 0.017
2158.53461 16.726 0.012
2158.53762 16.751 0.012
2162.50112 17.092 0.018
2162.50413 17.037 0.016
2168.53590 17.363 0.026
2168.53885 17.362 0.023
2173.49387 17.027 0.021
2173.49686 17.072 0.021
2184.49712 17.048 0.024
2184.50009 17.090 0.022
2194.55176 17.045 0.018
2194.55447 17.038 0.017
2321.87019 17.169 0.022
2321.87307 17.227 0.023
2324.87230 17.346 0.021
2324.87519 17.325 0.020
2341.82879 16.943 0.016
2341.83166 16.963 0.017
2350.84190 16.712 0.012
2350.84477 16.694 0.011
2358.88135 17.390 0.022
2358.88424 17.376 0.019
2370.80960 17.292 0.021
2370.81249 17.307 0.019
2381.80499 17.311 0.019
2381.80789 17.286 0.018
2384.78749 16.993 0.016
2384.79037 16.942 0.014
2388.84731 17.185 0.017
2388.85023 17.199 0.017
2391.68985 17.162 0.027
2391.69275 17.146 0.026
2400.68770 16.966 0.018
2400.69063 16.977 0.015
2402.80267 17.253 0.019
2402.80557 17.237 0.017
2404.83958 17.199 0.017
2404.84251 17.199 0.015
2414.60114 17.039 0.025
2414.61026 17.076 0.025
2414.61966 17.042 0.021
2414.63051 17.089 0.023
2414.64075 17.107 0.024
2414.65895 17.133 0.023
2414.66939 17.163 0.025
2414.67833 17.166 0.022
2414.68729 17.220 0.021
2414.69635 17.204 0.020
2414.70973 17.228 0.021
2414.72089 17.233 0.019
2414.73163 17.244 0.018
2414.74051 17.223 0.017
2414.74957 17.242 0.017
2414.75861 17.245 0.017
2414.76761 17.237 0.018
2414.77468 17.271 0.018
2414.78359 17.270 0.019
2414.79318 17.271 0.018
2414.80206 17.266 0.020
2414.81130 17.302 0.022
2414.82196 17.294 0.020
2414.83112 17.310 0.020
2414.84152 17.333 0.020
2414.85062 17.353 0.019
2414.85854 17.361 0.019
2414.86148 17.378 0.018
2414.86843 17.409 0.021
2414.87750 17.430 0.023
2414.88637 17.405 0.022
2414.89911 17.370 0.023
2414.91050 17.282 0.022
2414.92833 16.987 0.021
2414.93245 16.963 0.018
2414.93571 16.904 0.018
2414.93936 16.858 0.019
2415.72058 17.255 0.023
2415.72351 17.278 0.020
2416.74275 17.332 0.020
2416.74571 17.330 0.019
2417.59416 17.262 0.031
2417.61864 17.328 0.032
2417.63944 17.291 0.026
2417.64895 17.284 0.024
2417.65788 17.303 0.024
2417.66801 17.318 0.023
2417.67719 17.322 0.024
2417.68690 17.268 0.024
2417.69591 17.353 0.024
2417.70656 17.330 0.023
2417.71834 17.371 0.023
2417.72128 17.371 0.021
2417.72735 17.381 0.022
2417.73632 17.421 0.024
2417.74846 17.420 0.023
2417.75736 17.433 0.025
2417.76685 17.440 0.025
2417.77609 17.356 0.022
2417.78508 17.265 0.020
2417.79456 17.073 0.019
2417.80393 16.874 0.017
2417.81463 16.649 0.014
2417.82346 16.626 0.013
2417.83232 16.650 0.014
2417.84120 16.689 0.014
2417.85268 16.719 0.014
2417.86163 16.751 0.014
2417.87075 16.783 0.014
2417.88301 16.815 0.015
2417.89203 16.856 0.016
2417.91857 16.948 0.020
2417.92197 16.952 0.023
2424.76068 17.269 0.033
2424.76361 17.240 0.033
2426.57757 17.127 0.024
2426.59343 17.108 0.018
2426.60264 17.112 0.020
2426.61593 17.153 0.019
2426.62504 17.158 0.019
2426.63397 17.157 0.021
2426.64427 17.194 0.020
2426.65339 17.218 0.019
2426.66260 17.222 0.019
2426.67194 17.255 0.020
2426.67492 17.240 0.017
2426.68175 17.239 0.019
2426.69063 17.251 0.019
2426.70066 17.267 0.018
2426.71069 17.248 0.018
2426.71985 17.280 0.020
2431.80628 16.994 0.014
2431.80926 17.008 0.012
2433.73344 17.026 0.016
2433.73642 17.037 0.015
2434.80649 17.206 0.017
2434.80945 17.216 0.016
2436.57924 17.007 0.016
2436.58220 17.015 0.016
2438.61141 17.158 0.018
2438.61435 17.184 0.017
2440.59264 17.219 0.018
2440.59561 17.250 0.018
2442.61073 17.337 0.020
2442.61343 17.359 0.018
2444.70336 16.932 0.017
2444.70605 16.953 0.017
2446.63790 16.958 0.016
2446.64060 16.974 0.015
2448.52439 16.904 0.029
2448.52739 16.916 0.025
2448.54209 16.993 0.030
2448.55101 16.987 0.030
2448.55993 16.972 0.029
2448.57055 17.013 0.036
2448.57749 17.034 0.036
2448.58634 17.040 0.031
2448.59540 17.111 0.045
2448.60443 17.055 0.041
2448.61341 17.129 0.042
2448.62353 17.066 0.039
2448.63245 17.156 0.042
2448.64146 17.163 0.044
2448.65030 17.191 0.044
2448.66042 17.196 0.023
2448.66940 17.219 0.020
2448.67825 17.250 0.036
2448.68709 17.235 0.033
2448.69719 17.257 0.025
2448.70601 17.177 0.047
2448.71735 17.270 0.053
2448.72641 17.281 0.055
2448.73551 17.227 0.051
2448.74441 17.236 0.062
2448.75631 17.152 0.057
2448.83606 17.319 0.080
2453.73371 16.719 0.016
2453.73666 16.728 0.013
2454.52468 17.312 0.025
2454.54857 17.349 0.021
2454.55753 17.372 0.020
2454.56649 17.392 0.019
2454.57719 17.398 0.019
2454.58607 17.436 0.020
2454.59489 17.416 0.019
2454.60383 17.382 0.020
2454.61282 17.365 0.020
2454.63062 17.064 0.016
2454.63966 16.702 0.012
2454.64861 16.544 0.011
2454.65908 16.559 0.011
2454.66821 16.608 0.011
2454.67707 16.659 0.013
2454.68680 16.716 0.012
2454.69653 16.761 0.013
2454.70534 16.778 0.013
2454.71600 16.820 0.013
2454.72492 16.834 0.013
2454.73382 16.884 0.014
2454.74292 16.889 0.014
2454.75346 16.928 0.014
2454.76228 16.966 0.015
2454.77109 16.940 0.017
2454.78464 16.970 0.020
2458.73095 17.254 0.020
2458.73393 17.256 0.019
2462.71975 17.338 0.017
2462.72273 17.325 0.016
2463.81682 16.922 0.014
2463.81981 16.946 0.013
2465.46506 17.222 0.029
2465.47403 17.195 0.024
2465.48323 17.230 0.023
2465.49219 17.303 0.025
2465.50123 17.251 0.021
2465.52029 17.289 0.021
2465.52943 17.304 0.022
2465.53950 17.289 0.020
2465.54849 17.298 0.020
2465.55750 17.329 0.020
2465.56646 17.323 0.020
2465.58092 17.282 0.018
2465.58996 17.266 0.019
2465.59921 17.228 0.017
2465.60827 17.149 0.016
2465.61861 17.043 0.015
2465.62822 16.921 0.014
2465.63796 16.843 0.013
2465.64795 16.800 0.012
2465.65723 16.804 0.013
2465.66613 16.797 0.013
2465.67597 16.838 0.013
2465.68492 16.846 0.013
2465.69394 16.867 0.013
2465.70298 16.881 0.014
2465.71217 16.897 0.014
2465.72139 16.934 0.014
2465.73042 16.946 0.015
2465.74066 16.968 0.014
2465.74963 16.981 0.014
2465.75867 16.987 0.014
2465.76553 17.009 0.019
2465.77452 17.037 0.019
2465.78593 17.051 0.019
2465.79477 17.046 0.020
2465.80367 17.081 0.018
2465.81278 17.100 0.020
2465.82251 17.100 0.021
2465.83147 17.110 0.019
2465.84248 17.136 0.020
2466.46291 17.295 0.027
2466.47175 17.256 0.021
2466.48065 17.303 0.020
2466.48963 17.292 0.018
2466.50234 17.309 0.018
2466.51152 17.324 0.019
2466.52054 17.347 0.020
2466.52952 17.299 0.018
2466.53998 17.291 0.017
2466.54915 17.216 0.017
2466.55848 17.160 0.015
2466.56215 17.132 0.015
2466.56808 17.087 0.014
2466.57700 16.972 0.014
2466.58895 16.885 0.013
2466.59889 16.844 0.013
2466.60791 16.826 0.012
2466.61675 16.808 0.012
2466.71596 17.001 0.015
2466.72507 17.016 0.016
2466.73407 17.056 0.017
2466.74332 17.070 0.018
2466.74680 17.050 0.020
2466.74979 17.090 0.019
2466.75931 17.081 0.018
2466.76807 17.090 0.017
2466.77743 17.101 0.017
2466.79001 17.108 0.018
2466.79904 17.139 0.020
2466.80971 17.147 0.018
2466.81862 17.160 0.021
2466.82854 17.167 0.021
2466.83737 17.172 0.020
2466.84634 17.195 0.024
2468.46189 17.262 0.035
2470.46218 16.853 0.023
2470.46516 16.839 0.019
2470.47159 16.869 0.019
2470.48048 16.841 0.018
2470.49118 16.894 0.022
2470.50450 16.910 0.017
2470.51117 16.935 0.019
2470.52037 16.925 0.017
2470.53036 16.954 0.016
2470.53943 16.996 0.018
2470.54885 17.013 0.016
2470.55772 17.021 0.016
2470.57682 17.057 0.016
2470.58566 17.049 0.016
2470.59471 17.074 0.017
2470.60381 17.081 0.018
2470.61281 17.111 0.017
2470.62319 17.112 0.017
2470.63210 17.141 0.018
2470.64490 17.146 0.017
2470.66016 17.175 0.017
2470.66917 17.184 0.017
2470.67802 17.187 0.017
2470.68699 17.206 0.017
2470.69891 17.206 0.016
2470.70799 17.199 0.016
2470.71789 17.229 0.017
2470.72671 17.239 0.017
2470.73628 17.233 0.017
2470.74526 17.247 0.019
2470.75439 17.260 0.019
2470.76331 17.239 0.018
2470.77287 17.268 0.019
2470.78205 17.267 0.018
2470.79136 17.283 0.020
2470.80406 17.285 0.020
2470.81323 17.279 0.021
2470.82245 17.323 0.025
2472.67213 17.233 0.015
2472.68097 17.264 0.016
2472.69128 17.279 0.016
2472.70023 17.288 0.016
2472.70912 17.282 0.016
2472.71931 17.301 0.016
2472.73262 17.296 0.017
2472.74220 17.308 0.016
2472.75127 17.312 0.019
2472.76016 17.342 0.017
2472.76991 17.239 0.015
2474.46247 17.103 0.024
2474.46546 17.111 0.021
2474.47380 17.119 0.023
2474.48269 17.090 0.033
2474.61134 17.284 0.020
2474.62067 17.276 0.018
2474.62972 17.301 0.020
2474.63908 17.314 0.020
2474.64919 17.362 0.020
2474.65834 17.330 0.020
2474.66747 17.345 0.021
2474.67784 17.355 0.021
2474.68692 17.326 0.021
2474.69752 17.246 0.018
2474.70637 17.137 0.019
2482.61915 17.200 0.022
2482.62214 17.224 0.020
2485.62915 17.325 0.024
2485.63215 17.333 0.022
2489.70001 17.019 0.015
2489.70299 17.017 0.014
2492.64469 17.171 0.017
2492.64767 17.170 0.016
2494.69903 17.229 0.018
2494.70205 17.247 0.017
2497.50157 17.232 0.019
2497.50460 17.230 0.018
2499.53738 17.289 0.018
2499.54039 17.288 0.017
2501.56513 16.873 0.014
2501.56811 16.856 0.013
2503.48859 16.895 0.040
2503.49162 16.882 0.031
2511.54530 17.255 0.024
2511.54830 17.213 0.020
2521.51374 17.353 0.020
2521.51672 17.364 0.019
2526.54389 17.075 0.016
2526.54693 17.044 0.015
2537.47505 16.918 0.024
2537.47811 16.889 0.020
2540.49166 17.137 0.023
2540.49470 17.169 0.022
2546.50226 16.606 0.014
2546.50525 16.592 0.012
2550.48040 17.082 0.028
2550.48652 17.081 0.019
2554.55539 17.418 0.024
2554.55841 17.410 0.021
2558.49192 16.813 0.019
2558.49496 16.846 0.017
2565.48480 17.250 0.041
2565.48782 17.318 0.034
2693.88926 16.900 0.016
2693.89219 16.887 0.015
2698.88723 17.243 0.019
2698.89013 17.222 0.017
2711.87027 17.329 0.018
2721.77936 17.159 0.037
2721.79719 17.128 0.039
2721.81312 17.203 0.040
2721.83541 17.216 0.046
2721.84737 17.239 0.042
2721.86303 17.226 0.042
2721.87771 17.302 0.047
2721.88060 17.306 0.038
2721.90102 17.288 0.039
2721.91165 17.207 0.038
2721.92050 17.301 0.048
2730.89105 17.157 0.016
2743.76745 17.117 0.017
2743.77029 17.111 0.016
2748.78598 17.396 0.023
2748.78884 17.359 0.023
2755.77588 17.189 0.017
2755.77874 17.180 0.015
2758.92729 16.838 0.017
2758.93016 16.820 0.017
2765.78399 17.112 0.016
2765.78688 17.131 0.016
2769.76862 17.401 0.022
2769.77149 17.362 0.017
2782.70485 17.326 0.020
2782.71004 17.362 0.024
2784.69609 17.067 0.014
2784.69899 17.015 0.013
2786.58164 17.258 0.028
2786.58455 17.243 0.027
2788.68346 17.018 0.015
2788.68634 17.022 0.014
2790.78856 17.266 0.018
2790.79144 17.263 0.018
2792.52842 17.074 0.023
2794.55196 17.220 0.029
2794.55466 17.206 0.026
2796.56046 17.278 0.019
2796.56337 17.284 0.018
2802.55533 17.022 0.029
2802.55824 16.997 0.023
2808.62355 17.104 0.017
2808.63079 16.787 0.014
2810.56612 16.598 0.013
2810.56903 16.601 0.012
2812.56799 16.932 0.018
2812.57090 16.936 0.015
2813.81172 17.334 0.020
2813.81465 17.373 0.020
2815.59032 17.226 0.018
2815.59325 17.215 0.017
2816.65576 17.294 0.017
2817.77043 16.819 0.014
2817.77333 16.821 0.014
2818.66527 17.009 0.015
2819.75935 17.000 0.018
2819.76228 16.996 0.016
2821.65763 16.957 0.017
2826.64829 17.209 0.018
2826.65119 17.182 0.019
2830.77849 16.990 0.020
2830.78143 16.982 0.019
2835.47491 16.681 0.017
2835.47782 16.722 0.017
2837.49370 17.052 0.019
2837.49663 17.060 0.020
2838.72418 17.452 0.022
2838.72714 17.410 0.020
2840.49577 17.322 0.023
2840.49871 17.300 0.022
2842.53224 17.419 0.023
2842.53514 17.427 0.022
2844.60836 16.928 0.014
2844.61128 16.897 0.013
2848.53607 17.163 0.027
2848.54648 17.179 0.023
2851.53080 17.267 0.019
2851.53374 17.256 0.019
2853.52865 17.276 0.021
2853.53159 17.289 0.020
2853.54060 17.293 0.021
2853.57767 17.115 0.016
2854.47799 17.292 0.024
2854.49041 17.271 0.024
2854.51895 17.200 0.020
2854.53985 17.108 0.017
2854.56145 16.913 0.015
2854.58118 16.827 0.015
2854.61779 16.851 0.018
2854.63296 16.869 0.017
2854.64531 16.915 0.016
2854.66402 16.968 0.019
2854.68446 17.027 0.019
2854.70532 17.022 0.022
2854.72477 17.078 0.022
2854.73730 17.110 0.023
2854.75157 17.109 0.023
2854.75453 17.126 0.020
2854.78219 17.161 0.027
2855.52631 16.901 0.019
2855.54818 16.833 0.015
2855.57011 16.848 0.016
2855.60741 16.923 0.019
2855.65903 17.061 0.022
2856.49445 16.848 0.017
2856.58183 16.931 0.015
2856.66539 17.095 0.018
2857.48826 16.861 0.018
2857.71452 17.226 0.020
2857.71747 17.228 0.020
2858.46566 16.884 0.023
2862.49084 17.226 0.025
2862.49376 17.237 0.026
2864.49781 17.303 0.026
2864.50077 17.309 0.027
2865.55629 17.100 0.016
2865.58847 16.584 0.011
2866.64757 16.969 0.017
2867.65300 17.071 0.017
2867.65598 17.095 0.018
2867.69807 17.166 0.016
2867.71936 17.210 0.019
2867.72930 17.266 0.021
2867.73251 17.255 0.020
2867.73556 17.243 0.021
2867.73861 17.228 0.020
2868.51132 16.831 0.014
2868.51429 16.838 0.013
2869.58563 17.131 0.018
2869.58857 17.112 0.016
2871.47390 17.068 0.019
2871.47684 17.066 0.017
2871.51151 17.157 0.017
2871.52781 17.188 0.017
2871.54698 17.210 0.016
2871.55026 17.221 0.017
2871.55365 17.226 0.016
2871.55700 17.254 0.017
2871.56044 17.258 0.018
2871.56414 17.234 0.017
2871.56803 17.274 0.017
2871.57980 17.262 0.017
2871.58743 17.298 0.018
2871.59090 17.276 0.017
2871.59428 17.291 0.017
2871.59764 17.290 0.017
2871.60093 17.275 0.017
2871.60426 17.286 0.017
2871.60748 17.289 0.017
2871.61118 17.277 0.017
2871.61585 17.319 0.018
2871.63049 17.312 0.018
2871.71129 17.391 0.020
2872.50170 17.240 0.019
2872.67540 17.398 0.017
2872.70262 17.425 0.019
2874.57627 17.383 0.019
2875.53658 17.376 0.018
2875.61249 16.639 0.015
2875.61544 16.619 0.013
2875.69346 16.877 0.016
2876.49411 17.419 0.021
2876.65169 16.899 0.013
2877.52165 16.748 0.014
2877.64804 16.997 0.017
2877.65100 17.001 0.015
2878.49816 16.694 0.012
2878.56930 16.902 0.013
2879.55036 16.968 0.016
2879.55333 16.975 0.015
2880.70010 17.244 0.021
2881.65634 17.280 0.016
2882.50044 17.126 0.018
2883.58619 17.239 0.016
2884.47335 17.212 0.026
2884.47633 17.243 0.023
2892.50218 17.018 0.019
2892.51419 17.035 0.020
2896.57802 17.382 0.020
2896.58101 17.368 0.019
2899.60146 16.805 0.011
2899.60441 16.781 0.012
2905.54135 17.247 0.024
2905.54431 17.290 0.025
2909.51216 17.398 0.023
2909.51514 17.419 0.025
2912.53477 16.931 0.016
2912.53773 16.953 0.015
2921.59534 16.865 0.022
2921.59831 16.844 0.020
2926.56257 17.149 0.019
2926.56551 17.180 0.020
3040.88078 17.144 0.024
3040.88363 17.162 0.027
3044.85536 17.277 0.028
3044.85820 17.265 0.023
3046.86528 16.974 0.019
3046.86814 16.959 0.017
3047.85403 16.860 0.016
3047.85686 16.861 0.013
3055.87169 17.327 0.020
3055.87452 17.357 0.019
3058.88993 16.779 0.013
3058.89269 16.781 0.012
3064.81044 17.186 0.024
3064.81324 17.246 0.022
3067.88390 17.234 0.015
3070.84543 16.861 0.017
3070.84819 16.874 0.015
3070.89257 16.962 0.014
3071.87693 17.011 0.015
3073.80092 17.043 0.018
3075.83947 17.183 0.019
3075.84225 17.192 0.017
3079.88409 16.904 0.015
3079.88686 16.889 0.016
3082.85735 16.944 0.013
3082.86016 16.962 0.014
3084.89668 17.183 0.014
3086.82903 17.210 0.014
3086.83181 17.213 0.015
3088.78653 17.270 0.015
3088.78930 17.287 0.015
3089.89577 17.336 0.016
3089.89856 17.363 0.018
3091.81595 17.303 0.017
3091.81875 17.278 0.016
3096.85406 17.174 0.017
3096.85686 17.203 0.019
3098.83457 17.270 0.016
3098.83736 17.265 0.016
3100.79506 17.254 0.018
3100.79783 17.286 0.017
3101.90156 16.749 0.012
3101.90434 16.755 0.013
3103.76632 17.081 0.016
3103.76910 17.052 0.015
3104.88084 17.040 0.035
3104.88363 16.996 0.030
3108.75891 17.101 0.015
3108.76167 17.102 0.014
3109.79382 17.191 0.016
3109.79661 17.166 0.015
3110.82546 17.250 0.016
3110.82828 17.244 0.016
3111.85665 17.331 0.016
3112.77429 17.279 0.016
3112.77709 17.273 0.016
3113.86407 16.852 0.012
3113.86686 16.848 0.012
3114.77560 17.153 0.015
3114.77838 17.125 0.015
3115.85666 16.899 0.012
3115.86120 16.928 0.013
3116.91449 17.098 0.016
3116.91732 17.131 0.016
3118.91822 17.232 0.017
3122.90162 17.426 0.023
3122.90439 17.429 0.023
3125.86188 16.802 0.015
3125.86465 16.793 0.014
3126.89027 17.008 0.015
3127.79298 16.869 0.014
3127.79578 16.890 0.014
3128.81136 17.010 0.014
3128.81415 17.013 0.015
3130.68937 16.921 0.016
3130.69216 16.954 0.017
3135.85426 16.770 0.012
3137.92972 17.063 0.016
3137.93253 17.076 0.016
3138.69243 17.026 0.016
3138.69522 17.002 0.016
3139.86373 17.111 0.014
3139.86654 17.098 0.014
3140.86946 17.164 0.016
3140.87225 17.198 0.017
3140.90258 17.211 0.017
3142.75778 17.123 0.015
3142.76055 17.124 0.015
3144.77868 17.239 0.016
3144.78149 17.199 0.017
3146.77847 17.356 0.018
3146.78130 17.367 0.020
3151.74126 16.898 0.014
3151.74408 16.918 0.015
3151.89394 17.233 0.021
3151.89676 17.250 0.019
3152.74455 17.027 0.015
3152.74737 17.047 0.016
3153.74930 17.142 0.018
3153.75212 17.137 0.018
3154.81079 17.307 0.021
3154.81363 17.285 0.021
3156.83051 17.397 0.021
3156.83333 17.415 0.021
3158.90120 16.916 0.022
3158.90401 16.892 0.020
3162.80550 17.084 0.017
3162.80832 17.081 0.017
3163.61482 16.703 0.012
3164.72710 17.123 0.015
3164.72995 17.059 0.015
3165.74794 17.211 0.014
3165.75076 17.207 0.014
3166.89306 17.324 0.028
3166.89589 17.288 0.025
3167.74593 17.258 0.018
3167.74876 17.278 0.021
3168.74111 17.291 0.016
3168.74394 17.260 0.017
3169.71700 17.348 0.018
3169.71984 17.301 0.018
3170.79455 16.828 0.012
3170.79736 16.827 0.011
3171.81721 16.962 0.012
3171.82006 16.945 0.012
3172.74423 16.906 0.011
3172.74707 16.913 0.012
3174.70053 16.966 0.012
3175.71047 17.036 0.013
3177.75044 17.243 0.023
3178.77418 17.285 0.015
3178.77701 17.302 0.016
3179.78392 17.367 0.018
3179.78676 17.378 0.018
3180.71227 17.282 0.014
3182.76372 16.704 0.011
3182.76659 16.728 0.012
3183.73236 16.726 0.012
3183.73524 16.739 0.012
3184.69020 16.738 0.010
3184.69303 16.738 0.011
3185.74282 16.983 0.015
3185.74569 17.013 0.015
3185.76592 17.036 0.016
3185.79186 17.110 0.016
3185.82991 17.181 0.016
3185.85790 17.277 0.019
3185.87937 17.245 0.021
3186.62474 16.799 0.015
3190.63676 17.274 0.020
3191.77823 17.443 0.023
3193.52836 17.230 0.018
3194.58705 17.387 0.023
3194.58989 17.306 0.021
3195.63433 16.745 0.011
3195.63717 16.676 0.010
3195.79202 17.052 0.014
3195.79485 17.060 0.014
3196.53745 17.390 0.021
3197.50497 17.368 0.018
3197.50783 17.312 0.017
3199.61473 17.057 0.016
3199.61760 17.047 0.015
3201.50657 16.999 0.015
3201.50944 16.994 0.013
3202.47390 17.048 0.018
3202.52602 17.084 0.014
3202.56101 17.139 0.015
3202.63017 17.257 0.018
3202.75567 17.271 0.018
3202.79234 17.004 0.015
3202.82853 16.844 0.017
3203.46962 17.109 0.018
3203.65048 17.296 0.016
3204.64375 17.319 0.016
3204.64660 17.310 0.016
3205.75522 16.892 0.013
3205.76688 16.915 0.013
3206.70935 16.889 0.013
3206.71223 16.891 0.013
3207.65791 16.855 0.013
3207.66076 16.845 0.014
3209.70296 17.082 0.015
3209.70588 17.028 0.013
3210.53672 16.847 0.014
3210.53961 16.846 0.015
3210.64614 17.044 0.016
3210.73364 17.219 0.021
3211.48856 16.812 0.013
3211.57520 17.013 0.015
3211.57807 17.002 0.015
3211.69245 17.224 0.019
3217.46637 17.246 0.022
3217.47623 17.278 0.020
3217.64378 16.944 0.014
3218.64209 16.698 0.014
3218.64498 16.672 0.013
3219.59333 16.636 0.015
3223.64335 17.304 0.024
3223.64623 17.264 0.024
3224.68887 17.344 0.019
3226.60618 17.308 0.021
3228.59258 17.381 0.018
3228.59549 17.380 0.020
3229.62508 16.710 0.011
3229.62796 16.737 0.012
3230.65867 16.942 0.013
3231.56199 16.819 0.013
3231.56488 16.853 0.014
3232.58990 17.013 0.018
3238.61386 17.291 0.019
3238.65420 17.220 0.020
3239.68974 16.852 0.016
3239.69262 16.821 0.015
3240.67085 16.858 0.018
3240.67375 16.896 0.017
3245.54564 17.008 0.016
3245.54852 17.032 0.014
3246.64934 17.267 0.022
3246.65224 17.307 0.021
3247.61549 17.272 0.020
3247.61839 17.240 0.020
3249.51743 17.311 0.020
3249.52031 17.259 0.019
3250.65018 16.974 0.018
3250.65307 16.888 0.015
3251.49826 17.353 0.021
3251.59855 17.182 0.015
3251.64976 16.666 0.012
3253.51445 17.099 0.019
3253.51737 17.002 0.015
3256.62725 17.212 0.020
3256.63014 17.246 0.021
3259.61406 17.316 0.022
3259.61960 17.306 0.021
3264.52422 16.809 0.014
3264.52709 16.823 0.014
3267.52331 17.019 0.015
3267.52620 17.007 0.017
3272.57873 17.333 0.022
3272.58162 17.337 0.022
3275.56167 16.755 0.015
3275.56458 16.775 0.016
3278.59060 17.099 0.019
3278.59349 17.084 0.018
3281.58952 17.298 0.016
3281.60025 17.227 0.014
3288.53718 16.856 0.011
3288.54008 16.866 0.011
3293.50776 17.215 0.015
3293.51065 17.214 0.014
3295.51795 17.307 0.014
3295.52085 17.294 0.014
3305.54167 17.292 0.022
3307.54072 17.426 0.037
3309.51660 16.644 0.014
3310.52622 16.862 0.017
3314.50671 17.204 0.029
3314.51011 17.173 0.028
3408.88185 17.323 0.020
3408.88462 17.292 0.019
3410.87793 17.447 0.023
3410.88473 17.392 0.022
3413.88277 16.901 0.016
3413.88556 16.914 0.015
3421.88901 17.099 0.013
3421.89178 17.018 0.012
3422.85895 16.846 0.015
3422.86168 16.774 0.012
3426.85454 17.081 0.016
3426.85731 17.063 0.015
3429.82767 17.226 0.022
3429.83041 17.164 0.021
3432.87996 17.248 0.024
3432.88273 17.245 0.018
3442.88236 17.382 0.017
3442.88513 17.415 0.018
3445.79519 17.420 0.017
3445.79797 17.454 0.016
3447.84580 16.895 0.013
3447.84859 16.886 0.013
3449.85843 17.136 0.014
3449.86122 17.165 0.017
3452.87903 17.298 0.015
3455.81331 17.327 0.021
3455.81607 17.278 0.019
3457.84678 16.876 0.012
3459.84196 17.035 0.014
3467.87187 16.748 0.011
3469.77775 16.692 0.010
3469.78051 16.657 0.010
3470.79072 16.814 0.012
3470.79348 16.835 0.011
3472.75314 16.967 0.013
3472.75591 16.963 0.013
3473.77293 17.097 0.014
3473.77571 17.105 0.015
3474.76957 17.207 0.017
3474.77237 17.182 0.016
3475.79515 17.268 0.016
3477.75700 17.309 0.016
3477.75977 17.332 0.016
3479.75583 17.447 0.016
3479.75860 17.484 0.015
3480.71598 17.434 0.017
3480.71874 17.421 0.016
3481.73390 16.659 0.012
3481.73667 16.661 0.010
3482.67623 16.650 0.013
3482.67900 16.619 0.011
3496.71345 17.042 0.014
3496.71626 17.032 0.013
3497.78498 17.247 0.020
3497.78781 17.236 0.019
3498.90661 17.222 0.016
3498.91109 17.181 0.017
3499.85612 17.316 0.015
3499.85893 17.338 0.015
3500.72233 17.336 0.018
3500.72514 17.297 0.016
3501.81875 16.727 0.011
3501.82158 16.700 0.009
3502.71460 17.477 0.017
3502.71742 17.435 0.016
3503.68379 17.422 0.017
3503.68661 17.387 0.015
3504.69854 16.635 0.011
3504.70133 16.649 0.011
3506.74234 17.031 0.012
3506.74514 17.056 0.014
3508.74653 17.240 0.017
3508.74935 17.208 0.016
3509.72500 17.278 0.015
3509.72782 17.263 0.015
3510.79482 17.334 0.017
3510.79760 17.358 0.017
3511.83394 17.126 0.015
3511.83673 17.020 0.013
3512.70311 17.333 0.021
3512.70641 17.293 0.018
3517.67944 16.929 0.018
3517.68222 16.914 0.017
3520.75467 17.227 0.018
3520.75750 17.255 0.017
3521.71188 17.255 0.015
3521.71471 17.238 0.013
3522.73992 17.254 0.014
3522.74274 17.274 0.013
3522.93112 16.932 0.015
3522.93395 16.945 0.014
3523.74441 17.270 0.014
3523.74723 17.263 0.013
3524.88960 17.044 0.016
3524.89241 17.006 0.016
3525.74278 16.861 0.011
3525.74562 16.854 0.011
3526.74625 16.913 0.012
3526.74905 16.888 0.013
3528.66711 16.872 0.012
3528.66990 16.887 0.011
3529.68946 17.030 0.010
3529.69227 16.941 0.009
3530.60453 16.919 0.012
3530.60734 16.916 0.011
3537.73536 16.743 0.010
3537.73817 16.726 0.010
3538.55386 17.327 0.019
3538.60102 17.422 0.020
3538.60666 17.411 0.017
3538.63175 16.945 0.012
3538.68725 16.707 0.010
3538.73637 16.889 0.011
3538.78384 17.025 0.013
3538.81495 17.094 0.013
3538.84381 17.173 0.015
3538.87524 17.206 0.018
3538.90769 17.228 0.021
3539.51083 17.364 0.025
3539.53042 17.502 0.029
3539.56304 17.404 0.020
3539.60989 16.553 0.011
3539.68199 16.847 0.012
3539.73745 17.010 0.012
3539.80860 17.229 0.014
3540.51620 17.489 0.028
3540.61626 16.787 0.012
3540.64718 16.912 0.013
3540.73621 17.148 0.020
3540.83437 17.327 0.022
3541.63152 16.988 0.015
3541.78057 17.310 0.017
3542.56565 16.883 0.015
3542.83831 17.369 0.036
3544.61196 17.218 0.022
3544.72217 17.327 0.018
3544.72499 17.273 0.018
3546.84126 16.880 0.018
3546.84410 16.847 0.018
3547.80554 16.875 0.015
3547.80836 16.891 0.016
3549.84020 17.149 0.017
3549.84801 17.173 0.020
3550.62918 16.788 0.012
3550.63202 16.759 0.012
3551.62841 16.890 0.010
3551.63161 16.941 0.010
3552.66286 17.046 0.013
3552.66733 17.071 0.013
3553.71453 17.182 0.019
3553.71738 17.228 0.018
3554.64982 17.170 0.019
3554.65271 17.195 0.017
3555.66194 17.194 0.015
3555.66479 17.230 0.016
3556.66970 17.228 0.015
3556.67254 17.233 0.015
3558.52450 17.197 0.017
3558.52735 17.223 0.017
3558.82324 16.914 0.015
3558.82609 16.972 0.014
3559.69317 16.908 0.012
3560.59450 17.301 0.016
3560.59735 17.313 0.015
3561.54228 17.341 0.018
3561.54511 17.313 0.016
3562.58293 16.867 0.014
3563.63361 16.967 0.012
3564.57139 16.899 0.014
3564.57425 16.905 0.014
3569.55961 17.236 0.021
3572.81223 17.149 0.025
3572.81507 17.194 0.027
3573.64318 16.828 0.014
3573.64605 16.895 0.015
3574.68309 17.074 0.015
3574.68595 17.128 0.015
3575.53058 16.785 0.011
3575.53344 16.776 0.010
3575.76719 17.337 0.019
3575.77005 17.314 0.017
3576.47399 16.730 0.012
3576.50563 16.845 0.012
3576.52929 16.908 0.012
3576.53553 16.924 0.012
3576.56937 17.032 0.014
3576.59549 17.080 0.017
3576.62253 17.144 0.015
3576.65195 17.209 0.015
3576.68449 17.254 0.018
3576.68735 17.241 0.018
3576.73632 17.288 0.018
3577.52434 17.008 0.013
3577.58460 17.153 0.015
3577.58745 17.119 0.016
3577.63169 17.207 0.015
3577.70998 17.326 0.016
3578.47803 16.998 0.013
3578.55518 17.176 0.014
3578.66918 17.274 0.016
3578.67206 17.291 0.015
3579.61462 17.273 0.015
3579.61750 17.268 0.015
3580.47338 17.164 0.018
3580.61533 17.276 0.016
3580.64784 17.355 0.016
3580.65072 17.357 0.017
3580.73281 16.736 0.015
3580.77667 16.818 0.018
3581.48375 17.238 0.019
3581.55874 17.271 0.017
3581.66775 17.085 0.013
3581.67061 17.007 0.012
3581.75638 16.888 0.017
3582.46531 17.239 0.026
3582.58673 17.341 0.015
3582.63955 16.879 0.012
3582.64244 16.847 0.011
3583.46339 17.329 0.030
3583.63000 16.778 0.011
3583.63288 16.792 0.011
3583.74987 17.093 0.019
3583.75281 17.003 0.015
3583.76998 17.076 0.020
3584.63869 16.876 0.011
3584.64156 16.884 0.011
3584.75330 17.138 0.016
3584.75615 17.106 0.015
3585.62900 16.958 0.012
3585.63187 16.980 0.012
3585.77460 17.170 0.015
3586.46947 16.905 0.014
3586.56846 16.924 0.011
3586.67493 17.098 0.012
3586.71410 17.127 0.013
3586.71697 17.153 0.012
3587.59338 17.072 0.018
3587.64873 17.157 0.017
3587.71438 17.222 0.018
3588.55798 17.080 0.012
3589.49306 17.076 0.013
3589.54506 17.082 0.012
3589.66765 17.237 0.014
3589.67054 17.215 0.013
3589.69740 17.243 0.014
3590.65160 17.272 0.015
3590.65448 17.269 0.014
3591.49752 17.180 0.015
3591.54072 17.197 0.013
3591.64564 17.270 0.014
3591.67514 17.321 0.014
3591.67802 17.301 0.014
3591.75825 16.843 0.012
3592.75108 16.837 0.013
3592.75423 16.874 0.012
3593.74208 16.893 0.015
3593.74495 16.888 0.013
3594.70429 16.890 0.014
3594.70716 16.900 0.014
3601.65283 17.305 0.018
3601.65572 17.337 0.018
3601.72213 17.392 0.021
3602.61344 17.294 0.017
3602.61631 17.307 0.017
3603.63343 17.419 0.020
3603.63634 17.386 0.019
3607.63181 16.920 0.012
3607.63470 16.962 0.013
3608.64715 17.088 0.015
3608.65006 17.054 0.015
3609.62771 17.114 0.015
3609.63060 17.124 0.015
3615.57495 17.317 0.016
3615.57781 17.380 0.017
3618.57656 16.832 0.013
3618.57944 16.849 0.013
3620.53972 16.940 0.011
3620.54264 16.952 0.011
3622.51763 17.051 0.016
3622.52050 17.079 0.016
3628.59381 16.816 0.015
3628.59671 16.804 0.015
3630.53314 16.763 0.015
3630.53603 16.771 0.016
3632.58328 17.102 0.018
3632.58615 17.050 0.017
3634.48385 17.056 0.017
3634.48675 17.074 0.016
3639.54274 17.407 0.016
3639.54561 17.359 0.015
3641.54118 16.811 0.015
3641.54407 16.783 0.014
3644.50148 17.030 0.017
3644.50439 17.079 0.017
3648.53330 17.281 0.019
3648.53623 17.292 0.019
3650.57858 16.914 0.011
3650.58738 16.811 0.014
3654.53737 17.023 0.019
3654.54028 17.020 0.020
3656.51861 17.135 0.018
3656.52150 17.099 0.017
3658.55044 17.202 0.026
3658.55330 17.249 0.026
3660.52305 17.299 0.021
3660.52593 17.294 0.024
3664.49986 16.729 0.013
3664.50273 16.720 0.012
3669.52773 17.359 0.027
3675.50517 16.782 0.019
3675.50804 16.769 0.017
3675.52524 16.855 0.016
3676.49774 16.892 0.022
3776.86388 16.861 0.015
3776.86666 16.885 0.015
3782.84860 17.164 0.019
3782.85138 17.195 0.019
3784.87392 17.258 0.017
3784.87670 17.263 0.016
3786.89348 17.189 0.020
3786.89627 17.178 0.020
3788.84275 16.817 0.013
3788.84686 16.824 0.014
3790.88652 16.993 0.015
3790.88929 17.004 0.015
3793.85379 17.183 0.015
3793.85656 17.211 0.015
3795.84037 17.353 0.024
3795.84399 17.277 0.018
3798.80442 17.429 0.020
3798.80720 17.394 0.018
3799.80466 17.338 0.025
3799.83136 16.639 0.012
3800.82351 16.702 0.013
3800.82630 16.721 0.014
3801.88301 17.032 0.015
3802.84859 17.066 0.015
3802.85137 17.040 0.014
3803.88390 17.169 0.015
3805.80025 17.173 0.017
3805.80308 17.233 0.016
3806.76661 17.176 0.018
3806.76939 17.159 0.017
3807.78573 17.252 0.023
3807.78847 17.287 0.022
3808.79336 17.286 0.019
3808.79614 17.256 0.018
3809.87847 16.835 0.013
3809.88126 16.821 0.013
3810.84513 16.804 0.013
3810.84788 16.797 0.012
3811.83671 16.852 0.013
3811.83947 16.851 0.013
3812.83280 16.888 0.015
3812.83558 16.928 0.015
3813.82275 16.983 0.013
3813.82552 16.989 0.013
3814.82463 17.073 0.015
3814.82739 17.060 0.015
3817.85617 17.256 0.017
3817.85893 17.254 0.017
3818.88525 17.331 0.016
3818.88802 17.351 0.016
3819.80297 17.317 0.015
3819.80573 17.303 0.014
3820.76961 17.290 0.016
3820.77237 17.316 0.016
3821.77275 17.420 0.019
3821.77549 17.432 0.017
3822.81214 16.632 0.012
3822.81491 16.603 0.010
3822.86280 16.796 0.011
3823.74126 17.116 0.016
3823.77512 16.590 0.012
3823.79522 16.678 0.010
3823.83900 16.849 0.011
3824.73849 16.620 0.012
3824.74127 16.617 0.012
3824.82034 16.948 0.016
3824.86053 17.009 0.014
3825.80335 17.005 0.016
3825.80613 16.998 0.015
3825.84993 17.114 0.015
3825.88261 17.167 0.016
3825.91910 17.254 0.020
3826.73188 16.922 0.012
3826.73466 16.912 0.012
3826.77342 17.028 0.013
3826.82792 17.177 0.016
3826.90004 17.265 0.017
3827.76609 17.143 0.016
3827.79966 17.173 0.015
3827.80246 17.216 0.014
3827.85050 17.252 0.014
3827.92210 17.332 0.017
3828.73548 17.151 0.021
3828.75189 17.189 0.019
3828.79947 17.309 0.020
3828.86375 17.348 0.017
3829.73331 17.218 0.015
3829.75931 17.290 0.018
3829.77952 17.303 0.018
3829.84867 17.316 0.016
3830.69453 17.207 0.018
3830.69838 17.277 0.020
3830.70868 17.237 0.016
3830.73142 17.267 0.016
3830.74754 17.286 0.015
3830.76319 17.312 0.016
3830.77736 17.313 0.015
3830.79213 17.331 0.017
3830.82027 17.350 0.016
3830.83216 17.322 0.017
3830.84383 17.376 0.016
3831.69282 17.288 0.016
3831.70232 17.315 0.016
3831.71506 17.286 0.015
3831.72433 17.326 0.015
3831.72722 17.278 0.014
3831.73049 17.295 0.014
3831.73328 17.291 0.015
3831.73606 17.290 0.014
3831.73915 17.318 0.014
3831.74194 17.313 0.014
3831.74473 17.315 0.015
3831.74789 17.320 0.015
3831.75069 17.318 0.015
3831.75349 17.297 0.015
3831.75671 17.304 0.014
3831.75945 17.287 0.014
3831.76226 17.334 0.015
3831.76573 17.324 0.014
3831.76901 17.452 0.015
3831.77236 17.353 0.014
3831.77516 17.294 0.014
3831.77794 17.313 0.014
3831.78134 17.317 0.014
3831.78451 17.303 0.014
3831.78811 17.327 0.014
3831.79136 17.327 0.015
3831.79413 17.339 0.015
3831.90378 16.577 0.010
3831.91135 16.621 0.010
3831.91778 16.655 0.010
3831.92417 16.713 0.011
3831.92728 16.728 0.013
3831.93025 16.743 0.017
3832.69746 17.280 0.020
3832.70964 17.342 0.019
3832.71309 17.276 0.019
3832.73347 17.291 0.016
3832.77960 17.449 0.017
3832.82546 17.027 0.013
3832.86883 16.652 0.010
3833.69203 17.291 0.019
3833.71386 17.335 0.016
3833.73818 17.406 0.016
3833.75941 17.373 0.017
3833.78086 17.011 0.012
3833.82362 16.654 0.009
3833.84562 16.753 0.010
3833.87403 16.856 0.011
3833.90449 16.934 0.014
3833.92084 17.014 0.014
3834.69807 17.449 0.022
3834.71734 17.328 0.019
3834.73841 16.963 0.015
3834.74118 16.898 0.013
3834.79019 16.722 0.010
3834.87001 16.965 0.013
3834.90943 17.051 0.015
3834.91248 17.058 0.015
3835.70754 16.703 0.011
3835.73421 16.717 0.013
3835.77773 16.865 0.012
3835.85155 17.019 0.012
3835.88133 17.086 0.012
3835.92110 17.170 0.015
3836.70365 16.799 0.016
3836.76245 16.953 0.016
3836.76522 16.964 0.015
3836.80968 17.032 0.014
3836.84025 17.086 0.014
3836.89700 17.195 0.015
3837.70232 16.919 0.017
3837.72981 16.973 0.015
3837.73259 16.992 0.015
3837.90155 17.235 0.015
3837.90433 17.257 0.015
3838.74155 17.058 0.019
3838.74437 17.101 0.019
3838.90888 17.271 0.020
3838.91167 17.320 0.023
3839.73736 17.113 0.020
3839.74014 17.123 0.021
3839.81869 17.207 0.017
3839.86286 17.263 0.022
3839.92328 17.332 0.020
3840.70334 17.128 0.020
3840.70612 17.131 0.018
3840.78725 17.212 0.016
3840.90827 17.292 0.017
3840.91107 17.297 0.018
3841.74188 17.254 0.019
3841.74464 17.250 0.018
3841.83337 17.325 0.018
3841.89247 17.192 0.017
3841.89524 17.167 0.017
3842.84379 17.185 0.017
3842.84722 17.184 0.016
3845.71737 17.259 0.028
3845.72015 17.232 0.030
3845.90517 17.057 0.020
3845.90886 17.035 0.020
3846.72807 16.821 0.012
3846.73085 16.825 0.011
3846.91239 17.084 0.014
3846.91520 17.088 0.014
3847.79422 16.991 0.017
3847.79698 17.005 0.017
3848.74917 16.995 0.015
3848.75195 17.015 0.015
3848.92861 17.270 0.023
3849.74825 17.041 0.014
3849.75102 17.033 0.013
3849.92157 17.300 0.017
3850.69229 17.028 0.015
3850.69508 17.024 0.013
3850.86400 17.246 0.016
3851.70743 17.166 0.022
3851.71023 17.119 0.016
3851.87228 17.301 0.017
3851.87509 17.293 0.017
3851.91844 17.423 0.020
3851.92125 17.449 0.021
3852.69601 17.175 0.020
3852.69879 17.237 0.020
3852.86638 17.411 0.019
3852.87008 17.455 0.019
3853.68444 17.257 0.017
3853.68722 17.203 0.014
3853.85277 17.400 0.015
3853.85556 17.380 0.015
3853.92352 16.669 0.010
3853.92630 16.678 0.010
3854.74827 17.336 0.016
3856.67448 17.353 0.018
3856.67728 17.336 0.016
3856.84124 16.811 0.013
3857.91215 17.123 0.015
3857.91495 17.168 0.015
3858.76087 16.857 0.011
3858.76365 16.864 0.010
3859.79907 17.072 0.013
3859.80186 17.082 0.013
3860.66753 16.841 0.014
3860.67032 16.825 0.013
3860.90742 17.292 0.019
3860.91020 17.350 0.020
3861.66497 17.010 0.016
3861.66778 16.988 0.014
3861.77023 17.193 0.015
3861.77301 17.211 0.014
3861.93348 17.388 0.019
3861.93627 17.370 0.021
3862.69836 17.131 0.016
3862.70115 17.151 0.014
3862.86233 17.344 0.016
3862.86513 17.330 0.016
3863.63379 17.057 0.018
3863.63658 17.126 0.016
3863.85142 17.348 0.016
3863.85422 17.333 0.015
3863.93072 16.729 0.012
3863.93351 16.663 0.011
3864.67432 17.274 0.019
3864.67711 17.256 0.017
3864.86432 17.368 0.015
3864.86713 17.328 0.015
3865.68511 17.324 0.019
3865.68793 17.291 0.017
3865.82060 17.344 0.017
3865.82339 17.292 0.016
3865.89859 16.785 0.011
3865.90139 16.804 0.011
3866.68353 17.304 0.017
3866.68633 17.294 0.016
3866.82304 16.648 0.011
3866.82582 16.676 0.011
3866.90194 16.926 0.013
3867.62645 17.303 0.022
3867.62923 17.319 0.024
3867.81208 16.806 0.013
3867.81489 16.858 0.014
3867.88514 17.000 0.014
3867.88795 17.016 0.014
3868.70952 16.776 0.014
3868.71231 16.725 0.013
3868.85477 17.041 0.016
3868.86399 17.033 0.017
3869.68929 16.694 0.013
3869.69210 16.682 0.011
3869.87029 17.130 0.018
3869.87310 17.146 0.019
3872.88665 17.287 0.017
3872.88947 17.281 0.018
3873.64160 17.042 0.015
3873.64441 17.043 0.014
3873.78430 17.251 0.016
3873.85707 17.279 0.017
3873.85985 17.286 0.019
3873.92662 17.304 0.018
3873.92942 17.285 0.019
3874.74127 17.240 0.019
3874.74408 17.247 0.018
3875.65497 17.171 0.014
3875.65777 17.170 0.012
3875.80246 17.293 0.014
3875.80525 17.262 0.014
3875.90137 16.831 0.012
3875.90419 16.817 0.012
3876.63222 17.218 0.015
3876.63502 17.212 0.014
3877.63034 17.217 0.016
3877.63314 17.208 0.014
3877.78104 17.127 0.013
3877.78382 17.125 0.013
3877.85555 16.815 0.011
3877.85836 16.824 0.011
3877.94175 17.062 0.025
3879.66177 17.342 0.016
3879.66460 17.399 0.013
3880.83117 17.035 0.014
3880.83400 17.071 0.016
3880.90999 17.162 0.016
3880.91278 17.166 0.016
3881.66036 16.758 0.012
3881.66319 16.743 0.011
3881.87189 17.176 0.014
3881.87469 17.190 0.014
3881.91865 17.217 0.015
3881.92144 17.203 0.015
3882.74867 17.058 0.015
3882.75148 17.032 0.014
3882.82290 17.188 0.015
3882.82572 17.200 0.016
3882.89179 17.253 0.016
3882.89458 17.288 0.015
3883.63808 16.874 0.015
3883.64089 16.879 0.013
3883.83290 17.232 0.015
3883.83854 17.263 0.015
3886.60016 17.099 0.016
3886.60296 17.090 0.015
3886.79289 17.313 0.015
3886.86476 17.466 0.019
3886.86759 17.441 0.021
3887.57346 17.159 0.018
3887.57628 17.127 0.015
3887.77601 17.391 0.016
3887.77883 17.406 0.016
3887.87567 16.580 0.010
3887.87851 16.605 0.010
3889.65596 17.332 0.017
3889.65877 17.358 0.017
3889.93422 17.053 0.016
3889.93701 17.062 0.015
3890.63145 17.304 0.017
3890.63801 17.312 0.016
3891.66555 17.292 0.016
3891.66836 17.228 0.015
3891.79383 16.935 0.016
3891.79664 16.924 0.014
3891.87580 17.125 0.016
3891.87862 17.137 0.016
3892.56716 17.468 0.026
3892.56996 17.368 0.021
3892.93307 17.301 0.022
3893.61656 16.548 0.011
3893.61937 16.564 0.011
3893.85840 17.283 0.020
3893.86123 17.270 0.020
3894.66979 16.995 0.017
3894.67263 16.946 0.015
3896.60739 17.047 0.020
3896.61021 17.010 0.019
3900.52871 17.169 0.023
3900.53154 17.239 0.024
3900.71437 17.370 0.027
3900.79371 16.704 0.012
3900.79651 16.713 0.012
3900.86232 16.897 0.015
3900.86518 16.905 0.013
3901.53883 17.278 0.019
3901.54164 17.252 0.016
3901.72014 16.791 0.012
3901.79741 16.874 0.014
3901.80026 16.850 0.014
3901.86635 16.998 0.016
3901.86919 17.023 0.015
3902.55896 17.294 0.018
3902.56432 17.351 0.016
3902.74101 16.854 0.012
3902.85520 17.104 0.017
3902.86280 17.087 0.017
3903.64917 16.737 0.013
3903.65200 16.742 0.012
3903.89484 17.241 0.022
3903.89770 17.211 0.020
3904.54975 17.282 0.017
3904.55258 17.279 0.015
3904.71284 16.989 0.012
3904.78181 17.087 0.013
3904.78472 17.116 0.014
3904.88405 17.260 0.019
3904.88687 17.276 0.017
3905.54658 16.908 0.013
3905.54940 16.846 0.012
3905.72317 17.087 0.012
3905.79327 17.178 0.013
3905.79609 17.169 0.013
3905.86181 17.224 0.016
3905.86464 17.225 0.015
3906.56110 16.857 0.014
3906.56391 16.853 0.013
3906.70090 17.085 0.014
3906.77404 17.221 0.016
3906.77686 17.226 0.016
3906.85326 17.253 0.018
3906.85606 17.297 0.018
3907.59185 16.991 0.014
3907.59466 17.009 0.014
3907.77409 17.234 0.019
3907.77690 17.266 0.020
3907.85863 17.290 0.025
3907.86146 17.296 0.023
3908.52688 16.950 0.015
3908.53081 16.958 0.014
3908.71359 17.258 0.016
3908.79365 17.313 0.016
3908.79650 17.315 0.016
3908.87327 17.142 0.018
3908.87610 17.131 0.015
3908.88482 17.070 0.016
3909.52970 17.003 0.017
3909.53255 17.033 0.015
3909.71251 17.239 0.013
3909.80300 17.333 0.015
3909.80585 17.316 0.015
3909.87925 16.824 0.013
3909.88209 16.812 0.013
3910.55917 17.170 0.019
3910.56201 17.114 0.016
3912.52899 17.211 0.014
3912.53181 17.206 0.013
3912.71629 17.104 0.012
3912.81018 16.868 0.011
3912.81298 16.884 0.011
3913.52043 17.239 0.015
3913.52327 17.236 0.014
3913.72582 16.782 0.011
3913.81478 16.959 0.012
3914.54418 17.294 0.019
3914.54703 17.292 0.018
3914.78539 17.033 0.013
3915.52197 17.381 0.020
3915.52479 17.373 0.019
3915.72396 16.969 0.012
3915.72677 16.951 0.012
3915.82214 17.183 0.014
3915.82500 17.138 0.014
3916.56066 16.913 0.015
3916.56350 16.853 0.014
3916.80451 17.251 0.019
3916.80737 17.203 0.017
3917.54833 16.688 0.012
3917.55117 16.632 0.010
3917.81506 17.255 0.020
3917.81791 17.309 0.020
3918.59191 16.949 0.012
3918.81282 17.319 0.020
3918.81566 17.313 0.019
3919.53957 16.945 0.015
3919.74957 17.250 0.014
3919.75241 17.281 0.014
3920.50727 16.946 0.015
3920.51012 16.959 0.014
3920.70334 17.336 0.018
3920.70621 17.327 0.018
3920.78874 17.387 0.016
3920.79156 17.405 0.017
3921.50345 17.048 0.016
3921.50629 17.061 0.015
3921.70269 17.316 0.023
3921.70554 17.394 0.025
3921.71716 17.328 0.023
3921.72000 17.362 0.024
3922.70712 17.389 0.022
3922.70997 17.398 0.022
3930.52818 16.919 0.013
3930.53762 16.920 0.011
3930.78216 17.304 0.023
3930.78501 17.326 0.023
3931.49269 16.941 0.016
3931.49555 16.977 0.016
3931.80961 17.408 0.027
3931.82270 17.356 0.022
3932.52357 17.101 0.015
3932.52644 17.125 0.015
3932.79533 17.243 0.020
3932.79819 17.157 0.018
3933.51006 17.197 0.016
3933.51288 17.177 0.015
3933.69445 17.320 0.015
3933.69729 17.388 0.015
3933.76643 16.907 0.012
3933.76931 16.862 0.012
3934.48388 17.137 0.015
3934.48675 17.202 0.016
3934.65393 17.340 0.015
3934.72375 16.881 0.011
3934.72662 16.829 0.011
3935.53380 17.257 0.018
3935.53665 17.262 0.016
3935.70508 16.747 0.013
3935.70795 16.784 0.014
3935.80267 16.979 0.016
3935.80551 16.974 0.015
3936.48720 17.284 0.020
3936.49004 17.275 0.019
3936.65264 16.762 0.011
3936.65553 16.770 0.011
3936.72903 16.931 0.014
3936.73190 16.901 0.014
3937.55147 17.327 0.022
3937.55431 17.330 0.023
3938.49489 17.270 0.021
3938.49782 17.285 0.020
3938.68585 16.988 0.014
3938.68874 17.049 0.014
3938.79512 17.157 0.018
3938.79796 17.190 0.019
3940.57518 16.929 0.011
3940.57805 16.932 0.011
3941.69619 17.193 0.019
3941.69904 17.235 0.020
3944.54750 17.193 0.015
3944.55038 17.213 0.016
3944.74786 17.302 0.017
3944.75072 17.312 0.016
3945.50886 17.217 0.017
3945.51209 17.219 0.017
3945.77570 16.741 0.013
3945.77859 16.771 0.012
3946.50661 17.204 0.020
3946.50948 17.261 0.018
3946.69878 16.875 0.013
3946.70167 16.855 0.013
3950.51554 17.108 0.015
3950.51836 17.026 0.013
3950.73056 17.141 0.016
3950.73340 17.157 0.015
3951.50824 16.600 0.011
3951.51106 16.623 0.011
3951.73952 17.277 0.023
3951.74233 17.213 0.024
3955.68501 17.365 0.039
3956.56076 17.270 0.023
3956.56358 17.329 0.024
3957.49986 17.284 0.020
3958.57061 17.333 0.018
3958.57350 17.353 0.019
3959.50341 17.318 0.019
3959.50625 17.371 0.019
3959.67785 16.827 0.013
3959.68067 16.826 0.012
3960.49270 17.386 0.017
3960.49552 17.395 0.017
3960.67174 16.919 0.012
3960.67458 16.923 0.011
3961.56400 16.702 0.013
3961.56682 16.745 0.013
3963.52530 16.898 0.013
3963.52813 16.903 0.013
3963.70267 17.227 0.018
3963.70552 17.278 0.018
3964.52039 16.997 0.013
3964.52323 17.002 0.013
3964.72529 17.300 0.018
3964.72811 17.302 0.018
3965.50484 17.026 0.013
3965.50767 17.074 0.013
3965.69614 17.295 0.016
3965.69897 17.278 0.015
3966.48002 17.082 0.015
3966.48285 17.090 0.016
3966.68176 17.273 0.018
3966.68461 17.320 0.018
3967.51439 17.227 0.020
3967.51722 17.266 0.021
3967.70721 17.234 0.018
3967.71002 17.211 0.016
3968.49247 17.196 0.018
3968.49534 17.280 0.020
3968.57205 17.307 0.018
3968.66241 17.212 0.016
3968.66525 17.101 0.015
3969.47414 17.223 0.019
3969.47696 17.256 0.019
3969.67478 16.767 0.013
3969.67764 16.825 0.014
3970.50321 17.284 0.020
3970.50608 17.373 0.022
3970.68177 16.884 0.013
3970.68464 16.876 0.013
3971.54714 17.154 0.018
3971.54996 17.101 0.018
3973.56523 16.910 0.015
3973.56806 16.946 0.015
3974.50258 16.824 0.013
3974.50540 16.829 0.014
3974.68136 17.200 0.021
3974.68840 17.191 0.019
3975.50549 16.927 0.013
3975.50832 16.917 0.013
3975.67737 17.256 0.020
3975.68018 17.210 0.018
3976.50002 17.010 0.013
3976.50287 17.020 0.012
3976.67603 17.318 0.022
3976.67889 17.196 0.020
3979.50230 17.195 0.027
3979.50514 17.293 0.033
3982.56293 17.196 0.016
3982.56575 17.146 0.016
3983.51661 17.334 0.028
3983.51944 17.351 0.029
3986.57735 17.089 0.019
3986.58020 17.107 0.018
3987.49973 17.018 0.015
3987.50256 17.046 0.016
3988.50553 17.102 0.014
3988.50840 17.109 0.014
3989.52320 17.248 0.017
3989.52606 17.213 0.017
3989.59339 17.354 0.022
3989.65912 17.324 0.024
3990.54007 17.321 0.020
3990.54287 17.333 0.021
3990.60769 17.361 0.021
3990.63502 17.350 0.020
3990.66921 17.419 0.023
3991.49582 17.326 0.022
3991.49865 17.318 0.022
3991.64194 17.329 0.021
3993.54752 17.329 0.021
3993.55037 17.316 0.019
3994.55816 16.660 0.013
3994.56103 16.680 0.013
3995.56575 16.857 0.012
3995.56860 16.893 0.012
3999.58099 17.223 0.018
3999.58387 17.207 0.017
4002.48924 17.260 0.016
4002.49208 17.262 0.017
4003.48671 17.276 0.017
4003.48958 17.281 0.016
4004.52089 17.330 0.017
4004.52370 17.337 0.016
4006.51381 16.845 0.013
4006.51665 16.813 0.012
4012.49369 17.257 0.020
4012.49654 17.235 0.022
4016.50936 17.444 0.023
4016.51218 17.382 0.023
4018.54560 16.858 0.015
4018.54847 16.909 0.015
4020.53238 17.005 0.016
4020.53521 17.078 0.017
4023.53270 17.280 0.023
4023.53555 17.296 0.021
4025.55212 17.349 0.021
4025.55494 17.469 0.023
4027.55814 16.634 0.014
4028.49433 16.804 0.015
4030.54927 17.088 0.018
4031.49442 17.010 0.019
4036.52989 17.255 0.024
4038.49695 17.394 0.033
4038.49978 17.347 0.028
4040.51131 16.824 0.017
4040.51413 16.788 0.017
4041.49353 16.850 0.024
4041.49634 16.856 0.022
4043.50374 17.072 0.024
4043.50658 17.056 0.021
4141.87150 17.152 0.019
4141.87425 17.083 0.017
4143.88868 16.849 0.019
4143.89158 16.859 0.021
4150.88669 17.341 0.022
4150.88943 17.355 0.021
4153.87460 16.726 0.013
4153.87732 16.739 0.013
4156.85304 17.043 0.018
4156.85575 17.056 0.018
4158.87261 17.206 0.018
4158.87533 17.183 0.018
4161.84059 17.278 0.021
4161.84330 17.260 0.022
4163.80945 17.299 0.020
4163.82343 17.314 0.023
4163.82618 17.318 0.021
4165.80480 16.940 0.021
4165.80755 16.902 0.020
4168.79813 16.959 0.017
4168.80086 16.971 0.016
4170.79398 17.121 0.029
4170.79671 17.150 0.025
4175.78462 17.429 0.023
4175.78733 17.439 0.024
4176.89600 16.859 0.013
4178.79973 16.828 0.014
4178.80243 16.814 0.013
4179.84407 17.079 0.016
4179.84679 17.068 0.015
4181.78041 17.133 0.019
4181.78315 17.144 0.017
4182.82543 17.273 0.017
4182.82815 17.247 0.016
4183.86156 17.294 0.020
4184.90217 17.329 0.016
4189.81336 16.950 0.019
4189.83630 16.984 0.018
4191.80246 17.096 0.021
4191.80518 17.093 0.020
4193.73681 17.096 0.025
4193.73955 17.118 0.023
4194.78234 17.219 0.019
4194.78508 17.208 0.019
4196.77248 17.260 0.022
4196.77521 17.243 0.021
4202.75398 16.922 0.014
4202.75669 16.931 0.014
4203.74198 16.991 0.014
4203.74471 17.003 0.013
4204.73427 17.060 0.017
4204.73698 17.077 0.016
4204.91660 17.286 0.018
4204.91930 17.301 0.017
4205.73080 17.165 0.018
4205.73353 17.162 0.016
4207.72026 17.273 0.020
4207.72299 17.258 0.018
4208.74233 17.342 0.019
4208.74507 17.312 0.019
4211.78649 16.807 0.015
4212.86368 17.110 0.021
4212.86641 17.133 0.020
4213.70688 16.830 0.016
4213.70960 16.828 0.015
4213.91044 17.255 0.017
4213.91318 17.245 0.016
4215.73959 17.114 0.017
4215.74231 17.098 0.017
4216.69737 17.129 0.019
4216.70011 17.112 0.017
4216.92176 17.399 0.023
4216.92447 17.399 0.021
4217.70481 17.167 0.017
4217.70755 17.189 0.016
4217.90843 17.296 0.016
4217.91117 17.262 0.015
4218.75443 17.254 0.023
4218.75716 17.296 0.020
4219.75258 17.315 0.022
4219.75533 17.316 0.019
4220.69458 17.273 0.022
4220.70006 17.295 0.021
4222.66330 17.300 0.027
4222.66603 17.309 0.026
4222.91079 17.107 0.020
4222.91352 17.071 0.016
4224.77952 17.033 0.018
4224.78224 16.993 0.018
4228.67496 17.086 0.018
4228.67769 17.101 0.017
4228.90853 17.305 0.023
4228.91127 17.275 0.021
4229.66860 17.137 0.020
4229.67133 17.158 0.019
4229.86559 17.333 0.019
4229.93276 16.792 0.015
4229.93550 16.763 0.014
4230.67833 17.225 0.017
4230.68107 17.244 0.018
4230.86638 16.924 0.015
4230.86912 16.903 0.014
4230.93125 16.852 0.018
4230.93399 16.845 0.018
4231.62065 17.201 0.022
4231.62340 17.187 0.019
4231.76485 17.373 0.020
4231.88907 16.823 0.015
4231.93217 16.919 0.017
4232.67273 17.266 0.024
4232.67545 17.324 0.024
4232.83373 16.813 0.018
4233.80450 16.807 0.015
4234.70615 16.790 0.014
4234.70891 16.745 0.013
4235.63422 17.211 0.018
4235.63696 17.133 0.017
4235.79542 17.013 0.014
4235.88783 17.182 0.017
4235.89058 17.176 0.017
4238.62007 16.887 0.020
4238.62283 16.909 0.020
4238.87252 17.282 0.022
4238.87527 17.339 0.020
4239.62101 17.008 0.018
4239.62372 17.003 0.017
4240.67422 17.216 0.016
4240.67695 17.217 0.017
4240.80858 17.334 0.019
4240.81133 17.322 0.019
4243.64003 17.277 0.022
4243.64276 17.279 0.020
4243.73272 17.466 0.021
4243.73547 17.431 0.024
4243.82647 16.717 0.014
4243.82923 16.740 0.014
4243.94389 17.060 0.027
4244.61240 17.323 0.024
4244.61516 17.371 0.026
4244.70861 17.380 0.019
4244.71136 17.367 0.018
4244.80142 16.796 0.013
4244.91326 17.093 0.018
4244.91602 17.095 0.017
4245.60547 17.327 0.020
4245.60820 17.356 0.020
4245.69937 16.623 0.011
4245.70212 16.604 0.010
4245.79521 16.912 0.013
4246.66378 16.630 0.012
4246.66654 16.643 0.012
4246.75668 16.950 0.016
4246.75941 16.953 0.016
4246.84997 17.146 0.019
4246.85272 17.117 0.017
4247.67899 16.879 0.014
4247.68174 16.845 0.014
4247.81687 17.156 0.016
4247.82259 17.155 0.016
4250.72715 17.214 0.019
4250.72988 17.195 0.018
4251.79870 17.296 0.036
4251.80147 17.320 0.033
4256.61483 17.318 0.025
4256.61760 17.296 0.021
4256.76085 16.898 0.019
4256.85866 17.068 0.024
4256.86143 17.095 0.025
4257.64651 16.935 0.018
4257.64927 16.936 0.017
4258.63030 16.799 0.015
4258.63292 16.824 0.016
4258.75282 17.040 0.017
4258.75541 17.047 0.016
4258.84690 17.179 0.020
4258.84951 17.173 0.019
4267.59089 17.305 0.024
4267.59350 17.312 0.021
4268.55408 17.357 0.025
4268.55670 17.282 0.020
4268.83697 17.037 0.016
4268.83957 17.097 0.017
4269.57333 17.458 0.023
4269.57593 17.472 0.022
4269.69385 16.830 0.013
4269.69646 16.841 0.013
4269.78310 17.078 0.016
4269.78570 17.047 0.013
4270.56684 17.001 0.016
4270.56946 16.993 0.015
4272.59518 16.913 0.014
4272.59781 16.913 0.013
4272.74435 17.247 0.017
4272.74695 17.267 0.017
4272.80358 17.294 0.018
4272.80620 17.311 0.017
4272.87511 17.329 0.025
4272.87774 17.383 0.026
4273.61232 17.085 0.020
4273.61494 17.081 0.020
4273.79297 17.302 0.024
4273.79560 17.364 0.024
4273.85287 17.373 0.024
4273.85674 17.420 0.027
4274.54497 16.999 0.019
4274.54757 16.983 0.017
4274.69728 17.269 0.020
4274.69991 17.301 0.020
4274.75985 17.338 0.019
4274.76248 17.348 0.021
4274.81825 17.485 0.026
4274.82088 17.438 0.022
4275.59741 17.210 0.017
4275.60002 17.214 0.017
4275.77274 17.427 0.024
4275.77537 17.460 0.024
4275.83122 16.742 0.016
4275.83384 16.673 0.015
4275.89255 16.818 0.022
4276.58216 17.255 0.021
4276.58481 17.254 0.020
4277.52596 17.231 0.023
4277.52860 17.227 0.023
4277.70155 17.437 0.021
4277.70549 17.434 0.021
4277.76157 16.587 0.014
4277.76419 16.591 0.013
4277.82020 16.855 0.019
4277.82283 16.861 0.018
4278.56317 17.292 0.027
4278.57236 17.291 0.026
4278.74704 16.741 0.017
4278.74964 16.764 0.015
4278.82606 16.995 0.023
4278.82870 17.005 0.021
4283.50538 16.742 0.016
4283.50801 16.755 0.016
4283.72571 17.197 0.022
4284.50036 16.867 0.017
4284.50297 16.894 0.016
4284.69050 17.214 0.020
4284.75326 17.236 0.018
4284.75590 17.250 0.019
4284.81220 17.319 0.024
4285.50341 16.974 0.021
4285.50605 16.986 0.020
4285.69153 17.231 0.021
4285.75798 17.289 0.019
4285.76062 17.277 0.018
4285.82331 17.316 0.022
4285.82594 17.289 0.021
4286.50313 17.043 0.019
4286.50575 17.052 0.019
4286.80030 17.190 0.025
4286.80293 17.176 0.020
4289.51092 17.247 0.023
4289.51356 17.202 0.022
4289.72949 16.839 0.016
4289.73212 16.819 0.014
4289.79460 16.911 0.016
4289.79724 16.922 0.015
4290.55726 17.307 0.024
4290.55988 17.304 0.023
4291.61985 16.947 0.016
4291.62250 16.903 0.014
4291.78255 17.048 0.020
4291.78520 17.088 0.020
4292.48553 17.313 0.020
4292.48816 17.294 0.018
4292.66468 16.906 0.013
4292.66732 16.913 0.014
4292.72329 17.018 0.015
4292.72592 17.028 0.014
4292.78183 17.105 0.016
4292.78445 17.122 0.015
4293.46379 17.376 0.029
4293.48584 17.338 0.020
4293.48847 17.360 0.020
4293.52666 17.043 0.015
4293.67020 16.991 0.015
4293.71043 17.063 0.015
4293.71307 17.069 0.015
4293.76923 17.191 0.017
4294.48500 17.027 0.017
4294.48765 16.980 0.015
4295.49211 16.752 0.014
4295.49476 16.769 0.013
4295.69012 17.197 0.016
4295.69278 17.194 0.015
4295.74874 17.234 0.016
4295.75137 17.239 0.015
4296.48907 16.846 0.016
4296.49173 16.851 0.014
4296.68177 17.234 0.018
4296.68443 17.244 0.016
4296.79993 17.342 0.020
4296.81270 17.401 0.023
4297.50870 16.980 0.017
4297.51134 16.981 0.016
4297.71029 17.289 0.017
4297.71294 17.327 0.017
4298.54358 17.167 0.021
4298.54621 17.177 0.020
4298.64932 17.309 0.021
4298.65195 17.286 0.019
4298.74890 17.465 0.024
4298.75155 17.436 0.024
4299.52661 17.193 0.017
4299.52924 17.214 0.017
4299.61958 17.285 0.018
4299.62223 17.290 0.017
4299.71180 17.437 0.020
4299.71442 17.453 0.020
4299.80254 16.731 0.015
4299.80517 16.739 0.014
4300.52226 17.239 0.019
4300.52491 17.260 0.019
4300.64236 17.408 0.019
4300.64499 17.413 0.019
4300.73786 16.637 0.012
4300.74051 16.642 0.012
4301.51313 17.253 0.018
4301.51578 17.263 0.018
4301.60891 17.424 0.018
4301.61155 17.401 0.017
4301.70750 16.679 0.012
4301.71129 16.686 0.012
4301.79987 16.962 0.014
4301.80251 16.979 0.014
4302.58611 17.432 0.021
4302.58876 17.458 0.021
4302.68583 16.785 0.014
4302.68896 16.787 0.014
4303.67135 16.860 0.016
4303.67480 16.896 0.016
4304.54623 16.614 0.014
4304.54890 16.569 0.013
4304.65633 16.969 0.019
4304.65959 16.949 0.021
4306.63020 17.080 0.018
4306.63285 17.095 0.017
4306.67096 17.172 0.021
4306.68565 17.207 0.020
4310.60943 17.295 0.026
4310.61207 17.320 0.023
4311.75808 16.798 0.021
4311.76074 16.812 0.019
4312.54171 17.285 0.023
4312.54435 17.288 0.022
4312.74016 16.859 0.015
4312.74280 16.859 0.014
4315.63268 16.931 0.019
4315.63534 16.945 0.017
4316.70587 17.142 0.018
4316.70852 17.148 0.018
4317.55392 16.951 0.014
4317.55659 16.965 0.014
4319.51120 17.018 0.018
4319.51385 17.047 0.017
4319.76604 17.338 0.024
4319.76870 17.367 0.021
4320.53802 17.130 0.017
4320.54067 17.161 0.016
4320.59554 17.229 0.018
4320.77207 17.132 0.021
4326.50525 17.347 0.020
4326.50790 17.357 0.020
4326.70244 17.069 0.018
4326.70510 17.083 0.018
4327.58349 16.879 0.018
4327.58629 16.904 0.017
4327.72477 17.171 0.022
4327.72759 17.132 0.022
4328.51025 16.769 0.016
4328.51309 16.787 0.015
4328.68829 17.224 0.021
4328.69113 17.185 0.020
4329.52041 16.924 0.016
4329.52309 16.918 0.015
4329.66830 17.238 0.020
4329.67097 17.247 0.020
4330.49120 16.939 0.016
4330.49401 16.938 0.015
4330.68444 17.254 0.019
4330.68727 17.261 0.018
4331.47127 17.011 0.025
4331.47409 17.032 0.021
4331.68012 17.293 0.023
4331.68295 17.346 0.023
4332.50104 17.150 0.017
4332.50388 17.179 0.017
4333.52212 17.276 0.021
4333.52495 17.249 0.020
4333.68329 17.446 0.023
4333.68609 17.441 0.022
4334.49550 17.338 0.056
4334.49833 17.297 0.044
4334.62373 17.512 0.053
4334.62657 17.511 0.046
4338.49538 17.003 0.019
4338.49820 16.868 0.015
4339.47272 16.553 0.016
4339.47556 16.562 0.014
4339.68913 17.236 0.026
4339.69197 17.234 0.024
4340.58777 17.096 0.020
4340.59585 17.093 0.018
4341.49604 16.989 0.020
4341.49886 16.990 0.019
4342.52524 17.153 0.020
4342.52808 17.151 0.018
4343.50109 17.175 0.016
4343.50688 17.150 0.015
4344.53225 17.269 0.025
4344.53510 17.275 0.023
4345.49714 17.240 0.017
4345.49997 17.244 0.017
4346.51016 17.284 0.021
4346.51297 17.313 0.020
4347.52487 17.372 0.023
4347.52770 17.326 0.021
4349.48608 17.053 0.019
4349.48892 17.011 0.018
4350.53316 16.888 0.014
4350.53598 16.900 0.014
4351.49905 16.898 0.015
4351.50187 16.893 0.014
4352.54961 17.078 0.020
4352.55243 17.092 0.020
4353.50297 17.065 0.016
4353.50579 17.081 0.016
4354.53167 17.165 0.017
4354.53451 17.165 0.016
4355.53329 17.191 0.020
4355.53613 17.221 0.017
4356.49967 17.210 0.018
4356.50250 17.210 0.018
4357.52873 17.316 0.025
4357.53158 17.311 0.023
4358.48524 17.281 0.024
4358.49461 17.319 0.024
4359.52932 17.296 0.022
4359.53217 17.216 0.018
4360.51675 16.856 0.018
4360.51960 16.834 0.017
4361.56211 16.901 0.019
4361.56492 16.932 0.020
4362.50384 16.819 0.016
4362.50666 16.849 0.016
4365.55468 17.250 0.026
4365.55748 17.244 0.025
4367.48077 17.268 0.022
4367.48358 17.281 0.019
4368.52437 17.328 0.025
4368.52723 17.338 0.025
4369.60376 16.666 0.017
4369.60659 16.628 0.017
4370.48168 17.416 0.028
4370.48450 17.366 0.025
4371.52685 16.584 0.012
4371.52966 16.585 0.011
4372.51141 16.723 0.013
4372.51542 16.739 0.012
4373.48710 16.838 0.019
4373.48991 16.815 0.016
4376.56349 17.237 0.026
4376.56630 17.225 0.023
4377.60074 17.317 0.025
4377.60358 17.287 0.022
4378.51127 17.243 0.019
4378.51410 17.269 0.019
4379.52631 17.291 0.025
4379.52915 17.298 0.024
4380.53781 17.337 0.021
4380.54064 17.354 0.020
4381.51649 17.246 0.025
4381.51930 17.232 0.024
4382.55819 16.814 0.017
4382.56131 16.830 0.015
4383.54959 16.894 0.017
4383.55241 16.901 0.017
4384.52374 16.910 0.017
4384.52658 16.970 0.017
4387.57497 17.243 0.022
4387.58054 17.243 0.020
4393.52361 16.877 0.015
4393.52643 16.857 0.014
4394.53896 16.777 0.015
4394.54178 16.789 0.014
4395.51035 16.824 0.016
4395.51318 16.814 0.016
4396.50237 16.935 0.022
4396.50517 16.932 0.019
4397.52669 17.090 0.021
4397.52950 17.060 0.018
4398.53159 17.218 0.023
4398.53441 17.215 0.021
4399.52425 17.248 0.026
4399.52707 17.251 0.025
4400.52633 17.317 0.030
4400.52917 17.305 0.028
4402.54274 17.435 0.031
4402.54558 17.389 0.029
4403.54182 17.365 0.030
4403.54462 17.360 0.027
4407.51774 17.003 0.020
4407.52056 17.010 0.020
4507.84838 16.923 0.017
4507.85096 16.886 0.016
4510.85351 16.948 0.015
4510.85622 16.980 0.017
4513.85463 17.218 0.017
4513.85736 17.158 0.015
4517.84808 17.425 0.032
4517.85647 17.456 0.034
4519.87471 16.766 0.013
4519.87741 16.753 0.013
4522.86861 17.071 0.021
4522.87132 17.084 0.019
4524.80451 17.114 0.019
4524.80722 17.142 0.018
4530.81211 16.918 0.013
4530.81482 16.826 0.012
4533.84572 17.023 0.016
4533.84845 17.072 0.016
4535.79914 17.127 0.020
4535.80187 17.136 0.019
4536.88837 17.264 0.017
4536.89110 17.264 0.017
4537.87402 17.293 0.016
4537.87675 17.279 0.016
4538.80916 17.308 0.021
4538.81187 17.270 0.019
4539.84720 17.360 0.018
4540.79336 17.322 0.018
4540.79607 17.344 0.017
4541.78610 17.251 0.017
4541.78880 17.232 0.016
4542.78076 16.907 0.016
4542.78349 16.849 0.015
4543.77630 16.806 0.014
4543.77903 16.813 0.013
4544.77321 16.872 0.016
4544.77593 16.909 0.015
4545.77948 16.975 0.016
4545.78221 16.953 0.015
4546.78666 17.066 0.016
4546.78936 17.092 0.017
4547.78063 17.131 0.017
4547.78333 17.119 0.017
4548.74964 17.153 0.023
4548.79431 17.248 0.022
4550.73460 17.270 0.025
4550.73734 17.279 0.023
4551.75217 17.311 0.020
4551.76054 17.290 0.019
4552.75373 17.372 0.043
4552.75644 17.389 0.036
4556.74983 16.856 0.013
4556.75256 16.844 0.012
4557.76711 17.015 0.015
4557.76983 17.040 0.015
4558.74405 17.075 0.015
4558.74677 17.102 0.014
4558.91381 17.325 0.017
4559.74196 17.148 0.016
4559.74466 17.148 0.015
4560.74206 17.258 0.018
4560.74477 17.252 0.017
4561.73209 17.282 0.017
4561.73482 17.286 0.017
4561.91830 16.695 0.012
4564.72231 17.396 0.020
4564.72502 17.409 0.018
4564.92279 17.015 0.016
4565.72039 17.240 0.015
4565.72309 17.192 0.014
4565.91123 17.079 0.013
4566.71987 16.667 0.011
4566.72257 16.663 0.011
4566.91623 17.155 0.015
4567.71285 16.807 0.013
4567.71554 16.837 0.014
4567.91871 17.237 0.018
4568.71873 16.970 0.016
4568.72145 16.957 0.015
4569.72775 17.065 0.016
4569.73047 17.055 0.018
4570.72116 17.125 0.019
4570.72389 17.145 0.018
4571.71582 17.148 0.020
4571.71852 17.236 0.023
4571.90437 17.325 0.018
4572.74329 17.255 0.018
4572.74601 17.221 0.017
4573.73167 17.261 0.019
4573.73441 17.286 0.018
4573.89804 16.800 0.012
4574.73405 17.305 0.020
4574.73680 17.282 0.021
4575.73956 17.294 0.019
4575.74229 17.302 0.018
4576.74968 16.920 0.014
4576.75240 16.867 0.013
4577.83137 16.963 0.016
4577.83408 16.989 0.014
4578.78242 16.968 0.019
4578.78513 16.969 0.020
4579.85930 17.193 0.019
4579.86203 17.155 0.024
4583.72612 17.265 0.021
4583.72884 17.284 0.021
4583.91225 17.236 0.017
4583.91498 17.154 0.016
4585.74985 17.316 0.021
4585.75258 17.338 0.022
4586.77502 17.351 0.021
4586.77776 17.373 0.021
4587.76273 16.696 0.014
4587.76544 16.631 0.012
4587.92132 17.069 0.020
4587.92403 17.102 0.020
4588.68523 17.410 0.023
4588.68795 17.385 0.022
4588.91611 17.149 0.017
4588.91884 17.137 0.015
4589.66814 16.829 0.015
4589.67089 16.743 0.013
4589.82356 17.063 0.016
4589.82630 17.026 0.014
4589.88557 17.181 0.019
4589.88829 17.190 0.017
4590.68773 16.798 0.014
4590.69049 16.797 0.014
4590.89340 17.266 0.019
4590.89615 17.284 0.017
4591.69943 16.963 0.016
4591.82431 17.229 0.017
4591.82705 17.226 0.016
4591.89143 17.300 0.019
4591.89416 17.307 0.019
4592.65800 16.969 0.015
4592.66075 16.966 0.016
4592.84732 17.329 0.025
4592.92564 17.345 0.021
4592.92836 17.355 0.021
4593.64716 17.017 0.019
4593.64992 17.056 0.017
4593.85688 17.314 0.021
4593.93905 17.452 0.033
4594.66821 17.207 0.019
4594.67097 17.212 0.019
4594.86320 17.383 0.021
4594.86596 17.426 0.020
4594.92873 16.692 0.014
4594.93148 16.637 0.012
4595.65774 17.223 0.017
4595.66048 17.264 0.018
4595.85212 17.391 0.020
4595.85485 17.380 0.019
4595.91400 16.657 0.013
4595.91674 16.705 0.012
4596.65293 17.278 0.020
4596.65567 17.311 0.019
4597.67739 17.303 0.019
4597.68013 17.290 0.018
4597.86891 16.879 0.015
4597.87164 16.860 0.013
4598.65367 17.305 0.016
4598.65642 17.309 0.015
4598.92234 17.083 0.017
4598.92509 17.110 0.015
4599.62609 17.401 0.027
4599.62885 17.353 0.023
4599.91666 17.189 0.021
4600.63538 17.228 0.016
4600.63812 17.220 0.015
4600.84411 17.101 0.016
4601.64098 16.727 0.012
4601.64370 16.735 0.012
4601.85719 17.187 0.016
4601.85993 17.177 0.014
4601.91906 17.256 0.019
4602.63360 16.832 0.013
4602.63634 16.861 0.012
4602.84300 17.227 0.016
4603.76103 17.155 0.017
4603.76378 17.167 0.017
4606.63488 17.152 0.021
4606.63762 17.178 0.019
4606.88623 16.923 0.015
4606.88897 16.889 0.015
4610.73103 16.764 0.014
4610.73377 16.781 0.012
4610.93824 17.148 0.022
4610.94100 17.156 0.020
4611.62038 17.413 0.024
4611.62311 17.376 0.023
4611.81123 16.965 0.014
4611.81395 16.999 0.014
4612.64172 16.811 0.016
4612.64448 16.780 0.015
4615.78345 17.293 0.021
4615.78621 17.238 0.019
4616.59249 16.978 0.020
4616.59523 16.979 0.017
4616.80896 17.291 0.019
4616.81174 17.295 0.017
4616.87892 17.399 0.024
4616.88170 17.442 0.021
4617.65870 17.201 0.017
4617.66147 17.228 0.017
4618.60421 17.180 0.019
4618.60696 17.207 0.018
4621.73592 16.539 0.008
4621.90199 17.108 0.016
4622.80264 16.972 0.016
4622.80539 16.965 0.015
4622.90409 17.210 0.024
4622.90685 17.201 0.022
4623.62699 17.033 0.018
4623.64076 16.579 0.014
4623.86179 17.191 0.024
4623.86454 17.222 0.022
4623.93423 17.299 0.027
4624.58170 17.041 0.018
4624.58447 16.919 0.015
4624.80589 17.152 0.019
4624.80866 17.195 0.019
4624.87225 17.270 0.019
4624.87501 17.282 0.021
4625.59581 16.741 0.015
4625.59857 16.759 0.015
4625.78616 17.176 0.021
4625.78893 17.277 0.020
4625.87774 17.327 0.025
4625.90369 17.350 0.026
4626.59432 16.901 0.016
4626.59709 16.894 0.016
4626.84963 17.325 0.020
4626.85240 17.371 0.024
4627.55477 16.935 0.016
4627.55754 16.916 0.014
4627.82208 17.328 0.017
4627.82975 17.295 0.015
4627.91135 17.316 0.018
4627.91410 17.260 0.016
4628.54050 16.986 0.016
4628.54325 17.024 0.016
4628.74834 17.285 0.019
4628.81376 17.407 0.023
4628.81654 17.352 0.020
4628.88367 16.984 0.016
4629.61946 17.241 0.018
4629.62222 17.245 0.016
4629.82210 17.227 0.018
4629.82486 17.198 0.017
4629.90011 16.792 0.014
4629.90286 16.817 0.014
4630.55538 17.190 0.020
4630.55817 17.172 0.018
4630.76126 17.346 0.019
4630.76401 17.328 0.017
4630.84456 16.738 0.013
4630.84735 16.767 0.012
4630.90736 16.996 0.020
4630.91014 16.986 0.017
4631.55682 17.242 0.017
4631.55957 17.248 0.016
4631.77256 16.718 0.012
4631.77533 16.705 0.011
4631.85920 16.937 0.015
4631.86199 16.935 0.014
4632.56056 17.282 0.019
4632.56335 17.252 0.018
4632.84733 17.010 0.017
4632.85009 16.997 0.015
4633.56056 17.285 0.019
4633.56332 17.326 0.020
4633.67207 16.870 0.014
4633.78783 16.954 0.015
4633.79060 16.963 0.015
4633.81048 17.035 0.016
4638.74557 17.247 0.021
4638.74837 17.258 0.019
4638.85583 17.327 0.023
4638.85858 17.302 0.022
4639.56814 17.056 0.019
4639.57093 17.072 0.018
4639.66593 17.203 0.018
4640.58767 17.154 0.016
4640.59044 17.142 0.016
4640.71983 17.262 0.019
4640.72261 17.265 0.017
4640.82486 17.226 0.022
4640.82762 17.260 0.021
4641.66165 17.274 0.018
4641.66443 17.252 0.017
4641.77162 17.346 0.021
4641.77439 17.330 0.019
4642.58555 17.259 0.019
4642.58832 17.235 0.018
4642.74808 17.215 0.020
4642.75085 17.143 0.017
4642.82316 16.809 0.015
4642.82592 16.787 0.014
4643.54333 17.245 0.022
4643.54611 17.284 0.021
4644.59069 17.327 0.023
4644.59349 17.335 0.022
4644.84692 17.045 0.016
4644.84970 17.023 0.014
4645.51375 17.284 0.024
4645.51655 17.290 0.021
4645.76224 16.920 0.017
4645.76503 16.938 0.015
4645.83697 17.099 0.019
4646.51180 17.322 0.020
4646.51461 17.332 0.019
4646.84421 17.177 0.019
4647.50818 17.452 0.027
4647.51098 17.512 0.025
4647.73124 17.070 0.018
4647.84226 17.226 0.022
4648.49132 17.368 0.023
4648.49412 17.294 0.021
4648.70497 17.086 0.017
4648.80886 17.263 0.021
4649.51742 16.702 0.014
4649.52021 16.699 0.014
4649.72613 17.241 0.018
4649.72891 17.244 0.016
4649.85253 17.354 0.024
4650.50338 16.840 0.017
4650.50620 16.836 0.015
4650.76731 17.323 0.020
4650.77012 17.320 0.019
4650.86103 17.492 0.028
4650.86381 17.459 0.024
4651.50676 16.950 0.018
4651.50953 16.967 0.019
4651.80189 17.435 0.023
4651.80468 17.453 0.023
4652.49780 17.030 0.018
4652.50059 17.036 0.017
4652.71095 17.322 0.019
4652.71373 17.348 0.018
4652.78584 17.451 0.022
4652.78861 17.439 0.020
4652.83557 16.555 0.013
4652.83834 16.544 0.012
4653.49413 17.105 0.020
4653.49694 17.149 0.022
4653.71334 17.459 0.022
4653.71612 17.451 0.022
4653.77849 16.628 0.015
4653.78129 16.581 0.013
4654.53294 17.259 0.019
4654.53574 17.287 0.021
4654.74438 16.575 0.012
4654.74719 16.565 0.011
4654.80950 16.839 0.017
4654.81232 16.865 0.017
4655.49403 17.280 0.022
4655.49681 17.276 0.022
4655.71852 16.641 0.011
4655.72130 16.647 0.010
4655.78029 16.886 0.015
4655.78309 16.880 0.013
4656.49595 17.333 0.018
4656.49875 17.300 0.017
4656.68571 16.729 0.014
4656.68849 16.721 0.012
4656.80498 17.062 0.020
4656.80777 17.081 0.018
4657.61237 16.596 0.014
4657.72310 16.963 0.016
4658.65428 16.911 0.015
4658.65708 16.936 0.015
4659.58841 16.866 0.016
4659.59119 16.878 0.017
4660.60674 17.027 0.018
4660.60952 17.008 0.016
4661.48403 16.818 0.017
4661.48681 16.839 0.015
4661.68472 17.234 0.022
4661.68750 17.265 0.021
4661.74620 17.257 0.029
4661.74898 17.280 0.021
4661.81338 17.360 0.029
4661.81617 17.337 0.024
4665.65144 17.393 0.030
4665.65426 17.382 0.026
4666.55690 17.267 0.020
4666.55968 17.288 0.021
4666.69997 16.759 0.015
4666.70276 16.777 0.014
4666.74214 16.852 0.016
4666.74491 16.855 0.015
4667.49984 17.285 0.026
4667.56843 17.324 0.024
4667.57123 17.400 0.027
4669.60716 16.854 0.018
4670.64159 16.985 0.016
4670.64440 16.996 0.016
4671.57711 16.957 0.014
4671.57992 16.937 0.014
4672.50261 16.857 0.013
4672.50540 16.854 0.012
4672.69508 17.226 0.016
4672.69790 17.228 0.016
4672.71738 17.237 0.017
4672.72018 17.266 0.017
4674.50573 17.011 0.019
4674.50853 17.048 0.018
4674.69883 17.291 0.019
4674.70164 17.291 0.018
4674.74093 17.366 0.022
4675.67234 17.299 0.020
4677.48232 17.239 0.018
4677.48511 17.206 0.017
4677.62862 17.389 0.024
4677.63144 17.396 0.021
4677.77120 16.814 0.015
4677.77402 16.836 0.014
4678.68571 16.689 0.012
4678.68853 16.696 0.011
4679.48790 17.320 0.026
4679.49073 17.310 0.023
4681.52369 16.881 0.014
4681.52651 16.792 0.013
4681.62371 16.917 0.015
4681.62653 16.924 0.014
4681.75592 17.217 0.019
4681.75875 17.203 0.017
4682.49471 16.548 0.011
4682.49752 16.532 0.011
4682.65204 17.066 0.015
4682.65485 17.104 0.015
4682.74725 17.269 0.018
4682.75007 17.275 0.018
4683.51323 16.806 0.016
4683.51604 16.829 0.016
4683.70013 17.280 0.020
4683.70294 17.251 0.018
4684.50576 16.929 0.015
4684.50859 16.936 0.014
4684.71947 17.310 0.018
4684.72229 17.322 0.018
4685.49068 17.010 0.019
4685.49352 17.027 0.019
4685.51327 17.079 0.018
4685.57035 17.169 0.017
4685.60439 17.217 0.016
4685.65929 17.312 0.017
4685.72565 17.340 0.021
4685.72849 17.391 0.020
4686.49447 17.138 0.018
4686.49730 17.131 0.017
4686.70129 17.339 0.022
4687.47824 17.173 0.019
4687.48106 17.173 0.019
4687.73374 16.964 0.017
4687.73655 16.836 0.014
4688.49115 17.268 0.022
4688.49398 17.289 0.021
4688.68099 17.227 0.017
4688.68381 17.146 0.016
4688.74279 16.735 0.015
4688.74562 16.746 0.014
4693.53875 16.845 0.013
4693.54156 16.863 0.012
4694.53396 16.978 0.019
4694.53679 16.984 0.020
4697.49462 17.125 0.017
4697.49745 17.114 0.016
4698.50015 17.199 0.018
4698.50297 17.140 0.016
4699.49628 17.224 0.020
4699.49911 17.255 0.018
4700.50255 17.252 0.018
4700.50538 17.264 0.017
4701.49785 17.304 0.022
4701.50066 17.322 0.020
4702.49636 17.369 0.021
4702.49919 17.313 0.018
4703.56687 16.809 0.014
4703.56967 16.794 0.013
4704.63663 17.036 0.016
4704.63945 17.013 0.014
4705.50005 16.824 0.014
4705.50288 16.824 0.013
4707.60089 17.183 0.017
4708.53323 17.168 0.020
4708.53608 17.168 0.019
4709.50936 17.195 0.022
4709.51218 17.265 0.023
4710.53899 17.271 0.019
4710.54181 17.284 0.017
4711.51834 17.291 0.023
4711.52116 17.272 0.019
4715.57835 16.850 0.017
4715.58116 16.885 0.016
4716.58073 17.019 0.023
4716.58355 17.002 0.019
4720.54785 17.263 0.022
4720.55070 17.262 0.021
4721.47940 17.230 0.028
4721.48225 17.315 0.027
4722.51196 17.276 0.021
4722.51479 17.260 0.019
4724.50178 17.399 0.027
4724.50459 17.358 0.023
4725.47656 17.398 0.034
4725.48288 17.376 0.027
4726.54148 16.832 0.018
4726.54431 16.890 0.019
4728.58661 17.122 0.021
4728.58944 17.119 0.020
4729.54210 17.104 0.018
4729.54492 17.150 0.020
4730.55843 17.199 0.018
4730.56128 17.212 0.017
4731.56536 17.260 0.020
4731.56818 17.253 0.019
4733.51704 17.259 0.019
4733.51988 17.266 0.018
4734.54641 17.336 0.022
4734.54926 17.348 0.021
4737.53734 16.800 0.015
4737.54014 16.775 0.013
4740.54781 17.069 0.019
4740.55065 17.093 0.019
4741.55551 17.193 0.019
4741.55834 17.201 0.018
4743.53048 17.264 0.021
4743.53330 17.235 0.019
4753.54140 17.233 0.023
4753.54423 17.218 0.022
4756.51746 17.360 0.028
4756.52306 17.334 0.023
4758.50304 17.317 0.026
4758.50588 17.274 0.023
4868.87357 17.245 0.018
4868.87629 17.281 0.018
4869.85742 17.261 0.020
4869.86015 17.321 0.020
4873.84624 16.753 0.014
4873.84898 16.702 0.013
4874.84076 16.707 0.017
4877.84058 17.085 0.016
4877.84329 17.077 0.015
4883.84531 17.345 0.019
4884.84809 16.728 0.013
4884.85082 16.727 0.012
4886.89396 17.045 0.017
4886.89705 17.056 0.020
4890.87618 17.200 0.016
4890.87888 17.237 0.015
4896.86443 16.823 0.013
4896.86714 16.804 0.012
4899.83531 17.001 0.016
4899.83804 17.022 0.015
4900.87678 17.187 0.016
4900.87949 17.212 0.018
4901.87516 17.292 0.018
4902.87388 17.279 0.017
4902.87659 17.269 0.016
4904.79796 17.327 0.019
4904.80068 17.305 0.018
4905.90196 16.733 0.014
4905.90466 16.672 0.013
4910.80386 16.965 0.015
4910.82642 16.963 0.015
4911.77450 17.012 0.013
4911.77720 17.024 0.012
4912.77141 17.100 0.014
4912.77411 17.110 0.013
4914.78848 17.274 0.018
4914.79119 17.238 0.017
4917.74954 17.276 0.017
4917.75222 17.275 0.015
4920.73252 16.821 0.011
4924.77047 17.149 0.014
4924.77358 17.113 0.014
4925.81095 17.231 0.016
4925.89800 17.290 0.015
4927.70459 17.225 0.023
4927.70715 17.224 0.022
4927.86511 17.403 0.024
4928.72711 17.260 0.020
4929.78340 17.395 0.019
4929.78595 17.420 0.019
4930.69787 17.373 0.023
4930.70045 17.416 0.022
4930.81681 16.756 0.013
4931.71270 17.254 0.023
4931.71528 17.256 0.020
4931.85840 16.973 0.016
4932.71579 16.637 0.012
4932.71834 16.652 0.012
4932.78452 16.867 0.013
4932.81646 16.977 0.013
4932.81901 16.946 0.013
4933.76410 16.937 0.017
4933.76667 16.923 0.016
4934.76250 17.047 0.023
4934.86994 17.222 0.022
4938.67310 17.242 0.021
4938.67566 17.249 0.019
4938.87773 17.386 0.021
4939.69200 17.278 0.020
4939.69457 17.280 0.021
4940.69199 17.317 0.018
4940.69457 17.323 0.019
4941.67077 17.345 0.019
4941.67332 17.360 0.021
4941.76876 16.931 0.015
4941.88713 16.987 0.019
4942.66541 17.391 0.021
4942.70853 17.321 0.017
4942.71109 17.300 0.017
4943.66259 17.344 0.020
4943.66516 17.365 0.019
4943.80209 16.979 0.014
4944.65939 16.627 0.012
4944.66197 16.647 0.011
4944.81486 17.080 0.015
4945.70783 16.933 0.015
4945.71042 16.940 0.013
4945.76430 17.056 0.014
4946.65750 16.933 0.014
4946.66009 16.940 0.014
4947.65119 17.012 0.015
4947.65375 17.012 0.013
4947.84913 17.308 0.016
4948.83174 17.277 0.016
4949.77984 17.274 0.017
4951.63988 17.194 0.018
4951.64246 17.228 0.019
4952.63810 17.280 0.019
4952.64068 17.293 0.019
4953.63173 17.327 0.021
4953.63432 17.341 0.019
4953.80630 16.870 0.015
4954.63325 17.338 0.021
4954.63584 17.372 0.021
4954.82614 17.031 0.015
4955.62825 17.172 0.022
4955.76735 16.977 0.016
4955.76991 16.974 0.015
