 530.86000 16.450 0.018
 531.78951 16.500 0.024
 534.79373 16.177 0.016
 535.80107 16.655 0.023
 539.80558 16.044 0.015
 540.78823 16.645 0.019
 541.79709 16.325 0.017
 550.81001 16.588 0.009
 551.91660 16.452 0.009
 552.75593 16.582 0.009
 553.87953 16.507 0.009
 554.75801 16.654 0.011
 555.80415 16.472 0.010
 557.71103 16.422 0.010
 557.80068 16.604 0.010
 557.89055 16.672 0.011
 558.75625 16.401 0.011
 558.89224 16.448 0.010
 559.70642 16.534 0.012
 560.68539 16.608 0.011
 560.77582 16.280 0.011
 560.88873 16.588 0.010
 561.68442 16.648 0.010
 561.81269 16.785 0.011
 561.88211 16.038 0.008
 562.72458 16.331 0.010
 562.80873 16.556 0.010
 562.89949 16.643 0.011
 563.81590 16.005 0.008
 563.90330 16.378 0.009
 567.72437 16.176 0.008
 567.85372 16.560 0.010
 568.72307 16.678 0.010
 568.80786 16.800 0.011
 569.69002 16.318 0.009
 570.68399 16.701 0.011
 570.86306 16.343 0.008
 571.66538 16.431 0.010
 571.78503 16.653 0.009
 571.89819 16.811 0.012
 572.73259 16.052 0.008
 572.86916 16.519 0.011
 573.65986 16.570 0.010
 573.83515 16.813 0.010
 574.68185 16.103 0.008
 574.77221 16.444 0.010
 575.68284 16.671 0.016
 575.86983 16.223 0.008
 576.68590 16.385 0.008
 576.82709 16.666 0.011
 577.83944 16.370 0.009
 578.68722 16.542 0.009
 581.65920 16.139 0.008
 581.87807 16.690 0.010
 582.67164 16.682 0.012
 582.88927 16.389 0.011
 583.66664 16.398 0.009
 583.77636 16.631 0.009
 583.91135 16.796 0.013
 587.68248 16.663 0.012
 588.66533 16.295 0.009
 588.78312 16.597 0.009
 590.76477 16.674 0.013
 599.67642 16.655 0.010
 600.66247 16.248 0.008
 600.80196 16.613 0.009
 601.73277 16.813 0.010
 601.93451 16.552 0.012
 605.59500 16.784 0.022
 605.92397 16.672 0.012
 606.59483 16.579 0.009
 606.73407 16.767 0.009
 606.90786 16.401 0.009
 607.58796 16.012 0.007
 607.70812 16.476 0.009
 607.86479 16.676 0.010
 608.58310 16.669 0.010
 608.69992 16.800 0.011
 608.85643 16.438 0.009
 614.60470 16.232 0.008
 614.79396 16.644 0.008
 615.58506 16.679 0.009
 615.67962 16.776 0.010
 615.77462 16.246 0.008
 615.89352 16.584 0.011
 616.58541 16.382 0.009
 616.70359 16.651 0.010
 616.79902 16.738 0.011
 616.89472 16.046 0.008
 622.79518 16.393 0.009
 623.66961 16.652 0.010
 623.80897 16.812 0.012
 624.58657 16.811 0.011
 624.68225 16.244 0.009
 624.75660 16.485 0.010
 625.59654 16.632 0.010
 625.69593 16.733 0.010
 626.57773 16.052 0.008
 626.65223 16.353 0.010
 626.79185 16.656 0.010
 627.81419 16.375 0.011
 628.63103 16.471 0.009
 628.73087 16.640 0.011
 628.83982 16.793 0.013
 629.60085 16.800 0.011
 629.72103 16.260 0.009
 630.57080 16.491 0.010
 631.64820 16.217 0.008
 631.74442 16.491 0.010
 632.63895 16.677 0.011
 632.73098 16.746 0.010
 633.61808 16.342 0.008
 635.68783 16.645 0.012
 643.56212 16.811 0.012
 643.65727 16.224 0.008
 645.57555 16.123 0.008
 649.51630 16.410 0.011
 652.56153 16.172 0.008
 653.70299 16.082 0.008
 656.60298 16.644 0.009
 657.59975 16.200 0.008
 658.60726 16.673 0.011
 663.54616 16.599 0.010
 665.57340 16.687 0.009
 666.50968 16.220 0.008
 667.54580 16.709 0.009
 669.50839 16.820 0.011
 670.67675 16.788 0.012
 671.51169 16.040 0.009
 673.64918 16.631 0.014
 684.49849 16.635 0.009
 685.48929 16.200 0.008
 686.54115 16.770 0.011
 687.53436 16.523 0.009
 688.51487 16.716 0.011
 689.49975 16.593 0.009
 694.50472 16.526 0.010
 697.50601 16.241 0.009
 698.50157 16.709 0.011
 699.49809 16.408 0.009
 700.51390 16.787 0.012
 701.49790 16.576 0.016
 704.51548 16.383 0.011
 708.58582 16.691 0.012
 713.50694 16.579 0.010
 720.51091 16.622 0.009
 728.61701 16.572 0.011
 742.56301 16.610 0.014
 753.52613 16.676 0.013
 878.84977 16.407 0.008
 890.89490 16.499 0.010
 896.82315 16.675 0.008
 900.82238 15.988 0.007
 918.83232 16.632 0.010
 924.89257 16.237 0.009
 928.89273 16.598 0.011
 930.81529 16.552 0.010
 933.79563 16.198 0.008
 936.83908 16.221 0.008
 937.78211 16.540 0.009
 939.74277 16.585 0.009
 941.71673 16.644 0.010
 950.69398 16.709 0.013
 951.76448 16.601 0.010
 952.73124 16.015 0.008
 953.74522 16.637 0.010
 954.75040 16.344 0.009
 961.78665 16.509 0.009
 962.71178 16.719 0.011
 963.71878 16.500 0.009
 964.78696 16.192 0.008
 965.68901 16.569 0.010
 965.90447 16.003 0.008
 966.66475 16.310 0.008
 966.87964 16.626 0.010
 968.81509 16.623 0.012
 969.70488 16.729 0.018
 970.71205 16.551 0.010
 970.83423 16.697 0.013
 971.67904 16.775 0.011
 978.62727 16.788 0.013
 984.69445 16.597 0.009
 985.59777 16.748 0.009
 988.71250 16.808 0.012
 990.67568 16.471 0.009
 991.64607 16.582 0.012
 992.79449 16.553 0.013
 995.68381 16.798 0.015
 998.76064 16.759 0.012
1006.73900 16.576 0.012
1011.76869 16.545 0.009
1021.65971 16.646 0.010
1026.61942 16.713 0.012
1035.56057 16.768 0.012
1036.60526 16.612 0.009
1037.61164 16.192 0.008
1038.64334 16.731 0.015
1039.68522 16.614 0.013
1040.53033 16.670 0.011
1041.54380 16.382 0.009
1043.57371 16.622 0.011
1045.52203 16.636 0.010
1046.52934 16.228 0.008
1047.56342 16.743 0.015
1048.54271 16.461 0.010
1051.58931 16.327 0.010
1053.62546 16.586 0.010
1054.51783 16.713 0.010
1060.53758 16.453 0.011
1061.52618 16.795 0.014
1064.52983 16.633 0.011
1065.49711 16.152 0.008
1069.64177 16.747 0.012
1074.54117 16.520 0.011
1077.59430 16.464 0.010
1080.50640 16.773 0.013
1087.55581 16.050 0.008
1092.60611 16.121 0.012
1105.57429 16.613 0.010
1107.53410 16.620 0.011
1108.54865 16.401 0.012
1109.51798 16.692 0.016
1110.50015 16.415 0.013
1111.52421 16.761 0.021
1112.53365 16.628 0.018
1113.55519 16.268 0.012
1114.50154 16.669 0.014
1116.50292 16.694 0.014
1118.55224 16.092 0.012
1119.51993 16.653 0.015
1120.53206 16.294 0.015
1120.54135 16.284 0.013
1121.50705 16.686 0.017
1122.50490 16.397 0.015
1122.51282 16.464 0.015
1124.50568 16.560 0.018
1125.51528 16.033 0.009
1126.51628 16.633 0.018
1127.51553 16.334 0.015
1128.51626 16.752 0.020
1220.87107 16.313 0.011
1225.85275 16.064 0.009
1237.87135 16.134 0.008
1242.80879 16.774 0.015
1252.80459 16.661 0.012
1255.85815 16.646 0.011
1259.82172 16.696 0.011
1264.90495 16.808 0.013
1267.91321 16.641 0.012
1272.87836 16.571 0.011
1279.89325 16.657 0.011
1289.79059 16.189 0.008
1291.87317 16.606 0.009
1295.76922 16.632 0.011
1296.88514 16.567 0.009
1297.83668 16.811 0.014
1299.87646 16.241 0.010
1305.80659 16.577 0.011
1306.68554 16.698 0.011
1307.90204 16.804 0.013
1312.78060 16.591 0.009
1313.90170 16.483 0.010
1315.79203 16.384 0.009
1316.71723 16.666 0.010
1317.79793 16.554 0.010
1318.78558 16.386 0.010
1319.81852 16.660 0.011
1320.66925 16.768 0.012
1321.69370 16.597 0.010
1327.77103 16.281 0.012
1332.82394 16.338 0.010
1335.72502 16.682 0.010
1338.77272 16.642 0.011
1340.67134 16.584 0.010
1342.62699 16.626 0.010
1346.68504 16.091 0.008
1347.71512 16.667 0.010
1348.74845 16.446 0.010
1349.76226 16.709 0.010
1350.79000 16.618 0.009
1354.63972 16.644 0.012
1355.61448 16.028 0.008
1360.81529 16.577 0.013
1365.67906 16.012 0.008
1366.62556 16.593 0.011
1367.69272 16.351 0.011
1368.64146 16.661 0.010
1369.74252 16.612 0.010
1370.58237 16.678 0.012
1374.72827 16.497 0.010
1375.65201 16.711 0.011
1394.59564 16.668 0.011
1395.57422 16.308 0.008
1397.72341 16.673 0.013
1398.57756 16.588 0.009
1399.59968 16.648 0.010
1400.60639 16.309 0.009
1401.56453 16.661 0.012
1402.55728 16.348 0.009
1403.62732 16.147 0.009
1404.56067 16.522 0.010
1407.57863 16.296 0.010
1408.55580 16.689 0.011
1410.56800 16.809 0.018
1415.56277 16.736 0.015
1416.54306 16.452 0.010
1418.52385 16.566 0.010
1430.61352 16.632 0.013
1433.51955 16.228 0.009
1436.62001 16.246 0.009
1441.52541 16.726 0.016
1443.51969 16.387 0.011
1447.54599 16.465 0.011
1449.54583 16.609 0.012
1454.54382 16.555 0.013
1459.52222 16.402 0.011
1479.51667 16.808 0.018
1593.88767 16.227 0.010
1594.87541 16.674 0.012
1595.86943 16.392 0.011
1596.89314 16.828 0.015
1609.83207 16.426 0.009
1616.90628 16.619 0.011
1618.84266 16.634 0.012
1621.79388 16.288 0.011
1623.80574 16.489 0.010
1625.85526 16.683 0.011
1627.81504 16.707 0.012
1630.89713 16.677 0.015
1633.78899 16.226 0.008
1643.79948 16.148 0.009
1644.91034 16.812 0.011
1646.85983 16.811 0.017
1652.82586 16.432 0.010
1653.81449 16.787 0.011
1655.91782 16.402 0.010
1661.86264 16.656 0.010
1662.91039 16.454 0.009
1663.82783 16.688 0.010
1665.74010 16.661 0.015
1666.83135 16.560 0.009
1667.87561 16.218 0.009
1668.88930 16.673 0.011
1670.75790 16.642 0.009
1671.85195 16.538 0.009
1674.81271 16.047 0.008
1676.79438 16.250 0.008
1681.83478 16.264 0.009
1682.83738 16.701 0.013
1687.85717 16.718 0.012
1692.67512 16.249 0.008
1693.77718 16.012 0.008
1695.85662 16.486 0.009
1698.71183 16.722 0.011
1700.87795 16.461 0.010
1702.70246 16.037 0.008
1703.85927 16.017 0.008
1705.70068 16.711 0.011
1706.72178 16.537 0.009
1709.64363 16.454 0.010
1717.67456 16.694 0.010
1721.74933 16.322 0.009
1722.65618 16.625 0.010
1725.71462 16.570 0.009
1726.62362 16.741 0.012
1728.66771 16.094 0.008
1729.64315 16.627 0.008
1730.61431 16.143 0.009
1731.52942 16.605 0.011
1732.68178 16.566 0.009
1738.65888 16.833 0.030
1742.67320 16.350 0.009
1743.65013 16.715 0.010
1743.79958 16.213 0.009
1744.57128 16.177 0.009
1744.65412 16.469 0.010
1744.73246 16.631 0.014
1744.80565 16.664 0.015
1745.53178 16.661 0.010
1745.66023 16.718 0.010
1745.68568 15.999 0.008
1745.69171 15.998 0.008
1745.69770 16.019 0.008
1745.71745 16.101 0.008
1745.72345 16.153 0.008
1745.74295 16.237 0.008
1745.74897 16.255 0.009
1745.76860 16.335 0.010
1745.77464 16.363 0.010
1745.80073 16.447 0.010
1745.80675 16.459 0.010
1745.81355 16.411 0.012
1745.81956 16.488 0.015
1745.82558 16.487 0.013
1745.83192 16.499 0.012
1745.83795 16.499 0.012
1746.48166 16.049 0.008
1746.48825 16.104 0.008
1746.49427 16.132 0.008
1746.50049 16.170 0.009
1746.50649 16.185 0.008
1746.52196 16.267 0.009
1746.53485 16.307 0.009
1746.54083 16.320 0.010
1746.55376 16.378 0.010
1746.55978 16.388 0.010
1746.57295 16.421 0.010
1746.57897 16.437 0.010
1746.59211 16.457 0.010
1746.59816 16.474 0.010
1746.61106 16.523 0.010
1746.61708 16.553 0.010
1746.63409 16.583 0.011
1746.64009 16.584 0.009
1746.65313 16.617 0.010
1746.65914 16.623 0.010
1746.67204 16.598 0.009
1746.67804 16.633 0.009
1746.68439 16.659 0.010
1746.69040 16.652 0.010
1746.70308 16.663 0.010
1746.71560 16.677 0.010
1746.72849 16.695 0.010
1746.73500 16.704 0.012
1748.58559 16.603 0.012
1749.47078 16.728 0.012
1749.52649 16.776 0.015
1749.78863 16.641 0.009
1750.51360 16.597 0.010
1750.66966 16.804 0.012
1751.46337 16.763 0.016
1751.47318 16.659 0.011
1751.54889 16.222 0.008
1751.58662 16.361 0.009
1751.77275 16.701 0.010
1752.54775 16.709 0.013
1752.62242 16.791 0.013
1752.78753 16.456 0.010
1753.47310 16.157 0.009
1753.53392 16.402 0.010
1753.56572 16.481 0.009
1753.57870 16.511 0.010
1753.58514 16.525 0.009
1753.59165 16.542 0.009
1753.59795 16.556 0.009
1753.60427 16.572 0.009
1753.61028 16.603 0.010
1753.61630 16.597 0.009
1753.62264 16.604 0.009
1753.62864 16.601 0.009
1753.63464 16.626 0.009
1753.64105 16.631 0.010
1753.64705 16.634 0.010
1753.65304 16.649 0.010
1753.65970 16.656 0.010
1753.66569 16.655 0.010
1753.67168 16.649 0.010
1753.67822 16.658 0.010
1753.68422 16.653 0.010
1753.69024 16.670 0.010
1753.69669 16.667 0.010
1753.70271 16.662 0.011
1753.70873 16.675 0.011
1753.71539 16.682 0.011
1753.72141 16.691 0.011
1753.72744 16.675 0.011
1753.73439 16.717 0.011
1753.74040 16.714 0.012
1753.74643 16.723 0.012
1753.75290 16.774 0.012
1753.75891 16.772 0.013
1753.76491 16.801 0.014
1753.77142 16.798 0.013
1753.77741 16.800 0.013
1753.78342 16.797 0.014
1753.79021 16.774 0.014
1754.46616 16.690 0.019
1754.47796 16.676 0.014
1754.61662 16.066 0.008
1755.47061 16.374 0.011
1755.63115 16.676 0.011
1756.51171 16.601 0.010
1756.56904 16.152 0.008
1757.60646 16.712 0.011
1758.61315 16.514 0.010
1759.54191 16.716 0.010
1760.49907 16.379 0.010
1760.59154 16.597 0.011
1761.55850 16.255 0.009
1762.55582 16.638 0.010
1763.50981 16.010 0.008
1764.59961 16.764 0.011
1765.60261 16.556 0.011
1769.57345 16.674 0.010
1771.57564 16.769 0.018
1772.58559 16.547 0.009
1775.60098 16.347 0.008
1776.59623 16.676 0.009
1777.61075 16.525 0.010
1783.61120 16.784 0.011
1784.60089 16.575 0.010
1785.60029 16.032 0.008
1787.59538 16.304 0.009
1788.56434 16.666 0.013
1790.57784 16.820 0.013
1803.52529 16.445 0.010
1806.57516 16.289 0.009
1809.58452 16.509 0.009
1811.59275 16.212 0.009
1814.54123 16.712 0.011
1816.52884 16.790 0.014
1818.51105 16.015 0.008
1824.55385 16.638 0.013
1829.54192 16.583 0.011
1834.51452 16.435 0.010
1843.52219 16.647 0.011
1844.52489 16.245 0.009
2072.60108 16.749 0.015
2072.60390 16.734 0.017
2072.61102 16.543 0.010
2072.61385 16.456 0.013
2072.62234 16.146 0.008
2072.62520 16.046 0.009
2072.63095 15.953 0.008
2072.63380 15.961 0.008
2072.63958 15.971 0.008
2072.64243 15.990 0.008
2072.65503 16.045 0.008
2072.65786 16.075 0.009
2072.66365 16.095 0.008
2072.66651 16.105 0.009
2072.67231 16.154 0.008
2072.67516 16.160 0.009
2072.68095 16.189 0.008
2072.68381 16.213 0.010
2072.68960 16.226 0.009
2072.69247 16.243 0.011
2072.69825 16.280 0.009
2072.70112 16.293 0.011
2072.72835 16.376 0.008
2072.73697 16.410 0.009
2072.73982 16.400 0.011
2072.74556 16.447 0.009
2072.74842 16.431 0.011
2072.75421 16.447 0.010
2072.75703 16.475 0.012
2072.76281 16.496 0.010
2072.76565 16.494 0.012
2072.77143 16.500 0.010
2072.77427 16.492 0.019
2072.78046 16.519 0.010
2072.78329 16.530 0.012
2072.78907 16.549 0.010
2072.79189 16.556 0.013
2072.79767 16.551 0.010
2072.80052 16.598 0.017
2072.80629 16.596 0.011
2072.80915 16.626 0.018
2072.81493 16.600 0.012
2072.81776 16.605 0.014
2072.82353 16.632 0.012
2072.82639 16.634 0.014
2072.83306 16.638 0.012
2072.83592 16.633 0.013
2072.84195 16.642 0.013
2072.84479 16.644 0.014
2072.85106 16.665 0.014
2072.85392 16.671 0.015
2072.86194 16.680 0.013
2072.86477 16.680 0.015
2072.87052 16.697 0.013
2072.87336 16.668 0.026
2072.87913 16.656 0.014
2072.88731 16.683 0.018
2072.89329 16.675 0.016
2072.89614 16.711 0.017
2072.90189 16.717 0.015
2072.90474 16.710 0.018
2072.91045 16.725 0.016
2072.91329 16.713 0.021
2073.58234 16.591 0.013
2073.58520 16.605 0.015
2073.59771 16.637 0.012
2073.60056 16.642 0.014
2073.60632 16.625 0.011
2073.60916 16.661 0.013
2073.61491 16.655 0.011
2073.61777 16.655 0.013
2073.62354 16.668 0.012
2073.63217 16.649 0.011
2073.64077 16.664 0.012
2073.64955 16.653 0.012
2073.65819 16.687 0.011
2073.66871 16.690 0.011
2073.67766 16.742 0.012
2073.68629 16.704 0.012
2073.69492 16.717 0.012
2073.70352 16.747 0.012
2073.71219 16.753 0.012
2073.72082 16.800 0.012
2073.73028 16.822 0.014
2073.73886 16.826 0.013
2073.74743 16.859 0.013
2073.75603 16.858 0.013
2073.76461 16.773 0.012
2073.77321 16.541 0.010
2073.77607 16.461 0.012
2073.78648 16.067 0.008
2073.80914 16.003 0.008
2073.81198 16.025 0.009
2073.82494 16.101 0.008
2073.82778 16.129 0.010
2073.83397 16.131 0.009
2073.83681 16.192 0.013
2073.84915 16.222 0.008
2073.85200 16.231 0.010
2073.85774 16.272 0.008
2073.86058 16.290 0.010
2073.86633 16.290 0.008
2073.86917 16.309 0.011
2073.87493 16.325 0.009
2073.87777 16.350 0.011
2073.88353 16.401 0.010
2073.88637 16.374 0.012
2073.89703 16.409 0.011
2073.89988 16.434 0.013
2073.90560 16.395 0.010
2073.90844 16.425 0.013
2074.57630 15.971 0.008
2074.57918 16.002 0.008
2074.58493 16.007 0.008
2074.58778 16.059 0.009
2074.59355 16.056 0.008
2074.59640 16.098 0.009
2074.60217 16.118 0.008
2074.60501 16.137 0.010
2074.61079 16.158 0.008
2074.61365 16.191 0.010
2074.61943 16.204 0.008
2074.62228 16.231 0.011
2074.63139 16.251 0.011
2074.63716 16.305 0.011
2074.64000 16.293 0.012
2074.64576 16.319 0.010
2074.64859 16.331 0.012
2074.65436 16.348 0.010
2074.65720 16.362 0.013
2074.66303 16.383 0.010
2074.66587 16.385 0.012
2074.67166 16.393 0.009
2074.68051 16.421 0.009
2074.70288 16.486 0.010
2074.71152 16.532 0.010
2074.72012 16.540 0.010
2074.73135 16.574 0.010
2074.73992 16.591 0.011
2074.76370 16.665 0.012
2074.77232 16.666 0.012
2074.78091 16.670 0.013
2074.78375 16.688 0.016
2074.78951 16.623 0.013
2074.79234 16.697 0.016
2074.79938 16.659 0.012
2074.80221 16.669 0.014
2074.80798 16.669 0.012
2074.81086 16.658 0.013
2074.81682 16.684 0.013
2074.81967 16.672 0.013
2074.82543 16.710 0.013
2074.82828 16.692 0.012
2074.83403 16.702 0.012
2074.83689 16.710 0.016
2074.84266 16.703 0.011
2074.84551 16.697 0.012
2074.85130 16.733 0.012
2074.85412 16.710 0.012
2074.85987 16.722 0.011
2074.86272 16.741 0.014
2074.86892 16.723 0.012
2074.87175 16.727 0.014
2074.87746 16.748 0.014
2074.88032 16.783 0.016
2074.88606 16.789 0.013
2074.88896 16.820 0.015
2074.89472 16.816 0.014
2074.89756 16.812 0.015
2074.90334 16.843 0.014
2074.90619 16.833 0.016
2074.91218 16.850 0.017
2075.61108 16.713 0.014
2075.61394 16.702 0.016
2075.61969 16.718 0.013
2075.62251 16.697 0.016
2075.62828 16.711 0.014
2075.63115 16.699 0.015
2075.63690 16.733 0.014
2075.63976 16.718 0.017
2075.64553 16.747 0.014
2075.65359 16.770 0.017
2075.66516 16.820 0.014
2075.66800 16.813 0.017
2075.67375 16.846 0.015
2075.67660 16.850 0.016
2075.68236 16.863 0.013
2075.68520 16.857 0.016
2075.69099 16.847 0.014
2075.69384 16.830 0.016
2075.69963 16.770 0.013
2075.70822 16.603 0.012
2075.71108 16.494 0.012
2075.71725 16.322 0.009
2075.72012 16.207 0.012
2075.72650 16.007 0.008
2075.72935 15.981 0.009
2075.73510 15.967 0.008
2075.73794 15.989 0.009
2075.74367 15.995 0.008
2075.74651 16.030 0.014
2075.77047 16.155 0.009
2075.77331 16.173 0.011
2075.77907 16.177 0.009
2075.78191 16.203 0.011
2075.78765 16.242 0.010
2075.79051 16.252 0.012
2075.79652 16.266 0.010
2075.79939 16.274 0.012
2075.80514 16.307 0.009
2075.80798 16.318 0.012
2075.81375 16.332 0.010
2075.81659 16.355 0.012
2075.82236 16.353 0.009
2075.82519 16.381 0.012
2075.83093 16.374 0.010
2075.83376 16.415 0.013
2075.84358 16.429 0.010
2075.84641 16.413 0.012
2075.85218 16.473 0.011
2075.85504 16.463 0.013
2075.86080 16.486 0.011
2075.86365 16.491 0.013
2075.86939 16.505 0.013
2075.87222 16.526 0.015
2075.87794 16.511 0.012
2075.88079 16.529 0.014
2075.88654 16.556 0.013
2075.88938 16.584 0.015
2075.89544 16.578 0.015
2076.68960 16.648 0.013
2076.69245 16.638 0.015
2076.69822 16.649 0.013
2076.70107 16.643 0.016
2076.70684 16.664 0.013
2076.70970 16.674 0.018
2076.72033 16.670 0.013
2076.72323 16.646 0.014
2076.73029 16.689 0.015
2076.73320 16.699 0.015
2076.73910 16.680 0.013
2076.74201 16.691 0.015
2076.74787 16.737 0.017
2076.75076 16.688 0.017
2076.75661 16.671 0.014
2076.75951 16.685 0.015
2076.76539 16.716 0.016
2076.76829 16.685 0.014
2076.77417 16.729 0.015
2076.77706 16.719 0.016
2076.79006 16.711 0.013
2076.79295 16.716 0.015
2076.80430 16.749 0.016
2076.81414 16.791 0.017
2076.81705 16.817 0.020
2076.82663 16.784 0.014
2076.82955 16.755 0.016
2076.83536 16.827 0.014
2076.83824 16.840 0.017
2076.84411 16.860 0.016
2076.84700 16.843 0.018
2076.85283 16.832 0.014
2076.85575 16.818 0.018
2076.86160 16.788 0.015
2076.86447 16.745 0.016
2076.87031 16.600 0.014
2076.87323 16.489 0.014
2076.87962 16.299 0.010
2076.88252 16.172 0.012
2076.89126 15.981 0.010
2077.58633 16.749 0.015
2077.58922 16.817 0.020
2077.60692 16.823 0.014
2077.60982 16.865 0.018
2077.61760 16.870 0.015
2077.62049 16.843 0.017
2077.62853 16.820 0.013
2077.63143 16.820 0.016
2077.63729 16.758 0.012
2077.64017 16.706 0.013
2077.65017 16.430 0.008
2077.65307 16.346 0.010
2077.65894 16.110 0.008
2077.66182 16.032 0.008
2077.66767 15.954 0.007
2077.67057 15.961 0.008
2077.67639 15.971 0.007
2077.67930 15.995 0.008
2077.68859 16.046 0.008
2077.69151 16.056 0.008
2077.69738 16.079 0.008
2077.70029 16.113 0.016
2077.70615 16.118 0.008
2077.70908 16.136 0.015
2077.71491 16.180 0.008
2077.71782 16.202 0.011
2077.72365 16.225 0.008
2077.72654 16.238 0.010
2077.73240 16.256 0.008
2077.73531 16.278 0.011
2077.74219 16.319 0.011
2077.74510 16.326 0.011
2077.75096 16.332 0.009
2077.75387 16.342 0.011
2077.75976 16.356 0.009
2077.76266 16.342 0.014
2077.77141 16.382 0.013
2077.78938 16.443 0.009
2077.79228 16.479 0.012
2077.79809 16.474 0.010
2077.80099 16.452 0.011
2077.80684 16.512 0.010
2077.80975 16.506 0.012
2077.81563 16.532 0.009
2077.81850 16.535 0.012
2077.82438 16.541 0.010
2077.82727 16.542 0.012
2077.83314 16.592 0.013
2077.83604 16.578 0.014
2077.84225 16.584 0.012
2077.84513 16.590 0.015
2077.85098 16.608 0.014
2077.85388 16.632 0.016
2077.85974 16.631 0.014
2077.86264 16.649 0.016
2077.86848 16.620 0.012
2077.87136 16.653 0.016
2077.87716 16.652 0.013
2077.88007 16.646 0.015
2077.88880 16.640 0.015
2077.89782 16.663 0.016
2077.90658 16.713 0.018
2078.59219 16.524 0.012
2078.59509 16.530 0.013
2078.60094 16.584 0.013
2078.60384 16.525 0.014
2078.60971 16.575 0.013
2078.61259 16.594 0.014
2078.61844 16.575 0.012
2078.62139 16.618 0.014
2078.62721 16.598 0.012
2078.63011 16.613 0.014
2078.63599 16.619 0.012
2078.63891 16.632 0.014
2078.65637 16.647 0.011
2078.65927 16.632 0.011
2078.66510 16.657 0.011
2078.66802 16.660 0.012
2078.67388 16.661 0.011
2078.67676 16.660 0.012
2078.68263 16.660 0.012
2078.68554 16.678 0.013
2078.69140 16.683 0.012
2078.69429 16.691 0.014
2078.70013 16.680 0.012
2078.70303 16.713 0.014
2078.70979 16.723 0.012
2078.71269 16.684 0.013
2078.71872 16.711 0.012
2078.72163 16.712 0.013
2078.72744 16.712 0.011
2078.73035 16.706 0.012
2078.73619 16.709 0.012
2078.73908 16.733 0.013
2078.74492 16.726 0.012
2078.74782 16.761 0.014
2078.75368 16.759 0.013
2078.75655 16.793 0.016
2078.76672 16.823 0.014
2078.77392 16.827 0.015
2078.78557 16.865 0.014
2078.78848 16.820 0.015
2078.79435 16.817 0.014
2078.79727 16.816 0.016
2078.80310 16.695 0.013
2078.80601 16.645 0.013
2078.81185 16.453 0.010
2078.81477 16.367 0.011
2078.83791 15.956 0.008
2078.84082 16.002 0.009
2078.84667 16.005 0.008
2078.84959 16.042 0.009
2078.86785 16.145 0.010
2078.87656 16.207 0.013
2078.88532 16.224 0.013
2079.62222 16.039 0.009
2079.62512 16.053 0.010
2079.63097 16.080 0.009
2079.63390 16.086 0.011
2079.63977 16.121 0.008
2079.64265 16.138 0.011
2079.64852 16.165 0.008
2079.65141 16.172 0.010
2079.65727 16.205 0.008
2079.66016 16.218 0.011
2079.66603 16.251 0.009
2079.66894 16.267 0.010
2079.67583 16.306 0.008
2079.67873 16.330 0.010
2079.68456 16.322 0.009
2079.68748 16.346 0.011
2079.69331 16.354 0.009
2079.69620 16.374 0.012
2079.70202 16.376 0.009
2079.70492 16.396 0.011
2079.71077 16.409 0.009
2079.71368 16.429 0.013
2079.72241 16.447 0.012
2079.73364 16.443 0.010
2079.73656 16.480 0.012
2079.74242 16.480 0.010
2079.74531 16.508 0.013
2079.75405 16.510 0.014
2079.76278 16.557 0.020
2079.77152 16.571 0.020
2079.78392 16.593 0.012
2079.78683 16.617 0.014
2079.79604 16.624 0.012
2079.79892 16.624 0.014
2079.80478 16.668 0.013
2079.80769 16.664 0.016
2079.81356 16.659 0.014
2079.81764 16.658 0.017
2080.55559 16.583 0.009
2080.55851 16.595 0.012
2080.57005 16.628 0.011
2080.57293 16.606 0.012
2080.57875 16.621 0.011
2080.58163 16.636 0.012
2080.58749 16.637 0.009
2080.59038 16.658 0.012
2080.59620 16.647 0.011
2080.59911 16.653 0.012
2080.60494 16.655 0.011
2080.60783 16.642 0.013
2080.61368 16.669 0.012
2080.61658 16.670 0.013
2080.62838 16.674 0.011
2080.63130 16.685 0.013
2080.63716 16.692 0.011
2080.64006 16.691 0.013
2080.64591 16.712 0.012
2080.64882 16.699 0.013
2080.65470 16.713 0.012
2080.65760 16.699 0.013
2080.66342 16.709 0.012
2080.66635 16.712 0.014
2080.67809 16.714 0.012
2080.68099 16.747 0.014
2080.69972 16.814 0.014
2080.70263 16.797 0.015
2080.70845 16.820 0.013
2080.71138 16.840 0.015
2080.71720 16.838 0.013
2080.72347 16.836 0.027
2080.75097 16.392 0.008
2080.75389 16.300 0.010
2080.76345 15.981 0.008
2080.76635 15.975 0.008
2080.77774 15.966 0.008
2080.78065 16.005 0.008
2080.80604 16.132 0.009
2080.81641 16.204 0.010
2080.82518 16.264 0.011
2080.83388 16.303 0.011
2080.84260 16.321 0.012
2080.85136 16.353 0.014
2080.86016 16.398 0.015
2081.56920 16.079 0.008
2081.57211 16.098 0.009
2081.57910 16.143 0.008
2081.58199 16.157 0.009
2081.58783 16.182 0.008
2081.59073 16.203 0.010
2081.59848 16.231 0.008
2081.60137 16.244 0.010
2081.61801 16.317 0.009
2081.62093 16.344 0.011
2081.66077 16.453 0.009
2081.66368 16.473 0.012
2081.70219 16.550 0.010
2081.70519 16.572 0.013
2081.71103 16.584 0.010
2081.71393 16.617 0.013
2081.71987 16.589 0.012
2081.72273 16.610 0.013
2081.72859 16.600 0.012
2081.73147 16.612 0.013
2081.73731 16.637 0.012
2081.74022 16.631 0.013
2081.74896 16.639 0.013
2081.75979 16.653 0.014
2081.76856 16.681 0.014
2081.77734 16.654 0.013
2081.78606 16.671 0.014
2081.80125 16.713 0.013
2081.80415 16.695 0.014
2081.81290 16.730 0.020
2081.82167 16.725 0.014
2081.83367 16.703 0.014
2081.84242 16.731 0.014
2081.87125 16.836 0.014
2081.88250 16.863 0.018
2082.64280 16.816 0.014
2082.64570 16.815 0.016
2082.68513 16.469 0.010
2082.68803 16.385 0.015
2082.69589 16.076 0.008
2082.69879 16.009 0.011
2082.70523 15.964 0.008
2082.70815 16.002 0.012
2082.71402 15.996 0.008
2082.71691 16.028 0.009
2082.72649 16.053 0.008
2082.72941 16.081 0.009
2082.73821 16.095 0.008
2082.74114 16.130 0.010
2082.74694 16.158 0.008
2082.74984 16.171 0.010
2082.75565 16.200 0.008
2082.75855 16.222 0.009
2082.76677 16.240 0.008
2082.77081 16.280 0.017
2082.78639 16.354 0.010
2082.79513 16.366 0.010
2082.80387 16.373 0.011
2082.81264 16.412 0.011
2082.82138 16.437 0.011
2082.83014 16.458 0.012
2082.84264 16.494 0.012
2082.85142 16.495 0.013
2082.86020 16.543 0.013
2082.86894 16.562 0.014
2082.87770 16.594 0.014
2082.88648 16.578 0.014
2082.89913 16.647 0.016
2085.63080 16.633 0.014
2085.63364 16.669 0.017
2085.63939 16.679 0.014
2085.64221 16.683 0.016
2085.64798 16.662 0.014
2085.65085 16.689 0.016
2085.65662 16.670 0.014
2085.65948 16.691 0.017
2085.66521 16.691 0.014
2085.66805 16.680 0.015
2085.67382 16.680 0.013
2085.67669 16.695 0.016
2085.68505 16.689 0.015
2085.68791 16.716 0.017
2085.69361 16.705 0.014
2085.69647 16.721 0.018
2085.70221 16.722 0.015
2085.70507 16.720 0.018
2085.71082 16.731 0.015
2085.71370 16.761 0.018
2085.71953 16.758 0.016
2085.72238 16.792 0.019
2085.72816 16.781 0.016
2085.73099 16.814 0.018
2085.73794 16.798 0.015
2085.74080 16.876 0.020
2085.74941 16.894 0.021
2085.76163 16.831 0.017
2085.77536 16.724 0.014
2085.77828 16.666 0.017
2085.78478 16.463 0.013
2085.78762 16.357 0.013
2085.79494 16.079 0.008
2085.79781 16.018 0.010
2085.80353 15.965 0.008
2085.81009 15.988 0.011
2085.82598 16.053 0.008
2085.82883 16.090 0.011
2085.83456 16.092 0.008
2085.83740 16.153 0.012
2085.84600 16.158 0.013
2085.85460 16.208 0.013
2085.86324 16.267 0.014
2086.55481 16.590 0.012
2086.55766 16.497 0.013
2086.56343 16.321 0.008
2086.56630 16.219 0.010
2086.57202 15.990 0.008
2086.57488 15.981 0.008
2086.59175 15.984 0.008
2086.59464 16.026 0.009
2086.60037 16.049 0.008
2086.60323 16.070 0.009
2086.60899 16.100 0.008
2086.61185 16.132 0.012
2086.62829 16.183 0.008
2086.63116 16.207 0.009
2086.63691 16.219 0.008
2086.63976 16.248 0.009
2086.64548 16.261 0.008
2086.64837 16.291 0.010
2086.65410 16.304 0.008
2086.65696 16.318 0.011
2086.66270 16.326 0.009
2086.66557 16.350 0.010
2086.67132 16.339 0.008
2086.67418 16.366 0.010
2086.68306 16.389 0.008
2086.68590 16.412 0.010
2086.69161 16.413 0.009
2086.69445 16.438 0.011
2086.70018 16.437 0.009
2086.70303 16.463 0.011
2086.70878 16.476 0.009
2086.71162 16.476 0.012
2086.71745 16.502 0.012
2086.72087 16.516 0.013
2086.73088 16.543 0.012
2086.73376 16.557 0.014
2086.73953 16.559 0.012
2086.74241 16.580 0.013
2086.74814 16.570 0.010
2086.75100 16.596 0.013
2086.75675 16.587 0.012
2086.75961 16.620 0.013
2086.76535 16.585 0.012
2086.76820 16.624 0.014
2086.77865 16.611 0.012
2086.78153 16.660 0.014
2086.78727 16.619 0.012
2086.79014 16.654 0.013
2086.79592 16.662 0.013
2086.79877 16.665 0.015
2086.80830 16.649 0.013
2086.81973 16.684 0.015
2086.82833 16.694 0.016
2086.84080 16.708 0.018
2086.84944 16.738 0.018
2086.85806 16.725 0.018
2086.86662 16.745 0.023
2087.56046 16.662 0.011
2087.56335 16.652 0.012
2087.60209 16.689 0.009
2087.60498 16.674 0.012
2087.61082 16.679 0.009
2087.61372 16.686 0.012
2087.61954 16.694 0.011
2087.62247 16.704 0.012
2087.62827 16.725 0.011
2087.63118 16.707 0.013
2087.63703 16.717 0.011
2087.63993 16.697 0.013
2087.64578 16.706 0.011
2087.64868 16.719 0.012
2087.65476 16.742 0.011
2087.65768 16.772 0.014
2087.66352 16.764 0.012
2087.66644 16.772 0.014
2087.67559 16.806 0.012
2087.67850 16.824 0.015
2087.68432 16.853 0.013
2087.68725 16.844 0.015
2087.69371 16.859 0.013
2087.69661 16.847 0.014
2087.71116 16.735 0.012
2087.71407 16.695 0.013
2087.71993 16.489 0.009
2087.72284 16.401 0.010
2087.72870 16.187 0.008
2087.73163 16.079 0.008
2087.73750 15.961 0.007
2087.74044 15.971 0.008
2087.74628 15.944 0.007
2087.74918 15.980 0.008
2087.75792 16.031 0.008
2087.76842 16.085 0.008
2087.77714 16.134 0.008
2087.78592 16.174 0.008
2087.79468 16.238 0.008
2087.80339 16.265 0.009
2087.81215 16.304 0.009
2087.82140 16.348 0.010
2087.83013 16.387 0.011
2087.83889 16.393 0.011
2087.84764 16.400 0.011
2087.85636 16.456 0.011
2087.86511 16.469 0.013
2088.55786 16.162 0.009
2088.56079 16.180 0.011
2088.56977 16.222 0.009
2088.57267 16.243 0.011
2088.57851 16.269 0.009
2088.58143 16.276 0.011
2088.58730 16.281 0.009
2088.59022 16.316 0.011
2088.59609 16.323 0.009
2088.59900 16.342 0.011
2088.60499 16.358 0.009
2088.60792 16.380 0.012
2088.61378 16.379 0.009
2088.61669 16.387 0.011
2088.62254 16.419 0.009
2088.62547 16.416 0.012
2088.63134 16.445 0.010
2088.63425 16.444 0.012
2088.64161 16.481 0.009
2088.64452 16.473 0.012
2088.65041 16.487 0.010
2088.65334 16.476 0.012
2088.65917 16.514 0.010
2088.66210 16.529 0.012
2088.66797 16.517 0.010
2088.67088 16.549 0.012
2088.67912 16.568 0.010
2088.68203 16.567 0.013
2088.68842 16.585 0.010
2088.69132 16.584 0.012
2088.69713 16.603 0.011
2088.70004 16.615 0.014
2088.70588 16.600 0.011
2088.70878 16.641 0.013
2088.71463 16.649 0.012
2088.71755 16.666 0.016
2088.72469 16.654 0.012
2088.72761 16.655 0.014
2088.73859 16.666 0.012
2088.74150 16.672 0.014
2088.74735 16.668 0.012
2088.75025 16.676 0.014
2088.75608 16.678 0.012
2088.75897 16.675 0.015
2088.76481 16.697 0.014
2088.76772 16.694 0.016
2088.77668 16.681 0.012
2088.77960 16.682 0.014
2088.78548 16.696 0.013
2088.78839 16.697 0.015
2088.79423 16.695 0.014
2088.79714 16.707 0.016
2088.80301 16.702 0.015
2088.80593 16.727 0.018
2088.81180 16.719 0.014
2088.81469 16.724 0.016
2088.82345 16.770 0.018
2088.83262 16.830 0.017
2088.84138 16.834 0.018
2088.85014 16.876 0.020
2089.61034 16.813 0.015
2089.61326 16.835 0.018
2089.61908 16.824 0.014
2089.62197 16.840 0.017
2089.62781 16.868 0.014
2089.63072 16.813 0.016
2089.63654 16.875 0.015
2089.63945 16.815 0.015
2089.64530 16.776 0.013
2089.64821 16.700 0.014
2089.65445 16.582 0.010
2089.65733 16.479 0.011
2090.64245 16.656 0.014
2090.64537 16.613 0.015
2090.65125 16.630 0.012
2090.65507 16.644 0.023
2090.66119 16.638 0.011
2090.66412 16.652 0.015
2090.66997 16.627 0.012
2090.67287 16.653 0.015
2090.67890 16.655 0.013
2090.68179 16.674 0.017
2090.70715 16.708 0.015
2090.71006 16.706 0.018
2090.71589 16.728 0.015
2090.71878 16.714 0.018
2090.72461 16.737 0.015
2090.72752 16.735 0.018
2090.73332 16.714 0.015
2090.73621 16.723 0.026
2090.74206 16.688 0.013
2090.74496 16.703 0.024
2090.75084 16.760 0.017
2090.75379 16.760 0.018
2090.76333 16.785 0.016
2090.77202 16.804 0.016
2090.78077 16.843 0.016
2090.78956 16.844 0.015
2090.79838 16.820 0.028
2090.80713 16.770 0.017
2090.81627 16.583 0.013
2090.81917 16.523 0.015
2090.82501 16.340 0.012
2090.83313 16.025 0.010
2090.83936 15.959 0.009
2090.84812 15.986 0.011
2091.58676 16.706 0.013
2091.58968 16.643 0.014
2091.59555 16.431 0.009
2091.59844 16.367 0.011
2091.60431 16.120 0.008
2091.60723 16.000 0.016
2091.61502 15.964 0.007
2091.61796 15.975 0.008
2091.63115 16.014 0.008
2091.63406 16.048 0.008
2091.65270 16.134 0.008
2091.65560 16.160 0.009
2091.66227 16.170 0.008
2091.66519 16.214 0.009
2091.67098 16.222 0.008
2091.67388 16.233 0.009
2091.68033 16.267 0.008
2091.68327 16.281 0.010
2091.68916 16.319 0.008
2091.69208 16.325 0.011
2091.69790 16.341 0.009
2091.70080 16.362 0.011
2091.70666 16.376 0.009
2091.70958 16.372 0.011
2091.71565 16.381 0.009
2091.71855 16.414 0.011
2091.72437 16.407 0.009
2091.72726 16.433 0.011
2091.73309 16.472 0.009
2091.73602 16.443 0.011
2091.74185 16.448 0.009
2091.74476 16.480 0.011
2091.75063 16.481 0.009
2091.75352 16.489 0.011
2091.76173 16.524 0.010
2091.76716 16.517 0.012
2091.77465 16.543 0.010
2091.77757 16.549 0.014
2091.78342 16.542 0.010
2091.78632 16.575 0.012
2091.79215 16.594 0.011
2091.79508 16.606 0.012
2091.80094 16.589 0.010
2091.80385 16.626 0.012
2091.81261 16.627 0.013
2091.82140 16.649 0.014
2091.83060 16.632 0.013
2091.85704 16.691 0.015
2091.86577 16.672 0.015
2091.87452 16.687 0.015
2092.64416 16.688 0.012
2092.64709 16.674 0.013
2092.65296 16.711 0.012
2092.65589 16.701 0.014
2092.66173 16.709 0.012
2092.66464 16.682 0.014
2092.67328 16.713 0.013
2092.67621 16.711 0.015
2092.68206 16.727 0.013
2092.68496 16.706 0.018
2092.69081 16.747 0.012
2092.69375 16.770 0.021
2092.69959 16.766 0.013
2092.70251 16.767 0.025
2092.70837 16.801 0.013
2092.71128 16.806 0.018
2092.71714 16.850 0.014
2092.72006 16.838 0.016
2092.73240 16.842 0.013
2092.73531 16.828 0.015
2092.74117 16.794 0.013
2092.74537 16.770 0.016
2092.75175 16.615 0.012
2092.75466 16.533 0.013
2092.76338 16.259 0.011
2092.77212 15.977 0.009
2092.78090 15.975 0.009
2092.78964 16.007 0.010
2092.79724 16.047 0.008
2092.80015 16.072 0.010
2092.80598 16.101 0.009
2092.80889 16.106 0.010
2092.81470 16.137 0.009
2092.81760 16.163 0.011
2092.82988 16.216 0.011
2092.83280 16.224 0.014
2101.55169 16.690 0.013
2101.55462 16.673 0.015
2101.56043 16.702 0.012
2101.56335 16.696 0.015
2101.56917 16.715 0.012
2101.57210 16.721 0.014
2101.57793 16.722 0.013
2101.58083 16.696 0.018
2101.58661 16.716 0.013
2101.58955 16.721 0.016
2101.59540 16.741 0.013
2101.59833 16.750 0.018
2101.60995 16.787 0.014
2101.61287 16.793 0.030
2101.61873 16.813 0.013
2101.62167 16.767 0.024
2101.62751 16.837 0.013
2101.63043 16.840 0.015
2101.63626 16.868 0.013
2101.63919 16.794 0.025
2101.64495 16.855 0.014
2101.64790 16.801 0.018
2101.65437 16.751 0.012
2101.65731 16.714 0.023
2101.66334 16.532 0.010
2101.66628 16.464 0.012
2101.67209 16.281 0.010
2101.67500 16.169 0.010
2101.68084 15.978 0.008
2101.68376 15.987 0.009
2101.69250 15.964 0.014
2101.69833 15.996 0.008
2101.70125 16.024 0.013
2101.70997 16.064 0.009
2101.73964 16.211 0.009
2101.74256 16.255 0.011
2101.75822 16.300 0.010
2101.76112 16.331 0.012
2101.76695 16.334 0.010
2101.76989 16.349 0.012
2102.53609 16.313 0.008
2102.53903 16.328 0.010
2102.54486 16.333 0.008
2102.54911 16.349 0.011
2102.55544 16.378 0.008
2102.55836 16.377 0.011
2102.56419 16.398 0.009
2102.56712 16.403 0.012
2102.57994 16.447 0.009
2102.58288 16.438 0.013
2102.58872 16.454 0.009
2102.59164 16.465 0.011
2102.59745 16.504 0.010
2102.60038 16.494 0.012
2102.60623 16.507 0.010
2102.60914 16.508 0.012
2102.61496 16.525 0.009
2102.61791 16.563 0.013
2102.62375 16.574 0.010
2102.62664 16.564 0.012
2102.63307 16.587 0.010
2102.63600 16.602 0.013
2102.64183 16.629 0.011
2102.64476 16.593 0.016
2102.65119 16.630 0.008
2102.65411 16.598 0.010
2103.50001 16.702 0.012
2103.50294 16.676 0.015
2103.50874 16.723 0.013
2103.51165 16.735 0.015
2103.51923 16.686 0.012
2103.52213 16.721 0.015
2103.52796 16.724 0.012
2103.53091 16.710 0.014
2103.53673 16.742 0.012
2103.53962 16.758 0.014
2103.54544 16.774 0.011
2103.54837 16.781 0.016
2103.55418 16.817 0.012
2103.55709 16.813 0.014
2103.56289 16.848 0.012
2103.56579 16.806 0.024
2103.57481 16.848 0.012
2103.57773 16.831 0.014
2103.58359 16.834 0.012
2103.58651 16.808 0.013
2103.59235 16.770 0.011
2103.59528 16.691 0.012
2103.60111 16.531 0.008
2103.60403 16.458 0.014
2103.61052 16.207 0.007
2103.61346 16.112 0.008
2103.61929 15.964 0.007
2103.62222 15.954 0.008
2103.62804 15.957 0.007
2103.63096 15.999 0.012
2103.63674 16.001 0.007
2103.63966 16.014 0.009
2103.64607 16.059 0.007
2103.64899 16.078 0.008
2103.65481 16.092 0.007
2103.65773 16.135 0.008
2103.66471 16.160 0.008
2103.66766 16.166 0.008
2103.67354 16.210 0.008
2103.67644 16.220 0.009
2103.68224 16.243 0.008
2103.71673 16.376 0.010
2103.72327 16.402 0.009
2103.72621 16.415 0.011
2103.73207 16.417 0.009
2103.73497 16.425 0.011
2103.74082 16.430 0.010
2103.74375 16.466 0.014
2103.74956 16.468 0.011
2103.75251 16.488 0.013
2103.75834 16.497 0.010
2103.76126 16.521 0.012
2103.76706 16.492 0.010
2103.76997 16.506 0.011
2103.77580 16.511 0.009
2103.77871 16.538 0.013
2103.78748 16.551 0.011
2103.79617 16.584 0.011
2105.50627 16.851 0.015
2105.50920 16.842 0.018
2105.51998 16.846 0.015
2105.52288 16.814 0.018
2105.52902 16.747 0.013
2105.53194 16.702 0.015
2105.53777 16.535 0.010
2105.54069 16.436 0.012
2105.54651 16.240 0.008
2105.54941 16.128 0.011
2105.55524 15.967 0.008
2105.55817 15.964 0.009
2105.56644 15.967 0.008
2105.56937 15.993 0.008
2105.57518 16.012 0.008
2105.57812 16.032 0.008
2105.58396 16.056 0.008
2105.58686 16.082 0.008
2105.59270 16.111 0.008
2105.59562 16.123 0.008
2105.60219 16.159 0.008
2105.61152 16.219 0.008
2105.61445 16.212 0.009
2105.62059 16.251 0.008
2105.62354 16.231 0.015
2105.63243 16.287 0.008
2105.63644 16.304 0.009
2105.64325 16.351 0.008
2105.64617 16.355 0.010
2105.65200 16.366 0.008
2105.65546 16.376 0.008
2105.65843 16.356 0.009
2105.66455 16.398 0.008
2105.66747 16.399 0.010
2105.67330 16.434 0.008
2105.67623 16.442 0.010
2105.68205 16.442 0.009
2105.68496 16.472 0.011
2105.69079 16.468 0.008
2105.69372 16.479 0.010
2105.69956 16.490 0.008
2105.70248 16.507 0.011
2105.70830 16.511 0.008
2105.71850 16.539 0.011
2105.72762 16.572 0.011
2105.73634 16.615 0.024
2105.74509 16.607 0.012
2105.75385 16.636 0.021
2105.76259 16.656 0.014
2105.77135 16.664 0.015
2105.78050 16.680 0.017
2105.79804 16.691 0.017
2105.80686 16.689 0.017
2106.59545 16.692 0.012
2106.59840 16.701 0.015
2106.60510 16.716 0.012
2106.60803 16.702 0.014
2106.61431 16.696 0.012
2106.61725 16.720 0.014
2106.62309 16.726 0.013
2106.62601 16.726 0.016
2106.63185 16.763 0.013
2106.63479 16.727 0.015
2106.64136 16.776 0.013
2106.64427 16.771 0.016
2106.65011 16.812 0.014
2106.65303 16.805 0.017
2106.65890 16.844 0.015
2106.66180 16.838 0.016
2106.66795 16.843 0.013
2106.67090 16.832 0.016
2106.67673 16.834 0.013
2106.67965 16.835 0.015
2106.68548 16.798 0.013
2106.68839 16.771 0.015
2106.69416 16.690 0.013
2106.69708 16.639 0.014
2106.70587 16.367 0.011
2106.71833 15.966 0.008
2106.72125 15.963 0.008
2106.72710 15.960 0.008
2106.73000 15.999 0.008
2106.73584 16.019 0.008
2106.73877 16.033 0.009
2106.74459 16.044 0.008
2106.74750 16.096 0.009
2106.75329 16.122 0.009
2106.75623 16.136 0.010
2106.76205 16.155 0.009
2106.76496 16.169 0.010
2111.51213 16.511 0.010
2111.51506 16.504 0.014
2111.52090 16.532 0.012
2111.52380 16.544 0.015
2111.52964 16.564 0.013
2111.53260 16.583 0.017
2111.53837 16.573 0.013
2111.54131 16.588 0.017
2111.54716 16.591 0.013
2111.55012 16.629 0.019
2111.55592 16.609 0.013
2111.55887 16.625 0.022
2111.56516 16.618 0.013
2111.56812 16.646 0.018
2111.57389 16.639 0.014
2111.57685 16.663 0.015
2111.58270 16.652 0.014
2111.58561 16.665 0.021
2111.59143 16.655 0.014
2111.59440 16.673 0.017
2111.60019 16.683 0.014
2111.60313 16.665 0.018
2111.60890 16.670 0.012
2111.61182 16.696 0.016
2111.61805 16.725 0.016
2111.62095 16.694 0.017
2111.62740 16.698 0.015
2111.63036 16.707 0.018
2111.63618 16.740 0.017
2111.64495 16.748 0.016
2111.64787 16.733 0.018
2111.65662 16.730 0.017
2111.66534 16.719 0.015
2111.67456 16.757 0.017
2111.68333 16.794 0.016
2111.69207 16.824 0.020
2111.70081 16.883 0.030
2111.70956 16.847 0.018
2111.71831 16.826 0.018
2111.73635 16.560 0.017
2111.74512 16.273 0.013
2112.50470 16.717 0.012
2112.50763 16.641 0.015
2112.51432 16.421 0.010
2112.51726 16.339 0.011
2112.52732 15.975 0.008
2112.53026 15.965 0.014
2112.53610 15.962 0.008
2112.53904 15.983 0.011
2112.55565 16.062 0.008
2112.55858 16.085 0.010
2112.56437 16.117 0.008
2112.56730 16.131 0.010
2112.57867 16.182 0.008
2112.58162 16.197 0.011
2112.58742 16.236 0.008
2112.59036 16.231 0.009
2112.60076 16.278 0.008
2112.60371 16.267 0.010
2112.60949 16.305 0.008
2112.61243 16.324 0.009
2112.61827 16.338 0.008
2112.62120 16.362 0.012
2112.62699 16.367 0.008
2112.62993 16.376 0.010
2112.63574 16.393 0.008
2112.63867 16.416 0.016
2112.64457 16.414 0.008
2112.64747 16.434 0.010
2112.66642 16.490 0.008
2112.66934 16.506 0.010
2112.67518 16.489 0.008
2112.67811 16.531 0.012
2112.68392 16.521 0.009
2112.68685 16.545 0.011
2112.69562 16.569 0.012
2112.70572 16.631 0.023
2112.71476 16.581 0.013
2112.73227 16.617 0.016
2112.74104 16.660 0.013
2112.74981 16.622 0.016
2112.75922 16.668 0.013
2113.51586 16.646 0.015
2113.51878 16.673 0.018
2113.52462 16.676 0.015
2113.52757 16.682 0.018
2113.53337 16.667 0.015
2113.53628 16.660 0.018
2113.54266 16.656 0.015
2113.54561 16.672 0.017
2113.55143 16.668 0.014
2113.55437 16.679 0.016
2113.56017 16.688 0.013
2113.56309 16.722 0.018
2113.56887 16.694 0.014
2113.57179 16.731 0.017
2113.57759 16.706 0.013
2113.58053 16.714 0.015
2113.58635 16.704 0.012
2113.58928 16.716 0.015
2113.59562 16.728 0.014
2113.59856 16.739 0.016
2113.60437 16.753 0.017
2113.60730 16.763 0.018
2113.61311 16.794 0.015
2113.61606 16.762 0.016
2113.62217 16.833 0.016
2113.62510 16.819 0.018
2113.63092 16.826 0.015
2113.63385 16.837 0.018
2113.63966 16.855 0.016
2113.64260 16.853 0.018
2113.64918 16.853 0.015
2113.65213 16.877 0.019
2113.65796 16.806 0.015
2113.66089 16.818 0.019
2113.71830 16.062 0.011
2113.72705 16.121 0.011
2113.73579 16.170 0.011
2113.74455 16.226 0.013
2113.75330 16.250 0.011
2113.76205 16.294 0.012
2113.77125 16.329 0.013
2113.77999 16.365 0.013
2114.69378 16.674 0.013
2114.69672 16.659 0.015
2114.70253 16.660 0.014
2114.70546 16.685 0.017
2114.71130 16.702 0.014
2114.71425 16.670 0.017
2114.72011 16.667 0.014
2114.72440 16.689 0.016
2114.73080 16.680 0.014
2114.73371 16.710 0.017
2114.74057 16.697 0.014
2114.74349 16.707 0.016
2114.74929 16.719 0.015
2114.75407 16.743 0.019
2114.76321 16.723 0.017
2114.77201 16.760 0.016
2114.78078 16.799 0.016
2114.80089 16.831 0.019
2115.55328 16.785 0.014
2115.55621 16.798 0.018
2115.56202 16.784 0.014
2115.56571 16.822 0.018
2115.57238 16.846 0.015
2115.57529 16.843 0.018
2115.58678 16.837 0.015
2115.58971 16.852 0.018
2115.59553 16.826 0.014
2115.59846 16.798 0.017
2115.60429 16.694 0.013
2115.60721 16.632 0.016
2115.61819 16.267 0.011
2115.62112 16.153 0.011
2115.62691 15.979 0.009
2115.62985 15.983 0.010
2115.63570 15.950 0.009
2115.63873 15.978 0.010
2115.64975 16.050 0.010
2115.65900 16.081 0.010
2115.66776 16.158 0.010
2115.67647 16.191 0.011
2115.68522 16.248 0.012
2115.69398 16.276 0.011
2115.70273 16.276 0.012
2115.73712 16.428 0.012
2115.74822 16.443 0.012
2116.50948 16.399 0.013
2116.51245 16.425 0.015
2116.51824 16.421 0.014
2116.56251 16.537 0.012
2116.56545 16.545 0.014
2116.57128 16.573 0.012
2116.57422 16.588 0.016
2116.58356 16.609 0.016
2116.58942 16.640 0.014
2116.59440 16.597 0.015
2116.60102 16.619 0.012
2116.60398 16.621 0.014
2116.61037 16.630 0.012
2116.61330 16.660 0.016
2116.61913 16.636 0.012
2116.62207 16.649 0.014
2116.62791 16.634 0.012
2116.63084 16.670 0.015
2116.63959 16.661 0.013
2116.65969 16.693 0.015
2116.66844 16.696 0.014
2116.67722 16.728 0.015
2116.68598 16.708 0.014
2116.70343 16.740 0.015
2116.71048 16.750 0.013
2116.71342 16.760 0.016
2116.71926 16.785 0.013
2116.72219 16.806 0.016
2116.72802 16.805 0.013
2116.73095 16.823 0.016
2116.73677 16.854 0.014
2116.73969 16.819 0.018
2116.74551 16.846 0.015
2116.74843 16.886 0.018
2116.75758 16.808 0.014
2116.76053 16.799 0.018
2116.76637 16.697 0.013
2116.76929 16.632 0.015
2117.49022 16.787 0.013
2117.49319 16.794 0.018
2117.49903 16.802 0.013
2117.50194 16.796 0.015
2117.50819 16.851 0.013
2117.51109 16.817 0.015
2117.51694 16.854 0.012
2117.51985 16.827 0.015
2117.52862 16.814 0.015
2117.55705 16.165 0.008
2117.55998 16.066 0.009
2117.56580 15.973 0.008
2117.56873 15.970 0.009
2117.57455 15.968 0.008
2117.57749 15.991 0.009
2117.58397 16.009 0.008
2117.58691 16.026 0.009
2117.59272 16.069 0.008
2117.59566 16.083 0.009
2117.60149 16.102 0.008
2117.60442 16.151 0.009
2117.61349 16.165 0.008
2117.61644 16.192 0.009
2117.62228 16.221 0.008
2117.62522 16.214 0.009
2117.63103 16.255 0.008
2117.63399 16.282 0.010
2117.63983 16.289 0.008
2117.64275 16.296 0.010
2117.64860 16.321 0.008
2117.65153 16.331 0.010
2117.66029 16.370 0.011
2117.66950 16.424 0.013
2117.67825 16.426 0.012
2117.68706 16.444 0.012
2117.69581 16.484 0.013
2117.70453 16.489 0.014
2117.71197 16.495 0.010
2117.71490 16.526 0.012
2117.72073 16.527 0.010
2117.72365 16.545 0.013
2117.72948 16.565 0.010
2117.73244 16.558 0.013
2117.73827 16.599 0.012
2117.74120 16.591 0.013
2117.74699 16.597 0.012
2117.74990 16.613 0.014
2117.75570 16.613 0.013
2117.75864 16.636 0.015
2118.49786 16.534 0.012
2118.50079 16.556 0.013
2118.50661 16.564 0.012
2118.50957 16.570 0.015
2118.51541 16.576 0.012
2118.51835 16.593 0.014
2118.52417 16.582 0.012
2118.52710 16.606 0.015
2118.64321 16.732 0.012
2118.65592 16.807 0.012
2118.65886 16.803 0.015
2118.66467 16.827 0.013
2118.66761 16.808 0.014
2118.67346 16.853 0.015
2118.67639 16.843 0.015
2118.68223 16.864 0.013
2118.68515 16.844 0.016
2118.69095 16.836 0.013
2118.69389 16.819 0.014
2118.70086 16.728 0.012
2118.70378 16.690 0.013
2118.70988 16.481 0.009
2118.71282 16.408 0.012
2118.71863 16.188 0.008
2118.72156 16.093 0.009
2118.72736 15.960 0.008
2118.73033 15.972 0.008
2118.73915 16.003 0.008
2125.64150 16.806 0.018
2125.64444 16.834 0.023
2128.57003 16.545 0.010
2128.57483 16.562 0.013
2131.56674 16.207 0.008
2131.56969 16.233 0.009
2134.66975 16.262 0.011
2134.67355 16.270 0.013
2138.54720 16.267 0.009
2138.55016 16.268 0.012
2143.52040 15.991 0.010
2155.64720 16.433 0.016
2155.65016 16.467 0.018
2156.48627 16.637 0.014
2156.48926 16.607 0.014
2158.49461 16.687 0.013
2158.49758 16.688 0.015
2158.53762 16.730 0.013
2158.54059 16.730 0.014
2162.50413 15.954 0.008
2162.50709 15.976 0.009
2168.53885 16.676 0.014
2168.54179 16.658 0.017
2173.49686 16.568 0.016
2173.49982 16.561 0.017
2180.49846 16.579 0.015
2184.50009 16.788 0.018
2184.50305 16.751 0.018
2194.55447 16.759 0.015
2194.55717 16.722 0.017
2321.87307 16.559 0.015
2321.87593 16.567 0.017
2324.87519 16.261 0.009
2324.87803 16.264 0.011
2341.83166 16.664 0.014
2341.83451 16.594 0.016
2350.84477 16.307 0.008
2350.84760 16.328 0.010
2358.88424 16.430 0.010
2358.88707 16.345 0.013
2370.81249 16.723 0.014
2370.81535 16.724 0.016
2381.80789 16.209 0.009
2381.81073 16.216 0.010
2384.79037 16.822 0.014
2384.79319 16.818 0.016
2388.85023 16.464 0.010
2388.85311 16.440 0.012
2391.69275 16.685 0.019
2391.69565 16.697 0.020
2399.77684 16.625 0.011
2399.78569 16.651 0.012
2399.92776 16.794 0.015
2399.93076 16.765 0.015
2399.93365 16.757 0.015
2399.93660 16.700 0.014
2399.93974 16.630 0.015
2400.69063 16.856 0.016
2400.69352 16.835 0.017
2402.80557 16.454 0.010
2402.80844 16.493 0.012
2404.84251 16.658 0.011
2404.84541 16.671 0.013
2414.86148 16.589 0.010
2414.86438 16.582 0.013
2415.72351 16.698 0.015
2415.72643 16.708 0.018
2416.74571 16.456 0.010
2416.74862 16.479 0.013
2417.72128 16.805 0.015
2417.72417 16.821 0.018
2424.76361 15.975 0.011
2424.76653 15.996 0.009
2426.67492 16.431 0.010
2426.67781 16.334 0.011
2431.80926 16.358 0.008
2431.81215 16.345 0.009
2433.73934 16.318 0.012
2434.81238 16.362 0.011
2436.58220 16.666 0.014
2436.58511 16.654 0.015
2437.57362 16.145 0.013
2437.57670 16.158 0.012
2437.57934 16.185 0.013
2437.58196 16.194 0.014
2437.58458 16.199 0.014
2437.58718 16.215 0.014
2437.59571 16.256 0.014
2437.59832 16.284 0.015
2437.60095 16.284 0.014
2437.60357 16.288 0.013
2437.60618 16.301 0.016
2437.60880 16.299 0.015
2437.61873 16.345 0.015
2437.62848 16.396 0.015
2437.63754 16.411 0.020
2437.64761 16.435 0.015
2437.65661 16.454 0.014
2437.66659 16.500 0.017
2437.69751 16.580 0.016
2437.70639 16.589 0.018
2437.71759 16.610 0.017
2437.72671 16.652 0.017
2437.73579 16.650 0.016
2437.74531 16.658 0.015
2437.75749 16.660 0.017
2437.76634 16.654 0.016
2437.77511 16.677 0.016
2437.78391 16.695 0.016
2437.79318 16.702 0.018
2437.80198 16.668 0.016
2437.81079 16.707 0.015
2437.81961 16.720 0.016
2437.83385 16.726 0.016
2437.84311 16.748 0.018
2437.85638 16.801 0.018
2437.86531 16.846 0.019
2437.87444 16.895 0.023
2437.89072 16.866 0.023
2437.90277 16.649 0.020
2437.92338 16.000 0.013
2438.61435 16.742 0.014
2438.61729 16.759 0.015
2439.61425 16.511 0.013
2439.64705 16.565 0.012
2439.65316 16.592 0.012
2439.67545 16.643 0.013
2439.71185 16.656 0.013
2439.72999 16.680 0.013
2439.74557 16.691 0.013
2439.76107 16.729 0.014
2439.77542 16.730 0.014
2439.79468 16.797 0.014
2439.80498 16.836 0.015
2439.82101 16.839 0.015
2439.83329 16.748 0.015
2439.84904 16.319 0.011
2439.86112 15.976 0.009
2439.87114 15.987 0.010
2439.88000 16.025 0.010
2439.88953 16.084 0.010
2439.89850 16.131 0.011
2439.90543 16.167 0.012
2439.91441 16.213 0.014
2439.92386 16.250 0.014
2440.59561 16.846 0.015
2440.59852 16.851 0.017
2440.64529 15.999 0.009
2440.67410 16.126 0.010
2440.69282 16.233 0.011
2440.71253 16.299 0.010
2440.72815 16.386 0.020
2440.74608 16.417 0.011
2440.75814 16.436 0.011
2440.77410 16.482 0.011
2440.82826 16.614 0.015
2440.84056 16.654 0.017
2440.84939 16.649 0.018
2440.88179 16.725 0.019
2440.89139 16.680 0.020
2440.89825 16.698 0.019
2440.91082 16.754 0.021
2442.61343 16.138 0.008
2442.61611 16.159 0.010
2444.57469 16.294 0.012
2444.58280 16.307 0.012
2444.59123 16.344 0.012
2444.60539 16.384 0.013
2444.61617 16.413 0.013
2444.62427 16.419 0.012
2444.63471 16.453 0.013
2444.64278 16.491 0.014
2444.65085 16.497 0.014
2444.65894 16.535 0.014
2444.66810 16.560 0.015
2444.67619 16.587 0.016
2444.68427 16.594 0.015
2444.69234 16.609 0.015
2444.70044 16.644 0.016
2444.70605 16.661 0.015
2444.70874 16.635 0.016
2444.71583 16.646 0.015
2444.72388 16.651 0.015
2444.73060 16.662 0.016
2444.73892 16.696 0.016
2444.74495 16.675 0.017
2444.75321 16.687 0.017
2444.76037 16.687 0.015
2444.76585 16.672 0.016
2444.77166 16.715 0.017
2444.78036 16.708 0.016
2444.79173 16.697 0.016
2444.79979 16.743 0.017
2444.80784 16.735 0.018
2444.81769 16.766 0.019
2444.82572 16.806 0.021
2444.83377 16.808 0.020
2444.85002 16.854 0.019
2444.86082 16.859 0.020
2444.87164 16.720 0.018
2444.88398 16.375 0.014
2444.89478 16.017 0.012
2446.64060 16.629 0.013
2446.64653 16.642 0.014
2448.52739 16.513 0.019
2448.53031 16.482 0.019
2453.73666 16.800 0.015
2453.73962 16.813 0.016
2454.52766 16.870 0.019
2454.55153 16.774 0.015
2454.56050 16.590 0.013
2454.56946 16.328 0.010
2454.58016 15.969 0.008
2454.58901 15.962 0.008
2454.59788 16.000 0.008
2454.60682 16.060 0.009
2454.61927 16.127 0.009
2454.63361 16.208 0.009
2454.64263 16.250 0.010
2454.65158 16.276 0.010
2454.66204 16.321 0.010
2454.67117 16.352 0.011
2454.68003 16.377 0.011
2454.68976 16.421 0.011
2454.69951 16.435 0.011
2454.70831 16.464 0.011
2454.71899 16.484 0.012
2454.72789 16.497 0.011
2454.73683 16.552 0.012
2454.74756 16.534 0.012
2454.75642 16.585 0.013
2454.76527 16.584 0.014
2454.77405 16.602 0.016
2454.78763 16.614 0.016
2458.73393 16.733 0.014
2458.73688 16.724 0.015
2462.72273 15.956 0.007
2462.72567 15.977 0.008
2463.81981 16.850 0.014
2463.82277 16.805 0.015
2465.46804 16.163 0.014
2465.47702 16.201 0.013
2465.48621 16.248 0.013
2465.49519 16.285 0.012
2465.50422 16.324 0.012
2465.51321 16.333 0.012
2465.52328 16.382 0.012
2465.53353 16.408 0.013
2465.54247 16.442 0.013
2465.55150 16.445 0.012
2465.56049 16.483 0.012
2465.56943 16.500 0.012
2465.58392 16.540 0.013
2465.59298 16.584 0.013
2465.60220 16.631 0.018
2465.61124 16.616 0.013
2465.62159 16.637 0.013
2465.63121 16.645 0.013
2465.64094 16.645 0.013
2465.65093 16.673 0.013
2465.66020 16.692 0.014
2465.68792 16.699 0.013
2465.69697 16.707 0.014
2465.70599 16.698 0.014
2465.71516 16.723 0.014
2465.72441 16.740 0.014
2465.73340 16.770 0.015
2465.74366 16.788 0.015
2465.78893 16.750 0.019
2465.79779 16.491 0.015
2465.80665 16.191 0.012
2465.81575 16.011 0.011
2465.82552 16.006 0.010
2465.83450 16.039 0.010
2465.84545 16.106 0.013
2466.46291 16.688 0.018
2466.47175 16.725 0.015
2466.48065 16.716 0.014
2466.48963 16.713 0.013
2466.50234 16.743 0.013
2466.51152 16.756 0.014
2466.52054 16.791 0.015
2466.52952 16.825 0.014
2466.53998 16.863 0.014
2466.54915 16.853 0.014
2466.55848 16.803 0.013
2466.56215 16.755 0.013
2466.56808 16.632 0.012
2466.57700 16.328 0.009
2466.58895 15.981 0.008
2466.59889 15.977 0.008
2466.60791 16.015 0.008
2466.61675 16.060 0.008
2466.62753 16.134 0.009
2466.63726 16.198 0.009
2466.64749 16.244 0.010
2466.65646 16.271 0.009
2466.66539 16.309 0.010
2466.67805 16.345 0.010
2466.68691 16.391 0.010
2466.69577 16.416 0.011
2466.70568 16.427 0.010
2466.71596 16.453 0.010
2466.72507 16.508 0.013
2466.73407 16.519 0.013
2466.74332 16.563 0.014
2466.74979 16.577 0.014
2466.75276 16.572 0.015
2466.75931 16.584 0.014
2466.76807 16.612 0.013
2466.77743 16.624 0.013
2466.79001 16.640 0.014
2466.79904 16.683 0.016
2466.80971 16.680 0.014
2466.81862 16.700 0.016
2466.82854 16.684 0.016
2466.83737 16.692 0.015
2466.84634 16.665 0.017
2468.45903 16.862 0.036
2468.46484 16.852 0.019
2468.46778 16.827 0.020
2468.47755 16.838 0.021
2468.48821 16.846 0.017
2468.49703 16.789 0.015
2468.50704 16.563 0.013
2468.51629 16.265 0.010
2468.52620 15.993 0.012
2468.53520 15.976 0.008
2468.54491 16.030 0.008
2468.55375 16.081 0.008
2468.56267 16.113 0.009
2468.57153 16.168 0.009
2468.58249 16.217 0.009
2468.59148 16.264 0.009
2468.60056 16.298 0.010
2468.60949 16.328 0.010
2468.62033 16.371 0.011
2468.62912 16.386 0.010
2468.63801 16.427 0.010
2468.64867 16.472 0.011
2468.65802 16.493 0.011
2468.66797 16.516 0.011
2468.67782 16.535 0.011
2468.68670 16.548 0.012
2468.69554 16.529 0.019
2468.70433 16.618 0.018
2468.71433 16.596 0.011
2468.72347 16.620 0.012
2468.73419 16.624 0.012
2468.74299 16.662 0.013
2468.75270 16.667 0.013
2468.76160 16.688 0.013
2468.77057 16.671 0.014
2468.77948 16.684 0.014
2468.78949 16.671 0.015
2468.79858 16.703 0.015
2468.80783 16.737 0.015
2468.81823 16.722 0.020
2468.82704 16.736 0.018
2468.83594 16.750 0.017
2470.46516 15.965 0.010
2470.46813 15.976 0.012
2472.67213 16.703 0.011
2472.68097 16.716 0.012
2472.69128 16.714 0.012
2472.70023 16.731 0.012
2472.70912 16.754 0.012
2472.71931 16.795 0.012
2472.73262 16.862 0.014
2472.74220 16.856 0.013
2472.75127 16.825 0.014
2472.76016 16.740 0.012
2472.76991 16.502 0.009
2474.46546 16.483 0.014
2474.46843 16.459 0.015
2482.62214 16.532 0.013
2482.62514 16.539 0.014
2485.63215 16.254 0.011
2485.63512 16.273 0.013
2489.70299 16.690 0.012
2489.70596 16.694 0.013
2492.64767 16.392 0.009
2492.65064 16.405 0.011
2494.70205 16.668 0.012
2494.70501 16.709 0.016
2497.50460 16.790 0.015
2497.50757 16.789 0.016
2499.54039 16.044 0.008
2499.54335 16.078 0.009
2501.56811 16.418 0.009
2501.57111 16.439 0.012
2503.49162 16.402 0.026
2503.49462 16.433 0.023
2511.54830 16.062 0.009
2511.55130 16.096 0.017
2521.51672 16.758 0.013
2521.52055 16.747 0.015
2526.54693 16.746 0.013
2537.47811 15.995 0.010
2537.48108 15.976 0.011
2540.49470 16.776 0.017
2540.49766 16.732 0.029
2546.50525 16.418 0.011
2546.50825 16.443 0.014
2550.48652 16.687 0.016
2550.48952 16.679 0.017
2554.55841 16.113 0.009
2554.56141 16.138 0.011
2558.49496 16.421 0.014
2558.49794 16.403 0.015
2565.48782 16.484 0.018
2693.89219 16.767 0.014
2693.89508 16.714 0.014
2698.89013 16.710 0.013
2698.89301 16.691 0.014
2711.87315 16.297 0.008
2711.87605 16.319 0.010
2721.88060 15.987 0.013
2721.88350 16.093 0.016
2730.89389 16.421 0.009
2743.77029 16.661 0.012
2743.77314 16.634 0.014
2748.78884 16.623 0.013
2748.79167 16.610 0.017
2755.77874 16.642 0.011
2755.78159 16.626 0.013
2758.93016 16.704 0.016
2758.93298 16.715 0.022
2765.78688 16.497 0.010
2765.78972 16.500 0.012
2769.77149 16.646 0.009
2769.77432 16.788 0.020
2782.71004 16.060 0.009
2782.71288 16.070 0.011
2784.69899 16.306 0.008
2784.70184 16.299 0.010
2786.58455 16.065 0.011
2786.59189 16.108 0.012
2788.68634 16.614 0.011
2788.68920 16.627 0.012
2790.79144 16.801 0.013
2790.79429 16.759 0.015
2792.52842 16.577 0.018
2792.53122 16.545 0.018
2794.55466 16.699 0.018
2794.55734 16.721 0.022
2796.56337 16.791 0.015
2796.56624 16.809 0.015
2802.55824 16.419 0.016
2802.56461 16.453 0.017
2808.63079 16.248 0.009
2808.63366 16.154 0.011
2810.56903 16.198 0.009
2810.57192 16.093 0.010
2810.63534 16.250 0.011
2810.66493 16.344 0.011
2810.79275 16.659 0.014
2810.81026 16.656 0.014
2810.83773 16.691 0.015
2810.87029 16.700 0.015
2812.57090 16.215 0.009
2812.57375 16.241 0.011
2813.81465 16.497 0.012
2813.81751 16.498 0.012
2815.59325 16.599 0.012
2815.59612 16.510 0.013
2816.65868 16.700 0.012
2816.66155 16.714 0.014
2817.77333 16.675 0.014
2817.77620 16.671 0.015
2818.66818 16.889 0.015
2818.67105 16.865 0.017
2819.76228 16.725 0.015
2819.76515 16.729 0.015
2821.66052 16.688 0.013
2826.65119 16.698 0.014
2826.65410 16.658 0.015
2830.78143 16.241 0.011
2830.78431 16.245 0.012
2835.47782 16.414 0.015
2835.48072 16.438 0.016
2837.49663 16.651 0.015
2837.49953 16.637 0.018
2838.72714 16.697 0.013
2838.73005 16.696 0.016
2840.49871 16.370 0.011
2840.50159 16.376 0.013
2842.53514 16.626 0.013
2842.53805 16.584 0.013
2844.61128 16.835 0.013
2844.61419 16.823 0.015
2848.54648 15.961 0.009
2848.54942 15.995 0.012
2851.53374 16.704 0.014
2851.53666 16.714 0.016
2853.53159 16.863 0.015
2853.54357 16.800 0.017
2854.75453 15.999 0.009
2854.75743 16.041 0.011
2857.71747 16.706 0.015
2857.72037 16.722 0.018
2862.49376 15.985 0.010
2862.49667 15.990 0.012
2864.50077 16.313 0.012
2864.50369 16.330 0.016
2867.65598 16.484 0.013
2867.65893 16.465 0.016
2867.69807 16.590 0.012
2867.71936 16.626 0.014
2867.72930 16.653 0.015
2867.73251 16.637 0.014
2867.73556 16.645 0.015
2867.73861 16.671 0.015
2868.51429 16.658 0.012
2868.51719 16.661 0.014
2869.56728 16.401 0.010
2869.58857 16.471 0.010
2869.59148 16.475 0.012
2870.65628 16.106 0.008
2871.47684 16.318 0.010
2871.47977 16.343 0.013
2871.51151 16.430 0.010
2871.52781 16.475 0.010
2871.54698 16.530 0.010
2871.55026 16.540 0.010
2871.55365 16.550 0.010
2871.55700 16.569 0.010
2871.56044 16.569 0.010
2871.56414 16.563 0.010
2871.56803 16.583 0.010
2871.57980 16.613 0.011
2871.58743 16.621 0.012
2871.59090 16.657 0.012
2871.59428 16.631 0.011
2871.59764 16.655 0.011
2871.60093 16.638 0.011
2871.60426 16.644 0.012
2871.60748 16.656 0.012
2871.61118 16.652 0.012
2871.61585 16.644 0.012
2871.63049 16.661 0.012
2871.71129 16.746 0.014
2872.50170 16.832 0.015
2872.67540 16.413 0.009
2872.70262 16.504 0.010
2874.57627 16.333 0.009
2875.53658 16.703 0.012
2875.61544 16.860 0.017
2875.61836 16.913 0.022
2875.69346 16.122 0.010
2876.49411 16.252 0.008
2876.65169 16.641 0.013
2877.52165 16.807 0.015
2877.65100 16.233 0.009
2877.65395 16.266 0.011
2878.49816 16.476 0.010
2878.56930 16.642 0.011
2879.55333 16.034 0.008
2879.55623 16.053 0.009
2880.70010 15.962 0.008
2881.65634 16.644 0.011
2881.66023 16.615 0.012
2882.49650 16.711 0.018
2882.50044 16.728 0.013
2883.58619 16.595 0.011
2883.58961 16.598 0.013
2884.47633 16.744 0.016
2884.47929 16.757 0.018
2885.55802 16.663 0.017
2886.54646 16.169 0.015
2890.64567 16.766 0.024
2892.51419 16.667 0.016
2892.51710 16.639 0.017
2893.56091 16.345 0.011
2893.60246 16.439 0.012
2893.60978 16.469 0.011
2893.61258 16.456 0.011
2894.49744 16.670 0.018
2894.54748 16.720 0.016
2894.64610 15.985 0.011
2895.47930 16.282 0.016
2895.59426 16.591 0.021
2895.66739 16.673 0.014
2896.47694 16.723 0.021
2896.57063 16.046 0.009
2896.57348 15.988 0.009
2896.58101 15.957 0.008
2896.64434 16.283 0.011
2896.64809 16.281 0.011
2897.58008 16.649 0.015
2897.64167 16.720 0.018
2898.48451 16.807 0.021
2898.52991 16.040 0.011
2898.60483 16.370 0.013
2898.64873 16.491 0.015
2899.60441 16.783 0.012
2899.60735 16.781 0.014
2899.61415 16.842 0.016
2899.65292 16.600 0.013
2900.47663 16.091 0.014
2900.52970 16.339 0.013
2900.57982 16.483 0.014
2900.62115 16.625 0.016
2902.47152 16.377 0.020
2902.51448 16.458 0.016
2902.55931 16.642 0.020
2902.62342 16.676 0.018
2903.48807 16.979 0.023
2903.51942 16.800 0.013
2903.59878 16.200 0.008
2904.52879 16.742 0.022
2904.57842 16.691 0.018
2904.60835 16.707 0.017
2904.64523 16.841 0.019
2905.49133 15.998 0.011
2905.52244 16.137 0.011
2905.54431 16.246 0.012
2905.54726 16.296 0.015
2905.55556 16.298 0.014
2905.61083 16.454 0.015
2906.49519 16.686 0.018
2906.52858 16.723 0.018
2906.56238 16.773 0.018
2906.58942 16.856 0.018
2907.48277 16.281 0.016
2907.54656 16.491 0.017
2907.60266 16.615 0.017
2908.49559 16.838 0.023
2908.52767 16.824 0.023
2908.61000 16.099 0.013
2909.49743 16.505 0.015
2909.51514 16.551 0.013
2909.51807 16.543 0.016
2909.54226 16.614 0.017
2910.48939 16.815 0.020
2910.52248 15.983 0.011
2910.58010 16.263 0.015
2911.48488 16.623 0.019
2911.52930 16.646 0.017
2911.55696 16.677 0.014
2912.49649 16.163 0.012
2912.53773 16.304 0.009
2912.54067 16.347 0.012
2912.54357 16.366 0.012
2912.58268 16.453 0.013
2915.47632 16.796 0.030
2915.49109 16.822 0.022
2916.48454 16.539 0.017
2916.52748 16.644 0.016
2916.56804 16.686 0.015
2917.50299 15.991 0.010
2917.53351 16.166 0.012
2917.57314 16.311 0.012
2918.49613 16.735 0.022
2918.52337 16.706 0.018
2918.58192 16.792 0.018
2920.50720 16.764 0.019
2920.54363 16.892 0.025
2921.49291 16.498 0.018
2921.53170 16.569 0.015
2921.58281 16.660 0.018
2921.59831 16.679 0.018
2922.49862 16.816 0.022
2922.56976 16.173 0.013
2923.51166 16.651 0.014
2923.53901 16.665 0.016
2923.57432 16.705 0.016
2924.50846 16.141 0.010
2924.57833 16.440 0.013
2925.50343 16.728 0.018
2925.56018 16.784 0.017
2926.53332 16.502 0.014
2926.56551 16.551 0.013
2926.57891 16.645 0.017
2927.50096 16.871 0.020
2927.57786 16.000 0.010
2928.50956 16.581 0.016
2928.56406 16.638 0.018
2929.50420 16.004 0.013
2929.57875 16.312 0.013
2930.50304 16.681 0.015
2930.55453 16.711 0.016
2931.50582 16.299 0.011
2931.58143 16.543 0.014
2932.52041 16.767 0.016
2932.57170 16.766 0.017
2933.50956 16.480 0.014
2933.56828 16.614 0.016
2934.51272 16.742 0.020
2934.55815 16.040 0.010
2935.51496 16.681 0.019
2936.49613 16.067 0.013
2937.51839 16.715 0.019
2939.50679 16.852 0.020
2941.51167 15.969 0.012
2942.50036 16.650 0.017
2943.54598 16.417 0.018
2944.53943 16.870 0.028
2945.49631 16.430 0.020
2946.50629 16.870 0.022
2947.52722 16.655 0.022
2949.51213 16.707 0.021
2950.49937 16.309 0.018
2951.49939 16.758 0.027
2952.50421 16.543 0.020
2952.51611 16.552 0.018
2953.49871 16.592 0.019
2957.49978 16.443 0.024
2958.50040 16.820 0.036
3040.87630 16.599 0.014
3040.88363 16.651 0.019
3041.88099 16.139 0.010
3042.88085 16.711 0.017
3043.86538 16.338 0.011
3044.85820 16.756 0.017
3044.86100 16.784 0.018
3045.86011 16.556 0.014
3046.86814 16.173 0.010
3046.87092 16.078 0.013
3047.85686 16.668 0.013
3047.85966 16.665 0.025
3048.85818 16.148 0.009
3049.84332 16.655 0.013
3050.83649 16.356 0.012
3051.84065 16.796 0.032
3052.83937 16.557 0.013
3053.82316 16.718 0.013
3054.83895 16.688 0.015
3055.83515 16.198 0.010
3055.87452 16.351 0.010
3055.87732 16.342 0.011
3056.84894 16.795 0.018
3057.83580 16.449 0.012
3058.83339 16.849 0.014
3058.89269 15.979 0.008
3058.89545 15.972 0.008
3059.83889 16.608 0.013
3060.81814 16.041 0.010
3061.84736 16.669 0.015
3064.81324 16.436 0.013
3064.81598 16.455 0.012
3064.83012 16.500 0.014
3067.78582 16.180 0.010
3067.88666 16.367 0.009
3069.80106 16.315 0.012
3070.84819 16.870 0.017
3070.85093 16.910 0.019
3070.89257 15.979 0.008
3071.87693 16.649 0.012
3073.80367 16.664 0.015
3073.80640 16.637 0.013
3075.84225 16.730 0.013
3075.84508 16.733 0.014
3076.89507 16.646 0.015
3079.88686 16.338 0.009
3079.88960 16.373 0.013
3081.77121 16.098 0.009
3082.86016 16.874 0.013
3082.86291 16.864 0.017
3083.80387 16.453 0.010
3084.89946 16.246 0.008
3085.86512 16.633 0.012
3086.83181 16.231 0.008
3086.83455 16.221 0.009
3087.89913 16.848 0.018
3088.78930 16.313 0.008
3088.79203 16.315 0.009
3088.80610 16.368 0.009
3089.89856 16.040 0.008
3089.90130 16.069 0.008
3091.81875 15.972 0.008
3091.82147 15.989 0.008
3091.83519 16.073 0.009
3093.89685 16.529 0.015
3096.85686 15.979 0.008
3096.85960 16.009 0.010
3097.88053 16.668 0.012
3098.83736 16.195 0.008
3098.84703 16.238 0.009
3100.79783 16.301 0.008
3100.80057 16.304 0.010
3101.87709 16.108 0.010
3101.90434 16.025 0.008
3101.91414 16.088 0.010
3103.76910 16.838 0.013
3103.77188 16.845 0.015
3104.88363 16.707 0.025
3104.88639 16.697 0.025
3106.83118 16.765 0.018
3106.85656 16.783 0.018
3108.76167 16.729 0.012
3108.76441 16.712 0.012
3108.80681 16.858 0.014
3109.78801 16.533 0.011
3109.79661 16.571 0.009
3110.74735 16.809 0.014
3110.82828 16.107 0.008
3110.83103 16.132 0.008
3111.86220 16.750 0.011
3112.77709 16.167 0.008
3112.77986 16.193 0.009
3113.73635 16.657 0.011
3113.86686 16.691 0.011
3113.86961 16.657 0.013
3114.77838 16.405 0.009
3114.78114 16.428 0.010
3115.86120 16.090 0.008
3115.86397 16.118 0.009
3116.91732 16.786 0.014
3116.92008 16.786 0.015
3122.90439 16.398 0.010
3122.90713 16.394 0.011
3125.86465 16.863 0.016
3125.86742 16.875 0.021
3126.89027 16.656 0.012
3126.89311 16.666 0.013
3127.79578 16.858 0.014
3127.80393 16.802 0.016
3128.81415 16.636 0.011
3128.81693 16.614 0.013
3130.69216 16.519 0.013
3130.69488 16.491 0.013
3135.89626 16.804 0.016
3137.93253 16.038 0.008
3137.93528 16.037 0.009
3138.69522 15.990 0.008
3138.69800 16.013 0.009
3138.83513 16.514 0.012
3139.86654 16.031 0.008
3139.87521 16.088 0.008
3140.87225 16.667 0.012
3140.87505 16.659 0.013
3140.90258 16.700 0.013
3142.76055 16.648 0.011
3142.76332 16.650 0.013
3144.78149 16.717 0.012
3144.78426 16.725 0.015
3146.78130 16.852 0.014
3146.78409 16.834 0.016
3151.74408 16.717 0.014
3151.74688 16.749 0.017
3151.89676 16.157 0.008
3151.89955 16.176 0.010
3152.74737 16.458 0.010
3152.75097 16.446 0.012
3153.75212 16.865 0.016
3153.89781 16.408 0.012
3154.81363 16.672 0.014
3154.81642 16.729 0.016
3156.83333 16.844 0.014
3156.83614 16.814 0.016
3158.90401 16.332 0.014
3158.90680 16.338 0.015
3162.80832 16.401 0.010
3162.81114 16.437 0.012
3163.62123 16.507 0.009
3163.64006 16.570 0.010
3164.72995 16.369 0.009
3164.73273 16.381 0.011
3165.75076 16.862 0.012
3165.75355 16.826 0.013
3166.74110 16.608 0.016
3166.89589 16.843 0.018
3166.89870 16.846 0.020
3167.74876 16.008 0.008
3167.75157 16.004 0.010
3168.74394 16.678 0.011
3168.74674 16.657 0.014
3169.71984 16.185 0.008
3169.72263 16.195 0.010
3170.79736 16.849 0.012
3170.80016 16.822 0.013
3171.82006 16.641 0.009
3171.82287 16.664 0.011
3172.74707 16.729 0.011
3172.74986 16.669 0.011
3174.70336 16.087 0.008
3175.71330 16.664 0.011
3175.71610 16.666 0.012
3177.75044 16.866 0.017
3177.75325 16.946 0.023
3178.77701 16.650 0.011
3178.77983 16.623 0.012
3179.78676 16.143 0.008
3179.78954 16.163 0.010
3180.71510 16.629 0.009
3180.71792 16.656 0.012
3182.76659 16.756 0.012
3182.76941 16.778 0.015
3183.73524 16.428 0.010
3183.73807 16.444 0.012
3184.69303 16.737 0.011
3184.69582 16.761 0.013
3185.48520 16.817 0.029
3185.57921 16.043 0.008
3185.61509 16.208 0.009
3185.66442 16.419 0.011
3185.71390 16.570 0.013
3185.74569 16.620 0.012
3185.74850 16.648 0.014
3185.76592 16.646 0.012
3185.79186 16.667 0.012
3185.82991 16.713 0.012
3185.83318 16.737 0.013
3185.85790 16.729 0.014
3185.86109 16.773 0.014
3185.87937 16.806 0.016
3185.88236 16.827 0.017
3186.63018 16.718 0.017
3190.63676 16.184 0.009
3190.64003 16.187 0.011
3191.77823 16.059 0.008
3191.80061 16.161 0.010
3193.53123 16.660 0.013
3194.58989 16.460 0.011
3194.59270 16.468 0.012
3195.63717 15.981 0.007
3195.64001 15.990 0.008
3195.79485 16.573 0.010
3195.79765 16.549 0.012
3196.54027 16.487 0.011
3196.54308 16.481 0.013
3196.55746 16.531 0.012
3197.50783 16.857 0.013
3197.51064 16.831 0.014
3199.61760 16.424 0.010
3199.62045 16.415 0.011
3201.50944 16.292 0.008
3201.51226 16.306 0.009
3202.47390 16.696 0.015
3202.52602 16.778 0.012
3202.56388 16.853 0.013
3202.56669 16.817 0.015
3202.63017 16.091 0.008
3202.75567 16.543 0.012
3202.79234 16.620 0.013
3202.82853 16.698 0.017
3203.46962 16.361 0.010
3203.65337 16.729 0.013
3203.65621 16.709 0.013
3204.64660 16.420 0.009
3204.64944 16.417 0.010
3205.75522 16.204 0.008
3205.75804 16.213 0.009
3206.71223 16.676 0.013
3206.71506 16.678 0.013
3207.66076 16.051 0.008
3207.66360 16.087 0.010
3209.70588 16.489 0.008
3210.53961 16.629 0.012
3210.54248 16.622 0.016
3211.57807 16.280 0.008
3211.58088 16.271 0.011
3217.47219 16.547 0.014
3217.47623 16.539 0.012
3217.64947 16.830 0.015
3218.64498 16.567 0.013
3218.64783 16.566 0.014
3219.59333 16.892 0.019
3219.60272 16.851 0.020
3223.64623 16.510 0.015
3223.64905 16.527 0.016
3224.69175 15.986 0.008
3226.60906 16.213 0.010
3228.59549 16.152 0.008
3228.59832 16.180 0.010
3229.62796 16.741 0.013
3229.63079 16.735 0.015
3230.66154 16.566 0.010
3230.66438 16.575 0.012
3231.56488 16.735 0.013
3231.56771 16.749 0.014
3231.60599 16.855 0.015
3232.59561 16.601 0.016
3238.61386 16.363 0.010
3238.61675 16.235 0.011
3239.69262 16.736 0.016
3239.69548 16.745 0.015
3240.67375 16.411 0.014
3240.67660 16.412 0.014
3241.65152 16.781 0.019
3245.54852 16.850 0.014
3245.55139 16.841 0.015
3246.65224 16.748 0.016
3246.65508 16.726 0.016
3247.61839 16.342 0.010
3247.62127 16.367 0.011
3249.52031 16.180 0.009
3249.52320 16.201 0.012
3250.65307 16.021 0.008
3250.65595 16.023 0.009
3251.49826 16.373 0.011
3251.59855 16.624 0.011
3251.64976 16.697 0.014
3253.51737 16.583 0.013
3253.52022 16.596 0.016
3256.63014 16.623 0.014
3256.63298 16.607 0.014
3259.61960 16.318 0.010
3259.62245 16.344 0.013
3264.52709 16.874 0.014
3264.52996 16.856 0.016
3267.52620 16.672 0.013
3267.52908 16.651 0.014
3272.58162 16.692 0.014
3272.58449 16.681 0.015
3275.56458 16.500 0.014
3275.56745 16.543 0.018
3278.59349 16.301 0.010
3278.59637 16.279 0.011
3281.60025 16.725 0.010
3282.57038 16.585 0.010
3288.54008 16.853 0.011
3288.54293 16.856 0.012
3293.51065 16.703 0.011
3293.51351 16.685 0.011
3295.52085 16.880 0.010
3295.52371 16.863 0.011
3305.54167 16.742 0.015
3305.54481 16.711 0.015
3307.54072 16.835 0.022
3309.51660 15.966 0.008
3309.53356 16.020 0.009
3310.52622 16.676 0.015
3314.51011 16.919 0.022
3314.51334 16.881 0.025
3408.88462 16.662 0.014
3408.88738 16.643 0.015
3410.88473 16.713 0.015
3410.88749 16.708 0.016
3413.88556 16.577 0.013
3413.88832 16.590 0.015
3421.89178 16.127 0.007
3421.89456 16.122 0.008
3422.86168 16.691 0.014
3422.86444 16.649 0.011
3426.85731 16.817 0.014
3426.86004 16.775 0.014
3429.83041 16.657 0.015
3429.84208 16.693 0.019
3432.88273 16.614 0.013
3432.88547 16.579 0.011
3442.88513 16.441 0.009
3442.88789 16.415 0.010
3445.79797 16.784 0.011
3445.80069 16.757 0.011
3447.84859 16.160 0.008
3447.85131 16.168 0.009
3449.86122 16.448 0.009
3449.86397 16.431 0.010
3452.88183 16.125 0.007
3452.88459 16.154 0.008
3455.81607 16.685 0.013
3455.81879 16.686 0.021
3457.84953 16.792 0.012
3457.85232 16.752 0.013
3459.84475 16.060 0.008
3459.84750 16.090 0.008
3469.78051 16.724 0.011
3469.78327 16.701 0.011
3470.79348 16.477 0.009
3470.79620 16.469 0.010
3472.75591 16.529 0.009
3472.75866 16.538 0.011
3473.77571 16.006 0.008
3473.77846 15.997 0.008
3474.77237 16.676 0.013
3474.77509 16.647 0.014
3475.79793 16.388 0.008
3475.80069 16.391 0.010
3477.75977 16.448 0.009
3477.76250 16.432 0.010
3479.75860 16.599 0.008
3479.76136 16.612 0.010
3480.71874 16.468 0.009
3480.72150 16.366 0.009
3481.73667 16.672 0.012
3481.73944 16.647 0.012
3482.67900 15.972 0.008
3482.71620 16.169 0.009
3496.71626 16.390 0.008
3496.71902 16.373 0.011
3497.78781 15.985 0.008
3497.79054 15.994 0.009
3498.91109 16.782 0.014
3498.91487 16.711 0.016
3499.85893 16.510 0.008
3499.86170 16.514 0.012
3500.72514 16.685 0.011
3500.72790 16.681 0.012
3501.82158 16.564 0.008
3501.82433 16.544 0.009
3502.71742 16.713 0.011
3502.72020 16.688 0.011
3503.68661 16.379 0.008
3503.68935 16.370 0.009
3504.70133 16.876 0.013
3504.70410 16.797 0.014
3506.74514 16.199 0.008
3506.74789 16.213 0.008
3508.74935 16.472 0.009
3508.75750 16.464 0.012
3509.72782 16.838 0.012
3509.73058 16.805 0.014
3510.79760 16.668 0.011
3510.80035 16.706 0.013
3511.83673 16.421 0.008
3511.83949 16.424 0.010
3512.70641 16.629 0.012
3512.70918 16.647 0.013
3512.72354 16.667 0.015
3512.75911 16.707 0.015
3512.80676 16.751 0.015
3512.82404 16.795 0.016
3512.84158 16.849 0.016
3512.85946 16.723 0.015
3512.87964 16.141 0.010
3512.90212 15.996 0.008
3512.91106 16.047 0.009
3512.92556 16.111 0.010
3512.93818 16.185 0.009
3517.68222 16.514 0.013
3517.68500 16.526 0.014
3520.75750 16.473 0.010
3520.76028 16.452 0.012
3521.71471 16.759 0.011
3521.71751 16.732 0.011
3522.74274 16.595 0.008
3522.74553 16.553 0.010
3522.93395 16.699 0.013
3522.93675 16.657 0.013
3523.74723 15.993 0.007
3523.75000 16.005 0.008
3524.89241 16.033 0.008
3524.89520 15.973 0.008
3525.74562 16.302 0.008
3525.74840 16.305 0.009
3526.74905 16.759 0.012
3526.75183 16.723 0.014
3528.66990 16.737 0.011
3528.67275 16.693 0.012
3529.69227 16.531 0.007
3529.69504 16.524 0.008
3529.86940 16.792 0.013
3530.60734 16.728 0.011
3530.61015 16.698 0.011
3530.77230 16.241 0.008
3530.85411 16.496 0.009
3530.88081 16.567 0.010
3536.86852 16.709 0.012
3536.88544 16.566 0.012
3537.67546 16.021 0.009
3537.73817 16.231 0.007
3538.52440 16.323 0.013
3538.55386 16.386 0.010
3538.59711 16.490 0.012
3538.60102 16.488 0.010
3538.63175 16.586 0.009
3538.68725 16.671 0.009
3538.73637 16.706 0.010
3538.75285 16.674 0.012
3538.78384 16.843 0.011
3538.81495 16.752 0.011
3538.84381 15.947 0.007
3538.86915 16.071 0.008
3538.87524 16.099 0.008
3539.51083 16.730 0.018
3539.53042 16.754 0.018
3539.55571 16.824 0.017
3539.56304 16.857 0.015
3539.59305 16.690 0.013
3539.61593 15.974 0.008
3539.68199 16.248 0.008
3539.73745 16.433 0.008
3539.74246 16.492 0.010
3539.80860 16.623 0.008
3540.51620 16.452 0.014
3540.52377 16.487 0.015
3540.61626 16.662 0.013
3540.65000 16.669 0.012
3540.69161 16.738 0.013
3540.73621 16.855 0.016
3540.83437 16.211 0.009
3541.62437 16.269 0.010
3541.63152 16.327 0.009
3541.78057 16.692 0.011
3541.78322 16.610 0.013
3542.56226 16.643 0.020
3542.56565 16.687 0.015
3542.83049 16.403 0.016
3542.83831 16.424 0.017
3544.60930 16.857 0.016
3544.61196 16.876 0.018
3544.72499 16.296 0.008
3544.80767 16.568 0.015
3546.72349 16.502 0.014
3546.84410 16.717 0.018
3547.74612 16.036 0.009
3547.80836 16.260 0.010
3549.80163 16.437 0.011
3549.84020 16.573 0.012
3550.63202 16.604 0.011
3550.63483 16.555 0.010
3551.63161 15.963 0.005
3551.63477 15.996 0.007
3552.66733 16.718 0.011
3552.67011 16.742 0.012
3553.71738 16.543 0.012
3553.72018 16.553 0.015
3554.65271 16.801 0.014
3554.65872 16.887 0.018
3555.66479 16.575 0.010
3555.66762 16.591 0.012
3556.67254 15.981 0.007
3556.67536 16.010 0.008
3558.52735 16.792 0.014
3558.53014 16.740 0.013
3558.82609 16.665 0.013
3558.82889 16.702 0.014
3559.69603 16.830 0.012
3559.69885 16.863 0.015
3560.59735 16.244 0.008
3560.60019 16.272 0.010
3561.54511 16.672 0.011
3561.54791 16.615 0.011
3562.58579 16.447 0.011
3562.58860 16.415 0.010
3563.63648 15.958 0.007
3563.63933 15.954 0.008
3564.57425 16.568 0.012
3564.57710 16.563 0.015
3569.55961 16.427 0.011
3569.56243 16.412 0.011
3572.81507 16.690 0.018
3572.81792 16.646 0.022
3573.64605 16.835 0.015
3573.64887 16.815 0.018
3574.68595 16.669 0.011
3574.68880 16.641 0.013
3575.53344 16.700 0.011
3575.53628 16.668 0.011
3575.77005 16.433 0.009
3575.77288 16.509 0.012
3576.68735 16.731 0.013
3576.69016 16.752 0.018
3577.58745 15.979 0.008
3577.59028 15.982 0.008
3578.67206 16.800 0.012
3578.67488 16.774 0.014
3579.61750 16.389 0.008
3579.62032 16.400 0.010
3580.65072 16.766 0.012
3580.65357 16.689 0.012
3581.67061 16.656 0.009
3581.67344 16.602 0.011
3582.64244 16.071 0.007
3582.64530 16.096 0.008
3583.63288 16.690 0.011
3583.63572 16.599 0.011
3583.75281 16.678 0.013
3583.75564 16.721 0.016
3584.64156 16.358 0.008
3584.64440 16.297 0.009
3584.75615 16.617 0.012
3584.75899 16.604 0.013
3585.63187 16.773 0.011
3585.63473 16.732 0.012
3585.77460 16.225 0.008
3586.46947 16.522 0.010
3586.56846 16.318 0.008
3586.67493 16.603 0.008
3586.71697 16.672 0.009
3586.71980 16.628 0.010
3587.59338 16.921 0.018
3587.64873 15.999 0.008
3587.71438 16.266 0.009
3588.55798 16.460 0.008
3589.49306 16.726 0.011
3589.54506 16.834 0.011
3589.67054 16.325 0.008
3589.67337 16.321 0.008
3589.69740 16.417 0.008
3590.65448 16.714 0.010
3590.65731 16.719 0.012
3591.49752 16.710 0.012
3591.54072 16.014 0.007
3591.64564 16.459 0.008
3591.67802 16.529 0.008
3591.68087 16.495 0.010
3591.75825 16.649 0.011
3592.75423 16.259 0.008
3593.74495 16.732 0.013
3593.74779 16.753 0.016
3594.70716 16.344 0.010
3594.71002 16.324 0.010
3601.65572 16.228 0.008
3601.65856 16.217 0.009
3601.72213 16.450 0.010
3602.61914 16.629 0.013
3603.63634 16.414 0.009
3603.63921 16.373 0.011
3607.63470 16.665 0.011
3607.63755 16.634 0.013
3608.65006 16.319 0.008
3608.65292 16.330 0.010
3609.63060 16.723 0.011
3615.57781 16.115 0.008
3615.58068 16.132 0.009
3618.57944 16.826 0.013
3618.58229 16.775 0.015
3620.54264 16.796 0.011
3620.54549 16.750 0.012
3622.52050 15.977 0.008
3622.52335 15.957 0.008
3628.59671 16.734 0.014
3628.59953 16.702 0.017
3630.53603 16.735 0.015
3630.53885 16.680 0.018
3632.58615 15.972 0.008
3632.58901 15.964 0.010
3634.48675 16.820 0.015
3634.48962 16.854 0.019
3639.54561 16.348 0.008
3639.54848 16.215 0.008
3641.54407 16.164 0.009
3641.54692 16.193 0.011
3641.58705 16.335 0.012
3644.50439 16.768 0.014
3644.50726 16.732 0.015
3648.53623 16.291 0.009
3648.53906 16.383 0.016
3650.57858 16.578 0.009
3650.58466 16.604 0.022
3654.54028 16.698 0.016
3654.54309 16.720 0.018
3656.52150 16.749 0.013
3656.52434 16.772 0.015
3658.55330 16.001 0.009
3658.55616 16.010 0.011
3660.52593 16.199 0.009
3660.52877 16.218 0.011
3664.50273 16.503 0.010
3664.50560 16.453 0.012
3669.53117 16.514 0.022
3675.50804 16.806 0.018
3675.51087 16.755 0.021
3675.52524 16.824 0.016
3676.49774 16.510 0.016
3776.86666 16.582 0.012
3776.86944 16.595 0.014
3782.85138 16.825 0.015
3782.85414 16.760 0.018
3784.87670 16.204 0.008
3784.87943 16.211 0.008
3786.89627 16.507 0.013
3786.89903 16.482 0.014
3788.84686 16.520 0.012
3788.84959 16.518 0.013
3790.88929 16.704 0.012
3790.89202 16.686 0.013
3793.85656 16.453 0.008
3793.85932 16.461 0.010
3795.84399 16.574 0.012
3795.84674 16.550 0.013
3798.80720 16.129 0.008
3798.80994 16.158 0.008
3799.83136 16.710 0.014
3799.83411 16.686 0.015
3800.82630 16.471 0.013
3800.82904 16.461 0.011
3801.88578 16.019 0.008
3801.88851 16.056 0.008
3802.85137 16.666 0.012
3802.85410 16.653 0.012
3803.88664 16.317 0.008
3803.88937 16.334 0.009
3805.80308 16.228 0.008
3805.80584 16.255 0.010
3806.76939 16.688 0.013
3806.77211 16.673 0.014
3807.78847 16.418 0.011
3807.79120 16.420 0.012
3808.79614 16.841 0.014
3808.79888 16.787 0.015
3809.88126 16.706 0.012
3809.88399 16.684 0.013
3810.84788 16.270 0.008
3810.85060 16.290 0.009
3811.83947 16.746 0.012
3811.84223 16.695 0.013
3812.83558 16.451 0.010
3812.83832 16.439 0.012
3813.82552 16.854 0.012
3813.83115 16.817 0.013
3814.82739 16.577 0.010
3814.83011 16.609 0.011
3817.85893 16.419 0.009
3817.86165 16.410 0.011
3818.88802 16.700 0.011
3818.89073 16.608 0.011
3819.80573 16.425 0.008
3819.80845 16.389 0.008
3820.77237 16.790 0.012
3820.77509 16.741 0.012
3821.77549 16.510 0.009
3821.77824 16.514 0.010
3822.81491 16.067 0.008
3822.81764 16.098 0.008
3822.86280 16.303 0.008
3822.88373 16.402 0.008
3822.91798 16.463 0.009
3823.74126 16.596 0.012
3823.77785 16.671 0.015
3823.79522 16.652 0.011
3823.83900 16.725 0.010
3823.88712 16.827 0.012
3823.92038 16.762 0.013
3824.74127 16.012 0.008
3824.74404 16.035 0.009
3824.82034 16.392 0.011
3824.86053 16.512 0.010
3824.89538 16.586 0.012
3825.80613 16.743 0.014
3825.80887 16.789 0.014
3825.84993 16.849 0.013
3825.88261 16.001 0.008
3825.91910 16.104 0.008
3826.73466 16.338 0.008
3826.73741 16.335 0.008
3826.77342 16.415 0.009
3826.82792 16.571 0.010
3826.90004 16.662 0.012
3827.76609 16.815 0.013
3827.80246 16.572 0.009
3827.80521 16.490 0.010
3827.85050 16.062 0.007
3827.92210 16.371 0.008
3828.75189 16.531 0.013
3828.77984 16.599 0.014
3828.79947 16.667 0.014
3828.86375 16.696 0.012
3828.91913 16.814 0.014
3829.73331 16.716 0.012
3829.76202 15.971 0.008
3829.77952 16.048 0.008
3829.84867 16.350 0.008
3829.89464 16.480 0.008
3829.92346 16.557 0.010
3830.69453 16.521 0.012
3830.70868 16.619 0.012
3830.73142 16.629 0.011
3830.73833 16.631 0.011
3830.74754 16.674 0.011
3830.76319 16.668 0.011
3830.77736 16.689 0.011
3830.79213 16.696 0.011
3830.80630 16.730 0.012
3830.82027 16.707 0.011
3830.83216 16.717 0.012
3830.84383 16.774 0.011
3830.85761 16.817 0.012
3830.86987 16.840 0.012
3830.88120 16.836 0.012
3830.89251 16.767 0.011
3830.90230 16.527 0.009
3830.91349 16.143 0.008
3830.92325 15.968 0.007
3830.92650 15.956 0.008
3831.69282 16.012 0.008
3831.70232 15.958 0.008
3831.71506 16.032 0.008
3831.72433 16.057 0.007
3831.72722 16.077 0.008
3831.73049 16.111 0.008
3831.73328 16.113 0.008
3831.73606 16.144 0.008
3831.73915 16.162 0.008
3831.74194 16.158 0.008
3831.74473 16.183 0.008
3831.74789 16.196 0.008
3831.75069 16.205 0.008
3831.75349 16.229 0.008
3831.75671 16.242 0.008
3831.75945 16.240 0.008
3831.76226 16.254 0.008
3831.76573 16.274 0.008
3831.76901 16.277 0.008
3831.77236 16.311 0.008
3831.77516 16.309 0.008
3831.77794 16.325 0.008
3831.78134 16.343 0.008
3831.78451 16.362 0.008
3831.78811 16.357 0.008
3831.79136 16.374 0.008
3831.79413 16.376 0.008
3831.79693 16.391 0.008
3831.80037 16.400 0.008
3831.80352 16.392 0.008
3831.80663 16.420 0.008
3831.80942 16.419 0.008
3831.81220 16.435 0.008
3831.81540 16.453 0.008
3831.81820 16.469 0.009
3831.82100 16.464 0.008
3831.82421 16.467 0.008
3831.82701 16.462 0.008
3831.82981 16.504 0.009
3831.83338 16.485 0.009
3831.83682 16.506 0.008
3831.83960 16.525 0.008
3831.84239 16.520 0.009
3831.84590 16.540 0.009
3831.84895 16.528 0.009
3831.85173 16.537 0.009
3831.85453 16.549 0.009
3831.85733 16.551 0.009
3831.86047 16.583 0.010
3831.86326 16.561 0.009
3831.86606 16.559 0.010
3831.87571 16.604 0.009
3831.88127 16.623 0.009
3831.88685 16.619 0.009
3831.89242 16.616 0.011
3831.90378 16.660 0.011
3831.90748 16.647 0.012
3831.91135 16.653 0.009
3831.91778 16.661 0.009
3831.92417 16.657 0.011
3831.92728 16.666 0.012
3831.93025 16.647 0.016
3832.69746 16.669 0.014
3832.70964 16.672 0.013
3832.71646 16.673 0.012
3832.73347 16.714 0.012
3832.77960 16.773 0.012
3832.82546 16.820 0.012
3832.86883 15.985 0.007
3832.91484 16.214 0.008
3833.69203 16.253 0.009
3833.71386 16.335 0.008
3833.73818 16.416 0.008
3833.76212 16.473 0.010
3833.78086 16.496 0.008
3833.82362 16.611 0.008
3833.84562 16.676 0.009
3833.87403 16.681 0.011
3833.90449 16.706 0.011
3833.92084 16.721 0.012
3834.69807 16.758 0.015
3834.71734 16.748 0.014
3834.74118 16.840 0.014
3834.74756 16.834 0.014
3834.79019 16.036 0.007
3834.87001 16.295 0.008
3834.91248 16.432 0.009
3834.91875 16.452 0.012
3835.70754 16.498 0.010
3835.73693 16.560 0.012
3835.77773 16.647 0.011
3835.85155 16.718 0.010
3835.88133 16.777 0.010
3835.92110 16.846 0.012
3836.70365 16.768 0.018
3836.76522 16.103 0.008
3836.76797 16.124 0.010
3836.80968 16.302 0.008
3836.84025 16.400 0.008
3836.89700 16.559 0.009
3837.70232 16.613 0.016
3837.73259 16.660 0.013
3837.73533 16.675 0.015
3837.90433 15.967 0.007
3837.90709 15.990 0.008
3838.74437 16.314 0.011
3838.74712 16.331 0.012
3838.91167 16.684 0.014
3838.91442 16.671 0.014
3839.74014 16.772 0.018
3839.74289 16.753 0.016
3839.81869 16.317 0.009
3839.86286 16.113 0.009
3839.92328 16.345 0.009
3840.70612 16.374 0.011
3840.70888 16.401 0.012
3840.78725 16.597 0.011
3840.91107 16.772 0.012
3840.91383 16.767 0.014
3841.74464 16.669 0.013
3841.74740 16.579 0.012
3841.83337 16.261 0.008
3841.89524 16.444 0.009
3841.89797 16.471 0.011
3842.84722 16.725 0.012
3842.85039 16.718 0.012
3845.72015 16.304 0.015
3845.72293 16.271 0.015
3845.90886 16.715 0.016
3845.91313 16.703 0.014
3846.73085 16.781 0.012
3846.73358 16.771 0.011
3846.91520 16.409 0.008
3846.92554 16.437 0.011
3847.79698 16.647 0.014
3847.79972 16.643 0.014
3848.75195 15.973 0.008
3848.75468 15.998 0.008
3849.75102 16.642 0.011
3849.75379 16.687 0.012
3849.92157 16.013 0.008
3850.69508 16.008 0.008
3850.69785 16.031 0.008
3850.86679 16.606 0.011
3850.86957 16.627 0.012
3851.71023 16.723 0.014
3851.71300 16.678 0.013
3851.87509 16.124 0.008
3851.87786 16.132 0.009
3851.92125 16.336 0.009
3851.92400 16.333 0.011
3852.69879 16.352 0.011
3852.70156 16.362 0.011
3852.87008 16.692 0.012
3852.87280 16.687 0.013
3853.68722 16.708 0.011
3853.68999 16.702 0.011
3853.85556 16.292 0.008
3853.85829 16.337 0.009
3853.92630 16.513 0.008
3853.92906 16.526 0.010
3856.67728 16.607 0.011
3856.68002 16.618 0.011
3856.84401 16.792 0.012
3856.84678 16.773 0.012
3857.91495 16.697 0.011
3857.91768 16.673 0.012
3858.76365 16.832 0.011
3858.76642 16.836 0.012
3859.80186 16.647 0.009
3859.80460 16.615 0.010
3860.67032 16.782 0.015
3860.67413 16.776 0.014
3860.91020 16.550 0.010
3860.91296 16.552 0.014
3861.66778 16.512 0.010
3861.67120 16.520 0.011
3861.77301 16.656 0.011
3861.77578 16.665 0.011
3861.93627 16.049 0.008
3862.70115 15.984 0.008
3862.70488 16.011 0.008
3862.86513 16.589 0.009
3862.86788 16.588 0.012
3863.63658 16.607 0.013
3863.63932 16.604 0.016
3863.85422 15.960 0.007
3863.85701 15.979 0.008
3863.93351 16.318 0.008
3863.93625 16.351 0.011
3864.67711 16.232 0.009
3864.67984 16.207 0.009
3864.86713 16.680 0.009
3864.86991 16.658 0.011
3865.68793 16.706 0.013
3865.69067 16.695 0.013
3865.82339 16.118 0.008
3865.82738 16.163 0.008
3865.90139 16.434 0.008
3865.90416 16.427 0.011
3866.68633 16.466 0.009
3866.68911 16.475 0.010
3866.82582 16.712 0.011
3866.82859 16.684 0.011
3866.90472 16.881 0.012
3866.90748 16.813 0.012
3867.62923 16.736 0.017
3867.63197 16.746 0.014
3867.81489 16.383 0.009
3867.81763 16.358 0.011
3867.88795 16.565 0.009
3867.89070 16.538 0.011
3868.71231 16.678 0.014
3868.71508 16.624 0.014
3868.86399 16.617 0.013
3868.86676 16.488 0.014
3869.69210 16.089 0.008
3869.69490 16.114 0.008
3869.87310 16.665 0.013
3869.87586 16.640 0.014
3872.88947 16.464 0.009
3872.89224 16.473 0.012
3873.64441 16.410 0.009
3873.64779 16.426 0.010
3873.78712 16.691 0.011
3873.78988 16.690 0.012
3873.85985 16.837 0.013
3873.86260 16.847 0.015
3873.92942 15.977 0.008
3873.93224 15.977 0.008
3874.74408 16.194 0.008
3874.74686 16.200 0.009
3875.65777 16.623 0.009
3875.66057 16.629 0.009
3875.80525 16.862 0.011
3875.80804 16.815 0.012
3875.90419 16.192 0.008
3875.90697 16.174 0.008
3876.63502 15.986 0.007
3876.63779 15.958 0.007
3877.63314 16.655 0.011
3877.63592 16.626 0.010
3877.78382 16.221 0.008
3877.78724 16.092 0.008
3877.85836 16.252 0.008
3877.86113 16.265 0.009
3879.66460 16.809 0.010
3879.66736 16.772 0.022
3880.83400 16.827 0.013
3880.83679 16.808 0.015
3880.91278 16.030 0.008
3880.91557 16.046 0.008
3881.66319 16.003 0.007
3881.66593 15.977 0.008
3881.87469 16.624 0.009
3881.87747 16.634 0.011
3881.92144 16.692 0.011
3881.92421 16.675 0.011
3882.75148 16.768 0.012
3882.75427 16.798 0.014
3882.82572 16.010 0.008
3882.82850 15.971 0.008
3882.89458 16.269 0.008
3882.89735 16.256 0.012
3883.64089 16.133 0.008
3883.64367 16.143 0.010
3883.83854 16.665 0.009
3883.84130 16.650 0.011
3886.60296 16.713 0.013
3886.60576 16.699 0.012
3886.79572 16.362 0.008
3886.79852 16.368 0.009
3886.86759 16.537 0.012
3886.87035 16.566 0.012
3887.57628 16.381 0.009
3887.57908 16.405 0.011
3887.77883 16.748 0.010
3887.78162 16.733 0.012
3887.87851 15.969 0.007
3887.88129 15.992 0.008
3888.59233 16.883 0.012
3889.65877 16.688 0.011
3889.66155 16.655 0.012
3889.93975 16.481 0.012
3890.63801 16.238 0.008
3890.64080 16.274 0.008
3891.66836 16.777 0.012
3891.67117 16.805 0.015
3891.79664 16.251 0.008
3891.79941 16.248 0.009
3891.87862 16.504 0.010
3891.88140 16.489 0.011
3892.56996 16.214 0.009
3892.57275 16.220 0.013
3893.61937 16.844 0.014
3893.62215 16.842 0.015
3893.86123 16.623 0.013
3893.86681 16.626 0.014
3894.67263 16.674 0.014
3894.67539 16.675 0.015
3896.61021 16.666 0.015
3896.61301 16.626 0.017
3900.53154 16.716 0.017
3900.53430 16.725 0.017
3900.71721 16.262 0.010
3900.71998 16.192 0.014
3900.79651 16.513 0.010
3900.79931 16.509 0.011
3900.86518 16.680 0.012
3900.86798 16.653 0.012
3901.54164 16.453 0.010
3901.54443 16.443 0.011
3901.72296 16.729 0.012
3901.72575 16.781 0.016
3901.80026 16.276 0.009
3901.80303 16.154 0.009
3901.86919 16.213 0.008
3901.87198 16.244 0.009
3902.56432 16.610 0.011
3902.56710 16.520 0.010
3902.74384 16.552 0.009
3902.74663 16.536 0.011
3902.86280 16.702 0.014
3902.86560 16.745 0.015
3903.65200 16.756 0.013
3903.65479 16.698 0.012
3903.89770 16.546 0.013
3903.90421 16.537 0.013
3904.55258 16.092 0.008
3904.55538 16.094 0.008
3904.71569 16.608 0.009
3904.71847 16.607 0.011
3904.78472 16.695 0.011
3904.78751 16.712 0.012
3904.88687 16.652 0.012
3904.88966 16.560 0.012
3905.54940 16.710 0.012
3905.55219 16.666 0.011
3905.72600 16.132 0.007
3905.79609 16.417 0.008
3905.79888 16.411 0.009
3905.86464 16.608 0.011
3905.86745 16.601 0.011
3906.56391 16.412 0.010
3906.56670 16.422 0.010
3906.70373 16.669 0.011
3906.70652 16.707 0.012
3906.77686 16.808 0.012
3906.77964 16.774 0.014
3906.85606 15.990 0.008
3906.85890 15.991 0.008
3907.59466 16.752 0.013
3907.59747 16.670 0.012
3907.63765 15.998 0.009
3907.77690 16.574 0.013
3907.77970 16.588 0.016
3907.83260 16.665 0.016
3907.86146 16.700 0.016
3907.86425 16.702 0.018
3908.53081 16.486 0.010
3908.53358 16.483 0.011
3908.71642 16.788 0.012
3908.71921 16.805 0.014
3908.73706 16.843 0.014
3908.76450 16.496 0.010
3908.79650 15.990 0.007
3908.79931 16.002 0.008
3908.87610 16.348 0.009
3908.87888 16.369 0.010
3909.53255 16.710 0.014
3909.53537 16.650 0.012
3909.71536 16.534 0.008
3909.71816 16.558 0.010
3909.80585 16.672 0.011
3909.80863 16.673 0.011
3909.88209 16.798 0.014
3909.88489 16.798 0.015
3910.56201 16.687 0.013
3910.56482 16.652 0.012
3912.53181 16.710 0.010
3912.53459 16.672 0.009
3912.71911 16.253 0.007
3912.72192 16.246 0.008
3912.81298 16.534 0.008
3912.81580 16.535 0.010
3913.52327 16.375 0.008
3913.52606 16.360 0.008
3913.72868 16.727 0.011
3913.73150 16.753 0.014
3913.81763 15.985 0.007
3913.82042 15.957 0.008
3914.54703 16.832 0.015
3914.54986 16.830 0.015
3915.52479 16.540 0.010
3915.52758 16.547 0.011
3915.72677 16.796 0.011
3915.72958 16.752 0.014
3915.82500 16.287 0.008
3915.82778 16.287 0.009
3916.56350 16.104 0.008
3916.56628 16.129 0.009
3916.80737 16.736 0.012
3916.81019 16.704 0.014
3917.55117 16.687 0.012
3917.61498 16.761 0.016
3917.81791 16.480 0.011
3917.82070 16.472 0.012
3918.59191 16.457 0.008
3918.60829 16.478 0.011
3918.81566 16.823 0.015
3918.81847 16.841 0.019
3919.54241 16.745 0.014
3919.75241 16.452 0.008
3919.75524 16.425 0.008
3920.51012 16.412 0.009
3920.51294 16.402 0.010
3920.70621 16.742 0.013
3920.70904 16.759 0.018
3920.79156 15.985 0.007
3920.79438 15.965 0.008
3921.50629 16.858 0.014
3921.50911 16.800 0.013
3921.70554 16.509 0.014
3921.70835 16.535 0.015
3921.72000 16.557 0.014
3921.72284 16.550 0.016
3922.70997 16.558 0.013
3922.71277 16.456 0.013
3930.53762 16.243 0.008
3930.54603 16.279 0.009
3930.78501 16.754 0.017
3930.78784 16.761 0.017
3931.49555 16.696 0.015
3931.50165 16.707 0.014
3931.82270 16.593 0.014
3932.52644 16.423 0.009
3932.52926 16.433 0.010
3932.79819 16.002 0.008
3932.80100 16.002 0.013
3933.51288 16.835 0.012
3933.51569 16.795 0.012
3933.69729 16.442 0.008
3933.70012 16.457 0.010
3933.76931 16.610 0.011
3933.77213 16.606 0.011
3934.48675 16.496 0.010
3934.48958 16.488 0.010
3934.65679 16.745 0.011
3934.65962 16.748 0.012
3934.72662 16.261 0.008
3934.72945 16.140 0.008
3935.53665 16.057 0.008
3935.53946 16.058 0.008
3935.70795 16.649 0.013
3935.71079 16.647 0.014
3935.80551 16.734 0.013
3935.80835 16.772 0.016
3936.49004 16.668 0.014
3936.49286 16.668 0.014
3936.65553 16.557 0.009
3936.65834 16.433 0.010
3936.73190 16.229 0.008
3936.73474 16.256 0.010
3937.55431 16.425 0.013
3937.55713 16.430 0.014
3938.49782 16.762 0.015
3938.50065 16.718 0.015
3938.68874 16.332 0.008
3938.69566 16.332 0.008
3938.79796 16.613 0.013
3938.80080 16.630 0.014
3940.57805 16.081 0.007
3940.58529 16.116 0.008
3941.69904 16.286 0.010
3941.70190 16.177 0.010
3944.55038 16.461 0.008
3944.55321 16.494 0.011
3944.75072 16.843 0.012
3944.75357 16.836 0.013
3945.51209 16.786 0.013
3945.77859 16.633 0.012
3945.78145 16.646 0.013
3946.50948 16.541 0.010
3946.51231 16.526 0.013
3946.70167 16.823 0.013
3946.70451 16.858 0.016
3950.51836 16.729 0.011
3950.52113 16.708 0.013
3950.73340 16.453 0.009
3950.73618 16.459 0.012
3951.51106 16.443 0.009
3951.51387 16.461 0.012
3951.74233 16.830 0.018
3951.74514 16.814 0.017
3956.56358 16.453 0.013
3956.60687 16.588 0.014
3957.50269 16.759 0.015
3957.50549 16.739 0.017
3958.57350 16.653 0.011
3958.57628 16.644 0.013
3959.50625 16.660 0.012
3959.50904 16.583 0.012
3959.68067 16.522 0.009
3959.68349 16.548 0.012
3960.49552 16.631 0.009
3960.49830 16.614 0.011
3960.67458 16.466 0.008
3960.67738 16.368 0.009
3961.56682 16.419 0.010
3961.56962 16.394 0.012
3963.52813 16.432 0.009
3963.53092 16.442 0.010
3963.70552 16.780 0.014
3963.70831 16.757 0.014
3964.52323 16.824 0.011
3964.52601 16.837 0.013
3964.72811 16.565 0.010
3964.73474 16.583 0.012
3965.50767 16.554 0.008
3965.51047 16.566 0.010
3965.69897 16.772 0.011
3965.70175 16.705 0.011
3966.48285 16.546 0.010
3966.48564 16.445 0.011
3966.68461 16.612 0.011
3966.68738 16.591 0.012
3967.51722 16.685 0.014
3967.52002 16.692 0.015
3967.71002 16.151 0.008
3967.71281 16.175 0.008
3968.49534 16.233 0.009
3968.49814 16.249 0.010
3968.57205 16.488 0.009
3968.66525 16.666 0.012
3968.66806 16.644 0.012
3969.47696 16.710 0.013
3969.47977 16.694 0.013
3969.67764 16.314 0.010
3969.68043 16.320 0.010
3970.50608 16.496 0.012
3970.50887 16.503 0.013
3970.68464 16.789 0.013
3970.68747 16.756 0.012
3971.54996 15.999 0.008
3971.55274 16.028 0.009
3973.56806 16.388 0.010
3973.57893 16.393 0.010
3974.50540 16.697 0.013
3974.50822 16.682 0.013
3974.68840 16.184 0.009
3974.69477 16.235 0.011
3975.50832 16.386 0.009
3975.51113 16.388 0.010
3975.68018 16.700 0.014
3975.68297 16.718 0.018
3976.50287 16.816 0.011
3976.50568 16.786 0.012
3976.67889 16.404 0.011
3976.68168 16.387 0.018
3979.50514 16.631 0.018
3979.50792 16.643 0.019
3982.56575 16.619 0.011
3982.56856 16.589 0.020
3982.58587 16.644 0.024
3983.51944 16.752 0.018
3983.52619 16.576 0.018
3986.58020 16.803 0.015
3986.58300 16.793 0.018
3987.50256 16.340 0.009
3987.50536 16.351 0.011
3988.50840 16.792 0.011
3988.51485 16.780 0.012
3989.52606 16.589 0.012
3989.52886 16.584 0.012
3989.59339 16.661 0.013
3989.65912 16.779 0.017
3990.54287 16.063 0.008
3990.54570 16.074 0.009
3990.60769 16.342 0.010
3990.63502 16.428 0.010
3990.66921 16.506 0.013
3991.49865 16.660 0.014
3991.50143 16.675 0.022
3991.64194 16.864 0.016
3993.55037 16.801 0.014
3993.55318 16.809 0.016
3994.56103 16.587 0.012
3994.56382 16.563 0.013
3995.56860 15.993 0.007
3995.57142 15.997 0.008
3999.58387 16.561 0.010
3999.58668 16.550 0.012
4002.49208 16.844 0.013
4002.49491 16.827 0.015
4003.48958 16.626 0.011
4003.49239 16.599 0.012
4004.52370 16.236 0.008
4004.52649 16.243 0.008
4006.51665 16.440 0.009
4006.51944 16.411 0.010
4012.49654 16.706 0.016
4012.49937 16.722 0.018
4016.51218 16.169 0.009
4016.51497 16.162 0.010
4018.54847 16.533 0.012
4018.55207 16.521 0.013
4020.53521 16.655 0.012
4020.53801 16.587 0.014
4023.53555 16.373 0.010
4023.53833 16.346 0.012
4025.55494 16.615 0.013
4025.55772 16.549 0.013
4028.49433 16.031 0.008
4028.49714 16.023 0.010
4031.49442 16.758 0.016
4031.49721 16.736 0.017
4038.49978 16.881 0.018
4038.50256 16.882 0.021
4040.51413 16.061 0.009
4040.51694 16.068 0.011
4041.49634 16.640 0.018
4041.49912 16.705 0.020
4043.50658 16.731 0.017
4043.50934 16.719 0.018
4141.87425 16.706 0.014
4141.87697 16.709 0.016
4143.89158 16.756 0.019
4150.88943 15.973 0.008
4150.89212 15.964 0.010
4153.87732 16.706 0.013
4153.88004 16.701 0.016
4156.85575 16.541 0.013
4156.85844 16.557 0.016
4158.87533 16.675 0.013
4158.87801 16.668 0.018
4161.84330 16.394 0.011
4161.84598 16.400 0.015
4163.80945 16.469 0.011
4163.82618 16.503 0.012
4163.82886 16.525 0.014
4165.80755 16.658 0.018
4165.81026 16.647 0.019
4168.80086 16.343 0.010
4168.80744 16.371 0.013
4170.79671 16.563 0.018
4170.79941 16.586 0.019
4175.78733 16.384 0.011
4175.79002 16.398 0.014
4176.89869 16.203 0.008
4176.90138 16.207 0.010
4178.80243 16.032 0.008
4178.80512 16.042 0.009
4179.84679 16.734 0.013
4179.84946 16.697 0.014
4181.78315 16.719 0.014
4181.78584 16.729 0.017
4182.82815 16.570 0.010
4182.83082 16.583 0.013
4183.86427 16.160 0.008
4183.86695 16.175 0.011
4184.90489 16.773 0.012
4189.83630 16.645 0.015
4189.84278 16.636 0.015
4191.80518 16.700 0.016
4191.80787 16.641 0.018
4193.73955 16.675 0.018
4193.74224 16.662 0.021
4194.78508 16.424 0.011
4194.78775 16.432 0.013
4196.77521 16.580 0.014
4196.77787 16.585 0.020
4202.75669 16.850 0.013
4202.75939 16.812 0.016
4203.74471 16.567 0.009
4203.74739 16.576 0.012
4204.73698 15.955 0.008
4204.73969 15.962 0.009
4204.91930 16.604 0.011
4204.92198 16.590 0.013
4205.73353 16.668 0.013
4205.73622 16.678 0.018
4207.72299 16.712 0.013
4207.72568 16.716 0.016
4208.74507 16.488 0.010
4208.74776 16.490 0.013
4211.78923 16.331 0.010
4211.79194 16.353 0.013
4212.86641 16.082 0.010
4212.86910 16.006 0.011
4212.89050 16.047 0.011
4212.91084 16.163 0.012
4213.70960 16.263 0.010
4213.71231 16.269 0.012
4213.77199 16.440 0.011
4213.91318 16.703 0.012
4213.91586 16.699 0.013
4215.74231 16.551 0.012
4215.74501 16.552 0.015
4216.70011 16.854 0.016
4216.70279 16.826 0.017
4216.92447 16.593 0.013
4216.92718 16.604 0.019
4217.70755 16.601 0.011
4217.71024 16.617 0.013
4217.91117 15.955 0.008
4217.91388 15.954 0.011
4218.75716 16.305 0.010
4218.75985 16.323 0.013
4219.75533 16.732 0.014
4219.75803 16.749 0.015
4219.80957 16.805 0.015
4220.65774 16.135 0.014
4220.70006 16.326 0.011
4220.70277 16.330 0.013
4220.92493 16.768 0.020
4220.93101 16.810 0.026
4221.65638 16.690 0.019
4222.66603 16.426 0.014
4222.67149 16.419 0.015
4222.91352 16.762 0.014
4222.91622 16.774 0.026
4224.78224 16.705 0.013
4224.78495 16.709 0.018
4227.88062 16.698 0.018
4228.64118 16.693 0.017
4228.67769 16.747 0.013
4228.68037 16.784 0.016
4228.91127 16.548 0.013
4228.91396 16.538 0.016
4229.67133 16.483 0.013
4229.67404 16.504 0.015
4229.86831 16.847 0.015
4229.87101 16.845 0.018
4229.93550 16.032 0.008
4229.93821 16.042 0.012
4230.68107 16.226 0.009
4230.68377 16.124 0.009
4230.86912 16.603 0.013
4230.87180 16.609 0.015
4230.93399 16.677 0.017
4230.93669 16.677 0.020
4231.62340 16.566 0.013
4231.62610 16.564 0.014
4231.76761 16.711 0.012
4231.77031 16.751 0.018
4231.89179 16.130 0.009
4231.89450 16.139 0.012
4231.93490 16.315 0.011
4231.93761 16.362 0.016
4232.62919 15.969 0.012
4232.67545 16.170 0.010
4232.67816 16.192 0.013
4232.83648 16.673 0.017
4233.80725 16.031 0.008
4233.80996 16.041 0.011
4234.70891 16.506 0.010
4234.71162 16.497 0.014
4235.63696 16.712 0.014
4235.63965 16.712 0.015
4235.79816 16.292 0.009
4235.80087 16.297 0.010
4235.89058 16.557 0.012
4235.89331 16.561 0.013
4238.62283 16.616 0.018
4238.62554 16.641 0.018
4238.87527 16.179 0.009
4238.87799 16.204 0.012
4239.62372 16.040 0.008
4239.62644 16.060 0.011
4240.67695 16.733 0.012
4240.67966 16.720 0.016
4240.81133 16.180 0.009
4240.81692 16.212 0.010
4243.64276 16.556 0.013
4243.64549 16.576 0.015
4243.73547 16.689 0.015
4243.73820 16.699 0.015
4243.82923 16.812 0.016
4243.83196 16.791 0.018
4244.61516 16.630 0.016
4244.61786 16.503 0.016
4244.71136 16.288 0.009
4244.71408 16.301 0.012
4244.80419 16.561 0.013
4244.80690 16.581 0.018
4244.91602 16.718 0.015
4245.60820 16.625 0.012
4245.61093 16.595 0.014
4245.70212 16.717 0.012
4245.70484 16.712 0.014
4245.79797 15.984 0.008
4245.80068 15.941 0.008
4246.66654 16.362 0.010
4246.66926 16.369 0.012
4246.75941 16.617 0.014
4246.76211 16.620 0.014
4246.85272 16.698 0.014
4246.85543 16.727 0.017
4247.68174 16.854 0.014
4247.68446 16.853 0.017
4247.82259 16.345 0.009
4247.82805 16.374 0.012
4250.72988 16.715 0.014
4250.73262 16.697 0.015
4251.80147 16.650 0.019
4251.80421 16.644 0.020
4256.61760 16.758 0.015
4256.62034 16.687 0.018
4256.76362 16.458 0.013
4256.76634 16.455 0.015
4256.86143 16.704 0.019
4257.64927 16.653 0.015
4257.65198 16.650 0.018
4258.63292 16.200 0.010
4258.63554 16.217 0.012
4258.75541 16.599 0.013
4258.75800 16.585 0.015
4258.84951 16.709 0.015
4258.85213 16.699 0.017
4267.59350 16.387 0.011
4267.59612 16.426 0.017
4268.55670 16.713 0.013
4268.55933 16.665 0.015
4268.83957 16.600 0.013
4268.84219 16.597 0.013
4269.57593 16.517 0.012
4269.57854 16.518 0.013
4269.69646 16.699 0.012
4269.69908 16.684 0.020
4269.78570 16.774 0.011
4269.78832 16.710 0.013
4270.56946 16.579 0.012
4270.57209 16.507 0.013
4272.59781 16.282 0.009
4272.60044 16.286 0.011
4272.74695 16.644 0.012
4272.74959 16.643 0.021
4272.80620 16.704 0.011
4272.80883 16.760 0.015
4272.87774 16.825 0.018
4272.88037 16.785 0.019
4273.61494 16.788 0.017
4273.61756 16.806 0.019
4273.79560 16.409 0.011
4273.79821 16.438 0.018
4273.85674 16.566 0.014
4273.85935 16.583 0.019
4274.54757 16.308 0.011
4274.55020 16.340 0.013
4274.69991 16.664 0.013
4274.70397 16.668 0.024
4274.76248 16.744 0.015
4274.76509 16.757 0.021
4274.82088 16.770 0.015
4274.82349 16.749 0.015
4275.60002 16.716 0.013
4275.60265 16.696 0.015
4275.77537 16.502 0.013
4275.77799 16.516 0.014
4275.83384 16.640 0.016
4275.83648 16.640 0.017
4276.58481 16.596 0.013
4276.58742 16.611 0.017
4277.52860 16.816 0.018
4277.53122 16.813 0.021
4277.70549 16.506 0.012
4277.70813 16.505 0.012
4277.76419 16.667 0.015
4277.76682 16.636 0.016
4277.82283 16.704 0.018
4277.82546 16.751 0.020
4278.57236 16.657 0.017
4278.57551 16.669 0.018
4278.74964 16.055 0.009
4278.75228 16.077 0.011
4278.82870 16.404 0.015
4283.50801 16.483 0.014
4283.51065 16.494 0.015
4283.72834 16.809 0.017
4283.73096 16.788 0.020
4284.50297 16.798 0.016
4284.50559 16.785 0.018
4284.69312 16.539 0.013
4284.75590 16.634 0.013
4284.75852 16.644 0.014
4284.81484 16.724 0.016
4284.82335 16.720 0.018
4285.50605 16.629 0.017
4285.50869 16.637 0.018
4285.69418 16.018 0.008
4285.69681 15.990 0.010
4285.76062 16.253 0.009
4285.76327 16.276 0.011
4285.82594 16.469 0.013
4285.82856 16.474 0.014
4286.50575 16.106 0.009
4286.50838 16.119 0.011
4286.80293 16.805 0.016
4286.80556 16.881 0.019
4289.51356 16.842 0.018
4289.51621 16.832 0.018
4289.73212 16.552 0.013
4289.73474 16.540 0.014
4289.79724 16.656 0.014
4289.79987 16.671 0.016
4290.55988 16.681 0.015
4290.56252 16.672 0.018
4291.62250 16.425 0.010
4291.62513 16.421 0.012
4291.78520 16.747 0.018
4291.78783 16.741 0.019
4292.48816 16.647 0.012
4292.49078 16.628 0.017
4292.66732 15.996 0.008
4292.66997 15.988 0.009
4292.72592 16.205 0.008
4292.72854 16.221 0.010
4292.78445 16.395 0.009
4292.78709 16.417 0.011
4293.48847 16.137 0.009
4293.49112 16.158 0.010
4293.71307 16.712 0.013
4293.71571 16.724 0.014
4293.77451 16.815 0.016
4294.48765 16.689 0.013
4294.49029 16.691 0.015
4295.49476 16.415 0.011
4295.49742 16.438 0.013
4295.69278 16.766 0.012
4295.69543 16.757 0.013
4295.75137 16.512 0.010
4295.75400 16.414 0.010
4296.49173 16.851 0.016
4296.49438 16.863 0.018
4296.68443 16.479 0.010
4296.69097 16.504 0.012
4296.81270 16.724 0.016
4296.82385 16.716 0.018
4297.51134 16.634 0.014
4297.51399 16.604 0.015
4297.71294 15.965 0.008
4297.71559 15.989 0.008
4298.54621 16.257 0.010
4298.54886 16.287 0.012
4298.65195 16.573 0.013
4298.65458 16.557 0.014
4298.75155 16.709 0.016
4298.75420 16.693 0.017
4299.52924 16.697 0.012
4299.53187 16.714 0.013
4299.62223 16.595 0.011
4299.62489 16.523 0.011
4299.71442 16.288 0.009
4299.71707 16.301 0.009
4299.80517 16.551 0.014
4299.81164 16.576 0.015
4300.52491 16.399 0.010
4300.52756 16.409 0.013
4300.64499 16.678 0.012
4300.64762 16.669 0.021
4300.74051 16.802 0.013
4300.74316 16.820 0.020
4301.51578 16.784 0.013
4301.51844 16.792 0.015
4301.61155 16.086 0.008
4301.61421 16.108 0.009
4301.71129 16.467 0.010
4301.71484 16.464 0.012
4301.80251 16.652 0.012
4301.80516 16.664 0.014
4302.58876 16.678 0.013
4302.59141 16.643 0.015
4302.68896 16.837 0.015
4302.69159 16.844 0.018
4303.67480 16.547 0.014
4303.67746 16.562 0.016
4304.54890 16.660 0.015
4304.55156 16.677 0.017
4304.65959 16.590 0.017
4304.66967 16.235 0.014
4306.63285 16.010 0.008
4306.63551 16.018 0.009
4306.68565 16.255 0.010
4306.68915 16.284 0.012
4310.61207 16.440 0.013
4310.61471 16.479 0.016
4311.76074 16.417 0.016
4311.76339 16.422 0.018
4312.54435 16.443 0.013
4312.54700 16.435 0.015
4312.74280 16.768 0.014
4312.74544 16.799 0.016
4315.63534 16.418 0.013
4316.70852 16.034 0.009
4316.71118 16.057 0.010
4317.55659 16.365 0.009
4317.55926 16.375 0.011
4319.51385 16.429 0.011
4319.77136 16.439 0.014
4320.54067 16.610 0.013
4320.54332 16.507 0.013
4320.59554 16.107 0.009
4320.77207 16.670 0.016
4326.50790 16.488 0.012
4326.51058 16.481 0.013
4326.70510 16.840 0.017
4326.70776 16.822 0.018
4327.58629 16.218 0.011
4327.58909 16.232 0.013
4327.72759 16.661 0.016
4327.73037 16.633 0.018
4328.51309 16.617 0.015
4328.51589 16.668 0.016
4328.69113 16.039 0.009
4328.69392 16.017 0.010
4329.52309 16.203 0.009
4329.52576 16.216 0.011
4329.67097 16.670 0.014
4329.67363 16.652 0.016
4330.49401 16.686 0.014
4330.49678 16.674 0.015
4330.68727 16.193 0.009
4330.69004 16.217 0.010
4331.47409 16.262 0.012
4331.47689 16.292 0.014
4331.68295 16.724 0.016
4331.68575 16.734 0.018
4332.50388 16.800 0.013
4332.50667 16.811 0.015
4333.52495 16.593 0.013
4333.52775 16.613 0.015
4333.68609 16.847 0.016
4333.68888 16.853 0.018
4334.49833 16.165 0.018
4334.50112 16.105 0.015
4334.62657 16.463 0.023
4334.62934 16.474 0.019
4338.49820 16.435 0.011
4338.50097 16.430 0.014
4339.47556 16.811 0.018
4339.47835 16.801 0.019
4339.69197 16.517 0.015
4339.69478 16.528 0.018
4340.59585 16.709 0.014
4340.59863 16.725 0.020
4341.49886 16.025 0.010
4341.50166 16.048 0.012
4342.52808 16.718 0.014
4342.53086 16.716 0.016
4343.50688 16.348 0.009
4343.50967 16.355 0.010
4344.53510 16.869 0.018
4344.53790 16.854 0.020
4345.49997 16.499 0.010
4345.50311 16.530 0.012
4346.51297 15.981 0.008
4346.51578 15.980 0.010
4347.52770 16.676 0.014
4347.53048 16.669 0.016
4349.48892 16.718 0.016
4349.49170 16.680 0.016
4350.53598 16.521 0.012
4350.53879 16.518 0.013
4351.50187 16.826 0.014
4351.50468 16.848 0.017
4352.55243 16.684 0.016
4352.55522 16.692 0.019
4353.50579 16.009 0.008
4353.50858 16.012 0.009
4354.53451 16.715 0.013
4354.53729 16.714 0.015
4355.53613 16.409 0.010
4355.53892 16.420 0.012
4356.50250 16.753 0.015
4356.50530 16.739 0.015
4357.53158 16.576 0.014
4357.53437 16.587 0.017
4358.49461 16.774 0.017
4358.49741 16.742 0.018
4359.53217 16.686 0.014
4359.53497 16.667 0.019
4360.51960 16.252 0.011
4360.55947 16.399 0.014
4361.56492 16.852 0.019
4361.56772 16.882 0.022
4362.50666 16.418 0.011
4362.50947 16.417 0.014
4365.55748 16.252 0.012
4365.56028 16.274 0.014
4367.48358 16.174 0.009
4367.48637 16.208 0.011
4368.52723 16.813 0.018
4368.53000 16.826 0.020
4369.60659 16.667 0.018
4370.48450 16.824 0.017
4370.48728 16.833 0.019
4371.52966 16.661 0.013
4371.53245 16.669 0.014
4372.51542 16.162 0.008
4372.51821 16.171 0.009
4373.48991 16.698 0.017
4373.50438 16.732 0.018
4376.56630 16.668 0.016
4376.56910 16.704 0.021
4377.60358 16.374 0.012
4377.60635 16.404 0.014
4378.51410 16.660 0.013
4378.51689 16.679 0.016
4379.52915 16.379 0.012
4379.53194 16.358 0.015
4380.54064 16.817 0.015
4380.54343 16.810 0.017
4381.51930 16.526 0.015
4381.52211 16.483 0.018
4382.56131 16.006 0.009
4382.56466 16.065 0.011
4383.55241 16.679 0.016
4383.55519 16.691 0.017
4384.52658 16.177 0.010
4384.52937 16.217 0.013
4387.58054 15.961 0.008
4387.58608 15.965 0.010
4393.52643 16.486 0.011
4393.52922 16.505 0.013
4394.54178 16.149 0.009
4394.54456 16.058 0.011
4395.51318 16.617 0.014
4395.51598 16.624 0.017
4396.50517 16.023 0.010
4396.50797 16.080 0.013
4397.52950 16.713 0.015
4397.53227 16.695 0.018
4398.53441 16.423 0.013
4398.53721 16.414 0.014
4399.52707 16.827 0.018
4399.52987 16.819 0.020
4400.52917 16.557 0.017
4400.53194 16.562 0.018
4402.54558 16.678 0.017
4402.54837 16.667 0.021
4403.54462 16.358 0.014
4403.54741 16.370 0.015
4407.52056 16.637 0.016
4408.53819 16.156 0.013
4507.85096 16.618 0.015
4507.85354 16.649 0.018
4510.85622 16.381 0.010
4510.85891 16.366 0.012
4513.85736 16.008 0.007
4513.86004 15.950 0.008
4517.85647 16.484 0.017
4517.85915 16.475 0.018
4519.87741 16.637 0.012
4519.88012 16.618 0.013
4522.87132 16.379 0.011
4522.87402 16.436 0.016
4524.80722 16.395 0.011
4524.80991 16.406 0.019
4530.81482 16.710 0.011
4530.81751 16.748 0.014
4533.84845 16.688 0.013
4533.85111 16.666 0.014
4535.80187 16.664 0.014
4535.83536 16.682 0.017
4536.89110 16.584 0.010
4536.89378 16.578 0.013
4537.87675 15.984 0.008
4537.87943 15.985 0.010
4538.81187 16.541 0.013
4538.81454 16.554 0.013
4539.84992 16.117 0.008
4539.85261 16.104 0.009
4540.79607 16.645 0.011
4540.79876 16.635 0.013
4541.78880 16.109 0.008
4541.79148 16.131 0.009
4542.78349 16.700 0.015
4542.78618 16.705 0.017
4543.77903 16.359 0.009
4543.78170 16.355 0.011
4544.77593 16.778 0.015
4544.77861 16.783 0.017
4545.78221 16.520 0.010
4545.78492 16.544 0.013
4546.78936 15.971 0.008
4546.79206 15.944 0.009
4547.78333 16.670 0.012
4547.78601 16.655 0.014
4548.79431 16.292 0.011
4548.79700 16.279 0.012
4550.73734 16.335 0.011
4550.74003 16.298 0.014
4551.76054 16.825 0.014
4551.76322 16.827 0.016
4552.75644 16.506 0.018
4552.75915 16.548 0.019
4556.75256 16.694 0.012
4556.75525 16.706 0.013
4557.76983 16.487 0.010
4557.77249 16.488 0.012
4558.74677 16.844 0.013
4558.74944 16.813 0.014
4558.91653 16.455 0.009
4559.74466 16.596 0.011
4559.74734 16.606 0.013
4560.74477 15.981 0.008
4560.74745 16.002 0.008
4561.73482 16.674 0.012
4561.73752 16.655 0.014
4561.92101 16.060 0.008
4564.72502 16.445 0.009
4564.72770 16.433 0.011
4564.92553 16.798 0.015
4564.92819 16.802 0.017
4565.72309 16.862 0.012
4565.72580 16.817 0.013
4565.91395 16.507 0.008
4566.72257 16.591 0.011
4566.72526 16.603 0.018
4566.91943 16.311 0.008
4567.71554 15.969 0.008
4567.71824 15.987 0.008
4567.92144 16.632 0.012
4567.92413 16.669 0.013
4568.72145 16.665 0.013
4568.72687 16.648 0.014
4569.73047 16.344 0.010
4569.73595 16.364 0.012
4570.72389 16.750 0.014
4570.72660 16.762 0.017
4571.71852 16.500 0.014
4571.72121 16.496 0.015
4571.90711 16.836 0.013
4571.90979 16.813 0.013
4572.74601 15.963 0.008
4572.74871 15.988 0.008
4573.73441 16.639 0.012
4573.73712 16.650 0.014
4573.90077 16.003 0.008
4573.90347 15.968 0.008
4574.73680 16.229 0.009
4574.73949 16.234 0.011
4575.74229 16.715 0.013
4575.74856 16.722 0.014
4576.75240 16.477 0.009
4576.75508 16.479 0.012
4577.83408 16.225 0.009
4577.83677 16.230 0.010
4578.78513 16.721 0.018
4578.80499 16.673 0.016
4579.86203 16.504 0.015
4579.86474 16.525 0.016
4583.72884 16.514 0.013
4583.73154 16.494 0.014
4583.91498 16.831 0.014
4583.91768 16.821 0.024
4585.75258 16.644 0.014
4585.75524 16.638 0.015
4586.77776 16.368 0.010
4586.78046 16.363 0.013
4587.76544 16.771 0.014
4587.76816 16.753 0.017
4587.92403 16.334 0.012
4587.92672 16.361 0.014
4588.68795 16.259 0.010
4588.69068 16.252 0.011
4588.91884 16.714 0.012
4588.92153 16.744 0.013
4589.67089 16.703 0.013
4589.67358 16.734 0.020
4589.82630 16.135 0.008
4589.82898 16.145 0.010
4589.88829 16.406 0.010
4589.89100 16.398 0.012
4590.69049 16.487 0.011
4590.69638 16.490 0.013
4590.89615 16.836 0.014
4590.89885 16.841 0.028
4591.70215 16.600 0.012
4591.70485 16.520 0.017
4591.82705 16.403 0.009
4591.82976 16.409 0.011
4591.89416 16.600 0.012
4591.89686 16.585 0.013
4592.66075 16.559 0.012
4592.66348 16.540 0.014
4592.85004 16.831 0.017
4592.85275 16.784 0.017
4592.92836 16.146 0.009
4592.93109 16.164 0.010
4593.64992 16.247 0.009
4593.65262 16.118 0.010
4593.85961 16.657 0.012
4593.86231 16.631 0.012
4593.94178 16.722 0.020
4594.67097 16.675 0.014
4594.67368 16.653 0.014
4594.86596 16.149 0.008
4594.86868 16.170 0.010
4594.93148 16.411 0.010
4594.93417 16.428 0.013
4595.66048 16.261 0.009
4595.66316 16.255 0.011
4595.85485 16.679 0.012
4595.85756 16.674 0.014
4595.91674 16.827 0.015
4595.91944 16.830 0.017
4596.65567 16.718 0.013
4596.65836 16.698 0.015
4597.68013 16.526 0.010
4597.68282 16.513 0.013
4597.87164 16.847 0.014
4597.87433 16.855 0.016
4598.65642 16.837 0.012
4598.65913 16.837 0.013
4598.92509 16.668 0.013
4598.92778 16.665 0.013
4599.62885 16.537 0.014
4599.63157 16.560 0.015
4599.91943 16.279 0.010
4599.92213 16.262 0.011
4600.63812 15.965 0.007
4600.64085 15.962 0.008
4600.84684 16.674 0.012
4601.64370 16.662 0.011
4601.64640 16.651 0.013
4601.85993 16.269 0.008
4601.86265 16.272 0.009
4601.92178 16.472 0.011
4601.92452 16.434 0.011
4602.63634 16.267 0.008
4602.63905 16.281 0.010
4602.84575 16.706 0.011
4602.84847 16.692 0.012
4603.76378 16.111 0.008
4603.76650 16.125 0.010
4606.63762 16.598 0.013
4606.64031 16.625 0.014
4606.88897 16.211 0.009
4606.89541 16.261 0.010
4610.73377 16.086 0.008
4610.73649 16.081 0.009
4610.94100 16.668 0.015
4610.94368 16.665 0.017
4611.62311 16.530 0.013
4611.62583 16.507 0.015
4611.81395 16.834 0.013
4611.81668 16.828 0.015
4612.64448 15.962 0.008
4612.64720 15.973 0.009
4615.78621 16.164 0.009
4615.78893 16.167 0.011
4616.59523 16.325 0.011
4616.59794 16.335 0.014
4616.81174 16.728 0.013
4616.81445 16.711 0.015
4616.88170 16.583 0.013
4616.88445 16.483 0.013
4617.66147 16.418 0.009
4617.66694 16.243 0.010
4618.60696 16.531 0.012
4618.60970 16.557 0.014
4620.63471 16.685 0.019
4621.73592 16.614 0.008
4621.90921 16.746 0.013
4621.93037 16.164 0.008
4622.56953 16.714 0.018
4622.80539 16.353 0.010
4622.80814 16.388 0.016
4622.90685 16.607 0.015
4622.91879 16.635 0.018
4623.63246 16.496 0.017
4623.64076 16.568 0.015
4623.86454 16.259 0.011
4623.86725 16.126 0.011
4624.58447 16.801 0.015
4624.58721 16.815 0.018
4624.80866 16.562 0.013
4624.81137 16.535 0.014
4624.87501 16.648 0.012
4624.87773 16.669 0.015
4625.59857 16.588 0.013
4625.60130 16.607 0.017
4625.78893 16.678 0.014
4625.79168 16.582 0.015
4625.90369 16.379 0.014
4625.90763 16.374 0.016
4626.59709 15.970 0.008
4626.59981 16.004 0.010
4626.85240 16.711 0.016
4626.85511 16.706 0.017
4627.55754 16.629 0.013
4627.56027 16.603 0.014
4627.82975 16.316 0.008
4627.83363 16.330 0.010
4627.91410 16.564 0.010
4627.91682 16.557 0.012
4628.54325 16.020 0.008
4628.54681 16.044 0.010
4628.75111 16.653 0.012
4628.75383 16.662 0.015
4628.81654 16.764 0.014
4628.81928 16.720 0.017
4628.88643 16.692 0.013
4628.88916 16.645 0.015
4629.62222 16.797 0.013
4629.62497 16.818 0.015
4629.82486 16.486 0.010
4629.82761 16.486 0.013
4629.90286 16.658 0.013
4629.90561 16.668 0.015
4630.55817 16.367 0.010
4630.56090 16.371 0.014
4630.76401 16.766 0.012
4630.76674 16.758 0.014
4630.84735 15.962 0.008
4630.85011 15.956 0.008
4630.91014 16.259 0.010
4630.91288 16.251 0.012
4631.55957 16.820 0.012
4631.56231 16.806 0.014
4631.77533 16.530 0.009
4631.77805 16.528 0.011
4631.86199 16.659 0.013
4631.86472 16.665 0.014
4632.56335 16.561 0.010
4632.56608 16.567 0.013
4632.85009 16.252 0.009
4632.85283 16.271 0.011
4633.56332 15.948 0.008
4633.56608 15.988 0.009
4633.67486 16.423 0.009
4633.67758 16.421 0.011
4633.79060 16.677 0.013
4633.79335 16.646 0.014
4638.74837 16.531 0.013
4638.75111 16.527 0.013
4638.85858 16.685 0.014
4638.86133 16.683 0.018
4639.57093 16.639 0.014
4639.57367 16.630 0.016
4639.66871 16.723 0.013
4639.67146 16.722 0.014
4640.59044 16.232 0.008
4640.59319 16.237 0.010
4640.72261 16.621 0.012
4640.72536 16.626 0.013
4640.82762 16.728 0.015
4640.83037 16.751 0.016
4641.66443 16.784 0.013
4641.66718 16.712 0.014
4641.77439 16.322 0.010
4641.77714 16.318 0.011
4642.58832 16.432 0.010
4642.59107 16.434 0.012
4642.75085 16.708 0.014
4642.75361 16.709 0.015
4642.82592 16.802 0.015
4642.82866 16.755 0.016
4643.54611 16.736 0.015
4643.54888 16.718 0.024
4644.59349 16.623 0.014
4644.59625 16.594 0.018
4644.84970 16.221 0.008
4644.85522 16.245 0.010
4645.51655 16.871 0.016
4645.51932 16.849 0.019
4645.76503 16.644 0.013
4645.76778 16.633 0.013
4645.83977 16.716 0.015
4645.84250 16.735 0.017
4646.51461 16.552 0.010
4646.51734 16.599 0.014
4646.84700 16.426 0.010
4647.51098 15.945 0.008
4647.51371 15.971 0.011
4647.73402 16.660 0.014
4647.84504 16.849 0.017
4648.49412 16.669 0.014
4648.49689 16.629 0.016
4648.70775 16.170 0.008
4648.71052 16.158 0.010
4648.81164 16.524 0.013
4648.81438 16.524 0.014
4649.52021 16.315 0.010
4649.52297 16.362 0.017
4649.72891 16.738 0.012
4649.73167 16.717 0.013
4649.85532 16.054 0.008
4649.85806 16.083 0.010
4650.50620 16.702 0.014
4650.50894 16.714 0.018
4650.77012 16.564 0.012
4650.77288 16.570 0.013
4650.86381 16.732 0.016
4650.86657 16.675 0.016
4651.50953 16.494 0.014
4651.51229 16.472 0.021
4651.80468 16.135 0.009
4651.80745 16.157 0.012
4652.50059 16.836 0.015
4652.50335 16.841 0.018
4652.71373 16.586 0.012
4652.71647 16.588 0.013
4652.78861 16.690 0.013
4652.79138 16.671 0.014
4652.83834 16.737 0.016
4652.84111 16.746 0.017
4653.49694 16.598 0.015
4653.49969 16.594 0.018
4653.71612 15.972 0.008
4653.71888 16.009 0.009
4653.78129 16.323 0.011
4653.78407 16.341 0.013
4654.53574 16.234 0.009
4654.53850 16.272 0.014
4654.74719 16.703 0.013
4654.74997 16.719 0.015
4654.81232 16.864 0.018
4654.81506 16.855 0.022
4655.49681 16.674 0.015
4655.49954 16.670 0.018
4655.72130 16.325 0.008
4655.72405 16.329 0.010
4655.78309 16.492 0.012
4655.78584 16.516 0.012
4656.49875 16.342 0.008
4656.50153 16.344 0.010
4656.68849 16.711 0.013
4656.69127 16.700 0.014
4656.80777 15.967 0.008
4656.81051 15.980 0.010
4657.72310 16.526 0.013
4657.72648 16.530 0.015
4658.65708 16.760 0.014
4658.65986 16.734 0.016
4659.59119 16.309 0.012
4659.59398 16.338 0.014
4660.60952 16.806 0.014
4660.61229 16.792 0.017
4661.48681 16.119 0.009
4661.48957 16.147 0.010
4661.68750 16.685 0.015
4661.69025 16.667 0.014
4661.74898 16.704 0.015
4661.75174 16.748 0.015
4661.81617 16.623 0.015
4661.81894 16.532 0.014
4665.65426 16.836 0.018
4665.65702 16.819 0.018
4666.55968 16.275 0.009
4666.56248 16.302 0.012
4666.70276 16.647 0.013
4666.70555 16.649 0.015
4666.74491 16.664 0.014
4666.74769 16.678 0.016
4667.57123 16.809 0.018
4670.64440 16.694 0.014
4670.64716 16.719 0.016
4671.57992 16.220 0.008
4671.58268 16.233 0.010
4672.50540 16.634 0.011
4672.50818 16.650 0.012
4672.69790 15.992 0.008
4672.70066 16.002 0.009
4672.72018 16.097 0.008
4672.72293 16.143 0.011
4674.50853 16.722 0.015
4674.51128 16.738 0.017
4674.70164 16.318 0.009
4674.70441 16.329 0.011
4674.74093 16.438 0.011
4675.67582 16.706 0.013
4677.48511 16.535 0.010
4677.48789 16.529 0.013
4677.63144 16.760 0.015
4677.63431 16.713 0.015
4677.77402 16.224 0.009
4677.77679 16.229 0.011
4678.68853 16.621 0.012
4678.69129 16.618 0.012
4679.49073 16.637 0.016
4679.49351 16.673 0.018
4681.52651 16.804 0.014
4681.52929 16.801 0.016
4681.62653 16.095 0.008
4681.62931 16.117 0.009
4681.75875 16.557 0.012
4681.76152 16.556 0.014
4682.49752 16.474 0.010
4682.50029 16.464 0.012
4682.65485 16.709 0.012
4682.65762 16.726 0.015
4682.75007 16.060 0.008
4682.75285 16.003 0.009
4683.51604 16.388 0.011
4683.51883 16.331 0.014
4683.70294 16.592 0.012
4683.70573 16.603 0.017
4684.50859 16.625 0.012
4684.51138 16.645 0.015
4684.72229 16.082 0.008
4684.72506 16.103 0.009
4685.49352 16.073 0.009
4685.49630 16.101 0.012
4685.51327 16.159 0.010
4685.57035 16.396 0.010
4685.60439 16.465 0.010
4685.65929 16.630 0.012
4685.72849 16.675 0.013
4685.73128 16.694 0.015
4686.49730 16.686 0.013
4686.50006 16.685 0.015
4686.70129 16.316 0.010
4687.48106 16.316 0.009
4687.48384 16.333 0.012
4687.73655 16.873 0.015
4687.73934 16.810 0.017
4688.49398 16.814 0.016
4688.49677 16.779 0.018
4688.68381 16.432 0.009
4688.68660 16.445 0.012
4688.74562 16.582 0.013
4688.74841 16.616 0.016
4693.54156 16.805 0.012
4693.54434 16.809 0.015
4694.53679 16.555 0.016
4694.53961 16.542 0.018
4697.49745 16.045 0.008
4697.50023 16.049 0.009
4698.50297 16.678 0.012
4698.50576 16.671 0.013
4699.49911 16.332 0.009
4699.50193 16.336 0.012
4700.50538 16.776 0.013
4700.50819 16.772 0.015
4701.50066 16.520 0.012
4701.50347 16.503 0.013
4702.49919 16.345 0.009
4702.50197 16.209 0.010
4703.56967 16.711 0.013
4703.57249 16.717 0.014
4704.63945 16.608 0.012
4704.64223 16.621 0.013
4705.50288 16.704 0.012
4705.50567 16.710 0.015
4707.63600 16.339 0.010
4708.53608 16.653 0.015
4708.53888 16.652 0.016
4709.51218 16.074 0.010
4709.51499 16.090 0.011
4710.54181 16.675 0.011
4710.54461 16.652 0.013
4711.52116 16.387 0.009
4715.58116 16.712 0.015
4715.58394 16.714 0.018
4715.60096 16.760 0.018
4716.48542 16.065 0.009
4716.58355 16.479 0.014
4716.58634 16.468 0.014
4720.55070 16.659 0.014
4720.55350 16.666 0.016
4721.48225 16.307 0.014
4721.48504 16.183 0.014
4722.51479 16.679 0.013
4722.51759 16.686 0.014
4724.50459 16.763 0.016
4724.50739 16.760 0.018
4724.54495 16.852 0.018
4724.58350 16.157 0.012
4724.61978 16.079 0.012
4724.65368 16.260 0.015
4725.48288 16.431 0.014
4725.48621 16.454 0.016
4726.54431 16.008 0.010
4726.54711 16.052 0.012
4728.58944 16.469 0.014
4728.59223 16.495 0.017
4729.54492 16.745 0.016
4729.54772 16.755 0.019
4730.56128 16.539 0.010
4730.56408 16.552 0.013
4731.56818 15.961 0.008
4731.57097 15.961 0.010
4733.51988 16.025 0.008
4733.52266 16.060 0.009
4734.54926 16.706 0.015
4734.55204 16.703 0.017
4737.54014 16.585 0.013
4737.54294 16.554 0.015
4740.55065 16.299 0.010
4740.55345 16.327 0.013
4741.55834 16.765 0.015
4741.56114 16.760 0.015
4743.53330 16.856 0.016
4743.53609 16.836 0.018
4753.54423 16.747 0.017
4753.54700 16.719 0.018
4756.52306 16.556 0.014
4756.52584 16.574 0.017
4758.50588 16.681 0.015
4758.50867 16.684 0.018
4868.87629 16.598 0.011
4868.87897 16.575 0.018
4869.86015 15.955 0.008
4869.86286 15.953 0.009
4873.84898 16.413 0.009
4873.85169 16.425 0.014
4874.84617 16.823 0.022
4877.84329 16.686 0.012
4877.84599 16.646 0.014
4883.84531 16.160 0.008
4884.85082 16.710 0.012
4884.85353 16.699 0.014
4886.89396 16.149 0.008
4886.90008 15.966 0.014
4890.87888 16.393 0.008
4890.88158 16.409 0.011
4896.86714 16.722 0.012
4896.86981 16.709 0.015
4899.83804 16.522 0.010
4899.84073 16.547 0.013
4900.87949 16.092 0.008
4900.88216 16.108 0.009
4901.87787 16.684 0.011
4901.88058 16.593 0.013
4902.87659 16.347 0.008
4902.87927 16.417 0.014
4904.80068 16.298 0.009
4904.80337 16.311 0.010
4905.90466 16.060 0.008
4905.90735 16.050 0.009
4910.80926 16.694 0.016
4910.82642 16.752 0.012
4911.77720 16.319 0.008
4911.77987 16.337 0.009
4912.77411 16.755 0.010
4912.77680 16.738 0.012
4914.79119 15.988 0.008
4914.79386 15.976 0.008
4917.75222 16.679 0.011
4917.75492 16.663 0.013
4920.73509 16.485 0.011
4924.77358 16.730 0.012
4924.77614 16.727 0.013
4925.81352 16.589 0.009
4925.81607 16.580 0.012
4925.90056 16.681 0.009
4927.70715 16.516 0.013
4927.71579 16.500 0.016
4927.86768 16.730 0.014
4928.72968 16.186 0.009
4929.78595 16.703 0.011
4929.78851 16.676 0.014
4930.70045 16.059 0.008
4930.70301 16.082 0.011
4930.81938 16.508 0.010
4930.82195 16.513 0.014
4931.71528 16.702 0.014
4931.71785 16.666 0.017
4931.86095 16.046 0.008
4931.86352 16.073 0.009
4932.71834 16.409 0.009
4932.72090 16.387 0.012
4932.78452 16.568 0.009
4932.81901 16.647 0.009
4932.82156 16.654 0.012
4933.76667 16.118 0.008
4933.76923 16.028 0.010
4934.76507 16.683 0.019
4934.83033 16.744 0.015
4938.67566 16.693 0.014
4938.67822 16.675 0.015
4938.88031 16.295 0.009
4939.69457 16.432 0.011
4939.69714 16.421 0.012
4940.69457 16.848 0.014
4940.69714 16.807 0.016
4941.67332 16.532 0.012
4941.67590 16.558 0.014
4941.77132 16.722 0.013
4942.71109 16.082 0.008
4942.71367 16.081 0.008
4943.66516 16.647 0.012
4943.66772 16.649 0.013
4943.80465 16.853 0.013
4944.66197 16.121 0.008
4944.66453 16.170 0.010
4944.81741 16.621 0.011
4944.81997 16.631 0.011
4945.71042 16.788 0.012
4945.71300 16.801 0.014
4945.76687 16.414 0.008
4945.76944 16.332 0.010
4946.66009 16.390 0.009
4946.66265 16.400 0.012
4947.65375 16.811 0.012
4947.65632 16.783 0.015
4947.85169 16.473 0.009
4948.83430 16.844 0.011
4949.78240 16.475 0.009
4951.64246 16.198 0.009
4951.64502 16.227 0.011
4952.64068 16.708 0.012
4952.64326 16.704 0.017
4953.63432 16.394 0.009
4953.63690 16.405 0.013
4953.80888 16.685 0.012
4953.81147 16.718 0.014
4954.63584 16.853 0.015
4954.63843 16.821 0.018
4954.82871 16.496 0.009
4955.63914 16.609 0.017
4955.76991 16.776 0.013
4955.77250 16.777 0.018
