skewness,excess_kurtosis,bowley_skewness,tail_ratio,phase_eta,R21,R31,R41,cos_phi21,sin_phi21,cos_phi31,sin_phi31,residual_fraction,log10_period,log10_std_mag,log10_q95_q05_amplitude,object_id
-0.14745882707167063,-1.1677699433588846,-0.13056379821957556,1.6341246290801172,0.10912386172399878,0.5244555822735998,0.31824469350437773,0.17852920918374562,-0.3278140955644215,-0.9447422499016758,-0.8909883874608905,0.4540260933138558,0.05231118770648982,-0.2552662478334881,-0.7227873548688173,-0.2590849235187182,OGLE-GD-RRLYR-00001
0.16351376995936964,-0.6743478357477164,-0.04374999999998681,2.0656250000000025,0.7201341123293887,0.40732870706993696,0.21620523388756457,0.17623983932485654,-0.08233091789009381,-0.996605047127183,-0.9815730229851214,0.19108741598506754,0.3692234040369267,-0.3184982279075188,-0.6879674826010316,-0.17979854051435887,OGLE-GD-RRLYR-00022
-0.5432630808209625,-0.4307685559914516,-0.189019607843125,2.2687058823529322,0.4426084610785808,0.4035717269641359,0.2450778992972243,0.1826844799958278,-0.5971331183219978,-0.8021421563557466,-0.30785903616847543,0.9514319806740875,0.20323905971841189,-0.2939692874352493,-0.6654854919562669,-0.14077160946131154,OGLE-GD-RRLYR-00030
0.20835911383312963,-0.32432417918355405,0.029585798816541053,2.1846153846153955,0.8560705498793403,0.25464721783954053,0.13251795652878592,0.11946371182197918,-0.22815343519948772,-0.9736251896939978,-0.9999452565072133,0.010463459691868394,0.39700870278634004,-0.1981714861160901,-0.9209634003141288,-0.4327383076461222,OGLE-GD-RRLYR-00034
-0.006081546740784722,-0.5907311930697654,0.16974789915963676,2.2924369747898883,0.4863462959168931,0.5490700041962913,0.3751706347413309,0.19101386300632722,-0.23442632038872194,-0.9721338901144246,-0.9647108904941072,0.2633114083401376,0.28101790516802844,-0.23883934601847878,-0.6762233952325328,-0.16621562534352197,OGLE-GD-RRLYR-00050
-0.4188195250365564,0.2267060787116213,0.0,2.4847389558232154,0.9803308363116886,0.2399757057223596,0.08906015341428164,0.08245197328417908,0.740045123417493,-0.6725572208414594,-0.6869347623582286,-0.7267190875873868,0.38237466843082324,-0.38418804018786995,-1.0256203544918858,-0.5095498796439775,OGLE-GD-RRLYR-00051
-0.7885872441469617,-0.3854611489307831,-0.2007104795737106,2.1612788632326714,0.1564520438759372,0.4541881610487627,0.2521148480753854,0.131320392262131,-0.5682403545808065,-0.8228626248808967,-0.2781637538816753,0.9605336673050324,0.05981731589935494,-0.3958214626274793,-0.7154216180663691,-0.2158107946190395,OGLE-GD-RRLYR-00058
-0.07208516484935656,-1.1492382275506943,-0.18627450980393967,1.8406862745098014,0.066708767288518,0.4697339133753221,0.2842826628483709,0.13873924667173337,-0.3012346342518234,-0.9535500485696439,-0.9802636712185424,0.1976945494674687,0.04140004777701615,-0.21804955967357953,-0.9044007621175362,-0.4253900586598121,OGLE-GD-RRLYR-00104
-0.4047391225522672,-0.7097221032900909,-0.21614349775786096,1.806636771300465,0.29082353477473966,0.35603679874376915,0.26582698345578654,0.1572731159477728,-0.686299481720466,-0.7273190643659906,-0.47750995027275633,0.878626341165862,0.12891862659408873,-0.25445224909150255,-0.7579257670743337,-0.2979142785641731,OGLE-GD-RRLYR-00115
-0.3483245355321375,-0.8022928152507793,-0.2084043157296923,1.9970471323111776,0.3067294316604159,0.5020158435786751,0.4904946214965392,0.2716297510176406,-0.7082974658791189,-0.7059140881362395,-0.4003230900715496,0.9163740631180948,0.13831549161522833,-0.33418307201992065,-0.5576732151463157,-0.05591232058456542,OGLE-GD-RRLYR-00180
0.101225980454738,-0.8651233053423559,-0.02595797280591675,2.0889987639060603,0.07858016072170175,0.5084532061505966,0.34061239153738504,0.19496896522877818,-0.1819640055452583,-0.9833051920364935,-0.9947470001612139,0.10236408388817811,0.03360013701473329,-0.214560886040769,-0.8757804617496744,-0.37417328671428945,OGLE-GD-RRLYR-00212
-0.2624981265562147,-1.1478934468131436,-0.32394366197183827,2.0492957746478786,0.020366414144080955,0.5119886562621161,0.3837416346826687,0.26510902140575926,-0.4019195634633099,-0.9156749775468709,-0.8968072323941128,0.44242150481821274,0.018920162059207254,-0.2467998941437498,-0.7317960277791233,-0.2350770153501123,OGLE-GD-RRLYR-00217
-0.2960381831400767,-0.9879053766459358,-0.212371134020615,1.9580756013745464,0.03870081559665244,0.48715390345394755,0.39340461596524784,0.24198155794774737,-0.4990171062611436,-0.8665921345470166,-0.7482957928833045,0.663365213402954,0.03689611250396931,-0.2864921358738753,-0.6611142236640299,-0.14736754208848712,OGLE-GD-RRLYR-00224
0.02614086092207993,-0.17867061209402335,-0.08793456032718154,2.3873210633946633,0.5132340330617716,0.5172676065133018,0.39661192538845025,0.21888365446910046,-0.3797447330284717,-0.9250913131886683,-0.9039613825678945,0.42761410035912134,0.2421679030873882,-0.24929310157454065,-0.7252077794528661,-0.23381030668983982,OGLE-GD-RRLYR-00229
-0.4301468981492076,-0.8551797201402889,-0.2774193548387029,1.9179032258064315,0.18044021323773604,0.4957270725549606,0.36934987722729506,0.2674955556051715,-0.5961566973992035,-0.8028681038290626,-0.5632260400478812,0.8263028668787143,0.1181854866350373,-0.25929690180253984,-0.7287765176315545,-0.22581161655244716,OGLE-GD-RRLYR-00241
0.11026539407825778,-1.4195739379940324,0.1608832807571038,1.529652996845435,0.08574225230731838,0.07946750436526587,0.09913103490498099,0.014996633391051666,0.25052445823787806,-0.968110270488139,0.0058045014719265,-0.9999831537394329,0.03797711201641665,-0.510419549362711,-1.0747396613308007,-0.615377811548454,OGLE-GD-RRLYR-00246
0.007546576366838745,-1.1158466208164548,-0.007125890736376078,1.9904988123515324,0.2360498276770262,0.4510532743054419,0.28601112943541585,0.19976160893689734,-0.2350464452258895,-0.9719841400900906,-0.9390397736128174,0.34380852748759533,0.11494434444532729,-0.2161645274421279,-0.8789614056668957,-0.37778597703370786,OGLE-GD-RRLYR-00258
0.4065027910435019,-0.8890016563712804,0.224615384615362,2.204307692307695,0.0637481908775769,0.46155863643698813,0.2567474981949457,0.09152999328105543,0.0546004783074998,-0.9985082812719143,-0.9380955549645753,-0.34637657218077766,0.029753204675748816,-0.16532977903521148,-0.9570064122990467,-0.4458744184869829,OGLE-GD-RRLYR-00263
-0.281955716992658,-0.9069622526675412,-0.15257731958762505,2.2863917525773263,0.013949581978797209,0.5104662618439506,0.3770388916112811,0.23767497193251444,-0.39686911890382626,-0.9178752107233862,-0.8476225695061773,0.5305996415978299,0.020369312322770138,-0.23480600912927757,-0.7799665947759743,-0.2561376121896206,OGLE-GD-RRLYR-00267
-0.0923823812011068,-0.9870631073751692,0.0541082164328683,1.8737474949899882,0.592781257945872,0.4019495395597398,0.3089593151443834,0.25770431294502044,-0.33987307505779596,-0.940471314209401,-0.9303789116563806,0.36659934635114755,0.26375405200663327,-0.19555392904613808,-0.8288654520055895,-0.33021838479146565,OGLE-GD-RRLYR-00303
0.010606804701518665,-1.5145007256177359,-0.1009174311926527,1.3628440366972303,0.09726987072703856,0.13301673080469556,0.08090974858572068,0.047646681518134254,0.07504172728448061,-0.9971803944954802,-0.9366152407971515,-0.35035965907406313,0.04586063462323999,-0.4858955867323828,-0.9645625793348767,-0.527097348196338,OGLE-GD-RRLYR-00311
-0.1676529768444718,-0.6226610362092568,-0.22535211267604588,2.2352112676056506,0.33822204082033624,0.5065090308725387,0.3387997100907415,0.1261423499344364,-0.4490103430249113,-0.8935265591221402,-0.8671808197032711,0.4979933994931688,0.17222271195752542,-0.2608973034175181,-0.7687121974863651,-0.25535502889487305,OGLE-GD-RRLYR-00321
-0.3327161378937399,-0.8515337639065579,-0.07194244604316381,2.262589928057555,0.033893344133393566,0.4855878199778802,0.40282744727759284,0.2800447020200281,-0.4675559150750251,-0.883963498272613,-0.7685255185560409,0.6398191364191669,0.022820623190650584,-0.2653502478818304,-0.7250724287727351,-0.20134935455473016,OGLE-GD-RRLYR-00343
-0.04394528899417215,-1.4571794166717025,0.10424710424710806,1.5081081081081167,0.07970145677627982,0.0977695870052078,0.03839231752098775,0.012204592465084966,-0.275875883218017,-0.9611932672770233,-0.9524923539178209,-0.3045624988866628,0.04070157354438077,-0.6398460254204544,-1.169685265556792,-0.7092977567121426,OGLE-GD-RRLYR-00347
0.2557515019812283,-0.3224268144086957,-0.1442307692307758,2.417788461538499,0.5048683961984329,0.384553432673229,0.14461581510214472,0.03485878539199053,-0.08753221718650372,-0.9961616891621634,0.9141223607152732,-0.4054384165817738,0.25256936846794215,-0.36876465101742867,-1.1149767602040441,-0.5995483600430507,OGLE-GD-RRLYR-00358
-0.04896089641269267,-0.9402854763142052,-0.07961165048543062,2.0753398058252395,0.07032686753509565,0.49133101877022034,0.35431089255390663,0.189921925641593,-0.3064166199853135,-0.9518975023587235,-0.9461079120267304,0.32385153820913154,0.03990895654460034,-0.2538896362810318,-0.7933361757875494,-0.2721335505325109,OGLE-GD-RRLYR-00363
-0.3961426007917033,-0.9561438681768686,-0.24873096446699902,1.916606236403194,0.06857433214659626,0.47464014177107633,0.366321764332301,0.21725858116469807,-0.4972351807009447,-0.8676157992298774,-0.6566637274414822,0.7541834982699229,0.05288495149059631,-0.2910809074434695,-0.6734465688578847,-0.17996282819625425,OGLE-GD-RRLYR-00402
0.14843452732281714,-1.520884400156848,0.19341563786008983,1.4491083676268925,0.06988957741712312,0.12911497314541273,0.0869032323845252,0.03180691732786001,0.046169388965899116,-0.9989336251836333,-0.7823984898151427,-0.6227781331541627,0.029559166384116844,-0.4682185617337777,-1.0176232572182944,-0.5782315987930745,OGLE-GD-RRLYR-00414
-0.15021621266006008,-0.6280360262983264,-0.19010416666664903,2.3747395833333202,0.2510823350542973,0.45891932203636027,0.2458448167779483,0.13086023849315656,-0.16769130169689805,-0.9858395545600713,-0.994425969729949,0.10543714111569306,0.11490199566633023,-0.3107031929375107,-0.8775739223883746,-0.34108277995548464,OGLE-GD-RRLYR-00420
-0.5142077332737817,-0.899045283264956,-0.23314606741572594,1.7508426966292152,0.09136258243985719,0.4231540322253752,0.175697535030692,0.12396183951617998,-0.48363035443676705,-0.8752723463399076,-0.5021218890276711,0.8647968597071125,0.04150902956448628,-0.32642006124507894,-0.6822151834741201,-0.2053028731080011,OGLE-GD-RRLYR-00444
-0.22883642562453346,-1.0202383933592145,-0.21676067687348213,2.0941176470588276,0.01581823303303835,0.5632630974357989,0.39426851778740307,0.27077609981014344,-0.4258176037998786,-0.9048090231060528,-0.8803133019759284,0.47439275960351446,0.025622413297642303,-0.3547138178070637,-0.6860180525728918,-0.18728713323463062,OGLE-GD-RRLYR-00477
-0.40424273904623265,-0.7453707828510034,0.04132231404960777,1.8636363636363589,0.09412009164558109,0.42755080042246346,0.31733085132409,0.21725586569301536,-0.39399649746083554,-0.9191119409454943,-0.7457040066554839,0.6662773705131806,0.052298067104115685,-0.25073009814650626,-0.8270655754242929,-0.34582345812203896,OGLE-GD-RRLYR-00482
-0.5111305115269651,-0.7043746615014377,-0.04424778761060456,1.770973451327432,0.2909887413280981,0.3552883314088242,0.13775080256714298,0.01909081344747911,-0.6236703080838903,-0.7816874994616105,-0.288213590393752,0.9575661472255285,0.13586957514092576,-0.39314524325554845,-0.7602258949239926,-0.300769497116593,OGLE-GD-RRLYR-00505
-0.2908542477229061,-0.8899885816194559,-0.32575142160844495,2.1445978878960115,0.025082922601029487,0.5786983302377205,0.33687622728432515,0.21110581005573162,-0.29082393574159593,-0.956776587506074,-0.9356764577169784,0.35285913120423495,0.02199552922303257,-0.38002716418829435,-0.7029584283349954,-0.1804560644581324,OGLE-GD-RRLYR-00542
-0.2418354057480931,-0.9306629066335175,-0.36588628762543746,1.9705685618729212,0.277596985493844,0.5189437275833513,0.34917117308523377,0.22570911041351988,-0.5940748747383598,-0.8044097483276804,-0.6442589032014799,0.7648074696586233,0.14250713166286053,-0.1985182131861861,-0.6336887238872531,-0.13282724882135058,OGLE-GD-RRLYR-00552
-0.5690125777525428,-0.26300362620134177,-0.024154589371975784,2.1999999999999966,0.3964988209020246,0.30354530485573517,0.13152750746080258,0.07887004496516573,-0.40359878553455536,-0.9149360744418333,-0.6775429318472266,0.7354832258480573,0.1616501350873034,-0.25291520142749185,-0.857721525813484,-0.3416069737208751,OGLE-GD-RRLYR-00558
-0.35538851083970535,-0.5709268831348742,-0.19678714859438268,2.1195180722891642,0.7419583339310534,0.34981541460135845,0.14860245087828564,0.07757532818419985,-0.6889891933817495,-0.7247716132708056,0.08038656594899597,0.9967637633937781,0.33203487727679876,-0.31288925967786246,-0.689011420213807,-0.18065351591954898,OGLE-GD-RRLYR-00577
-0.2658507434618696,-0.8831774627767164,-0.1926605504587223,2.255412844036688,0.24320706842008893,0.4502144388320408,0.35674963464980075,0.23121578268575413,-0.5083104561767146,-0.8611738965745654,-0.6388545506161643,0.7693275395805215,0.12499769091349687,-0.25954745242977806,-0.7250457004478489,-0.21140744407964104,OGLE-GD-RRLYR-00578
0.08867020344917648,-1.2011186320485385,0.05936073059361464,1.8219178082191643,0.024101554373682114,0.4972069044180512,0.2657006099238304,0.11959231410477049,-0.03543828862813172,-0.999371866573754,-0.996017992696066,-0.08915244374496718,0.011489366420558061,-0.37485021351868497,-0.8839294625356979,-0.3990271043132527,OGLE-GD-RRLYR-00580
0.012074839351041354,-1.3355051909307072,0.23259762308998433,1.611205432937182,0.06490784096888823,0.04729717021367422,0.05594258172372582,0.06511217598163399,-0.04695525320345649,-0.9988969937869466,0.26528112729524184,-0.9641711069623304,0.029606242645359937,-0.5412513180602797,-1.09386430627004,-0.6247937789006706,OGLE-GD-RRLYR-00582
0.06555207523405845,-0.5340849720763701,-0.03599755948749063,2.1513117754728426,0.4617658673854295,0.5002820439371364,0.4180636518223645,0.30700000604195193,-0.5121805296477059,-0.8588778172998739,-0.7484472395668971,0.66319433772062,0.22587691648070052,-0.29112581747351374,-0.5557476590515745,-0.05477768336465789,OGLE-GD-RRLYR-00607
-0.11805440221263741,-0.3903942417530759,-0.24873096446699,2.564467005076136,0.5268811879580215,0.5896282713570811,0.4227911635808109,0.30170543184709303,-0.46088741553479734,-0.8874586132331215,-0.446757796083618,0.894654945573157,0.24153356920333027,-0.2846824055968138,-0.6382407915193459,-0.12044539906102586,OGLE-GD-RRLYR-00620
-0.3616904822528081,-0.6110410586644783,-0.28598130841121056,2.609906542056057,0.013491733066340087,0.5755159612129336,0.3633644947951097,0.23392735794321903,-0.31497783000161517,-0.9490990288728957,-0.909229544619035,0.41629512991609957,0.02781310031813308,-0.3698231322391775,-0.7054241083249161,-0.15605125764395036,OGLE-GD-RRLYR-00631
-0.39196759095720307,-0.6804637348015903,-0.18955732122588145,2.0919409761634378,0.4110057236402294,0.3597918321008473,0.2372951475098916,0.06791050871328937,-0.5851168205962273,-0.8109490158174941,-0.5696599394785894,0.8218804982193274,0.18148770049592672,-0.24569446122532626,-0.8473419750305895,-0.3365346561088911,OGLE-GD-RRLYR-00632
-0.2238198765888709,-1.0701160108492032,-0.05392620624408861,2.058467360454093,0.020932849885967716,0.5093726172546051,0.34435242096999247,0.23421932892036712,-0.32969137323914466,-0.9440887661717445,-0.9096454003215386,0.4153856589650969,0.01942185089876881,-0.23202463296084375,-0.7656673966757979,-0.2644410189085777,OGLE-GD-RRLYR-00636
-0.13603180130386866,-1.090968892648054,-0.16818181818179714,1.9704545454545417,0.061344941905829946,0.4649209657112377,0.2677526592575398,0.09306167954709672,-0.2228562831278476,-0.9748513102368179,-0.9907694311458972,0.13555786331613218,0.022469899543922058,-0.22531635557199367,-0.8628902154246538,-0.36301089818777044,OGLE-GD-RRLYR-00642
-0.4772239457244174,-0.593776961305005,-0.1697080291971121,1.8275547445255416,0.24421437201047122,0.43941524402399895,0.3178231029227879,0.2414283501450487,-0.48712974825144606,-0.8733296103811452,-0.5364564125920188,0.8439280285598421,0.113727678420035,-0.2216996529636992,-0.7708886566485499,-0.30037904203438615,OGLE-GD-RRLYR-00645
-0.40777982842434424,-0.9463419760310514,-0.2710424710424685,2.0231660231660182,0.020493122597556493,0.5001521124184243,0.3829500093578676,0.24516140956290042,-0.4548605558497786,-0.8905626731073061,-0.793068141729156,0.6091329268511622,0.0297000401529939,-0.261627386435675,-0.7020403716204071,-0.183758700008215,OGLE-GD-RRLYR-00657
0.27900747036315504,-0.5305474746627108,0.08247422680415166,2.1371134020618663,0.3159674991472383,0.42000917911929037,0.2861188250221222,0.1886181909088772,-0.09880672759436303,-0.9951066428187952,-0.9875730918399733,0.15716039028214326,0.1916679779305044,-0.2059274225786078,-0.882315963434671,-0.38237070224215786,OGLE-GD-RRLYR-00664
0.06369981024543907,-1.0379581254647336,-0.08058124174373553,1.7891677675033033,0.298407056652208,0.1250192908529751,0.07502594719330806,0.04333765408488281,0.2816319776968484,-0.9595225005900393,-0.04661722486766455,-0.9989128261993824,0.12461512434585113,-0.4485789640911246,-0.9606117311500892,-0.4703130462270887,OGLE-GD-RRLYR-00666
0.11910152537926137,-1.076031848611083,-0.1720930232558426,1.9841860465116317,0.05994957597067789,0.47085905523436217,0.28665027106468555,0.147802596908022,-0.022939139825195253,-0.9997368633115816,-0.9960580114318801,-0.08870421558397697,0.03047575667771855,-0.16415221700301913,-0.8745597613457747,-0.3699791488865895,OGLE-GD-RRLYR-00674
-0.06459726516893095,-1.4582592443154663,-0.10069444444443172,1.426388888888894,0.05135731352035005,0.12566514612863833,0.049855545130728846,0.021331212206826936,-0.14880989397733912,-0.9888658227759988,-0.7917723640543867,-0.6108162764037381,0.02080909467259283,-0.6247638689850824,-1.1319376640527057,-0.6873995607387386,OGLE-GD-RRLYR-00705
-0.1623763442139496,-1.0315036615635444,-0.1818181818181498,1.804407713498628,0.3271584527625825,0.5295257648980087,0.2031191071755098,0.09728582941595953,-0.3720955158861522,-0.9281944446383087,-0.8972912495845874,0.4414390257090209,0.1709178759206355,-0.17265539583186582,-0.9867630396797885,-0.4847886956721974,OGLE-GD-RRLYR-00720
0.1700101671904651,-0.6598732991546354,-0.09203980099504154,2.203233830845804,0.3421349152867871,0.4741564573665966,0.2898847370020016,0.1921587928316576,-0.31248931848945183,-0.9499212734905972,-0.9989323165556152,0.046197694107306626,0.1553324691643015,-0.2333472565826108,-0.8536019657834328,-0.3537433509861828,OGLE-GD-RRLYR-00725
-0.15745765049543284,-0.9628760136818233,-0.22981366459627042,1.8633540372670885,0.4204280774715447,0.09726508955991228,0.01835454317386592,0.07892043291252135,0.31840516691014575,-0.9479547192165468,0.9707402420996258,-0.240132010295087,0.18928767938710359,-0.5435598697982307,-1.0269181471061306,-0.5228787452803417,OGLE-GD-RRLYR-00745
-0.4200851894030811,-0.8237147855716787,-0.2597864768683299,2.0163701067615656,0.2631957265994137,0.43322390067023675,0.3069135535092468,0.1761376541881501,-0.41417361362037,-0.9101979003385168,-0.8188345908268376,0.5740295400634408,0.1575257892337331,-0.2641709373267773,-0.7383621393496151,-0.24672342981558348,OGLE-GD-RRLYR-00747
0.017491068877440313,-1.0330421357676722,-0.1141104294478051,1.8863803680981537,0.2999437861548666,0.36812619382118306,0.32009050732386346,0.17190811386703014,-0.34989059960678515,-0.9367905680069609,-0.9869665182951511,0.1609257336921202,0.14735650623009044,-0.20761822233569038,-0.8980139029937776,-0.41527311459471633,OGLE-GD-RRLYR-00764
-0.26131516371020846,-0.2138351980076214,-0.26829268292679814,2.248267008985895,0.7297070859215204,0.3617109607021239,0.0997066717556429,0.07322921988110846,-0.5873121105072786,-0.809360540705739,-0.14462612635118896,0.9894863736184799,0.33035189215487165,-0.27897905134786055,-0.8375740020380439,-0.35867464595630344,OGLE-GD-RRLYR-00773
0.34022043475530006,-1.0105515543307104,0.13131313131314798,2.1055555555555605,0.04358192151276336,0.4477420248018251,0.25806038471816817,0.10777968688771965,0.25114846366509375,-0.9679485777657112,-0.791622480469497,-0.6110105141610256,0.028305348231173318,-0.19350626661726802,-0.882473583490849,-0.3799681048737007,OGLE-GD-RRLYR-00778
-0.4880870373333129,-0.7854191053922626,-0.2169540229885214,1.9757183908046032,0.029732448912099543,0.4605618343937124,0.3596322324530926,0.21888635438165954,-0.5667111096681604,-0.8239165723413276,-0.4945452508331167,0.8691518825144485,0.03381752424358137,-0.29760274350593335,-0.6658120756047412,-0.1626957135929622,OGLE-GD-RRLYR-00800
-0.5746304115728099,-0.7687617537390059,-0.29296874999998307,1.8376953124999968,0.2303500423316261,0.3600199373881761,0.21915699025058782,0.10519196719137872,-0.38583015372094476,-0.9225698306793216,-0.7188209499863305,0.6951952544866438,0.1003709431098894,-0.29179738131446475,-0.8142410359283653,-0.32748652713149184,OGLE-GD-RRLYR-00827
0.31367426496643713,-1.3250027019639996,0.11797752808989274,1.4564606741573098,0.055164055085523814,0.16661280608269982,0.07936770403795358,0.00886931600779406,0.2604974439180177,-0.9654745370604961,-0.7208633318991837,-0.6930772371988617,0.02819221191171304,-0.44125145701875074,-1.0346078375613308,-0.5862812349389218,OGLE-GD-RRLYR-00841
-0.019672597234272796,-0.8117476384444839,-0.06250000000000232,2.0385416666666694,0.4724325873085118,0.2126753416519582,0.13698929654712488,0.0452283699163488,-0.024392113553304624,-0.9997024681355962,-0.911854105606147,-0.41051442129261884,0.2484223507312173,-0.4466401279331789,-0.9012528977571972,-0.4073791786780167,OGLE-GD-RRLYR-00846
-0.3602749009393723,-0.6318463531746787,-0.2893401015229287,1.8033840947546644,0.7028866916878453,0.5090710032984287,0.0519995620462147,0.2103618608810437,-0.6380868063953262,-0.769964432622841,0.8660839780477885,-0.4998985326732994,0.2866780698304566,-0.31105227051423523,-1.0250947980533036,-0.5743842754230711,OGLE-GD-RRLYR-00847
0.04198427623751793,-1.317657935249366,0.08756756756755445,1.5334054054053925,0.15601842424548193,0.19246395102149366,0.039162654843968275,0.07373025663412881,-0.04206289103526685,-0.9991149649553626,-0.9224055668977025,0.38622269502985995,0.07638269288410077,-0.5600515816319228,-0.9132225413226027,-0.45026126873509936,OGLE-GD-RRLYR-00856
-0.7380242466234191,-0.14545087735379525,-0.2387425658453491,2.106881903143571,0.30046728668163186,0.43008938490220916,0.2813372495751389,0.18701869683335093,-0.48151510779791956,-0.8764377906972964,-0.36644661861673267,0.9304390768365024,0.1658869127846989,-0.2788956336940097,-0.7112018749136695,-0.20764333566261103,OGLE-GD-RRLYR-00867
-0.2202369921468685,-0.9090076286493214,-0.007569386038676308,1.8566862910008404,0.06221157651368718,0.49297932697220165,0.3568420827541921,0.21491086765905032,-0.4377179572153862,-0.8991123344339067,-0.8450909921430243,0.5346224976548583,0.04305933607637121,-0.18956028019789703,-0.7568025026333329,-0.25813960593473656,OGLE-GD-RRLYR-00874
-0.18883377883552133,-1.0833541122160366,-0.03140830800405862,1.973454913880443,0.027272107104169812,0.45658932258282253,0.3458863589355428,0.2025123090018607,-0.353341702761831,-0.9354943298007582,-0.8648105929920356,0.5020982356558962,0.017085051814154394,-0.23260409109844626,-0.8160468479730274,-0.3125156298303149,OGLE-GD-RRLYR-00876
-0.06739180681978443,-0.851483926752874,-0.22888888888887507,2.221555555555551,0.3430581127944756,0.5002980263528649,0.25978606700136764,0.16532556251180108,-0.25024234582951344,-0.9681832307749098,-0.9986546815557792,0.05185390059315971,0.1680956418683698,-0.21507782415624985,-0.8118928693116454,-0.30116030355571155,OGLE-GD-RRLYR-00881
-0.3757862091586113,-1.0655999658247932,-0.3076923076923098,1.9261538461538408,0.009866865308004059,0.5035552186905172,0.348360192505307,0.2362618097839627,-0.4682231615688685,-0.883610248339421,-0.7324553790645245,0.6808150392576854,0.028273519463217555,-0.22938993568394073,-0.6291952335674306,-0.12424442074194608,OGLE-GD-RRLYR-00907
0.0410906725582444,-0.989171677932692,0.061046511627908445,1.9941860465116106,0.050616283360482635,0.4589619268276833,0.25272922446198937,0.12105748831369702,-0.09823443287664364,-0.9951633012714065,-0.9996829355572638,-0.025179919690330562,0.024390158544007952,-0.21729967459676597,-0.9733532457531417,-0.4647058799572273,OGLE-GD-RRLYR-00908
0.19643345244191382,-0.8178245908601482,0.07142857142857445,2.1119047619047766,0.26341324679796213,0.478413327738483,0.2598293482041471,0.0703045200030683,0.10076614776310065,-0.994910138386872,-0.9886349017726522,-0.15033639278956504,0.11764546705930472,-0.21539125071534804,-0.9560228362072639,-0.45001638884031014,OGLE-GD-RRLYR-00910
0.2359379257095446,-0.21771179489075632,0.28313253012049894,2.3659036144578396,1.083631651966604,0.5330234352975933,0.4324683233293956,0.2914205293650977,-0.4851030682964806,-0.8744569818632247,-0.9998058844542238,-0.019702624462421527,0.4951893125487614,-0.22002182921961497,-0.5303180650808442,-0.007954855541116676,OGLE-GD-RRLYR-00913
0.2615450366925187,-1.1561864492576313,0.01326259946950297,1.9724137931034744,0.018294726707412584,0.4507590827705914,0.24408036644323652,0.09868030961830082,0.1660895688879762,-0.9861106708207787,-0.9218112525415862,-0.3876390262702041,0.010135190981715333,-0.16040989899431646,-0.9196133203000472,-0.42969061456411983,OGLE-GD-RRLYR-00918
-0.31113173085731605,-0.39153798330983536,-0.16700610997962054,2.262729124236248,0.7966885593376042,0.4310133778238618,0.1543069855228972,0.01623941259450551,-0.39194491495487754,-0.9199886866918603,-0.6306535178120871,0.776064520817206,0.38857992176507045,-0.32408735932288235,-0.7538784244294429,-0.2553159367231147,OGLE-GD-RRLYR-00946
0.1570204140510796,-0.6161797472678208,-0.07311028500622642,1.9556381660470425,0.3318458236040459,0.39198928974296426,0.2575714393408292,0.21235199129421053,-0.3050680833388994,-0.9523305437335979,-0.9942179680352601,0.10738078057007518,0.17670469937256328,-0.19417034433756056,-0.8835718875443672,-0.40389795228188813,OGLE-GD-RRLYR-00975
-0.34821566062733633,-1.5442838224104254,-0.38300104931793677,1.2705141657922374,0.05437052134371781,0.14636122193902965,0.07611905696450258,0.05771840229925018,0.40357773735038127,-0.9149453589778718,-0.9478236575599491,0.3187950974680764,0.025570877126340024,-0.47721760495166415,-0.9419124423314352,-0.5189875790434249,OGLE-GD-RRLYR-00990
-0.24847830179704156,-0.3931097002748305,-0.279322853688023,2.5262394195888875,0.3780039441931534,0.4451295206016257,0.33673361229796756,0.26767763812582923,-0.5238283082947695,-0.8518238687833536,-0.434641011051056,0.9006037927482405,0.21242465659964402,-0.3393956228307329,-0.5015258695936178,0.018950021500975932,OGLE-GD-RRLYR-00991
0.05172869556460677,-1.026090696888333,-0.13752122241089554,1.9120543293718164,0.2525160987667731,0.37574381032975473,0.20571248417220553,0.135883077193786,0.16912143777663904,-0.985595220810431,-0.9277069710476123,-0.37330922285642054,0.12574311461490179,-0.18852698488268851,-1.0462466772726235,-0.5504444683229736,OGLE-GD-RRLYR-00992
0.08936969494563188,-1.5031480375655741,0.1747572815534396,1.351941747572824,0.069374865883533,0.0939304564129942,0.05643177167820949,0.03929691925460631,0.1877906427184573,-0.982209078815396,-0.843917250352937,-0.5364733679845983,0.031031890818948603,-0.46317250445679253,-0.9933912749116812,-0.5551748004902506,OGLE-GD-RRLYR-00994
-0.20175456993764726,-0.6649459717103956,-0.012949640287790717,1.890647482014398,0.8417167232191995,0.4353217653775681,0.28301061730573057,0.11025111304098761,-0.6179346089393184,-0.7862294951698338,-0.1506981473625184,0.9885798239805953,0.37082097663783437,-0.26605818516128593,-0.6603338244065305,-0.18243463044021685,OGLE-GD-RRLYR-00995
0.0008356160879966165,-1.3722123127519505,0.08256880733945313,1.594495412844056,0.1823130791407604,0.1337189947067859,0.06046894873060522,0.02009235142335931,0.6922296808193815,-0.7216772609641356,-0.41466622365165207,-0.9099735836618984,0.07796660222572392,-0.35113135241142535,-1.0515687597854595,-0.5838589688316682,OGLE-GD-RRLYR-00998
0.31588106280377076,-0.23761727496825147,-0.028953229398643362,2.43028953229396,1.217214383846334,0.08260732933848018,0.14740466530598867,0.11885302558653861,0.01835486852332772,-0.999831535210553,-0.3698248767812893,-0.9291014802020844,0.5335988342073912,-0.41806785477115305,-0.780456134243755,-0.26312563835157726,OGLE-GD-RRLYR-01000
-0.39762807083376206,-0.7375144299627578,-0.20634920634918225,2.116339869281033,0.17437289717585872,0.4283903637237553,0.24280705691222884,0.14177074928148642,-0.3606871538070508,-0.9326868590682346,-0.8547683779767714,0.5190096530999777,0.07694828069446664,-0.24396520864635435,-0.7591456751608878,-0.24668510689635123,OGLE-GD-RRLYR-01014
-0.024482247693954098,-1.1228906862859989,-0.11827956989245636,1.9539784946236565,0.039680554779068726,0.5045228568694301,0.29684292323713063,0.18424033442318394,-0.18242896799597447,-0.9832190354320464,-0.9888715878561847,0.14877157904246344,0.020436518209562493,-0.16318813410890173,-0.8367754446722296,-0.3426572631853706,OGLE-GD-RRLYR-01043
-0.5739583386661625,-0.9107491300916388,-0.19466666666666774,2.1343999999999994,0.024757398553111147,0.43908795981026805,0.3749100465493508,0.25946267176992216,-0.5707864924422948,-0.8210985203040023,-0.47096600578555825,0.8821513596851719,0.031032115904429582,-0.33586115734034017,-0.5840066930388744,-0.09669292003582633,OGLE-GD-RRLYR-01096
0.19358528689533477,-1.506349171978915,0.1960132890365612,1.4392026578073147,0.03330526639044549,0.11259473281503807,0.06339109786153282,0.03751495019611276,0.2534027026015956,-0.9673608790488725,-0.09512105010772431,-0.9954657130340572,0.012212400771372265,-0.5776650177264899,-1.1095267189715254,-0.6643415477106991,OGLE-GD-RRLYR-01101
0.45412771160672977,0.22685264625731882,0.02208201892746056,2.265772870662452,0.925978015969633,0.5220180429138093,0.4229218199952117,0.12326589731956937,-0.26546052298147704,-0.964121730249039,-0.9996813715691033,-0.025241936092865888,0.4503230791820666,-0.23866808716407323,-0.6360669914484662,-0.14372436533601637,OGLE-GD-RRLYR-01139
0.3817315541978142,-0.8981298263515769,0.17499999999998045,2.0224999999999826,0.28023863198121146,0.4045381153250047,0.22873156824148855,0.08150672642593734,0.3109188655785455,-0.9504364571223846,-0.784378828291821,-0.6202820759360615,0.11901710275115421,-0.2218088180745699,-0.9003865996944171,-0.3930814740517064,OGLE-GD-RRLYR-01155
0.010736361262452242,-1.1818720232970201,-0.07784431137724337,1.7712574850299354,0.36211686041716395,0.08418379348496026,0.11549433376725077,0.02203469619787083,-0.03742102829714176,-0.9992995880321299,-0.8258700018422724,-0.5638605679217557,0.17639758579875697,-0.40380507129758986,-0.9277796291586924,-0.4320918173310743,OGLE-GD-RRLYR-01159
0.08358887549902017,-1.1552290423340301,0.02272727272725988,1.6579545454545188,0.2872217756791223,0.12293237437385829,0.09998502470216016,0.03934290214336679,0.2008975210189455,-0.979612263116608,-0.979825957468457,-0.19985267841843282,0.1468302977423162,-0.4842806363550833,-1.012360190330325,-0.5349147124425694,OGLE-GD-RRLYR-01160
-0.04544593288402748,-0.7541353435591929,-0.022044088176372423,1.9296593186372608,1.005693007209483,0.13365610202013517,0.23596512226960986,0.15913569710176864,0.103862487739849,-0.994591666786169,-0.9335814076930176,-0.35836539343235096,0.39839790509423795,-0.49030637073917477,-0.8012766436499266,-0.31744880895819155,OGLE-GD-RRLYR-01165
-0.06339783993250005,-0.6020600233008451,-0.0016313213703177416,2.4489396411092956,0.48041206484034105,0.49342535667335435,0.4090890964969513,0.18788916401674588,-0.3583559939866251,-0.9335850157183639,-0.9164158371312928,0.4002274521505888,0.2435866548584579,-0.2872909656798732,-0.6330958755361372,-0.12459143992293722,OGLE-GD-RRLYR-01168
0.8117991134082329,2.2407775670853445,-0.17350157728706525,2.3173501577287063,0.8916024190329724,0.4941038500992822,0.31921342136829256,0.1929127731662661,-0.11334344890622167,-0.993555867875603,-0.48105059429705244,0.8766928343076911,0.4768888357422283,-0.25592585469569734,-0.6000124286987757,-0.13394907599072484,OGLE-GD-RRLYR-01184
-0.3718100493212926,-0.753239334240213,-0.06692531522792333,2.1548011639185383,0.2481254779483973,0.47200687608394065,0.3474848518966339,0.17211395426852386,-0.40426616821149897,-0.914641386139722,-0.820151843415474,0.5721459199733926,0.11186563409187554,-0.2607930200019829,-0.7597272025887672,-0.25539412458576216,OGLE-GD-RRLYR-01187
0.06539728954028351,-0.6494873275411521,-0.04800000000000182,2.1824000000000154,0.2802321769747033,0.5150771075858783,0.3812303930100383,0.29965542608990947,-0.06993212593521861,-0.997551751921764,-0.9319760945484942,0.3625197362767111,0.15269988378397553,-0.22438907874760508,-0.7636363886631621,-0.26312563835157443,OGLE-GD-RRLYR-01194
0.2656291873015752,-0.8077967974802722,-0.04166666666666769,1.817361111111095,0.27044989521946644,0.3772348137283076,0.1989491708126528,0.10266781551364335,-0.14371195395367517,-0.9896195603820777,-0.9042592396037272,-0.4269838727531627,0.11810145997215085,-0.1889079661547287,-1.058541493369546,-0.5821962773601171,OGLE-GD-RRLYR-01230
-0.19916050939848873,-0.9996768999811776,-0.14589989350372895,2.0679446219382482,0.04526971868937177,0.5104075633355466,0.3267612064796789,0.21887384912999502,-0.34773916723115383,-0.9375913137254331,-0.9133330871373104,0.40721330029878694,0.03692221183364278,-0.22966939572041253,-0.8244166127158615,-0.31385549457643935,OGLE-GD-RRLYR-01261
0.02889320068020287,-1.4984032475041067,0.0524344569288233,1.38951310861423,0.11908698906394316,0.058911124370427094,0.0807936604825162,0.006334504134869683,0.4185719661677004,-0.9081836318380251,-0.6566788136549374,-0.754170362515489,0.0516805049166615,-0.6001409037579752,-1.1682493876113091,-0.7316560860489368,OGLE-GD-RRLYR-01287
0.06013767624747736,-0.6420779152098484,-0.10666666666667834,2.1166666666666667,0.3326929688876898,0.47707524493206455,0.39586006849059074,0.37455463264007777,-0.41514228975506734,-0.9097564944846064,-0.8633980902656916,0.5045232776845452,0.17866708769570327,-0.2560538553611228,-0.7005093022443717,-0.19722627470802326,OGLE-GD-RRLYR-01296
-0.7771355342673619,-0.2860809150189594,-0.3577464788732404,2.496901408450708,0.03408393943216318,0.4922781032585483,0.3975271211485257,0.2416189859365198,-0.5788888037009084,-0.8154064955282924,-0.498976467055989,0.8666155348967173,0.03215655121658794,-0.2884366093129026,-0.7103944738628761,-0.17730898922394567,OGLE-GD-RRLYR-01306
-0.0018577153784288946,-1.1967159204006814,0.011363636363609755,1.6431818181817857,0.25345822184480155,0.16655441179128752,0.08861077430438896,0.06179604633244295,-0.08672813990365638,-0.9962320160227996,-0.8024172716980031,-0.596763371932907,0.1296666824551518,-0.44470537449875286,-1.005205658455376,-0.5388017113775107,OGLE-GD-RRLYR-01313
-0.5435761571685355,-0.8165721737770211,-0.35377358490564986,2.016509433962265,0.047808924719085516,0.3946246395393847,0.3637292076513994,0.25410504313571497,-0.5494891953749579,-0.835500822361164,-0.5985779021318729,0.8010646010649866,0.05317049776788581,-0.27923338213469645,-0.6980588963349051,-0.1929726218801253,OGLE-GD-RRLYR-01326
0.1732861784757831,-0.7171405013385916,-0.08910891089109328,2.2209900990099225,0.3602819010410224,0.5042082508616863,0.34098592168512837,0.20763719688659035,-0.1818658800873714,-0.9833233454261349,-0.9607770549519099,0.2773219260677645,0.16660173553322477,-0.23148388086514204,-0.7664298148814,-0.25119199504139744,OGLE-GD-RRLYR-01327
0.07370272148006823,-1.2870459448872162,-0.0853242320819056,1.7201365187713191,0.027172843284053998,0.5092250541858183,0.3116904990373014,0.1510294529685607,-0.10699903870389144,-0.9942591240297688,-0.9970552893310384,0.07668604838560526,0.013050136457859778,-0.13543556688719346,-0.7745037997374838,-0.29756946355447356,OGLE-GD-RRLYR-01364
0.2813794937630711,-0.7347765197820073,0.14117647058824218,2.072941176470607,0.5111889473691885,0.33477063477516117,0.21183261078988347,0.19215460797388592,0.1543076900221741,-0.9880228422460792,-0.9376964002175379,-0.34745569648384117,0.2831593210695122,-0.16729433898645546,-0.9547674339757779,-0.45296410025999045,OGLE-GD-RRLYR-01374
0.2587734128360348,-0.9884870486510375,0.0704225352113039,1.7531690140845184,0.19394496223454388,0.1230369454121499,0.0937978293395294,0.056743699055113735,0.28502242406268746,-0.9585208489028445,-0.09502796030249662,-0.9954746037748764,0.08732808928251962,-0.5766428625987094,-1.083225743711736,-0.6038878693885206,OGLE-GD-RRLYR-01385
-0.0793769379493289,-1.1726938127795157,0.11878172588831416,1.9242639593908453,0.02550984713279901,0.5007085287752716,0.26746203458605705,0.12753698536950644,-0.050301980737005515,-0.9987340540574021,-0.9954029089154636,0.0957760352208907,0.01556719616435451,-0.3779905167395227,-0.8225882640371195,-0.3243591150391709,OGLE-GD-RRLYR-01387
-0.2771296518047274,-0.9715310193460067,-0.2166666666666368,1.9116666666666646,0.13248209969868735,0.4378903050679605,0.2679029544880022,0.16050758000624674,-0.2845211052724798,-0.9586697766460183,-0.9168763768004891,0.3991712786075767,0.06448598403204761,-0.23171623371702546,-0.8397921100073306,-0.3383765907707732,OGLE-GD-RRLYR-01421
-0.08314092786217808,-1.0648565086669082,0.028054298642539367,2.020452488687793,0.022113318578165723,0.5094430734517772,0.3306426661767817,0.19429669979601413,-0.2831473928919754,-0.9590764067051578,-0.9269754865421945,0.3751219099837567,0.012862396880580227,-0.19795257751491427,-0.7632764580246457,-0.2532490709227837,OGLE-GD-RRLYR-01431
-0.025796244641523088,-0.8229426114426395,-0.10729613733904944,2.084978540772532,0.2006460381175858,0.45144462261306867,0.3061080283163608,0.18938471112899607,-0.4901167534635019,-0.8716567948306242,-0.8756061194399322,0.48302580013840174,0.10906114791856544,-0.23209110432973057,-0.8181091816624456,-0.31354248953088726,OGLE-GD-RRLYR-01439
-0.13273938290380327,-1.2071735769401446,-0.20765027322405177,1.6074681238615556,0.06734947448599934,0.4694647422800663,0.28682852648066814,0.14187377911292096,-0.13288304886849228,-0.9911317245065935,-0.9993223643689934,0.03680777189623074,0.050358912851984614,-0.2915372362349666,-0.8217983764160611,-0.3553152816041244,OGLE-GD-RRLYR-01444
-0.0010394117819130695,-0.8773101094480933,-0.1793611793611819,2.1248157248157407,0.0730252614265884,0.5068292992566659,0.36115721809464196,0.19907271651632716,-0.16535795024584843,-0.986233617501701,-0.9975441662129547,0.07004024881809776,0.010604243613651552,-0.37989807545647364,-0.8688112935555229,-0.3641143147187278,OGLE-GD-RRLYR-01480
0.20739660641801438,-1.1194715859373092,-0.06403940886700352,1.9605911330049304,0.023999442291243005,0.4610963181370485,0.23939126957384949,0.1066476291241669,0.1021356655565317,-0.9947704789655372,-0.9231319795931807,-0.3844832223288493,0.00806845496616461,-0.2579644676811337,-0.8985902334464523,-0.4001169279263125,OGLE-GD-RRLYR-01484
0.12396189528671926,-1.3005428034715736,-0.12068965517243914,1.7271551724138003,0.019374075729910352,0.32071420490910196,0.1290111947797846,0.052267750459329625,0.1741113326363179,-0.9847259739885028,-0.7924633437658011,-0.6099195428804736,0.007829374567491092,-0.07184280383613138,-1.1700512487802595,-0.6982106532312808,OGLE-GD-RRLYR-01488
0.2940902668628614,-0.5473761055887358,0.18284424379233288,1.9762979683973063,0.7064321289442552,0.4124388287564644,0.12132042806506786,0.12915229857711885,0.2659432753019499,-0.9639886795609538,-0.7389696000274119,-0.6737387700253912,0.3338469339729352,-0.08483079258425374,-0.8479151646790776,-0.35877384524451505,OGLE-GD-RRLYR-01496
0.5672985496531903,-0.7220896443114917,0.0,1.9999999999999563,0.07504699413967852,0.25451311485237255,0.09347699662905361,0.08442429808136172,0.7065503324680411,-0.7076627923589741,0.47701207055662953,-0.8788967428220889,0.04174154257574739,-0.02216820029053275,-1.1107140880005633,-0.6126101736612741,OGLE-GD-RRLYR-01504
-0.6732693041091461,-0.7187377001223805,-0.43362831858406803,1.9244837758112279,0.04260014629026509,0.5450706192420948,0.34163701793356926,0.22958217834090192,-0.5682208020305521,-0.8228761268500601,-0.5913003573215151,0.8064514166590872,0.03547131362581752,-0.4012111122722282,-0.6646823058516081,-0.18548604763175938,OGLE-GD-RRLYR-01510
-0.025054559407949806,-1.588684081919867,-0.1320754716981072,1.3018867924528308,0.07216761451062757,0.19262190100414073,0.09655690653511823,0.06777624691817398,0.08072758356142565,-0.9967362024389066,-0.9020354467124572,-0.4316619659806245,0.035585959474237545,-0.49504636716333716,-0.9856789032806064,-0.5590909179347826,OGLE-GD-RRLYR-01525
0.1407853610735821,-1.3971824776262973,-0.04347826086954992,1.4057971014492843,0.02185168284076974,0.20447180184241517,0.05327199102882478,0.04897536794806636,0.04815119955926982,-0.9988400582580793,-0.9786294320580596,0.20563179401473775,0.01012008359737291,-0.5701671488934952,-0.9801159129035113,-0.5361070110140922,OGLE-GD-RRLYR-01526
-0.27734130806958396,-0.608135257358398,-0.16296296296297816,2.199999999999995,0.08679378891004899,0.5228935663276031,0.41158072559356296,0.2670626377265056,-0.47447827268687376,-0.8802672144003096,-0.761026745720141,0.6487205039912118,0.05855697174253379,-0.264325129362719,-0.7384144607275053,-0.2262135550188082,OGLE-GD-RRLYR-01538
-0.41368422770921376,-1.0925364436439062,0.038869257950514845,1.6501766784452345,0.02626217854070317,0.36961032331406063,0.29619548704848103,0.21494559006682315,-0.4649170159187343,-0.8853542614734621,-0.44345213512764825,0.8962980552532344,0.03205421413317591,-0.22859160882002788,-0.7901940186433477,-0.33068311943388734,OGLE-GD-RRLYR-01571
0.032717702192194435,-1.4173820833801842,0.0,1.4885057471264431,0.1017365332259317,0.14017827648156564,0.04278777242679556,0.03652094204418714,0.08816820539787479,-0.9961056006051358,-0.8891415415851751,0.4576322967487525,0.04315250867480525,-0.5365554911162602,-1.0467921508706455,-0.5867002359187476,OGLE-GD-RRLYR-01579
-0.023974625373187956,-1.1063373212087533,-0.40053050397880496,2.177718832891227,0.08191307819579031,0.4850870268566236,0.3059351456435155,0.1221095189642578,-0.30811159003263816,-0.9513502236755713,-0.9924351415564849,0.12277006884318228,0.019068286310125276,-0.20477332615903965,-0.8828749949620873,-0.3866868385445415,OGLE-GD-RRLYR-01592
0.11146376998174937,-1.3825606069015781,0.17251908396944296,1.4900763358778586,0.3323827873456898,0.180899221555525,0.03758794700068241,0.031198651191886518,0.1374322886089483,-0.9905111640197231,0.9851145086646313,0.17189940319396688,0.1639746531564208,-0.6696030102244814,-1.0626353373968973,-0.612610173661271,OGLE-GD-RRLYR-01597
0.25167567115603573,-0.49906769926657146,0.2616580310880995,2.264507772020726,1.1547942168454157,0.19552282312653496,0.2914894156760942,0.16579931004892584,-0.3391965401901517,-0.9407155293302172,-0.6252858284153352,0.7803958180198994,0.5654522078149234,-0.24042307965690768,-0.5796323093906374,-0.05843887976392994,OGLE-GD-RRLYR-01628
-0.531509137177223,-0.2823748332384617,-0.08687943262412516,1.8409574468085097,0.16807120386304475,0.4312330574800636,0.3204485579776054,0.23735438498483774,-0.3876328813379603,-0.9218138365774463,-0.8083276880985303,0.5887328330009166,0.09298315249883422,-0.2745992334653341,-0.7509284203052518,-0.28470714165019123,OGLE-GD-RRLYR-01655
0.2504579690170456,-0.9076669484382474,0.1531531531531597,1.8768768768768858,0.37399001101525564,0.10048517015364498,0.11259358314112376,0.026140607563097603,0.3281329842326821,-0.9446315390979461,0.1275911907601249,-0.9918268437788994,0.18386070228749998,-0.4508642247664633,-1.0027031509014503,-0.5051499783199059,OGLE-GD-RRLYR-01672
0.19098072106101588,-0.46435505660471366,0.15940366972476713,2.1581422018348824,0.7170796972216463,0.40381022077516165,0.40781018352689136,0.2119112648551346,-0.38089850460326824,-0.9246168553465777,-0.7580731643858172,0.6521695158761055,0.38335982071497704,-0.23539754144435776,-0.5333526083574309,-0.02643345340698407,OGLE-GD-RRLYR-01673
-0.19238227604423133,-1.1761622575796993,-0.23285899094438256,1.7865459249676676,0.07902542730028324,0.5320595890740647,0.2918537666527999,0.20723965152029922,-0.3984053832344892,-0.9172094366118241,-0.9054170429299706,0.4245232365512491,0.03206196024679881,-0.3818326194997813,-0.6286152491434024,-0.16083631708534984,OGLE-GD-RRLYR-01686
-0.2930953973221777,-0.763905193460507,-0.1927398444252251,2.3232497839239503,0.3635646718713736,0.543590894476002,0.2905510036354662,0.12440338133901961,-0.2933361074287491,-0.9560093765641368,-0.7417843025323428,0.6706385378999672,0.13808895338310453,-0.18165681651404852,-0.691260630163474,-0.17263072694617437,OGLE-GD-RRLYR-01700
-0.48382111728956806,-0.5637865021575275,-0.3523421588594744,2.1837067209775882,0.08241127401988996,0.4987354953844572,0.3633014863890831,0.19713205704136638,-0.4648421854238294,-0.885393552410677,-0.7739095373867715,0.6332961613193258,0.05166914429547885,-0.27157535664184274,-0.7754064149616569,-0.2707541927746953,OGLE-GD-RRLYR-01701
-0.5330206372418484,-0.9526165200193337,-0.3108433734939712,1.8698795180722925,0.050195441351117816,0.48379833543285916,0.3610267792896383,0.2815151250605634,-0.6294248293244371,-0.7770613773891373,-0.3414580507434972,0.939897015413099,0.0541262643692988,-0.3301224232808407,-0.6003148853856115,-0.11013827874181167,OGLE-GD-RRLYR-01737
-0.30039308056223835,-0.5423755900015204,-0.07300509337861878,2.0828522920203736,0.22668002327794234,0.4294750605085474,0.3169692374879373,0.22700535396509786,-0.23957162836845727,-0.9708786921551456,-0.8586713960198926,0.512526519955064,0.13653928425052145,-0.2872786204489451,-0.7100954981093135,-0.2122562283535343,OGLE-GD-RRLYR-01740
-0.4595274176258794,-1.0030420980883934,-0.4224924012157919,1.8322188449847996,0.1791631500876242,0.48743599900739354,0.2745825710729444,0.17675094831362798,-0.5702697235045256,-0.8214575110461112,-0.6049180363085305,0.7962877428094893,0.08727916992166282,-0.3439211834847684,-0.6971926761999967,-0.21982675635740564,OGLE-GD-RRLYR-01761
0.2800096623528055,-1.0662554283093773,0.13483146067412188,1.7528089887640435,0.20889530890944866,0.1465197878893747,0.029477839570573896,0.03315039924674687,0.0698198950373555,-0.9975596133850712,-0.5685543699671642,0.8226456882469153,0.10576081643576507,-0.5403642397618204,-0.9673471573288587,-0.5058454059815556,OGLE-GD-RRLYR-01771
-0.437837527301964,-0.7737216488027356,-0.2978723404255394,2.1702127659574133,0.294742905497241,0.5018622151889691,0.4701119699131377,0.2627436504886667,-0.5746066896363935,-0.8184296867936215,-0.5669247537369997,0.8237695816186965,0.1507229228185776,-0.19959423412658112,-0.71315955124255,-0.21324857785443999,OGLE-GD-RRLYR-01781
-0.03532069808817941,-1.0847367704513584,-0.15053763440859516,2.0591397849462325,0.04270540346954137,0.4495882832658125,0.26128509545307116,0.11327637640067609,-0.06657765561854717,-0.9977812464525169,-0.9999168168823386,-0.01289803535007543,0.028697158945300408,-0.15775185535383512,-0.917026411205794,-0.41680122603137826,OGLE-GD-RRLYR-01788
0.17842487243076974,-0.8318790807382577,-0.02664796633941829,2.1750350631135733,0.19031768163039234,0.5167857559693425,0.2738234018715469,0.09782196320377633,-0.18442062364691017,-0.9828474111344471,-0.9974680291194656,-0.07111631939666826,0.08156438867188753,-0.18728256771866983,-0.9183308201490756,-0.4115041989927913,OGLE-GD-RRLYR-01804
0.23125992963065817,-1.0994830645454898,0.061583577712570434,1.7090909090909003,0.09598871322432008,0.44357922893421803,0.26858770997244336,0.1458136518425846,-0.07702440817628886,-0.9970292074684134,-0.9992657845751206,-0.03831307580276718,0.052799085717947496,-0.20431906717826093,-1.0097615392100543,-0.5355104525660295,OGLE-GD-RRLYR-01811
-0.5021903894353985,-0.8320848225879351,-0.2848101265822774,2.103164556962015,0.02360787819295473,0.48655028668991923,0.36993483893510587,0.24883411084451687,-0.5545683697920337,-0.832138163543895,-0.649180974663446,0.7606339869707495,0.033663905184749626,-0.29507631225091796,-0.682768053805962,-0.17743966305730888,OGLE-GD-RRLYR-01823
-0.37703042945828796,-1.0497206236199876,-0.03078450844090543,1.9789473684210592,0.03747511467095665,0.40297823921341774,0.339240273462841,0.2525830005709081,-0.45287814059947457,-0.8915724254188004,-0.6337393654392561,0.7735466480391787,0.03230638127588718,-0.20559255974211105,-0.8030378595441308,-0.30259627679951173,OGLE-GD-RRLYR-01827
-0.14005188675390554,-1.4126291541229228,-0.08823529411765137,1.5058823529411942,0.06509666522923772,0.14299845713785894,0.05915522150020954,0.05197914604340352,0.009962124689565786,-0.999950376804604,-0.9570811248453548,0.2898201519300383,0.03135517337335069,-0.6095299428205772,-1.0533631059465711,-0.5917600346881501,OGLE-GD-RRLYR-01832
-0.27542977507329525,-0.8215167324537265,-0.173116089613022,2.2325865580448,0.32605576932446334,0.5357540036858529,0.43670917965924194,0.2519505918613414,-0.3431693953316011,-0.9392735310375478,-0.9352635536748352,0.3539520944527928,0.1439169141892025,-0.23418060066632335,-0.7809054854484533,-0.26114019792780135,OGLE-GD-RRLYR-01837
-0.7547538225136755,-0.6302356999364451,-0.6098622189992683,2.1302393038433647,0.02396477442109156,0.4818789543255781,0.4076896719550512,0.29618267002160364,-0.5378441509411664,-0.8430442866767889,-0.510075179133685,0.8601298225452592,0.048477762147415185,-0.32361034742373435,-0.6394624614508232,-0.13406733180681243,OGLE-GD-RRLYR-01839
-0.46669552404836273,-1.004334343032351,-0.33386327503973307,2.0694753577106417,0.02451050469464688,0.4929544391590062,0.4011071286097858,0.2727344687826224,-0.48162828009565595,-0.8763756042999488,-0.6922859492878274,0.7216232842824929,0.037097688880275294,-0.2831178575653259,-0.6784941280177399,-0.18651909081510556,OGLE-GD-RRLYR-01841
-0.05810101330542521,-1.4193413487583026,-0.09210526315788982,1.4552631578947246,0.04648933268682578,0.1363300101240457,0.03300209195282225,0.03582377852075926,0.0803495561329726,-0.9967667474536027,-0.9718680200596247,-0.23552611656753664,0.02100114995283037,-0.49204311937852646,-1.0971018702537332,-0.6552148773673401,OGLE-GD-RRLYR-01843
-0.044207310762131274,-1.0199716848488052,-0.05717367853293001,1.9324703344120933,0.0922477976529752,0.48794429048586946,0.2852662147392287,0.1680076676861906,-0.2041675519397988,-0.9789359584441208,-0.9758051059378374,0.21864216250679064,0.05173040958882492,-0.23635935903933128,-0.8418345991768454,-0.3488674214495196,OGLE-GD-RRLYR-01852
0.3205809602970798,-1.1262375866949765,0.25813449023861207,1.7392624728850536,0.13647550767551897,0.3986724825070934,0.2584029778201203,0.0990952894353434,0.10140611580511695,-0.9948451134107857,-0.9290735387006709,-0.3698950657770564,0.0670111927355929,-0.17970671106663436,-0.8720838264177941,-0.39696394374947447,OGLE-GD-RRLYR-01863
0.18800327187173155,-0.859523459597249,-0.021052631578935558,1.9178947368420916,0.2616987197988396,0.45475995856536555,0.19363097282887207,0.1390731550159334,0.00039864275954686697,-0.999999920541972,-0.9883713305657919,-0.15205957028614228,0.1258803731936151,-0.2114305090785235,-0.9342294424298094,-0.4384216316990396,OGLE-GD-RRLYR-01892
-0.712718339884966,-0.7406427106054565,-0.24103209565763373,1.7344241661422262,0.04821110926570321,0.42019266744858275,0.296690755108118,0.21305657293226743,-0.5908946710419145,-0.8067487141199964,-0.2928454902835028,0.9561597768263497,0.04468197199472482,-0.29611942183245427,-0.6349159171095652,-0.16178077809237304,OGLE-GD-RRLYR-01893
0.2707412305062062,-0.2620417654280649,-0.05567010309281498,2.5632989690721715,1.066699403962189,0.669173663747563,0.2669094587537316,0.20701679702678838,-0.3093127221550667,-0.9509603776777571,-0.9682887127256244,-0.24983388242620952,0.48918461713231487,-0.23204177226345146,-0.7275152869827711,-0.2064889942071416,OGLE-GD-RRLYR-01896
-0.5830291472878562,-0.9073890417310317,-0.06114130434782805,1.804076086956516,0.036611029989343416,0.46377051568518407,0.36896210716191463,0.23802275766460015,-0.5374334106895257,-0.8433061893966056,-0.5430026036026084,0.839731011979901,0.04562641688567911,-0.3092716682744796,-0.6423591369187369,-0.1778973313530785,OGLE-GD-RRLYR-01901
-0.48476254495071713,-0.23908116509403277,-0.09026963657678551,2.5324736225087916,0.1416009078450325,0.4566545659822654,0.37274588991494184,0.22190203427229427,-0.34459622256172745,-0.938751001808354,-0.8790997080766304,0.4766379163050116,0.07842203175883057,-0.22954510766120578,-0.81612963536019,-0.26756602958657544,OGLE-GD-RRLYR-01907
-0.08549760196131209,-1.1201453787578597,0.13498622589533513,1.7606060606060603,0.10387170614987314,0.31918198710787415,0.04950369108291853,0.011775124857944273,-0.16583935634461072,-0.9861527812094865,-0.6445762166336109,0.7645400584340237,0.0462339134581348,-0.5102037155749516,-0.9718865652212881,-0.495461178115426,OGLE-GD-RRLYR-01934
-0.358222810761167,-0.9406841826976198,-0.4810238305384096,2.0718446601941896,0.0728541118734697,0.5008216165670297,0.3562967705095733,0.22821973397606254,-0.41385862564130604,-0.9103411657078292,-0.8278288400676681,0.5609807586292236,0.05325421961147986,-0.1994559593160063,-0.7288570630863712,-0.23147289108128488,OGLE-GD-RRLYR-01957
-0.5686886042340221,-0.7086198946045497,-0.3925311203319499,2.014273858921164,0.48717616781743595,0.29215563217646334,0.053078747130594274,0.05705910338831465,-0.7001265732115134,-0.7140187542936833,-0.3913951896709606,0.9202226934293855,0.2062722123194123,-0.28410830945375837,-0.7024313161738148,-0.21695442788530728,OGLE-GD-RRLYR-01958
-0.07707677258065597,-1.3853965715275975,-0.2882414151925241,1.5094693028095698,0.0965657117954678,0.3058071427166924,0.09295390335225685,0.009890002709621409,-0.24936596515708487,-0.9684093222502949,-0.9999999649864342,-0.0002646263977253463,0.04642679214366231,-0.51526045013482,-0.9102806287773014,-0.4405123182022366,OGLE-GD-RRLYR-01961
-0.5065610397617966,-0.5341742687697653,-0.09601873536302358,2.0922716627634506,0.2628006912111699,0.38530498661005785,0.20025083658463438,0.02683797489364301,-0.3418192402614898,-0.9397657192018966,-0.7159362569975153,0.698165650770924,0.12673070371790987,-0.25699875932996025,-0.8372002781179789,-0.349984047528165,OGLE-GD-RRLYR-01969
0.03393606015627404,-0.5707249414264215,-0.2742537313433234,2.3746268656716607,0.16432759282008932,0.589203930715577,0.4050825285854268,0.3653628358830459,-0.45423147722441665,-0.8908836989745206,-0.9635450017313952,0.2675463130720465,0.0913366518226868,-0.2037727068000333,-0.7062985896005066,-0.19626982902545725,OGLE-GD-RRLYR-01980
0.09239244547898037,-1.483869500530388,-0.029702970297030798,1.4070721357850127,0.03460561869341613,0.0962915461737247,0.08266394363869962,0.017394950134755168,0.2787668959150326,-0.9603587963578495,-0.6397472182005299,-0.7685853868014169,0.012518171330635321,-0.4806623534265767,-1.0520572058526472,-0.6043242147300618,OGLE-GD-RRLYR-01983
0.3690678731530064,-0.939229740694739,0.12538226299697905,1.9079510703364189,0.2152697307298392,0.15972366733316504,0.07880295429875481,0.09805191027023613,0.16104081120224703,-0.9869477479215008,-0.39452004500053905,-0.9188873348200924,0.1184726256092675,-0.46414368702983594,-0.9946458671861514,-0.5059150100336236,OGLE-GD-RRLYR-02004
0.05699637850963492,-0.7417309146319822,-0.15725806451610563,2.129435483870952,0.40068341489980824,0.5296565644945288,0.3789233887856665,0.23946337333828963,-0.32857449447834086,-0.9444780577537536,-0.9403495577888088,0.34020980169065046,0.19978656130675923,-0.25703925914333864,-0.7806156949977308,-0.27728383251150646,OGLE-GD-RRLYR-02014
-0.735392830627718,-0.6274268862220511,-0.321192052980141,1.9870860927152618,0.10579031608956664,0.44918432251420515,0.22898514648635596,0.07672820786925949,-0.7087582521973789,-0.7054514440711824,-0.16646377307348192,0.9860475709894225,0.052533247158320036,-0.34497777372525307,-0.7074034032800185,-0.22177637323390265,OGLE-GD-RRLYR-02059
-0.615014109477558,-0.5653890257401804,-0.42177493138152905,2.217200365965227,0.0960136769632863,0.5001850557327099,0.3876069916940238,0.23098875666719465,-0.4968751783613881,-0.8678220192691234,-0.7517217163876693,0.6594804478611754,0.06496694112203286,-0.19613659939944558,-0.7383038123309973,-0.21763488777433035,OGLE-GD-RRLYR-02072
0.11808039802105712,-1.4826986622759937,0.0780780780781082,1.5090090090089772,0.10239066486144063,0.10166064201408827,0.09263843588873688,0.06788699098020777,-0.08234994478743898,-0.9966034751060754,-0.791598588286373,-0.6110414675151117,0.042827469841115344,-0.47150996586253235,-1.0490457334933463,-0.5998939295714567,OGLE-GD-RRLYR-02073
-0.13318301125596194,-0.8905905837899941,-0.08639705882352333,2.0523897058823413,0.2980877286160428,0.4168090171965674,0.2501926446742158,0.12144625483342604,-0.37125170968606225,-0.9285322654895606,-0.7516036280196116,0.6596150288977332,0.16442313859297694,-0.22270525511626785,-0.7496723747853576,-0.25317126825652364,OGLE-GD-RRLYR-02089
-0.04928326024636819,-1.5347948570077428,0.04576659038900642,1.3574370709381993,0.03857057573247611,0.20503969674265266,0.0908447665611192,0.04017323173837956,0.040692920100045916,-0.9991717000864923,-0.967733064535531,0.25197760972886013,0.01883598435076411,-0.5789582395011645,-0.9646065979075278,-0.5278288533076372,OGLE-GD-RRLYR-02094
-0.42037962361316883,-0.9152530199107596,-0.19628836545323197,1.9094932191291911,0.0379142817894014,0.5098209126092584,0.3416242521710362,0.2615505379012764,-0.4316833066519387,-0.9020252339918481,-0.8018430662764182,0.5975346827293222,0.04272597668558502,-0.2642961159143849,-0.6682398475834376,-0.1747037355690417,OGLE-GD-RRLYR-02105
-0.6518158657362968,-0.7332989347639223,-0.24390243902438039,2.072357723577231,0.059423485768895126,0.45332921814366317,0.35898507967511856,0.25990963015049573,-0.6048929571445786,-0.7963067941421115,-0.4855308251100931,0.8742195478642149,0.06682233991162624,-0.3225250435902717,-0.6092376757535869,-0.11650890981107134,OGLE-GD-RRLYR-02114
0.04209300323430165,-1.3460300544704835,0.17272727272725863,1.4909090909090958,0.15468252582558292,0.20245045106639006,0.08930616819702386,0.08919212552535052,-0.04629739237486239,-0.998927700816875,-0.8216349607361183,0.570014027280169,0.07326439031000935,-0.5377683387860417,-0.940333191792576,-0.48412615628832173,OGLE-GD-RRLYR-02117
0.08881872763975518,-0.7554656285084214,-0.18769230769232773,2.1836923076922607,0.30467495691892643,0.41201066228850197,0.1861048219235944,0.04835292886523505,0.17589270346019392,-0.9844093441599711,-0.8645412837326596,-0.5025618058725563,0.14836416971258795,-0.2857394897547563,-0.9765535329841292,-0.44995519043509985,OGLE-GD-RRLYR-02118
-0.4507170986800584,-1.0453095082525776,-0.14591700133868096,1.8959839357429717,0.03404100032541188,0.5043804329731848,0.38309765491448083,0.25983921859224196,-0.5306856963453782,-0.8475686943808277,-0.6287945722728234,0.7775714667348829,0.04355490713503648,-0.3098513670195672,-0.638538573843144,-0.14987474051306396,OGLE-GD-RRLYR-02125
0.11428589263857893,-0.5158572234380148,-0.02890173410407481,2.321194605009646,0.8231351554185075,0.40235656663774844,0.360054028133244,0.18984984161546337,-0.3650721439292475,-0.930979231630278,-0.9816974974128219,0.19044690486695381,0.3915534625204928,-0.23291237176702334,-0.7253444997078773,-0.22015108532216318,OGLE-GD-RRLYR-02133
-0.11081560366091814,-1.1525988327734915,-0.2424242424242317,1.8433155080213586,0.05660365481752787,0.4705706389139826,0.2979675858760101,0.1656750805481289,-0.22914616564213144,-0.9733920252249393,-0.9542059852596199,0.29915035967673187,0.029353996058534036,-0.21888595219289733,-0.7788408070329517,-0.2864674575363732,OGLE-GD-RRLYR-02153
-0.012618534297583021,-1.2677638101091322,-0.1269035532995195,1.664974619289332,0.14146650689542437,0.25333732581816576,0.06037992548915985,0.023106101390371024,0.04562929039517037,-0.9989584415069694,-0.9079135251044025,-0.41915752520084565,0.05950841060821336,-0.18801511442736302,-1.2576302306183083,-0.7851561519522982,OGLE-GD-RRLYR-02167
-0.35944694948818046,-0.770736086239963,-0.2424409015942855,2.109070918086865,0.32765346806856166,0.3380553246924403,0.3354769552314426,0.2843906401870645,-0.6268672963495432,-0.7791260442107002,-0.16971208819886272,0.9854936870011809,0.16766033201442065,-0.30672380829841467,-0.5237122443258513,-0.018136109008651483,OGLE-GD-RRLYR-02168
0.03590830230912157,-0.9809549870546368,-0.03473491773309884,2.035466179159005,0.1171234092519995,0.3883325900483855,0.1355709997253219,0.08835199684983686,0.08273074073558112,-0.9965719364588499,-0.9836574653503968,-0.18004996767684522,0.04570111560183845,-0.1644732296239007,-1.0548426602323056,-0.5554087743570433,OGLE-GD-RRLYR-02192
0.07885610260581709,-1.5073667036965166,0.19275549805952716,1.3573091849935248,0.06474547899840692,0.10372012874319819,0.09637356163737924,0.0509175614775199,0.07330049620159158,-0.9973099003101296,-0.6656125197151426,-0.7462975101113891,0.030022268438078613,-0.5111787374617089,-1.0209460062117972,-0.5812017094096469,OGLE-GD-RRLYR-02203
-0.3855724471744707,-0.8941338925795921,-0.32881355932203643,2.1959322033898183,0.0319011812987354,0.5412333968991878,0.359108274909757,0.23543069841654768,-0.44347333982925735,-0.8962875637097081,-0.8443310175436683,0.5358219226699049,0.03109185768437156,-0.29263470593692004,-0.7017831162497283,-0.18855905632584177,OGLE-GD-RRLYR-02209
0.2798337981080512,-1.0122552410852717,0.026713124274128714,1.7616724738676368,0.47920909475550255,0.17837921685782424,0.058202724430425797,0.05156453007293532,0.4765042740296411,-0.879172154263023,-0.8643921556334899,-0.5028182586972042,0.2669158742538205,-0.4557019769697022,-0.9073671665493382,-0.4211316713339663,OGLE-GD-RRLYR-02217
-0.018512497908914377,-1.3129887849779738,0.02374670184696674,1.6158311345646557,0.1289984586383511,0.15212457410335545,0.08783714923846835,0.036935193034164156,0.2700863236233107,-0.9628361115951376,-0.9249897499733116,-0.3799920557647362,0.06005573644562306,-0.40486836375737556,-0.9850058026622478,-0.5139948136377571,OGLE-GD-RRLYR-02222
-0.8524008367523002,0.0701157189505075,0.03816793893129909,2.7290076335877855,0.09249365021325706,0.53657677884671,0.38458950781342444,0.22627591504681108,-0.48114202188824395,-0.8766426608221235,-0.6386769234646416,0.769475007673245,0.02792565913418686,-0.3012730079740399,-0.7774145029851475,-0.2706326948072187,OGLE-GD-RRLYR-02240
-0.27599933691753936,-1.1046119646339225,-0.2789005658852064,1.8478577202910302,0.09067577727752342,0.5011997116669739,0.3628808197853447,0.23218005778771,-0.4371832353882368,-0.899372458270473,-0.8997298856807271,0.4364471707010435,0.055848666707066556,-0.2577517312911685,-0.7327365462323471,-0.24302176294857974,OGLE-GD-RRLYR-02292
-0.4090184314176029,-0.9951346224746627,-0.1830985915493039,1.9746478873239581,0.03340203491252846,0.4692945151287308,0.38357333974196106,0.23646051192308756,-0.5415380345192011,-0.8406762499137707,-0.6407352425125145,0.7677619090593315,0.036223326602734716,-0.21218462593575546,-0.6955666185910321,-0.20003947259401614,OGLE-GD-RRLYR-02293
-0.01028968429284225,-0.3406267398125604,-0.20863309352518022,2.2482014388489313,0.6834479244491628,0.5387392512364637,0.3854479222701194,0.156366960201693,-0.849556819914963,-0.5274971182252801,-0.3896720868060103,0.9209536713452252,0.3685393225934867,-0.2688752269063225,-0.7036465389646771,-0.2041199826559248,OGLE-GD-RRLYR-02298
0.08739940126717907,-1.4085848361863282,-0.05069124423964447,1.3502304147465483,0.058106215556545916,0.23349721914264066,0.07374430336454871,0.07282617855589542,0.2199740457908644,-0.9755057248311764,-0.9456665763768511,0.325138011194762,0.03569974490784927,-0.5385503378467735,-0.9711538845264139,-0.5331323796458917,OGLE-GD-RRLYR-02302
0.030827225814724846,-0.44117038026836664,-0.08849557522124264,2.20796460176992,0.8281141634940723,0.28278938359313766,0.3118790556166281,0.19810054446239875,-0.6888970352485864,-0.7248592103475736,-0.644641216899653,0.7644852526204378,0.38761048015877314,-0.28052702683607705,-0.6186118794732226,-0.12580819532092888,OGLE-GD-RRLYR-02303
0.022002480822294296,-1.0759534096007686,-0.11746031746029004,1.8031746031745686,0.2346266185503328,0.12691151232224854,0.05385218584416049,0.05969040135882322,-0.41047896609925105,-0.9118700666159022,-0.6089294609252576,-0.7932243765904293,0.10947407968701799,-0.5096231129077698,-1.0244776100636463,-0.546681659952964,OGLE-GD-RRLYR-02314
-0.7315755153718252,-0.7813819161780002,-0.4273504273504222,2.200854700854698,0.020337974570575457,0.517312005349549,0.40561638972965525,0.2931418280530503,-0.6047349575265444,-0.7964267895703714,-0.5173937971320368,0.8557474269253122,0.049326016353326306,-0.34589379833900685,-0.6047439743070259,-0.11210151190312727,OGLE-GD-RRLYR-02322
-0.32495579835468485,-0.9201805171053645,-0.182266009852221,1.9083743842364231,0.2545082381815342,0.3708048021784528,0.23130255798413069,0.11875909598858084,-0.47515869213719764,-0.8799001177897795,-0.3331672570006019,0.9428677419780014,0.14183287892144492,-0.4493873746320749,-0.7356086224078726,-0.2357491245612273,OGLE-GD-RRLYR-02376
0.16092294909556312,-0.26853316968319385,-0.10018903591681973,2.2472589792060655,0.555144585071387,0.5433845328527555,0.4706488337459604,0.35885003189631093,-0.49822282801976586,-0.8670490260879063,-0.8576548851221112,0.514225726725315,0.2454632714125073,-0.25905195245818163,-0.7321962612484806,-0.22592119924748094,OGLE-GD-RRLYR-02401
0.1451840149643456,-1.0472325081702991,-1.8265880096660538e-14,2.161439588688925,0.03562450367761786,0.48408602106158277,0.29574521941922693,0.13690479294417077,-0.029083746037587115,-0.999576978384567,-0.9933802532922985,-0.11487241779003725,0.021118587583557585,-0.17553213274909915,-0.8761843283100633,-0.37633729264379645,OGLE-GD-RRLYR-02409
-0.46381859644328455,-0.9531444738293189,-0.4545454545454453,1.7298701298701238,0.35742759445607275,0.4280748864344091,0.1432030829051578,0.09037489605103777,-0.7259651369943717,-0.6877315027456159,-0.8865729825560418,0.46258874456874155,0.15352221614009226,-0.3132204729334234,-0.6480298064107148,-0.1765257708296987,OGLE-GD-RRLYR-02419
-0.48613928822859126,-0.8957322267799808,-0.21296296296295988,1.803240740740739,0.0653323348960665,0.5720281589328959,0.3458981781403967,0.2369112633578387,-0.427750507604831,-0.9038968432535924,-0.791620826371268,0.6110126571972718,0.06225638678938265,-0.3687917473855735,-0.6068087364655632,-0.10846254232743559,OGLE-GD-RRLYR-02432
-0.3021750142437105,-0.5878732021160373,-0.11627906976745339,2.20930232558139,0.4587271735060978,0.5123045767946515,0.39341812152100003,0.19299390941403427,-0.25685867321351347,-0.9664489753706573,-0.7723680999419335,0.6351751870091333,0.22101237746948935,-0.27498639936287894,-0.6801464097877425,-0.17717835469689364,OGLE-GD-RRLYR-02439
0.06008916745294119,-1.1373433796287284,0.007751937984505624,1.7116279069767544,0.14993167586611458,0.47980311944467074,0.21457270523383368,0.20647711094772894,-0.04314119514894762,-0.9990689852463245,-0.9863662912539133,-0.16456469693710232,0.07419743110973961,-0.27024127328176556,-0.8267803741547877,-0.3549709352788564,OGLE-GD-RRLYR-02442
-0.44516153662417046,-0.5399702476137516,-0.22297297297298188,1.9114864864865007,0.39549329053294935,0.343474893616661,0.11467347284643734,0.05265356401215225,-0.6622607840117112,-0.7492734173585726,-0.23070745022378106,0.9730231612922899,0.1858061127275645,-0.26448646671697296,-0.7392499214078233,-0.2473370568790257,OGLE-GD-RRLYR-02462
-0.5685057707150982,-0.7231524184519054,-0.2825112107623302,2.3064275037369057,0.025834118443698345,0.5208396179052255,0.3740917485263665,0.2659055557224274,-0.47636515194304113,-0.8792475430811754,-0.763002947973315,0.6463950041453218,0.035700200862811275,-0.28437141370402974,-0.631002752266856,-0.11266406960083314,OGLE-GD-RRLYR-02465
-0.3668297980478378,-0.8958884198688644,-0.07507507507507116,2.0370870870870914,0.044132710083651695,0.5141304189732249,0.3816812022136792,0.23892259779398436,-0.5146143360644326,-0.8574217661786778,-0.6519080925143799,0.7582979882040192,0.03589291850921065,-0.3101151547161258,-0.6764113576208981,-0.16854617066342037,OGLE-GD-RRLYR-02475
0.06542678592995325,-1.5810764622998754,0.15732758620685194,1.3071120689655145,0.19077340299311202,0.166125621705185,0.09697991688018089,0.07734264060184015,-0.04484707538313753,-0.9989938637597225,-0.8136540361078519,0.5813493867936926,0.044486685765676756,-0.48737737776277296,-0.9329021953795686,-0.5181991904613916,OGLE-GD-RRLYR-02476
0.12250355422965507,-1.4546680066151503,0.19125683060109386,1.4043715846994531,0.018651260029684574,0.10526863187791123,0.0657758763162271,0.024406993277277363,0.13072863265363532,-0.9914181885584462,-0.7389823736268503,-0.6737247594298627,0.007683408859440726,-0.4867793758675162,-1.0289396302447484,-0.590066876668706,OGLE-GD-RRLYR-02495
0.015347655969857535,-1.525967987305173,-0.05831533477321934,1.3848812095031955,0.060020184778240046,0.09018365772792591,0.04616246910249754,0.02541737590479994,0.11061944598580806,-0.9938628366982,-0.4895549573337567,-0.8719724443753619,0.027875653950837083,-0.6323581911075563,-1.23801608793736,-0.7950664776458615,OGLE-GD-RRLYR-02501
-0.6586544282047428,-0.6217111064249936,-0.34798534798536596,2.3491575091575245,0.16378894925553514,0.49534774240057833,0.3243366789899305,0.2126219281529501,-0.5682161625068672,-0.822879330561881,-0.38130538697702054,0.9244491342752745,0.10483252224031758,-0.3371766042420935,-0.5858990011807331,-0.0960152030949762,OGLE-GD-RRLYR-02515
-0.26092349416038796,-0.9495857423049849,-0.21844127332602853,1.845664105378698,0.1970317061655422,0.47014894419051867,0.3689496099491999,0.1388668014910285,-0.39466238758712696,-0.9188262076279868,-0.8725739253457125,0.488482082380485,0.07587249681728046,-0.22025764059525973,-0.8746031591216096,-0.37638894824681923,OGLE-GD-RRLYR-02536
-0.1456441284261542,-0.9624346573647893,-0.025423728813560597,1.9025423728813862,0.18075099025657612,0.4686513567154753,0.31612627792190373,0.16685313903684956,-0.249844644128893,-0.96828593597145,-0.8472247962553434,0.531234547643592,0.07943744423879254,-0.22345989796171892,-0.8409095603758412,-0.34775365899667526,OGLE-GD-RRLYR-02542
-0.618661472120535,-0.5512612144401188,-0.30203442879499076,2.159624413145558,0.2276091363123689,0.4169585399373044,0.24381428507198094,0.14888781066723883,-0.6800653497373331,-0.7331514987276769,-0.46057553446357513,0.8876205141013767,0.11547890031906981,-0.3363825594974622,-0.6644421915239839,-0.1611509092627439,OGLE-GD-RRLYR-02544
-0.29237788079578253,-0.7932741844399844,-0.0874524714829015,1.8266159695817354,0.12910202543704888,0.4426882195305496,0.388703082579492,0.19154061548766502,-0.512073477314635,-0.8589416475121566,-0.7809249554675677,0.6246248585575004,0.0774986124913061,-0.24304675203491963,-0.7983212514418391,-0.318397001269132,OGLE-GD-RRLYR-02545
-0.4271192903150418,-0.7448760306480704,-0.2635379061371846,2.171480144404317,0.07187749687237026,0.5067797156746656,0.376553544344615,0.25847270612318396,-0.4376912064408529,-0.8991253571134287,-0.8044632007142437,0.5940024904801279,0.054136849358699085,-0.277919604434368,-0.7351184475077034,-0.22076436832413796,OGLE-GD-RRLYR-02547
0.1026176207008309,-0.6381479070070584,-0.10289017341040281,2.228901734104046,0.7754776474079543,0.40890911750246833,0.25349908880980665,0.20021912064982858,-0.42968233235229175,-0.9029801178676609,-0.44132849154155174,0.8973456204571673,0.3371660134330031,-0.30920324540843713,-0.5285617479181919,-0.01592296609716824,OGLE-GD-RRLYR-02551
-0.7515592447217978,-0.6508477079464425,-0.41076487252125765,2.2243626062323063,0.05549275842878471,0.449797849751382,0.33111819835282136,0.2517948133120471,-0.6127197091935369,-0.7903002960683917,-0.3859454460007882,0.9225216055525489,0.040832821983908967,-0.3269958103031662,-0.596107394538086,-0.10501970907203158,OGLE-GD-RRLYR-02578
-0.05236263817050671,-1.4008457377663452,0.07918552036199991,1.4785067873303306,0.0587443663533565,0.06044648995712426,0.050655199156682935,0.05383538943197829,-0.560590158657021,-0.8280933969166135,0.6446118250088864,-0.7645100359437493,0.023004284113314354,-0.4540337512824883,-0.9436263529377567,-0.4857844037474174,OGLE-GD-RRLYR-02582
-0.6200452781905323,-0.7868096734587517,-0.2958115183246078,2.041884816753941,0.09786257997762202,0.45328431819422876,0.35211357380763086,0.24262035144254004,-0.6416631390763339,-0.7669865813367959,-0.43697905140494325,0.8994716830635837,0.08193269288982272,-0.32063460813121236,-0.6107013171104534,-0.10790539730951897,OGLE-GD-RRLYR-02586
0.16755836960818712,-1.1611932303857642,0.26285714285714357,1.7102857142857555,0.16760060899188517,0.11996758046535676,0.049529053676328164,0.08454122224770143,-0.11652441620165876,-0.9931878273664365,-0.5057541485539836,0.8626776577728411,0.06722590224141461,-0.457368754789811,-0.9956956223101034,-0.5238932831598052,OGLE-GD-RRLYR-02603
0.042837348569574066,-0.8907535953873422,-0.10518053375197367,2.2301412872841433,0.020506613756352193,0.455989000331449,0.2492130934580228,0.09779706607171645,0.018640370603581913,-0.999826253197905,-0.9731363872948092,-0.23022938935506712,0.013560131133038453,-0.2999246734349864,-0.9657730803460051,-0.44958818099192605,OGLE-GD-RRLYR-02610
-0.17048859029399022,-1.1445679910500333,-0.003322259136216683,1.8332225913621256,0.014090690150901591,0.507610474679715,0.32142759004733645,0.17286614057235944,-0.09226049489369632,-0.9957349050234054,-0.987506298654342,0.15757953584777915,0.012856694507957907,-0.19366956904329882,-0.7445498504180917,-0.2582183038568333,OGLE-GD-RRLYR-02613
0.06665145157044468,-1.4284553719157338,-0.005524861878479354,1.4272559852670026,0.10897416074725426,0.13499017723525492,0.053890048101365766,0.1034084807821689,0.13608845717895218,-0.9906966901240019,0.3354324084496456,-0.9420642755999561,0.037859036951524754,-0.6125702346446107,-1.1545283672911961,-0.7127582888216569,OGLE-GD-RRLYR-02617
-0.2650960242085133,-1.0469898605815446,-0.05253623188405176,1.7673913043478324,0.10063963394202038,0.4425212654229392,0.19840043235559351,0.13206161039447648,-0.27383609825699123,-0.9617763728078308,-0.8026816479254386,0.5964077230248634,0.05107968457834549,-0.5274712859742834,-0.7918713830810394,-0.31175820402228976,OGLE-GD-RRLYR-02631
-0.6275388858481156,0.42770085748237996,0.00792393026940642,2.549603803486532,0.572521628644004,0.4114844457651,0.22937922021177395,0.1280952333379549,-0.2501379370259708,-0.9682102108841816,-0.5275188490358648,0.8495433266831518,0.2871185471154462,-0.23010096248979878,-0.9068957664669208,-0.3955579337392763,OGLE-GD-RRLYR-02639
0.2474669068125714,-1.5865231968062554,0.14410480349345461,1.2489082969432321,0.013706650434218745,0.12283837632526298,0.0722347192633707,0.04285712051544147,0.4425972477184885,-0.896720511816262,-0.7877405555974313,-0.6160071566686951,0.0042258292865366,-0.4681981518217973,-0.9574623453839245,-0.5436339668709549,OGLE-GD-RRLYR-02640
0.09505618890188983,-1.3252291313491764,-0.0309653916211215,1.5941712204007215,0.15594905613572768,0.042805286477164556,0.09749139652136721,0.02213019753461496,-0.1548703387970374,-0.9879348046105526,0.1818667009279225,-0.9833231936111309,0.07376278642573694,-0.506916119253214,-1.1191517174944832,-0.6599526823386035,OGLE-GD-RRLYR-02642
-0.22759164887619748,-0.9820992387458882,-0.07808219178082446,1.8947945205479282,0.33272979464004676,0.4338290120014277,0.34142351624703965,0.21476780588877117,-0.47925380631907993,-0.8776763578499046,-0.6441138662076511,0.7649296224876064,0.1499889842165336,-0.26175311936249634,-0.6422804397237929,-0.1601450153981166,OGLE-GD-RRLYR-02668
0.05152238155205865,-1.4794098756346452,0.07619047619046877,1.3961904761904715,0.08409966304012793,0.13452063044402102,0.10291394092864783,0.06858033724204333,0.11295497006984208,-0.9936001080598377,-0.7506631535181298,-0.6606851216352738,0.041309767401993915,-0.44621500395591057,-0.9796943089032908,-0.5328360340309167,OGLE-GD-RRLYR-02702
0.0894412232053811,-1.086423122516026,-0.09418837675350065,1.8456913827655212,0.03639291094436572,0.46664932840728973,0.2763889936314132,0.11218960570205662,0.1119566198882025,-0.9937130950446454,-0.9527852578526402,-0.3036449446618169,0.02166107777683427,-0.12303354305927937,-0.8374050719583219,-0.33677036546713257,OGLE-GD-RRLYR-02708
-0.07177320485668498,-1.0794716919597531,-0.12068965517241872,1.9172413793103436,0.20489325699679353,0.41430708725379195,0.2992179637394434,0.14516445441972145,-0.18292106133799244,-0.9831276037824299,-0.993375153907244,-0.11491650708126881,0.09036958452889995,-0.20538499478915792,-0.9733893102815592,-0.47677395803430045,OGLE-GD-RRLYR-02745
-0.6070653633313248,-0.7457967425247953,-0.21886792452827103,2.176981132075432,0.11359138612935465,0.47017661771771657,0.333477666556309,0.17935814681660173,-0.5230829769214932,-0.8522817604847288,-0.5155471070476164,0.8568612375494842,0.05905731390725571,-0.30900159786304127,-0.7351933710073275,-0.23889946104185888,OGLE-GD-RRLYR-02753
0.2669812330371015,-1.212433695566347,0.17531556802244191,1.7413744740533086,0.02651533704802926,0.3788731264053366,0.11104830104149967,0.031898814610614896,0.33635870693982856,-0.9417339434605543,-0.7930177641970299,-0.6091985108878255,0.014532822239724515,-0.046085724047571025,-0.983797926754938,-0.5080782874138497,OGLE-GD-RRLYR-02768
-0.5265368120253919,-0.801576878326784,-0.3704496788008462,2.2753747323340527,0.13416496278795056,0.4914542327283143,0.3326014009592634,0.16878276057365446,-0.4933997949647616,-0.8698026456206782,-0.685034202119885,0.728510907211397,0.06803786805414028,-0.2591433801619905,-0.7844311366355143,-0.2746601840902629,OGLE-GD-RRLYR-02789
0.32086120093024967,-1.058233613396197,0.2415349887133179,1.9715575620767514,0.05926947897584221,0.32346660623115886,0.13389194528208714,0.0685428497403959,0.3498329170989614,-0.9368121103583318,-0.5617382764584231,-0.8273149997198892,0.027725802699571225,-0.12368499688768357,-1.1470345093859595,-0.6608468037426428,OGLE-GD-RRLYR-02808
-0.0789445070144203,-0.7591512779582916,0.12650602409639095,2.5016064257028288,0.850717720807386,0.46989251955661054,0.44033733507499495,0.13250347244309213,-0.41399827915844606,-0.9102776636026204,-0.725728669079974,0.6879810308979526,0.4072361315651354,-0.24638313332525363,-0.7375151552180125,-0.20558166912585807,OGLE-GD-RRLYR-02813
0.3965683241285534,-1.2852783433639348,0.34693877551022084,1.619047619047645,0.2641252230596855,0.1648599301400663,0.13151141385852474,0.0425198477046545,0.7862082690853486,-0.6179616150068061,-0.18663606219195827,-0.9824291222726856,0.13025276567449973,-0.46621787850104296,-1.0761401866188895,-0.6234230429434856,OGLE-GD-RRLYR-02814
-0.14744397165067782,0.13984594900484604,0.09105560032232037,2.3956486704270747,0.6337611043940984,0.4976955302779762,0.4321361908682549,0.19514428370083517,-0.6087223916864793,-0.7933832931562729,-0.5910250730730003,0.8066531863192847,0.2854593289862804,-0.19349661743181562,-0.6365145958451934,-0.12886508212302478,OGLE-GD-RRLYR-02835
0.34531839260222197,0.02344998362831552,0.19101123595508915,2.452247191011218,0.8557892407312974,0.39078527376837857,0.23881450273434418,0.08005375107621379,0.05152867726967918,-0.9986715152735844,-0.7160206503915341,-0.6980790988225363,0.45645640997124903,-0.18872672582171635,-0.875979273944658,-0.3600157519584127,OGLE-GD-RRLYR-02860
-0.13148738498853793,-1.0560821249001446,-0.07500000000000444,1.8750000000000222,0.2924385540459107,0.3474049747551607,0.15359952516461953,0.09818592473422676,-0.30629214891732826,-0.9519375607210828,-0.9977169503568112,0.06753433919647293,0.1474118768842146,-0.5364865950140347,-1.3146398455756045,-0.8239087409443229,OGLE-GD-RRLYR-02861
-0.07121914870286616,-0.6252344441539446,0.024096385542155267,2.2650602409638365,0.7574303656347084,0.1684071031860968,0.14406182468292678,0.05435225979898258,-0.18017578297661607,-0.983634427634964,-0.9285636892513682,0.3711731065202441,0.3396419393947724,-0.4430588684953953,-0.9164453606028929,-0.42481215507234166,OGLE-GD-RRLYR-02874
-0.436923529514129,-0.5470682045026214,-0.2835365853658649,2.098323170731711,0.1891349498386387,0.5681788900331394,0.3188473073965912,0.26651596156768376,-0.3562165220172348,-0.9344034404056659,-0.8758765227170452,0.48253530125069344,0.09428823697147352,-0.4163740360024356,-0.6671649274300664,-0.1622537799346321,OGLE-GD-RRLYR-02888
-0.297386718519012,-0.9073224140345135,-0.2291407222914049,1.9361145703611573,0.15816283472005774,0.6170023311948094,0.30469609939190007,0.2218859361021106,-0.3726704210268683,-0.9279637693852366,-0.849971397384502,0.5268288371266677,0.06860012856692502,-0.3305664056892583,-0.6045006448310623,-0.1093833971012493,OGLE-GD-RRLYR-02892
-0.5894829174810667,0.10063037626288818,-0.2465960665658254,2.966111951588517,0.46145585919972165,0.37797501994773924,0.2659538360522609,0.1342604846327838,-0.3812684147428591,-0.9244643832617172,-0.6814458506345554,0.731868535088746,0.20740208856784037,-0.2398673389507153,-0.8809556955525724,-0.3096709930260279,OGLE-GD-RRLYR-02901
-0.18124791444767321,-1.278522074978257,-0.1250000000000057,1.568269230769243,0.19503893417802948,0.10676517310977018,0.06417013274543308,0.02363766351629875,-0.12596608471634949,-0.9920345485421531,-0.2806962301036339,-0.9597966588843743,0.08933885206634765,-0.558445981943185,-1.0877237738208179,-0.6114547799040428,OGLE-GD-RRLYR-02908
0.16144872261474055,-1.4186513937518461,0.3392070484581726,1.4288546255506545,0.12297246777854347,0.12382688751188349,0.061956277921604186,0.06737443574186469,0.35260148427065713,-0.9357735801411202,-0.9997734577202464,0.021284577470616947,0.056411782328291395,-0.4105318391522864,-0.9327247579291816,-0.4889860977337558,OGLE-GD-RRLYR-02915
-0.04879722690296963,-1.0054147532160795,-0.27272727272726754,1.9120879120879044,0.12565865643837265,0.47480468121298636,0.35936270873096093,0.18299694217663348,-0.30884791429585545,-0.9511114371276901,-0.9812311543802543,0.19283521896581415,0.061908286750895984,-0.2223052519997102,-0.8110005576465898,-0.3201180578871373,OGLE-GD-RRLYR-02936
-0.698183212499287,-0.526430282109422,-0.3166815343443383,2.6610169491525344,0.019308795371968984,0.5455678258928924,0.43128539397560356,0.2927686991892802,-0.48198477090597647,-0.8761795938132281,-0.7820126269023084,0.62326258620693,0.03513422587428948,-0.3589908135288592,-0.6504295665292066,-0.12740673796590013,OGLE-GD-RRLYR-02972
-0.28685402385025854,-0.9618586332052388,-0.2262569832402317,1.9935754189944086,0.07051876133708765,0.5339783985962022,0.3677437825533406,0.2301562702361323,-0.542389436577009,-0.8401271922094147,-0.788957751510438,0.6144474479820011,0.05712708499858743,-0.3877402291116975,-0.6465115231716875,-0.14648430324307174,OGLE-GD-RRLYR-02997
-0.2974308365126332,-1.056981865947041,-0.4710982658959695,1.867485549132963,0.22371271885398358,0.4575953788791039,0.32724068513418425,0.22923691094643228,-0.5226898655170648,-0.8525229055490255,-0.8686267976084054,0.4954669378238737,0.07931215058801253,-0.2935856215753342,-0.6650760357822985,-0.18966665133885155,OGLE-GD-RRLYR-03005
0.027679867762485787,-1.009267026902433,-0.041322314049588395,2.0528925619834753,0.04531835826783753,0.4773325147971441,0.2846584692556714,0.14015783771827245,-0.08593947261969181,-0.9963003598543209,-0.9999861396487203,0.005265027108201108,0.02136708144788501,-0.22704601164678362,-0.934019017701516,-0.4287571494397759,OGLE-GD-RRLYR-03009
-0.13858070236802303,-1.1930817862411647,-0.24799999999998637,1.7881142857143295,0.07728589844629066,0.4305122209524328,0.3088335468164673,0.19789862758729043,-0.2019107510188763,-0.9794039251621331,-0.9750835860406374,0.22183777909574134,0.03545055156944945,-0.2079184374178006,-0.8999929387366896,-0.4076566654179527,OGLE-GD-RRLYR-03030
-0.6509479127497962,-0.6755725486671098,-0.20424028268552255,2.066431095406346,0.1062971871610992,0.5456545056852418,0.30802975790152076,0.21847237855525145,-0.42559753357299257,-0.9049125589893122,-0.6918821809943917,0.7220104207159642,0.03220511520717631,-0.2814807570222062,-0.6434546140644732,-0.13608262304214067,OGLE-GD-RRLYR-03049
0.1492026694541882,-1.2603467891710063,0.2745762711864495,1.7338983050847532,0.15859764025552237,0.10415573921836074,0.05322924037663316,0.026122829662900263,0.26569418155709346,-0.9640573644170279,-0.08785234235372522,-0.9961335080916432,0.0723199028951928,-0.5520375631343727,-1.0762459458951934,-0.5921843576157978,OGLE-GD-RRLYR-03090
-0.3940478631934287,-0.8452408304889683,-0.19365079365079269,2.0317460317460254,0.09542160367417857,0.4459814037842007,0.27874412343849186,0.13157940650608524,-0.5522985431857185,-0.8336463993774177,-0.5825040065112355,0.8128278307233079,0.04473293261244649,-0.3051450877417594,-0.6901202754593656,-0.19382002601611245,OGLE-GD-RRLYR-03095
-0.06901691174763512,-1.1458681391133445,-0.05539906103286162,1.8670422535211229,0.027041075088908576,0.5145746401087749,0.33715137428985686,0.2047434266413319,-0.3255343490627399,-0.9455302150541242,-0.9398366283584493,0.3416242263010956,0.019755517051528525,-0.26121856975750923,-0.7969887989455671,-0.3035562368610027,OGLE-GD-RRLYR-03100
-0.19964797743221616,-0.8581301005439284,-0.14851485148515373,2.1881188118811714,0.0687775358801222,0.5326989578330483,0.3510255840138456,0.2608440774147042,-0.4062861173892867,-0.9137459115184805,-0.8482664128682106,0.5295697242098518,0.04567765431306067,-0.18516125373350137,-0.6938882878269926,-0.178486471595229,OGLE-GD-RRLYR-03132
-0.1803469186851538,-0.7443526333842425,-0.16386554621849392,1.9050420168067348,0.4425368791709571,0.33883099467865574,0.36331343017948076,0.20174079274236148,-0.6043893109373437,-0.7966891243293602,-0.8617823420342855,0.5072782224360729,0.21323233854123072,-0.21900908177542527,-0.816570863000209,-0.3435184842094995,OGLE-GD-RRLYR-03139
0.18242072199315218,-1.4133037263875605,0.06984126984124292,1.4676190476190778,0.10028435844744797,0.066728555214356,0.06687083402952895,0.016161013605729226,0.08863326855964193,-0.9960643270915962,-0.6161717183633398,-0.7876118418924192,0.045691227632801555,-0.5272303904433386,-1.0838882220987642,-0.6361061022258937,OGLE-GD-RRLYR-03151
-0.08087932827549132,-0.5933155965102399,-0.1566696508504765,2.2229185317815525,0.29586484277169994,0.5178179163950288,0.4444773039890049,0.2961220755984517,-0.3524493427040857,-0.9358308932854579,-0.9207182594449749,0.39022799326113966,0.14335160796692378,-0.33095950048599365,-0.7064315706332281,-0.20708327177339736,OGLE-GD-RRLYR-03160
0.038288828774381146,-1.065511372331733,-0.15500685871056197,1.90260631001372,0.03667510758552612,0.4274940748935512,0.21410427633507062,0.07900598378195435,0.06991174466061338,-0.9975531805164621,-0.9602460034427852,-0.2791551770470298,0.01652849796853594,-0.2988248621257373,-0.9571548817064925,-0.45998353025467736,OGLE-GD-RRLYR-03162
0.2025630212962271,-1.24798642575477,0.12293577981650225,1.6664220183486418,0.03862132808320813,0.3272556670602452,0.12462626400750502,0.05223734300386314,0.32796445638408567,-0.944690063115248,-0.7556431903265232,-0.6549834875118258,0.016813366879514822,-0.14823357937135606,-1.123574332839175,-0.6438784937630142,OGLE-GD-RRLYR-03167
-0.13977444791780505,-0.7109097570278502,-0.09859154929578794,2.0422535211267623,0.28374394644873846,0.4643405659068168,0.3036207281542344,0.2675271544294703,-0.3850536440934595,-0.9228941928359651,-0.836116787725627,0.5485514718632871,0.12239452221095622,-0.2448118798982221,-0.80666603518339,-0.2945639534147492,OGLE-GD-RRLYR-03216
-0.5597694616567045,-0.25804423147714406,-0.17843866171004502,2.540148698884771,0.5194546721020289,0.49264308350480085,0.20977628227495598,0.10416473429731894,-0.4716844842481467,-0.881767399782709,-0.6943864874616337,0.7196022554374705,0.19613707772912295,-0.36350585506659305,-0.6859862802475745,-0.16538857927731337,OGLE-GD-RRLYR-03223
-0.5769307465496208,-0.5992641119840689,-0.1950034698126339,1.9855655794587133,0.24967513037593808,0.4889667644794759,0.2859273550439805,0.19616329812270286,-0.5570449388205375,-0.8304823514888342,-0.482912420575706,0.8756686554020947,0.12888157692606944,-0.4102376545695857,-0.6430122117656267,-0.14551177495556797,OGLE-GD-RRLYR-03231
-0.48202447512414975,-0.8280769182087662,-0.351190476190484,2.1008928571428656,0.222452241964295,0.4353121483308752,0.3041301918770442,0.21765128680859502,-0.4948969482311112,-0.868951673357922,-0.5200312091242701,0.8541472598660899,0.10172857134866811,-0.2942905751510241,-0.6492727793369824,-0.15125681810431643,OGLE-GD-RRLYR-03237
-0.10699177363955609,-0.9807234148652095,-0.2301886792452957,2.1373584905660326,0.026513806507963193,0.5514952011599166,0.3447112259496587,0.2209952327845465,-0.2291103595441578,-0.9734004536415353,-0.9761985988355588,0.21687852736380284,0.02247897708845693,-0.3351027587629066,-0.7673381917425487,-0.24687675531828757,OGLE-GD-RRLYR-03241
0.053788112314784864,-0.9383500803415612,0.06315789473680668,2.118421052631564,0.0678680132032178,0.4759075036683309,0.3254724679162021,0.15178195506945996,-0.17001822467587377,-0.9854409182077148,-0.9969618423007534,0.07789149501895472,0.02546695400398914,-0.2102307279364679,-0.901586617572964,-0.39523411529611285,OGLE-GD-RRLYR-03251
0.33980490473446867,-0.9247368451953277,0.16256157635468643,1.9458128078817944,0.09417584672157335,0.5003076827694741,0.28307670248142,0.1267233588336052,-0.005886952609145295,-0.9999826717443546,-0.9727939872811258,-0.2316718763891917,0.04891784771119587,-0.13748262215500895,-0.9016611381079185,-0.4034029043735363,OGLE-GD-RRLYR-03253
-0.14889619159469128,-1.5343733799489943,-0.2012195121951061,1.295731707317053,0.04424488660737836,0.1154177129832148,0.05695680995323488,0.026096746843737223,0.014437082545358486,-0.9998957798928739,-0.877484883419016,-0.47960429457117654,0.016125633136157093,-0.6205116637170947,-1.1042705589028312,-0.6726410656136725,OGLE-GD-RRLYR-03256
-0.27092657875609677,-1.0400695942511893,-0.3700217233888455,1.813902968863139,0.02906373853382667,0.5425373690975442,0.3372053899256259,0.2374082162889641,-0.42989915451664285,-0.9028769112929379,-0.8261257283707684,0.5634858302778051,0.02463901218611534,-0.18990578580769027,-0.7056474595136388,-0.20325226112469866,OGLE-GD-RRLYR-03263
0.19552973334426554,-1.2708646665216676,0.0805970149253777,1.661492537313473,0.08337819355288507,0.3159794899933818,0.13106507936844797,0.11335949112732507,0.5116358881046669,-0.8592023731364741,-0.49201889137269084,-0.8705845223367966,0.04076778599683923,-0.03771508763696178,-1.027301340885408,-0.5554867936659547,OGLE-GD-RRLYR-03265
-0.17098217769287208,-0.879199400144886,-0.023904382470092002,2.107569721115527,0.6297412768695743,0.18350511678190057,0.02048953764192487,0.10336552883944075,-0.06795672098190153,-0.9976882699888718,-0.026963151270046882,0.9996364281445472,0.3278565274105471,-0.22257232932346396,-1.083764168008663,-0.5775743236287955,OGLE-GD-RRLYR-03270
-0.18330167891417581,-0.8866342433833978,-0.24547803617570738,2.1167958656330597,0.08536252247757281,0.4915572873872605,0.272537484129083,0.1470438658461957,-0.22242327271771592,-0.9749501975760303,-0.9890867099961644,0.14733458558316595,0.04005194809841874,-0.21525339386684272,-0.90264572519182,-0.3876400520322283,OGLE-GD-RRLYR-03279
-0.4738994851594963,-0.9869500538267206,-0.3284671532846655,1.8887591240876007,0.19004227994469838,0.4206564686127087,0.32635743904747194,0.20653901341306888,-0.531062553457904,-0.8473326172848363,-0.5845602059172432,0.8113503347247663,0.09386563949832978,-0.289073975055272,-0.6652953497956402,-0.18916284885951257,OGLE-GD-RRLYR-03290
0.32384396215698846,-1.432762399311576,0.3650793650793733,1.3126984126984163,0.10402227108738482,0.22016933413682233,0.12020170013550009,0.0643859316428364,0.16277550526352472,-0.986663131411225,-0.9081753128588163,-0.4185900155447944,0.016003127262963164,-0.5372267241965523,-0.9070384764426568,-0.48043449911948866,OGLE-GD-RRLYR-03291
0.010452284060904761,-0.8011621706022511,0.10107015457789366,2.0653983353151264,0.6084021872020301,0.3379704137576504,0.19993490626330152,0.18268198114967735,-0.1777606984593099,-0.9840737442302067,-0.8649364156521263,0.5018814569984152,0.270503902442191,-0.21021109495146698,-0.8615903351346066,-0.3622601728808615,OGLE-GD-RRLYR-03307
0.16181267659824422,-0.5642236198402584,-0.05423728813556415,1.9830508474576662,0.7489964155256913,0.11357653812466796,0.128055829635934,0.08864321451727934,-0.11372201319973223,-0.993512608734182,-0.7931823194945967,-0.6089842428513003,0.3419309166877343,-0.5626011996271421,-1.0206009822810445,-0.5338741295818001,OGLE-GD-RRLYR-03324
-0.030054471642247917,-1.1603704808189357,-0.06134969325152278,1.7466257668712062,0.0956628033453969,0.4345427787975065,0.22575346016268424,0.07383880861681733,-0.06499178649503645,-0.9978857989209906,-0.9930513281834138,-0.11768202748575395,0.04762351753010285,-0.19456357036680338,-1.025722443886734,-0.5456125328530436,OGLE-GD-RRLYR-03328
0.04132857878261255,-1.4936611980006669,-0.024793388429753097,1.392768595041326,0.018128050731204493,0.2501936073363618,0.09061872865403424,0.04797473824406109,-0.10619645279568396,-0.9943451681451537,-0.9073913572309895,0.42028671739956625,0.006827277659478881,-0.5006713169418152,-0.9155832518070202,-0.47230566852519035,OGLE-GD-RRLYR-03344
-0.1825002049949723,-0.4899502168385461,0.056694813027740175,1.8743063932448674,0.3338417622235936,0.4477717819662941,0.3050620445452354,0.18270493374558242,-0.3502583426011611,-0.9366531340033447,-0.779282650401834,0.6266726025467309,0.14909837241238016,-0.22250668271836438,-0.8558817721955019,-0.41066487421585435,OGLE-GD-RRLYR-03356
-0.5063484907711076,-0.8274405305846546,-0.34680134680135544,1.9898989898990134,0.1340185957748162,0.47521526162361427,0.39249007866301855,0.22625541651965075,-0.4500829104861154,-0.8929867712840698,-0.7446239071963203,0.6674842596134276,0.08254932445306709,-0.2712691624488552,-0.7190106316965689,-0.22841251911874383,OGLE-GD-RRLYR-03369
0.04420604481444891,-0.9876329354392861,-0.05947136563873739,1.6132158590308312,0.6469329930088283,0.1916932812131298,0.11382085900737535,0.11894173276685781,-0.42779327470720857,-0.903876603367563,-0.36678637561947475,-0.9303051943636182,0.30781651649170416,-0.06938343570912849,-0.9093811170761176,-0.4362816600343233,OGLE-GD-RRLYR-03382
-0.6232554613434128,-0.48495419121364236,-0.1582278481012686,1.9813291139240603,0.13034100469919704,0.45441601933685544,0.3126809831347065,0.18917410004610058,-0.36111524593345723,-0.9325211950161877,-0.8176932447740392,0.5756541995424885,0.05760831359323414,-0.21239964567563033,-0.6980656652693527,-0.20335629621488285,OGLE-GD-RRLYR-03399
0.01809685307510376,-1.3969186455477338,0.09935483870967617,1.4774193548387209,0.1056949866903583,0.10526857642172939,0.060437653100805705,0.04438326131871514,0.2729658396849264,-0.9620237265083971,-0.7860999705546516,-0.6180993741252095,0.0524291530101293,-0.46422917744748904,-0.9936226305743404,-0.543254504652057,OGLE-GD-RRLYR-03401
-0.24526360638893743,-1.0498640537735953,-0.26195028680688615,1.9982791586998196,0.02755988546706428,0.5191494819838756,0.35219890238306095,0.22414520720635892,-0.27295600071157144,-0.9620265181768871,-0.9188027835518443,0.3947169174704611,0.017827807273751814,-0.2708424378053892,-0.7773942581959347,-0.28187214792469983,OGLE-GD-RRLYR-03418
-0.01726302237801421,-1.4923101483378582,0.06716417910447998,1.4104477611940267,0.07379091651743018,0.11178091431093076,0.05200329803744002,0.017622226018374803,-0.22488830097963555,-0.9743845504124605,-0.9000274400137562,-0.43583323326965834,0.032598408479726365,-0.5835801403488313,-1.1537711010878213,-0.7235381958267557,OGLE-GD-RRLYR-03423
-0.5239866331989526,-0.9313700504139004,-0.33097094259389376,1.8688873139617277,0.04120466585153194,0.4490189517956078,0.31696980277609793,0.20504498602700447,-0.5229264200684197,-0.8523778265501906,-0.6294689414941551,0.7770256441676993,0.04193664949867762,-0.3082029893646972,-0.6593929915251421,-0.180949861534528,OGLE-GD-RRLYR-03438
0.17938159219599314,-0.9495370323161612,-0.15746421267896285,2.0503067484662716,0.15120773060419196,0.5182975185370425,0.32621263938252687,0.17341756653011983,-0.03766387525971123,-0.9992904645299188,-0.9559447665272505,-0.2935465948519258,0.07313175431674453,-0.1384680204800119,-0.8044206454064639,-0.2999022953869458,OGLE-GD-RRLYR-03443
0.19755755172718392,-1.3832540265922382,0.19642857142855444,1.5678571428571104,0.05121028519711657,0.11441285221811769,0.07025478245556722,0.008859545975253121,0.0960576301479356,-0.9953757741126525,-0.5787089197943311,-0.8155341722763543,0.022199450060898494,-0.48930605500732144,-1.0408387795941387,-0.5793842293742367,OGLE-GD-RRLYR-03467
0.3249273788019216,-0.9631428642386703,0.15776986951362165,1.9328588374852012,0.09181134371456763,0.41442541781612896,0.20915207501498684,0.09027592554358771,0.26673242428329785,-0.9637706230405422,-0.7931324090266283,-0.6090492441105376,0.047769793289026134,-0.09932296123869716,-0.8858919644199938,-0.39003227935333734,OGLE-GD-RRLYR-03470
-0.38048858401606284,-0.6206662057573311,-0.3390313390313358,2.099715099715079,0.18823757459260154,0.5001651401756643,0.5349386472700978,0.3040243189194299,-0.764770665825072,-0.6443025909411478,-0.47915850237913526,0.8777283917008634,0.12694224624063719,-0.38094034938107396,-0.6415723520110227,-0.13253251214094952,OGLE-GD-RRLYR-03472
0.3616912600089782,-0.18760148858488934,0.06049822064060413,2.5103202846974466,0.6518282469972376,0.3472384148394766,0.1497043329772109,0.041956181685628216,-0.052944707708405286,-0.9985974453831091,-0.9268931152125106,-0.37532539611868454,0.29757486570079406,-0.19602902750501702,-0.9971999502573513,-0.452594540332512,OGLE-GD-RRLYR-03474
-0.02840805889762672,-1.3565334756048404,-0.09371554575524471,1.453803748621817,0.1554921958072633,0.20291831167563307,0.013519260918749552,0.07395673149689345,0.06276576280497724,-0.9980282856810769,-0.7137708028219625,0.7003793550918611,0.0779493922545848,-0.5425630516959661,-0.9334752137481046,-0.48194691992027733,OGLE-GD-RRLYR-03481
-0.04316620044059738,-1.0624624367943911,-0.3384615384615425,2.053846153846158,0.02118954468789457,0.5109701363548442,0.29741627406398835,0.15489691516738585,-0.07694738046659823,-0.9970351551672231,-0.9868961148694089,-0.16135692875010496,0.018455391335733394,-0.25573581429500375,-0.7694506390601964,-0.272458742971443,OGLE-GD-RRLYR-03492
0.025252824476620393,-0.5948034305008005,0.18289786223277196,2.346793349168609,0.758179881670633,0.21989543228865524,0.044603422769039794,0.0748233051999455,-0.1400899652738577,-0.99013877897473,-0.9480184946152024,-0.3182152319854055,0.3185292010478094,-0.5403863799555606,-0.8230620420812167,-0.3062730510763533,OGLE-GD-RRLYR-03498
0.2484423053765665,-0.801087391393553,0.046413502109746006,1.8675105485231869,0.26192876585229513,0.3358177023031074,0.14733417378155,0.05869200460583855,0.04109417357981314,-0.9991552776709896,-0.6938092766734251,-0.7201587933240132,0.1287746195632744,-0.1850766431847568,-1.1505477119591312,-0.6550185860727432,OGLE-GD-RRLYR-03510
0.3496846035853981,-1.0668194849193613,0.1756272401433397,1.7863799283153778,0.4900315336745402,0.16991734040301107,0.07256895038990456,0.014829672076127724,0.25630890515466703,-0.966594922983985,-0.5032903270611787,-0.8641173801554114,0.2051406510670049,-0.6261675694898591,-1.0756521317374286,-0.603451962012871,OGLE-GD-RRLYR-03515
-0.10302014478094962,-1.3775259723514548,-0.12063492063493224,1.5482539682539627,0.05800933743205799,0.12017214915992978,0.07024009547334285,0.03348994455830206,0.19655640187863455,-0.9804925195433797,-0.7433022815751001,-0.6689556922586507,0.020761228517816834,-0.4949006742277801,-1.0730339251025094,-0.6128772400724146,OGLE-GD-RRLYR-03520
-0.20930731071018496,-0.9971417858501335,-0.12460063897764026,1.913738019169326,0.029111653313213512,0.519328726783994,0.3452022735032134,0.25211903166166877,-0.310323074977093,-0.9506311530434722,-0.8967266982117231,0.44258471360215457,0.02530521508120027,-0.2500045760304543,-0.7338101650943597,-0.22257317761068848,OGLE-GD-RRLYR-03521
0.29038911306885445,-1.0141579820766007,0.23452157598499007,1.8566604127579882,0.24714280737525757,0.06619454993249518,0.0764033118776679,0.07864531056657915,0.950550539200441,-0.3105699155194381,-0.915232239539795,-0.40292672746663416,0.1296526443481192,-0.5035689563763724,-1.0897053916149744,-0.6066003047068937,OGLE-GD-RRLYR-03554
-0.1541567604270835,-0.627873541110993,-0.2621664050235725,2.1048665620094202,0.3610386628922684,0.4792615748144138,0.38425157109345076,0.24443485030471077,-0.33627753612453576,-0.9417629312613719,-0.9652283326239561,0.26140823609820985,0.16286550650631534,-0.2513003653441966,-0.6854879094646424,-0.1736659943777794,OGLE-GD-RRLYR-03557
-0.33936525982685817,-1.2241649593680095,-0.08949416342412782,1.5133592736705588,0.05040632765850385,0.39360672525148444,0.18522642752572455,0.07597835711073571,-0.4197090910434926,-0.9076586797334366,-0.34833772941174546,0.9373690982042611,0.022390638012811992,-0.3068106692730944,-0.6943908071769667,-0.23403357521428536,OGLE-GD-RRLYR-03573
-0.5868878006235203,-0.7407384753838269,-0.35507246376811247,1.95434782608696,0.12636507945947031,0.4292979288014254,0.2333830870843387,0.11060332297634186,-0.5857029264156259,-0.8105258058742929,-0.4763200632394612,0.8792719700727163,0.05206906179325755,-0.3785566157645526,-0.7569658187272033,-0.26808905788312715,OGLE-GD-RRLYR-03583
-0.5249606876512313,-0.685767774574376,-0.24563017479300378,1.9595216191352376,0.16244818709530595,0.5043026163047086,0.3278662126008338,0.2513685987939254,-0.4020456498454658,-0.9156196237741615,-0.8358936836440516,0.5488913823735787,0.08453819084384769,-0.26006600485147513,-0.7704977908696607,-0.2736803878892227,OGLE-GD-RRLYR-03588
-0.005489382322905673,-1.0909045611213517,0.05596107055960112,1.9318734793187382,0.15739560449690398,0.4319893962439658,0.24131544176222328,0.09948539340695667,-0.050976721503309,-0.9986998417266191,-0.9462698255817114,0.323378133449925,0.06684096987991937,-0.4358053122283235,-0.896475534772065,-0.4012094932368827,OGLE-GD-RRLYR-03605
-0.08309990258537532,-1.0633950055419783,0.20615384615384488,1.9390769230769016,0.3529488150905714,0.1159578066790461,0.0849775249982135,0.10084094318522938,0.4304592040426523,-0.9026100340983177,-0.2865695320215233,-0.9580594466508668,0.17295350457142006,-0.4952834330471902,-1.0044710172765485,-0.5015515968260014,OGLE-GD-RRLYR-03609
-0.30523197722509926,-0.8206456224764347,-0.0598503740648402,2.2857855361595996,0.34860292250713504,0.4383763325717636,0.3152987305232873,0.12122090628312648,-0.49564684725640534,-0.8685241521136794,-0.4961365527485429,0.8682445053248493,0.1589220632002978,-0.18616606020894638,-0.5582362005278778,-0.03782014709123268,OGLE-GD-RRLYR-03625
0.18403911346477966,-0.2060436644665864,-0.18513223731235595,2.3505360972122897,0.3842477295334811,0.5788621957449113,0.33175514434693676,0.27057511299726106,-0.347845087232248,-0.9375520227104146,-0.8993847568010676,0.4371579339711045,0.2072301081023117,-0.2315955335914022,-0.6013629527900564,-0.08507535179485207,OGLE-GD-RRLYR-03634
0.2234357750884925,-1.0961858811032161,0.20737327188940827,1.870967741935482,0.016844858222802687,0.44786767401984834,0.2275504772013041,0.10478119812876163,0.07700148595043937,-0.9970309780349979,-0.9649925179372917,-0.262277411007974,0.009085303970649716,-0.31677555896956416,-0.8851385290365676,-0.39147396642280524,OGLE-GD-RRLYR-03654
0.09403650420943656,-1.2568825943735282,0.10067114093960051,1.6630872483221242,0.2150079596615442,0.09223056692244701,0.02764203839256302,0.053169735196704954,0.27367492528652937,-0.9618222472314791,0.2840127536754138,-0.9588205023619951,0.10000778567779792,-0.4822164597890169,-1.083916732975622,-0.6058986979599588,OGLE-GD-RRLYR-03655
-0.06427178773570917,-1.5194350511650963,-0.11310592459605412,1.3549371633752185,0.09980503315282188,0.2186977970020934,0.0729900299771655,0.03089603637784289,-0.040556104285448105,-0.9991772627543062,-0.9667255850635809,0.2558156429608582,0.04251271529487011,-0.46378630184336206,-0.8664015656290426,-0.4232556456725833,OGLE-GD-RRLYR-03685
0.3382114014364044,-0.90142182734097,0.33913043478262406,2.250434782608707,0.0396242532510253,0.4373516071897708,0.2281161720739413,0.07885618173057266,0.1750004030079614,-0.9845683617438918,-0.9161412086180883,-0.4008556920785687,0.019070491765386912,-0.21238825015154697,-1.0005446060456078,-0.49012571499528185,OGLE-GD-RRLYR-03707
0.02385206590053974,-1.3000206413502797,-0.1440329218106843,1.64032921810696,0.22824697906943453,0.1003875117758086,0.022997322810594623,0.05640799632561368,0.5606838860612716,-0.8280299390186511,-0.6116263783326803,-0.7911467457606389,0.10572507717319313,-0.5843314356084183,-1.177674845942669,-0.7004927012995181,OGLE-GD-RRLYR-03751
0.3959740964668201,-0.9155062483985033,0.16258351893094344,1.8051224944320736,0.0812852307209311,0.4495289535347107,0.27397719018437017,0.09217288574419083,0.15505412146326136,-0.9879059770126184,-0.891259038575573,-0.45349457125454684,0.037276699159654494,-0.11018110587112617,-0.872859904559748,-0.39227697647944876,OGLE-GD-RRLYR-03775
-0.5002430307767024,-0.6874966036591017,-0.37003058103976016,2.1256880733944734,0.14089150556878763,0.49197430043521184,0.3701236408981051,0.2180967347416758,-0.4889271789393511,-0.8723246033985329,-0.7765483315467885,0.6300576868604167,0.06813416923101244,-0.21355543154863205,-0.6572153754391619,-0.1579527114903642,OGLE-GD-RRLYR-03794
0.19463177377038787,-1.0051405444138608,0.0237717908082643,1.9492868462757358,0.06745998551383357,0.4399690985157632,0.20657788496053328,0.0695758330171818,0.13277330966119213,-0.991146431281278,-0.8519702627506321,-0.5235901750306425,0.03056381277559284,-0.31110164097065746,-0.9994225337857212,-0.5121548798885681,OGLE-GD-RRLYR-03803
0.03074631837336567,-0.8960768227038138,-0.034013605442145746,1.9206349206348965,0.5008933585137487,0.08021979724625415,0.07202725209815712,0.1357421363797527,0.8954767679560143,-0.44510825430568074,-0.9707040446757521,0.2402782920909325,0.22405044350197886,-0.5281876531682804,-1.159502571357094,-0.6741765809972584,OGLE-GD-RRLYR-03804
-0.08189729528524907,-1.4097343831614628,-0.19597989949747296,1.455611390284771,0.15076777313677914,0.11364740621799894,0.030899953281211603,0.04184355820231963,-0.261987364619551,-0.9650713034691801,-0.999470690573566,0.03253211773615736,0.07110903980409104,-0.6014194799718069,-1.1153651419249628,-0.663040214879296,OGLE-GD-RRLYR-03816
0.05789433564835515,-1.3802791504680176,0.1948051948052023,1.6207792207792047,0.12161580772552583,0.08654495657194312,0.07724113875858733,0.05929676107135912,0.35338540190302137,-0.9354778232122021,-0.31014334217249573,-0.950689806038791,0.05434098072447348,-0.5606239420566693,-1.0738159388204196,-0.6027554189896182,OGLE-GD-RRLYR-03822
0.3979158369952835,0.11432487109487122,0.0964378801042488,2.390443092962652,0.4957551408337028,0.49981587429071606,0.4002048036927282,0.19942821429673016,-0.1254638125212371,-0.9920981966255336,-0.9659792309663873,0.2586196538192467,0.2403690838667688,-0.30040380381358955,-0.6733190973170325,-0.16250625838482255,OGLE-GD-RRLYR-03832
-0.5646119956793639,-0.659563645059511,-0.27993527508091137,2.256796116504862,0.20630240457320717,0.5075364899497379,0.2800168937647336,0.20280691429551648,-0.541669320578433,-0.8405916649266151,-0.4465537280842265,0.8947568205574511,0.10674667708203307,-0.4392409968028739,-0.6547879526288082,-0.1565491947612338,OGLE-GD-RRLYR-03846
-0.4782385052247245,-0.2042470254589852,-0.16420118343195841,2.725739644970413,0.48928583502942913,0.6058337225507984,0.42762231879955,0.23593031572323084,-0.6351576400222563,-0.7723825297877716,-0.8130707627836401,0.5821648690074227,0.23857231090556055,-0.34385401863542764,-0.5741555374637692,-0.03559892883726761,OGLE-GD-RRLYR-03870
-0.10122916476278376,-1.3705483750921001,-0.15934065934064057,1.516208791208812,0.09249810370942023,0.14570907930518476,0.04528427988401815,0.06648641828231007,0.25008753469884026,-0.9682232309691068,-0.9599281807749981,0.28024611996244037,0.04331422928543869,-0.5087456321917592,-1.0272470896167407,-0.559169601598715,OGLE-GD-RRLYR-03873
-0.2858417141472655,-0.5898724038907486,-0.14076050700465975,2.302334889926625,0.510946569376434,0.5808591842349176,0.3541160819484909,0.18638062946117845,-0.6082768289572993,-0.793724951953542,-0.6106106404733477,0.7919309602110074,0.26409393981225593,-0.4413553066454772,-0.5849856757607285,-0.06408986356949256,OGLE-GD-RRLYR-03875
-0.3292191834389456,-1.0090467888881687,-0.3145275035260902,1.8575458392101472,0.034807098070962064,0.5204996392999849,0.33633617433167634,0.27860991823068715,-0.30879203425644025,-0.9511295808562414,-0.8857741522192321,0.46411652767414,0.02079336475289632,-0.2097572890954431,-0.6799795117399904,-0.18144422070219732,OGLE-GD-RRLYR-03886
-0.6869181040743472,-0.586251441224086,-0.4895104895104841,2.333566433566448,0.05110787871760658,0.5643747065444599,0.3948547057518423,0.27083854762756976,-0.5428223610809267,-0.8398475363484303,-0.6290490988793267,0.7773655711434017,0.034341044311889654,-0.432258613739929,-0.5986125892259655,-0.07870378467316921,OGLE-GD-RRLYR-03889
-0.5002463084296078,-0.5740276100090256,-0.22199170124481218,2.60663900414938,0.020983084769621508,0.6035234361694735,0.40559187181307443,0.28746021755590045,-0.35033240932244913,-0.936625433659757,-0.9028589761747401,0.42993681994067473,0.03683311263843305,-0.3383252603480223,-0.7233626784344968,-0.20190206793751428,OGLE-GD-RRLYR-03910
-0.1803450479411482,-1.0773935418281306,-0.09289617486340453,1.7999999999999805,0.16912408959093322,0.3093921613996956,0.1350381691615777,0.034817204631628094,-0.22346847807397602,-0.9747111568599699,-0.9346726715808175,0.35550948932479615,0.07557525656186835,-0.46564730541397864,-0.9666436696868619,-0.4822764051662696,OGLE-GD-RRLYR-03945
-0.0017276406819834577,-1.5101480827910887,-0.12087912087911219,1.3516483516483513,0.038442932334338153,0.09046109030753141,0.04351890305559922,0.017322209874265575,0.5651972306229911,-0.8249558112384574,-0.6789308101670729,-0.7342022575597831,0.015175446124454914,-0.4854371601849131,-1.0412624251233549,-0.6090648928966201,OGLE-GD-RRLYR-03948
0.44472523480923454,-0.1888659931789154,0.11656441717786022,2.5938650306748565,0.9734889290939441,0.3449905790247349,0.26276363428666505,0.10503310667959623,-0.36601286988152293,-0.9306097888379916,-0.9606226138681838,-0.2778564264598862,0.41419834140620915,-0.20314782109307997,-0.9019179884717836,-0.373865021364609,OGLE-GD-RRLYR-03955
0.08372874738713605,-1.4759541433625192,0.07573812580230779,1.4318356867779194,0.07960793465139676,0.1601962282820026,0.08223082630079949,0.08576229063819767,-0.0017535920299384497,-0.9999984624563143,-0.6725459292394795,-0.7400553851323595,0.03652853165150569,-0.5676090261787,-1.0036244879836107,-0.5546293511724225,OGLE-GD-RRLYR-03967
-0.431992639637165,-0.8460065475142233,-0.3130929791271325,2.1537001897533194,0.030234944281464098,0.4648342559906101,0.38658485971837275,0.26898413711595237,-0.4204640132072873,-0.9073092160876699,-0.7431802727931239,0.6690912360292413,0.03539764824783765,-0.24028476315065223,-0.7647834349916869,-0.24603413413483907,OGLE-GD-RRLYR-03970
0.33775775025282595,-1.0483325681638234,0.1287128712871442,1.8514851485148296,0.06773486113039502,0.2957947029440892,0.11883762310543244,0.07775169663243274,0.1396580677981572,-0.9901997899913357,-0.6386991395516056,-0.7694565674136771,0.037821967673039025,-0.2156867057760177,-1.2063638444410287,-0.7281583934635024,OGLE-GD-RRLYR-03980
-0.06770148600189356,-1.1494747429582584,-0.010989010988985462,1.6692307692307957,0.4840982346745989,0.08239021736108673,0.07159615705190549,0.03474556992916047,-0.8412865299164737,-0.5405894695432922,-0.5706921215335881,0.8211641141815029,0.22746918826929308,-0.592637431831417,-1.3002651061158041,-0.8184422261372101,OGLE-GD-RRLYR-04020
-0.0869236595817547,-1.3682198134568815,-0.07374631268438285,1.4401179941002982,0.41056753101874593,0.06783895214322078,0.01377384820013091,0.04453121201221443,-0.14199053670512385,-0.9898680151849493,0.845337176029732,0.5342331502462926,0.16834140429569067,-0.47450689544911345,-1.055239041574123,-0.6124322205828122,OGLE-GD-RRLYR-04023
-0.25305400291759517,-0.887400192973594,-0.15805705474172163,2.1625289128758722,0.024194788233249297,0.5893730933089423,0.38870989603599515,0.26229077113677374,-0.41232997186259174,-0.9110345736050824,-0.8698949261803106,0.49323708032319696,0.0345483324834473,-0.34894663638424706,-0.6775852859290851,-0.15415809257824264,OGLE-GD-RRLYR-04024
-0.7875295791937814,-0.20717804033891296,-0.29720279720280063,2.0970279720279756,0.25401726943046377,0.35659243808292496,0.2681935430607984,0.20573544040562508,-0.4670244362402376,-0.8842444096258049,-0.21844878952613717,0.9758484136148223,0.11247799664498247,-0.25292887006473497,-0.7256926233756291,-0.2220297433601316,OGLE-GD-RRLYR-04027
0.08065029306375293,-0.6713637746793815,0.16326530612243967,2.1516034985422507,0.5268563333906606,0.3844927351667786,0.20141715039983096,0.1760654849206552,0.08118673222399658,-0.9966989086533551,-0.9667942773178215,-0.2555559143230915,0.20665956772392444,-0.19051951598491804,-0.9265305364268205,-0.4329736338409399,OGLE-GD-RRLYR-04028
-0.08139968213277411,-1.296927352129964,-0.0853658536585535,1.5329268292682807,0.09266581184834045,0.15407175280709384,0.02454794283551484,0.046571188363628425,-0.19787954121959364,-0.9802263448646558,-0.8952454495276484,0.44557332180017106,0.03252655580286589,-0.6614445463413283,-1.0745097443523817,-0.5996347266500606,OGLE-GD-RRLYR-04042
-0.37262270928952185,-0.8775464262776338,-0.27719298245616736,2.080701754385964,0.1918163561256532,0.44648248128366724,0.3690710546379102,0.17927683234219088,-0.45375991006897837,-0.891123977914517,-0.6621662021369804,0.7493570048698335,0.11006396239643934,-0.17599075757037286,-0.7269333477575574,-0.22694530663573742,OGLE-GD-RRLYR-04044
-0.17965754679770854,-0.6437722110804827,-0.19672131147541747,2.1805327868852546,0.28707471977490523,0.504659954527271,0.3452291485026038,0.12756713979636228,-0.15130131365641894,-0.9884876895975194,-0.9998541649802994,0.017077727353135834,0.1260907998098912,-0.1837398235270032,-0.7827198880077396,-0.2740475524723746,OGLE-GD-RRLYR-04060
0.1771435734192534,-0.9882672977674241,-0.015306122448980055,1.6913265306122236,0.12291255811093327,0.30376477686044273,0.0696878336431172,0.0714931945291209,0.3792494776878786,-0.9252944578205747,-0.16815086520414055,-0.9857612725863697,0.05246311691737345,-0.12465537953524732,-1.276377246297722,-0.7805464629231914,OGLE-GD-RRLYR-04087
-0.31137563311895067,-1.007496150523693,-0.1284699806326742,1.9790832795351823,0.010023078984325117,0.5738322229194881,0.37035751886154233,0.22893453313714687,-0.33621993838196634,-0.9417834958388402,-0.7299059966777302,0.6835475374938377,0.02044314187143232,-0.3384342323268708,-0.6234207631317819,-0.11554450392951252,OGLE-GD-RRLYR-04117
-0.05697668207395275,-0.32466993532990607,-0.059760956175301624,2.5466135458167662,0.6315989236667692,0.40916537913376144,0.1719410742116526,0.1445464955824797,-0.19520762834762345,-0.9807619394302045,-0.7172274800890985,0.696839107545667,0.28510957215221444,-0.13968623672314456,-1.0290679888331802,-0.4953932293580446,OGLE-GD-RRLYR-04120
-0.0036119585654389415,-1.0427308221726805,-0.22287968441814598,2.068639053254439,0.02159137530664401,0.5324133620700514,0.32045572186720933,0.18283126953984719,-0.15890881187019973,-0.9872932641874963,-0.9899060362605135,0.14172522490720846,0.016079598445046858,-0.29895537440529524,-0.7848607397830637,-0.2803373169819548,OGLE-GD-RRLYR-04121
-0.18681843324895284,-1.0402482396655506,-0.42160278745647467,2.055923344947722,0.05410656557431588,0.536154499542381,0.39372656029369296,0.24203125512708837,-0.5062903235403483,-0.8623630953892968,-0.867485206568505,0.49746297991388083,0.022714308966694963,-0.27448219497975385,-0.7298234456414499,-0.22911118530017383,OGLE-GD-RRLYR-04136
-0.7567147030271781,0.3925637975455203,-0.15358361774744647,1.9419795221843021,0.5078112479988378,0.39424659399962175,0.18567162346398733,0.08447728069510022,-0.5386913677545944,-0.8425031811849047,-0.3166352013966097,0.9485473890304735,0.16348048621186953,-0.3414919400191408,-0.7257956599381065,-0.24488773360492955,OGLE-GD-RRLYR-04152
-0.039679698811211556,-1.1675969048101293,-0.2314410480349526,2.0227074235807794,0.024712720528762708,0.4956170363706248,0.3075886420364446,0.16411412233115738,-0.20436352316161197,-0.978895066082659,-0.985042162413585,0.17231348835064664,0.012622366444803893,-0.24910382915363066,-0.8365925815981062,-0.33423144928061976,OGLE-GD-RRLYR-04165
-0.23512642159898997,-0.44925348939422527,-0.16872427983539753,2.365843621399187,0.8041019862628624,0.5072551090260409,0.4973181803578862,0.31115666249604595,-0.5323000491715886,-0.8465557616908199,-0.5671662625130921,0.8236033211849806,0.39321876415609147,-0.27416636812035106,-0.5828958432096508,-0.06431643229834248,OGLE-GD-RRLYR-04178
0.24666964000314995,-1.1105088339966178,0.18279569892472544,1.9430107526881712,0.03520047517144084,0.43904693773616266,0.22392945405074097,0.09037119241714675,-0.008669445652489768,-0.999962419649898,-0.9993467669721323,-0.036139166320580556,0.010859003559321602,-0.3429510920837525,-0.9444459001478027,-0.4420118517750873,OGLE-GD-RRLYR-04181
-0.5762192588719056,-0.6070798709568894,-0.05555555555556378,2.2333333333333107,0.20663795783276248,0.47474380297446844,0.2654603479645608,0.13358915625176038,-0.41043583912224296,-0.9118894790291312,-0.7897335711815744,0.613449986998775,0.08838697607746622,-0.2523609267837252,-0.8846300307763507,-0.39577394691553075,OGLE-GD-RRLYR-04188
-0.0815232768047685,-0.9985995258668239,-0.1951219512195365,2.021951219512231,0.22415210647840345,0.3997521399892142,0.2531203632137022,0.0970034589190148,-0.25267980742470025,-0.9675499547412612,-0.9936084441466101,-0.11288161816944724,0.09161751257708035,-0.22795648488282688,-0.9828180930472515,-0.47938547812176185,OGLE-GD-RRLYR-04189
-0.015842338578987366,-1.5361859700596505,0.07524271844659922,1.3674757281553465,0.03955589864636121,0.13347333587439802,0.07734051434224126,0.04220636792926065,0.007715213780159615,-0.9999702372952539,-0.9988140690627675,0.048687323219469954,0.017931083816867165,-0.5386860951116775,-0.9806331496166734,-0.5502131530142255,OGLE-GD-RRLYR-04200
-0.04300774148421668,-1.1922663671540734,0.026755852842818027,1.9021739130434518,0.029846863828625034,0.4917903775586858,0.35231206840255636,0.14438718959381844,-0.059104905554986494,-0.9982517769277128,-0.9941023251741643,0.10844614831021027,0.018336129287386992,-0.17997456071417134,-0.7368129443367424,-0.2450785903348328,OGLE-GD-RRLYR-04203
-0.13189390132202006,-1.324876744059676,0.042944785276060646,1.660429447852757,0.0899717608108548,0.03936476520488547,0.05775617477421511,0.05075702371786571,-0.9994978881135199,-0.03168551177768022,0.6851696500561675,-0.7283835189252356,0.04091230249744417,-0.43449225608510067,-1.0396151475704025,-0.5675919685729202,OGLE-GD-RRLYR-04204
-0.32436420313573544,-0.9482218397420028,-0.1719298245614027,1.9908771929824711,0.0339031759656086,0.5292214210231387,0.3954351492304108,0.2669609855300503,-0.4734107002510755,-0.8808418183123383,-0.7280001634698345,0.6855769555548773,0.03340371704889556,-0.270448989643565,-0.7338238282151082,-0.24611066854016575,OGLE-GD-RRLYR-04211
-0.2701979717537837,-1.1302638850149165,-0.25423728813560137,1.7705084745762534,0.18290401789473146,0.45786932972653177,0.2363794599928702,0.17295794569235967,-0.43653064017272636,-0.8996893909513382,-0.694984171368633,0.7190250354104888,0.08228132628715192,-0.2610975867045928,-0.7675593795247704,-0.28207997416300823,OGLE-GD-RRLYR-04215
-0.3271424485478571,-0.76195757290398,-0.27035330261137164,2.139631336405538,0.1415610027973715,0.5324095048692188,0.3471881409653006,0.2678801537618277,-0.4318252341101167,-0.9019572978726559,-0.8283394210057143,0.5602265645325272,0.0825448444202699,-0.3682521486826054,-0.661400169879383,-0.1571100572781455,OGLE-GD-RRLYR-04244
0.4556680606365376,0.28815057216283835,-0.13157894736842515,2.677192982456116,0.7421261631735347,0.5424959189290196,0.3475270665125933,0.1794173661441142,-0.39231681415076464,-0.9198301567868898,-0.7438297045535801,0.6683691873685783,0.32854009075470014,-0.23656162842051132,-0.7475054775571908,-0.214385475053177,OGLE-GD-RRLYR-04257
0.24310931951333156,-0.6091385351800489,0.04868913857676301,2.2379525593008776,0.5017552568769968,0.538094546475467,0.3974901439557314,0.21622758958014712,-0.1833767571973919,-0.9830427075767201,-0.9990570360838008,-0.04341703181300179,0.2131433652986518,-0.18303659486568208,-0.8752879998072084,-0.3485765992409462,OGLE-GD-RRLYR-04268
-0.10395422452528123,-0.8836776450235195,-0.16363636363637069,1.8763636363636331,0.21036366952918972,0.4689582094723724,0.27644655333245266,0.18910848731251825,-0.2730490320798007,-0.962000117505338,-0.9966751132899694,0.08147833177248279,0.11653057998687465,-0.2417253686569565,-0.8619543331840045,-0.38426031138084804,OGLE-GD-RRLYR-04288
-0.29872731675786995,-0.6156295202783744,-0.09351145038166596,1.9971374045801662,0.5482732687323335,0.4311940179407728,0.1967957319388977,0.1481928063345927,-0.6500361729760611,-0.7599032660955185,-0.4455636100976774,0.8952502830810638,0.21949304415508683,-0.3065851607071417,-0.7648828769582957,-0.28129076298927813,OGLE-GD-RRLYR-04309
-0.9356726490471863,-0.029892233623412423,-0.3216560509554337,2.415286624203827,0.07176791489991058,0.5790009793446302,0.37226096619017324,0.2690650666124898,-0.5708834348385906,-0.8210311223253919,-0.5573920748798857,0.8302494052157435,0.06287820208200734,-0.43535011263111856,-0.6314756556706473,-0.12010167566998917,OGLE-GD-RRLYR-04313
0.004842523498469417,-1.1584093423764514,0.04761904761902931,1.547186147186153,0.37055128949173494,0.25525314908246666,0.13777821175144248,0.08358775831507069,0.11500776115209976,-0.9933645931251937,-0.9660660871948324,-0.25829501577085534,0.18029781928997327,-0.561877434707001,-0.9073814681463623,-0.44684545183037655,OGLE-GD-RRLYR-04315
-0.3543257070839763,-0.8958880666312523,-0.1930379746835437,2.248734177215183,0.09420656596104324,0.5239169872058228,0.3679219530144923,0.2239763092199551,-0.4138423600195678,-0.9103485601973754,-0.8299979287747262,0.5577664728447421,0.05703264902071637,-0.21128048838540928,-0.6585479472500289,-0.14837479684669122,OGLE-GD-RRLYR-04318
-0.6868089948589643,-0.7006364887631413,-0.3020134228187914,2.0442953020134267,0.038053741534204606,0.49471139496751193,0.35170989697753124,0.26605443674869633,-0.5139010547233143,-0.857849465788879,-0.5247639392685111,0.8512477947362885,0.05728884578246291,-0.27312376309440484,-0.7152853542896364,-0.2152401053359941,OGLE-GD-RRLYR-04323
0.07140418341092984,-1.5033367698631122,0.17525773195875657,1.470103092783497,0.023201008221027542,0.1593843658539899,0.0942232502545652,0.06681124484741523,-0.021351770292129625,-0.9997720249663881,-0.9816236925734277,-0.1908269534906131,0.009650871551982888,-0.5148629648682705,-0.9932172731449391,-0.5448504788201726,OGLE-GD-RRLYR-04335
-0.0509602564018011,-1.3155200897226804,-0.10830324909747663,1.7382671480144358,0.028943621933183637,0.35997361111170906,0.17842931072822124,0.06699276123431726,0.07460457651893329,-0.9972131954413914,-0.8986569039448539,-0.4386522187248683,0.012612724462271427,-0.16269769067800682,-1.0928926595218846,-0.6184337042034275,OGLE-GD-RRLYR-04342
-0.5073081579555819,-0.6009776433378122,-0.40919540229884216,1.8050574712643495,0.12687305634094517,0.42992718905567706,0.3073021919108081,0.20404285704934016,-0.34176859346312033,-0.9397841393225577,-0.9505217523483802,0.3106580086084448,0.09381456354639887,-0.23438790719373975,-0.8688147478763362,-0.40604970473601476,OGLE-GD-RRLYR-04351
0.03350967007941266,-0.8929433602534784,-0.12798264642078847,2.1917570498915406,0.12695302072181924,0.49039907783076103,0.3322274943345,0.20245178413925066,-0.2037651867775062,-0.9790197897170047,-0.9682927109290238,0.2498183859561221,0.05850164900280778,-0.23804009409819757,-0.8254645778419091,-0.2965366581167081,OGLE-GD-RRLYR-04371
-0.2366567144490914,-1.3214519879160012,0.0012870012870074305,1.5276705276705227,0.029571895465019777,0.18419125198193723,0.07615872683789617,0.06416751844548574,0.04474436099166941,-0.9989984695481006,-0.8720315707141649,0.48944962935708347,0.01170928031050444,-0.5792462630405413,-0.9840328468467259,-0.5276092723733721,OGLE-GD-RRLYR-04388
0.2175184005191712,-0.6623520738604283,0.12328767123288371,2.031506849315093,0.38271405945291537,0.38756442049650974,0.20990724876296213,0.05643519845670627,0.05843465118411309,-0.9982912358330063,-0.8780070600535628,-0.4786476809680576,0.1915176915483482,-0.21549486823709657,-1.0269612231838052,-0.5278288533076397,OGLE-GD-RRLYR-04404
-0.10208186753800233,-1.2174146706086313,-0.0729166666666817,1.6906249999999996,0.17404357639629278,0.181429588382691,0.0895249822093309,0.08517160349022909,0.13585820107520494,-0.9907282923186403,-0.9697379447872411,0.24414814854882244,0.09142365184435093,-0.5702325764614675,-0.9588474184127433,-0.4886514845097866,OGLE-GD-RRLYR-04419
-0.7308304740800272,-0.5799122852733536,-0.2532920216886127,2.4066615027110823,0.025880634051389302,0.5098805882519686,0.3993761262628786,0.24405898906176382,-0.5799863861851833,-0.814626166925573,-0.43446836921468723,0.9006870911431618,0.043972525698347927,-0.3489047383405556,-0.6160056768191406,-0.10971873807298803,OGLE-GD-RRLYR-04447
-0.44665803853275265,-0.6756084885248796,-0.3550488599348567,1.8175895765472179,0.3105416871409491,0.4136452782003879,0.20633192625709307,0.12208757971060229,-0.40171243323401884,-0.9157658658113459,-0.9338787440383248,0.3575898368709616,0.14003375760721326,-0.2866326224757093,-0.7349369161950845,-0.2533658010624214,OGLE-GD-RRLYR-04449
-0.39473562063461093,-0.8920288951450681,0.0022607385079019405,2.1070082893745035,0.21443885071556332,0.38443036354241245,0.24508823175727917,0.26269236121852835,-0.5287031812386055,-0.848806777864184,-0.30394830184491006,0.9526885271722314,0.1401159345123708,-0.284471307204494,-0.6563358081067333,-0.1555228242543198,OGLE-GD-RRLYR-04450
-0.5754127749058596,-0.7952677059993336,-0.3333333333333333,2.2177570093458083,0.029562911335669042,0.5040009026821853,0.40196106575488283,0.27102679683968023,-0.486654696076114,-0.8735944177861172,-0.713587815188398,0.7005657927808414,0.04684238854577697,-0.2290810753580295,-0.6554164649263267,-0.1475810070629986,OGLE-GD-RRLYR-04470
-0.6220824110232649,-0.7120599955804296,-0.35166425470332,1.955716353111423,0.35619247011897215,0.4531944034900718,0.26545337148748305,0.11276657887178779,-0.4808073967861876,-0.8768262354626997,-0.536425695527418,0.8439475535706741,0.17657266670515845,-0.3966640493848505,-0.6528366071377367,-0.17024608107502553,OGLE-GD-RRLYR-04474
-0.01330871189349546,-1.132340969325494,-0.07482993197279153,1.8757369614512314,0.0948388985890749,0.45811451787986235,0.2474762543425648,0.1166938856355272,-0.09884854768203395,-0.9951024895060572,-0.9999357563354346,-0.011335043091330025,0.0591452373401018,-0.2417122299627843,-0.8777574252732626,-0.38341946991411513,OGLE-GD-RRLYR-04488
0.10949976203494036,-1.2153313288475036,0.2154696132596363,1.7961325966850683,0.17316477609897749,0.37640601074085567,0.2504525273435515,0.13094036820990196,0.04758415757418651,-0.9988672323927514,-0.9629632321235141,-0.2696327383279619,0.08409596096917576,-0.21190467993903495,-0.9766469633812108,-0.4879830305038746,OGLE-GD-RRLYR-04489
-0.3937996541416877,-0.730080707141457,-0.15662650602410086,2.276305220883501,0.11658998447389521,0.5004320165857397,0.2999793275498816,0.2329299520550126,-0.3692513668858115,-0.9293295583661157,-0.9675646505574338,0.2526235281830873,0.05368598533742348,-0.24415603366861516,-0.7434613079782562,-0.24657015842457944,OGLE-GD-RRLYR-04508
-0.06041930212048802,-0.9712962666926939,-0.1423220973782651,2.1196629213483154,0.028555048778604125,0.5263970049486816,0.355852279300816,0.20173250971865161,-0.2613248830267509,-0.9652509028802071,-0.9368698325613882,0.34967830478369166,0.022253808871623836,-0.17997343674494556,-0.7575926674620039,-0.24722193574332393,OGLE-GD-RRLYR-04525
-0.06497843644838379,-1.348365649463914,-0.12629399585922862,1.6128364389234127,0.08499305546960097,0.11428390991297623,0.019366235472880904,0.019319179674054648,-0.13789983270263276,-0.9904461803351992,-0.9970060313780081,0.07732382165849175,0.03345082464074724,-0.5221504942567629,-1.179673715474523,-0.710522533655396,OGLE-GD-RRLYR-04538
0.234667918753653,-0.9657608128724706,-0.06329113924052022,1.9696202531645381,0.1018230717843753,0.3260735889762772,0.15165031796358666,0.06287742824449907,0.1603497908863571,-0.9870602537650381,-0.7415489197237746,-0.6708987998621722,0.045527822938421156,-0.11796934718783658,-1.2069249920120473,-0.7110803943382742,OGLE-GD-RRLYR-04571
0.2572669768561485,-0.1435134904730977,0.09841269841271678,2.128888888888881,0.7207372924059198,0.5540801980359412,0.39721808484552773,0.2628670796087489,-0.5307534353339732,-0.8475262773986337,-0.7228944732148426,0.6909584507012236,0.38174323913721947,-0.25499952131157033,-0.6606396434228827,-0.17353645090719855,OGLE-GD-RRLYR-04576
0.15600581492328808,-0.8883328028607451,0.037861915367474346,1.9679287305122608,0.13997482654429597,0.45561604027478525,0.3537210548062085,0.18963265880791796,-0.20664974970490788,-0.9784149840159333,-0.9963972369441211,0.08480888049090707,0.060929349782377726,-0.21500981638196145,-0.8383334840729659,-0.35477428846458325,OGLE-GD-RRLYR-04625
-0.16880414978127878,-0.9960538167974966,-0.09121621621621986,1.986486486486488,0.026613895012854348,0.5498276667553966,0.39466978588750284,0.24484939293076122,-0.3777669681005051,-0.9259007062380674,-0.8797573519706904,0.47542297131451144,0.02139720853834471,-0.30903722536334044,-0.7412941054312518,-0.2306226739238621,OGLE-GD-RRLYR-04637
0.11528762790632803,-1.350382959940074,-0.04838709677418119,1.6233870967741963,0.017174207387756466,0.39349272016187,0.16664626240750227,0.08445209933381338,0.026271055387567112,-0.9996548562623119,-0.9722792008189208,-0.2338229151621385,0.006438197143865649,-0.30823076230347723,-0.8649152348809427,-0.3951262294473647,OGLE-GD-RRLYR-04639
-0.5954258885951156,-0.8395231082764658,-0.34408602150537676,2.2134408602150626,0.1211943089468063,0.552177755449728,0.36566805581785544,0.2711444730654029,-0.5337643861896555,-0.8456332420355649,-0.5075566120655595,0.8616184106369427,0.0896757446694919,-0.3832879309494253,-0.587291385268651,-0.08438913733853116,OGLE-GD-RRLYR-04674
0.10528558218792294,-1.2414104256217868,0.10259917920658845,1.6637482900136609,0.2975247429535403,0.08215882558698483,0.034017331241770095,0.023618627541912688,0.030330835067281146,-0.9995399143826731,-0.9783481206748763,-0.2069660715478208,0.13901009489481483,-0.47540548504537555,-0.9951936863659161,-0.5170549922513098,OGLE-GD-RRLYR-04677
0.15815755043912363,-1.221151800877772,0.12651646447146336,1.7313691507798505,0.8095828692179055,0.14168882728680457,0.045652860628141056,0.12865829184863914,0.9602780987925907,-0.2790447508542086,0.9565598250278136,-0.29153610607051517,0.3650154044549158,-0.41906092423111946,-1.0747196371612737,-0.6024945031019822,OGLE-GD-RRLYR-04681
-0.5272802082087199,-0.8391293585231292,-0.48499210110584656,2.2105845181674417,0.0349077941584861,0.5417119728490991,0.33252244402233294,0.25942572501818495,-0.3912942877238561,-0.9202656031791475,-0.8286141862230357,0.5598200875191388,0.02130657521471912,-0.2207177500537249,-0.6607114515552426,-0.15511916153160846,OGLE-GD-RRLYR-04686
-0.5892652595778339,-0.4632101908016657,-0.30448979591838066,2.067755102040803,0.3345007553269615,0.41471512585470033,0.208502896759709,0.06100723995582694,-0.5868894127885218,-0.8096671026766149,-0.4426543412423365,0.8966923297203524,0.14705085112909885,-0.3140786618049135,-0.7036113622546727,-0.1984248015374142,OGLE-GD-RRLYR-04698
-0.04419252884894412,-1.3902987482496232,-0.25217391304345005,1.5391304347826416,0.08657086785762938,0.17310479422937822,0.04840802853335077,0.03762451227687856,-0.037658823543494674,-0.9992906549194384,-0.2180284333621662,-0.9759424174845766,0.041005930901566456,-0.6498076486019595,-1.2143236662931145,-0.75202673363819,OGLE-GD-RRLYR-04712
0.316221263785817,-1.1520303461416028,0.3159851301115177,1.6889714993804075,0.06604516243883912,0.37228527339024603,0.17213177619446476,0.07499450646248272,0.47198716515416617,-0.88160541963496,-0.43089026563718497,-0.9024043323140222,0.02914162812034079,-0.05056564878482609,-0.9495148255129239,-0.46756413549329123,OGLE-GD-RRLYR-04719
-0.17053128535683176,-1.0070212851954021,-0.12056737588652099,1.8773049645390032,0.1517854503536929,0.48903726574166606,0.2747901842642137,0.13386989055565282,-0.03240637532251665,-0.9994747754888346,-0.9973513939428127,-0.07273374045330286,0.08477505685563219,-0.23274355257051244,-0.7627681011468457,-0.27621606303467144,OGLE-GD-RRLYR-04722
0.10119788119563058,-1.124337362395133,0.0282485875706357,1.9796610169491298,0.03012274502142432,0.44804712220707316,0.2423423520606694,0.09522576013669787,0.1481241501119492,-0.9889687741044267,-0.9086598198375346,-0.4175372220686666,0.018468499424837685,-0.1383505611412816,-0.9589846156550365,-0.4554359025039585,OGLE-GD-RRLYR-04723
0.041644612244368634,-0.11350591696543777,-0.07802547770699422,2.3423566878980946,0.64551930480116,0.5998321802101708,0.3343964476597982,0.2275311190218862,-0.3545888323355869,-0.9350223312749728,-0.93305431967461,0.35973550914046637,0.3175003106888009,-0.36514874268971753,-0.6381039400759945,-0.13341732293645,OGLE-GD-RRLYR-04728
0.1282286674395496,-0.7703315511286095,-0.032467532467526025,2.135714285714281,0.3540602228898897,0.5560453793641135,0.3468609601758379,0.21685439967805165,-0.05676560414931437,-0.9983875330679782,-0.9351391737122243,0.3542805749527038,0.1893947788450441,-0.15505995403244177,-0.7023936890571494,-0.18190613085336532,OGLE-GD-RRLYR-04745
-0.3521576482201057,-0.8078503033459201,-0.10188679245283383,1.971320754716981,0.356655459514252,0.4224003615186432,0.2333875854569786,0.08514951196416579,-0.3744510113552707,-0.9272466986164011,-0.8623186543759555,0.5063660122038618,0.14057768103561502,-0.26420496164696644,-0.7873963057522062,-0.28199683173298157,OGLE-GD-RRLYR-04754
-0.6551391215946802,-0.7642385785520616,-0.3749999999999928,2.224999999999981,0.0990694093092824,0.504188462230599,0.3863761330824548,0.2521070945687479,-0.4891191910301406,-0.8722169552158573,-0.7150489363138847,0.69907440138828,0.05790356164506588,-0.3568634469967956,-0.5901129548804487,-0.08682216600953314,OGLE-GD-RRLYR-04771
-0.22854792537830276,-0.9693944775966119,-0.2669322709163378,2.2153386454183432,0.03457997691896046,0.5545755063876823,0.3701995351452208,0.2533248657035039,-0.28731118552182827,-0.9578372944681375,-0.9365283563051854,0.35059183937494587,0.026131269869686814,-0.2572532487504722,-0.7628021648307615,-0.25488615491475586,OGLE-GD-RRLYR-04772
0.07347011533830057,-1.514919192363084,0.01086956521736591,1.4586956521739034,0.07451023636497234,0.08310404870142607,0.03408061212379848,0.026322732394490636,-0.04291992848486887,-0.9990785153024029,-0.9069472309161849,-0.4212442525821147,0.03273483782765997,-0.5191440508031209,-1.0173515213258553,-0.571217488503046,OGLE-GD-RRLYR-04803
-0.4580506064035068,-0.8340019929724782,-0.17701149425288623,2.086896551724148,0.21190902088528388,0.5709404933257183,0.40626603273931067,0.2881090814137475,-0.48826099893174746,-0.8726976549310604,-0.829421990602677,0.5586225572823683,0.12046660408081884,-0.4101646364957202,-0.5472453058919461,-0.042009821593168836,OGLE-GD-RRLYR-04820
-0.40531416170839507,-0.7137210765264066,-0.17591721542802022,2.402257761053638,0.0427929520149372,0.5263006905210971,0.3513004155022001,0.24167679040217355,-0.3071260900672212,-0.95166883147449,-0.8639097938094614,0.5036465706823525,0.02933461657845535,-0.24643887085126243,-0.7191364788321822,-0.1949071216573289,OGLE-GD-RRLYR-04825
-0.8070930707552015,-0.5616146255212118,-0.4547738693467275,2.058542713567846,0.03191192748781871,0.4922711820829147,0.3736464520227372,0.2145923872343627,-0.6520897661520632,-0.7581417656874917,-0.2758384514334102,0.9612040099327605,0.04593794861584815,-0.35984539070780297,-0.8827421982356674,-0.38758704080458445,OGLE-GD-RRLYR-04829
0.0567622635559401,-1.2800487924680797,0.05681818181817104,1.6340909090909308,0.059740221536644954,0.4244221593093347,0.1916133753856157,0.11329544963162409,0.08066993267532517,-0.9967408700169561,-0.9766229027882687,-0.21495977705007016,0.028952559716676478,-0.21906850563522576,-1.013278466682047,-0.5412111182891532,OGLE-GD-RRLYR-04830
0.09489227304735391,-1.1150530626427817,0.27160493827163146,1.7839506172839485,0.21311472942403073,0.3529289863313367,0.21235395826418782,0.0853560047509848,0.06155362243486141,-0.9981037779535485,-0.9982577832457088,-0.05900337438963516,0.09393590658750857,-0.2522821029715969,-1.0269377622234401,-0.5391021572434552,OGLE-GD-RRLYR-04853
0.2603812325861904,-1.1505496166111466,0.021739130434789745,1.7502717391304197,0.025242511077541836,0.43158431842811207,0.24223134943540273,0.09787073792284585,-0.004707072630972686,-0.9999889216722587,-0.9464962460386815,-0.3227148218391644,0.014836738847173105,-0.25381413401730346,-0.9820983852751841,-0.49207669650807134,OGLE-GD-RRLYR-04877
0.11724031975531381,-1.035749409153546,0.08558030480653968,1.883001172332925,0.370565746259818,0.23707711399910852,0.1537230048516785,0.11170357546695053,-0.20784747952629903,-0.9781612470623464,-0.6977766207520651,0.7163154246083416,0.21786886757429258,-0.4665049212419772,-0.8780653632188686,-0.3962603697573858,OGLE-GD-RRLYR-04878
-1.5347959766858308,3.771570497571309,-0.11190053285965881,2.4390763765541585,0.3757957886219042,0.5253382008023478,0.42017970165489715,0.15493376524220928,-0.5589154328725555,-0.8292246612932371,-0.13975842774405553,0.9901856300080857,0.1411608488537768,-0.30166858249130146,-0.9016521541462044,-0.4643261965742508,OGLE-GD-RRLYR-04892
-0.008521474462922765,-1.075366906578725,-0.12107623318386164,1.8816143497757734,0.08684149530127987,0.5443052148001514,0.3152186900016419,0.20455283367746396,-0.1176044267749987,-0.9930605212185831,-0.9999973852598172,-0.0022868042174229806,0.047191146983620307,-0.2936367432122616,-0.8691443137337377,-0.37716452047848437,OGLE-GD-RRLYR-04907
-0.10478441388734352,-0.9628949192517404,-0.27413127413126587,1.9818532818532968,0.14765094798477568,0.5341773622756982,0.29484693039488674,0.18547631813539864,-0.21843481168328985,-0.9758515425231882,-0.9931731544208453,0.11664941207630594,0.04912989620332065,-0.1663842305536076,-0.7968437146533264,-0.2896287357392335,OGLE-GD-RRLYR-04935
-0.31794571588752946,-1.1614155831847421,-0.2335329341317444,1.6700598802395201,0.06347733825502713,0.48233817182370314,0.2836600458831155,0.17678162643673076,-0.31385539856661937,-0.9494707940693008,-0.8619033167174487,0.507072650249904,0.024024550850803312,-0.2501685596293842,-0.7293098192403769,-0.2535214900699673,OGLE-GD-RRLYR-04945
-0.4266471953980698,-0.7188903707097114,-0.296752519596849,2.2412094064949635,0.05895597892530518,0.46897360111547276,0.38784393391136557,0.21986645969413765,-0.4750266715840362,-0.8799713979918848,-0.7469296593047128,0.6649030636498419,0.036255318305736875,-0.25874724832512624,-0.8330669349607476,-0.3007260958791679,OGLE-GD-RRLYR-04960
-0.1996317961634282,-0.8058612222941721,-0.20392584514721623,2.4157033805888757,0.023833416291021606,0.5370200952726031,0.3642308529823725,0.16509065079919377,-0.04503892597158825,-0.9989852326973236,-0.9996681138987369,0.025761639197498003,0.01766093345786632,-0.18382497641388695,-0.7881498454700203,-0.25664704859044374,OGLE-GD-RRLYR-04975
0.1900758659718339,-1.1434962042471102,0.1377410468319064,1.6457300275481608,0.7811915413234465,0.10376798666391558,0.11307990731087104,0.12681233187214697,-0.0023007355623791462,-0.9999973533044335,0.3794212040298864,-0.9252240539093822,0.38902059625866314,-0.4378394786905031,-0.9904538678187977,-0.5247647773958766,OGLE-GD-RRLYR-04983
-0.3946041238187778,-0.8945462348975055,-0.12153846153845184,2.041538461538463,0.112494824523193,0.513419122286915,0.34242496972974146,0.24274811145010838,-0.5104706813862814,-0.8598951584030612,-0.674857277573989,0.7379482738684494,0.060430080288306424,-0.2610907651770234,-0.6820525549889881,-0.1781590727995463,OGLE-GD-RRLYR-05011
0.20724007196332198,-0.882338374068381,-0.09187279151942096,1.8674911660777216,0.6452694526300004,0.21401966263477448,0.16597630472157646,0.12441589148002004,0.1839946593817888,-0.9829272431461952,-0.9026393665646312,0.4303976927538082,0.28521709763047354,-0.4516929889236852,-0.7669225777050089,-0.27695500835655695,OGLE-GD-RRLYR-05018
0.2674003764347048,-1.2135508159539565,0.2852941176470807,1.6282352941176395,0.7691978762779781,0.06179039543822658,0.03706345142713094,0.08690583328935272,0.14940195099602294,-0.9887765455544453,0.30282428376935583,-0.9530464066138525,0.32926197203755847,-0.45233692140823023,-1.0150982596575882,-0.5578339142152775,OGLE-GD-RRLYR-05049
-0.19054430702082678,-0.9735824709457663,-0.20194647201946017,2.0170316301703024,0.04708273033345564,0.4693827570389462,0.2812817102821275,0.14077437623508926,-0.22772611703336548,-0.9737252259343525,-0.9855951929402905,0.16912160019640132,0.022323029640263108,-0.25012409123775403,-0.8929198801002604,-0.38247546511370917,OGLE-GD-RRLYR-05065
-0.33911979738740344,-0.8873601081870426,-0.1673338670936554,1.980624499599685,0.13567674149254427,0.4732568451360948,0.37397078728629457,0.16581608999324582,-0.36617159586421905,-0.9305473455887406,-0.8993440533264973,0.43724166515356977,0.06114943451560696,-0.26554661641763466,-0.7051224718112651,-0.20869540614296078,OGLE-GD-RRLYR-05102
0.17685187996540253,-1.210302564616726,0.2765432098765646,1.7367901234567726,0.2691907401830807,0.13493064719821393,0.08709372929366394,0.05292390681425063,0.18824830766019,-0.9821214663487783,-0.8840389256893061,-0.467413283792938,0.1199958705952721,-0.5039520480898045,-0.9263469049355164,-0.45382763168306056,OGLE-GD-RRLYR-05123
-0.0960344843962463,-1.0546293898615031,-0.08856682769725077,1.964251207729466,0.030202728443223918,0.522937647664538,0.34779910022551386,0.17758611922636805,-0.1618788563654139,-0.9868106382998846,-0.9544826261349304,0.29826651908413493,0.019912567047595385,-0.16654912850499684,-0.7143609197763431,-0.21474136664230045,OGLE-GD-RRLYR-05124
0.09562849265460428,-1.0958093067824923,-0.361623616236173,1.8815498154981618,0.0754005424223275,0.5937192248397368,0.3478609776566217,0.19012505254530346,-0.13732036564833888,-0.9905266867572052,-0.9999842105405401,-0.005619490155948304,0.011976603023414445,-0.19635150235626422,-0.7781217382153789,-0.2925149880325264,OGLE-GD-RRLYR-05139
0.07851006440010859,-0.639505183004101,0.06206896551724391,2.062068965517244,0.5436527707927244,0.3979359091421037,0.23567805537101671,0.08963687327233585,0.18580987462857426,-0.9825857166123032,-0.7465016902086434,-0.6653835183678948,0.21580506930261328,-0.21414857739360588,-1.0140881825647736,-0.5243288116755711,OGLE-GD-RRLYR-05141
-0.07156083161398569,-0.8790920079403697,-0.034126163391919956,2.1354705274043124,0.3764685316258154,0.450255970642789,0.37420593818738357,0.2395941077182193,-0.4025862067949076,-0.9153820765661124,-0.8826898825330189,0.46995592482045073,0.1543827089643675,-0.23171182801310208,-0.8033835697905645,-0.28713993533554305,OGLE-GD-RRLYR-05143
-0.03569378341682931,-1.2053931239340114,-0.03494176372712284,1.8163061564059921,0.018141445396299725,0.531396434510455,0.3297735639969965,0.18629089774061944,-0.15036346076616128,-0.9886307853118995,-0.9845446415402221,0.17513380260371075,0.014245952337460923,-0.16343840408056978,-0.7529341754186507,-0.2629664686661224,OGLE-GD-RRLYR-05144
0.03746478728763562,-0.8061510820805315,-0.018121911037884172,2.006919275123554,0.13822820898290364,0.5634633019648037,0.3302577085934353,0.16795879504436229,-0.34704853218280973,-0.9378471710837312,-0.9460378578033832,0.32405612415565566,0.055436304416701526,-0.23242663245549028,-0.7155632304375806,-0.21531140049858016,OGLE-GD-RRLYR-05158
-0.5484455271210678,-0.9155917576374799,-0.3265436028007676,1.814258434118399,0.05859758647662357,0.5160285719702186,0.43538898907549123,0.2629135396700084,-0.6093159380027828,-0.7929275425256642,-0.44204799182227755,0.8969914006978504,0.05454947927536696,-0.35300533945160617,-0.6265748397127382,-0.14718465558301602,OGLE-GD-RRLYR-05172
-0.7129562374110957,0.20661410240176714,-0.07784431137727774,2.85449101796409,1.1668836509767069,0.23977075960385727,0.09749004316060085,0.18813582342261023,-0.28054787388661556,-0.9598400337856823,-0.9875008240022872,0.15761384011184965,0.4943956935185423,-0.279250903466847,-0.8490382660454306,-0.32175484807296034,OGLE-GD-RRLYR-05180
0.4837324245923217,-0.8030995793188009,0.22356091030793848,1.9892904953145976,0.11423178336793455,0.4649174134015228,0.1924449768557423,0.07369377294947749,0.15991696935097593,-0.9871304690432765,-0.7826571054742122,-0.6224530948197847,0.05651670213493984,-0.12531091268728006,-0.921980421719315,-0.4300411819034047,OGLE-GD-RRLYR-05188
0.12126404022687007,-1.4982459071400178,0.23687943262411393,1.4499290780141805,0.3307008959750719,0.059562112757199706,0.051690602653775744,0.00565498808556379,0.8028209937898484,-0.5962201371391946,-0.4539844689494343,-0.8910095970037024,0.1189505005767878,-0.40664759734806794,-1.0411867417647178,-0.5925241147087421,OGLE-GD-RRLYR-05219
-0.03881564599120292,-1.3763061091263398,-0.3180661577608137,1.5959287531806639,0.6073935092392022,0.21073778889448172,0.13510261100591825,0.1282528850729226,-0.6929021556664584,-0.7210316239061745,-0.5634211596488633,0.8261698353607024,0.2837405458823931,-0.49411845839913693,-0.9608221158507685,-0.5036239459875977,OGLE-GD-RRLYR-05229
0.34537927824197645,-0.7052679744718073,0.10000000000003045,1.9731428571428589,0.13752232802814665,0.4300576905995187,0.24125136297980385,0.10474103484521123,0.27796331087059556,-0.9605916915161492,-0.81301795241506,-0.5822386186528881,0.07460744076447767,-0.11142490526869359,-0.9489069918438171,-0.4618034216505436,OGLE-GD-RRLYR-05236
-0.22237105823711578,-0.9901307919089253,-0.1310541310541067,2.1333333333333035,0.1962396002472441,0.4744453433423546,0.2706750547309593,0.1415618591604086,-0.21087222807794861,-0.9775136333706255,-0.9659560517529607,0.25870621577733965,0.09862598595955388,-0.22886202967733285,-0.9402388721830623,-0.42666415993393075,OGLE-GD-RRLYR-05257
0.07728488682103285,-1.3107492319439686,0.17401392111369673,1.6491879350348104,0.2416607629627005,0.192160749528047,0.037484000436808954,0.08198833103968002,0.16012578093357777,-0.9870966185133104,-0.42648425282049324,0.9044949873250518,0.11471632593529957,-0.5316992479529293,-0.9203028322828591,-0.4492825765307179,OGLE-GD-RRLYR-05262
0.06501071637038525,-1.2740940546944701,0.08285714285717441,1.641428571428579,0.19826643489324788,0.3784356048129992,0.18851270845582185,0.12408194282611974,-0.15454708821515853,-0.9879854237407635,-0.9970551900265449,0.07668733951005617,0.09846738279372914,-0.1944327997613981,-1.00468899915027,-0.5417399626396823,OGLE-GD-RRLYR-05280
-0.5046846335384292,-0.9966894300107576,-0.35875706214689856,1.9531073446327625,0.048254511837872494,0.48654426367943393,0.33203855433714163,0.22429504181849125,-0.5261403864490062,-0.8503977268004016,-0.5733909696402396,0.8192818781927412,0.02843699458808,-0.31688509278375765,-0.6471880567684416,-0.16027062479361212,OGLE-GD-RRLYR-05284
-0.14911901189522356,-1.2812453667300416,-0.14925373134328887,1.6104477611940373,0.19832109785232846,0.1428528399655869,0.0678046584072267,0.015348170040358605,-0.2798490562452437,-0.9600440123862273,-0.8786740503186303,-0.4774221541745346,0.09560684924686964,-0.5597029961828678,-0.9633465553343387,-0.4898573005974238,OGLE-GD-RRLYR-05287
0.13566046497950693,-0.8729622664707333,-0.07800000000000296,2.2931999999999846,0.16141051192947012,0.5210102483678875,0.2668166660952149,0.1625133111476718,-0.06308712741503854,-0.9980080231914564,-0.9944996685731899,0.10473972125137346,0.06157219562483588,-0.2566577766906482,-0.739265927391185,-0.24161805822532761,OGLE-GD-RRLYR-05312
-0.1924505622993376,-0.7967029876368352,-0.17222222222225364,1.9729166666666462,0.23684227113300996,0.597591069127525,0.3230307439381347,0.23362038980965275,-0.44732457266578113,-0.8943716938104517,-0.7533411387736697,0.6576299328886959,0.13755395124540218,-0.3728809419497971,-0.6594846339566158,-0.14858875760502746,OGLE-GD-RRLYR-05314
0.13606392060143016,-1.5384101991728294,0.11702127659575504,1.2414893617021214,0.02477114671147382,0.1164580063014465,0.05720488819173906,0.042635863250167536,0.3828939866794318,-0.9237922899465718,-0.9042492695326156,-0.427004986563074,0.00926269665404687,-0.49666409383969695,-1.05989413112249,-0.6318991482906494,OGLE-GD-RRLYR-05322
-0.007484407809757578,-1.5941339968950508,-0.04761904761904941,1.250793650793649,0.03217513259280532,0.10585916742565257,0.0708542355695979,0.027130717433748435,0.44830326233233314,-0.8938815273749577,-0.5383012009717487,-0.8427525241922287,0.012445566456705979,-0.4977981023395874,-1.051284866792498,-0.6263525277907828,OGLE-GD-RRLYR-05331
0.14023264835058358,-1.0320916511304739,0.015479876160976614,1.7328173374612963,0.2796173861071235,0.08793549535770648,0.06131465604958243,0.05342205248205336,0.17659785200804146,-0.9842830886823901,-0.11029068393053632,-0.9938993736984316,0.11622808130284625,-0.4932143903660581,-1.0210004378245656,-0.5530746887572517,OGLE-GD-RRLYR-05339
-0.2883634357261539,-0.3702350168621438,-0.21575984990618413,2.2645403377110958,0.46253449919127454,0.4047334278908576,0.24641791602483537,0.1239639108072736,-0.47481665175287097,-0.8800847386577004,-0.6778124358956099,0.7352348616226381,0.2465827925584259,-0.3146134535390047,-0.7238905876083728,-0.2193227255666317,OGLE-GD-RRLYR-05348
-0.5134100386896081,-0.4988208981552913,-0.10481099656358586,2.0828178694157975,0.4049226184628791,0.31658738613899107,0.235000030494784,0.14065798837998136,-0.5100080776872717,-0.8601696115846769,-0.5114987503875609,0.8592840207707599,0.1809640086930095,-0.3090528149727946,-0.7110515330268913,-0.21745571598999144,OGLE-GD-RRLYR-05365
0.4037615539001485,-0.8133360196159458,0.21212121212121973,2.041919191919202,0.1596507452006682,0.4842506318218045,0.2886533425869955,0.15934600127239648,0.0075837127630259855,-0.9999712432368882,-0.9936453249382333,-0.11255651126608689,0.06001078658353226,-0.21019448582912165,-0.9019185605298947,-0.39329625866632273,OGLE-GD-RRLYR-05367
-0.0020280039317060136,-0.9103066101752764,0.21461187214616198,2.102283105022751,0.11794470345285273,0.3492656407542759,0.13959561021697692,0.041898393223624646,-0.06445453523921156,-0.9979206445840757,-0.9571683128465948,-0.2895320722863072,0.053214316466982006,-0.1654070433822335,-1.1513968967124137,-0.6378946807062271,OGLE-GD-RRLYR-05384
0.39632315981112626,-0.5660539746094777,0.30246305418718006,2.0756650246305477,0.7242821523534531,0.4820692769667522,0.3228047671505598,0.13727475671958,0.17315728495218605,-0.9848941845030802,-0.8859016309809298,-0.46387315100717835,0.3316955457062052,-0.3389260158809189,-0.7765997024874775,-0.2784366816425177,OGLE-GD-RRLYR-05425
-0.03672626333093104,-1.5242421476710488,-0.012987012987013387,1.348051948051942,0.1432826539721952,0.13356230926977894,0.07517997466949423,0.09360292221359937,0.1671116468281122,-0.985937978523191,-0.694290270202144,-0.7196950887025935,0.06334307047812679,-0.4665015901328662,-0.9437574296075686,-0.5066813917678974,OGLE-GD-RRLYR-05433
-0.508787528628522,-0.6432776698989962,-0.27222222222221715,2.2122222222221994,0.06993220828996607,0.5955358158312525,0.4817934195422387,0.25313981142941777,-0.5685552223694246,-0.8226450991262599,-0.7468494234722571,0.6649931869268716,0.06066590189955902,-0.40574342828938914,-0.6116960301644345,-0.09886874864462891,OGLE-GD-RRLYR-05438
-0.3167670250316627,-0.6063786217453893,-0.07936507936507803,2.418253968253975,0.07532756806716157,0.5315529935747458,0.3336264894730704,0.16265184857208456,-0.26919711635728016,-0.9630851014032586,-0.9209121242437878,0.38977026492639794,0.025905682885072997,-0.22916346129451873,-0.73605206890539,-0.2150975501133459,OGLE-GD-RRLYR-05446
0.39225081366892645,-1.1338122362464782,0.19135802469137372,1.7191358024691417,0.07401043171692957,0.3740558572628875,0.166903380522001,0.05939275949707756,0.3597104966952302,-0.9330639627417141,-0.679636078944955,-0.7335494531361378,0.024406261915285367,-0.1527904616372214,-1.0358917261197556,-0.5551748004902534,OGLE-GD-RRLYR-05451
-0.5989642063086742,-0.9150333481352755,-0.485677083333339,1.9061197916666681,0.045680298440383516,0.5567547907628344,0.3367711242896581,0.2311881136716788,-0.42658802111274396,-0.9044460515935226,-0.7417995858377988,0.6706216328533326,0.02390654435009151,-0.27074127187571423,-0.6255252954518492,-0.13551858487842713,OGLE-GD-RRLYR-05454
0.03963071897868576,-1.121131729003481,0.16216216216216864,1.7912162162162222,0.5323922839740166,0.11319233423325493,0.034265704037305,0.06816347856232856,0.124968687657617,-0.9921606861316029,-0.9438446548233226,-0.33038956938959657,0.22866043359317426,-0.6115949341594586,-1.0602297708347463,-0.5765902722669061,OGLE-GD-RRLYR-05469
-0.27821045724064086,-1.0125535638359842,-0.015926236378881384,1.9730092204526377,0.07591812414011455,0.46063655370840945,0.2558309066159237,0.16001961770946294,-0.40200944783094006,-0.9156355191093576,-0.7793631030681231,0.6265725445437473,0.03685294103325881,-0.2989072963789617,-0.7224232576791884,-0.23029043281478423,OGLE-GD-RRLYR-05471
-0.5259360102704282,-0.6033714435090562,-0.2271186440677986,1.87186440677967,0.15262888799462968,0.4430523754237719,0.3039907288425727,0.1641708137996111,-0.5248205535276754,-0.8512128914642355,-0.5636694796691434,0.8260004344366395,0.0869994129583825,-0.32505703046602297,-0.7411406691962572,-0.2579035976967563,OGLE-GD-RRLYR-05476
0.05940716346736937,-1.2407098786186705,0.03643724696356415,1.6947368421052698,0.056873895599365266,0.46380019400523537,0.27942240094063714,0.1114121003727897,0.11606012587247627,-0.9932421895904668,-0.9240991365769752,-0.38215283039340303,0.02504627201949292,-0.12979424726839373,-0.8547568308352241,-0.3782007759973309,OGLE-GD-RRLYR-05497
-0.5886351519380797,-0.5710121994718751,-0.33727810650888757,2.0331360946745525,0.317107017906411,0.40695835645861966,0.26348581442771873,0.18928558635567877,-0.7476495359998415,-0.6640934959169692,-0.28005450011473376,0.9599841024545597,0.18481843510335053,-0.32324298800903567,-0.65031466025842,-0.16291684917681368,OGLE-GD-RRLYR-05509
-0.3958226316745946,-1.138611192181837,-0.22091062394603617,1.7878583473861644,0.04393971079785478,0.5434476655647131,0.4074626011599823,0.2712953158239109,-0.6066375333105036,-0.7949785551692244,-0.49911390375452747,0.8665363876254224,0.03982035902526595,-0.35699925444623154,-0.5917967271828515,-0.0995509367178915,OGLE-GD-RRLYR-05524
0.05369195637156346,-1.1200378440482783,0.056768558951972144,2.077729257641918,0.01978871875323906,0.5192541092535634,0.32197358417214167,0.1563032604072547,-0.111842832370304,-0.9937259083104295,-0.9993137538395126,0.03704080705359891,0.007542309222222277,-0.2720363896368265,-0.8186880684421534,-0.32257556229875134,OGLE-GD-RRLYR-05534
-0.43667475623780455,-0.5195120361324501,-0.3148148148148032,2.121296296296276,0.4059084154637702,0.6313419341616114,0.30582044081683774,0.16655973109329775,-0.6645197866730332,-0.7472706692491192,-0.7566753088531936,0.6537908510922465,0.18869212752655212,-0.3610379090799108,-1.4455208683388405,-0.9410049064745857,OGLE-GD-RRLYR-05540
-0.6729107672736507,-0.666916073956624,-0.278082191780805,2.149999999999995,0.09611186564376456,0.4857907909533645,0.34514276424861073,0.2535525523778336,-0.559911514138184,-0.828552410131964,-0.5679203241709709,0.8230835348818122,0.05845928336953733,-0.34745566500504,-0.5909876810434878,-0.10526867562791858,OGLE-GD-RRLYR-05580
-0.5768081281457398,-0.7107025256633261,-0.24005486968447384,2.1779149519890044,0.07586477243342551,0.5981812039930012,0.372676821405095,0.21711085129585989,-0.4575449969915127,-0.8891864684800577,-0.8367922238192038,0.5475205696188149,0.05514493366044373,-0.41949804616336833,-0.5887925850803643,-0.10026155088081026,OGLE-GD-RRLYR-05589
-0.6228293303066412,0.3449294370757916,0.03562945368171101,2.4508313539192117,0.3106085076748645,0.5241707123652393,0.3389459583398472,0.18578517950003745,-0.3587544920092207,-0.933431954918625,-0.8626284569979717,0.5058380622069659,0.17268197257715373,-0.28549368262191743,-0.7705671655788909,-0.28743447212669,OGLE-GD-RRLYR-05596
-0.5100165451441058,-0.8930300954934443,-0.3318385650224126,1.903736920777281,0.048093577959569055,0.516230271155407,0.3660500501074493,0.2599007952251646,-0.4439579780639377,-0.8960476068342464,-0.8113820389010068,0.5845161990474216,0.03556573907867914,-0.31127086225589395,-0.6850254253818002,-0.19599694527038675,OGLE-GD-RRLYR-05607
0.07888214114040673,-0.8649519577644078,-0.09506618531890185,2.2091456077015637,0.21282642662147117,0.46001605375761584,0.31090785781816577,0.11736728506095101,-0.14070816992229995,-0.9900511153052236,-0.9990180731050925,0.044304510034397906,0.0980764129114684,-0.23130562907878402,-0.8495236884359668,-0.33823462580674657,OGLE-GD-RRLYR-05611
-0.5022452353088379,-0.3236364563514118,-0.31984435797665206,2.3778988326848034,0.29197347373711263,0.7608574943227241,0.3304862863041908,0.3088474985770334,-0.0012437068229660564,-0.9999992265963702,-0.9639598949631647,0.2660475914241746,0.1534757826432058,-0.3023704100101426,-0.6394837030607043,-0.11696348997232044,OGLE-GD-RRLYR-05640
-0.6205675496928132,-0.34364548332235945,-0.2845528455284415,2.138211382113809,0.24324616101374402,0.48099355866231885,0.3365864326496393,0.21769085153041307,-0.45546094175064383,-0.8902557669229763,-0.7393666304476493,0.6733030415648582,0.1001497299564572,-0.25766643637776343,-0.7960116219158384,-0.27901425584626255,OGLE-GD-RRLYR-05654
0.12043717870014477,-1.1211898429677452,-0.020408163265295026,1.7755102040816642,0.31177828814600916,0.22634060219930588,0.06916719084059232,0.059223120798270336,0.014801657060456783,-0.9998904494734734,-0.9738686579160509,0.22711194845007543,0.13930949126457176,-0.5746504428177156,-0.959371651460162,-0.4584207560534159,OGLE-GD-RRLYR-05683
-0.02807808837430579,-1.1070431532602085,-0.08108108108108368,1.7243243243243123,0.3380413517686005,0.3852608158409707,0.16240782813422217,0.1353275107374359,-0.2101111219085971,-0.9776775114782535,-0.9278940613584491,0.37284394979095836,0.16304583420915728,-0.23982927675924842,-0.8976068422393969,-0.4170280708951945,OGLE-GD-RRLYR-05686
0.2707346395080038,-0.8711654565348459,0.21182266009851544,2.0216748768472574,0.15011027437547825,0.4650275649337609,0.30020786140795397,0.15436756794010928,-0.08616045682232064,-0.9962812733762334,-0.9344273559537253,0.3561537820174453,0.08640987807730605,-0.1764100656755006,-0.8886739713793901,-0.38679264789624096,OGLE-GD-RRLYR-05698
-0.7069827882751618,-0.3509828562729207,0.09463722397476694,2.1766561514195613,0.33280490464159024,0.43632250185932264,0.4197815411658539,0.1997227121805722,-0.5298929219316579,-0.8480645560844586,-0.7585274570912725,0.6516410797660379,0.11439564602506477,-0.3121646526955127,-0.6403348026173106,-0.1611509092627439,OGLE-GD-RRLYR-05717
0.16631955144400395,-1.267252475677331,0.21645021645023335,1.5043290043289943,0.05676674335674879,0.271295507434919,0.07690334521198668,0.05304289353025342,0.2325800077710328,-0.9725772668457896,-0.4653627616628185,-0.8851200483875364,0.021516230683765188,-0.08272308297036161,-1.226475840640202,-0.7600751867378484,OGLE-GD-RRLYR-05721
0.27939874260896175,-0.8281723019306035,0.23843416370106923,1.7295373665480525,0.4427065500248037,0.3699773964767816,0.3567916818906527,0.044987936098235995,-0.16232072364701017,-0.9867380517010129,-0.9864991674582626,0.16376627431847698,0.214213926287819,-0.19090944205770932,-0.7766560429111556,-0.313363730737706,OGLE-GD-RRLYR-05723
-0.16638875489035024,-0.49833381385372677,-0.4040816326530808,2.1069387755102316,0.34063492982120497,0.5314130360273172,0.4018835442335189,0.1742022952210645,-0.2546861491030819,-0.9670237667477686,-0.965527320415951,0.2603017355500988,0.1395563790709278,-0.24855761966739734,-0.7707259877711549,-0.2871819997921488,OGLE-GD-RRLYR-05753
-0.0011550931625963622,-0.4304068994032142,0.11818181818182327,2.3803030303030397,0.8084690188341264,0.42350461549396384,0.4349411312211637,0.2784491347000047,-0.6263282562010112,-0.7795594367873436,-0.44012464862087164,0.8979366868974417,0.3232785991738757,-0.2975749525888643,-0.620171708440098,-0.10485381062400843,OGLE-GD-RRLYR-05772
-0.21909710699886698,-0.8628667042067217,-0.08235294117647288,2.1152941176470397,0.07760319884700337,0.5184103091691242,0.3798272934198762,0.2392913781801533,-0.27703632670505174,-0.9608594453330684,-0.9267545538747479,0.3756674019294419,0.04707821599672023,-0.17315255561390028,-0.7810773082095892,-0.26808905788312715,OGLE-GD-RRLYR-05773
0.2915406196538965,-1.3122035716528329,0.22456140350876921,1.5315789473684094,0.05698890978102178,0.29754668016434693,0.10006009937882686,0.05374474694088808,0.3221536522679109,-0.946687395252755,-0.5910522570838632,-0.8066332682180117,0.028170430687506305,-0.08737017987451602,-1.1268500544415405,-0.6610457476223903,OGLE-GD-RRLYR-05792
-0.4259217786890977,-0.9021996774947745,-0.34366197183096514,2.092394366197178,0.06189197509806129,0.5055183027670455,0.3381838107173742,0.24926131165958398,-0.3820143188896422,-0.9241564046000453,-0.834379482294049,0.5511904203872875,0.053641890376997924,-0.22997202266519917,-0.6389456442100842,-0.12912810493225776,OGLE-GD-RRLYR-05804
-0.07406074610710361,-1.0095606993356303,0.05502392344496646,1.8502392344497454,0.06135664961399581,0.513470163679374,0.3767824080289891,0.21270824053130347,-0.3001740383423388,-0.9538844514432826,-0.7948115133198891,0.6068563736949195,0.03471594212444672,-0.2712010224564995,-0.6129636541570689,-0.11159583226295404,OGLE-GD-RRLYR-05807
-0.20149047402312653,-1.349970977268458,-0.35211267605633406,1.4754929577464662,0.10803330216382089,0.1674816750806426,0.0422179836951114,0.016596530917297517,-0.0690017376417346,-0.9976165396596135,-0.9996934199221266,0.024760172947753307,0.044027525131065386,-0.5431727511958041,-1.026566299853231,-0.5818645015747667,OGLE-GD-RRLYR-05823
-0.023516477466787755,-0.8440631348341356,-0.12515489467162405,1.9506815365551775,0.3819827465744732,0.4780904189249028,0.28981897440419063,0.19737846669442408,0.0008773524173509231,-0.9999996151262939,-0.9998392396090816,0.01793027991787663,0.16313797040117298,-0.21454500654061412,-0.8986394509131974,-0.40500008326775283,OGLE-GD-RRLYR-05824
0.1687582731404132,-1.194543749381614,0.2853025936599579,1.6541786743516071,0.2262665302833457,0.0780919670965953,0.08969818110160223,0.07519136489386381,0.46902235678606086,-0.8831862933916316,0.2991272989572758,-0.9542132146530589,0.09027128118348127,-0.35275438256088754,-1.0136253131900075,-0.5421181032660092,OGLE-GD-RRLYR-05834
-0.9315672764075597,0.4302766976584107,-0.41071428571429114,2.3446428571428393,0.5964705032157364,0.472119721218212,0.32452176470039057,0.1281925488911237,-0.4207411327638109,-0.9071807423003562,-0.8857260663380089,0.4642082888202204,0.20393767654059916,-0.4240738586364795,-0.6933490262961414,-0.18276526957450343,OGLE-GD-RRLYR-05852
-0.556771361466478,-0.47769669253777414,-0.2701525054466108,2.378649237472749,0.6705103371533921,0.24475475113883025,0.06966739947804645,0.059305553311185005,-0.7056093385248599,-0.7086010594026161,-0.9645170895602589,-0.26402042335055725,0.2857234216178292,-0.3170670736606415,-0.7888010874377666,-0.26288690569403905,OGLE-GD-RRLYR-05858
-0.2889830854098293,-0.4389898999031572,-0.15782024062275787,2.4016985138004245,0.6268723418759387,0.6045499241426855,0.47081229598326485,0.30058559150048914,-0.5372335869109549,-0.8434335024735439,-0.6371911434177572,0.7707058107669691,0.3394446643984388,-0.39681935826540105,-0.5863128676624998,-0.07139934015547676,OGLE-GD-RRLYR-05859
-0.5406617982825803,-0.5553277507380794,-0.15100671140942643,2.0104026845637817,0.1344320266267231,0.504790345521889,0.2924608094341153,0.1581694263615862,-0.4625909532723473,-0.8865718301133761,-0.5945216403687518,0.8040796099474532,0.07613287780831653,-0.3450793242941496,-0.7107713925636927,-0.22250068040963245,OGLE-GD-RRLYR-05861
-0.7708709265967415,-0.6013424917085914,-0.3784219001610512,2.3040257648953184,0.09704122867640667,0.4716815551876264,0.33422212694403036,0.19418965414363407,-0.5866941442661182,-0.809808607686932,-0.4835164224306442,0.8753352896118555,0.05295566377894173,-0.3284552956195596,-0.644227408859991,-0.1454510641870499,OGLE-GD-RRLYR-05873
0.12582525000156217,-1.1551215815931561,0.08042242079611568,1.783915515840786,0.2709991771138453,0.5201778022470539,0.3495915021762654,0.19561584665843523,-0.27302637677051744,-0.9620065475804016,-0.9033323664173153,0.4289412964298182,0.09297508560293474,-0.1708011525217567,-0.751187741851588,-0.2604276555499085,OGLE-GD-RRLYR-05874
-0.17186094884328185,-0.7405545147854631,-0.22622950819671456,1.9610928961748608,0.4739604842577119,0.47757336985704224,0.38696799144076405,0.17794128314671434,-0.6049909930786193,-0.796232314273759,-0.8268013276034809,0.562494057455829,0.20749825400538383,-0.24963802486681247,-0.5295497470713668,-0.04711073508907084,OGLE-GD-RRLYR-05876
0.20967955664608273,-1.0512193350152648,0.04491725768322784,2.1153664302600466,0.055790028857760826,0.48777014410759495,0.2937650422625045,0.08438031680695292,0.05634097613776021,-0.9984115856738864,-0.9573721165717214,-0.2888574569073513,0.028861844644098442,-0.10838972744961857,-0.8481555105654316,-0.3493040202393874,OGLE-GD-RRLYR-05891
-0.19410352715823098,-1.1637031912459548,-0.40131578947368585,1.7532894736842117,0.1356149774302889,0.5299015034314876,0.3727745282036774,0.22899774614386278,-0.3556451594443896,-0.934621057201139,-0.9175714885905365,0.39757082806180194,0.06411403363370419,-0.17760023008986264,-0.7497574290557004,-0.2732727909734296,OGLE-GD-RRLYR-05893
-0.19859417032141466,-1.1164983666347454,0.15815691158156384,1.675466998754682,0.02887231692916281,0.46830172597875763,0.3585568533112362,0.24903705395142234,-0.5352907738949806,-0.8446678562505577,-0.5391277161662518,0.8422240234411279,0.03776831666840991,-0.3006762939633459,-0.6404874027385216,-0.1721785723171962,OGLE-GD-RRLYR-05901
-0.2665716189504966,-0.9812348390812611,-0.4150197628458571,2.0964426877470648,0.056112403835590206,0.5277019459744209,0.34701608994739275,0.2381563698174939,-0.3890643709361982,-0.9212105705364113,-0.8826252457325695,0.47007730810529597,0.02420342931073636,-0.24255938238600755,-0.7776889222915693,-0.2753964846032831,OGLE-GD-RRLYR-05909
0.20187052195403374,-0.8448136910150743,-0.0023201856148602805,2.094199535962889,0.24497981693601453,0.44265601221681566,0.2030423353057045,0.08673590421050398,-0.13817333711094515,-0.990408061816757,-0.965186400096263,-0.2615630193074252,0.10252915917467073,-0.2936499365941949,-0.8542696262108556,-0.3455346664798543,OGLE-GD-RRLYR-05930
-0.24562381569445096,-0.9482189991700016,-0.17869415807557537,1.810652920962189,0.11852028851181934,0.4747635670192464,0.31329652496833377,0.12540875912122515,-0.46922864858534935,-0.8830767097748455,-0.8136334951222448,0.5813781347928043,0.03892949642791651,-0.21459614188779597,-0.7479774877810742,-0.27827180142721364,OGLE-GD-RRLYR-05941
0.005190635529660098,-1.0639778478231507,-0.10344827586207066,1.8358620689654868,0.5173204414209104,0.154582318258148,0.13510552792719493,0.1276111526771728,0.11028830485295803,-0.9938996376962117,-0.778080043825274,0.6281651418224826,0.18362702719363191,-0.48852223223321967,-1.0607737345117572,-0.5747919488613416,OGLE-GD-RRLYR-05961
-0.20964917731600466,-1.1246633710580494,-0.044973544973534556,1.7658730158730331,0.11512587437283159,0.48770063733102964,0.2977182392723954,0.18060473570066535,-0.42545204993659763,-0.904980968421296,-0.7964532570446123,0.6047000986795261,0.06288280984409293,-0.2967138420463849,-0.660699891005141,-0.17554872996338688,OGLE-GD-RRLYR-05980
-0.2771992156376312,-1.0299530571512545,-0.0671936758893231,1.8978656126482236,0.07424615355273852,0.5236020187724131,0.2631734185064512,0.1365584725611054,-0.2626811391334156,-0.9648826970899473,-0.8181723732320585,0.5749730147405365,0.013855924785697455,-0.45288374349718197,-0.7115316283817413,-0.22170400891116548,OGLE-GD-RRLYR-06009
0.016859556322540745,-1.424563531628712,-0.07728337236537586,1.547540983606563,0.3119714356338914,0.14362418945727834,0.16084685994780373,0.06565739746634609,-0.6339804413213229,-0.7733490803136838,-0.8997281457224838,-0.4364507575830073,0.12335492054641732,-0.5131613769905418,-0.9368514054791649,-0.4809599613516542,OGLE-GD-RRLYR-06045
-0.5126849245169569,-0.562616788581789,-0.17081260364841688,1.8835820895522735,0.6097374385298421,0.37719855229403576,0.22166865918056491,0.2813166225144285,-0.6556588601940126,-0.7550572554774162,-0.6331688177501439,0.7740137261243402,0.28590074066603455,-0.27301317189557023,-0.7379806382326034,-0.24572813131653684,OGLE-GD-RRLYR-06063
-0.4957079342360089,-0.2888702728350858,-0.27369353410097436,2.5771479185119768,0.4273656431231253,0.4628044464659296,0.33585156805794447,0.26738238858762425,-0.708519208759069,-0.7056915266739588,-0.2573663235361511,0.9663139114746746,0.1843980154570826,-0.28834357743695216,-0.6411178355266473,-0.13822670328130726,OGLE-GD-RRLYR-06066
-0.3428739083364401,-0.9671975655778429,-0.40307692307694654,1.876307692307696,0.04747757993935838,0.5317112846584202,0.33972874838628875,0.26534464044181877,-0.45017126556723264,-0.8929422331022293,-0.783399515356115,0.6215184625896517,0.03229168304493371,-0.2702272591413321,-0.7218678255917264,-0.21481257997063818,OGLE-GD-RRLYR-06076
0.037352755966026455,-0.5910508626602167,0.06887052341597413,2.2550964187327853,0.6665744341854642,0.3610853465758083,0.4125507566160174,0.11633119914107767,-0.917613458662653,-0.397473949437147,-0.34412772685079823,0.9389228443341351,0.35194013494316856,-0.314801487007154,-0.5982249002202098,-0.08692825969074926,OGLE-GD-RRLYR-06080
-0.08396389955920844,-0.8793002377105315,-0.0449574726610034,2.279708383961094,0.05825876733800417,0.503800236616054,0.3206469766801996,0.13157396266918428,-0.06637682382364277,-0.9977946267940538,-0.9996841682709592,0.025130931307865863,0.03308149821144036,-0.22400111774086903,-0.8454382127009724,-0.32878085970138615,OGLE-GD-RRLYR-06097
-0.3071226360110428,-1.2381211339082019,-0.5368577810871197,1.6440804169769119,0.0706676013959155,0.4643686364732778,0.3622074237759633,0.25502835675571783,-0.46243007536508657,-0.8866557536033025,-0.8612992116293745,0.5080980890011474,0.036421487364800706,-0.2432598941011843,-0.7326363853935437,-0.2580609222708014,OGLE-GD-RRLYR-06115
0.0809287705773491,-1.285435208384688,0.07317073170731919,1.5585365853658466,0.15400401058927723,0.1065985913807743,0.07789532781251195,0.07024904765991909,-0.01981457900343669,-0.9998036719571081,-0.6331443061130312,-0.7740337768060566,0.07162074350175292,-0.4971978688995772,-1.0597396533348873,-0.5924391505136355,OGLE-GD-RRLYR-06124
0.17497682758109367,-0.9298399371282495,-0.09112149532714003,1.9775700934579628,0.14456770721592227,0.4680410781992042,0.2400128913373329,0.15723684420034253,-0.04630394694038668,-0.9989273970102841,-0.8841531952703807,-0.46719709683727284,0.09197964890783897,-0.2078453458588522,-0.8617952991675152,-0.3734543409728693,OGLE-GD-RRLYR-06159
0.08919568534252717,-0.8197615548689248,-0.0688073394495439,2.162844036697259,0.4376679953811723,0.5148309781658876,0.30887395670612483,0.10801834628020143,-0.10013852099520551,-0.9949735054828811,-0.9194478227040723,-0.3932120310020293,0.2016840925331578,-0.33218829063364447,-0.8359459235935527,-0.3265183029266505,OGLE-GD-RRLYR-06164
-0.4378811341490826,-0.8256399772177629,-0.3441654357459442,2.0059084194977914,0.019239603557602483,0.5908880821922003,0.39820325030989284,0.2779252360886512,-0.43119947593124264,-0.9022566220076313,-0.8595926499968133,0.5109799174835113,0.03645172337888077,-0.3998968465920158,-0.6699057537345362,-0.168130225719497,OGLE-GD-RRLYR-06174
0.25697411387000646,-1.405463550858677,0.26092715231788355,1.3923178807946899,0.029392508740916028,0.1049701009050616,0.06210554522984913,0.03505153817217574,0.4080683475940007,-0.912951380793031,-0.31123713716532336,-0.9503322810728538,0.01270758233264872,-0.5011775424866666,-1.0254480484902317,-0.5803746391122592,OGLE-GD-RRLYR-06179
-0.13156718755525348,-1.3401178953779689,-0.09305760709012895,1.6218611521418185,0.2421687459623309,0.24213825357803667,0.030405536462955438,0.107957565674494,0.01914527599975608,-0.9998167124062756,-0.7560726519299166,0.6544876966022075,0.0592138377467121,-0.5117488243602105,-1.0219086120291359,-0.5614576512138897,OGLE-GD-RRLYR-06200
-0.44284416749172406,-0.8361788732556579,-0.22505800464037012,1.976798143851518,0.3515028897317949,0.4751098972068086,0.23401939141736974,0.19011526231134604,-0.6643978594402221,-0.7473790767550633,-0.6633778338841445,0.7482846046199135,0.15732132655023426,-0.348211621607598,-0.7012906047855569,-0.19449914184160028,OGLE-GD-RRLYR-06229
0.21951972825032914,-1.1559150192333472,-0.09612983770286891,1.9348314606741586,0.0748095114694091,0.4796209252451679,0.27639865818724174,0.12830142461194843,-0.07536365747406205,-0.9971561157271875,-0.9890998527919649,-0.1472463283308397,0.030401136000546183,-0.3519900933756081,-0.8854146057287035,-0.41178433477100024,OGLE-GD-RRLYR-06237
-0.10605260107954936,-0.9329584631019929,-0.033816425120797376,2.0251207729468703,0.37325012695045673,0.0685932271226348,0.05214875984974539,0.03830395585372973,-0.028512749472239213,-0.9995934289087406,-0.20189132404384472,-0.9794079299637222,0.18044977840210455,-0.5337145167187842,-1.011073469188882,-0.502517462632631,OGLE-GD-RRLYR-06254
-0.5936418377825354,-0.6376214781670635,-0.6481481481481411,2.0724867724867635,0.32055139237886826,0.5376376191584452,0.466549220028001,0.2574447051939619,-0.660190617283899,-0.7510980953579263,-0.423570667994684,0.9058630631693386,0.13598388749178972,-0.36474514244931516,-0.5908012942562335,-0.10601643278815473,OGLE-GD-RRLYR-06262
-0.06319776630213199,-1.0517827359115859,-0.10123456790122642,1.9239506172839527,0.26623989757785943,0.5584792612473335,0.3092620566944192,0.24860878660496688,-0.07238734301212287,-0.9973765951593436,-0.9897970068566262,0.14248468415118845,0.11177089697162917,-0.24079465698701802,-0.9087372935902662,-0.40938105179342044,OGLE-GD-RRLYR-06269
-0.6033374906982784,-0.6502886453616679,-0.32233883058471197,2.1607196401799027,0.049502233485803245,0.5457132367282781,0.36296341545593985,0.2516352288806283,-0.4395098306166073,-0.8982377796504448,-0.7515752189618454,0.6596473984201363,0.03251921984463888,-0.24155831559512916,-0.6422949419773141,-0.14230574221345077,OGLE-GD-RRLYR-06294
0.025296267995664194,-1.1410173686380385,-0.057569296375297986,1.7343283582088973,0.16075318419967655,0.285191503752937,0.1212810781380139,0.03675194762262304,0.08769530857269436,-0.9961473449517094,-0.9793907642874854,-0.2019745796588651,0.08745449938954204,-0.19538740362237372,-1.1779300294685733,-0.6917558232594004,OGLE-GD-RRLYR-06312
-0.4120464060450935,-0.7970716334354724,-0.1834319526627143,2.0476331360946687,0.0465886976460514,0.5788677066355082,0.3716146222238977,0.2908647138772242,-0.3468256240354665,-0.9379296276973071,-0.859251516718903,0.5115533510947462,0.0404652411810969,-0.3685078321725838,-0.6636348670302928,-0.15983115075924412,OGLE-GD-RRLYR-06313
-0.2403596996798555,-0.894259958367404,-0.21280000000001806,2.127680000000022,0.3623323276536518,0.5129896572633987,0.28861230393452936,0.23128170103336324,-0.46032313417809756,-0.8877514360114847,-0.9237570255164383,0.3829790566193173,0.1496443531350287,-0.23826955495372779,-0.6999245671409815,-0.17724366704860975,OGLE-GD-RRLYR-06347
0.48260731092786274,-0.9637326940122724,-0.03463203463201546,1.7341991341991383,0.05329482574708437,0.38907107823684745,0.14089108079310794,0.09247108885159357,0.3457662432432681,-0.9383206834731062,-0.6513650875288277,-0.7587644711954841,0.012382455047031034,-0.04758859112131194,-0.8762924847783095,-0.3972890550424418,OGLE-GD-RRLYR-06378
0.12843947509714734,-1.158661143925462,0.09371554575524618,1.7887541345093774,0.07759056592403969,0.41843131797477395,0.2544469113849908,0.17764255006408308,-0.07490440905682523,-0.9971907187212724,-0.9893432835624986,0.14560174198742779,0.03577277719591051,-0.29196726568291276,-0.8801380068289709,-0.3919020536747207,OGLE-GD-RRLYR-06394
-0.01290401714430668,-1.1253648129486764,-0.021758050478657306,1.8118363794604,0.056123366653795644,0.5172580894834607,0.3285844981569665,0.13753916444131517,-0.047212072766293155,-0.9988848883555653,-0.9927769042779565,0.11997507379567258,0.025423154672163138,-0.15403436229099865,-0.7529605850702781,-0.2836209871277699,OGLE-GD-RRLYR-06401
0.2576048648785637,-1.179383192829242,0.09677419354839227,1.8554838709677786,0.06799296876448792,0.3805288969743571,0.1981088769225931,0.06496523522986376,0.20772796351042003,-0.9781866351447527,-0.8765583240851582,-0.4812956518368089,0.03009866787554258,-0.12123642263831456,-1.0188748423099747,-0.5412111182891532,OGLE-GD-RRLYR-06412
0.1679710581540952,-1.2376422257961184,0.2167300380228035,1.6349809885931517,0.17667401019062964,0.5279218262504457,0.3177561548132508,0.1106324360442413,0.012950992325068097,-0.9999161323820094,-0.966563912325078,-0.2564258243446611,0.09020426777723889,-0.1773920605608928,-0.6568261621186515,-0.1904402853647325,OGLE-GD-RRLYR-06415
-0.7480742642254239,-0.6950651169118363,-0.4419889502762357,2.2389502762430977,0.039625406002018054,0.4891403362438164,0.36983001427130463,0.23826410435210257,-0.5572696644617111,-0.8303315729699382,-0.4837839128001645,0.8751874803239378,0.05086434308815945,-0.3470996244773179,-0.5785708816196811,-0.09124698081546756,OGLE-GD-RRLYR-06417
-0.44097738623286753,-0.9954297207748026,-0.12253521126759012,1.785774647887328,0.044700655651357564,0.4440302119846629,0.32247844787765184,0.2227384353019103,-0.4798191302144845,-0.8773674271821444,-0.6382339137101877,0.7698424977813167,0.030520933634782955,-0.23498856110976354,-0.6763073235705551,-0.1979449938223652,OGLE-GD-RRLYR-06421
-0.279207957809082,-1.0638087053016159,-0.08489208633095206,1.8753956834532313,0.07956782064152226,0.5143003621097194,0.3137820161303753,0.2082615756752958,-0.15999113841247628,-0.987118450658015,-0.9104604710409686,0.4135960960549041,0.03310668537509047,-0.38319322530884814,-0.6690070284421644,-0.18595227900440175,OGLE-GD-RRLYR-06428
-0.8267021776294576,-0.17268881430149507,-0.04404567699837038,2.394779771615004,0.1251342373121742,0.4816256376053659,0.35024067609941273,0.27414476681552624,-0.5837892473150323,-0.8119052375242741,-0.4370258119250733,0.8994489644839392,0.06235414577751097,-0.30803349372225264,-0.6520953622397756,-0.13430394008393054,OGLE-GD-RRLYR-06429
-0.23123432306098568,-0.9654919794607766,0.030894308943075096,1.8634146341463367,0.06643819214873482,0.5111450272728506,0.3477575894146998,0.15986370813522485,-0.14229332464043992,-0.9898245348357305,-0.9134595915987201,0.4069294466075162,0.040885259005277175,-0.15086696482262388,-0.7278189641545757,-0.24184537803260972,OGLE-GD-RRLYR-06431
-0.14444456138120884,-1.3944026421317794,-0.07526881720429958,1.4574780058651078,0.15438067192584187,0.21218628716190394,0.08200157791208301,0.0669231634953484,-0.13329841727668745,-0.991075946611323,-0.9915418047777328,0.1297877088869223,0.06680505420121162,-0.4316682183428614,-0.8794762991804722,-0.42858234787496796,OGLE-GD-RRLYR-06445
-0.17583069482183655,-0.5615316957673535,0.0,2.1859999999999933,0.5401503991512914,0.5618240484179916,0.2761444501497992,0.1716380708334882,-0.1043026710280405,-0.9945456011749367,-0.9972490378553008,0.07412392661399336,0.2690973744681452,-0.2511027059028112,-0.8575032721656676,-0.35931984672233763,OGLE-GD-RRLYR-06454
0.27211339946410984,-0.273435132441056,0.05376344086021711,2.394982078853056,0.4848602121015031,0.5313275214203709,0.292505543712299,0.20634041950925935,0.10709234055049599,-0.994249078750097,-0.9955053413626529,0.09470541335334513,0.23487993514306027,-0.25082600373816677,-0.69956625593622,-0.17509352869788597,OGLE-GD-RRLYR-06473
0.3611394581467046,-0.8660222552937444,0.14025500910746494,2.2404371584699416,0.02697845686428407,0.4107805491214904,0.23716535290561772,0.10259481586913799,0.16510498542737548,-0.9862759977749769,-0.8798589757965632,-0.4752348711008301,0.01613799719354157,-0.170704938881958,-1.0273459563924594,-0.5121548798885656,OGLE-GD-RRLYR-06482
-0.2731932742135413,-1.0874136373691656,-0.32182103610675106,1.859654631083227,0.08082617570115126,0.5301377027968881,0.3397819713300395,0.26211997010687954,-0.4999226797525837,-0.8660700400481451,-0.8357208988885988,0.5491544219623771,0.03905717449075765,-0.21241098483759016,-0.730175403778315,-0.2274582673590553,OGLE-GD-RRLYR-06492
0.2702122640596047,-0.7163419262966833,0.007194244604325281,2.1744604316546643,0.48345880855951845,0.4479825901516759,0.4294077488831476,0.14057704601167703,-0.12512536855565654,-0.9921409386492481,-0.9854561109082824,-0.16993014292209294,0.22567661947133902,-0.1492465765261685,-0.7337121156547988,-0.21860369480320815,OGLE-GD-RRLYR-06522
-0.394767433945746,-1.2137713989518921,-0.40455616653573284,1.4487038491751818,0.15578852041625743,0.40479074316636576,0.30385370974034037,0.22559068544022445,-0.39891584982631867,-0.9169875379509506,-0.9679818418015842,0.2510202261619823,0.07689456431166385,-0.2728875560853254,-0.7654742260958897,-0.336251973641605,OGLE-GD-RRLYR-06541
0.14369817355273862,-0.8666890806853598,-0.0723025583982504,2.1690767519466427,0.05171010468818981,0.524074854135777,0.3105625977659159,0.18650071623577866,-0.04174191799867431,-0.9991284263205567,-0.9983854758596434,-0.05680177455426229,0.04444701076409072,-0.32619236820332637,-0.8191261756872934,-0.31202537996544377,OGLE-GD-RRLYR-06543
-0.2679349474761998,-0.8188262050322774,-0.18243243243244192,2.125844594594621,0.04666420125388049,0.5136865031856701,0.37621606696307797,0.24567265490826157,-0.3690170214130008,-0.9294226368598286,-0.8886151312672317,0.45865362582554675,0.03805294616313328,-0.20266463279355668,-0.7078428358072426,-0.2011767757796004,OGLE-GD-RRLYR-06544
0.04786427127435255,-1.0569961085890611,0.052200614124859664,2.041965199590595,0.03293938526402239,0.49794698530880493,0.2809925214027691,0.1409882485743816,-0.10317832890939953,-0.9946628737634997,-0.9886506165589115,0.1502330136078093,0.014719731187305728,-0.3944408958646846,-0.805904384105246,-0.3021170913051944,OGLE-GD-RRLYR-06561
-0.45691680314561867,-0.7200220100738486,-0.24693520140103614,2.5147110332749594,0.09311882504946387,0.5801941312489498,0.33812598557052725,0.2220098577864691,-0.39143069018976945,-0.9202075933057501,-0.892611437064366,0.4508268208768057,0.030520355034228893,-0.33843878604240135,-0.672030147063406,-0.1439058001591129,OGLE-GD-RRLYR-06569
0.0014103701105507745,-0.9337047164462531,-0.013824884792627331,1.986175115207389,0.18461465827639778,0.4517989674477031,0.2815475532599228,0.1261786488218949,-0.07266097538791674,-0.9973566978045901,-0.9843624601743959,0.1761548949061901,0.0780319621838741,-0.22591801365361083,-0.8604371855172093,-0.3655227298392675,OGLE-GD-RRLYR-06575
-0.08215894265851215,-0.8620325709851127,-0.19936708860760316,1.84303797468355,0.3050216234017918,0.5014364951738045,0.3182751123278862,0.22304591283254555,-0.4614647944542279,-0.8871585221815306,-0.8677440076332973,0.49701140551953554,0.17086069618086494,-0.26618022956362863,-0.726769931586679,-0.23477863369501936,OGLE-GD-RRLYR-06584
-0.43406228550534126,-0.7592989019908538,-0.21146953405019578,2.2810035842293854,0.03679530851501908,0.5604317099498656,0.34841037448208806,0.24633273731123376,-0.3574166174377928,-0.9339450527623809,-0.8855389865721499,0.46456506892013494,0.027596185528112344,-0.315871150984331,-0.7145402537720756,-0.19626982902545725,OGLE-GD-RRLYR-06600
0.01578393897245256,-0.7749772282408078,-0.24000000000000948,2.4546666666666734,0.05054210960161134,0.4871781757080032,0.32849515633843057,0.12877192265033954,-0.06596460086095382,-0.997821963795774,-0.9989594771152123,-0.045606612258549825,0.00955588223243182,-0.19749800234635692,-0.7696709486957463,-0.25782495677632233,OGLE-GD-RRLYR-06630
-0.1241164227213049,-1.1795459966620905,-0.2800851970181099,1.5453674121405716,0.18665844808299678,0.34901947785215715,0.39793444257918315,0.2700920707973696,-0.699942779606848,-0.7141989255636271,0.3121026638682203,0.9500483815082055,0.09896881561930267,-0.3025083197171276,-0.5879373607615689,-0.1393326535558645,OGLE-GD-RRLYR-06632
-0.10348644779087571,-0.7800722444234824,-0.1376146788990878,1.7981651376146603,0.17141239278312126,0.43508222513852335,0.2290356390099739,0.09200102438269533,-0.23054380484883927,-0.9730619476918313,-0.9311545507613551,0.36462474216160773,0.06039802791032525,-0.2951572496106002,-0.8839109360131883,-0.4067139329795473,OGLE-GD-RRLYR-06650
-0.16632296895101017,-0.5303480309202113,-0.0957575757575848,2.191515151515135,0.45233060297308064,0.5359354606128931,0.3301060957677309,0.15441482803087853,-0.5649698090802246,-0.8251115771990201,-0.8915568496024833,0.4529088031015681,0.19545545689324326,-0.34212497412867443,-0.8312651172679889,-0.34486156518861966,OGLE-GD-RRLYR-06654
-0.3476004299563375,-0.767340980287039,-0.0444444444444462,2.062222222222222,0.2228925369139113,0.3990174806821327,0.23438404009985211,0.1559999965464792,-0.42788685717832625,-0.9038323060468987,-0.5626859451046388,0.826670748957346,0.09603513605492171,-0.2705420632606465,-0.7654909755418479,-0.254300773397495,OGLE-GD-RRLYR-06661
-0.014700994946100507,-1.29691504738029,-0.19555555555557225,1.5093333333333274,0.23919538912078903,0.15855200729227312,0.08863478434202228,0.016310057316813127,-0.0009788272497727958,-0.9999995209484928,-0.9955593073570556,0.09413641981050525,0.12261161584957166,-0.5567416137396494,-0.9201651221851368,-0.4690323184280839,OGLE-GD-RRLYR-06690
0.04415622422784988,-1.1302911881206592,0.0075839653304496085,1.9063921993499409,0.05419497487779693,0.49201302644504946,0.2664944135003633,0.11037850066186458,0.10973917645092285,-0.9939604183023956,-0.9415612218681242,-0.33684189981978946,0.014071083515103475,-0.24649073148038395,-0.848828884869666,-0.3566460380231373,OGLE-GD-RRLYR-06692
-0.012935605848304697,-1.145359548921188,0.15226337448559363,1.8337448559670846,0.039730281619701165,0.43910105840148217,0.3513772042069478,0.2208403110626443,-0.41371318716306466,-0.9104072708229977,-0.8270197709070974,0.562172836882726,0.029094564801626085,-0.20831808606982677,-0.8446855842607811,-0.3510548178343286,OGLE-GD-RRLYR-06712
0.05954323669146617,-0.8274362735622987,0.005405405405392793,2.137837837837833,0.5953982932664427,0.49843310324774076,0.17414265610420687,0.1675796542364775,-0.04317443787531642,-0.9990675492248512,-0.9949779390895339,0.10009445901319237,0.26247226497585796,-0.4411872832621029,-0.5913026218560749,-0.10182351650232324,OGLE-GD-RRLYR-06768
-0.183209876435307,-0.9838618925547742,-0.24003392705681642,1.9648854961831976,0.0793956131571612,0.48353022470561413,0.319227343732806,0.1860798266607948,-0.4835297792014111,-0.8753279114854242,-0.8168286400906694,0.5768803799121857,0.03373242719496304,-0.2705595937096792,-0.7286912963331832,-0.23720893932027076,OGLE-GD-RRLYR-06772
-0.80320945601923,-0.26289791843557486,-0.2856054836252851,2.5932977913175788,0.1257032809672336,0.5274272363897362,0.39827268230890683,0.2371966347041989,-0.7028079651720517,-0.7113796202385335,-0.30897001323904233,0.9510717801086657,0.11209056937198192,-0.3612688035923185,-0.600432814751427,-0.0699428750791601,OGLE-GD-RRLYR-06782
-0.494764584056774,-0.8076108616257986,-0.26291079812205226,2.17574334898277,0.04169369452746885,0.5185338784125638,0.36014752263095945,0.25613228686726164,-0.5179098755101335,-0.8554351879885922,-0.6387452925159026,0.7694182551049682,0.037429541622894,-0.3148730125483619,-0.6684403776836793,-0.15792147290146974,OGLE-GD-RRLYR-06783
0.5433864569423733,-0.13385698039074168,0.19354838709678343,2.2951612903225977,0.4821484697177434,0.5382599763319411,0.30070650599520343,0.16425551199965702,0.2277682918275447,-0.9737153615086713,-0.906783191802632,-0.4215972522019459,0.2760756619484763,-0.29046383533996745,-0.7574426673452515,-0.24473510858775435,OGLE-GD-RRLYR-06821
0.042494629527038086,-1.335460333970291,0.14534883720929506,1.5779069767441858,0.0698127616268739,0.07799700141781866,0.06044999675852147,0.028059813368236427,0.21551733387249328,-0.9765000147467957,0.5381663259257711,-0.8428386593171654,0.035963192745692776,-0.4343622158492881,-1.0233498227098963,-0.5663901566762848,OGLE-GD-RRLYR-06826
-0.6207853449452811,0.054754457401380296,-0.061032863849756175,2.1868544600938855,0.2720900307507088,0.4162737368179299,0.2289713964432332,0.10711642333610458,-0.3780197571662325,-0.9257975281842044,-0.8298377241705107,0.5580047952692767,0.11790301515134646,-0.2600796474760714,-0.8458554895321401,-0.33180051580133835,OGLE-GD-RRLYR-06841
-0.209290652059375,-1.2970670004970375,-0.5060240963855424,1.7536813922356125,0.17436762129042982,0.5616153076568625,0.31785714273800303,0.20033275365415976,-0.5217769451695493,-0.8530819535598753,-0.7723952478524506,0.6351421739224623,0.0221224873182648,-0.2580259598252927,-0.6641502446267475,-0.18375870000821617,OGLE-GD-RRLYR-06851
-0.4547522939536405,-1.116304951732384,-0.4259471871412266,1.487944890929961,0.08518402538730349,0.4716015142047675,0.24002253134865442,0.11645100832765111,-0.426693264016669,-0.9043964055892755,-0.7248534078126077,0.6889031406391246,0.030277268507031652,-0.3231837172253248,-0.6489532850378664,-0.1884249941294069,OGLE-GD-RRLYR-06855
-0.5006350586039117,-0.9932322213728453,-0.3495702005730689,1.8518624641833992,0.056254896336642414,0.5418694827866527,0.3435603644275768,0.22412178195083274,-0.352574418096901,-0.9357837782862191,-0.8105969401888192,0.5856044745017952,0.02575272268215364,-0.2519500695715977,-0.6904088134010072,-0.18956584407732716,OGLE-GD-RRLYR-06860
0.015022158833141652,-0.9422816037036066,0.15261958997720515,2.3157175398633263,0.024533145533960708,0.48623079075480397,0.3278962839658371,0.16643235264204095,-0.051646611263426505,-0.9986654232249179,-0.9975504689217816,0.06995042497321696,0.017702090887125092,-0.19189969508623714,-0.8133826546827875,-0.2938798902972963,OGLE-GD-RRLYR-06862
-0.19366746174463711,-1.102082795583182,-0.25335120643430376,1.7612600536192766,0.12959087311030099,0.47975115493093323,0.32513567794296977,0.22676997583273206,-0.45692187427508435,-0.8895068301080908,-0.7737864257927995,0.6334465780622738,0.06600198967689402,-0.27070261678556135,-0.6613946475180545,-0.18246768302837912,OGLE-GD-RRLYR-06873
0.030350042649009867,-1.0177291985771426,0.0022471910112467196,1.9932584269663236,0.13858133821647106,0.5077868715904114,0.2726595074738233,0.16954715802926748,-0.2062391540764112,-0.9785016153925584,-0.9667654569443337,0.2556649198838465,0.060368961874793584,-0.24935186657673045,-0.8493705020655244,-0.35310637583225457,OGLE-GD-RRLYR-06875
-0.18639570547326714,-0.3157177743746442,-0.09496284062758703,2.2893476465730482,0.7347559492436394,0.4608529194003669,0.5370234096214364,0.26526695348025625,-0.6424704113430124,-0.7663104922606374,-0.6078274042140642,0.7940691699634186,0.36483746445902976,-0.2628125990863021,-0.6706675710225118,-0.15920410115290773,OGLE-GD-RRLYR-06876
0.46801686118610086,-1.1671759909331212,0.2663989290495429,1.6744310575635346,0.06180206940512613,0.20252639767816716,0.08586559236279498,0.07563656818608033,0.02040307613225493,-0.999791835575957,-0.9892281908699257,-0.1463816463502642,0.029208642186492956,-0.5625492038035078,-0.9695667083460326,-0.5048721187570724,OGLE-GD-RRLYR-06899
0.11681944911603169,-1.0230766575853345,0.09154929577463503,1.7014084507042446,0.4446091482419488,0.10752858646562433,0.15331622092607988,0.10726586201657275,0.407781388911782,-0.9130795906475941,-0.5979174617224464,-0.8015576766318109,0.21401213162474483,-0.5849148856938444,-1.080115531364723,-0.6169030700509025,OGLE-GD-RRLYR-06918
-0.0043279232720236024,-0.9905242585121319,0.08108108108108404,2.1494208494208507,0.03095113139989746,0.5058517760409972,0.32473323098722157,0.15535078577707,-0.11071480513130787,-0.9938522183527773,-0.9866762602934722,0.16269590459900415,0.020351225297052414,-0.15213910570698713,-0.7775212227139308,-0.25437877869306075,OGLE-GD-RRLYR-06920
-0.1352987714375506,-1.3808331613580718,-0.33712121212122126,1.4742424242424237,0.13237307559387337,0.38806190699624415,0.1604390227550406,0.12504104446677158,-0.4131516751039513,-0.9106622279192209,-0.7117156402867275,0.7024676842184653,0.03999842352635624,-0.43984264528196326,-0.5571412129033737,-0.10879717273970575,OGLE-GD-RRLYR-06942
-0.4843470392802678,-0.8082745537461258,-0.2570532915360518,1.7711598746081443,0.05632383607246026,0.5187358577174053,0.3368375867104788,0.22973315679399603,-0.38720211163923324,-0.9219948615594985,-0.872593081689785,0.4884478618922639,0.022189584517076023,-0.19111693128600635,-0.7247420473035443,-0.24795155218056186,OGLE-GD-RRLYR-06945
0.02153993364033329,-1.4910358131075512,0.06890756302515792,1.4336134453781617,0.08291881637091517,0.10489884506405907,0.051844471544926614,0.019064868236455392,0.4627214589341247,-0.8865037233096515,-0.7387698917963043,-0.6739577486573449,0.034096604654916644,-0.454123353892137,-1.1175951983683385,-0.6711109601604422,OGLE-GD-RRLYR-06946
0.12205526421779404,-1.0046363908845808,0.24827586206898175,2.1496551724138406,0.14883177724754362,0.36937785267151646,0.2234357005541958,0.10801395502347892,-0.31440879359915486,-0.9492876858505666,-0.9986377444300186,0.052179070514190684,0.06093854864882689,-0.2243791115778589,-1.0065224693803492,-0.5062631977231625,OGLE-GD-RRLYR-06954
0.6023412091225914,-1.1013487401419046,0.5376044568245145,1.7181058495821921,0.09346951169547232,0.1664582970687643,0.07369994032259117,0.013067641073432444,0.36217368606760775,-0.9321106270825378,-0.7020729565854887,-0.7121050228943133,0.035106768205012386,-0.44307781728077195,-0.9587471210875315,-0.5108856306210822,OGLE-GD-RRLYR-06977
-0.25402620481246563,-0.6780928804833697,-0.09243697478989882,2.257142857142843,0.3882840706579821,0.5738337800311077,0.2666175053433215,0.31034296736341377,-0.3130204877928886,-0.9497463736292453,-0.5060249245655233,0.8625188552828608,0.17182032922894624,-0.3068777037778291,-0.5971418594207174,-0.09377273694764025,OGLE-GD-RRLYR-06995
-0.17357710777518554,-0.05660832552503825,-0.09281437125748156,2.529041916167666,0.5096741057066714,0.4185086381677864,0.3484408208753644,0.18739988904689428,-0.5507248470253774,-0.8346868531784088,-0.29420752640655795,0.9557415609911157,0.2567627969262879,-0.3060161021337689,-0.5955437169367191,-0.07329750581735528,OGLE-GD-RRLYR-07005
-0.5669672745433577,-0.545984194388911,-0.2617554858934202,2.3772727272727345,0.07556261226272758,0.5462821903380998,0.3808500899577791,0.21433789103400513,-0.5186499891821374,-0.8549866599669078,-0.7494157254148824,0.6620997436194078,0.05654774607200529,-0.3156870470911197,-0.6410159174087189,-0.12013030889775082,OGLE-GD-RRLYR-07013
-0.5565513849163444,-0.4866181106590517,-0.22580645161289484,2.508387096774174,0.1453384957860555,0.5119425517411166,0.3073077963017702,0.16570383828029586,-0.3284065382747508,-0.944536471301344,-0.8724428829837405,0.48871608929011046,0.03096419294215178,-0.26371332037786416,-0.749557010317163,-0.234182484690082,OGLE-GD-RRLYR-07030
0.09850562132991023,-0.6760384104452943,-0.04575163398688646,2.0745098039215715,0.28113536436383474,0.4402062307965925,0.2853198469966181,0.12036873311682662,-0.11004690340265436,-0.9939263951880375,-0.9997947389397647,0.020260305732339248,0.13999013885300038,-0.23478033388965686,-0.8976057200818309,-0.4014830645731133,OGLE-GD-RRLYR-07032
0.11690454455327692,-1.4680268405596917,0.21185185185185376,1.5481481481481572,0.20724405894895878,0.10606398861917782,0.12901379879843794,0.024101872428333764,0.5334059350403688,-0.8458593904803031,-0.5333738612829958,-0.8458796156073674,0.08563488628438325,-0.4816942160178215,-1.0313999129785667,-0.5829437008808889,OGLE-GD-RRLYR-07035
-0.5263924974668206,-1.0240790596584446,-0.34009465855308463,1.6647734956051286,0.03650556081481231,0.4593850085131959,0.24921804931283348,0.1573289117239248,-0.36821289699095494,-0.929741503047771,-0.8375412529796954,0.5463740930509078,0.023520110760771207,-0.21293635999442379,-0.6791534529068532,-0.21073666435387176,OGLE-GD-RRLYR-07044
-0.41429895339874073,-0.6439296540899049,-0.07972270363952622,2.2859618717504326,0.16469026993630287,0.5105225263789774,0.37579114256623725,0.18424024031796618,-0.44787732359083837,-0.8940950190069886,-0.7720388218612164,0.6355753751831051,0.03089794688735701,-0.3394067145786596,-0.6858993708879387,-0.18078520011761737,OGLE-GD-RRLYR-07047
-0.15910489106340373,-0.9107067190652978,-0.031746031746042486,1.8476190476190497,0.2574514229430282,0.4388100690746656,0.255815294912091,0.14446790772508286,-0.2695648743243699,-0.9629822316795293,-0.9593734728624889,0.2821392201870688,0.10134828876767314,-0.2571751416306083,-0.816360802135396,-0.33198702835816934,OGLE-GD-RRLYR-07067
0.04216140553149187,-1.1767482066393733,-0.14641744548285776,1.894704049844238,0.26078930922575017,0.16233408309604958,0.13063686840592798,0.05305278206583487,-0.3147898860991112,-0.9491613812253997,-0.225100681265507,-0.9743355085871626,0.11833798236813674,-0.5073202212753514,-0.9993120424350667,-0.5169835798558703,OGLE-GD-RRLYR-07070
-0.10683745577367788,-0.7619782334830161,-0.16814159292034006,2.2495575221239106,0.06414940153023484,0.506345039414711,0.30188313496230346,0.13756850983597482,-0.07454909092994837,-0.997217344936157,-0.9996156643911537,-0.027722256470791597,0.0417947031335404,-0.29045117918959285,-0.8085386937228198,-0.29379445811802796,OGLE-GD-RRLYR-07104
-0.4240888019136517,-1.0628886651263731,-0.12392312789924118,1.7382372432074154,0.07108659577256579,0.45339516542074504,0.2987702246703264,0.1724104951957718,-0.5498267638888091,-0.8352787137905285,-0.5155657030231646,0.8568500486469205,0.04107106984910122,-0.36275115056501156,-0.6645806595263025,-0.18326170073761042,OGLE-GD-RRLYR-07109
0.2587982568287826,-1.1050274440206702,0.12668463611862554,1.7061994609163873,0.15248237619433871,0.2887512311069349,0.10068058270301158,0.05301161844047544,0.2817457560100235,-0.9594890978902992,-0.47080229717913513,-0.8822387414814934,0.06875645406193133,-0.1517912262379685,-1.2750539039925022,-0.8006562813106103,OGLE-GD-RRLYR-07112
-0.4772044818612844,-0.6593721042901395,-0.4507410636442589,2.717349607672173,0.2079116633205701,0.5612168486345274,0.4175855078438983,0.3172143831983244,-0.44704390895186563,-0.8945120141557832,-0.7899953953595664,0.6131127753608485,0.09055849638371612,-0.3586286053458984,-0.63123457713622,-0.1083510561294412,OGLE-GD-RRLYR-07114
-0.12225373143931903,-1.070303227518339,-0.06800000000001254,2.1900000000000133,0.07578079562620917,0.500640401345269,0.38841780410894206,0.2446439276895665,-0.4183059403995458,-0.9083061929913566,-0.8231088241553596,0.5678836708319595,0.0329685941941613,-0.22846816528622116,-0.7673792690508467,-0.2616158764878445,OGLE-GD-RRLYR-07129
-0.09160596617947256,-0.8969874948189744,-0.06875000000000255,1.8260416666666652,0.8749599657240482,0.3756544772281198,0.36163080378966633,0.19699253832088456,-0.14474312837818387,-0.9894692652059975,-0.9832533871816117,0.18224372855022336,0.3516426310973358,-0.27264589589678917,-0.848223222552287,-0.35827807523416744,OGLE-GD-RRLYR-07138
-0.4376253498232908,-0.9733279418542695,-0.42108890420398815,1.9480358373535482,0.06555124476877927,0.5170253641123279,0.3801540172109545,0.2535345296754027,-0.5069091629802887,-0.8619994782403427,-0.7521817641535674,0.6589556841509353,0.04827839211265681,-0.29442195591739695,-0.6530145294769805,-0.15079563670608304,OGLE-GD-RRLYR-07144
-0.045018997380398225,-1.1921964035167627,-0.1623376623376532,1.7974025974026022,0.03862361872941263,0.49230068815763844,0.3009799243404474,0.15266797312924069,-0.2164967795441866,-0.976283332054274,-0.9550767795698708,0.29635847402503024,0.015569107696564671,-0.2235258268797046,-0.7386227456727379,-0.25680391855129764,OGLE-GD-RRLYR-07160
-0.5142969755407362,-0.6716073295543099,-0.2714486638537247,2.1909985935302343,0.17326470638470318,0.5516061694279792,0.3382360278960331,0.27426806403458787,-0.6284454359597972,-0.7778536713426893,-0.5393632025107093,0.8420732365877635,0.11134321946765309,-0.39224166637098956,-0.6095670685803743,-0.10851829616048189,OGLE-GD-RRLYR-07168
-0.8568827622675249,1.0124294971974912,-0.07547169811316581,2.664150943396238,0.6383813026933393,0.43993906136469,0.3045483532133369,0.1669291090851631,-0.672270359143711,-0.740305723479689,-0.3276085623499937,0.9448135423854647,0.27928872198949967,-0.32477785629623784,-0.7596787065370121,-0.24810531195625132,OGLE-GD-RRLYR-07183
-0.43488434118530594,-0.7285430310704055,-0.12542955326461908,2.144329896907236,0.0789631172762445,0.5468651344519603,0.3671523663907977,0.28180723956543724,-0.46283870250582737,-0.8864425167278035,-0.7724466517133078,0.6350796566234033,0.06125846641484376,-0.288919316334839,-0.7027811229146709,-0.20481541031757686,OGLE-GD-RRLYR-07200
-0.503173113184225,-0.5647813975435532,-0.3581847649918996,2.6418152350080772,0.2618205389804028,0.5535533733554381,0.37226549648833596,0.27886984864247016,-0.6217415590525484,-0.7832224675958336,-0.4734513259860489,0.8808199826991052,0.1388410867253718,-0.230663054847595,-0.9078752069874668,-0.3898723869240058,OGLE-GD-RRLYR-07222
-0.3538563047191889,-0.8466731096653541,-0.2573839662447273,2.293248945147695,0.03933824192630635,0.5127197243053937,0.332125986583385,0.21570697714567752,-0.2678758976659609,-0.9634534256774718,-0.9577711326418152,0.2875316634355499,0.02308897340133433,-0.24916228334964513,-0.7823679635349907,-0.2648004515776868,OGLE-GD-RRLYR-07224
0.2898684187775245,-1.3201863397383682,0.2563176895306776,1.4546329723224936,0.10560091498333078,0.12740646986343762,0.09753134377456037,0.06790898831551136,0.19975227597813414,-0.979846430948011,-0.5978743833890723,-0.8015898088718049,0.04234489884976538,-0.4989861287226254,-0.9764128130415102,-0.5197055399969946,OGLE-GD-RRLYR-07235
0.017188871227046553,-1.4010390705096047,0.1029023746701892,1.5171503957783616,0.22353651639344765,0.11045587876233406,0.09066675703343523,0.0482005361910939,0.3400642778313086,-0.9404021942462015,-0.9999568171784095,-0.009293211416137672,0.09438912600417923,-0.5342531630483524,-0.9916120995951092,-0.5413621509743539,OGLE-GD-RRLYR-07243
-0.37291880547587,-1.381216396092499,-0.4559386973180081,1.377394636015332,0.05548895758928352,0.41907331298054773,0.2046531913447406,0.11564226920225744,-0.025735669340774953,-0.9996687828093774,-0.8400022786051428,-0.5425828710327742,0.028470574451371015,-0.3014709327832701,-0.8902579043396075,-0.44430110528109784,OGLE-GD-RRLYR-07255
-0.34725679382816926,-1.1691135085129893,-0.2736982643524694,1.7970627503337946,0.15016924573420612,0.47240930825065974,0.31662131250726144,0.2593872993997716,-0.47040814526013497,-0.8824489655911665,-0.6850710818756163,0.7284762266387096,0.035488190679785446,-0.24009338165467536,-0.6527259623765608,-0.17198493577602197,OGLE-GD-RRLYR-07263
-0.40756858716113625,-0.49389561501221957,-0.30000000000000887,2.4416666666666402,0.4006103963501819,0.49877135453705457,0.44109750623019917,0.18291223923153804,-0.5016422574686754,-0.8650751675558207,-0.6808775934646122,0.732397230140747,0.20825398917625004,-0.3084016866569778,-0.5828133060107406,-0.0560111249262292,OGLE-GD-RRLYR-07268
-0.6631543694480339,-0.7288087149158238,-0.49962207105064604,2.0408163265306247,0.07482202562920541,0.47468697223796263,0.388484159784962,0.26969461824058505,-0.4592399608780666,-0.8883122527201298,-0.7125316101358447,0.701640010658757,0.048131481456857916,-0.3129545697137482,-0.6634750339059902,-0.17069622716897462,OGLE-GD-RRLYR-07270
-0.5610853541461657,-0.8370610802171403,-0.19375000000000211,1.9687500000000107,0.12413801229795016,0.3995738493994654,0.3196406463333078,0.20073991323854062,-0.5264248919598137,-0.850221637648148,-0.3723962610192804,0.928073825069353,0.07537284129754913,-0.3181769445809239,-0.6009192084441167,-0.10374943753836109,OGLE-GD-RRLYR-07287
-0.13850148875288387,-1.1673800462356096,-0.09433962264151365,1.8308176100629177,0.18222067786152682,0.3971084030870099,0.26721028933166124,0.20741203468285493,-0.2845245635174151,-0.9586687502757271,-0.8577902066017575,0.5139999625078917,0.08384718482373298,-0.2621832491249171,-0.7230158608031162,-0.23492779889720516,OGLE-GD-RRLYR-07288
-0.5925719112748165,-0.9383012803570145,-0.4831981460023196,1.881228273464659,0.0354646452426658,0.5282688303220011,0.37300359119866344,0.25784843748879244,-0.5242725678845502,-0.8515505120447874,-0.6011811510823033,0.7991127727569851,0.03472809883905591,-0.2849743088520524,-0.5752620574493598,-0.09057770270196094,OGLE-GD-RRLYR-07289
-0.1511486946812189,-0.908000026870813,0.09268292682926021,2.1707317073170653,0.06868901088617212,0.44497711219572084,0.33135975673727663,0.19688573020659814,-0.2611769093273482,-0.9652909520109542,-0.9662287995847719,0.25768567452027785,0.022882126464681057,-0.2074133420401612,-0.877498893866088,-0.35163998901906984,OGLE-GD-RRLYR-07291
0.14057228223617252,-0.9829428447467534,-0.01650943396225921,1.9740566037735867,0.06563754847820741,0.5004910026931463,0.3015436643028846,0.18825358753537122,-0.07313516266396534,-0.9973220382514945,-0.9994939764807451,0.031808662007504804,0.009696135277233873,-0.24258811063693328,-0.8815368883074288,-0.37830453767072136,OGLE-GD-RRLYR-07292
0.10561146674291222,-1.4112761297428806,0.10620689655170182,1.4452413793103451,0.11575950530424046,0.1210870827212784,0.10691787341475163,0.07905167876054181,0.10311169687890492,-0.9946697833787618,-0.589004197620867,-0.8081299741904137,0.0499246762438816,-0.5117404853127223,-1.0272491005838102,-0.5817815972160341,OGLE-GD-RRLYR-07319
-0.2734505426566503,-0.8435638088011079,-0.1910112359550372,1.9573033707865297,0.05003257454515172,0.5322527730955386,0.389943406629536,0.25135063736155894,-0.3524685725316622,-0.9358236507897695,-0.8720465239584221,0.4894229868447469,0.03364765077194364,-0.269525649775696,-0.7866176796864296,-0.2818305946086912,OGLE-GD-RRLYR-07328
-0.18571727802475385,-1.0720380921633805,-0.15247524752475025,1.9726732673267398,0.062096635662919994,0.5429456973356183,0.3523362591074016,0.2007941604814972,-0.19506349666891956,-0.9807906159151883,-0.9297211635920598,0.3682642501913895,0.04428394748342867,-0.23038236433480735,-0.7904027378816979,-0.30268345826761894,OGLE-GD-RRLYR-07339
-0.5558515527459044,-0.8336549732792005,-0.4650205761317106,2.2534979423868085,0.044843073186371485,0.49083011137816845,0.3898292833637431,0.2335280338733789,-0.45170975627079046,-0.8921649489246835,-0.8103939984155306,0.5858852851301943,0.03160579706641087,-0.253642506759591,-0.7657548372591184,-0.26153656053804825,OGLE-GD-RRLYR-07353
-0.6531533717472929,-0.8279410023324383,-0.608247422680414,2.043298969072162,0.0666038886570851,0.4828573506719645,0.33997583736254505,0.23578908498952678,-0.4804039058151223,-0.877047368890401,-0.7040254097765104,0.7101747829858623,0.03431027905921251,-0.2861724172785674,-0.6980467883848483,-0.2257750951310838,OGLE-GD-RRLYR-07356
0.23166343482988244,-1.3028652998984653,0.10921985815602606,1.5313475177304992,0.10438244073337173,0.07967876675442127,0.051997823920089115,0.06839154305147127,-0.5174087049529167,-0.8557384133243906,-0.8055517012866189,-0.5925254902147534,0.04944034098677575,-0.4923602098367498,-1.034743877379445,-0.5687971154434837,OGLE-GD-RRLYR-07375
0.1927963299859704,-0.5695124145014021,0.09459459459456561,2.223873873873863,0.40316238554592754,0.532239368832198,0.2308679674277755,0.18878287336766855,0.10505912917482624,-0.994465976983138,-0.968992511303451,-0.24709009093411957,0.18553277212378386,-0.22777274058785205,-0.8325817482697178,-0.30653687278046843,OGLE-GD-RRLYR-07378
0.22683711481412433,-1.3419369973956101,0.10734463276835252,1.4745762711864296,0.21035360125362057,0.11579931547004742,0.061446866260628744,0.04863379444883616,0.5010567769416656,-0.8654144130304452,-0.8193862775312242,-0.5732417711520363,0.09216296431095519,-0.4607515481163544,-1.024244347256138,-0.5833594926617233,OGLE-GD-RRLYR-07380
-0.3513259836431236,-1.0847852116306185,-0.26229508196720386,1.7882513661202217,0.06173280486457942,0.48013792134770056,0.30663125661401336,0.21587382549021206,-0.5399931152109585,-0.8416694336405264,-0.6513655565337493,0.7587640685756536,0.035467885345506545,-0.3297025543212866,-0.6727743262407481,-0.18409034911322505,OGLE-GD-RRLYR-07397
0.21068499242085348,-1.1616462745192413,0.12296983758700138,1.5480278422273737,0.15960105296134888,0.1555112478909097,0.06447269744590521,0.07553451912431039,0.6635080116170947,-0.748169177739854,-0.4978341971620065,-0.8672722249305926,0.0662996588723679,-0.4840696090024032,-0.9328694620933448,-0.4767739580343028,OGLE-GD-RRLYR-07443
-0.758488869467644,-0.4222002755920564,-0.3346560846560659,2.341005291005295,0.12999235994236294,0.4985008523548197,0.38137872633150666,0.25052360435555715,-0.7137294837643606,-0.7004214616967839,-0.2824262860520722,0.959289003870488,0.10999479708102482,-0.3387656137557875,-0.5615096417504668,-0.053105804897672346,OGLE-GD-RRLYR-07469
0.1631149686359118,-0.3673473651032628,0.09292035398228907,2.2023230088495622,0.7076593404291239,0.6610082470059525,0.5500388482628034,0.39614081215061075,-0.33991416092759813,-0.9404564653405744,-0.8834076830927738,0.4686052341285331,0.3532797191325653,-0.4110353312466453,-0.5184779228192749,-0.0019805490664423315,OGLE-GD-RRLYR-07470
-0.8499471149031026,0.08081803815598931,-0.26207605344295554,2.634943473792398,0.1133362695093912,0.5757640420175918,0.35144014452848793,0.22117555897185548,-0.37229559655076894,-0.9281142110693635,-0.8207506995478646,0.5712865211010066,0.05777310668360287,-0.43764403059608015,-0.6991539583936599,-0.19317584812712216,OGLE-GD-RRLYR-07483
-0.0247976975758864,-1.0783246898557317,-0.007792207792195776,1.8737662337662266,0.08908417050100384,0.5074940932148786,0.3349681465813332,0.18688562000952771,-0.20482069353800045,-0.9787995113906691,-0.9846552454448184,0.17451088108769752,0.03655081467372312,-0.3207637258537731,-0.7540398808668223,-0.26676259862595686,OGLE-GD-RRLYR-07492
-0.2914406074609852,-0.2580087772792221,-0.24349881796688885,2.1626477541371054,0.8157634118001246,0.4596159805628466,0.27221312128920366,0.15139340950290217,-0.5385246033492237,-0.8426097860739343,-0.6900860277758257,0.7237273480175959,0.41453763900257307,-0.3346333575876429,-0.5228730062623299,-0.03867384406528931,OGLE-GD-RRLYR-07574
-0.29126695176203327,-0.09768773104049977,0.1706936866718802,2.2748246297739523,0.5956882643369084,0.41047213368914326,0.17614248371114768,0.11670926860010848,-0.11723539929875658,-0.993104154231197,-0.21654110097832563,0.9762735024505657,0.30189695369567443,-0.35758588656423673,-0.6696901652354139,-0.1368854131938059,OGLE-GD-RRLYR-07586
0.05537869344707374,-0.9870153779931048,-0.17142857142858012,2.0828571428571707,0.07661608107705432,0.47832169292632337,0.30612371185040216,0.12849259873393576,0.010363198440991957,-0.9999463006172244,-0.9908991499498335,-0.13460636919810778,0.03717872128254828,-0.13294004440820392,-0.8638057071932456,-0.35912122129838153,OGLE-GD-RRLYR-07589
-0.1895259459774015,-0.785206121640944,-0.20000000000001092,2.313846153846193,0.11480074031642436,0.5082399978990578,0.36239192162937667,0.1987901544396787,-0.3019609223685005,-0.9533203036557883,-0.8966388323826414,0.4427626952030777,0.05744566919924481,-0.25154014320498547,-0.8705254717610116,-0.3456309090247141,OGLE-GD-RRLYR-07595
0.249776547893097,-1.3577269469493665,0.3439306358381531,1.6052023121387204,0.15092569156972419,0.02139163600779033,0.06706427995725131,0.04712080403954392,0.5150606451724388,-0.857153738715845,-0.7703456446436063,-0.6376265268780985,0.06532022840749849,-0.4907756559278465,-1.0065939352084685,-0.556424120249749,OGLE-GD-RRLYR-07622
0.8056920182242915,0.8528432808142505,0.07575757575761369,2.0454545454545197,0.5600347591960526,0.5247859246309363,0.34028607759696516,0.279460935684815,-0.22793170902710952,-0.9736771210313926,-0.9045460877749184,-0.4263758612903521,0.3557333751466695,-0.3395115830742941,-1.0417132379617453,-0.5686362358410134,OGLE-GD-RRLYR-07623
0.20937615468998205,-1.0733074069407056,-0.10169491525424086,1.8277542372881235,0.2510509209985952,0.4615767052233215,0.3003785626942717,0.13574478116947944,-0.18801311830344053,-0.9821665171170398,-0.9936989283370741,-0.1120822904019657,0.0972347680541277,-0.22632779534066122,-0.8502371561766057,-0.3651701976261024,OGLE-GD-RRLYR-07626
-0.043544450681260484,-1.1572906256051458,-0.025089605734772227,1.8422939068100403,0.03566914866620313,0.4829634507460186,0.3188979408893753,0.14835634269413578,-0.12825022415282877,-0.9917418414107319,-0.9827781787614651,0.18478920788373387,0.01420101613940156,-0.1348282558229824,-0.7797887034169315,-0.2890368810047233,OGLE-GD-RRLYR-07628
-0.9401278366452807,0.4751184617808186,-0.19491525423728495,2.324576271186436,0.27258780236967894,0.4727000773548333,0.30477609071621176,0.19595091291155214,-0.45589301544651795,-0.8900345827365816,-0.5307446667188295,0.847531768578334,0.09898305778393811,-0.31596957901469236,-0.7408959084902402,-0.260744196731489,OGLE-GD-RRLYR-07644
0.13928380635989163,-1.0609490854337065,0.20477137176940083,1.8807157057654031,0.24734042428177486,0.3193197230045359,0.14772694308028372,0.07905658578555229,0.3542108457813771,-0.9351655878671121,-0.8479993583378771,-0.529997253066984,0.11095573621831908,-0.13399317573226172,-1.109837077344531,-0.6261688549261706,OGLE-GD-RRLYR-07645
0.1409310411365001,-0.6825483350529171,0.30588235294117105,1.9405882352940895,0.5401358383855824,0.24938861083369832,0.09767506161211124,0.11322176096857686,0.3709272843183801,-0.9286619135876046,-0.7734781178916048,0.633823004586344,0.2279890184525756,-0.6338557904937129,-0.9577568425841274,-0.4816176844546581,OGLE-GD-RRLYR-07652
0.3235018811739652,-0.9151748289190085,0.15231788079472364,2.115231788079484,0.07685470322417905,0.42414079525566983,0.2551442574003793,0.12899943387072177,0.053684107134573646,-0.9985579685932928,-0.943751116717015,-0.33065666437467606,0.0514211782459995,-0.21445007618137532,-0.9979616596734139,-0.4956650881975336,OGLE-GD-RRLYR-07676
0.22110283945195927,-0.9779145556172746,-0.2194092827004185,2.015189873417701,0.26325882712533094,0.5121542067661818,0.3736662142331341,0.23856313717045494,-0.06196245105890011,-0.9980784812121607,-0.962318226479661,-0.2719257821263731,0.12682905488317975,-0.2405051371477112,-0.8272909225610919,-0.3209356818786883,OGLE-GD-RRLYR-07692
0.05989322348641859,0.11714250420468941,-0.07999999999999675,2.7137142857142913,0.692821276848831,0.45703790815441786,0.3194179128258002,0.288419984606303,-0.6344365813098438,-0.7729749182838199,-0.4646971966186263,0.8854696581220555,0.34323393551267983,-0.31640648212134753,-0.5433802715411818,-0.022367834754002194,OGLE-GD-RRLYR-07694
0.2628154422237199,-0.18395093672648555,-0.09333333333333628,2.7213333333333214,0.7980363081701926,0.41044579033884243,0.2382766081035671,0.07727287087303444,-0.009520610997935752,-0.9999546779560692,-0.6281924522674146,-0.7780579945699755,0.35309020236879535,-0.16258140537623403,-0.773365618387164,-0.21303574056426622,OGLE-GD-RRLYR-07703
-0.25742230300036323,-1.0000363836230035,-0.22743682310470092,1.9324909747292327,0.044709215913171854,0.5027080638933447,0.34715243367100923,0.23449713098747202,-0.43534762391782944,-0.900262431932545,-0.800699355853495,0.5990663915926165,0.04032969088055128,-0.2757337833159142,-0.773525583058423,-0.2714027566165688,OGLE-GD-RRLYR-07738
-0.3997261465170789,-1.1454851356773024,-0.5157894736842065,1.7418421052631605,0.09254613583878435,0.5306806170583155,0.41314992102966536,0.25176166056739485,-0.5178297374708863,-0.8554837011836245,-0.685638113688784,0.7279425643945311,0.07443923303555978,-0.3063391849190367,-0.6546915000158641,-0.17920761891179676,OGLE-GD-RRLYR-07745
-0.1982577677225792,-0.9657294459918413,-0.25475285171102907,1.9307984790874646,0.048985080980543744,0.5007569755576983,0.3239777206062725,0.18223829211072373,-0.32113389797246883,-0.9470338006496959,-0.9266302931413334,0.3759738020564818,0.030741186366713528,-0.25210761099097584,-0.8097724682425284,-0.29430730346229694,OGLE-GD-RRLYR-07760
-0.5274575083131695,-0.9681330550727467,-0.28108108108107815,1.8593243243243165,0.06815002299550277,0.5012808418253072,0.39327366819126597,0.2994686434352362,-0.5306018416939402,-0.847621192273411,-0.6547808005016749,0.7558188296770503,0.04300468675458852,-0.32383684604293483,-0.653351845460462,-0.16244312501039904,OGLE-GD-RRLYR-07768
-0.15818804524319097,-0.6712837907162337,-0.2976190476190602,2.2158730158730355,0.1338585211290436,0.5608721083800954,0.3604266390448017,0.23043469507547637,-0.15001633242763177,-0.9886835186271501,-0.9998256474364129,-0.018672833966965677,0.0613868594084283,-0.31930968874597465,-0.7613933188766568,-0.2530545903848934,OGLE-GD-RRLYR-07779
-0.0435730957675905,-1.264080078101475,-0.12186978297163402,1.5198664440734633,0.10375976092583401,0.17698422661531327,0.0425303333587756,0.023280970170560054,0.226238115906884,-0.9740720275785067,-0.2059854179449794,-0.9785550610946898,0.05453049172894373,-0.5110358008016714,-1.1069791093156438,-0.6428277422769719,OGLE-GD-RRLYR-07785
-0.3955800442907865,-0.9338715313266888,-0.3851590106007112,2.038869257950521,0.027117251144928103,0.5216974117343867,0.3594353074033575,0.24398187802985255,-0.39075165077305274,-0.9204961419898153,-0.8898734789892667,0.456207399536153,0.02702352588285848,-0.218207227383392,-0.7485239954067744,-0.2388241868442686,OGLE-GD-RRLYR-07818
-0.02843103569014451,-1.2769286612035988,0.11217183770882432,1.634844868735084,0.07437373011596057,0.25361366557249737,0.03397254190047966,0.012788152088768543,-0.024810961556792882,-0.9996921607107997,-0.9544020316714048,0.29852430712003125,0.030423864947356473,-0.5501089471748225,-0.9319477527779517,-0.46533942417155866,OGLE-GD-RRLYR-07831
0.4900198156914252,-0.8239443095227834,0.24263674614305972,2.1088359046283265,0.1821645368712008,0.4698467004525378,0.24251342347263377,0.08597693142525431,0.1558262658135143,-0.9877844779518536,-0.8825141051679424,-0.47028592811142655,0.01870396518564934,-0.290397413735406,-0.9197217729213503,-0.42492767428618794,OGLE-GD-RRLYR-07833
-0.4659617135366538,-0.9180032359526185,-0.41486068111455165,2.005882352941174,0.07584124343557429,0.5116632220080088,0.35823889488115557,0.2534866342319371,-0.4290395030029877,-0.9032857271444896,-0.883577961810878,0.4682840862149115,0.0342845420685367,-0.280739896731575,-0.6722303466331149,-0.18849202005467336,OGLE-GD-RRLYR-07866
0.13193544150406472,-1.026067396942576,0.06535947712418141,1.8294117647058799,0.025854536938082758,0.514748220731223,0.32030592692381066,0.17894526930784557,-0.1732332144267206,-0.984880832090556,-0.9620249231964002,0.2729616221173965,0.015081328475182107,-0.21425796601625652,-0.7576119616385276,-0.25196710586985566,OGLE-GD-RRLYR-07870
-0.1142626290203573,-1.0238936159231296,-0.08860759493670291,1.9964946445959046,0.059814953218906286,0.4668998323593017,0.36628041930277316,0.23047825356027946,-0.38942031772289304,-0.9210601588086421,-0.9039578168319444,0.4276216381199913,0.02107982270185875,-0.2412857792684919,-0.7929770794734371,-0.2902213981517756,OGLE-GD-RRLYR-07880
-0.32633263004269086,-0.985626738200462,-0.284403669724783,1.7474006116207956,0.13966775534462547,0.4898423378640712,0.25966265385465176,0.17307506302479442,-0.25751261918918816,-0.9662749354910972,-0.7930323596226174,0.6091795109747074,0.061282819794681184,-0.197266717272462,-0.7241868709183271,-0.24305976395327805,OGLE-GD-RRLYR-07895
-0.13556248521788863,-1.411280620310285,0.010989010989024396,1.4351648351648254,0.05235063608212512,0.07898982746532957,0.06657429517659726,0.030490272585380396,0.19946772177733588,-0.9799043973617831,-0.18474144267495485,-0.9827871587268407,0.022315587991339238,-0.4731847331182619,-1.0296292260103925,-0.5830268273969658,OGLE-GD-RRLYR-07909
0.3940597927141612,-0.5765133469503172,0.006396588486140951,1.9744136460554362,0.5360525716291322,0.44236614715206224,0.3334920407563289,0.09543449964235343,0.24775227193385901,-0.9688234161866708,-0.8513794206730984,-0.5245503617903045,0.25265048312524446,-0.2863478235968856,-0.8320999361542118,-0.33441900898204596,OGLE-GD-RRLYR-07927
-0.5336809764071295,-0.6612253772965531,-0.5268614514608801,1.7304429783223245,0.22133970434752667,0.3629406603384823,0.222005126060491,0.17654126587869376,-0.6261940898674397,-0.7796672122226821,-0.6557044781856304,0.7550176403815412,0.11401177916714993,-0.3236978066062713,-0.7701167546817358,-0.3381873144627391,OGLE-GD-RRLYR-07930
-0.05490813531036426,-0.7848079804877219,0.09756097560975892,2.0796747967479545,0.10761238085941624,0.5120790649629949,0.37328730209395333,0.2175992607104161,-0.12476934518894939,-0.9921857741880402,-0.9814419564234614,0.19175944871554135,0.06040966870070951,-0.31866214285074057,-0.7974637972079321,-0.29106946419338253,OGLE-GD-RRLYR-07932
-0.1094659190719061,-1.2251352478467024,-0.36585365853659596,1.698954703832739,0.1827877453425759,0.3652147390123005,0.19816806805201556,0.02226617817944623,-0.37724206011517125,-0.9261146948839877,-0.9178207488184971,0.3969950541735416,0.031158100940781874,-0.28989995621819953,-0.7545885752718715,-0.3119363030536553,OGLE-GD-RRLYR-07936
-0.33226233114618103,-0.8371499576414045,-0.07818930041148707,1.947325102880664,0.1785668709092784,0.43166688167594097,0.28380379624164565,0.1217758983068672,-0.38946202902966476,-0.9210425223322193,-0.9468956810123379,0.3215409294011895,0.09707309034573529,-0.2593771276196162,-0.8197594923640813,-0.3249552640441086,OGLE-GD-RRLYR-07938
-0.467449554452843,-0.8986363765328074,-0.2807017543859669,2.053907496012758,0.05080058810289674,0.4975649673836764,0.37398861574629166,0.25063068431661395,-0.43823904100174305,-0.8988584665796238,-0.773010003558324,0.6343938322515122,0.04257801539727733,-0.2526480340913293,-0.6903325001630264,-0.19118157490787432,OGLE-GD-RRLYR-07947
0.11823219739573508,-1.407365258340026,0.12068965517240851,1.6137931034482866,0.09615038266384253,0.2621323193844969,0.10291587698653293,0.005753063484742946,-0.018073837305587877,-0.9998366548617085,-0.9683019162056657,-0.24978270370951594,0.037627836310592924,-0.20874429818563806,-1.1928369119372595,-0.727694155597912,OGLE-GD-RRLYR-07948
-0.43100575993918,-1.0414036686014878,-0.3877054169202506,1.7650639074863084,0.11059688935257632,0.45222493411531506,0.28717566754466956,0.21883372703780077,-0.4943754453252194,-0.8692484794691855,-0.6802189666855013,0.7330089749527687,0.06484951552125025,-0.23679123071469255,-0.6300517847740743,-0.13966199342900545,OGLE-GD-RRLYR-07955
-0.020430410797268667,-0.6053273947242612,0.08135593220339245,1.9779661016949066,0.8266314727168005,0.3044972167416995,0.38640832521042007,0.0395098103101192,-0.26231510618386356,-0.9649822718929858,-0.9772834765902492,0.2119363262484179,0.33922643392979696,-0.17363811335971902,-0.7167280555806192,-0.23395913961861042,OGLE-GD-RRLYR-07964
-0.1586240041788978,-0.9202851549297693,-0.25143953934740887,2.0786948176583433,0.07880307024902762,0.49973996703793616,0.32829870224450836,0.21376596903335754,-0.3866034362928157,-0.9222460534188188,-0.9024638482362236,0.43076560056098545,0.047668622395378266,-0.27362208623933654,-0.7701754108071636,-0.2664015390386615,OGLE-GD-RRLYR-07987
-0.22563434666969212,-0.9815549371781853,-0.2647619047618939,2.118095238095205,0.04063778212887833,0.5108342008728695,0.35785233215583423,0.2304276830969665,-0.3315978514072563,-0.9434208313059932,-0.9388143939946677,0.34442348007710644,0.027842008501157738,-0.2524331401502631,-0.7619611517591748,-0.2549252084179446,OGLE-GD-RRLYR-07992
0.3339349891467961,-1.072808386331229,0.21081081081078185,1.6140540540540675,0.08539068870987163,0.3638129729330108,0.22402457048075283,0.07902305824546801,0.29432153224710866,-0.9557064589379493,-0.6081034725001524,-0.7938577748773745,0.060868656523296275,-0.09792897112240241,-0.9957792992225417,-0.5249101966109928,OGLE-GD-RRLYR-08011
-0.028422060227175482,-1.4971288894472154,-0.01886792452830273,1.5647798742138648,0.061821084802615424,0.09988568533618371,0.0588393688993304,0.015893717625334633,0.1716450763531961,-0.9851588540756793,-0.7379307422851473,-0.6748764476483762,0.0284308003549727,-0.5556455125894927,-1.0588779088072002,-0.6041496239812141,OGLE-GD-RRLYR-08018
-0.34917296994812985,-0.8708015343205822,-0.3249999999999648,2.1363461538461426,0.04649207068572735,0.5200594230207173,0.3388167202588786,0.18314309924600553,-0.2811520892277101,-0.9596632235961184,-0.9012083765832609,0.43338604266423186,0.023962142434217012,-0.24139962508932514,-0.7775932596295445,-0.2553550288948758,OGLE-GD-RRLYR-08031
-0.12231343740639777,-1.0425256956085267,-0.34129353233829934,1.9562189054726398,0.05938085633748811,0.5178200672008751,0.30842101747228706,0.18271355925857144,-0.3009172491931304,-0.9536502551449559,-0.9664920287514845,0.2566966270908902,0.02603313047762606,-0.2412505141645415,-0.8072553764555206,-0.3084764778318469,OGLE-GD-RRLYR-08033
0.36092020446330036,-0.7177015386782255,-0.08996539792391116,2.3249134948096795,0.19427698514001585,0.4772481106636776,0.25922130728138354,0.12540475488413894,0.17902373093111013,-0.9838447559262109,-0.9165775512968981,-0.39985696499946355,0.07885752090858779,-0.1655809622829257,-0.9715992369156632,-0.4737253545742457,OGLE-GD-RRLYR-08045
0.19995490862953197,-0.7693052232274984,-0.028037383177571335,2.2971962616822497,0.5043536625384634,0.34288455579016464,0.1352959865480349,0.011487841668062281,0.17986732884670878,-0.9836908782811549,-0.20657962784357942,-0.978429791737766,0.24792368423624653,-0.1886296164744233,-1.124711332246814,-0.6094181214495663,OGLE-GD-RRLYR-08048
-0.48540589127362477,-0.6296327141702114,-0.24651162790699727,2.014883720930231,0.2175653389560403,0.4046736430336187,0.20890802643039677,0.09802317378640546,-0.3518314878021402,-0.9360633547954607,-0.8955629840783408,0.44493476100288853,0.09736878251669316,-0.2795528340945815,-0.8622284707258215,-0.3633115520467179,OGLE-GD-RRLYR-08051
-0.03891280533993142,0.04733730486776233,0.058394160583934984,2.550364963503649,0.8023591631967264,0.548001544190579,0.4409337999249548,0.28424330319370844,0.2578043336415848,-0.9661971463193308,-0.9715345717151022,0.23689781755506528,0.32191685487360416,-0.3995962831693456,-0.6397255785754584,-0.15564710368910536,OGLE-GD-RRLYR-08053
0.04744281106345666,-1.0931475053060329,0.2406779661016866,1.88338983050847,0.11966549176080253,0.3393131157383191,0.21684831833543577,0.11928694569279619,-0.37829631597412205,-0.9256845560558992,-0.7877089174897475,0.6160476128572613,0.053637319526258304,-0.1759502231109568,-1.0410883809575577,-0.5562677585984017,OGLE-GD-RRLYR-08054
-0.036372276240833445,-1.0235064422007265,-0.10037174721189966,1.903345724907064,0.03250428689172114,0.5345347464139764,0.35443068255190785,0.2106316310446556,-0.24106187455078104,-0.9705097488629691,-0.9702339387329197,0.24216957721977572,0.013094072529923357,-0.24750401371217381,-0.8049329389375782,-0.2907300390241689,OGLE-GD-RRLYR-08056
-0.2951026359664329,-0.8934000712389523,-0.250571210967256,2.0610814927646537,0.28211818206724587,0.4919774983186263,0.25053994990657275,0.19529271366241382,-0.5271193955869657,-0.8497912348312566,-0.4091731789063691,0.9124567439959312,0.1435944092853928,-0.232830771216263,-0.6713451220211679,-0.16970010162117208,OGLE-GD-RRLYR-08062
-0.03332215617080489,-1.1743425177009639,-0.08603351955307098,1.6726256983240297,0.13599502027175786,0.4223244970096206,0.3109389175024191,0.1761967444964534,-0.3345461037565823,-0.9423793845693411,-0.9238947682530078,0.38264664795960396,0.06867135936771819,-0.20405520464793103,-0.9028522368880071,-0.42683819098491005,OGLE-GD-RRLYR-08068
0.6240163613035958,0.32709224556703553,0.2087227414329969,2.1875389408099495,0.7791914646971795,0.364816575928884,0.13100764453966698,0.0838812776442911,0.2739325685875463,-0.9617489006320876,-0.8054223461895007,-0.5927013111665944,0.35712819906256726,-0.053970242696026384,-0.9097946309787155,-0.4545691705346458,OGLE-GD-RRLYR-08092
-0.6003360529717158,-0.7841161076624226,-0.4316436251920106,2.367434715821813,0.032430713071993605,0.5938396426735689,0.3672590859985896,0.24826986870440587,-0.46437957938753793,-0.8856362719806893,-0.8049494101812276,0.5933434478014348,0.03099392097713146,-0.44810615060671494,-0.61095622730284,-0.11317099532301791,OGLE-GD-RRLYR-08093
0.2068551821757048,-1.1241708437676983,-0.19571045576405463,1.7576407506702376,0.0795933423643304,0.44404708314021235,0.23245352605727929,0.12162259839905074,0.07047575242799828,-0.997513492800828,-0.8298259504645035,-0.5580223041561004,0.03976913881345586,-0.14881863833036238,-0.9411896067784864,-0.4843910507655152,OGLE-GD-RRLYR-08104
-0.4216731156145937,-0.6468260935624417,-0.25654450261779976,2.007853403141371,0.2016045740938476,0.5371332355417223,0.38532544840593314,0.18675360386071935,-0.5600136537933706,-0.8284833779654236,-0.6792531500190606,0.7339040524409056,0.12683934184800943,-0.2696308314737687,-0.6206973906914227,-0.11520463605101934,OGLE-GD-RRLYR-08135
0.08178799888212587,-1.2992582284574856,-0.013927576601698159,1.5348189415041762,0.12457768856092946,0.22932853762931973,0.03461107362157704,0.05724214191273982,-0.17101491354182208,-0.98526844024676,-0.9422466779976418,-0.33491968858579857,0.0591696691089545,-0.19235619546350027,-1.3177395546057957,-0.8609083924761758,OGLE-GD-RRLYR-08142
-0.2007320453287904,-0.8838571358813785,-0.06268081002892747,2.044744455159118,0.1870431931962514,0.46763552651905826,0.2940518381750188,0.13658426175213814,-0.24508162275296666,-0.9695024487791521,-0.9487160532246915,0.31612948352496983,0.06800064050565911,-0.24880138655888145,-0.7974008829450416,-0.27564219577357274,OGLE-GD-RRLYR-08159
-0.885594698795801,-0.4724038050634678,-0.5199999999999888,2.373846153846145,0.031032243760681383,0.4727990675680553,0.37367444509152564,0.23761080201754045,-0.6160943197220481,-0.7876723869771155,-0.29552211155862135,0.9553358998697441,0.03613815025994376,-0.33299921018363804,-0.6035831453840346,-0.11266406960083314,OGLE-GD-RRLYR-08179
-0.04144500381222017,-0.9250669776917695,0.023112480739600226,2.0554699537750407,0.39023901781654663,0.40246368586814263,0.276512373244525,0.12483080941305995,-0.0971307263546965,-0.9952716322682009,-0.9828175821651409,-0.1845795226645319,0.15329778896287075,-0.18486614944790433,-0.9650822159230092,-0.47690416174743117,OGLE-GD-RRLYR-08191
-0.3516497400498083,-0.9429509510925387,-0.32890365448505227,2.0144518272425387,0.030386188532431288,0.5086373658640914,0.35088267838336845,0.22194916691218697,-0.38956189267719293,-0.9210002886936373,-0.8551364570500063,0.5184029705007127,0.02838168703073805,-0.20918950967639105,-0.7257854328773967,-0.21727661809396964,OGLE-GD-RRLYR-08196
0.02692189467083945,-0.5436123026685178,0.11346444780635807,2.0612708018154335,0.39356144122123304,0.4959194857751293,0.31257654187408224,0.17848290999441022,-0.0424699200165326,-0.9990977459156783,-0.8324800830831062,0.5540549713430469,0.3004665226963165,-0.3648003264075972,-0.647906240943717,-0.1666934847152998,OGLE-GD-RRLYR-08215
-0.0738851562781375,-1.1839018293969965,0.12968299711816003,1.6559077809798317,0.22160529729456768,0.18974644341842722,0.04924635310099851,0.05688624905781211,-0.2853148512626833,-0.9584338452125701,-0.7639179189641794,0.6453134223657814,0.09307909617987008,-0.6242559712894374,-1.0091711285373826,-0.5416643740080497,OGLE-GD-RRLYR-08227
-0.27817127346095194,-1.1120830690952914,-0.3035993740219136,1.9428794992175327,0.025023855698867,0.4996685817060727,0.366530637214661,0.2744141380806447,-0.42214390097500776,-0.906528833997906,-0.8807976154494787,0.47349293618649935,0.022447069821224738,-0.27500842136383563,-0.7102230209192458,-0.20708327177339736,OGLE-GD-RRLYR-08239
0.21566716807293432,-1.1314399623856484,0.07588075880756533,1.8097560975609759,0.0784054957716989,0.4260825318288042,0.20009146367181205,0.07041490960150483,0.09680693561092484,-0.9953031785429113,-0.8777457363072292,-0.47912672895015995,0.04754502602495482,-0.14582943668804332,-0.9569182426532924,-0.47638358094562944,OGLE-GD-RRLYR-08240
0.05232320657493537,-0.7105656698185854,-0.1297242083759055,1.9319713993871492,0.5536935998768876,0.42843008139036043,0.3308418674316596,0.24848950505926692,-0.15332817337720922,-0.9881753241448648,-0.9847129139775747,-0.17418518032770067,0.24284646303468727,-0.15612571895284297,-0.8170103921588149,-0.32527660662769603,OGLE-GD-RRLYR-08241
0.059369255041984155,-1.266413969528639,-0.0262008733624465,1.6043668122270796,0.0976903255459196,0.4562334905350286,0.2398746634767884,0.11316865195113571,0.05240307850896216,-0.998626014763677,-0.9701411955355218,-0.2425408434159256,0.02297172389486453,-0.32703159865171794,-0.891789037329566,-0.4348608480302105,OGLE-GD-RRLYR-08246
-0.3733352146353082,-0.9070301442747857,-0.27310924369746586,1.7642857142856994,0.21941227035388078,0.45390912832480074,0.2823677208265532,0.11889919432712859,-0.33677369327511886,-0.9415856198550593,-0.9152337747238235,0.402923240338382,0.09113051992378622,-0.2559707175828533,-0.8508402460732205,-0.3768541253620583,OGLE-GD-RRLYR-08293
-0.3362660489898077,-1.0013017274940705,-0.18088737201365515,1.8703071672354998,0.08291147966226982,0.460913280793522,0.25110002031054235,0.12221772128829399,-0.3863366545718746,-0.9223578423443973,-0.7591331481472985,0.6509353757355424,0.026225689668034086,-0.2713706948112418,-0.7430401736307073,-0.2612194415156308,OGLE-GD-RRLYR-08299
-0.5814213254555933,-0.8334883241984703,-0.18380062305295083,2.0233644859812983,0.09671980596757761,0.39845344239300085,0.20687814938631777,0.09415439148032492,-0.5780701465077727,-0.8159870744788071,-0.4137751620362515,0.9103791052533411,0.046016683970765644,-0.3364221358666995,-0.6629402047331188,-0.18742084459095348,OGLE-GD-RRLYR-08302
0.17896574270161744,-0.33067749600081786,-0.046025104602492234,2.0418410041841066,0.8185006170066709,0.6449206296749372,0.46004574737292125,0.16672820951603048,-0.4544642717178588,-0.8907649666056452,-0.9839547456594427,0.17841821233904748,0.42727293172815284,-0.22452457194532888,-0.7962324400048127,-0.3115801779972866,OGLE-GD-RRLYR-08308
0.150762265493225,-1.3492874214494404,0.002881844380396731,1.5291066282420684,0.07940971290880794,0.1293845783782968,0.09623461966191127,0.03752937941119843,0.4231162580892095,-0.9060754009135142,-0.5118156963480083,-0.8590952758406971,0.029473616254224812,-0.4527958745436812,-1.0449250113086428,-0.576262750017671,OGLE-GD-RRLYR-08328
-0.12511793684749303,-1.2089776152873513,-0.18439716312059115,1.8758865248226946,0.03728805164402773,0.4889488283943953,0.3102820638576709,0.14957542556782946,0.007847921667262944,-0.9999692045885735,-0.9920178466181346,-0.12609754950481447,0.022577921620185282,-0.15193941623239787,-0.7598786279260145,-0.2765443279648143,OGLE-GD-RRLYR-08335
-0.5099131531476176,-0.8199565712666228,-0.1542857142856914,2.080761904761885,0.5647701250092652,0.3863705582458241,0.16692201268235005,0.02687421842348531,-0.5552523138887508,-0.8316819511815728,-0.33821965626073824,0.9410671942634427,0.22007622870616123,-0.341936090292801,-0.7303629082402499,-0.26264830419628493,OGLE-GD-RRLYR-08345
-0.5310311474235808,-0.3797398137668635,-0.1290070367474531,2.4150117279124435,0.3148121721174889,0.4779713995692438,0.20878386016639158,0.11556199929913022,-0.40710233601235013,-0.9133825529389575,-0.5474285019660656,0.8368524572678205,0.14974114771123676,-0.3659950475530433,-0.6292079804989136,-0.11227020271196882,OGLE-GD-RRLYR-08354
-0.10940624899478948,-0.9048410384830459,-0.14749661705008021,1.8031123139377552,0.28323486372128365,0.47356720333411023,0.32883705390757567,0.24909301248609514,-0.3571223635221541,-0.934057609289893,-0.8919193637742004,0.45219448086484365,0.1445229264477726,-0.24633727414297443,-0.6607207687221032,-0.1763627779653726,OGLE-GD-RRLYR-08364
-0.4910140446588252,-0.6714398905788221,-0.3310924369747951,2.2154621848739615,0.169308129003222,0.5102615980130074,0.37669089898657765,0.3019884122177593,-0.28864517757987607,-0.9574361396249266,-0.9003830174519273,0.43509817499521,0.09243313060153686,-0.2838866434636585,-0.6888804521848985,-0.18104868835982577,OGLE-GD-RRLYR-08366
0.15641401940830152,-0.8624907920135514,0.02272727272725988,1.8778409090908923,0.28678713517187465,0.19249973148922606,0.07079712644688761,0.042236387343297294,-0.01885947831221145,-0.9998221442225568,-0.9407484241578141,0.33910529698692343,0.1397859408112259,-0.5377482192202903,-0.9556833585486715,-0.48082853617834004,OGLE-GD-RRLYR-08392
-0.6064486856158169,-0.5792394646142403,-0.3549337260677451,1.9086892488954277,0.38563742670969636,0.425891043169356,0.19494426100688667,0.1325772234921936,-0.606322480369753,-0.7952188691160884,-0.46641840434223997,0.8845642272276438,0.15493891082985842,-0.28787846394917593,-0.6739694904932204,-0.1884249941294069,OGLE-GD-RRLYR-08397
-0.4292923337571522,-0.9836230055408319,-0.14632297194844388,2.1035633055344913,0.01689933073013719,0.49336124135329323,0.40244521267044303,0.2999527950186427,-0.5764629227656073,-0.8171233068983735,-0.4829256057865762,0.8756613839125649,0.02924979710548557,-0.30344401275380906,-0.6599037193711621,-0.15885960938788574,OGLE-GD-RRLYR-08412
0.17142374995242216,-0.47400969172301544,-0.09930313588850584,2.005052264808369,0.8070430374616824,0.46630336020741064,0.42323382201505116,0.2998792097873017,-0.34089812304583483,-0.94010024449727,-0.6830143232487813,0.7304049796085794,0.40008281510079785,-0.22126268843422314,-0.7266676246961331,-0.23999240560056292,OGLE-GD-RRLYR-08457
-0.5272755052469391,-0.5126833106407744,-0.22807017543859867,2.029573934837095,0.18029248066096698,0.44332667295837597,0.294861462818143,0.1669441896292037,-0.3623127296892051,-0.9320565894328289,-0.8163944922613657,0.5774946172955266,0.07364243418158906,-0.21948629864357122,-0.8986207573547349,-0.3926522232315851,OGLE-GD-RRLYR-08462
0.1308792777882581,-0.732470875707842,-0.055555555555570506,2.3406565656565936,0.09905057975754829,0.5123896551658818,0.30308097607836887,0.1627780772256641,-0.06389755838128487,-0.9979564629947092,-0.9973249287113352,-0.07309573565489486,0.046066577445885847,-0.26655437502834056,-0.8615596224701783,-0.3339971135052806,OGLE-GD-RRLYR-08478
-0.7023667292598272,-0.667156673751387,-0.4871794871794957,2.122473604826544,0.04271753016518361,0.5294635598687079,0.36084034171854434,0.2483572509125957,-0.6207644593743394,-0.7839971211539517,-0.5043507302040899,0.8634988945809956,0.0419743383542543,-0.3263723805499727,-0.640250599092036,-0.1526741692145743,OGLE-GD-RRLYR-08494
-1.1265589051544105,0.006201051648692335,-0.5268138801262101,2.2697160883280745,0.13356542068524022,0.4090207062411425,0.25417258486038685,0.16213695971368758,-0.7561655297299741,-0.6543803875791111,-0.16390961448276087,0.9864753612128956,0.05201140760417748,-0.31637667869334113,-0.6040724765888653,-0.14296920172737598,OGLE-GD-RRLYR-08495
0.050585728227867895,-1.3118668363876076,0.04666666666665309,1.6053333333333493,0.1858200755344703,0.07004807558020726,0.0663196582488304,0.026983156384173698,0.46676373326818266,-0.8843820539255355,0.19743456267824824,-0.9803160681433559,0.07877402933815558,-0.4335191040966461,-1.084364389995872,-0.6183435174142128,OGLE-GD-RRLYR-08502
0.31455904201062107,-1.5432439102789859,0.38528138528138256,1.3099567099567284,0.09241542322482428,0.166427122273066,0.11025759794712149,0.064007372847187,0.08479834838764654,-0.9963981333336225,-0.9746953285251713,-0.22353750591614033,0.041404199852662874,-0.4672687500333228,-0.9368936974817822,-0.5191310763128296,OGLE-GD-RRLYR-08511
-0.18174201496711045,-0.8826774368878385,-0.18696397941682305,1.9392795883361635,0.2824742045041086,0.4876073598974133,0.35322016549892843,0.1702114165209071,-0.372047489263624,-0.9282136961565659,-0.9348344388593246,0.3550838942032878,0.11554782189685617,-0.2836789275203611,-0.7449397338928675,-0.2477210145398836,OGLE-GD-RRLYR-08522
-0.3743017354880264,-0.8151168828938058,-0.37664974619287966,2.1569543147208456,0.06581425057490277,0.5354819636054179,0.360673037909686,0.24748792085581928,-0.4542186605510914,-0.8908902336467566,-0.8613684571358029,0.5079806896442881,0.04458063450933349,-0.2516579033373016,-0.7846015741390322,-0.2747828141862075,OGLE-GD-RRLYR-08570
-0.1168729841221538,-0.9226815784104176,-0.015350877192993323,1.836403508771907,0.15980827752338464,0.4539500745197727,0.30731659926046767,0.12744788146436542,-0.15006778208473487,-0.9886757106251617,-0.9687001192711892,0.2482339197692047,0.056768215401526725,-0.22693787315973984,-0.856264426092381,-0.37809703910877196,OGLE-GD-RRLYR-08577
-0.17784406828562863,-0.9369900665819699,-0.11417322834644257,2.037795275590554,0.03239180800945261,0.517725142541791,0.35170219268658104,0.20870011779304629,-0.37544793818574757,-0.9268434850135545,-0.8655058116226472,0.5008988820584678,0.02115178763138839,-0.27154155344518893,-0.7923863516036765,-0.28600573233935617,OGLE-GD-RRLYR-08596
0.09646200242965447,-1.1457867594376783,0.040000000000000945,1.8666666666666478,0.11254283609209527,0.240697523002284,0.08321336454692992,0.030681418176095716,0.193911044390957,-0.9810191164616561,-0.640436942969814,-0.7680107564868341,0.0470374193281674,-0.2067585556163532,-1.3295819597343983,-0.8538719643217602,OGLE-GD-RRLYR-08611
-0.2531092473026273,-1.0365679117560946,-0.05602240896357412,2.019607843137249,0.030173039671409503,0.5173859257330311,0.3426035534341956,0.17395910060922784,-0.13622544849483284,-0.9906778624670997,-0.948474121906925,0.3168546039950936,0.016695778671970387,-0.16279265188998138,-0.648341950114832,-0.14206473528057093,OGLE-GD-RRLYR-08612
-0.028379558400400455,-1.0683525303900356,0.12000000000000569,1.8893333333333415,0.4002242924678945,0.09295664320020053,0.07662776758333717,0.04822279676715835,0.9297590156385839,-0.3681686744398165,0.2200866743112063,-0.9754803205552806,0.17153826882860598,-0.49129086357477053,-1.0330466224577068,-0.5476001540885607,OGLE-GD-RRLYR-08642
0.1419493902299589,-1.3752893177720493,0.10478654592499054,1.5107373868046643,0.5255757294604496,0.11772809431104897,0.0490216839779237,0.034098263400114195,0.7913351398926478,-0.6113826104585274,0.9030809186402174,-0.4294704348240295,0.26343391916193254,-0.41970177230799316,-0.9897039905633546,-0.534691520412694,OGLE-GD-RRLYR-08669
-0.11567766888755854,-1.0786528458583597,-0.02540415704390276,2.0263279445727527,0.06063410838263272,0.46463775915717437,0.31478320969023177,0.18359637156353112,-0.20019429843323586,-0.9797562160429627,-0.9930019227183177,0.11809818575119703,0.01801601932231412,-0.2308035937772498,-0.852108972400048,-0.3578323655950541,OGLE-GD-RRLYR-08673
0.29396612341415523,-1.4578910222515207,0.43925233644858624,1.4383177570093444,0.027395805385251697,0.10643352965372388,0.09486054559198308,0.04539744848674597,0.33808288454163904,-0.9411163388125853,-0.5633911795472731,-0.8261902800253293,0.009570837718149592,-0.46294292275568133,-0.9558481540840964,-0.5117313845045397,OGLE-GD-RRLYR-08726
-0.21953880387570515,-1.0494902822467675,-0.004160887656033444,2.0276005547850207,0.027384068017339436,0.533187833284943,0.343127980020478,0.20657479478576196,-0.24389859949242546,-0.9698007388972404,-0.8739712555375693,0.4859776172768504,0.013191789130713684,-0.17924866853687615,-0.6355165119286725,-0.13611232956302416,OGLE-GD-RRLYR-08734
-0.8774688771568748,-0.43604418093460007,-0.5254237288135604,2.1268361581920963,0.05175538096667766,0.4968865551949107,0.34860767456344244,0.21473890611943994,-0.5949642141322687,-0.8037521906047733,-0.4587264819365233,0.888577523219072,0.034189115330851755,-0.34458759450973964,-0.6355948321063767,-0.1232627028593353,OGLE-GD-RRLYR-08736
-0.46082068011053334,-0.9995875939249075,0.06447187928669011,1.95500685871056,0.02582596192690996,0.4813937334385033,0.3536074836824107,0.2226266449310118,-0.5560048444973906,-0.8311790498415083,-0.5491661096554178,0.8357132187574478,0.029088677143231385,-0.3329480065642883,-0.6309825381368223,-0.14715418198500424,OGLE-GD-RRLYR-08741
-0.08036472208554664,-1.2335282852322245,0.1144465290806899,1.6694183864915775,0.4209617175768379,0.08885019856140411,0.05651788427956836,0.03810751079546395,0.18828398990459178,0.9821146262761835,0.11594146229558085,-0.9932560482175593,0.2014224835279294,-0.5555568045205881,-1.129755700711334,-0.6527675899159362,OGLE-GD-RRLYR-08742
-0.03769471623521012,-1.135313336043848,-0.20338983050847867,1.8412429378530988,0.09247563398436007,0.44596797320854226,0.266485825232659,0.1267074826232045,-0.02956166973954185,-0.9995629583383981,-0.9948597991261237,-0.10126193797636333,0.04218818004816064,-0.22433753442039325,-0.9734776205952329,-0.48691563953485006,OGLE-GD-RRLYR-08747
0.006161726217541775,-0.8491835054650307,-0.14141414141413453,2.017171717171713,0.3512049582991313,0.4588820076762307,0.24119001709784849,0.08094682062886882,-0.2835232264640155,-0.9589653695809013,-0.9442161072510897,0.3293264987935204,0.17829753107114926,-0.15581420994067696,-0.8823556866506318,-0.39859193946531624,OGLE-GD-RRLYR-08754
0.4571425220663092,-0.19192926821418776,0.19677419354841064,2.1337096774193705,0.5903285799507879,0.4993396704723708,0.3225258869618847,0.1687979550777414,-0.35412864794903604,-0.9351967176491733,-0.9751137505773566,0.22170514977095332,0.28850527075778504,-0.3073276616670646,-0.6811050978309334,-0.179502979208601,OGLE-GD-RRLYR-08757
-0.42988497172392054,-0.8120029788667531,-0.2,1.927328244274805,0.12578554318802768,0.5037240130538551,0.30242496387312007,0.22023452443028696,-0.36962180301585407,-0.9291822871403163,-0.824194574701811,0.566306721690729,0.06794864937303643,-0.23870425683897722,-0.6934050397449887,-0.19983300979863627,OGLE-GD-RRLYR-08772
-0.0919104925460209,-1.1124285135992367,-0.20645161290320155,1.7641935483870865,0.39384556033530776,0.14678235946818094,0.07250549117599651,0.045510310944443515,-0.43828598005024894,-0.8988355798984555,-0.3858833225030474,0.9225475930346407,0.16594475716174975,-0.5748596433858123,-1.0514625634727641,-0.5631220722893417,OGLE-GD-RRLYR-08787
-0.2819815320603826,-0.8745459430834668,-0.1633986928104333,2.0665214233841684,0.28912536601183547,0.40795789926274684,0.15900463374738463,0.08571459903337214,-0.6153858529726552,-0.7882260157855218,-0.1830915659621893,0.9830958643354742,0.13829637599383643,-0.3348690886599699,-0.6301793916247559,-0.14788613915023993,OGLE-GD-RRLYR-08795
-0.11805807709403368,-1.328136342936775,-0.04464285714286408,1.4736607142857123,0.04172638629226835,0.3052085660568835,0.14447512551930483,0.08628756646109335,-0.11692187941117836,-0.9931411149051065,-0.9735075954535679,0.22865467761279773,0.019311542136217934,-0.40347357368334175,-0.9410273791846278,-0.4813544756696887,OGLE-GD-RRLYR-08799
-0.6373687110468679,-0.3152882297265771,-0.30043290043290743,2.2522943722943687,0.13972911340062094,0.5154000457136723,0.33621275487141405,0.2648499185798629,-0.5103897685144437,-0.8599431866093088,-0.8347320105744361,0.5506563996925482,0.08648381146639114,-0.23537935071798022,-0.6911864162719737,-0.18685285541953284,OGLE-GD-RRLYR-08805
-0.382729638878912,-0.4965245658082442,-0.11680572109655843,2.0169249106078437,0.5521582934529559,0.5057252519473432,0.2280179810077611,0.21298599723633815,-0.49067420682988455,-0.8713431142505595,-0.2030225346283532,0.9791740654414205,0.2731830154040258,-0.39525315993133187,-0.5744270992757106,-0.07257830494958319,OGLE-GD-RRLYR-08811
-0.2512565945611568,-0.8546064188478035,-0.21660649819495326,2.2388086642599156,0.3777016904682463,0.4526653335050879,0.313810938647604,0.23654745882397246,-0.2930870020972996,-0.9560857750231501,-0.8124238655002577,0.5830672883686918,0.16514887536000425,-0.43135080761068606,-0.7296166232415673,-0.20750325196430683,OGLE-GD-RRLYR-08812
0.03754538155796437,-1.394314943653586,-0.16470588235293354,1.5308823529411724,0.09369484067275365,0.13452176864661194,0.09178312964676286,0.038952474295880224,0.28151590703256957,-0.959556561171685,-0.6670115981390257,-0.7450473326896909,0.04260879181086127,-0.5006234527269003,-1.0429785152093427,-0.5846092618174276,OGLE-GD-RRLYR-08848
-0.2711626814133777,-1.0380050457451242,-0.341732283464566,1.9288188976378042,0.0478431149496518,0.5363377124567728,0.36991328956646424,0.23034402043633956,-0.36859806346884105,-0.9295888702039307,-0.9166565654411296,0.3996757949059114,0.03397338159269768,-0.2821106244779497,-0.7151805414026114,-0.21296481797377592,OGLE-GD-RRLYR-08853
0.03608173246401888,-1.4498687836739081,-0.05210084033614449,1.5176470588235182,0.17152122940192693,0.07811176041605099,0.0480873231351722,0.018596329943851398,0.19440868109367154,-0.9809206210063173,-0.7483911041656781,-0.6632576838647836,0.0747657351969172,-0.5837309482935372,-1.1000994714225076,-0.6463722410144607,OGLE-GD-RRLYR-08855
-0.22368696762232068,-1.2386158118569752,-0.009274413529730454,1.6721222040370978,0.09403831430424633,0.4734442230801089,0.37664149175307493,0.23910169110081222,-0.4993337632548196,-0.8664097142078797,-0.6624625124564529,0.7490950671242496,0.07692807093778894,-0.35966098925611517,-0.5780555294438878,-0.11562951247352887,OGLE-GD-RRLYR-08866
-0.08283274393436454,-1.4203449250096454,0.04444444444441988,1.4466666666666725,0.2526037460154682,0.11335995900569996,0.05264756594915263,0.05941249711315907,0.02309140283372549,-0.9997333580086095,-0.951523987480511,-0.3075745458408226,0.10433075401116199,-0.645585798368384,-1.031808443604557,-0.5843590201038447,OGLE-GD-RRLYR-08872
-0.09703168936180426,-1.0650799733820404,-0.1170431211499305,1.959958932238177,0.04957019618355031,0.5455669988286055,0.3018336543368397,0.18758534816293,-0.17842354307258412,-0.9839537790350854,-0.9840986334313654,0.17762285798432328,0.024520305730400756,-0.2787538893244607,-0.8072713119448484,-0.3212540629342975,OGLE-GD-RRLYR-08901
-0.31948195268069246,-1.0904905819758508,-0.354216867469875,1.8467469879518008,0.024576873135243274,0.556213408267563,0.3411902853920945,0.2515069754235132,-0.4767274616398958,-0.8790511517075565,-0.7735645880017544,0.6337174671647263,0.026644672738975094,-0.27082564134953074,-0.6155856098353861,-0.11554450392951252,OGLE-GD-RRLYR-08952
-0.12206357811954667,-0.8736029680849304,-0.10793650793648152,1.9514285714285609,0.19578811280395783,0.4525705414042563,0.29513124842291594,0.12195740186123825,-0.3142312018257687,-0.9493464866944697,-0.9497803732064494,0.3129173096391726,0.07552473058919393,-0.2835252935034448,-0.711820373602447,-0.21133678687914317,OGLE-GD-RRLYR-08973
-0.15944356976554697,-0.8169205502751544,0.1298701298701041,2.0753246753246843,0.4309358200746254,0.21841968248453386,0.08549092890204271,0.0500989884786157,0.4978633464851986,-0.8672554918976063,-0.9635352245258701,-0.2675815223401666,0.18850223434228805,-0.3700798545776296,-1.0063780766573065,-0.4953932293580446,OGLE-GD-RRLYR-09033
-0.20955770503000987,-1.2532845262844745,-0.25,1.6580645161290317,0.5383816254655284,0.38625069655527267,0.20304074323066984,0.05744575824152,-0.5904438358246353,-0.8070787301971791,-0.7767953824517668,0.6297530736738117,0.24968480248955757,-0.3069430932954142,-0.6950761254660746,-0.20985563495709975,OGLE-GD-RRLYR-09038
-0.08544949927565604,-1.0669673528340042,-0.10303030303030598,2.009090909090888,0.03322814672595306,0.522534449792133,0.30499075097768463,0.15371998529357392,-0.17737490132147787,-0.984143355604861,-0.9845889803964712,0.1748843608840917,0.018741664420801257,-0.29111719167074207,-0.7970678782390561,-0.3034252082035274,OGLE-GD-RRLYR-09040
-0.02099481012509249,-0.3431279313628153,-0.085481682496631,2.3093622795115665,0.7196879779645637,0.3835466150108455,0.24772455585192416,0.24950279605031792,-0.7640069208266749,-0.6452080477868692,0.04472466270258559,0.9989993516244843,0.2692882467416352,-0.3954858740447052,-0.8735780685475878,-0.37110043557939015,OGLE-GD-RRLYR-09053
-0.01805577764427067,-1.1174569441811197,-0.21279554937407705,1.5788595271209798,0.2560551493834386,0.07862322703946227,0.0484071222382478,0.046077263229078236,-0.23082780642873257,-0.9729946165212321,-0.7556777947067069,-0.6549435629023375,0.10544246057128939,-0.4808105865867285,-1.0094465223101472,-0.5469876088785457,OGLE-GD-RRLYR-09063
-0.10547710357683371,-1.2196824602134804,0.0038022813688034186,1.7249683143219285,0.12345614175787645,0.21455658007016518,0.07718795038350992,0.04493170170258992,-0.03216695086029769,-0.99948250973809,-0.7985356323324044,0.6019475424781523,0.06152207558258414,-0.5345286626292993,-0.9422886264600463,-0.46820186612462633,OGLE-GD-RRLYR-09086
0.19005314051506864,-0.5982691206186135,-0.009345794392501643,2.0579439252336598,0.22107385572246885,0.5176413745224948,0.381572072894082,0.207588133338095,-0.1731154777693289,-0.9849015338381278,-0.9902022699191392,-0.13964048355324518,0.09306048277560254,-0.2407950728419588,-0.8502637953014948,-0.3561526897002855,OGLE-GD-RRLYR-09105
-0.45388003119609427,-0.40206925140888794,-0.03181818181820472,2.611363636363652,0.41715176821479266,0.4771793905362313,0.2962427293533474,0.17571743720569954,-0.2576037646232529,-0.9662506405958693,-0.8423429785769644,0.5389418395727759,0.20810171036141117,-0.19358310836564274,-0.7793472579507339,-0.24070996697569566,OGLE-GD-RRLYR-09112
0.40952631850365884,-0.571047575297599,0.11718750000000433,2.0351562499999876,0.6510282340877157,0.5516157938138332,0.4096187162213442,0.22001226588610232,0.03296400277843614,-0.9994565395858007,-0.9407797417577497,-0.33901840289019974,0.27418559346407895,-0.27023397486813555,-0.7688259699260096,-0.28316227670047783,OGLE-GD-RRLYR-09118
-0.6791781404529063,-0.6313697798049862,-0.43543543543542557,2.252252252252263,0.05417106346901763,0.5268774099193775,0.3415568253975236,0.23884401937661945,-0.5293751424995139,-0.8483878585314735,-0.6499179872031126,0.7600043486124634,0.03733020526723998,-0.2709042491710204,-0.6324490049587206,-0.12493873660829995,OGLE-GD-RRLYR-09119
0.016249951229353764,-1.2924612843398855,-0.030800821355207557,1.6057494866529551,0.18836141043924146,0.07604982617350645,0.007295903227552517,0.02427002031001445,-0.12162809788372081,-0.9925757431073903,0.28617473258183757,-0.9581774483005294,0.09506271890840251,-0.5856370641066878,-1.1753276025658432,-0.7088532382681124,OGLE-GD-RRLYR-09132
-0.01609171989837272,-1.5717532117964936,0.09644670050760625,1.3989847715736137,0.024731032205043517,0.16260436949334098,0.10267484124523513,0.04461225379591837,0.10204785660980255,-0.9947794906215875,-0.9441785434645338,-0.3294341786475586,0.010908701860000014,-0.5370889990821871,-1.0022012225933545,-0.5597207867644106,OGLE-GD-RRLYR-09150
0.041733727410428745,-0.7802478529336314,-0.03559127439721832,1.9894374282433742,0.30565924858728494,0.4563992523347616,0.30739170124325765,0.13892744208201657,-0.14393976543931372,-0.9895864509608422,-0.9635557216070291,0.26750770336264634,0.13255962393501686,-0.21699873276284357,-0.8643232975093723,-0.3633115520467179,OGLE-GD-RRLYR-09155
0.048300255627961454,-1.2893429338113311,-0.10725552050475082,1.6656151419558423,0.03583029553673283,0.37219242569129185,0.18273752780152097,0.06557716548546162,-0.10106854623511252,-0.9948794645392581,-0.9973822663315716,-0.07230916129577213,0.014771435659372917,-0.12572409480965513,-1.0439738989278493,-0.578396073130167,OGLE-GD-RRLYR-09163
0.07542825443123537,-1.1869101934695172,0.12801932367149055,1.7949275362318735,0.0638816648548423,0.43242154305282693,0.2830343032241143,0.09941681327315874,0.042193401286775165,-0.999109461914886,-0.9844531494320717,-0.175647364265095,0.037120551016690935,-0.17163879327601209,-0.9099857419221878,-0.4299827343584828,OGLE-GD-RRLYR-09165
-0.20450423238366258,-0.9798959958292635,-0.14871794871795413,2.016581196581188,0.022483012010274705,0.5481665951446852,0.34650314707949725,0.23536778668194808,-0.21316806928345142,-0.9770155445221768,-0.9688554360269422,0.2476270261523237,0.0168154139737964,-0.2497577402578819,-0.7452530951674718,-0.22925841624722676,OGLE-GD-RRLYR-09171
-0.4935668197357697,-0.827112970413225,-0.4705882352941108,1.9872549019607793,0.05051216735763319,0.4718900479053322,0.3226357078269158,0.17787140045201527,-0.40688628928518894,-0.9134788161702107,-0.8460155555774495,0.5331582126545361,0.02747647034885761,-0.29069456743523886,-0.7122208739766188,-0.21602499658732863,OGLE-GD-RRLYR-09173
0.22714407549372556,-1.2553270629906201,0.10666666666670203,1.6146666666666418,0.1108266212170096,0.07520482383484553,0.07495860244622159,0.04424814245204678,0.9784852271132284,-0.2063168929612257,0.038284362686772294,-0.9992668850580748,0.04787853306981602,-0.6290599315092275,-1.0756470219753071,-0.6158258611929722,OGLE-GD-RRLYR-09174
-0.41481599162177385,-0.9467248882119486,-0.06666666666664298,1.9414814814814993,0.08372452172651641,0.3947497820106508,0.33654413252063925,0.2576127206615476,-0.5083867794960069,-0.8611288419474048,-0.35626317068659513,0.9343856555043715,0.07172080652173847,-0.22514173995777928,-0.7604264321197279,-0.28050298338941504,OGLE-GD-RRLYR-09197
-0.37047823946741953,-1.0325648147241007,-0.3797678275290428,1.916417910447756,0.028805827068893817,0.4909866094826853,0.35077017106414626,0.24673296103039155,-0.44846361747833935,-0.893801087378082,-0.749853767867317,0.6616036024805094,0.028803181881351603,-0.21786853129452835,-0.7354326105439072,-0.23822246249182194,OGLE-GD-RRLYR-09208
-0.35104106055968703,-1.0740090138247709,-0.33552631578948805,1.817105263157911,0.10564091540289094,0.4414406451570442,0.31431905177631725,0.1896616450917877,-0.40622804062055773,-0.9137717324439307,-0.9093845816780318,0.4159563469960173,0.05092717169645686,-0.2918218031520702,-0.7518048356142368,-0.2577463300934046,OGLE-GD-RRLYR-09215
-0.20178385634102441,-1.1772157858423313,0.046218487394969775,1.7647058823529518,0.0742477009974787,0.3557088331182911,0.16313648692056515,0.08277988162113095,-0.07443169612389577,-0.997226114084524,-0.8803674496853235,0.47429226594427965,0.03285036861345421,-0.46901300835480236,-0.845425541889479,-0.3767507096020978,OGLE-GD-RRLYR-09233
-0.41894679812191804,-0.9300181956203786,-0.2938689217758988,2.025651867512328,0.03406832012853915,0.5468457720433841,0.3736745952499772,0.26852282511834547,-0.40101313761990254,-0.9160723025265206,-0.860933363539759,0.5087177444753792,0.0282389863805861,-0.3812286781863065,-0.6368211834916359,-0.1435127871313691,OGLE-GD-RRLYR-09248
0.022116610622921775,-1.1318451104801512,-0.12021136063409305,1.6895640686921967,0.2731827535127227,0.16343799001909454,0.014793969912642974,0.04504982236531407,-0.19384846158426522,-0.9810314846840613,-0.9715773046789725,0.23672249794378017,0.1224773333990658,-0.43307197913224754,-0.9741346643417584,-0.4951894468493121,OGLE-GD-RRLYR-09260
-0.10180205823698346,-1.072546625264254,-0.02268041237112481,1.8540206185566623,0.11432415862517772,0.4924081876243652,0.29502063185628785,0.20990307373731742,-0.3023230180190143,-0.9532055354307772,-0.9197507537094393,0.3925029312641096,0.05081000013336995,-0.25668483338348685,-0.8275736686922053,-0.34717369743899856,OGLE-GD-RRLYR-09263
-0.3942163878251639,-1.1366408170519973,-0.2876712328767147,1.7785388127853854,0.017686965837599298,0.5434551330810199,0.31795250648375784,0.2736683506621231,-0.504950960968833,-0.8631480330839271,-0.7116635513829126,0.7025204549570501,0.024154688221698504,-0.26389592813758606,-0.599394549080875,-0.10846254232743559,OGLE-GD-RRLYR-09264
5.377965985267003e-05,-1.5259707799924154,-0.10954063604242323,1.3769140164899953,0.07992533127933103,0.13453077217321271,0.07515194801261757,0.05278007108953788,0.4289179555732026,-0.9033434492965032,-0.7751660807995787,-0.6317575066256206,0.03532048778334485,-0.4860937634742458,-0.9792123542484061,-0.5342454801661182,OGLE-GD-RRLYR-09266
-0.00889676587855534,-1.2699944265523755,0.1605995717344819,1.623982869379023,0.12411563539307559,0.38124787983010083,0.23959326239846826,0.062415810287978817,-0.05609330067337655,-0.9984255313339929,-0.990344518702962,-0.13862804288814878,0.06311722766006535,-0.29310795464019934,-0.8905364573488131,-0.42113167133397034,OGLE-GD-RRLYR-09271
-0.5695563922100246,-0.7094825565811691,-0.374301675977654,1.9776536312849187,0.03312303365573669,0.4938686620571749,0.42962559549558255,0.2707328235839611,-0.557297649089746,-0.8303127906512354,-0.5120934489597921,0.8589297407427832,0.04020563009536741,-0.3353193532760576,-0.6526037387136567,-0.14996674231022977,OGLE-GD-RRLYR-09273
-0.0477372713162621,-1.3860985751202615,0.012048192771077633,1.4783132530120453,0.0639628486347476,0.11745286246524589,0.058084556311974796,0.044369842117279665,-0.07979519676665589,-0.9968112793166872,-0.17670475147263073,-0.9842639030295665,0.029056098034427245,-0.537853471493449,-1.061025696316884,-0.6101254416090145,OGLE-GD-RRLYR-09276
-0.22355865467919453,-0.9254323674916827,-0.26470588235295345,1.9156862745098255,0.28891670797137453,0.4433975583506456,0.14642766537434018,0.06352362610504501,-0.3500702059198241,-0.93672346555814,-0.6820947773765935,0.7312637791355286,0.1217916512643891,-0.24025379299710392,-0.7373618792444125,-0.2319541858975821,OGLE-GD-RRLYR-09285
-0.04223614904240136,-0.31111706954643115,-0.17133956386290453,2.2841121495327,0.7151219229633893,0.33157060520720105,0.4789110275260211,0.216310887824983,-0.8030801992966903,-0.5958709537287316,-0.6941760460355191,0.7198052633250835,0.35335561690425205,-0.29108190067746803,-0.6405322388460173,-0.1347775437098209,OGLE-GD-RRLYR-09302
-0.055396553444958474,-1.4355695027721127,-0.2013201320131795,1.588778877887782,0.2744159432465522,0.11041128187438709,0.07510747804572446,0.049893541502561305,0.26968895281707594,-0.9629474901200111,-0.9991748868005956,0.04061459820085399,0.12374496489553262,-0.6486408735965431,-1.081047963174252,-0.6185239097249757,OGLE-GD-RRLYR-09356
-0.8105540051483661,-0.32092945568896347,-0.5052531041069702,2.6271251193887357,0.03788602258370086,0.5253418087244874,0.39203070226373177,0.2633155460715322,-0.48915487246837513,-0.8721969449272611,-0.7105687441950408,0.7036277849638136,0.030063314510784273,-0.30078397673425794,-0.6745699539452419,-0.16263255267343518,OGLE-GD-RRLYR-09362
0.017775919059930027,-1.4582701632608388,0.0573566084788111,1.4209476309226958,0.03548034768514772,0.10418133878063825,0.07903792832534401,0.025984250590891184,0.2204702502912089,-0.975393699352488,-0.7039973492732545,-0.7102025994152875,0.01478837134271148,-0.4817248561215041,-0.9908834506203203,-0.5453075507605225,OGLE-GD-RRLYR-09372
-0.1237231206583774,-1.053030663872369,-0.08082408874800988,1.9356576862123318,0.026576752165735323,0.5230274771992622,0.3429828773127634,0.21236507053050796,-0.24397757359798966,-0.9697808740025953,-0.9375595903146411,0.3478246894759518,0.020480912655422862,-0.21909445533398175,-0.7195320551794209,-0.21417208000413596,OGLE-GD-RRLYR-09377
0.08468279467376254,-1.5059257002978277,0.14009661835746984,1.3687600644122242,0.05625728426214014,0.13257680174829864,0.0928049878847394,0.05196754870964316,0.04580612449409761,-0.99895034859538,-0.8657351111938487,-0.5005024647753239,0.022709776437900186,-0.6267860833087048,-1.1048054799524127,-0.6726410656136725,OGLE-GD-RRLYR-09388
0.21502035095505007,-0.8690185815529312,-0.06138613861387278,2.1148514851485,0.21341833077241362,0.455186533420102,0.2735522913774033,0.1910869579298415,0.041738259559797035,-0.999128579157317,-0.9653062057541747,-0.261120526065032,0.09889221034591257,-0.2071983269507455,-0.7789574662622117,-0.27245874297144446,OGLE-GD-RRLYR-09391
-0.08583640986525594,-1.2518120132425758,-0.18543046357619758,1.5940397350993187,0.19165478797383032,0.15119056584173257,0.03696671614500952,0.04304395750081617,-0.3844212887508711,-0.9231577724068185,-0.6496556024737175,0.7602286486146856,0.09185861903173419,-0.5585248317029541,-1.0841829662859017,-0.6185239097249757,OGLE-GD-RRLYR-09392
0.11874784731509774,-1.4236021957274343,0.16622691292876718,1.4464379947229578,0.5677771242923592,0.023529321535837647,0.11102702350653253,0.08417153254841148,-0.24206381017959552,-0.9702603319735054,0.903874978296379,-0.42779670827359156,0.2538902369677456,-0.43982064471974375,-1.020713733633939,-0.5620909644605033,OGLE-GD-RRLYR-09400
0.10547128428862973,-1.221328430871383,0.0,1.6880503144654033,0.24494326378954612,0.09456197876990546,0.07882546284282071,0.05192870699091984,-0.2251028505758331,-0.9743350074089682,-0.19069431955237032,-0.9816494672185476,0.1016527233773012,-0.4810194048762329,-1.044442202473072,-0.5712174885030402,OGLE-GD-RRLYR-09413
-0.7295791217052573,-0.022685599902678266,-0.25037037037036686,2.345777777777784,0.29181871880760374,0.5396403289593732,0.34510986447782616,0.2678438425230341,-0.5678890752348253,-0.8231050954944544,-0.32842278143539044,0.9445308235490474,0.15092834016953832,-0.3495759810973796,-0.6281635000783845,-0.10143935506028857,OGLE-GD-RRLYR-09414
-0.5791722708316791,-0.8328206834744019,-0.48787061994609593,1.5478436657682073,0.36984009417997654,0.3409015945403484,0.0882127619777722,0.050779574945155496,-0.6293733318807011,-0.7771030878315854,0.1476806316900758,0.989035101006845,0.19963947444005617,-0.33857440640390624,-0.6875282305693522,-0.2408989961329342,OGLE-GD-RRLYR-09424
0.19127629254322054,-1.431752231283385,0.0543478260869454,1.3934782608695535,0.03496719042492206,0.2759831615980291,0.09020363916304666,0.0459825332562777,0.2661854279618963,-0.9639218422365695,-0.7060004456707779,-0.7082113884375646,0.014228984923203186,-0.12170129153453028,-1.037238375693752,-0.5910819791532214,OGLE-GD-RRLYR-09439
-0.39840443498937284,-1.0367394718507312,-0.4041916167664722,1.9224550898203592,0.028819303271188933,0.5049497716321388,0.39497610513029474,0.27762650931291205,-0.5264408342748264,-0.8502117665664389,-0.6887127031950168,0.7250343526053181,0.03811568023437223,-0.2811230784311505,-0.6829930510073118,-0.1923973300835059,OGLE-GD-RRLYR-09443
0.17871848636422796,-1.5302610203199292,0.2228843861740142,1.31895113230036,0.09544270606643426,0.14764727651520212,0.10283571335479662,0.06718712846323138,0.3076805254980613,-0.9514897236592925,-0.8236137955679218,-0.5671510519695803,0.039202172026883135,-0.5185374345419762,-0.9876032132215931,-0.5580693254498287,OGLE-GD-RRLYR-09456
-0.2906245401575763,-0.991532502010851,-0.044642857142867115,1.958214285714269,0.07672088443130301,0.4609670540991083,0.3801310604910547,0.21696173541441816,-0.4571608753761862,-0.8893840194343944,-0.7140614586576233,0.7000830188340147,0.037605420328950256,-0.24365995939458715,-0.7633079014176267,-0.260981754116521,OGLE-GD-RRLYR-09469
0.2374396729498733,-0.9530227708604047,0.13959390862945953,1.7144670050761301,0.3397097821189821,0.28740438041593935,0.06383952367099491,0.06262612789851012,-0.10297956393237157,-0.9946834719710078,-0.03638328354144829,-0.9993379091572292,0.18059562137862673,-0.5653150813893382,-0.927052715616921,-0.47140464230593665,OGLE-GD-RRLYR-09472
-0.2661670591678941,-0.9344903129622959,-0.14285714285714768,1.975714285714283,0.17413328869403577,0.42403690761291146,0.44632799710179955,0.3075783692323598,-0.6749386235845178,-0.7378738743131082,-0.16490529469436274,0.9863094057048049,0.09643545614731074,-0.3410618444085314,-0.5897710508352797,-0.08102656950704458,OGLE-GD-RRLYR-09475
-0.028280193721871898,-1.2913294594717892,-0.022624434389152202,1.5475113122172133,0.15204571822431195,0.21999825371926135,0.03335512877660764,0.05137506366307288,-0.015719566178817722,-0.9998764399860364,-0.7009183668336388,0.713241504004965,0.07018948599225688,-0.5502664371394063,-0.9321178869345261,-0.46597389394386657,OGLE-GD-RRLYR-09480
-0.1542210029802336,-1.184016798920626,0.022727272727260342,1.6704545454545636,0.3329571746700543,0.21206343336450326,0.06417817954532747,0.0802954911946926,-0.002199882045820125,-0.9999975802565647,-0.8982461887822103,0.4394926442367766,0.13268587801038004,-0.5075292744439489,-1.00215050095056,-0.531652669587842,OGLE-GD-RRLYR-09486
0.1638711611445832,-0.5979487766223408,0.05799648506153905,1.9437609841827825,0.6931795748164349,0.43289370430839674,0.34501649729038136,0.16907242355167668,-0.06215380957588963,-0.9980665829268126,-0.9999230850985841,-0.012402575818340365,0.3156143991522778,-0.22127913353818213,-0.737852885964116,-0.25727486869530386,OGLE-GD-RRLYR-09499
-0.05539032510861758,-0.7087418888182029,0.005464480874343037,2.177049180327864,0.8913286610021723,0.5868318839348524,0.29851522741453174,0.11207586777572966,-0.7124742178342568,-0.7016982890968625,-0.6442999404381897,0.7647728988081005,0.4002243435099956,-0.2164575138017119,-0.9160962466970246,-0.39968067024834025,OGLE-GD-RRLYR-09501
-0.13004250775932938,-0.9087307536582143,-0.05543237250554002,2.1973392461197307,0.035931475735021416,0.5310339813022718,0.3539452767221116,0.2046571406182973,-0.20717631903592398,-0.9783036199619856,-0.9709581698387473,0.23924931018372936,0.018866022325528583,-0.2553987928464594,-0.8227073734447967,-0.304956341178706,OGLE-GD-RRLYR-09514
-0.05574044962814007,-0.9988868083328399,-0.04310344827586383,1.7068965517241668,0.48154913452435266,0.09556391325483633,0.07754676522346494,0.08474088122092434,-0.45261673439981415,-0.8917051596470933,-0.6932331708184716,-0.7207133763688363,0.2749337302450904,-0.5642548103067643,-1.0045399830409982,-0.5272435506827816,OGLE-GD-RRLYR-09517
0.14012586990264408,-1.4887623564175054,0.25456760048718063,1.5481120584652737,0.16295189459611945,0.09909545739045472,0.08539838918399896,0.016076995251250555,0.5202298209325629,-0.8540263072133514,-0.8382041809309213,-0.5453565357359562,0.07736177910805905,-0.499782234280846,-0.9571633433315407,-0.4979144407739588,OGLE-GD-RRLYR-09526
-0.22238008866800404,-0.8897778899163264,-0.20151371807000323,2.0351939451277183,0.046574421315586416,0.5123539441256595,0.33122984846519127,0.18063695940397623,-0.26399109985464864,-0.9645251158977318,-0.9458357318239289,0.3246456043212241,0.026908936981036965,-0.2769906901750358,-0.7671744197631665,-0.2693792021127166,OGLE-GD-RRLYR-09534
-1.083625572892771,-0.13538562169713275,-0.6749116607773632,1.8207302709069564,0.039960645959324075,0.4075599798885024,0.1933026054337332,0.08599391777562122,-0.32087927865574145,-0.9471201024840361,-0.7553447657055081,0.6553276164799489,0.009094799713634858,-0.4783901520774109,-0.8387978166735384,-0.4129066883660728,OGLE-GD-RRLYR-09549
-0.016830463783843064,-0.9963499862445131,-0.0485436893204133,2.2135922330097118,0.06501719845939521,0.5180162871346127,0.33122774585214954,0.18164536820886704,-0.17333414139355918,-0.9848630744562199,-0.9950254830580622,0.09962072106278912,0.03551457571243181,-0.31602401614914744,-0.8402775488228296,-0.3410351573355655,OGLE-GD-RRLYR-09555
-0.08585501829670329,-0.39672979536610864,-0.1614730878186838,2.3864022662889695,0.3707196252387802,0.5171941031363458,0.38889150521901306,0.3453779326196648,-0.2774791934059604,-0.9607316468331715,-0.7314754616313911,0.681867765062364,0.19415156268424097,-0.3342285521185456,-0.5869236435318489,-0.0744816418225692,OGLE-GD-RRLYR-09564
-0.38456662693870164,-0.856084717994579,-0.3006535947712368,2.1065359477124135,0.047851832184253915,0.5513213077222073,0.38336762218739334,0.23899566970380834,-0.45031551032861045,-0.8928694983912728,-0.8496618174061201,0.5273279776781513,0.03835894310016706,-0.2807043945916596,-0.7207578178721169,-0.19070969882368397,OGLE-GD-RRLYR-09574
0.211844830048733,-1.2639990501200635,0.1104199066874216,1.8211508553654714,0.031504808745198974,0.39633477540196876,0.2210372830020181,0.08530507149736727,0.03751009845330287,-0.9992962486240121,-0.9744331219437021,-0.2246777489184234,0.02122631450990702,-0.22121914625193262,-1.015744175561895,-0.5335030962555994,OGLE-GD-RRLYR-09593
-0.41012726068936445,-0.8764475843827251,-0.16527037319117485,2.1864432597105847,0.0802661683840844,0.5159404720325812,0.39570748957179264,0.2407506753093035,-0.45448956290872666,-0.8907520627015323,-0.6741240760825368,0.7386181219316692,0.0544279236591445,-0.3310734716676909,-0.641632674319964,-0.14405705376768357,OGLE-GD-RRLYR-09628
0.03764575095458151,-1.2182903848637565,0.1500000000000062,1.7350000000000039,0.05091897902899807,0.40390945231374,0.23196384275543874,0.10035489966843171,0.03902766670269778,-0.9992381303932227,-0.9780152097542044,-0.20853356921474162,0.03584232447990465,-0.23383072354902273,-0.9462688099712369,-0.4596705252091269,OGLE-GD-RRLYR-09640
-0.10735824271190753,-0.9967656686747608,-0.1307300509337833,1.8470288624787778,0.42145324381191096,0.4075039737223654,0.16546866011213152,0.14282491175145398,-0.6378496322894649,-0.7701609225273601,-0.7451603187316246,0.666885372000154,0.16777752132645904,-0.2912637432171389,-0.7350885434303815,-0.2644410189085777,OGLE-GD-RRLYR-09643
0.09000650298085314,-1.446527981558313,0.0677083333333235,1.4947916666666696,0.21738358354473894,0.09633096088837442,0.034109092773329144,0.17573698045474345,-0.5172197261248896,-0.8558526478940719,-0.7913259488029774,0.6113945066412256,0.13893362994835562,-0.4267877496093422,-0.9972094105079031,-0.5421181032660064,OGLE-GD-RRLYR-09658
-0.12433002444891023,-0.5400934633463379,0.02028985507245774,2.15362318840581,0.4451803561429353,0.5029437912071206,0.43848896400332293,0.22689295446118382,-0.280389839678504,-0.9598862108630704,-0.8346001830762394,0.5508561830542593,0.22084847777392524,-0.27683878747649804,-0.6311799309226857,-0.12901118623942348,OGLE-GD-RRLYR-09664
-0.19770008844492837,-1.3625132950119077,-0.22696629213486122,1.6044943820224677,0.490488108250343,0.23359228594458215,0.1183800339159661,0.1103300132424277,-0.6897404106707652,-0.7240567421740676,-0.17512309473257776,0.9845465462289148,0.26539836224837915,-0.5396933050746032,-0.9096039835501982,-0.44733178388780764,OGLE-GD-RRLYR-09671
0.21399330097108285,-0.8860748483468268,-0.08950276243095961,1.8508287292817915,0.5299657992786213,0.543045604651891,0.19807765557566778,0.09830132863258309,-0.13562909738194578,-0.9907596822354847,-0.6720197397312897,-0.740533233158033,0.28666763137298495,-0.09987546114117057,-0.8592458004875932,-0.37804517995509906,OGLE-GD-RRLYR-09676
-0.4158745633157623,-0.8421562020340074,-0.24719101123595663,2.0786516853932446,0.1335845021760771,0.4640233026874419,0.36784013820324246,0.19000934242161455,-0.518074140535677,-0.855335714739084,-0.5276869658370085,0.8494389125097412,0.08627302571927938,-0.33583249174045016,-0.6233195197198856,-0.13076828026902473,OGLE-GD-RRLYR-09683
-0.05061951548655062,-1.2933567191895685,-0.15909090909090312,1.4772727272727497,0.18021304664936214,0.14618154987081164,0.12024464932541878,0.053387503462009205,-0.2564197628328345,-0.9665655204013606,-0.7415981311027914,-0.670844402186414,0.0845865560518939,-0.6322876005817815,-1.0251339087411402,-0.5850266520291795,OGLE-GD-RRLYR-09686
-0.5828582363185089,-0.7502031464170069,-0.2166037735848991,2.1607547169811325,0.012815148197996383,0.5083348567717777,0.39676304532618456,0.24309110837882433,-0.5071743242674126,-0.8618434920586762,-0.6070704183767366,0.794648039783585,0.03567885050819313,-0.3206954587206383,-0.6566963539991935,-0.14523864330636274,OGLE-GD-RRLYR-09692
0.32902001758054844,-0.9977825013587038,0.22441651705565444,1.8649910233393268,1.0725072136397713,0.17197912262913026,0.12565488667251296,0.24980146200799444,-0.11415981259441714,0.9934623984773694,0.24431767742440985,-0.9696952472287064,0.4521254637251619,-0.40156950516562556,-1.0728530761274104,-0.5855280503706936,OGLE-GD-RRLYR-09699
-0.43580139972491755,-0.9198513419713263,-0.1827586206896708,2.0391379310344835,0.07046630497914051,0.4742148390846081,0.3085690923157346,0.15009989061280585,-0.4406749037546083,-0.8976667695759194,-0.7761232615076579,0.6305812262878715,0.036411993018217105,-0.2103955644424356,-0.7321393226803093,-0.22815539885299355,OGLE-GD-RRLYR-09723
0.011957411165933267,-1.264858494623239,-0.04385964912279868,1.6337719298245703,0.16319166821028777,0.38816638546652343,0.14321102115500195,0.0393766318611728,0.16992349792812617,-0.9854572567351007,-0.9575543314218069,-0.28825284452254146,0.0717254632490198,-0.33754338044333293,-0.8913381411033711,-0.42887372291568987,OGLE-GD-RRLYR-09742
-0.26640221191945374,-1.089636170840211,-0.2634560906515582,2.056090651558074,0.015338007546102317,0.576375347537085,0.39851713109282766,0.29670723961003986,-0.4250658999360462,-0.9051624057104665,-0.8301391604789987,0.5575562520851355,0.0376042211341537,-0.37037147379888224,-0.6355360315722139,-0.13918303613546257,OGLE-GD-RRLYR-09765
-0.04212408048493896,-0.8530483340679824,-0.06250000000000232,1.9182291666666722,0.21576627014111932,0.48492195633079627,0.3628726828199835,0.2055512515931318,-0.1718060618746831,-0.9851307918764455,-0.9624288224047034,0.2715340895812086,0.10205856926377865,-0.2494452237405461,-0.9206837060674349,-0.4337982811450854,OGLE-GD-RRLYR-09766
-0.4055907164606984,-0.24302826846261727,-0.21875000000000538,2.77743055555551,0.51334482821466,0.49717196908583344,0.41823590973890923,0.23121930538343508,-0.6725660289895781,-0.74003711842663,-0.12575391442911868,0.9920614663445778,0.2599784238664792,-0.3080290448891142,-0.613243455718572,-0.09696430321150415,OGLE-GD-RRLYR-09767
-0.31789525240882466,-0.9915132522538048,-0.21895424836602584,2.038725490196087,0.014588328254775075,0.5163171135793193,0.354218354372162,0.2547020581476493,-0.4050707828211649,-0.9142853279500053,-0.8406059515965982,0.5416471491112804,0.023516930120477265,-0.20262698067210425,-0.7131554047945006,-0.20491982057938452,OGLE-GD-RRLYR-09774
-0.6954018672955535,-0.7092525275207731,-0.40287769784172395,1.9812949640287594,0.05850424755917513,0.5106642541878009,0.33713086536507286,0.2220872639006544,-0.5213125640005328,-0.8533658128933865,-0.7114098681762313,0.7027773470036418,0.049921033112969554,-0.2645018778934113,-0.6526656791859572,-0.16209605540705674,OGLE-GD-RRLYR-09776
-0.12149027500602776,-1.1979280538972603,-0.04582210242590301,1.5956873315363753,0.21747789002318438,0.23349706647226182,0.10423278917384579,0.05566992246877987,-0.17269974334650864,-0.9849745167505858,-0.7625578459747113,0.6469200348902548,0.11136222221822042,-0.582575857587219,-0.9993497193553602,-0.5287082889410624,OGLE-GD-RRLYR-09780
0.05730041346107464,-1.222253240953784,-0.030674846625738925,1.6858895705521606,0.224484419562311,0.09515840375219321,0.022689842642483877,0.011949458060186926,-0.45326610116877825,-0.8913752529273263,-0.9116780395634155,-0.41090528370636387,0.09711947452139938,-0.4703175482398789,-1.036901337148121,-0.5609832716124831,OGLE-GD-RRLYR-09785
-0.186599315330536,-0.6878959247489655,0.05520169851379203,2.1467091295116587,0.47427965573980646,0.3930941759191224,0.27165822228786674,0.15504922291050804,-0.2891339227425908,-0.9572886579916643,-0.945687117672202,0.32507826052943417,0.2007923497057218,-0.3628898135304333,-0.7972623408722653,-0.29623588527526956,OGLE-GD-RRLYR-09795
-0.012753660754708003,-1.047747464612581,-0.18794835007173752,2.0083213773314315,0.040870613608008304,0.453739386317087,0.27494757708241074,0.12059154422381603,-0.11376720169737284,-0.9935074352101998,-0.9882925954414329,-0.15257046174026015,0.021101449291783,-0.21632224112766119,-0.9584771355160849,-0.4559940021505664,OGLE-GD-RRLYR-09822
-0.19396401217819287,-0.9846824059043402,-0.09480122324157571,1.6874617737003008,0.2951331438487601,0.43868002626741026,0.22812424306716614,0.17448132423933896,-0.2462267274113998,-0.969212256788095,-0.918173789249652,0.39617785492747537,0.11610659291800887,-0.3334895167055214,-0.7349299348923384,-0.2582183038568347,OGLE-GD-RRLYR-09823
-0.3916160819515012,-1.1537618410213015,-0.23931623931623994,1.6042735042735041,0.04006202032595411,0.38360026834300276,0.33050051255233137,0.23586013391443456,-0.4554266343990961,-0.8902733179647203,-0.6285118054441817,0.7778000452669664,0.04489255377319048,-0.16192549979534276,-0.7945669319538271,-0.3285957187066155,OGLE-GD-RRLYR-09844
-0.6566933247403149,-0.8379346751958257,-0.5095137420718819,2.22762508809021,0.025764188365960287,0.5055475267068966,0.36565670116647486,0.2377313933169892,-0.5889747842769858,-0.8081514112379425,-0.5563698589979681,0.8309347627813998,0.02413534416778259,-0.3401448525309658,-0.5995316032412386,-0.10223549548838248,OGLE-GD-RRLYR-09846
-0.05822506134604183,-1.475884088161378,0.1701631701631731,1.4428904428904594,0.3174819299337377,0.2050205356697466,0.10175067404258291,0.08442960456461478,0.2098771689175094,-0.9777277606609988,-0.9873021376363982,0.1588536717189709,0.13868324572477275,-0.49791923819976375,-0.9503329050226321,-0.5093393466438634,OGLE-GD-RRLYR-09854
0.1808398509525689,-0.7543256299832422,0.011516314779271052,2.3318618042226453,0.46407942866614554,0.5612912621390821,0.2633607591234747,0.22151542213842565,0.029351672872875906,-0.9995691468325559,-0.9996088767093261,0.027965936492802,0.23807702680543766,-0.18759566073222053,-0.7408284605618913,-0.21648946360249666,OGLE-GD-RRLYR-09863
0.04014132589770589,-1.5640863797618034,0.06782106782104326,1.423088023088033,0.0230120988528238,0.09685006951899484,0.05838533121010773,0.033863335977038875,0.1335231455151518,-0.9910456950170056,-0.33988550863708483,-0.9404668207961991,0.010055381517713763,-0.5535971028650017,-1.0481107418231366,-0.6080949931328418,OGLE-GD-RRLYR-09864
0.1728307254923634,-1.2605590810534382,0.10204081632653308,1.6612244897958908,0.10913858842687059,0.1293088940845085,0.008431205237535154,0.025455793951224045,0.38936945315512456,-0.9210816624760692,-0.7681761425947629,-0.640238560185366,0.05618249140743889,-0.5008885464721452,-1.0792375579085087,-0.6122543403911376,OGLE-GD-RRLYR-09865
-0.2612987708318634,-1.1162085921857083,-0.2660280029476715,1.908621960206341,0.039788628082590156,0.4982915492501627,0.35760039742807276,0.25855251264726037,-0.4437048490028319,-0.8961729782644499,-0.825698499177518,0.5641116808363343,0.02969156055217327,-0.2165042418059283,-0.6829745754403365,-0.18876022724671,OGLE-GD-RRLYR-09878
0.06501713343271466,-0.15715353571595436,0.026609442060066695,2.109356223175986,0.5906250051746027,0.6097111234772594,0.2842105071874627,0.25033453021692187,-0.06385805518936714,-0.9979589915359407,-0.8960224490651576,0.4440087507823208,0.2615527391039411,-0.24775683205918816,-0.7056238879911305,-0.21158413739014587,OGLE-GD-RRLYR-09880
-0.08081240346710263,-0.9798460773774229,0.23656927426955837,1.8765315739867796,0.0794443676784079,0.456843623380191,0.31916526211857843,0.22097414489521772,-0.2979233579570684,-0.954589792939137,-0.8684889299734925,0.49570856207402564,0.04182671982931585,-0.17596591804245143,-0.7982974185608673,-0.3029887313005529,OGLE-GD-RRLYR-09881
-0.5264064940549531,-0.8275416251387626,-0.252401746724893,1.9685589519650704,0.546841313331181,0.28513346872084033,0.06642192188773677,0.11998392504262528,-0.6032538188025985,-0.7975492649987721,-0.94212526408432,-0.33526107255995335,0.2557965606677819,-0.31391872214928246,-0.7316213300407229,-0.2491060796178751,OGLE-GD-RRLYR-09895
-0.29530417679501125,-0.6121825108751597,-0.16429495472183625,2.3821474773608906,0.6578546183286683,0.5244067647413696,0.25554732831966714,0.15368001183783173,-0.27055100801412507,-0.9627056414411109,-0.8829427305239984,0.46948070739363285,0.2841520965693677,-0.23828516086086643,-0.8558797058706297,-0.3369118525124978,OGLE-GD-RRLYR-09897
-0.034474783034129854,-0.9335638474774051,-0.11807228915664264,2.101686746987972,0.27410010740526275,0.40814180890538815,0.28689382332617314,0.16198261827097196,-0.24186878576948012,-0.9703089665000512,-0.9961046857154183,0.08817854101643881,0.13067099445025315,-0.22226714048133442,-0.8685661926389564,-0.3604139133265703,OGLE-GD-RRLYR-09906
-0.26655445354183344,-0.9303501149920477,-0.19205298013245403,2.1561021759697323,0.04035548240691926,0.5343998176915362,0.355472630406129,0.2182554814955576,-0.3027319026189048,-0.9530757551930161,-0.9288723211552831,0.3704000688331423,0.019050028858890056,-0.18491744365567078,-0.7560509996062879,-0.2443156661475875,OGLE-GD-RRLYR-09911
0.12724778596120945,-1.0618552189218518,0.06521739130439531,1.6394409937888277,0.3073539660108866,0.047139337245881874,0.12948912276306293,0.03652066313435321,0.4920373221168225,-0.8705741057739463,-0.10532992886244273,-0.9944373314019506,0.12134873397396141,-0.5340666129411341,-1.0435909738822795,-0.5784783336630266,OGLE-GD-RRLYR-09914
0.19029527007561983,-1.211039196754987,0.19936708860758068,1.7278481012658267,0.07905632896486514,0.4909996960319831,0.30141487300720193,0.227936522628473,-0.06854246418515113,-0.9976481998196696,-0.9860300488753978,0.16656753199462532,0.043121583064387216,-0.3039773160511969,-0.7511750900412745,-0.2628073572952633,OGLE-GD-RRLYR-09925
-0.10071931980732884,-1.0752081841192487,-0.17917917917916787,2.0778778778778886,0.016882678696815083,0.5181437872894462,0.33562287633318194,0.18271438962161876,-0.1648542548079826,-0.9863179379245339,-0.9886240985778552,0.15040741906941724,0.01113441463480712,-0.23193447936206008,-0.7871211229213817,-0.2848744837125265,OGLE-GD-RRLYR-09927
-0.37728024165521246,-0.384280676195496,-0.0847457627118473,2.2372881355932237,0.3875230588838306,0.44633944251705093,0.35652618648573176,0.19651007863831382,-0.3882693542187551,-0.9215459340556774,-0.7594498308406117,0.6505658724803863,0.23071145738361062,-0.2689161316429725,-0.7801731102115125,-0.2773660774661859,OGLE-GD-RRLYR-09970
-0.02531809219807762,-1.0084730638451176,0.04324324324325715,2.069729729729701,0.09454434440417742,0.46244696160475174,0.25218074327581963,0.14681974300668255,-0.07069378806675283,-0.9974980643233214,-0.9928706523702315,-0.11919676028278123,0.047361605671069895,-0.1889387170320044,-0.9198524441982897,-0.4169146336523131,OGLE-GD-RRLYR-09985
-0.5321321288050674,-0.773476740886121,-0.24886877828055365,2.1143288084464684,0.10143638283580193,0.5147930855067003,0.40241286337650295,0.25601845135777507,-0.5149742800658021,-0.8572056292808096,-0.6346034304300121,0.772837942965057,0.08618858509239381,-0.2874441952463218,-0.6609100241691083,-0.1543439400164552,OGLE-GD-RRLYR-09988
-0.4334348304652671,-0.933161099837942,-0.31756756756757226,1.9432432432432434,0.12239040308793586,0.4936804480448335,0.35715616628917435,0.2393843058807349,-0.39824809157490315,-0.9172777428657841,-0.9605589443671002,0.27807645422862054,0.06498401083195253,-0.2624339530254215,-0.7374663784640254,-0.2401811226251747,OGLE-GD-RRLYR-09992
-0.225533893556334,-0.6696260253382595,-0.19410319410317817,2.362653562653564,0.21215846521250442,0.47493840856524666,0.23588757433435817,0.09456349787315174,-0.32418094984521084,-0.9459950907681587,-0.9307593909304716,0.3656322690829374,0.0887515462030584,-0.37276238163856584,-0.8315668194053105,-0.3180355410053166,OGLE-GD-RRLYR-09998
-0.4309123372025574,-0.7408959442753544,-0.3176710929519993,2.5041879468845774,0.026562451733465615,0.5634353125646763,0.347828399375411,0.20803115979710568,-0.18583566753917652,-0.9825808387457332,-0.9762695537472432,0.21655890290209387,0.01502930332440001,-0.3056629356413072,-0.7417552500792909,-0.21261037864789012,OGLE-GD-RRLYR-10004
-0.29053425553222545,-0.8109714800794268,-0.1690140845070472,2.122535211267594,0.2761398412960731,0.5287288862966552,0.33629716981934477,0.14924844985623498,-0.4266312472557415,-0.904425662431695,-0.8691791983081121,0.4944972408704295,0.13106783813376777,-0.29083735355519347,-0.7331580579866964,-0.21982675635740437,OGLE-GD-RRLYR-10016
-0.3281948318226161,-0.744719898700092,-0.23046092184370454,2.268937875751487,0.19782928944012046,0.5239645541329723,0.39565699914704916,0.29542153733824583,-0.5940994969336671,-0.8043915636946745,-0.7077295326861024,0.7064834807438254,0.08315513367072759,-0.24248092082161893,-0.7473871104430758,-0.24710684511540718,OGLE-GD-RRLYR-10024
-0.0022304069239304906,-1.315518422498103,0.11111111111111403,1.7437037037036855,0.04460553829808103,0.0826220956876097,0.041973309669863526,0.027098338544525515,-0.10863541782076658,-0.9940816596210331,0.7251703936066574,-0.688569459267811,0.02363643237116403,-0.5083341403867034,-1.1007199513647892,-0.6281935414925837,OGLE-GD-RRLYR-10036
-0.30187617636379266,-1.0722793622328217,-0.39378238341969257,1.6010362694300604,0.3984154898355313,0.626815801104419,0.25320978233323543,0.21033069013289504,-0.47949908994620927,-0.8775423766068264,-0.8412729742665186,0.5406105647957368,0.09196646371636515,-0.2076841855734705,-0.6511800854292065,-0.2090115249111827,OGLE-GD-RRLYR-10050
0.12368801451078473,-1.471251245515089,0.3211567732115888,1.4764079147640854,0.1308534826189795,0.08480305570354524,0.07182368557196854,0.06795729675983041,-0.12124537097985767,-0.9926225667472792,-0.8474250493516843,-0.5309150456817885,0.05708002373201783,-0.49685190806762053,-1.0574708646127269,-0.6152882570617181,OGLE-GD-RRLYR-10056
-0.4754153653441374,-0.774687094273844,-0.18830610490112432,2.054686156491826,0.06347075283982526,0.5095507533699924,0.3174458056828983,0.17078413600099798,-0.29215052502875893,-0.9563723494149234,-0.8628885268438491,0.5053942918566176,0.036406096946616215,-0.20430868116714815,-0.7144200355326359,-0.22373478173189024,OGLE-GD-RRLYR-10061
-0.1963014848979693,-1.1115250434148392,-0.22859270290391565,1.9014147431124215,0.08035907844368684,0.5358461519602702,0.37195209251357564,0.2479192263478161,-0.4458405734926476,-0.8951123856967611,-0.8055191807790985,0.5925697000328063,0.05009104927704538,-0.20822883505512518,-0.6896484228013458,-0.1949071216573289,OGLE-GD-RRLYR-10063
-0.05831248808864515,-0.8114995110756604,-0.02531645569617369,2.108860759493673,0.11460635634158352,0.48580260815091725,0.32738364665222813,0.15166095059740334,-0.2128177931731197,-0.9770919030003898,-0.9592855062911,0.28243816565724267,0.04334187177004905,-0.3230469700610658,-0.815040879719464,-0.30120374820957146,OGLE-GD-RRLYR-10076
0.0423685612319182,-1.0580204471674917,0.10158013544018493,2.0907449209932416,0.07891525673071759,0.5077804764517646,0.31605980924486476,0.18711230741562318,-0.22323766539187087,-0.9747640456799723,-0.9624429184706071,0.2714841223456358,0.03579712046113582,-0.20702954361698808,-0.8418441965729424,-0.33432521900610596,OGLE-GD-RRLYR-10082
0.25784902281856525,-0.6593769311508169,-0.017881705639621954,2.1119669876203404,0.45440630818237554,0.42369558017210446,0.25974064093511734,0.16935643072348255,-0.152748063017213,-0.9882651614038054,-0.9993216032412897,0.03682843052939336,0.22966548847225987,-0.20886048275754351,-0.9169660427096303,-0.4158384550571345,OGLE-GD-RRLYR-10095
-0.09853573605326288,-1.0171824941425585,-0.15164835164835797,1.9454945054945074,0.15246595565282675,0.5034857915951642,0.3159869865312813,0.17304143121644025,-0.3163400693685111,-0.9486458562139644,-0.982824825103879,0.1845409525268836,0.07320905006672149,-0.23030896517456878,-0.8598503966698603,-0.35398859040876207,OGLE-GD-RRLYR-10100
-0.41115582059682826,-0.8520807972291244,-0.18705603788478398,2.136700868192564,0.10357372809102103,0.4971996400990567,0.40524608064483986,0.23860770130370706,-0.5857481706586385,-0.8104931095142379,-0.5964574287303441,0.8026447132526237,0.07726080726019692,-0.19519488944940855,-0.6771179011137699,-0.16953964996903284,OGLE-GD-RRLYR-10115
-0.40838930741133717,-0.7240050622025302,-0.2790874524714759,2.0739163498098865,0.029659580393971135,0.5382649877518552,0.3828664709747475,0.2811407289046687,-0.512511245021778,-0.8586805131864976,-0.6966877096462406,0.7173745431975375,0.04060230731689981,-0.27966601299157146,-0.6926876217015003,-0.16634300310712824,OGLE-GD-RRLYR-10119
-0.5899295074998853,-0.6377973740428944,-0.3853211009174185,2.2429357798165075,0.09751734808359733,0.45742573219413957,0.38741906864260284,0.2126002231670499,-0.5439380088229501,-0.8391254033562112,-0.6490952976448345,0.7607071016990465,0.0647808824465647,-0.2476502256224983,-0.7317570578126722,-0.21381665443236636,OGLE-GD-RRLYR-10160
-0.4373243383121517,-1.0466164317948587,-0.25687458081825065,1.9228705566733861,0.027182607935464752,0.46546926338312306,0.3862999898548948,0.26419752068082947,-0.5826102401123334,-0.8127516890885242,-0.5304618344720976,0.8477088192112294,0.036550172449443204,-0.2910066165841621,-0.6504946014106976,-0.14463229838147723,OGLE-GD-RRLYR-10174
-0.28208617843756284,-0.8728686208459187,-0.11789473684212932,2.1656842105263108,0.1056539349758913,0.5493750849908055,0.3304712472410904,0.2088937413790486,-0.25873090050642095,-0.9659494402519919,-0.9150673219481854,0.4033011236068851,0.05982968139935377,-0.25179080940873466,-0.8039356822395133,-0.2887412558293743,OGLE-GD-RRLYR-10177
-0.04411011418029111,-1.5095366591713115,-0.021897810218979002,1.3496350364963534,0.0967085912192776,0.26366274653496785,0.1535577645507108,0.04690292595295451,-0.0041813604175479045,-0.9999912580743187,-0.6334540644681663,0.7737802971184781,0.04761058170858295,-0.45139346433601535,-0.8704651557271905,-0.43203309317684613,OGLE-GD-RRLYR-10201
-0.6255902247438846,-0.33298553110099327,-0.20773930753564956,2.4026476578411358,0.24938669061652408,0.3356621000287507,0.16536854410624027,0.06891445605764243,-0.5431024637818666,-0.8396664300983255,-0.45845562573393633,0.888717299951399,0.12244483289033446,-0.2966399141896472,-0.7632323881353291,-0.22925841624722676,OGLE-GD-RRLYR-10205
-0.06620202664999966,-0.46037143329163044,-0.22471910112361188,2.4657303370786665,0.9159499786264158,0.38650349044892324,0.2969618854137324,0.13758283931407478,-0.3757268455341015,-0.9267304557124436,-0.470610224944424,0.8823412130110202,0.4624452372735618,-0.25305067833008665,-0.5981717166794562,-0.05660442349104525,OGLE-GD-RRLYR-10246
-0.21703792894195922,-0.9461636578813382,-0.1967020023556985,1.9057714958775045,1.2534118231305649,0.2744686593782825,0.14974337970774296,0.15486579590768948,-0.14622752092170685,-0.9892509854051659,-0.7727465240640614,0.6347147465963833,0.5564906927804723,-0.3026296303622169,-0.5944936720441214,-0.09205147838772904,OGLE-GD-RRLYR-10263
0.31366892515820466,-0.8568074835099808,0.1704545454545131,1.7772727272727395,0.5099547715156665,0.08626583644567218,0.044278085662501264,0.07801450292393064,0.9485421440180585,-0.3166509135019586,0.7650060366590989,-0.644023108184122,0.2175404851246005,-0.48961499780412715,-0.99176017334905,-0.5047332556121906,OGLE-GD-RRLYR-10271
-0.17601067333758078,-0.8235518108150361,-0.09677419354833441,1.9112903225806792,0.3128537876654596,0.6377154772319664,0.08213632812979493,0.12618381713503438,-0.5666553215821808,-0.8239549420463447,-0.9944874066670796,0.10485608222981961,0.15198300642242452,-0.42876402640630956,-1.1193715475312147,-0.6252516539898927,OGLE-GD-RRLYR-10275
0.07701067861423753,-1.1296817607275509,-0.1627906976744752,1.671458773784354,0.22086014996349349,0.15652297290690928,0.05790048547405088,0.045072499660331854,0.33449962776076997,-0.942395882327542,0.019316803610532507,-0.9998134131418083,0.09592927031958655,-0.6642509688621882,-1.180439796937387,-0.7041031813210118,OGLE-GD-RRLYR-10279
-0.13603376351588325,-0.18561305265911088,-0.29527559055119484,2.6543307086614365,1.0253492661731427,0.3376071605711126,0.2857617191886423,0.10506578935607616,-0.36081820215759763,-0.9326361696780577,-0.9274062148082955,0.3740557615315524,0.46467551905009696,-0.42486244836129666,-0.7061524211638261,-0.1712112518150475,OGLE-GD-RRLYR-10305
-0.0954732548993105,-0.8642354721487924,-0.0066666666666511925,1.9106666666666845,0.41319284139959483,0.09674616053191494,0.0536048686298909,0.09355907836086765,-0.6945500002564005,-0.7194444364534582,-0.09205997217604027,0.9957534642284438,0.2068999963332785,-0.4669675196172373,-1.0337453883485281,-0.5427238139386744,OGLE-GD-RRLYR-10317
-0.05444823120023975,-0.44900203506127756,-0.07354838709675877,2.117161290322592,1.0085128843186024,0.46921154221669453,0.47150831795756354,0.07069952606072415,-0.5529078520722492,-0.8332424059761072,-0.4488630182788699,0.8936005767800191,0.47745794297647626,-0.1849641827668509,-0.5807775413858366,-0.08597434830366979,OGLE-GD-RRLYR-10321
0.09540286377140735,-0.9321793824329494,-0.10787878787878771,1.9992727272727548,0.4988097782217354,0.2027626724650126,0.08727543762220627,0.10822735447969128,-0.20258746431063954,-0.9792641723785188,-0.4047628650353551,0.9144216877832518,0.27525134101520327,-0.5467995777363813,-0.8858238237278174,-0.3847340011008503,OGLE-GD-RRLYR-10345
0.11481243066134782,-0.9238588829257548,0.14130434782606577,1.7554347826086878,0.5540656572260392,0.08407026536926492,0.1311228491307201,0.17166101834591024,-0.7960801182382606,-0.6051912469176639,-0.9975660987790029,0.0697271723708949,0.2293594692564057,-0.5946822635576227,-0.9728836253923763,-0.4907974776688966,OGLE-GD-RRLYR-10356
0.015228632707013275,-1.3053677223040623,-0.041916167664701104,1.753293413173693,0.2118856446874851,0.1159759147132685,0.10985712113922062,0.15166747414098822,-0.2594244368010994,-0.9657634087034114,-0.9194756645077935,0.39314692212702307,0.10500112166296423,-0.5481305040080577,-0.9902281128036209,-0.5334289276136409,OGLE-GD-RRLYR-10364
0.19350911426466416,-0.013999668115434627,0.03703703703703179,2.762393162393169,0.8200243162861893,0.44546221573818673,0.30411097397770187,0.07266968415217918,-0.1582556547920732,-0.9873981708137464,-0.6303552883501389,0.7763067759906603,0.415088591956512,-0.3524145041707532,-0.5543397692108375,-0.013407393177789105,OGLE-GD-RRLYR-10375
0.13422421883296431,-0.9838909061703474,0.12087912087915241,1.8082417582417742,0.728990230439605,0.085350587790662,0.09360783778594402,0.09324143421877372,-0.2802384385525129,-0.959930423289964,-0.5733369926667039,0.8193196524189444,0.31831262198627813,-0.5423333063652719,-0.970174893402235,-0.4826721177056259,OGLE-GD-RRLYR-10393
-0.19045334190730015,-1.4353281179120971,0.0,1.47574850299401,0.4169790804376639,0.032853745634905535,0.08277738645300099,0.05049594579527491,-0.08588193089908823,0.9963053216484614,-0.28454085120225925,-0.9586639160816963,0.12879028495591208,-0.3565084361580909,-1.0554838860392435,-0.6082711775092581,OGLE-GD-RRLYR-10394
-0.0008794683646727478,-0.6211888035173927,0.18716577540104798,2.0684491978609234,1.2985751758509674,0.7337630336611947,0.2505675974757816,0.12069718370483566,-0.01903340996009353,-0.9998188482446663,-0.9979481121178035,-0.06402784956963503,0.5951738934420715,-0.3218579540044382,-0.8206148392738422,-0.3156035215809801,OGLE-GD-RRLYR-10433
0.688775973687787,-0.799551016885601,0.49206349206346045,2.0102292768959322,0.11310685025332534,0.08594107065376279,0.08449669906452631,0.057832319410009936,0.39965730459123805,-0.9166646272693555,-0.9379921013912628,-0.34665662798741204,0.03358149924034067,-0.44395792477761953,-1.0285462306771256,-0.545231338690153,OGLE-GD-RRLYR-10459
-0.621951329023464,-0.0411443363316053,-0.06773823191733334,2.1586681974741646,0.1937712305545238,0.4827324379191784,0.2812639108473551,0.157039062823853,-0.4736116523707452,-0.8807337865318058,-0.6213825979315184,0.7835072858550053,0.09185404750827683,-0.30730396480030175,-0.8167944701520193,-0.3278559429810085,OGLE-GD-RRLYR-10475
-0.024458223978711682,-1.244887607444342,-0.20000000000002593,1.6768060836501917,0.04870579822297587,0.4717349366195357,0.2522683951937288,0.14346583876633165,-0.06482158345401913,-0.9978968695804761,-0.9741582363495442,-0.22586662115581732,0.016678876689625942,-0.207171014068457,-0.7334622603610206,-0.2586513975241054,OGLE-GD-RRLYR-10489
-0.5046637178270665,-0.8425713489188942,-0.3519108280254608,1.8805732484076387,0.10553925198216267,0.49595352972522905,0.34281871759013494,0.19289121561710557,-0.4318202127356069,-0.9019597019118843,-0.8443434593857019,0.5358023167107302,0.05686412180816109,-0.2926194731658475,-0.7164956078964184,-0.22878009805046737,OGLE-GD-RRLYR-10501
-0.21408987370425114,-0.6058943801323862,0.006726457399071455,1.887668161434946,0.3479437247236948,0.4322884357899846,0.29770916197635566,0.13111550390176396,-0.0441263976408925,-0.9990259561348933,-0.987453819569066,-0.15790805621773232,0.142016236328864,-0.22999943604617334,-0.8484376694117528,-0.3757694861445483,OGLE-GD-RRLYR-10502
-0.6809678434184868,-0.6319967519154313,-0.3870967741935611,2.167588325652838,0.09719071437156503,0.4534836627153533,0.3816408933910406,0.28321001119577804,-0.5239016041668106,-0.8517787912078126,-0.5633811656301725,0.8261971085722754,0.058340901316374934,-0.2793776299287476,-0.6542667569940852,-0.15147220380240078,OGLE-GD-RRLYR-10515
0.08793114548717386,-1.048322108418075,-0.0684931506849175,1.9712328767122986,0.3999321084154665,0.36154619289398754,0.168251416026847,0.04840593730516966,0.20592793427314968,-0.978567159619611,-0.9360531028983099,-0.3518587622249105,0.17968285069026185,-0.5426866747111213,-1.0369497929660731,-0.5409092103994179,OGLE-GD-RRLYR-10521
-0.17538042729479292,-0.9250374421450411,-0.051229508196733005,2.181967213114767,0.054936349135494694,0.4783835642432085,0.332089480388302,0.16799161627607614,-0.034179602386578176,-0.9994157066910122,-0.9994591428813622,0.03288497697814152,0.03208855056484711,-0.16435026678902967,-0.7891019469890471,-0.27376195319736035,OGLE-GD-RRLYR-10539
-0.2487550804943295,-0.8265472590442577,-0.02749140893471722,2.2556701030927933,0.20260664400352663,0.501945134956771,0.3098126890448387,0.19658742553696565,-0.4515758009113958,-0.8922327588870694,-0.731267888101885,0.6820903721875928,0.1273672361473619,-0.34220736149403064,-0.7219480397206063,-0.18283142761894464,OGLE-GD-RRLYR-10540
-0.43772715100108833,-0.4176889692317869,-0.06470588235293669,2.422941176470585,0.21820517686674354,0.65509844127843,0.4432520937791923,0.33409785983677553,-0.37998819599345274,-0.9249913355840915,-0.6630163763735137,0.7486048922232175,0.11016126313766356,-0.3204305355600695,-0.6079450173839893,-0.08417821237960203,OGLE-GD-RRLYR-10561
0.24315066854140793,-0.8659938498934094,0.12101910828024699,1.9808917197452898,0.4184435619256307,0.30313059522843333,0.1062206962588897,0.04687041098279066,0.257325536220292,-0.9663247737737759,-0.7855127666481064,-0.6188454519771779,0.18169435016012928,-0.35341228169596983,-0.9930124327770247,-0.5072396109731576,OGLE-GD-RRLYR-10568
-0.3686978917669599,-0.5303864146225643,-0.0020366598778101333,2.391649694501025,0.2780531776997735,0.5389208425465959,0.3661251808801681,0.2323384257675644,-0.3599497368466796,-0.9329716967539831,-0.6977646109494526,0.7163271233916519,0.11788136583741743,-0.27704065129038813,-0.7505050990745127,-0.2312509347824662,OGLE-GD-RRLYR-10586
-0.5918622499845682,-0.6494311758979014,-0.19662921348314596,1.9112359550561775,0.1882993329278094,0.4079298531601792,0.29044528930977914,0.17062852762189545,-0.6777948750932274,-0.7352510505244833,-0.12116773602720969,0.9926320465036581,0.08031693363817483,-0.3368876643938317,-0.6644398232234706,-0.1672356950594671,OGLE-GD-RRLYR-10594
-0.09005364855935581,-0.8710455352885114,0.17703349282296219,1.9736842105263261,0.5965535555512851,0.4816808558711253,0.30681770029511996,0.3522860274648833,-0.28094861931156345,-0.9597228106630196,-0.4358800800759063,0.9000047532057937,0.28801539070310744,-0.35644098373744115,-0.5839772943433778,-0.08354605145007342,OGLE-GD-RRLYR-10599
0.11465820628515219,-0.8876998100097611,-0.04727272727271167,2.184242424242425,0.15166571491618297,0.48673150854836444,0.4101733583523097,0.1919212634333886,-0.09094819143180045,-0.9958556253168853,-0.9957032525567786,0.09260147324882069,0.07001142320876842,-0.17618594123004994,-0.8498684790624016,-0.3463052046849166,OGLE-GD-RRLYR-10600
-0.3508213996028303,-1.0812858911821144,-0.09677419354839108,1.7086848635235723,0.10850572197851076,0.4321877342286454,0.38324765211504813,0.26640186095555596,-0.5304072184063932,-0.8477429932841632,-0.5447786042674356,0.8385799141002751,0.08100758633274352,-0.33274912043545646,-0.6225609473597197,-0.16203298163134688,OGLE-GD-RRLYR-10618
0.09447049738001306,-1.0747980151928622,-0.2602739726027446,1.7409713574097148,0.18829260825133817,0.38600603287810537,0.14165407323404636,0.022463676080970645,0.16647574246072175,-0.9860455502521936,-0.8088972698699769,-0.5879500036541354,0.08877096251841654,-0.1758529467260318,-0.9433274811626677,-0.456552819918301,OGLE-GD-RRLYR-10637
-0.3843370379254629,-0.62210647067604,-0.18567389255419797,1.8991517436380907,0.18733247557595792,0.5154319944178921,0.3750336803136721,0.2205806590686795,-0.3600521880831039,-0.9329321635877762,-0.8708665227477618,0.49151958206893653,0.08869012245763604,-0.25872144177443035,-0.7749081133952325,-0.297784940850834,OGLE-GD-RRLYR-10645
-0.23008290950481675,-0.8706934365629193,-0.3731041456016159,2.0580384226491417,0.11255408269788551,0.5386909680764412,0.3126573580540762,0.21780021405355784,-0.26408384508570837,-0.9644997266794572,-0.954266339591818,0.298957778159447,0.046696936034139415,-0.24888887880033034,-0.7933978039971195,-0.2934102211465758,OGLE-GD-RRLYR-10662
-0.6670041510082149,-0.6314874961009806,-0.4270597127739966,2.301738473167045,0.036304258601431404,0.5562699700849206,0.3842448665305302,0.24331938066287612,-0.5105971876658878,-0.8598200462583355,-0.7721645295232122,0.6354226462333525,0.029564485577885526,-0.28552718977556873,-0.6275869001206844,-0.11844417020668821,OGLE-GD-RRLYR-10668
0.053247000441811805,-0.2766868114190393,-0.09401709401709782,1.9598290598290724,0.8402431375840937,0.6361170198705547,0.3042915947760098,0.43569750641008637,-0.12463998446932802,-0.9922020329910062,-0.9945397736255338,0.10435822285221202,0.41831849939797994,-0.2833131889908348,-0.6366312550698767,-0.16247469055039707,OGLE-GD-RRLYR-10675
0.2894464688985167,-0.5702287539973883,0.10612244897957764,2.4212244897959416,0.20464705461478896,0.6346852790772916,0.3512466112301453,0.2063400338910569,0.3270860468169204,-0.9449945597608905,-0.9937856675486775,-0.11131058788286748,0.11617484597871104,-0.3150241632326956,-0.7361303432487164,-0.22679885764365595,OGLE-GD-RRLYR-10677
-0.23613540657735402,-0.1967847009204311,-0.24637681159419525,2.3499999999999956,0.533078581258519,0.5599530558733787,0.08440915327585553,0.14309707639289582,-0.7453995237705189,-0.6666179940285768,-0.9826267047389154,0.18559299322426034,0.32290735002694443,-0.42869598419696353,-0.7030683191265891,-0.18802305566304717,OGLE-GD-RRLYR-10687
-0.06048742644267722,-0.49400629728338297,0.20792079207914002,2.1554455445543703,0.3701589103866029,0.31349825535459874,0.026472225378184458,0.12070819882309877,0.41963866881550516,-0.9076912402544991,-0.9829016048136596,-0.1841315704998261,0.18788214027006842,-0.17851634265019312,-1.1730025706363565,-0.6621415709589115,OGLE-GD-RRLYR-10701
-0.461749715428795,-0.48862369841553255,-0.10270270270270533,2.591891891891843,0.26251483314504204,0.5184269406434415,0.39585972391928104,0.22515404618090543,-0.41604997277111716,-0.9093417510249667,-0.6028416145628275,0.7978608824546315,0.14770444585453454,-0.22574270320038764,-0.6532228991494299,-0.14312012943763922,OGLE-GD-RRLYR-10715
0.3883095362903605,-0.39213869399204393,-0.037037037037038256,2.403086419753077,0.5677931860808461,0.5973428590236907,0.34500146757760874,0.21503433994770202,-0.23817779758197005,-0.9712215693336933,-0.9992722264232089,-0.03814469162548084,0.23488993599052033,-0.28597617346392373,-0.6252811414590781,-0.10868560061785641,OGLE-GD-RRLYR-10726
0.15561733819590567,-0.4984731518917527,0.14427860696517922,2.3565505804311706,0.6326455407426392,0.7216589594262555,0.31085601775910937,0.2681457199903037,-0.17094203231984487,-0.9852810876020919,-0.9868630768038504,-0.1615588674175379,0.3102987828326385,-0.2761492340788093,-0.6492477336918682,-0.14843591773651163,OGLE-GD-RRLYR-10754
-0.06622506255253081,-0.9704380242973603,-0.07516339869279846,1.9789215686274708,0.2515150007829106,0.3812421222195538,0.3642515066605927,0.1302489752937543,-0.6367538102798146,-0.7710671728806369,-0.7817155932152448,0.6236350946860976,0.12724751754692346,-0.28756512526797345,-0.7058419061902275,-0.21784999153400372,OGLE-GD-RRLYR-10765
0.19235263562858645,-1.0410789602371628,0.04301075268816732,1.9860215053763384,0.041289200712595724,0.45056806077738193,0.24172964704022518,0.13670802612578842,-0.051770612971338524,-0.998659002679379,-0.991266813418241,-0.13187154589086425,0.018799484701404752,-0.2270408326320416,-0.9323046433650244,-0.43250310889577875,OGLE-GD-RRLYR-10772
-0.4019941855438138,-0.46833016881373224,-0.23503325942352246,2.230598669623058,0.301536038571977,0.45002201710211714,0.4848143278952128,0.32482868840466356,-0.19886710178705858,-0.9800264669011831,-0.927928551644677,0.37275810258478875,0.14270543540847366,-0.21328804935248205,-0.8301211811461919,-0.2984320149440725,OGLE-GD-RRLYR-10774
0.20965179567439562,-1.389523733390898,0.30526315789477126,1.4599999999999906,0.23213807589023522,0.13587212137885404,0.010238935578957735,0.09293742150754422,0.7169315339496157,-0.6971435832227468,0.47540128904095963,0.8797690687778208,0.12425822758012163,-0.40836839649246026,-1.0065954977176188,-0.5568935432627338,OGLE-GD-RRLYR-10808
-0.8880514149648242,-0.20535053513544677,-0.5273243435060322,1.9777146912704109,0.1527915402038881,0.444691884216465,0.3370996978257474,0.2758796174948893,-0.7596124176855961,-0.6503760257711254,-0.26068845357726844,0.9654229799271884,0.061662272282424976,-0.31432600766603574,-0.6309902045419796,-0.1569853585530329,OGLE-GD-RRLYR-10821
-0.02883413962811685,-0.8975145041312995,-0.05314009661840508,2.011594202898558,0.4241252003253027,0.050912269727950696,0.08513715131315676,0.1696740336723377,-0.43190992754225416,-0.9019167447666357,-0.8075300922546425,-0.5898263728447624,0.2002418878910662,-0.3732397712369643,-1.1799720865237442,-0.6815192748254796,OGLE-GD-RRLYR-10846
-0.4737712769826543,-1.0304205046178048,-0.41960784313725386,1.7137254901960757,0.11532915768554709,0.39427542816617184,0.21682597363201536,0.1661837816261088,-0.4736859366872082,-0.8806938363499328,-0.6429327949991113,0.7659225947278424,0.06875567583941156,-0.20531174303454067,-0.8076471569916038,-0.3595185630295805,OGLE-GD-RRLYR-10850
0.1800392210437012,-1.428544437182878,0.15463917525773574,1.5113402061855588,0.10395290717366899,0.12620633035121,0.09729861401081501,0.07002261608099088,0.5920392708649065,-0.8059091150705208,-0.5402447378611801,-0.841507946019112,0.042475940945981415,-0.5119657099337318,-0.9798314791601527,-0.5328360340309062,OGLE-GD-RRLYR-10872
-0.6187484815004697,-0.6007123019326421,0.020552799433033696,2.026080793763288,0.03618767714196969,0.44226002499001243,0.34611513310735825,0.235964723689611,-0.6134194557785376,-0.7897572863053324,-0.31648424811963094,0.9485977654897527,0.04614556466792623,-0.34383463613554976,-0.6412883794396819,-0.1458762178988326,OGLE-GD-RRLYR-10873
-0.05872203592763237,-0.9044370432855562,-0.11032028469750511,1.9768683274021448,0.06250361507779205,0.558355597795905,0.3197566228893457,0.20300823659711492,-0.15803671550018966,-0.9874332365045811,-0.9798326617053007,0.19981980646448855,0.01877053940801844,-0.36268678601979915,-0.7647437292086483,-0.2553159367231133,OGLE-GD-RRLYR-10881
0.058770316058816614,-1.2577308209946712,0.10220994475139765,1.5386740331491497,0.17190944500922067,0.39304165475831276,0.1954958240574207,0.09997348194028582,0.19833202324413873,-0.9801348930406908,-0.7783368630331009,-0.6278468982513109,0.08847531976115963,-0.21141380379157668,-1.0187143524356255,-0.5551748004902561,OGLE-GD-RRLYR-10884
-0.5806702962957768,-0.7415216427670601,-0.12621359223301407,1.9870550161812255,0.12393462626991032,0.3995229102228117,0.3111345347191807,0.19310478943879147,-0.3246691966394526,-0.945827633743851,-0.644671057949616,0.76446008858679,0.04777073108469583,-0.2665837403291706,-0.7072722460807865,-0.21183162885883178,OGLE-GD-RRLYR-10888
-0.16790226131692293,-0.9976045035839554,-0.16058394160582767,2.0510948905109334,0.07706685547984969,0.48433912066454216,0.3480102195286766,0.22652352395135855,-0.21823478500940857,-0.9758962950087972,-0.961405990753233,0.27513364197021495,0.04143670501891583,-0.20586352558509396,-0.7419313524533754,-0.25026368443094077,OGLE-GD-RRLYR-10900
0.16633565882246146,-0.9327341814720636,0.2417302798982517,1.9760814249363883,0.39649612149904606,0.3949271243025982,0.16513887941996572,0.14137137333146638,0.34433416824109303,-0.9388471550692981,-0.5955766841499812,-0.803298458418111,0.1545683102765532,-0.16451464150088993,-0.9134177922098805,-0.4108326094539513,OGLE-GD-RRLYR-10908
0.2367858865533874,-0.5585423098510982,0.18000000000000746,2.1850000000000134,0.697562131326239,0.5126034338065137,0.30466498790035806,0.1495785795914416,-0.28022023173572264,-0.9599357383314666,-0.833564853902136,-0.5524216092253369,0.326409128071217,-0.24454305281377292,-0.8932932263167388,-0.359518563029577,OGLE-GD-RRLYR-10932
-0.3011365003238497,-0.6395123711564401,-0.1781737193764206,2.1790645879732846,0.2790290850683552,0.47136489373639284,0.3048592767441455,0.15361603954798433,-0.19025053419619728,-0.9817355724623925,-0.9997213572215868,0.02360525185267684,0.12619093345001314,-0.24741207088055012,-0.8413399013077477,-0.3105135516357519,OGLE-GD-RRLYR-10943
-0.1887934739314311,-1.3544001682411708,-0.26948775055677887,1.4788418708240396,0.22314754450960167,0.18635586409268806,0.15502166335145814,0.09621244356647203,-0.0005327566765706609,-0.9999998580851517,-0.7854728818971319,0.6188960751242605,0.07952162623011197,-0.5623392376397782,-0.9430435792317862,-0.47886191629596275,OGLE-GD-RRLYR-10954
0.28814548935524154,-0.948654443046256,0.20257234726689338,2.1369774919614644,0.10043126450208338,0.4271169623823866,0.24389941984502805,0.07849050565757112,0.005562972786251315,-0.9999845265471758,-0.9229749390807566,-0.38486005486263913,0.037026885549175194,-0.19947584766116186,-0.9840976916955634,-0.47846965872128894,OGLE-GD-RRLYR-10962
0.2385069085730967,-1.400501422529103,0.29368029739778245,1.460223048327142,0.07448935132086923,0.038311971590866356,0.11176438916899348,0.05883957770293299,0.9905589292684458,-0.13708759114723035,0.4658169618344804,-0.8848810982653512,0.021479347102924387,-0.4454647115286765,-0.9835091183228927,-0.5307672574933893,OGLE-GD-RRLYR-10966
-0.05125471935640977,-1.038669865368367,-0.07520891364904124,1.829155060352834,0.2238067462299926,0.34464562680871264,0.31610420539876927,0.2805293668181548,-0.11481675562280498,-0.9933866883687607,-0.9806975013735432,0.1955310993159125,0.07721194708961804,-0.23665457516418822,-0.7815928113799315,-0.3075937651663697,OGLE-GD-RRLYR-10967
0.11809298367344034,-1.1592125978108199,0.09206349206352629,1.6257142857142868,0.3909191160070759,0.0389267236453395,0.15578110047422525,0.04350327330042053,-0.9129853427986347,-0.4079923575691822,-0.6681442894920563,-0.7440317254117295,0.17010407708039813,-0.5126859193426979,-1.0619357448966518,-0.5916752198295879,OGLE-GD-RRLYR-10975
0.04355703527468524,-1.1839613239584146,0.1360000000000241,1.73599999999999,0.20538340675554162,0.13843468194818034,0.04776294717868668,0.04664342812978016,0.41115017029323925,-0.9115676263820696,0.06801814080146479,-0.997684084528721,0.08409723845728811,-0.48091523290075455,-1.1493186847738845,-0.663540266151473,OGLE-GD-RRLYR-10982
-0.21376858176305166,-0.7702250133897928,-0.41042345276871917,2.31661237785014,0.11127803471931412,0.5816226374714276,0.38802042865473546,0.2505346691114711,-0.4231119295691249,-0.9060774222196974,-0.9792295672846862,0.2027546659276824,0.03376897245672802,-0.37782245308292484,-0.6618658292658329,-0.1480082520378439,OGLE-GD-RRLYR-10986
-0.43527289059731195,-0.6545561732536478,-0.3531353135313541,2.247524752475271,0.08133353717480012,0.5764814147347852,0.3897557737999704,0.2706613703633331,-0.4701768438056003,-0.8825722268171621,-0.7995798309422374,0.600559817129304,0.03710265197503337,-0.3572282484400131,-0.6915481641876032,-0.16685288808721424,OGLE-GD-RRLYR-10991
-0.31828771579104176,-1.1177234805084235,-0.3536231884058149,1.900579710144913,0.22451301293977377,0.49146764342609084,0.3132570091316069,0.2541125569665765,-0.5300385815863079,-0.8479735267270877,-0.772797392161369,0.6346528111247812,0.07194867132660993,-0.29405756615266815,-0.6728247697518563,-0.183294816333485,OGLE-GD-RRLYR-11007
-0.04250314634774526,-1.4878930204438536,0.048697621744061816,1.3508493771234396,0.10523551767917548,0.15187533653736873,0.08147870711862988,0.043631997279363954,0.15222269552239956,-0.9883462201920412,-0.821629290202687,0.5700222008667984,0.03740644983494866,-0.5657367104795405,-0.9698060951747408,-0.5254923608830274,OGLE-GD-RRLYR-11012
-0.34831062860002393,-1.2716730376400613,-0.5163934426229417,1.4836065573770436,0.08957870210246978,0.4326428421882671,0.22733146830402645,0.1428270536999791,-0.4135450063337294,-0.9104836779077567,-0.9819392711473387,0.18919637358742725,0.02213768937713219,-0.2629974385157304,-0.8856354065818876,-0.4412914294668363,OGLE-GD-RRLYR-11015
-0.00805588132868662,-1.133700629837773,0.014218009478656547,1.925592417061592,0.10899397295252171,0.4625758991778125,0.19664773432874585,0.11130489516643792,-0.11426649740968972,-0.9934501334086786,-0.9930317331184132,0.11784726140153053,0.053489980570950744,-0.20725997094422693,-0.8889122652606758,-0.39115317767358854,OGLE-GD-RRLYR-11017
0.08020098541582396,-1.5177148653324926,0.1618257261410852,1.4651452282157604,0.2500278894533151,0.2735786597181243,0.10213160137731657,0.10898047994521542,-0.23238901307672305,-0.9726229210753912,-0.7860742218267901,0.6181321200030025,0.08652944923910809,-0.49504409967001944,-0.8925322918427447,-0.45210228243690564,OGLE-GD-RRLYR-11023
-0.7721783767180491,-0.23192288300141017,-0.23312883435582943,2.1411042944785255,0.34236280965811344,0.4546268313050903,0.23355217362752378,0.2087805293086887,-0.595834145505746,-0.8031075090231926,-0.7125944616959091,0.7015761777314831,0.14332396758686886,-0.3110728393741697,-0.6571287817590296,-0.15614457737683865,OGLE-GD-RRLYR-11028
0.2799745801667691,-0.9709398206816022,0.18773946360153115,2.22088122605365,0.1238450626130739,0.5275742816337231,0.31923521966974716,0.12118900403301484,-0.023884245616625905,-0.9997147307163803,-0.9989344203924092,0.046152180395745666,0.027950131535339262,-0.1856161091452998,-0.743490672704085,-0.2368341597993379,OGLE-GD-RRLYR-11030
-0.025824947211668843,-1.0068403573372005,-0.06555090655512628,1.8396094839609554,0.5251789654207532,0.3932586196350968,0.20525459949851932,0.09702343001819315,-0.12843173218123632,-0.9917183522396503,-0.9306716908941477,-0.36585544108052853,0.22931962938614597,-0.27263784911034916,-0.9738253662687342,-0.4818151957815962,OGLE-GD-RRLYR-11045
0.09274001887797811,-1.0512122703504936,-0.07363420427553172,1.7814726840855133,0.43952491358711976,0.5637702552770504,0.45756577050045194,0.3141887933198363,-0.5101105688130978,-0.8601088347326621,-0.6765315466970229,0.7364136516413408,0.17638393313080725,-0.27398853226720876,-0.601355500310469,-0.12493873660829995,OGLE-GD-RRLYR-11053
-0.42570991658212237,-0.9437799172519994,-0.25112781954885083,1.8133834586466098,0.16081531002739113,0.5444169111787128,0.3622360952327066,0.19579897275000366,-0.435662011299505,-0.9001103331872543,-0.7829229264022596,0.6221187115926687,0.06584926523653398,-0.2270336685522102,-0.697848084897063,-0.2197187005039983,OGLE-GD-RRLYR-11077
0.30359325909557416,-1.0778206547355988,0.36596736596738916,1.9909090909090708,0.20461857535332376,0.4547351287910722,0.33844005885017475,0.14571176957744028,0.053824945927461315,-0.998550386908896,-0.999532986586029,0.03055828408816773,0.030010433652050382,-0.24257309335962365,-0.8577672876776987,-0.369521273797366,OGLE-GD-RRLYR-11095
0.25373279479137045,-1.1163191494497442,0.15143929912395357,1.646558197747204,0.2645721140567824,0.09805121896602878,0.032139395215975426,0.05438823751942936,-0.1321996905445227,-0.9912231039578993,-0.3667715000111612,0.9303110591514877,0.09507673329440933,-0.4438311739297676,-0.9559024858225476,-0.4829361265173442,OGLE-GD-RRLYR-11111
-0.6051060759972733,-0.7620808088952304,-0.27543859649122177,2.0578947368421012,0.06125905086763008,0.4944231266222282,0.37743505753036427,0.2432447697149852,-0.5585386472226823,-0.8294784985511414,-0.5852952730844754,0.8108202287221067,0.05432690783492965,-0.26572865951166724,-0.7282032787588709,-0.2317319835484526,OGLE-GD-RRLYR-11112
0.062237710320982964,-1.3154106679178323,0.0794520547945117,1.6394520547945381,0.23005849999903139,0.3169488772053286,0.21178364693255572,0.053229314118202184,0.06145768425750837,-0.9981096898866899,-0.9936981706726551,0.11208900749769708,0.0923508305401817,-0.1345968681175724,-1.0008214295418025,-0.5240384108075776,OGLE-GD-RRLYR-11123
-0.5493975928511672,-1.0201223754145627,-0.38372093023256343,1.6279069767441534,0.16698937914171716,0.19112439854589103,0.06430115765583794,0.07909914892257658,-0.42878189563466024,-0.9034080395789863,-0.7732096623088477,-0.6341504696144581,0.05921895857304049,-0.4938363002162056,-1.0056899064494849,-0.552841968657779,OGLE-GD-RRLYR-11130
0.17443767945160985,-1.2560347517804609,-0.07692307692305658,1.6980148883374753,0.34996203461811476,0.1492672074017598,0.15750498567988927,0.11495547236135402,-0.10126475001067227,-0.9948595128988194,-0.584772271922456,-0.8111975036886203,0.13120972949768614,-0.49374871839516205,-0.9570271901765374,-0.46578345566767,OGLE-GD-RRLYR-11131
-0.02410645611817824,-1.2670395080507475,0.19999999999999607,1.5606896551724199,0.09232917505668363,0.44588651789497386,0.25292956924411164,0.11303302867178716,-0.4980777486727272,-0.8671323752905941,-0.538148899849974,0.8428497858991616,0.028244299066875735,-0.3639500189721545,-0.7000683819139977,-0.24737543737323553,OGLE-GD-RRLYR-11140
-0.7933337985122633,0.24081817177821252,-0.06262626262626009,2.427474747474748,0.37330827339703054,0.5204072378407083,0.3074393965252084,0.1496711700283554,-0.26789739958821773,-0.9634474470846196,-0.8131322573114088,0.5820789741260655,0.20424014214562825,-0.3488948754305343,-0.7275018376724764,-0.22127007600388707,OGLE-GD-RRLYR-11144
-0.7888183841638682,-0.446511636517156,-0.25900514579760353,2.172212692967404,0.15810418893814027,0.49136650656268077,0.2934588529490859,0.17061733570746418,-0.4979688538803947,-0.8671949149787758,-0.6621947780328643,0.7493317529279041,0.05702447619783178,-0.34717936764640384,-0.6817302459650926,-0.1984590938096814,OGLE-GD-RRLYR-11161
0.011295751757211822,-1.4112484587170324,-0.07142857142857445,1.5369047619047818,0.41023864447472325,0.1060947956031691,0.10909537363897835,0.024235371156821915,-0.3257905875477528,-0.9454419564760652,-0.6868342880059416,-0.7268140483090371,0.1635770722490601,-0.5917095848142571,-1.0432194296950907,-0.5880437620695947,OGLE-GD-RRLYR-11173
0.21982507325349684,-0.7707660204780837,0.3477088948787173,2.017520215633392,0.34754990016360654,0.32200463796326395,0.21929698453718494,0.06126723561716032,-0.22603289675356456,-0.9741196690269591,-0.8802953168147771,0.4744261324947975,0.14356605472117892,-0.2001516023672747,-0.9222257849993175,-0.4268381909849142,OGLE-GD-RRLYR-11181
0.12078092801953938,-1.061925049936532,0.004608294930864862,1.925345622119842,0.15160554939565093,0.439947765390288,0.2989181508999177,0.10288686265038903,-0.08677521913326292,-0.9962279163647113,-0.9803032862828466,-0.19749801746612874,0.05903612022589311,-0.17071011194636326,-0.880770335837128,-0.37903156435570684,OGLE-GD-RRLYR-11187
0.009991235185097792,-1.1451796300036439,0.0,2.022023809523811,0.10123738098340394,0.48724217953051974,0.35115262860728486,0.20516751948132597,-0.47571309472204065,-0.8796005067699647,-0.6788438946123947,0.7342826204857882,0.026191969863808298,-0.19103585878835339,-0.6428069048145421,-0.16787445746599242,OGLE-GD-RRLYR-11198
-0.10110065855567733,-0.762221716897959,0.16417910447760006,1.968656716417904,0.6986826711323824,0.41678493173757264,0.11102483411666594,0.14277823050480049,-0.3086559622922972,-0.9511737469786559,-0.8501019346381528,0.5266181735607592,0.29571592328684543,-0.19426488990284893,-1.0568519507913665,-0.5787252087896538,OGLE-GD-RRLYR-11201
0.05464514706967004,-1.3464365163107905,-0.0593607305935989,1.6495433789954386,0.07354504663569474,0.4646277650624525,0.2611384648269689,0.1605823834906111,0.1827797978264073,-0.9831538768201739,-0.9390070807195392,-0.34389780801652237,0.0211886077317981,-0.28217453476414606,-0.8994657968832185,-0.44219214423539566,OGLE-GD-RRLYR-11202
0.18316693639546563,-1.106594508802278,0.22291021671823533,2.0826625386997413,0.06862757887684388,0.4218661703640654,0.2034596522167051,0.028766829901512043,0.06273556479916574,-0.9980301843678525,-0.9644651524842517,-0.26421008618811104,0.019938184386260962,-0.32466846008696776,-0.966753069711151,-0.4732085679811774,OGLE-GD-RRLYR-11207
-0.19689569300258336,-0.6859109183279686,-0.3551401869158534,2.265420560747623,0.11227869992172092,0.5439807857347035,0.4388474109097057,0.18892313510931355,-0.34691871627187365,-0.9378951989962819,-0.9067968131262376,0.4215679538391164,0.0609552948679308,-0.2349270902413832,-0.8310274746817211,-0.31443738884177347,OGLE-GD-RRLYR-11219
-0.08500273093467632,-0.9923211152960252,-0.15367483296214213,1.949665924276129,0.30778861468236546,0.3468823416787926,0.2062476216591646,0.10318056426510416,-0.07462878921812906,-0.9972113837195382,-0.8830050228244352,0.4693635367887229,0.1166733779626932,-0.269097583455249,-0.8551056678786506,-0.3588234533868899,OGLE-GD-RRLYR-11235
-0.49791485882214864,-0.7665538088390194,-0.4077976817702559,1.8682824025289777,0.19054255700425418,0.42744076026307165,0.30019245588203297,0.13352625535389254,-0.3811373364918054,-0.9245184317967556,-0.7472338060177827,0.6645612380692835,0.07209250032550715,-0.2718347508179197,-0.8174814621281472,-0.3533512557270455,OGLE-GD-RRLYR-11243
0.2684819511541914,-0.7199570514908871,0.12844036697250996,2.26146788990841,0.4981395351170577,0.09233379938087997,0.11000840688648358,0.16909162053046284,0.174531625037812,-0.9846515687600668,-0.8882221313327928,0.45941424162800054,0.22750330117039225,-0.41063654453832243,-1.0973236902563397,-0.6081830763867431,OGLE-GD-RRLYR-11249
-0.980096301253989,0.47264844917771986,-0.15185601799773835,3.168503937007839,0.2626285138023381,0.5815583566934137,0.40076977682881393,0.27274061835091146,-0.8190134040000132,-0.5737743842908214,-0.3674959728188603,0.9300251125436987,0.19536954619375416,-0.3059408549662664,-0.6540192411294635,-0.15230397926583447,OGLE-GD-RRLYR-11256
-0.374833617255356,-1.2589284262561646,-0.15079365079365648,1.5349206349206288,0.12613880776680036,0.19265967857939803,0.05268424068559416,0.03931340785581127,-0.26002102398296817,-0.9656029551978643,-0.9962177185780666,0.08689221594085475,0.05356620823693484,-0.43247669227363167,-0.9961841326130059,-0.5374522711973375,OGLE-GD-RRLYR-11274
-0.40250390254044544,-0.9658852498386912,-0.2357274401473302,2.065193370165751,0.04649657348547967,0.519384973142837,0.31391798824048484,0.2498372736648049,-0.344829838263293,-0.9386652132913583,-0.8769432471935971,0.4805939462805891,0.016978733525351217,-0.2573857496697627,-0.7456246363473821,-0.251269443901505,OGLE-GD-RRLYR-11275
-0.28868880970231886,-0.8692633959247265,-0.17098445595855763,1.9772020725388761,0.5559789181655209,0.25887452504909164,0.10744658626774864,0.09449730001236796,-0.34737801043355665,-0.9377251824853717,-0.05372901394786818,0.9985555533169849,0.21467835703166863,-0.5610294059984772,-0.8987625352791392,-0.4183916339679438,OGLE-GD-RRLYR-11281
-0.39640194826317093,-0.9426171097977911,-0.5291262135922083,2.006796116504873,0.4019613419543485,0.4561930271465515,0.24175324214920355,0.03250119926119224,-0.9660108285294864,0.25850160379342974,-0.28241560614660377,0.9592921480992359,0.10566172705870552,-0.1770867576096162,-0.8801748026366375,-0.38362952770872755,OGLE-GD-RRLYR-11311
-0.08628161838344536,-1.1569523646981983,-0.12104689203924733,1.6761177753544203,0.31471527993359416,0.29122746118767656,0.2146455392355258,0.10254634623651712,0.12538968038350728,-0.9921075687914702,-0.9979199201726852,0.0644657499959613,0.1680875668198648,-0.5444647189420565,-0.8726679577333881,-0.41538612382821555,OGLE-GD-RRLYR-11317
0.08061372792025745,-0.9000760132966326,-0.1251931993817876,2.1595054095826676,0.49914234647193073,0.46702637364849336,0.2569658457070335,0.07724248051522735,-0.23121399781784638,-0.972902917671177,-0.8814827807149601,-0.47221616586370857,0.20367616437848246,-0.27404280182852614,-0.9692877271986213,-0.4568014143623539,OGLE-GD-RRLYR-11357
0.2597368583544547,-0.8586767939135806,0.03414634146340466,1.8741463414634296,0.42848563324541755,0.2869829259041068,0.11687100596480927,0.05857607590131329,0.29681820344926946,-0.9549340051025244,-0.9933469200879992,-0.11516030718822412,0.1476340625963789,-0.5332302922199996,-0.9064504112084198,-0.4154426394743253,OGLE-GD-RRLYR-11373
-0.3470256262775985,-0.4247426907606826,-0.03370786516850053,2.74157303370785,0.41688192440627214,0.4998848938678664,0.3752310172237147,0.23837279266200978,-0.039434731887470716,-0.9992221484339523,-0.9844809038381653,-0.17549173763453677,0.17217034394383512,-0.3094122035215598,-0.844189207130025,-0.31158017799728976,OGLE-GD-RRLYR-11390
-0.32158947750049344,-1.1725516531264735,-0.18075117370892418,1.6948356807511762,0.05549695887366045,0.47781123766913797,0.3540567432544506,0.2460115629812361,-0.46983631412993465,-0.8827535544673821,-0.6129035257032135,0.7901577489214229,0.03349836893705801,-0.3420994246160712,-0.6259314845026642,-0.1414628024303601,OGLE-GD-RRLYR-11393
0.1126690861902307,-1.2141359986912907,0.115749525616713,1.80645161290325,0.08560899321568677,0.5247525858108658,0.2960516196587511,0.10896253416093905,0.002727166151145772,-0.9999962812754776,-0.9796114629856557,-0.2009014225611735,0.022655986188729986,-0.1358668127082976,-0.7987639588015227,-0.3223930472795061,OGLE-GD-RRLYR-11396
-0.6058228010870358,-0.8875712060102594,-0.2909535452322889,1.863569682151578,0.08571439015887808,0.5197983946852679,0.3514872485457225,0.20023599332381312,-0.5533535312745818,-0.8329464985375414,-0.3093612184196648,0.9509446022444737,0.07000369230251599,-0.338647531901175,-0.6026905199175099,-0.11793105556385161,OGLE-GD-RRLYR-11409
-0.2722288907335856,-1.0119652962833765,0.10582010582010354,1.6968253968253986,0.08927772046343746,0.445890407414101,0.3611055948946932,0.24900533203916825,-0.38348809914612497,-0.9235458179285377,-0.7184985700510402,0.6955284356765081,0.05064862724619398,-0.20755709479189574,-0.6737088793166586,-0.19287104440757777,OGLE-GD-RRLYR-11410
-0.2047996840576257,-1.3681322381590268,0.04336043360435055,1.4189701897018931,0.15353908457321536,0.04922124681243593,0.058338230562405675,0.029833005886307152,-0.9964635599220838,-0.08402603017760493,0.8847934025949747,-0.4659835133611563,0.060484113673437756,-0.35446285432099767,-1.0302378507976768,-0.5820303577852645,OGLE-GD-RRLYR-11434
-0.059324275963379754,-0.8733613815426562,-0.27285318559557115,1.8578947368420922,0.37417410925910155,0.49050919932889947,0.2710898916693968,0.19646186017092665,-0.29880116882069424,-0.9543153889104938,-0.990860404187798,0.134891287386523,0.1188101179101806,-0.2134814135844293,-0.6580120382263699,-0.17347169365935072,OGLE-GD-RRLYR-11437
0.05799898700933109,-1.0012412068749836,0.19567827130853688,1.9366146458583544,0.5877437213893357,0.18242003593817643,0.11188943465968237,0.0830987066791085,0.344556918798173,-0.9387654284795053,-0.8492290343806971,0.5280246652996703,0.2774480810308423,-0.5724764354318214,-0.8633800816783569,-0.3943717779923797,OGLE-GD-RRLYR-11454
0.10309007913415932,-1.1536398030131176,0.07027027027026694,1.782270270270235,0.43648569888365907,0.34364030931063294,0.3333737085253508,0.10469118992228628,-0.008777625072363486,-0.9999614759069916,-0.972764097959967,-0.23179734623185788,0.16142289788944497,-0.2264676331078567,-0.8574218256300044,-0.38494469582028173,OGLE-GD-RRLYR-11456
-0.10312193946827378,-0.9345889830001664,-0.0862944162436697,1.9939086294416206,0.05741314599232463,0.45783161816985246,0.2652239069975856,0.12532893023066846,-0.06572199872298798,-0.9978379722599534,-0.9999762682662432,0.006889332646806594,0.013217334570177932,-0.17073897671792462,-0.9030331920593777,-0.4058285208850867,OGLE-GD-RRLYR-11465
-0.13413982934313878,-0.21288756736299197,0.01577287066246863,2.3924290220820232,0.7572266030423912,0.6369444051805124,0.3305826574949714,0.24269930437045395,-0.6758895573637387,-0.7370029214641212,-0.46596967970135317,0.8848006880642771,0.29999517766536415,-0.4011516385637993,-0.6054798162299998,-0.12010167566998917,OGLE-GD-RRLYR-11485
0.1328913336780645,-0.9860731789488586,0.017189079878661105,1.8754297269969558,0.6755657458413205,0.46700999228640316,0.42692342117984583,0.054942370160405395,-0.0069359365449926744,-0.9999759461028269,-0.9855759556800561,-0.16923367154719585,0.2911117058084582,-0.23089357941587066,-0.8172639014139185,-0.3337629041041962,OGLE-GD-RRLYR-11494
-0.25252182812403556,-0.7007113731243901,0.07655880031571329,1.8697711128650414,0.7045727219620065,0.2630729708432412,0.08383975132985771,0.1924792256511984,0.19524999794991194,-0.9807535053725576,-0.7123072120777325,0.7018678191953583,0.3297371588958785,-0.3666413540066444,-0.7089260301105114,-0.22749493060519735,OGLE-GD-RRLYR-11500
0.18155373188069898,-1.0709737197624307,-0.09256844850064971,2.106649282920481,0.044940016593734165,0.45892843340074235,0.19460537252088356,0.10705334627130737,0.12704006196905798,-0.9918975867774343,-0.8392947221583783,-0.5436767140103487,0.013833744078682183,-0.19720226264860416,-0.8845359940588214,-0.3936723875328083,OGLE-GD-RRLYR-11504
-0.24662023311642178,-0.5014080153826685,0.027027027027042905,2.7616852146263664,0.38962062747261755,0.530874209119721,0.4157487167044586,0.06779010387307202,-0.32117899323903776,-0.9470185078983188,-0.8795903114728276,0.47573194549360887,0.21677820658032249,-0.27943868466436944,-0.5884223442897323,-0.0612051753757142,OGLE-GD-RRLYR-11525
-0.11604239614175041,-1.1854316279659616,-0.02686567164179228,1.833432835820911,0.22603442364205126,0.358722765340146,0.29266277272375835,0.1467565949364389,-0.6103643398952754,-0.7921208068118175,-0.47432238173938773,0.8803512243309908,0.11139274238177081,-0.27200425664806194,-0.6888725160949315,-0.2116901878929497,OGLE-GD-RRLYR-11534
0.31509293687139933,-1.0697784975063538,0.2441860465116363,1.7744186046511625,0.12038281067908488,0.38659376242605,0.15618689326623064,0.05968006325927128,0.1927538832744854,-0.9812471352735793,-0.9589230182766023,-0.2836664326621868,0.04641446683306007,-0.28585763095668765,-0.997215854386581,-0.5154154707171557,OGLE-GD-RRLYR-11552
-0.12449890154360395,-1.2158835944435304,-0.24935732647815287,1.8071979434447407,0.0668727388314639,0.5714128076127654,0.32442793593511376,0.3348434818814231,-0.5726821728802256,-0.8197774874105677,-0.8277953377114853,0.561030194252616,0.057835743882623664,-0.29366946695100205,-0.6321862875626203,-0.1530446749801742,OGLE-GD-RRLYR-11555
-0.11150489499292211,-0.5504827906687249,-0.05796217205613074,2.0530811470408628,0.7072813750277862,0.39518968548798394,0.3344268567708875,0.4245632441921194,-0.686252952716293,-0.7273629663985989,-0.20071778219328973,0.9796491065230485,0.2972551080828464,-0.28127212171890115,-0.5749625055056489,-0.0750749227679674,OGLE-GD-RRLYR-11557
0.25405449896522825,-0.8803584240205868,-0.2452830188679355,2.2028301886792545,0.22183297605863012,0.4749286117825425,0.23904414158819967,0.07181410230536563,0.09329456209863014,-0.9956385512236983,-0.7191526699908478,-0.6948520973883829,0.0817097423106591,-0.16022077235700138,-0.937818017230938,-0.45562185604218897,OGLE-GD-RRLYR-11561
0.33246162277137786,-0.9321146122509112,0.21513002364068398,1.8486997635933955,0.21106290805207728,0.4526714240684706,0.17858583188998892,0.15174703872683884,0.2904063364693891,-0.9569034223673922,-0.960729803525466,-0.2774855755132498,0.07470707767755261,-0.22600630563146398,-0.8883116749769204,-0.40782324260413516,OGLE-GD-RRLYR-11570
0.09082828400751713,-0.056897038962451685,0.07476635514019908,2.651962616822429,1.0923239237327005,0.6517414350130599,0.378486240949876,0.32291349459374874,0.32219758402419485,-0.9466724443274833,-0.9994506684542548,0.03314153476143356,0.5155811254213486,-0.24492065422170664,-0.6856391914481582,-0.14910881586407904,OGLE-GD-RRLYR-11575
-0.5488130817181728,-0.7111334182661211,-0.3409275834011484,2.230105777054512,0.05397486760669742,0.538168807324085,0.3141596160578461,0.21262956501948962,-0.39745770395566055,-0.9176204953935447,-0.8092513971381291,0.5874624892110014,0.034197650394497514,-0.20709665587562665,-0.6756152781592238,-0.16418264570652824,OGLE-GD-RRLYR-11578
-0.26346990952842847,-0.4576370973349184,-0.10669077757684953,1.8361663652802913,0.6310248414839496,0.25733428948715925,0.1230883613224444,0.1496391967531623,-0.4258260807385082,-0.9048050336745931,0.6074227701936028,0.7943787372848858,0.2914809452545304,-0.24307731393963053,-0.7772441780583069,-0.2943928365953966,OGLE-GD-RRLYR-11589
0.42027289264147216,-0.07924381367324651,0.14465408805031185,2.3597484276729426,0.654676959329774,0.45367859098648045,0.3981053606696506,0.04122240466605912,-0.1630379526750291,-0.986619798092221,-0.8816155863999406,-0.47196817458032986,0.39299424152306084,-0.2159511135331672,-0.6149286933908237,-0.12470717462899249,OGLE-GD-RRLYR-11590
0.16995663020738344,-1.248870634862784,-0.09420289855071111,1.6739130434782483,0.0923715045679235,0.1479304031440928,0.050991716835123026,0.05016555082934616,0.023977964274083968,-0.9997124872828541,-0.10150213839800136,-0.9948353209957078,0.03358875001836951,-0.6264571458381383,-1.108227617574937,-0.6363880201078592,OGLE-GD-RRLYR-11592
-0.04886577509387976,-0.972760789108861,0.03896103896103956,2.1415584415583853,0.5948456038527021,0.09496023013042391,0.09975604880506787,0.04981026078215453,0.955622405631185,-0.2945943276026663,0.583272065365351,-0.8122768602911434,0.23894913648310878,-0.38389558566868287,-0.985480704739289,-0.48174934869150166,OGLE-GD-RRLYR-11594
-0.6403525319689739,-0.7407991412636314,-0.3391115926327367,2.1564463705308743,0.037232619623798806,0.5423360838524215,0.3859837829664047,0.24031968951782745,-0.2777978694107303,-0.9606395493372417,-0.9422526506324179,0.3349028849923251,0.023638277075562045,-0.2617304342862431,-0.8042005300903526,-0.3031196283172375,OGLE-GD-RRLYR-11617
0.2266051476759755,-0.47654674854927004,-0.09543568464730666,2.398616874135542,0.6560449196122256,0.6800874225775508,0.21875588687380204,0.2690656688837592,0.0685874778602633,-0.9976451061779273,-0.9974880181420603,-0.07083539837556269,0.28099165529465364,-0.4016284119810955,-0.5908763388755789,-0.06193081377661572,OGLE-GD-RRLYR-11627
-0.3932916743133705,-0.8281258857675264,-0.3399668325041382,2.0308457711442536,0.12180097358573548,0.4997984033112608,0.3462590651534176,0.2366520837850819,-0.40167094003948456,-0.9157840662120066,-0.7815484634633334,0.623844531320186,0.06381488963401907,-0.26805853596011564,-0.7059903804846234,-0.21303574056426622,OGLE-GD-RRLYR-11630
-0.02042467747737267,-1.4714045614377513,-0.05147058823529591,1.4882352941176222,0.1444905719415175,0.25163714345614674,0.08550989443592569,0.028015785036823334,-0.15203460329899973,-0.9883751713796314,-0.9040157507515381,-0.4274991489969693,0.05135924698720319,-0.5855081170960617,-0.9760244171328746,-0.5176982327765631,OGLE-GD-RRLYR-11633
0.2926251811831035,-0.7046749597604434,0.3082191780822068,1.9319634703196464,0.4695536912583789,0.36628835249604536,0.28303416044981083,0.12883475802661654,0.10606707949195565,-0.9943589767523835,-0.9591356520449574,0.28294663980385826,0.19753935220031837,-0.17247896366688617,-0.8563621621307134,-0.37355697466870735,OGLE-GD-RRLYR-11646
