,eps,min_samples,purity,n_clusters,n_noise
0,0.9991991991991991,2,1.0,6,17
1,0.5995995995995995,2,1.0,3,24
2,0.6994994994994994,2,1.0,3,23
3,0.7993993993993993,2,1.0,3,23
4,0.8992992992992992,2,1.0,3,23
5,0.4996996996996997,2,1.0,2,26
6,0.6994994994994994,3,1.0,1,27
7,0.7993993993993993,3,1.0,1,27
8,0.8992992992992992,3,1.0,1,27
9,0.9991991991991991,3,1.0,1,27
10,1.099099099099099,2,0.8461538461538461,5,17
11,1.2988988988988988,2,0.8125,6,14
12,1.3987987987987986,2,0.8,7,10
13,1.1989989989989989,2,0.8,6,15
14,1.2988988988988988,3,0.8,3,20
15,1.3987987987987986,3,0.7857142857142857,4,16
16,1.099099099099099,3,0.7142857142857143,2,23
17,1.1989989989989989,3,0.7142857142857143,2,23
18,1.5985985985985984,2,0.7083333333333334,5,6
19,1.4986986986986985,2,0.6956521739130435,5,7
20,1.6984984984984983,2,0.6923076923076923,5,4
21,1.5985985985985984,3,0.6818181818181818,4,8
22,1.4986986986986985,3,0.6666666666666666,4,9
23,1.6984984984984983,3,0.6666666666666666,4,6
24,1.7983983983983982,4,0.6666666666666666,3,9
25,1.4986986986986985,4,0.6666666666666666,2,21
26,1.7983983983983982,2,0.6153846153846154,4,4
27,1.898298298298298,2,0.6153846153846154,4,4
28,1.5985985985985984,4,0.6,2,20
29,2.4976976976976974,6,0.6,2,10
30,1.3987987987987986,4,0.6,1,25
31,1.3987987987987986,5,0.6,1,25
32,2.197997997997998,5,0.5909090909090909,2,8
33,2.297897897897898,5,0.5909090909090909,2,8
34,1.7983983983983982,3,0.5833333333333334,3,6
35,1.898298298298298,3,0.5833333333333334,3,6
36,2.197997997997998,6,0.5789473684210527,2,11
37,2.297897897897898,6,0.5789473684210527,2,11
38,2.397797797797798,6,0.5789473684210527,2,11
39,1.998198198198198,2,0.5714285714285714,4,2
40,1.998198198198198,3,0.5714285714285714,4,2
41,2.7973973973973973,6,0.5714285714285714,1,2
42,2.397797797797798,2,0.5666666666666667,2,0
43,2.397797797797798,3,0.5666666666666667,2,0
44,2.4976976976976974,2,0.5666666666666667,2,0
45,2.4976976976976974,3,0.5666666666666667,2,0
46,2.5975975975975976,2,0.5666666666666667,2,0
47,2.5975975975975976,3,0.5666666666666667,2,0
48,2.6974974974974977,5,0.5666666666666667,2,0
49,2.6974974974974977,2,0.5666666666666667,1,0
50,2.6974974974974977,3,0.5666666666666667,1,0
51,2.6974974974974977,4,0.5666666666666667,1,0
52,2.7973973973973973,2,0.5666666666666667,1,0
53,2.7973973973973973,3,0.5666666666666667,1,0
54,2.7973973973973973,4,0.5666666666666667,1,0
55,2.7973973973973973,5,0.5666666666666667,1,0
56,2.897297297297297,2,0.5666666666666667,1,0
57,2.897297297297297,3,0.5666666666666667,1,0
58,2.897297297297297,4,0.5666666666666667,1,0
59,2.897297297297297,5,0.5666666666666667,1,0
60,2.897297297297297,6,0.5666666666666667,1,0
61,2.997197197197197,2,0.5666666666666667,1,0
62,2.997197197197197,3,0.5666666666666667,1,0
63,2.997197197197197,4,0.5666666666666667,1,0
64,2.997197197197197,5,0.5666666666666667,1,0
65,2.997197197197197,6,0.5666666666666667,1,0
66,3.0970970970970972,2,0.5666666666666667,1,0
67,3.0970970970970972,3,0.5666666666666667,1,0
68,3.0970970970970972,4,0.5666666666666667,1,0
69,3.0970970970970972,5,0.5666666666666667,1,0
70,3.0970970970970972,6,0.5666666666666667,1,0
71,3.196996996996997,2,0.5666666666666667,1,0
72,3.196996996996997,3,0.5666666666666667,1,0
73,3.196996996996997,4,0.5666666666666667,1,0
74,3.196996996996997,5,0.5666666666666667,1,0
75,3.196996996996997,6,0.5666666666666667,1,0
76,3.2968968968968966,2,0.5666666666666667,1,0
77,3.2968968968968966,3,0.5666666666666667,1,0
78,3.2968968968968966,4,0.5666666666666667,1,0
79,3.2968968968968966,5,0.5666666666666667,1,0
80,3.2968968968968966,6,0.5666666666666667,1,0
81,3.3967967967967967,2,0.5666666666666667,1,0
82,3.3967967967967967,3,0.5666666666666667,1,0
83,3.3967967967967967,4,0.5666666666666667,1,0
84,3.3967967967967967,5,0.5666666666666667,1,0
85,3.3967967967967967,6,0.5666666666666667,1,0
86,3.496696696696697,2,0.5666666666666667,1,0
87,3.496696696696697,3,0.5666666666666667,1,0
88,3.496696696696697,4,0.5666666666666667,1,0
89,3.496696696696697,5,0.5666666666666667,1,0
90,3.496696696696697,6,0.5666666666666667,1,0
91,3.5965965965965965,2,0.5666666666666667,1,0
92,3.5965965965965965,3,0.5666666666666667,1,0
93,3.5965965965965965,4,0.5666666666666667,1,0
94,3.5965965965965965,5,0.5666666666666667,1,0
95,3.5965965965965965,6,0.5666666666666667,1,0
96,3.696496496496496,2,0.5666666666666667,1,0
97,3.696496496496496,3,0.5666666666666667,1,0
98,3.696496496496496,4,0.5666666666666667,1,0
99,3.696496496496496,5,0.5666666666666667,1,0
100,3.696496496496496,6,0.5666666666666667,1,0
101,3.7963963963963963,2,0.5666666666666667,1,0
102,3.7963963963963963,3,0.5666666666666667,1,0
103,3.7963963963963963,4,0.5666666666666667,1,0
104,3.7963963963963963,5,0.5666666666666667,1,0
105,3.7963963963963963,6,0.5666666666666667,1,0
106,3.8962962962962964,2,0.5666666666666667,1,0
107,3.8962962962962964,3,0.5666666666666667,1,0
108,3.8962962962962964,4,0.5666666666666667,1,0
109,3.8962962962962964,5,0.5666666666666667,1,0
110,3.8962962962962964,6,0.5666666666666667,1,0
111,3.996196196196196,2,0.5666666666666667,1,0
112,3.996196196196196,3,0.5666666666666667,1,0
113,3.996196196196196,4,0.5666666666666667,1,0
114,3.996196196196196,5,0.5666666666666667,1,0
115,3.996196196196196,6,0.5666666666666667,1,0
116,4.096096096096096,2,0.5666666666666667,1,0
117,4.096096096096096,3,0.5666666666666667,1,0
118,4.096096096096096,4,0.5666666666666667,1,0
119,4.096096096096096,5,0.5666666666666667,1,0
120,4.096096096096096,6,0.5666666666666667,1,0
121,4.195995995995996,2,0.5666666666666667,1,0
122,4.195995995995996,3,0.5666666666666667,1,0
123,4.195995995995996,4,0.5666666666666667,1,0
124,4.195995995995996,5,0.5666666666666667,1,0
125,4.195995995995996,6,0.5666666666666667,1,0
126,4.295895895895896,2,0.5666666666666667,1,0
127,4.295895895895896,3,0.5666666666666667,1,0
128,4.295895895895896,4,0.5666666666666667,1,0
129,4.295895895895896,5,0.5666666666666667,1,0
130,4.295895895895896,6,0.5666666666666667,1,0
131,4.395795795795796,2,0.5666666666666667,1,0
132,4.395795795795796,3,0.5666666666666667,1,0
133,4.395795795795796,4,0.5666666666666667,1,0
134,4.395795795795796,5,0.5666666666666667,1,0
135,4.395795795795796,6,0.5666666666666667,1,0
136,4.495695695695695,2,0.5666666666666667,1,0
137,4.495695695695695,3,0.5666666666666667,1,0
138,4.495695695695695,4,0.5666666666666667,1,0
139,4.495695695695695,5,0.5666666666666667,1,0
140,4.495695695695695,6,0.5666666666666667,1,0
141,4.595595595595595,2,0.5666666666666667,1,0
142,4.595595595595595,3,0.5666666666666667,1,0
143,4.595595595595595,4,0.5666666666666667,1,0
144,4.595595595595595,5,0.5666666666666667,1,0
145,4.595595595595595,6,0.5666666666666667,1,0
146,4.6954954954954955,2,0.5666666666666667,1,0
147,4.6954954954954955,3,0.5666666666666667,1,0
148,4.6954954954954955,4,0.5666666666666667,1,0
149,4.6954954954954955,5,0.5666666666666667,1,0
150,4.6954954954954955,6,0.5666666666666667,1,0
151,4.795395395395395,2,0.5666666666666667,1,0
152,4.795395395395395,3,0.5666666666666667,1,0
153,4.795395395395395,4,0.5666666666666667,1,0
154,4.795395395395395,5,0.5666666666666667,1,0
155,4.795395395395395,6,0.5666666666666667,1,0
156,4.895295295295295,2,0.5666666666666667,1,0
157,4.895295295295295,3,0.5666666666666667,1,0
158,4.895295295295295,4,0.5666666666666667,1,0
159,4.895295295295295,5,0.5666666666666667,1,0
160,4.895295295295295,6,0.5666666666666667,1,0
161,4.995195195195195,2,0.5666666666666667,1,0
162,4.995195195195195,3,0.5666666666666667,1,0
163,4.995195195195195,4,0.5666666666666667,1,0
164,4.995195195195195,5,0.5666666666666667,1,0
165,4.995195195195195,6,0.5666666666666667,1,0
166,5.095095095095095,2,0.5666666666666667,1,0
167,5.095095095095095,3,0.5666666666666667,1,0
168,5.095095095095095,4,0.5666666666666667,1,0
169,5.095095095095095,5,0.5666666666666667,1,0
170,5.095095095095095,6,0.5666666666666667,1,0
171,5.194994994994995,2,0.5666666666666667,1,0
172,5.194994994994995,3,0.5666666666666667,1,0
173,5.194994994994995,4,0.5666666666666667,1,0
174,5.194994994994995,5,0.5666666666666667,1,0
175,5.194994994994995,6,0.5666666666666667,1,0
176,5.294894894894894,2,0.5666666666666667,1,0
177,5.294894894894894,3,0.5666666666666667,1,0
178,5.294894894894894,4,0.5666666666666667,1,0
179,5.294894894894894,5,0.5666666666666667,1,0
180,5.294894894894894,6,0.5666666666666667,1,0
181,5.3947947947947945,2,0.5666666666666667,1,0
182,5.3947947947947945,3,0.5666666666666667,1,0
183,5.3947947947947945,4,0.5666666666666667,1,0
184,5.3947947947947945,5,0.5666666666666667,1,0
185,5.3947947947947945,6,0.5666666666666667,1,0
186,5.494694694694695,2,0.5666666666666667,1,0
187,5.494694694694695,3,0.5666666666666667,1,0
188,5.494694694694695,4,0.5666666666666667,1,0
189,5.494694694694695,5,0.5666666666666667,1,0
190,5.494694694694695,6,0.5666666666666667,1,0
191,5.594594594594594,2,0.5666666666666667,1,0
192,5.594594594594594,3,0.5666666666666667,1,0
193,5.594594594594594,4,0.5666666666666667,1,0
194,5.594594594594594,5,0.5666666666666667,1,0
195,5.594594594594594,6,0.5666666666666667,1,0
196,5.694494494494494,2,0.5666666666666667,1,0
197,5.694494494494494,3,0.5666666666666667,1,0
198,5.694494494494494,4,0.5666666666666667,1,0
199,5.694494494494494,5,0.5666666666666667,1,0
200,5.694494494494494,6,0.5666666666666667,1,0
201,5.794394394394394,2,0.5666666666666667,1,0
202,5.794394394394394,3,0.5666666666666667,1,0
203,5.794394394394394,4,0.5666666666666667,1,0
204,5.794394394394394,5,0.5666666666666667,1,0
205,5.794394394394394,6,0.5666666666666667,1,0
206,5.894294294294294,2,0.5666666666666667,1,0
207,5.894294294294294,3,0.5666666666666667,1,0
208,5.894294294294294,4,0.5666666666666667,1,0
209,5.894294294294294,5,0.5666666666666667,1,0
210,5.894294294294294,6,0.5666666666666667,1,0
211,5.994194194194194,2,0.5666666666666667,1,0
212,5.994194194194194,3,0.5666666666666667,1,0
213,5.994194194194194,4,0.5666666666666667,1,0
214,5.994194194194194,5,0.5666666666666667,1,0
215,5.994194194194194,6,0.5666666666666667,1,0
216,6.0940940940940935,2,0.5666666666666667,1,0
217,6.0940940940940935,3,0.5666666666666667,1,0
218,6.0940940940940935,4,0.5666666666666667,1,0
219,6.0940940940940935,5,0.5666666666666667,1,0
220,6.0940940940940935,6,0.5666666666666667,1,0
221,6.193993993993994,2,0.5666666666666667,1,0
222,6.193993993993994,3,0.5666666666666667,1,0
223,6.193993993993994,4,0.5666666666666667,1,0
224,6.193993993993994,5,0.5666666666666667,1,0
225,6.193993993993994,6,0.5666666666666667,1,0
226,6.293893893893894,2,0.5666666666666667,1,0
227,6.293893893893894,3,0.5666666666666667,1,0
228,6.293893893893894,4,0.5666666666666667,1,0
229,6.293893893893894,5,0.5666666666666667,1,0
230,6.293893893893894,6,0.5666666666666667,1,0
231,6.393793793793793,2,0.5666666666666667,1,0
232,6.393793793793793,3,0.5666666666666667,1,0
233,6.393793793793793,4,0.5666666666666667,1,0
234,6.393793793793793,5,0.5666666666666667,1,0
235,6.393793793793793,6,0.5666666666666667,1,0
236,6.493693693693693,2,0.5666666666666667,1,0
237,6.493693693693693,3,0.5666666666666667,1,0
238,6.493693693693693,4,0.5666666666666667,1,0
239,6.493693693693693,5,0.5666666666666667,1,0
240,6.493693693693693,6,0.5666666666666667,1,0
241,6.593593593593593,2,0.5666666666666667,1,0
242,6.593593593593593,3,0.5666666666666667,1,0
243,6.593593593593593,4,0.5666666666666667,1,0
244,6.593593593593593,5,0.5666666666666667,1,0
245,6.593593593593593,6,0.5666666666666667,1,0
246,6.693493493493493,2,0.5666666666666667,1,0
247,6.693493493493493,3,0.5666666666666667,1,0
248,6.693493493493493,4,0.5666666666666667,1,0
249,6.693493493493493,5,0.5666666666666667,1,0
250,6.693493493493493,6,0.5666666666666667,1,0
251,6.793393393393393,2,0.5666666666666667,1,0
252,6.793393393393393,3,0.5666666666666667,1,0
253,6.793393393393393,4,0.5666666666666667,1,0
254,6.793393393393393,5,0.5666666666666667,1,0
255,6.793393393393393,6,0.5666666666666667,1,0
256,6.893293293293293,2,0.5666666666666667,1,0
257,6.893293293293293,3,0.5666666666666667,1,0
258,6.893293293293293,4,0.5666666666666667,1,0
259,6.893293293293293,5,0.5666666666666667,1,0
260,6.893293293293293,6,0.5666666666666667,1,0
261,6.993193193193193,2,0.5666666666666667,1,0
262,6.993193193193193,3,0.5666666666666667,1,0
263,6.993193193193193,4,0.5666666666666667,1,0
264,6.993193193193193,5,0.5666666666666667,1,0
265,6.993193193193193,6,0.5666666666666667,1,0
266,7.093093093093093,2,0.5666666666666667,1,0
267,7.093093093093093,3,0.5666666666666667,1,0
268,7.093093093093093,4,0.5666666666666667,1,0
269,7.093093093093093,5,0.5666666666666667,1,0
270,7.093093093093093,6,0.5666666666666667,1,0
271,7.192992992992992,2,0.5666666666666667,1,0
272,7.192992992992992,3,0.5666666666666667,1,0
273,7.192992992992992,4,0.5666666666666667,1,0
274,7.192992992992992,5,0.5666666666666667,1,0
275,7.192992992992992,6,0.5666666666666667,1,0
276,7.292892892892892,2,0.5666666666666667,1,0
277,7.292892892892892,3,0.5666666666666667,1,0
278,7.292892892892892,4,0.5666666666666667,1,0
279,7.292892892892892,5,0.5666666666666667,1,0
280,7.292892892892892,6,0.5666666666666667,1,0
281,7.392792792792792,2,0.5666666666666667,1,0
282,7.392792792792792,3,0.5666666666666667,1,0
283,7.392792792792792,4,0.5666666666666667,1,0
284,7.392792792792792,5,0.5666666666666667,1,0
285,7.392792792792792,6,0.5666666666666667,1,0
286,7.4926926926926924,2,0.5666666666666667,1,0
287,7.4926926926926924,3,0.5666666666666667,1,0
288,7.4926926926926924,4,0.5666666666666667,1,0
289,7.4926926926926924,5,0.5666666666666667,1,0
290,7.4926926926926924,6,0.5666666666666667,1,0
291,7.592592592592593,2,0.5666666666666667,1,0
292,7.592592592592593,3,0.5666666666666667,1,0
293,7.592592592592593,4,0.5666666666666667,1,0
294,7.592592592592593,5,0.5666666666666667,1,0
295,7.592592592592593,6,0.5666666666666667,1,0
296,7.692492492492492,2,0.5666666666666667,1,0
297,7.692492492492492,3,0.5666666666666667,1,0
298,7.692492492492492,4,0.5666666666666667,1,0
299,7.692492492492492,5,0.5666666666666667,1,0
300,7.692492492492492,6,0.5666666666666667,1,0
301,7.792392392392392,2,0.5666666666666667,1,0
302,7.792392392392392,3,0.5666666666666667,1,0
303,7.792392392392392,4,0.5666666666666667,1,0
304,7.792392392392392,5,0.5666666666666667,1,0
305,7.792392392392392,6,0.5666666666666667,1,0
306,7.892292292292292,2,0.5666666666666667,1,0
307,7.892292292292292,3,0.5666666666666667,1,0
308,7.892292292292292,4,0.5666666666666667,1,0
309,7.892292292292292,5,0.5666666666666667,1,0
310,7.892292292292292,6,0.5666666666666667,1,0
311,7.992192192192191,2,0.5666666666666667,1,0
312,7.992192192192191,3,0.5666666666666667,1,0
313,7.992192192192191,4,0.5666666666666667,1,0
314,7.992192192192191,5,0.5666666666666667,1,0
315,7.992192192192191,6,0.5666666666666667,1,0
316,8.092092092092091,2,0.5666666666666667,1,0
317,8.092092092092091,3,0.5666666666666667,1,0
318,8.092092092092091,4,0.5666666666666667,1,0
319,8.092092092092091,5,0.5666666666666667,1,0
320,8.092092092092091,6,0.5666666666666667,1,0
321,8.19199199199199,2,0.5666666666666667,1,0
322,8.19199199199199,3,0.5666666666666667,1,0
323,8.19199199199199,4,0.5666666666666667,1,0
324,8.19199199199199,5,0.5666666666666667,1,0
325,8.19199199199199,6,0.5666666666666667,1,0
326,8.29189189189189,2,0.5666666666666667,1,0
327,8.29189189189189,3,0.5666666666666667,1,0
328,8.29189189189189,4,0.5666666666666667,1,0
329,8.29189189189189,5,0.5666666666666667,1,0
330,8.29189189189189,6,0.5666666666666667,1,0
331,8.39179179179179,2,0.5666666666666667,1,0
332,8.39179179179179,3,0.5666666666666667,1,0
333,8.39179179179179,4,0.5666666666666667,1,0
334,8.39179179179179,5,0.5666666666666667,1,0
335,8.39179179179179,6,0.5666666666666667,1,0
336,8.49169169169169,2,0.5666666666666667,1,0
337,8.49169169169169,3,0.5666666666666667,1,0
338,8.49169169169169,4,0.5666666666666667,1,0
339,8.49169169169169,5,0.5666666666666667,1,0
340,8.49169169169169,6,0.5666666666666667,1,0
341,8.591591591591591,2,0.5666666666666667,1,0
342,8.591591591591591,3,0.5666666666666667,1,0
343,8.591591591591591,4,0.5666666666666667,1,0
344,8.591591591591591,5,0.5666666666666667,1,0
345,8.591591591591591,6,0.5666666666666667,1,0
346,8.69149149149149,2,0.5666666666666667,1,0
347,8.69149149149149,3,0.5666666666666667,1,0
348,8.69149149149149,4,0.5666666666666667,1,0
349,8.69149149149149,5,0.5666666666666667,1,0
350,8.69149149149149,6,0.5666666666666667,1,0
351,8.79139139139139,2,0.5666666666666667,1,0
352,8.79139139139139,3,0.5666666666666667,1,0
353,8.79139139139139,4,0.5666666666666667,1,0
354,8.79139139139139,5,0.5666666666666667,1,0
355,8.79139139139139,6,0.5666666666666667,1,0
356,8.89129129129129,2,0.5666666666666667,1,0
357,8.89129129129129,3,0.5666666666666667,1,0
358,8.89129129129129,4,0.5666666666666667,1,0
359,8.89129129129129,5,0.5666666666666667,1,0
360,8.89129129129129,6,0.5666666666666667,1,0
361,8.99119119119119,2,0.5666666666666667,1,0
362,8.99119119119119,3,0.5666666666666667,1,0
363,8.99119119119119,4,0.5666666666666667,1,0
364,8.99119119119119,5,0.5666666666666667,1,0
365,8.99119119119119,6,0.5666666666666667,1,0
366,9.091091091091089,2,0.5666666666666667,1,0
367,9.091091091091089,3,0.5666666666666667,1,0
368,9.091091091091089,4,0.5666666666666667,1,0
369,9.091091091091089,5,0.5666666666666667,1,0
370,9.091091091091089,6,0.5666666666666667,1,0
371,9.19099099099099,2,0.5666666666666667,1,0
372,9.19099099099099,3,0.5666666666666667,1,0
373,9.19099099099099,4,0.5666666666666667,1,0
374,9.19099099099099,5,0.5666666666666667,1,0
375,9.19099099099099,6,0.5666666666666667,1,0
376,9.29089089089089,2,0.5666666666666667,1,0
377,9.29089089089089,3,0.5666666666666667,1,0
378,9.29089089089089,4,0.5666666666666667,1,0
379,9.29089089089089,5,0.5666666666666667,1,0
380,9.29089089089089,6,0.5666666666666667,1,0
381,9.390790790790788,2,0.5666666666666667,1,0
382,9.390790790790788,3,0.5666666666666667,1,0
383,9.390790790790788,4,0.5666666666666667,1,0
384,9.390790790790788,5,0.5666666666666667,1,0
385,9.390790790790788,6,0.5666666666666667,1,0
386,9.49069069069069,2,0.5666666666666667,1,0
387,9.49069069069069,3,0.5666666666666667,1,0
388,9.49069069069069,4,0.5666666666666667,1,0
389,9.49069069069069,5,0.5666666666666667,1,0
390,9.49069069069069,6,0.5666666666666667,1,0
391,9.590590590590589,2,0.5666666666666667,1,0
392,9.590590590590589,3,0.5666666666666667,1,0
393,9.590590590590589,4,0.5666666666666667,1,0
394,9.590590590590589,5,0.5666666666666667,1,0
395,9.590590590590589,6,0.5666666666666667,1,0
396,9.69049049049049,2,0.5666666666666667,1,0
397,9.69049049049049,3,0.5666666666666667,1,0
398,9.69049049049049,4,0.5666666666666667,1,0
399,9.69049049049049,5,0.5666666666666667,1,0
400,9.69049049049049,6,0.5666666666666667,1,0
401,9.790390390390389,2,0.5666666666666667,1,0
402,9.790390390390389,3,0.5666666666666667,1,0
403,9.790390390390389,4,0.5666666666666667,1,0
404,9.790390390390389,5,0.5666666666666667,1,0
405,9.790390390390389,6,0.5666666666666667,1,0
406,9.890290290290288,2,0.5666666666666667,1,0
407,9.890290290290288,3,0.5666666666666667,1,0
408,9.890290290290288,4,0.5666666666666667,1,0
409,9.890290290290288,5,0.5666666666666667,1,0
410,9.890290290290288,6,0.5666666666666667,1,0
411,9.990190190190189,2,0.5666666666666667,1,0
412,9.990190190190189,3,0.5666666666666667,1,0
413,9.990190190190189,4,0.5666666666666667,1,0
414,9.990190190190189,5,0.5666666666666667,1,0
415,9.990190190190189,6,0.5666666666666667,1,0
416,10.090090090090088,2,0.5666666666666667,1,0
417,10.090090090090088,3,0.5666666666666667,1,0
418,10.090090090090088,4,0.5666666666666667,1,0
419,10.090090090090088,5,0.5666666666666667,1,0
420,10.090090090090088,6,0.5666666666666667,1,0
421,10.18998998998999,2,0.5666666666666667,1,0
422,10.18998998998999,3,0.5666666666666667,1,0
423,10.18998998998999,4,0.5666666666666667,1,0
424,10.18998998998999,5,0.5666666666666667,1,0
425,10.18998998998999,6,0.5666666666666667,1,0
426,10.289889889889889,2,0.5666666666666667,1,0
427,10.289889889889889,3,0.5666666666666667,1,0
428,10.289889889889889,4,0.5666666666666667,1,0
429,10.289889889889889,5,0.5666666666666667,1,0
430,10.289889889889889,6,0.5666666666666667,1,0
431,10.389789789789788,2,0.5666666666666667,1,0
432,10.389789789789788,3,0.5666666666666667,1,0
433,10.389789789789788,4,0.5666666666666667,1,0
434,10.389789789789788,5,0.5666666666666667,1,0
435,10.389789789789788,6,0.5666666666666667,1,0
436,10.489689689689689,2,0.5666666666666667,1,0
437,10.489689689689689,3,0.5666666666666667,1,0
438,10.489689689689689,4,0.5666666666666667,1,0
439,10.489689689689689,5,0.5666666666666667,1,0
440,10.489689689689689,6,0.5666666666666667,1,0
441,10.589589589589588,2,0.5666666666666667,1,0
442,10.589589589589588,3,0.5666666666666667,1,0
443,10.589589589589588,4,0.5666666666666667,1,0
444,10.589589589589588,5,0.5666666666666667,1,0
445,10.589589589589588,6,0.5666666666666667,1,0
446,10.689489489489487,2,0.5666666666666667,1,0
447,10.689489489489487,3,0.5666666666666667,1,0
448,10.689489489489487,4,0.5666666666666667,1,0
449,10.689489489489487,5,0.5666666666666667,1,0
450,10.689489489489487,6,0.5666666666666667,1,0
451,10.789389389389388,2,0.5666666666666667,1,0
452,10.789389389389388,3,0.5666666666666667,1,0
453,10.789389389389388,4,0.5666666666666667,1,0
454,10.789389389389388,5,0.5666666666666667,1,0
455,10.789389389389388,6,0.5666666666666667,1,0
456,10.889289289289287,2,0.5666666666666667,1,0
457,10.889289289289287,3,0.5666666666666667,1,0
458,10.889289289289287,4,0.5666666666666667,1,0
459,10.889289289289287,5,0.5666666666666667,1,0
460,10.889289289289287,6,0.5666666666666667,1,0
461,10.989189189189187,2,0.5666666666666667,1,0
462,10.989189189189187,3,0.5666666666666667,1,0
463,10.989189189189187,4,0.5666666666666667,1,0
464,10.989189189189187,5,0.5666666666666667,1,0
465,10.989189189189187,6,0.5666666666666667,1,0
466,11.089089089089088,2,0.5666666666666667,1,0
467,11.089089089089088,3,0.5666666666666667,1,0
468,11.089089089089088,4,0.5666666666666667,1,0
469,11.089089089089088,5,0.5666666666666667,1,0
470,11.089089089089088,6,0.5666666666666667,1,0
471,11.188988988988987,2,0.5666666666666667,1,0
472,11.188988988988987,3,0.5666666666666667,1,0
473,11.188988988988987,4,0.5666666666666667,1,0
474,11.188988988988987,5,0.5666666666666667,1,0
475,11.188988988988987,6,0.5666666666666667,1,0
476,11.288888888888888,2,0.5666666666666667,1,0
477,11.288888888888888,3,0.5666666666666667,1,0
478,11.288888888888888,4,0.5666666666666667,1,0
479,11.288888888888888,5,0.5666666666666667,1,0
480,11.288888888888888,6,0.5666666666666667,1,0
481,11.388788788788787,2,0.5666666666666667,1,0
482,11.388788788788787,3,0.5666666666666667,1,0
483,11.388788788788787,4,0.5666666666666667,1,0
484,11.388788788788787,5,0.5666666666666667,1,0
485,11.388788788788787,6,0.5666666666666667,1,0
486,11.488688688688686,2,0.5666666666666667,1,0
487,11.488688688688686,3,0.5666666666666667,1,0
488,11.488688688688686,4,0.5666666666666667,1,0
489,11.488688688688686,5,0.5666666666666667,1,0
490,11.488688688688686,6,0.5666666666666667,1,0
491,11.588588588588587,2,0.5666666666666667,1,0
492,11.588588588588587,3,0.5666666666666667,1,0
493,11.588588588588587,4,0.5666666666666667,1,0
494,11.588588588588587,5,0.5666666666666667,1,0
495,11.588588588588587,6,0.5666666666666667,1,0
496,11.688488488488487,2,0.5666666666666667,1,0
497,11.688488488488487,3,0.5666666666666667,1,0
498,11.688488488488487,4,0.5666666666666667,1,0
499,11.688488488488487,5,0.5666666666666667,1,0
500,11.688488488488487,6,0.5666666666666667,1,0
501,11.788388388388388,2,0.5666666666666667,1,0
502,11.788388388388388,3,0.5666666666666667,1,0
503,11.788388388388388,4,0.5666666666666667,1,0
504,11.788388388388388,5,0.5666666666666667,1,0
505,11.788388388388388,6,0.5666666666666667,1,0
506,11.888288288288287,2,0.5666666666666667,1,0
507,11.888288288288287,3,0.5666666666666667,1,0
508,11.888288288288287,4,0.5666666666666667,1,0
509,11.888288288288287,5,0.5666666666666667,1,0
510,11.888288288288287,6,0.5666666666666667,1,0
511,11.988188188188186,2,0.5666666666666667,1,0
512,11.988188188188186,3,0.5666666666666667,1,0
513,11.988188188188186,4,0.5666666666666667,1,0
514,11.988188188188186,5,0.5666666666666667,1,0
515,11.988188188188186,6,0.5666666666666667,1,0
516,12.088088088088087,2,0.5666666666666667,1,0
517,12.088088088088087,3,0.5666666666666667,1,0
518,12.088088088088087,4,0.5666666666666667,1,0
519,12.088088088088087,5,0.5666666666666667,1,0
520,12.088088088088087,6,0.5666666666666667,1,0
521,12.187987987987986,2,0.5666666666666667,1,0
522,12.187987987987986,3,0.5666666666666667,1,0
523,12.187987987987986,4,0.5666666666666667,1,0
524,12.187987987987986,5,0.5666666666666667,1,0
525,12.187987987987986,6,0.5666666666666667,1,0
526,12.287887887887885,2,0.5666666666666667,1,0
527,12.287887887887885,3,0.5666666666666667,1,0
528,12.287887887887885,4,0.5666666666666667,1,0
529,12.287887887887885,5,0.5666666666666667,1,0
530,12.287887887887885,6,0.5666666666666667,1,0
531,12.387787787787786,2,0.5666666666666667,1,0
532,12.387787787787786,3,0.5666666666666667,1,0
533,12.387787787787786,4,0.5666666666666667,1,0
534,12.387787787787786,5,0.5666666666666667,1,0
535,12.387787787787786,6,0.5666666666666667,1,0
536,12.487687687687686,2,0.5666666666666667,1,0
537,12.487687687687686,3,0.5666666666666667,1,0
538,12.487687687687686,4,0.5666666666666667,1,0
539,12.487687687687686,5,0.5666666666666667,1,0
540,12.487687687687686,6,0.5666666666666667,1,0
541,12.587587587587585,2,0.5666666666666667,1,0
542,12.587587587587585,3,0.5666666666666667,1,0
543,12.587587587587585,4,0.5666666666666667,1,0
544,12.587587587587585,5,0.5666666666666667,1,0
545,12.587587587587585,6,0.5666666666666667,1,0
546,12.687487487487486,2,0.5666666666666667,1,0
547,12.687487487487486,3,0.5666666666666667,1,0
548,12.687487487487486,4,0.5666666666666667,1,0
549,12.687487487487486,5,0.5666666666666667,1,0
550,12.687487487487486,6,0.5666666666666667,1,0
551,12.787387387387385,2,0.5666666666666667,1,0
552,12.787387387387385,3,0.5666666666666667,1,0
553,12.787387387387385,4,0.5666666666666667,1,0
554,12.787387387387385,5,0.5666666666666667,1,0
555,12.787387387387385,6,0.5666666666666667,1,0
556,12.887287287287286,2,0.5666666666666667,1,0
557,12.887287287287286,3,0.5666666666666667,1,0
558,12.887287287287286,4,0.5666666666666667,1,0
559,12.887287287287286,5,0.5666666666666667,1,0
560,12.887287287287286,6,0.5666666666666667,1,0
561,12.987187187187185,2,0.5666666666666667,1,0
562,12.987187187187185,3,0.5666666666666667,1,0
563,12.987187187187185,4,0.5666666666666667,1,0
564,12.987187187187185,5,0.5666666666666667,1,0
565,12.987187187187185,6,0.5666666666666667,1,0
566,13.087087087087085,2,0.5666666666666667,1,0
567,13.087087087087085,3,0.5666666666666667,1,0
568,13.087087087087085,4,0.5666666666666667,1,0
569,13.087087087087085,5,0.5666666666666667,1,0
570,13.087087087087085,6,0.5666666666666667,1,0
571,13.186986986986986,2,0.5666666666666667,1,0
572,13.186986986986986,3,0.5666666666666667,1,0
573,13.186986986986986,4,0.5666666666666667,1,0
574,13.186986986986986,5,0.5666666666666667,1,0
575,13.186986986986986,6,0.5666666666666667,1,0
576,13.286886886886885,2,0.5666666666666667,1,0
577,13.286886886886885,3,0.5666666666666667,1,0
578,13.286886886886885,4,0.5666666666666667,1,0
579,13.286886886886885,5,0.5666666666666667,1,0
580,13.286886886886885,6,0.5666666666666667,1,0
581,13.386786786786786,2,0.5666666666666667,1,0
582,13.386786786786786,3,0.5666666666666667,1,0
583,13.386786786786786,4,0.5666666666666667,1,0
584,13.386786786786786,5,0.5666666666666667,1,0
585,13.386786786786786,6,0.5666666666666667,1,0
586,13.486686686686685,2,0.5666666666666667,1,0
587,13.486686686686685,3,0.5666666666666667,1,0
588,13.486686686686685,4,0.5666666666666667,1,0
589,13.486686686686685,5,0.5666666666666667,1,0
590,13.486686686686685,6,0.5666666666666667,1,0
591,13.586586586586584,2,0.5666666666666667,1,0
592,13.586586586586584,3,0.5666666666666667,1,0
593,13.586586586586584,4,0.5666666666666667,1,0
594,13.586586586586584,5,0.5666666666666667,1,0
595,13.586586586586584,6,0.5666666666666667,1,0
596,13.686486486486485,2,0.5666666666666667,1,0
597,13.686486486486485,3,0.5666666666666667,1,0
598,13.686486486486485,4,0.5666666666666667,1,0
599,13.686486486486485,5,0.5666666666666667,1,0
600,13.686486486486485,6,0.5666666666666667,1,0
601,13.786386386386384,2,0.5666666666666667,1,0
602,13.786386386386384,3,0.5666666666666667,1,0
603,13.786386386386384,4,0.5666666666666667,1,0
604,13.786386386386384,5,0.5666666666666667,1,0
605,13.786386386386384,6,0.5666666666666667,1,0
606,13.886286286286284,2,0.5666666666666667,1,0
607,13.886286286286284,3,0.5666666666666667,1,0
608,13.886286286286284,4,0.5666666666666667,1,0
609,13.886286286286284,5,0.5666666666666667,1,0
610,13.886286286286284,6,0.5666666666666667,1,0
611,13.986186186186185,2,0.5666666666666667,1,0
612,13.986186186186185,3,0.5666666666666667,1,0
613,13.986186186186185,4,0.5666666666666667,1,0
614,13.986186186186185,5,0.5666666666666667,1,0
615,13.986186186186185,6,0.5666666666666667,1,0
616,14.086086086086084,2,0.5666666666666667,1,0
617,14.086086086086084,3,0.5666666666666667,1,0
618,14.086086086086084,4,0.5666666666666667,1,0
619,14.086086086086084,5,0.5666666666666667,1,0
620,14.086086086086084,6,0.5666666666666667,1,0
621,14.185985985985983,2,0.5666666666666667,1,0
622,14.185985985985983,3,0.5666666666666667,1,0
623,14.185985985985983,4,0.5666666666666667,1,0
624,14.185985985985983,5,0.5666666666666667,1,0
625,14.185985985985983,6,0.5666666666666667,1,0
626,14.285885885885884,2,0.5666666666666667,1,0
627,14.285885885885884,3,0.5666666666666667,1,0
628,14.285885885885884,4,0.5666666666666667,1,0
629,14.285885885885884,5,0.5666666666666667,1,0
630,14.285885885885884,6,0.5666666666666667,1,0
631,14.385785785785783,2,0.5666666666666667,1,0
632,14.385785785785783,3,0.5666666666666667,1,0
633,14.385785785785783,4,0.5666666666666667,1,0
634,14.385785785785783,5,0.5666666666666667,1,0
635,14.385785785785783,6,0.5666666666666667,1,0
636,14.485685685685684,2,0.5666666666666667,1,0
637,14.485685685685684,3,0.5666666666666667,1,0
638,14.485685685685684,4,0.5666666666666667,1,0
639,14.485685685685684,5,0.5666666666666667,1,0
640,14.485685685685684,6,0.5666666666666667,1,0
641,14.585585585585584,2,0.5666666666666667,1,0
642,14.585585585585584,3,0.5666666666666667,1,0
643,14.585585585585584,4,0.5666666666666667,1,0
644,14.585585585585584,5,0.5666666666666667,1,0
645,14.585585585585584,6,0.5666666666666667,1,0
646,14.685485485485483,2,0.5666666666666667,1,0
647,14.685485485485483,3,0.5666666666666667,1,0
648,14.685485485485483,4,0.5666666666666667,1,0
649,14.685485485485483,5,0.5666666666666667,1,0
650,14.685485485485483,6,0.5666666666666667,1,0
651,14.785385385385384,2,0.5666666666666667,1,0
652,14.785385385385384,3,0.5666666666666667,1,0
653,14.785385385385384,4,0.5666666666666667,1,0
654,14.785385385385384,5,0.5666666666666667,1,0
655,14.785385385385384,6,0.5666666666666667,1,0
656,14.885285285285283,2,0.5666666666666667,1,0
657,14.885285285285283,3,0.5666666666666667,1,0
658,14.885285285285283,4,0.5666666666666667,1,0
659,14.885285285285283,5,0.5666666666666667,1,0
660,14.885285285285283,6,0.5666666666666667,1,0
661,14.985185185185184,2,0.5666666666666667,1,0
662,14.985185185185184,3,0.5666666666666667,1,0
663,14.985185185185184,4,0.5666666666666667,1,0
664,14.985185185185184,5,0.5666666666666667,1,0
665,14.985185185185184,6,0.5666666666666667,1,0
666,15.085085085085083,2,0.5666666666666667,1,0
667,15.085085085085083,3,0.5666666666666667,1,0
668,15.085085085085083,4,0.5666666666666667,1,0
669,15.085085085085083,5,0.5666666666666667,1,0
670,15.085085085085083,6,0.5666666666666667,1,0
671,15.184984984984983,2,0.5666666666666667,1,0
672,15.184984984984983,3,0.5666666666666667,1,0
673,15.184984984984983,4,0.5666666666666667,1,0
674,15.184984984984983,5,0.5666666666666667,1,0
675,15.184984984984983,6,0.5666666666666667,1,0
676,15.284884884884884,2,0.5666666666666667,1,0
677,15.284884884884884,3,0.5666666666666667,1,0
678,15.284884884884884,4,0.5666666666666667,1,0
679,15.284884884884884,5,0.5666666666666667,1,0
680,15.284884884884884,6,0.5666666666666667,1,0
681,15.384784784784783,2,0.5666666666666667,1,0
682,15.384784784784783,3,0.5666666666666667,1,0
683,15.384784784784783,4,0.5666666666666667,1,0
684,15.384784784784783,5,0.5666666666666667,1,0
685,15.384784784784783,6,0.5666666666666667,1,0
686,15.484684684684682,2,0.5666666666666667,1,0
687,15.484684684684682,3,0.5666666666666667,1,0
688,15.484684684684682,4,0.5666666666666667,1,0
689,15.484684684684682,5,0.5666666666666667,1,0
690,15.484684684684682,6,0.5666666666666667,1,0
691,15.584584584584583,2,0.5666666666666667,1,0
692,15.584584584584583,3,0.5666666666666667,1,0
693,15.584584584584583,4,0.5666666666666667,1,0
694,15.584584584584583,5,0.5666666666666667,1,0
695,15.584584584584583,6,0.5666666666666667,1,0
696,15.684484484484482,2,0.5666666666666667,1,0
697,15.684484484484482,3,0.5666666666666667,1,0
698,15.684484484484482,4,0.5666666666666667,1,0
699,15.684484484484482,5,0.5666666666666667,1,0
700,15.684484484484482,6,0.5666666666666667,1,0
701,15.784384384384381,2,0.5666666666666667,1,0
702,15.784384384384381,3,0.5666666666666667,1,0
703,15.784384384384381,4,0.5666666666666667,1,0
704,15.784384384384381,5,0.5666666666666667,1,0
705,15.784384384384381,6,0.5666666666666667,1,0
706,15.884284284284282,2,0.5666666666666667,1,0
707,15.884284284284282,3,0.5666666666666667,1,0
708,15.884284284284282,4,0.5666666666666667,1,0
709,15.884284284284282,5,0.5666666666666667,1,0
710,15.884284284284282,6,0.5666666666666667,1,0
711,15.984184184184182,2,0.5666666666666667,1,0
712,15.984184184184182,3,0.5666666666666667,1,0
713,15.984184184184182,4,0.5666666666666667,1,0
714,15.984184184184182,5,0.5666666666666667,1,0
715,15.984184184184182,6,0.5666666666666667,1,0
716,16.084084084084083,2,0.5666666666666667,1,0
717,16.084084084084083,3,0.5666666666666667,1,0
718,16.084084084084083,4,0.5666666666666667,1,0
719,16.084084084084083,5,0.5666666666666667,1,0
720,16.084084084084083,6,0.5666666666666667,1,0
721,16.183983983983982,2,0.5666666666666667,1,0
722,16.183983983983982,3,0.5666666666666667,1,0
723,16.183983983983982,4,0.5666666666666667,1,0
724,16.183983983983982,5,0.5666666666666667,1,0
725,16.183983983983982,6,0.5666666666666667,1,0
726,16.28388388388388,2,0.5666666666666667,1,0
727,16.28388388388388,3,0.5666666666666667,1,0
728,16.28388388388388,4,0.5666666666666667,1,0
729,16.28388388388388,5,0.5666666666666667,1,0
730,16.28388388388388,6,0.5666666666666667,1,0
731,16.38378378378378,2,0.5666666666666667,1,0
732,16.38378378378378,3,0.5666666666666667,1,0
733,16.38378378378378,4,0.5666666666666667,1,0
734,16.38378378378378,5,0.5666666666666667,1,0
735,16.38378378378378,6,0.5666666666666667,1,0
736,16.483683683683683,2,0.5666666666666667,1,0
737,16.483683683683683,3,0.5666666666666667,1,0
738,16.483683683683683,4,0.5666666666666667,1,0
739,16.483683683683683,5,0.5666666666666667,1,0
740,16.483683683683683,6,0.5666666666666667,1,0
741,16.583583583583582,2,0.5666666666666667,1,0
742,16.583583583583582,3,0.5666666666666667,1,0
743,16.583583583583582,4,0.5666666666666667,1,0
744,16.583583583583582,5,0.5666666666666667,1,0
745,16.583583583583582,6,0.5666666666666667,1,0
746,16.68348348348348,2,0.5666666666666667,1,0
747,16.68348348348348,3,0.5666666666666667,1,0
748,16.68348348348348,4,0.5666666666666667,1,0
749,16.68348348348348,5,0.5666666666666667,1,0
750,16.68348348348348,6,0.5666666666666667,1,0
751,16.78338338338338,2,0.5666666666666667,1,0
752,16.78338338338338,3,0.5666666666666667,1,0
753,16.78338338338338,4,0.5666666666666667,1,0
754,16.78338338338338,5,0.5666666666666667,1,0
755,16.78338338338338,6,0.5666666666666667,1,0
756,16.88328328328328,2,0.5666666666666667,1,0
757,16.88328328328328,3,0.5666666666666667,1,0
758,16.88328328328328,4,0.5666666666666667,1,0
759,16.88328328328328,5,0.5666666666666667,1,0
760,16.88328328328328,6,0.5666666666666667,1,0
761,16.983183183183183,2,0.5666666666666667,1,0
762,16.983183183183183,3,0.5666666666666667,1,0
763,16.983183183183183,4,0.5666666666666667,1,0
764,16.983183183183183,5,0.5666666666666667,1,0
765,16.983183183183183,6,0.5666666666666667,1,0
766,17.083083083083082,2,0.5666666666666667,1,0
767,17.083083083083082,3,0.5666666666666667,1,0
768,17.083083083083082,4,0.5666666666666667,1,0
769,17.083083083083082,5,0.5666666666666667,1,0
770,17.083083083083082,6,0.5666666666666667,1,0
771,17.18298298298298,2,0.5666666666666667,1,0
772,17.18298298298298,3,0.5666666666666667,1,0
773,17.18298298298298,4,0.5666666666666667,1,0
774,17.18298298298298,5,0.5666666666666667,1,0
775,17.18298298298298,6,0.5666666666666667,1,0
776,17.28288288288288,2,0.5666666666666667,1,0
777,17.28288288288288,3,0.5666666666666667,1,0
778,17.28288288288288,4,0.5666666666666667,1,0
779,17.28288288288288,5,0.5666666666666667,1,0
780,17.28288288288288,6,0.5666666666666667,1,0
781,17.38278278278278,2,0.5666666666666667,1,0
782,17.38278278278278,3,0.5666666666666667,1,0
783,17.38278278278278,4,0.5666666666666667,1,0
784,17.38278278278278,5,0.5666666666666667,1,0
785,17.38278278278278,6,0.5666666666666667,1,0
786,17.48268268268268,2,0.5666666666666667,1,0
787,17.48268268268268,3,0.5666666666666667,1,0
788,17.48268268268268,4,0.5666666666666667,1,0
789,17.48268268268268,5,0.5666666666666667,1,0
790,17.48268268268268,6,0.5666666666666667,1,0
791,17.58258258258258,2,0.5666666666666667,1,0
792,17.58258258258258,3,0.5666666666666667,1,0
793,17.58258258258258,4,0.5666666666666667,1,0
794,17.58258258258258,5,0.5666666666666667,1,0
795,17.58258258258258,6,0.5666666666666667,1,0
796,17.68248248248248,2,0.5666666666666667,1,0
797,17.68248248248248,3,0.5666666666666667,1,0
798,17.68248248248248,4,0.5666666666666667,1,0
799,17.68248248248248,5,0.5666666666666667,1,0
800,17.68248248248248,6,0.5666666666666667,1,0
801,17.78238238238238,2,0.5666666666666667,1,0
802,17.78238238238238,3,0.5666666666666667,1,0
803,17.78238238238238,4,0.5666666666666667,1,0
804,17.78238238238238,5,0.5666666666666667,1,0
805,17.78238238238238,6,0.5666666666666667,1,0
806,17.88228228228228,2,0.5666666666666667,1,0
807,17.88228228228228,3,0.5666666666666667,1,0
808,17.88228228228228,4,0.5666666666666667,1,0
809,17.88228228228228,5,0.5666666666666667,1,0
810,17.88228228228228,6,0.5666666666666667,1,0
811,17.98218218218218,2,0.5666666666666667,1,0
812,17.98218218218218,3,0.5666666666666667,1,0
813,17.98218218218218,4,0.5666666666666667,1,0
814,17.98218218218218,5,0.5666666666666667,1,0
815,17.98218218218218,6,0.5666666666666667,1,0
816,18.08208208208208,2,0.5666666666666667,1,0
817,18.08208208208208,3,0.5666666666666667,1,0
818,18.08208208208208,4,0.5666666666666667,1,0
819,18.08208208208208,5,0.5666666666666667,1,0
820,18.08208208208208,6,0.5666666666666667,1,0
821,18.18198198198198,2,0.5666666666666667,1,0
822,18.18198198198198,3,0.5666666666666667,1,0
823,18.18198198198198,4,0.5666666666666667,1,0
824,18.18198198198198,5,0.5666666666666667,1,0
825,18.18198198198198,6,0.5666666666666667,1,0
826,18.28188188188188,2,0.5666666666666667,1,0
827,18.28188188188188,3,0.5666666666666667,1,0
828,18.28188188188188,4,0.5666666666666667,1,0
829,18.28188188188188,5,0.5666666666666667,1,0
830,18.28188188188188,6,0.5666666666666667,1,0
831,18.38178178178178,2,0.5666666666666667,1,0
832,18.38178178178178,3,0.5666666666666667,1,0
833,18.38178178178178,4,0.5666666666666667,1,0
834,18.38178178178178,5,0.5666666666666667,1,0
835,18.38178178178178,6,0.5666666666666667,1,0
836,18.48168168168168,2,0.5666666666666667,1,0
837,18.48168168168168,3,0.5666666666666667,1,0
838,18.48168168168168,4,0.5666666666666667,1,0
839,18.48168168168168,5,0.5666666666666667,1,0
840,18.48168168168168,6,0.5666666666666667,1,0
841,18.581581581581577,2,0.5666666666666667,1,0
842,18.581581581581577,3,0.5666666666666667,1,0
843,18.581581581581577,4,0.5666666666666667,1,0
844,18.581581581581577,5,0.5666666666666667,1,0
845,18.581581581581577,6,0.5666666666666667,1,0
846,18.68148148148148,2,0.5666666666666667,1,0
847,18.68148148148148,3,0.5666666666666667,1,0
848,18.68148148148148,4,0.5666666666666667,1,0
849,18.68148148148148,5,0.5666666666666667,1,0
850,18.68148148148148,6,0.5666666666666667,1,0
851,18.78138138138138,2,0.5666666666666667,1,0
852,18.78138138138138,3,0.5666666666666667,1,0
853,18.78138138138138,4,0.5666666666666667,1,0
854,18.78138138138138,5,0.5666666666666667,1,0
855,18.78138138138138,6,0.5666666666666667,1,0
856,18.88128128128128,2,0.5666666666666667,1,0
857,18.88128128128128,3,0.5666666666666667,1,0
858,18.88128128128128,4,0.5666666666666667,1,0
859,18.88128128128128,5,0.5666666666666667,1,0
860,18.88128128128128,6,0.5666666666666667,1,0
861,18.981181181181178,2,0.5666666666666667,1,0
862,18.981181181181178,3,0.5666666666666667,1,0
863,18.981181181181178,4,0.5666666666666667,1,0
864,18.981181181181178,5,0.5666666666666667,1,0
865,18.981181181181178,6,0.5666666666666667,1,0
866,19.081081081081077,2,0.5666666666666667,1,0
867,19.081081081081077,3,0.5666666666666667,1,0
868,19.081081081081077,4,0.5666666666666667,1,0
869,19.081081081081077,5,0.5666666666666667,1,0
870,19.081081081081077,6,0.5666666666666667,1,0
871,19.18098098098098,2,0.5666666666666667,1,0
872,19.18098098098098,3,0.5666666666666667,1,0
873,19.18098098098098,4,0.5666666666666667,1,0
874,19.18098098098098,5,0.5666666666666667,1,0
875,19.18098098098098,6,0.5666666666666667,1,0
876,19.28088088088088,2,0.5666666666666667,1,0
877,19.28088088088088,3,0.5666666666666667,1,0
878,19.28088088088088,4,0.5666666666666667,1,0
879,19.28088088088088,5,0.5666666666666667,1,0
880,19.28088088088088,6,0.5666666666666667,1,0
881,19.38078078078078,2,0.5666666666666667,1,0
882,19.38078078078078,3,0.5666666666666667,1,0
883,19.38078078078078,4,0.5666666666666667,1,0
884,19.38078078078078,5,0.5666666666666667,1,0
885,19.38078078078078,6,0.5666666666666667,1,0
886,19.480680680680678,2,0.5666666666666667,1,0
887,19.480680680680678,3,0.5666666666666667,1,0
888,19.480680680680678,4,0.5666666666666667,1,0
889,19.480680680680678,5,0.5666666666666667,1,0
890,19.480680680680678,6,0.5666666666666667,1,0
891,19.580580580580577,2,0.5666666666666667,1,0
892,19.580580580580577,3,0.5666666666666667,1,0
893,19.580580580580577,4,0.5666666666666667,1,0
894,19.580580580580577,5,0.5666666666666667,1,0
895,19.580580580580577,6,0.5666666666666667,1,0
896,19.68048048048048,2,0.5666666666666667,1,0
897,19.68048048048048,3,0.5666666666666667,1,0
898,19.68048048048048,4,0.5666666666666667,1,0
899,19.68048048048048,5,0.5666666666666667,1,0
900,19.68048048048048,6,0.5666666666666667,1,0
901,19.78038038038038,2,0.5666666666666667,1,0
902,19.78038038038038,3,0.5666666666666667,1,0
903,19.78038038038038,4,0.5666666666666667,1,0
904,19.78038038038038,5,0.5666666666666667,1,0
905,19.78038038038038,6,0.5666666666666667,1,0
906,19.880280280280278,2,0.5666666666666667,1,0
907,19.880280280280278,3,0.5666666666666667,1,0
908,19.880280280280278,4,0.5666666666666667,1,0
909,19.880280280280278,5,0.5666666666666667,1,0
910,19.880280280280278,6,0.5666666666666667,1,0
911,19.980180180180177,2,0.5666666666666667,1,0
912,19.980180180180177,3,0.5666666666666667,1,0
913,19.980180180180177,4,0.5666666666666667,1,0
914,19.980180180180177,5,0.5666666666666667,1,0
915,19.980180180180177,6,0.5666666666666667,1,0
916,20.080080080080076,2,0.5666666666666667,1,0
917,20.080080080080076,3,0.5666666666666667,1,0
918,20.080080080080076,4,0.5666666666666667,1,0
919,20.080080080080076,5,0.5666666666666667,1,0
920,20.080080080080076,6,0.5666666666666667,1,0
921,20.17997997997998,2,0.5666666666666667,1,0
922,20.17997997997998,3,0.5666666666666667,1,0
923,20.17997997997998,4,0.5666666666666667,1,0
924,20.17997997997998,5,0.5666666666666667,1,0
925,20.17997997997998,6,0.5666666666666667,1,0
926,20.27987987987988,2,0.5666666666666667,1,0
927,20.27987987987988,3,0.5666666666666667,1,0
928,20.27987987987988,4,0.5666666666666667,1,0
929,20.27987987987988,5,0.5666666666666667,1,0
930,20.27987987987988,6,0.5666666666666667,1,0
931,20.379779779779778,2,0.5666666666666667,1,0
932,20.379779779779778,3,0.5666666666666667,1,0
933,20.379779779779778,4,0.5666666666666667,1,0
934,20.379779779779778,5,0.5666666666666667,1,0
935,20.379779779779778,6,0.5666666666666667,1,0
936,20.479679679679677,2,0.5666666666666667,1,0
937,20.479679679679677,3,0.5666666666666667,1,0
938,20.479679679679677,4,0.5666666666666667,1,0
939,20.479679679679677,5,0.5666666666666667,1,0
940,20.479679679679677,6,0.5666666666666667,1,0
941,20.579579579579576,2,0.5666666666666667,1,0
942,20.579579579579576,3,0.5666666666666667,1,0
943,20.579579579579576,4,0.5666666666666667,1,0
944,20.579579579579576,5,0.5666666666666667,1,0
945,20.579579579579576,6,0.5666666666666667,1,0
946,20.679479479479475,2,0.5666666666666667,1,0
947,20.679479479479475,3,0.5666666666666667,1,0
948,20.679479479479475,4,0.5666666666666667,1,0
949,20.679479479479475,5,0.5666666666666667,1,0
950,20.679479479479475,6,0.5666666666666667,1,0
951,20.779379379379378,2,0.5666666666666667,1,0
952,20.779379379379378,3,0.5666666666666667,1,0
953,20.779379379379378,4,0.5666666666666667,1,0
954,20.779379379379378,5,0.5666666666666667,1,0
955,20.779379379379378,6,0.5666666666666667,1,0
956,20.879279279279277,2,0.5666666666666667,1,0
957,20.879279279279277,3,0.5666666666666667,1,0
958,20.879279279279277,4,0.5666666666666667,1,0
959,20.879279279279277,5,0.5666666666666667,1,0
960,20.879279279279277,6,0.5666666666666667,1,0
961,20.979179179179177,2,0.5666666666666667,1,0
962,20.979179179179177,3,0.5666666666666667,1,0
963,20.979179179179177,4,0.5666666666666667,1,0
964,20.979179179179177,5,0.5666666666666667,1,0
965,20.979179179179177,6,0.5666666666666667,1,0
966,21.079079079079076,2,0.5666666666666667,1,0
967,21.079079079079076,3,0.5666666666666667,1,0
968,21.079079079079076,4,0.5666666666666667,1,0
969,21.079079079079076,5,0.5666666666666667,1,0
970,21.079079079079076,6,0.5666666666666667,1,0
971,21.178978978978975,2,0.5666666666666667,1,0
972,21.178978978978975,3,0.5666666666666667,1,0
973,21.178978978978975,4,0.5666666666666667,1,0
974,21.178978978978975,5,0.5666666666666667,1,0
975,21.178978978978975,6,0.5666666666666667,1,0
976,21.278878878878878,2,0.5666666666666667,1,0
977,21.278878878878878,3,0.5666666666666667,1,0
978,21.278878878878878,4,0.5666666666666667,1,0
979,21.278878878878878,5,0.5666666666666667,1,0
980,21.278878878878878,6,0.5666666666666667,1,0
981,21.378778778778777,2,0.5666666666666667,1,0
982,21.378778778778777,3,0.5666666666666667,1,0
983,21.378778778778777,4,0.5666666666666667,1,0
984,21.378778778778777,5,0.5666666666666667,1,0
985,21.378778778778777,6,0.5666666666666667,1,0
986,21.478678678678676,2,0.5666666666666667,1,0
987,21.478678678678676,3,0.5666666666666667,1,0
988,21.478678678678676,4,0.5666666666666667,1,0
989,21.478678678678676,5,0.5666666666666667,1,0
990,21.478678678678676,6,0.5666666666666667,1,0
991,21.578578578578576,2,0.5666666666666667,1,0
992,21.578578578578576,3,0.5666666666666667,1,0
993,21.578578578578576,4,0.5666666666666667,1,0
994,21.578578578578576,5,0.5666666666666667,1,0
995,21.578578578578576,6,0.5666666666666667,1,0
996,21.678478478478475,2,0.5666666666666667,1,0
997,21.678478478478475,3,0.5666666666666667,1,0
998,21.678478478478475,4,0.5666666666666667,1,0
999,21.678478478478475,5,0.5666666666666667,1,0
1000,21.678478478478475,6,0.5666666666666667,1,0
1001,21.778378378378374,2,0.5666666666666667,1,0
1002,21.778378378378374,3,0.5666666666666667,1,0
1003,21.778378378378374,4,0.5666666666666667,1,0
1004,21.778378378378374,5,0.5666666666666667,1,0
1005,21.778378378378374,6,0.5666666666666667,1,0
1006,21.878278278278277,2,0.5666666666666667,1,0
1007,21.878278278278277,3,0.5666666666666667,1,0
1008,21.878278278278277,4,0.5666666666666667,1,0
1009,21.878278278278277,5,0.5666666666666667,1,0
1010,21.878278278278277,6,0.5666666666666667,1,0
1011,21.978178178178176,2,0.5666666666666667,1,0
1012,21.978178178178176,3,0.5666666666666667,1,0
1013,21.978178178178176,4,0.5666666666666667,1,0
1014,21.978178178178176,5,0.5666666666666667,1,0
1015,21.978178178178176,6,0.5666666666666667,1,0
1016,22.078078078078075,2,0.5666666666666667,1,0
1017,22.078078078078075,3,0.5666666666666667,1,0
1018,22.078078078078075,4,0.5666666666666667,1,0
1019,22.078078078078075,5,0.5666666666666667,1,0
1020,22.078078078078075,6,0.5666666666666667,1,0
1021,22.177977977977974,2,0.5666666666666667,1,0
1022,22.177977977977974,3,0.5666666666666667,1,0
1023,22.177977977977974,4,0.5666666666666667,1,0
1024,22.177977977977974,5,0.5666666666666667,1,0
1025,22.177977977977974,6,0.5666666666666667,1,0
1026,22.277877877877874,2,0.5666666666666667,1,0
1027,22.277877877877874,3,0.5666666666666667,1,0
1028,22.277877877877874,4,0.5666666666666667,1,0
1029,22.277877877877874,5,0.5666666666666667,1,0
1030,22.277877877877874,6,0.5666666666666667,1,0
1031,22.377777777777776,2,0.5666666666666667,1,0
1032,22.377777777777776,3,0.5666666666666667,1,0
1033,22.377777777777776,4,0.5666666666666667,1,0
1034,22.377777777777776,5,0.5666666666666667,1,0
1035,22.377777777777776,6,0.5666666666666667,1,0
1036,22.477677677677676,2,0.5666666666666667,1,0
1037,22.477677677677676,3,0.5666666666666667,1,0
1038,22.477677677677676,4,0.5666666666666667,1,0
1039,22.477677677677676,5,0.5666666666666667,1,0
1040,22.477677677677676,6,0.5666666666666667,1,0
1041,22.577577577577575,2,0.5666666666666667,1,0
1042,22.577577577577575,3,0.5666666666666667,1,0
1043,22.577577577577575,4,0.5666666666666667,1,0
1044,22.577577577577575,5,0.5666666666666667,1,0
1045,22.577577577577575,6,0.5666666666666667,1,0
1046,22.677477477477474,2,0.5666666666666667,1,0
1047,22.677477477477474,3,0.5666666666666667,1,0
1048,22.677477477477474,4,0.5666666666666667,1,0
1049,22.677477477477474,5,0.5666666666666667,1,0
1050,22.677477477477474,6,0.5666666666666667,1,0
1051,22.777377377377373,2,0.5666666666666667,1,0
1052,22.777377377377373,3,0.5666666666666667,1,0
1053,22.777377377377373,4,0.5666666666666667,1,0
1054,22.777377377377373,5,0.5666666666666667,1,0
1055,22.777377377377373,6,0.5666666666666667,1,0
1056,22.877277277277276,2,0.5666666666666667,1,0
1057,22.877277277277276,3,0.5666666666666667,1,0
1058,22.877277277277276,4,0.5666666666666667,1,0
1059,22.877277277277276,5,0.5666666666666667,1,0
1060,22.877277277277276,6,0.5666666666666667,1,0
1061,22.977177177177175,2,0.5666666666666667,1,0
1062,22.977177177177175,3,0.5666666666666667,1,0
1063,22.977177177177175,4,0.5666666666666667,1,0
1064,22.977177177177175,5,0.5666666666666667,1,0
1065,22.977177177177175,6,0.5666666666666667,1,0
1066,23.077077077077075,2,0.5666666666666667,1,0
1067,23.077077077077075,3,0.5666666666666667,1,0
1068,23.077077077077075,4,0.5666666666666667,1,0
1069,23.077077077077075,5,0.5666666666666667,1,0
1070,23.077077077077075,6,0.5666666666666667,1,0
1071,23.176976976976974,2,0.5666666666666667,1,0
1072,23.176976976976974,3,0.5666666666666667,1,0
1073,23.176976976976974,4,0.5666666666666667,1,0
1074,23.176976976976974,5,0.5666666666666667,1,0
1075,23.176976976976974,6,0.5666666666666667,1,0
1076,23.276876876876873,2,0.5666666666666667,1,0
1077,23.276876876876873,3,0.5666666666666667,1,0
1078,23.276876876876873,4,0.5666666666666667,1,0
1079,23.276876876876873,5,0.5666666666666667,1,0
1080,23.276876876876873,6,0.5666666666666667,1,0
1081,23.376776776776776,2,0.5666666666666667,1,0
1082,23.376776776776776,3,0.5666666666666667,1,0
1083,23.376776776776776,4,0.5666666666666667,1,0
1084,23.376776776776776,5,0.5666666666666667,1,0
1085,23.376776776776776,6,0.5666666666666667,1,0
1086,23.476676676676675,2,0.5666666666666667,1,0
1087,23.476676676676675,3,0.5666666666666667,1,0
1088,23.476676676676675,4,0.5666666666666667,1,0
1089,23.476676676676675,5,0.5666666666666667,1,0
1090,23.476676676676675,6,0.5666666666666667,1,0
1091,23.576576576576574,2,0.5666666666666667,1,0
1092,23.576576576576574,3,0.5666666666666667,1,0
1093,23.576576576576574,4,0.5666666666666667,1,0
1094,23.576576576576574,5,0.5666666666666667,1,0
1095,23.576576576576574,6,0.5666666666666667,1,0
1096,23.676476476476473,2,0.5666666666666667,1,0
1097,23.676476476476473,3,0.5666666666666667,1,0
1098,23.676476476476473,4,0.5666666666666667,1,0
1099,23.676476476476473,5,0.5666666666666667,1,0
1100,23.676476476476473,6,0.5666666666666667,1,0
1101,23.776376376376373,2,0.5666666666666667,1,0
1102,23.776376376376373,3,0.5666666666666667,1,0
1103,23.776376376376373,4,0.5666666666666667,1,0
1104,23.776376376376373,5,0.5666666666666667,1,0
1105,23.776376376376373,6,0.5666666666666667,1,0
1106,23.876276276276272,2,0.5666666666666667,1,0
1107,23.876276276276272,3,0.5666666666666667,1,0
1108,23.876276276276272,4,0.5666666666666667,1,0
1109,23.876276276276272,5,0.5666666666666667,1,0
1110,23.876276276276272,6,0.5666666666666667,1,0
1111,23.976176176176175,2,0.5666666666666667,1,0
1112,23.976176176176175,3,0.5666666666666667,1,0
1113,23.976176176176175,4,0.5666666666666667,1,0
1114,23.976176176176175,5,0.5666666666666667,1,0
1115,23.976176176176175,6,0.5666666666666667,1,0
1116,24.076076076076074,2,0.5666666666666667,1,0
1117,24.076076076076074,3,0.5666666666666667,1,0
1118,24.076076076076074,4,0.5666666666666667,1,0
1119,24.076076076076074,5,0.5666666666666667,1,0
1120,24.076076076076074,6,0.5666666666666667,1,0
1121,24.175975975975973,2,0.5666666666666667,1,0
1122,24.175975975975973,3,0.5666666666666667,1,0
1123,24.175975975975973,4,0.5666666666666667,1,0
1124,24.175975975975973,5,0.5666666666666667,1,0
1125,24.175975975975973,6,0.5666666666666667,1,0
1126,24.275875875875872,2,0.5666666666666667,1,0
1127,24.275875875875872,3,0.5666666666666667,1,0
1128,24.275875875875872,4,0.5666666666666667,1,0
1129,24.275875875875872,5,0.5666666666666667,1,0
1130,24.275875875875872,6,0.5666666666666667,1,0
1131,24.37577577577577,2,0.5666666666666667,1,0
1132,24.37577577577577,3,0.5666666666666667,1,0
1133,24.37577577577577,4,0.5666666666666667,1,0
1134,24.37577577577577,5,0.5666666666666667,1,0
1135,24.37577577577577,6,0.5666666666666667,1,0
1136,24.475675675675674,2,0.5666666666666667,1,0
1137,24.475675675675674,3,0.5666666666666667,1,0
1138,24.475675675675674,4,0.5666666666666667,1,0
1139,24.475675675675674,5,0.5666666666666667,1,0
1140,24.475675675675674,6,0.5666666666666667,1,0
1141,24.575575575575574,2,0.5666666666666667,1,0
1142,24.575575575575574,3,0.5666666666666667,1,0
1143,24.575575575575574,4,0.5666666666666667,1,0
1144,24.575575575575574,5,0.5666666666666667,1,0
1145,24.575575575575574,6,0.5666666666666667,1,0
1146,24.675475475475473,2,0.5666666666666667,1,0
1147,24.675475475475473,3,0.5666666666666667,1,0
1148,24.675475475475473,4,0.5666666666666667,1,0
1149,24.675475475475473,5,0.5666666666666667,1,0
1150,24.675475475475473,6,0.5666666666666667,1,0
1151,24.775375375375372,2,0.5666666666666667,1,0
1152,24.775375375375372,3,0.5666666666666667,1,0
1153,24.775375375375372,4,0.5666666666666667,1,0
1154,24.775375375375372,5,0.5666666666666667,1,0
1155,24.775375375375372,6,0.5666666666666667,1,0
1156,24.87527527527527,2,0.5666666666666667,1,0
1157,24.87527527527527,3,0.5666666666666667,1,0
1158,24.87527527527527,4,0.5666666666666667,1,0
1159,24.87527527527527,5,0.5666666666666667,1,0
1160,24.87527527527527,6,0.5666666666666667,1,0
1161,24.97517517517517,2,0.5666666666666667,1,0
1162,24.97517517517517,3,0.5666666666666667,1,0
1163,24.97517517517517,4,0.5666666666666667,1,0
1164,24.97517517517517,5,0.5666666666666667,1,0
1165,24.97517517517517,6,0.5666666666666667,1,0
1166,25.075075075075073,2,0.5666666666666667,1,0
1167,25.075075075075073,3,0.5666666666666667,1,0
1168,25.075075075075073,4,0.5666666666666667,1,0
1169,25.075075075075073,5,0.5666666666666667,1,0
1170,25.075075075075073,6,0.5666666666666667,1,0
1171,25.174974974974972,2,0.5666666666666667,1,0
1172,25.174974974974972,3,0.5666666666666667,1,0
1173,25.174974974974972,4,0.5666666666666667,1,0
1174,25.174974974974972,5,0.5666666666666667,1,0
1175,25.174974974974972,6,0.5666666666666667,1,0
1176,25.27487487487487,2,0.5666666666666667,1,0
1177,25.27487487487487,3,0.5666666666666667,1,0
1178,25.27487487487487,4,0.5666666666666667,1,0
1179,25.27487487487487,5,0.5666666666666667,1,0
1180,25.27487487487487,6,0.5666666666666667,1,0
1181,25.37477477477477,2,0.5666666666666667,1,0
1182,25.37477477477477,3,0.5666666666666667,1,0
1183,25.37477477477477,4,0.5666666666666667,1,0
1184,25.37477477477477,5,0.5666666666666667,1,0
1185,25.37477477477477,6,0.5666666666666667,1,0
1186,25.47467467467467,2,0.5666666666666667,1,0
1187,25.47467467467467,3,0.5666666666666667,1,0
1188,25.47467467467467,4,0.5666666666666667,1,0
1189,25.47467467467467,5,0.5666666666666667,1,0
1190,25.47467467467467,6,0.5666666666666667,1,0
1191,25.574574574574573,2,0.5666666666666667,1,0
1192,25.574574574574573,3,0.5666666666666667,1,0
1193,25.574574574574573,4,0.5666666666666667,1,0
1194,25.574574574574573,5,0.5666666666666667,1,0
1195,25.574574574574573,6,0.5666666666666667,1,0
1196,25.674474474474472,2,0.5666666666666667,1,0
1197,25.674474474474472,3,0.5666666666666667,1,0
1198,25.674474474474472,4,0.5666666666666667,1,0
1199,25.674474474474472,5,0.5666666666666667,1,0
1200,25.674474474474472,6,0.5666666666666667,1,0
1201,25.77437437437437,2,0.5666666666666667,1,0
1202,25.77437437437437,3,0.5666666666666667,1,0
1203,25.77437437437437,4,0.5666666666666667,1,0
1204,25.77437437437437,5,0.5666666666666667,1,0
1205,25.77437437437437,6,0.5666666666666667,1,0
1206,25.87427427427427,2,0.5666666666666667,1,0
1207,25.87427427427427,3,0.5666666666666667,1,0
1208,25.87427427427427,4,0.5666666666666667,1,0
1209,25.87427427427427,5,0.5666666666666667,1,0
1210,25.87427427427427,6,0.5666666666666667,1,0
1211,25.97417417417417,2,0.5666666666666667,1,0
1212,25.97417417417417,3,0.5666666666666667,1,0
1213,25.97417417417417,4,0.5666666666666667,1,0
1214,25.97417417417417,5,0.5666666666666667,1,0
1215,25.97417417417417,6,0.5666666666666667,1,0
1216,26.074074074074073,2,0.5666666666666667,1,0
1217,26.074074074074073,3,0.5666666666666667,1,0
1218,26.074074074074073,4,0.5666666666666667,1,0
1219,26.074074074074073,5,0.5666666666666667,1,0
1220,26.074074074074073,6,0.5666666666666667,1,0
1221,26.173973973973972,2,0.5666666666666667,1,0
1222,26.173973973973972,3,0.5666666666666667,1,0
1223,26.173973973973972,4,0.5666666666666667,1,0
1224,26.173973973973972,5,0.5666666666666667,1,0
1225,26.173973973973972,6,0.5666666666666667,1,0
1226,26.27387387387387,2,0.5666666666666667,1,0
1227,26.27387387387387,3,0.5666666666666667,1,0
1228,26.27387387387387,4,0.5666666666666667,1,0
1229,26.27387387387387,5,0.5666666666666667,1,0
1230,26.27387387387387,6,0.5666666666666667,1,0
1231,26.37377377377377,2,0.5666666666666667,1,0
1232,26.37377377377377,3,0.5666666666666667,1,0
1233,26.37377377377377,4,0.5666666666666667,1,0
1234,26.37377377377377,5,0.5666666666666667,1,0
1235,26.37377377377377,6,0.5666666666666667,1,0
1236,26.47367367367367,2,0.5666666666666667,1,0
1237,26.47367367367367,3,0.5666666666666667,1,0
1238,26.47367367367367,4,0.5666666666666667,1,0
1239,26.47367367367367,5,0.5666666666666667,1,0
1240,26.47367367367367,6,0.5666666666666667,1,0
1241,26.573573573573572,2,0.5666666666666667,1,0
1242,26.573573573573572,3,0.5666666666666667,1,0
1243,26.573573573573572,4,0.5666666666666667,1,0
1244,26.573573573573572,5,0.5666666666666667,1,0
1245,26.573573573573572,6,0.5666666666666667,1,0
1246,26.67347347347347,2,0.5666666666666667,1,0
1247,26.67347347347347,3,0.5666666666666667,1,0
1248,26.67347347347347,4,0.5666666666666667,1,0
1249,26.67347347347347,5,0.5666666666666667,1,0
1250,26.67347347347347,6,0.5666666666666667,1,0
1251,26.77337337337337,2,0.5666666666666667,1,0
1252,26.77337337337337,3,0.5666666666666667,1,0
1253,26.77337337337337,4,0.5666666666666667,1,0
1254,26.77337337337337,5,0.5666666666666667,1,0
1255,26.77337337337337,6,0.5666666666666667,1,0
1256,26.87327327327327,2,0.5666666666666667,1,0
1257,26.87327327327327,3,0.5666666666666667,1,0
1258,26.87327327327327,4,0.5666666666666667,1,0
1259,26.87327327327327,5,0.5666666666666667,1,0
1260,26.87327327327327,6,0.5666666666666667,1,0
1261,26.97317317317317,2,0.5666666666666667,1,0
1262,26.97317317317317,3,0.5666666666666667,1,0
1263,26.97317317317317,4,0.5666666666666667,1,0
1264,26.97317317317317,5,0.5666666666666667,1,0
1265,26.97317317317317,6,0.5666666666666667,1,0
1266,27.07307307307307,2,0.5666666666666667,1,0
1267,27.07307307307307,3,0.5666666666666667,1,0
1268,27.07307307307307,4,0.5666666666666667,1,0
1269,27.07307307307307,5,0.5666666666666667,1,0
1270,27.07307307307307,6,0.5666666666666667,1,0
1271,27.17297297297297,2,0.5666666666666667,1,0
1272,27.17297297297297,3,0.5666666666666667,1,0
1273,27.17297297297297,4,0.5666666666666667,1,0
1274,27.17297297297297,5,0.5666666666666667,1,0
1275,27.17297297297297,6,0.5666666666666667,1,0
1276,27.27287287287287,2,0.5666666666666667,1,0
1277,27.27287287287287,3,0.5666666666666667,1,0
1278,27.27287287287287,4,0.5666666666666667,1,0
1279,27.27287287287287,5,0.5666666666666667,1,0
1280,27.27287287287287,6,0.5666666666666667,1,0
1281,27.37277277277277,2,0.5666666666666667,1,0
1282,27.37277277277277,3,0.5666666666666667,1,0
1283,27.37277277277277,4,0.5666666666666667,1,0
1284,27.37277277277277,5,0.5666666666666667,1,0
1285,27.37277277277277,6,0.5666666666666667,1,0
1286,27.47267267267267,2,0.5666666666666667,1,0
1287,27.47267267267267,3,0.5666666666666667,1,0
1288,27.47267267267267,4,0.5666666666666667,1,0
1289,27.47267267267267,5,0.5666666666666667,1,0
1290,27.47267267267267,6,0.5666666666666667,1,0
1291,27.572572572572568,2,0.5666666666666667,1,0
1292,27.572572572572568,3,0.5666666666666667,1,0
1293,27.572572572572568,4,0.5666666666666667,1,0
1294,27.572572572572568,5,0.5666666666666667,1,0
1295,27.572572572572568,6,0.5666666666666667,1,0
1296,27.67247247247247,2,0.5666666666666667,1,0
1297,27.67247247247247,3,0.5666666666666667,1,0
1298,27.67247247247247,4,0.5666666666666667,1,0
1299,27.67247247247247,5,0.5666666666666667,1,0
1300,27.67247247247247,6,0.5666666666666667,1,0
1301,27.77237237237237,2,0.5666666666666667,1,0
1302,27.77237237237237,3,0.5666666666666667,1,0
1303,27.77237237237237,4,0.5666666666666667,1,0
1304,27.77237237237237,5,0.5666666666666667,1,0
1305,27.77237237237237,6,0.5666666666666667,1,0
1306,27.87227227227227,2,0.5666666666666667,1,0
1307,27.87227227227227,3,0.5666666666666667,1,0
1308,27.87227227227227,4,0.5666666666666667,1,0
1309,27.87227227227227,5,0.5666666666666667,1,0
1310,27.87227227227227,6,0.5666666666666667,1,0
1311,27.97217217217217,2,0.5666666666666667,1,0
1312,27.97217217217217,3,0.5666666666666667,1,0
1313,27.97217217217217,4,0.5666666666666667,1,0
1314,27.97217217217217,5,0.5666666666666667,1,0
1315,27.97217217217217,6,0.5666666666666667,1,0
1316,28.072072072072068,2,0.5666666666666667,1,0
1317,28.072072072072068,3,0.5666666666666667,1,0
1318,28.072072072072068,4,0.5666666666666667,1,0
1319,28.072072072072068,5,0.5666666666666667,1,0
1320,28.072072072072068,6,0.5666666666666667,1,0
1321,28.171971971971967,2,0.5666666666666667,1,0
1322,28.171971971971967,3,0.5666666666666667,1,0
1323,28.171971971971967,4,0.5666666666666667,1,0
1324,28.171971971971967,5,0.5666666666666667,1,0
1325,28.171971971971967,6,0.5666666666666667,1,0
1326,28.27187187187187,2,0.5666666666666667,1,0
1327,28.27187187187187,3,0.5666666666666667,1,0
1328,28.27187187187187,4,0.5666666666666667,1,0
1329,28.27187187187187,5,0.5666666666666667,1,0
1330,28.27187187187187,6,0.5666666666666667,1,0
1331,28.37177177177177,2,0.5666666666666667,1,0
1332,28.37177177177177,3,0.5666666666666667,1,0
1333,28.37177177177177,4,0.5666666666666667,1,0
1334,28.37177177177177,5,0.5666666666666667,1,0
1335,28.37177177177177,6,0.5666666666666667,1,0
1336,28.47167167167167,2,0.5666666666666667,1,0
1337,28.47167167167167,3,0.5666666666666667,1,0
1338,28.47167167167167,4,0.5666666666666667,1,0
1339,28.47167167167167,5,0.5666666666666667,1,0
1340,28.47167167167167,6,0.5666666666666667,1,0
1341,28.571571571571567,2,0.5666666666666667,1,0
1342,28.571571571571567,3,0.5666666666666667,1,0
1343,28.571571571571567,4,0.5666666666666667,1,0
1344,28.571571571571567,5,0.5666666666666667,1,0
1345,28.571571571571567,6,0.5666666666666667,1,0
1346,28.671471471471467,2,0.5666666666666667,1,0
1347,28.671471471471467,3,0.5666666666666667,1,0
1348,28.671471471471467,4,0.5666666666666667,1,0
1349,28.671471471471467,5,0.5666666666666667,1,0
1350,28.671471471471467,6,0.5666666666666667,1,0
1351,28.77137137137137,2,0.5666666666666667,1,0
1352,28.77137137137137,3,0.5666666666666667,1,0
1353,28.77137137137137,4,0.5666666666666667,1,0
1354,28.77137137137137,5,0.5666666666666667,1,0
1355,28.77137137137137,6,0.5666666666666667,1,0
1356,28.87127127127127,2,0.5666666666666667,1,0
1357,28.87127127127127,3,0.5666666666666667,1,0
1358,28.87127127127127,4,0.5666666666666667,1,0
1359,28.87127127127127,5,0.5666666666666667,1,0
1360,28.87127127127127,6,0.5666666666666667,1,0
1361,28.971171171171168,2,0.5666666666666667,1,0
1362,28.971171171171168,3,0.5666666666666667,1,0
1363,28.971171171171168,4,0.5666666666666667,1,0
1364,28.971171171171168,5,0.5666666666666667,1,0
1365,28.971171171171168,6,0.5666666666666667,1,0
1366,29.071071071071067,2,0.5666666666666667,1,0
1367,29.071071071071067,3,0.5666666666666667,1,0
1368,29.071071071071067,4,0.5666666666666667,1,0
1369,29.071071071071067,5,0.5666666666666667,1,0
1370,29.071071071071067,6,0.5666666666666667,1,0
1371,29.170970970970966,2,0.5666666666666667,1,0
1372,29.170970970970966,3,0.5666666666666667,1,0
1373,29.170970970970966,4,0.5666666666666667,1,0
1374,29.170970970970966,5,0.5666666666666667,1,0
1375,29.170970970970966,6,0.5666666666666667,1,0
1376,29.27087087087087,2,0.5666666666666667,1,0
1377,29.27087087087087,3,0.5666666666666667,1,0
1378,29.27087087087087,4,0.5666666666666667,1,0
1379,29.27087087087087,5,0.5666666666666667,1,0
1380,29.27087087087087,6,0.5666666666666667,1,0
1381,29.37077077077077,2,0.5666666666666667,1,0
1382,29.37077077077077,3,0.5666666666666667,1,0
1383,29.37077077077077,4,0.5666666666666667,1,0
1384,29.37077077077077,5,0.5666666666666667,1,0
1385,29.37077077077077,6,0.5666666666666667,1,0
1386,29.470670670670668,2,0.5666666666666667,1,0
1387,29.470670670670668,3,0.5666666666666667,1,0
1388,29.470670670670668,4,0.5666666666666667,1,0
1389,29.470670670670668,5,0.5666666666666667,1,0
1390,29.470670670670668,6,0.5666666666666667,1,0
1391,29.570570570570567,2,0.5666666666666667,1,0
1392,29.570570570570567,3,0.5666666666666667,1,0
1393,29.570570570570567,4,0.5666666666666667,1,0
1394,29.570570570570567,5,0.5666666666666667,1,0
1395,29.570570570570567,6,0.5666666666666667,1,0
1396,29.670470470470466,2,0.5666666666666667,1,0
1397,29.670470470470466,3,0.5666666666666667,1,0
1398,29.670470470470466,4,0.5666666666666667,1,0
1399,29.670470470470466,5,0.5666666666666667,1,0
1400,29.670470470470466,6,0.5666666666666667,1,0
1401,29.77037037037037,2,0.5666666666666667,1,0
1402,29.77037037037037,3,0.5666666666666667,1,0
1403,29.77037037037037,4,0.5666666666666667,1,0
1404,29.77037037037037,5,0.5666666666666667,1,0
1405,29.77037037037037,6,0.5666666666666667,1,0
1406,29.870270270270268,2,0.5666666666666667,1,0
1407,29.870270270270268,3,0.5666666666666667,1,0
1408,29.870270270270268,4,0.5666666666666667,1,0
1409,29.870270270270268,5,0.5666666666666667,1,0
1410,29.870270270270268,6,0.5666666666666667,1,0
1411,29.970170170170167,2,0.5666666666666667,1,0
1412,29.970170170170167,3,0.5666666666666667,1,0
1413,29.970170170170167,4,0.5666666666666667,1,0
1414,29.970170170170167,5,0.5666666666666667,1,0
1415,29.970170170170167,6,0.5666666666666667,1,0
1416,30.070070070070066,2,0.5666666666666667,1,0
1417,30.070070070070066,3,0.5666666666666667,1,0
1418,30.070070070070066,4,0.5666666666666667,1,0
1419,30.070070070070066,5,0.5666666666666667,1,0
1420,30.070070070070066,6,0.5666666666666667,1,0
1421,30.169969969969966,2,0.5666666666666667,1,0
1422,30.169969969969966,3,0.5666666666666667,1,0
1423,30.169969969969966,4,0.5666666666666667,1,0
1424,30.169969969969966,5,0.5666666666666667,1,0
1425,30.169969969969966,6,0.5666666666666667,1,0
1426,30.269869869869865,2,0.5666666666666667,1,0
1427,30.269869869869865,3,0.5666666666666667,1,0
1428,30.269869869869865,4,0.5666666666666667,1,0
1429,30.269869869869865,5,0.5666666666666667,1,0
1430,30.269869869869865,6,0.5666666666666667,1,0
1431,30.369769769769768,2,0.5666666666666667,1,0
1432,30.369769769769768,3,0.5666666666666667,1,0
1433,30.369769769769768,4,0.5666666666666667,1,0
1434,30.369769769769768,5,0.5666666666666667,1,0
1435,30.369769769769768,6,0.5666666666666667,1,0
1436,30.469669669669667,2,0.5666666666666667,1,0
1437,30.469669669669667,3,0.5666666666666667,1,0
1438,30.469669669669667,4,0.5666666666666667,1,0
1439,30.469669669669667,5,0.5666666666666667,1,0
1440,30.469669669669667,6,0.5666666666666667,1,0
1441,30.569569569569566,2,0.5666666666666667,1,0
1442,30.569569569569566,3,0.5666666666666667,1,0
1443,30.569569569569566,4,0.5666666666666667,1,0
1444,30.569569569569566,5,0.5666666666666667,1,0
1445,30.569569569569566,6,0.5666666666666667,1,0
1446,30.669469469469465,2,0.5666666666666667,1,0
1447,30.669469469469465,3,0.5666666666666667,1,0
1448,30.669469469469465,4,0.5666666666666667,1,0
1449,30.669469469469465,5,0.5666666666666667,1,0
1450,30.669469469469465,6,0.5666666666666667,1,0
1451,30.769369369369365,2,0.5666666666666667,1,0
1452,30.769369369369365,3,0.5666666666666667,1,0
1453,30.769369369369365,4,0.5666666666666667,1,0
1454,30.769369369369365,5,0.5666666666666667,1,0
1455,30.769369369369365,6,0.5666666666666667,1,0
1456,30.869269269269267,2,0.5666666666666667,1,0
1457,30.869269269269267,3,0.5666666666666667,1,0
1458,30.869269269269267,4,0.5666666666666667,1,0
1459,30.869269269269267,5,0.5666666666666667,1,0
1460,30.869269269269267,6,0.5666666666666667,1,0
1461,30.969169169169167,2,0.5666666666666667,1,0
1462,30.969169169169167,3,0.5666666666666667,1,0
1463,30.969169169169167,4,0.5666666666666667,1,0
1464,30.969169169169167,5,0.5666666666666667,1,0
1465,30.969169169169167,6,0.5666666666666667,1,0
1466,31.069069069069066,2,0.5666666666666667,1,0
1467,31.069069069069066,3,0.5666666666666667,1,0
1468,31.069069069069066,4,0.5666666666666667,1,0
1469,31.069069069069066,5,0.5666666666666667,1,0
1470,31.069069069069066,6,0.5666666666666667,1,0
1471,31.168968968968965,2,0.5666666666666667,1,0
1472,31.168968968968965,3,0.5666666666666667,1,0
1473,31.168968968968965,4,0.5666666666666667,1,0
1474,31.168968968968965,5,0.5666666666666667,1,0
1475,31.168968968968965,6,0.5666666666666667,1,0
1476,31.268868868868864,2,0.5666666666666667,1,0
1477,31.268868868868864,3,0.5666666666666667,1,0
1478,31.268868868868864,4,0.5666666666666667,1,0
1479,31.268868868868864,5,0.5666666666666667,1,0
1480,31.268868868868864,6,0.5666666666666667,1,0
1481,31.368768768768764,2,0.5666666666666667,1,0
1482,31.368768768768764,3,0.5666666666666667,1,0
1483,31.368768768768764,4,0.5666666666666667,1,0
1484,31.368768768768764,5,0.5666666666666667,1,0
1485,31.368768768768764,6,0.5666666666666667,1,0
1486,31.468668668668666,2,0.5666666666666667,1,0
1487,31.468668668668666,3,0.5666666666666667,1,0
1488,31.468668668668666,4,0.5666666666666667,1,0
1489,31.468668668668666,5,0.5666666666666667,1,0
1490,31.468668668668666,6,0.5666666666666667,1,0
1491,31.568568568568566,2,0.5666666666666667,1,0
1492,31.568568568568566,3,0.5666666666666667,1,0
1493,31.568568568568566,4,0.5666666666666667,1,0
1494,31.568568568568566,5,0.5666666666666667,1,0
1495,31.568568568568566,6,0.5666666666666667,1,0
1496,31.668468468468465,2,0.5666666666666667,1,0
1497,31.668468468468465,3,0.5666666666666667,1,0
1498,31.668468468468465,4,0.5666666666666667,1,0
1499,31.668468468468465,5,0.5666666666666667,1,0
1500,31.668468468468465,6,0.5666666666666667,1,0
1501,31.768368368368364,2,0.5666666666666667,1,0
1502,31.768368368368364,3,0.5666666666666667,1,0
1503,31.768368368368364,4,0.5666666666666667,1,0
1504,31.768368368368364,5,0.5666666666666667,1,0
1505,31.768368368368364,6,0.5666666666666667,1,0
1506,31.868268268268263,2,0.5666666666666667,1,0
1507,31.868268268268263,3,0.5666666666666667,1,0
1508,31.868268268268263,4,0.5666666666666667,1,0
1509,31.868268268268263,5,0.5666666666666667,1,0
1510,31.868268268268263,6,0.5666666666666667,1,0
1511,31.968168168168166,2,0.5666666666666667,1,0
1512,31.968168168168166,3,0.5666666666666667,1,0
1513,31.968168168168166,4,0.5666666666666667,1,0
1514,31.968168168168166,5,0.5666666666666667,1,0
1515,31.968168168168166,6,0.5666666666666667,1,0
1516,32.068068068068065,2,0.5666666666666667,1,0
1517,32.068068068068065,3,0.5666666666666667,1,0
1518,32.068068068068065,4,0.5666666666666667,1,0
1519,32.068068068068065,5,0.5666666666666667,1,0
1520,32.068068068068065,6,0.5666666666666667,1,0
1521,32.16796796796797,2,0.5666666666666667,1,0
1522,32.16796796796797,3,0.5666666666666667,1,0
1523,32.16796796796797,4,0.5666666666666667,1,0
1524,32.16796796796797,5,0.5666666666666667,1,0
1525,32.16796796796797,6,0.5666666666666667,1,0
1526,32.26786786786787,2,0.5666666666666667,1,0
1527,32.26786786786787,3,0.5666666666666667,1,0
1528,32.26786786786787,4,0.5666666666666667,1,0
1529,32.26786786786787,5,0.5666666666666667,1,0
1530,32.26786786786787,6,0.5666666666666667,1,0
1531,32.367767767767766,2,0.5666666666666667,1,0
1532,32.367767767767766,3,0.5666666666666667,1,0
1533,32.367767767767766,4,0.5666666666666667,1,0
1534,32.367767767767766,5,0.5666666666666667,1,0
1535,32.367767767767766,6,0.5666666666666667,1,0
1536,32.46766766766767,2,0.5666666666666667,1,0
1537,32.46766766766767,3,0.5666666666666667,1,0
1538,32.46766766766767,4,0.5666666666666667,1,0
1539,32.46766766766767,5,0.5666666666666667,1,0
1540,32.46766766766767,6,0.5666666666666667,1,0
1541,32.567567567567565,2,0.5666666666666667,1,0
1542,32.567567567567565,3,0.5666666666666667,1,0
1543,32.567567567567565,4,0.5666666666666667,1,0
1544,32.567567567567565,5,0.5666666666666667,1,0
1545,32.567567567567565,6,0.5666666666666667,1,0
1546,32.66746746746747,2,0.5666666666666667,1,0
1547,32.66746746746747,3,0.5666666666666667,1,0
1548,32.66746746746747,4,0.5666666666666667,1,0
1549,32.66746746746747,5,0.5666666666666667,1,0
1550,32.66746746746747,6,0.5666666666666667,1,0
1551,32.76736736736737,2,0.5666666666666667,1,0
1552,32.76736736736737,3,0.5666666666666667,1,0
1553,32.76736736736737,4,0.5666666666666667,1,0
1554,32.76736736736737,5,0.5666666666666667,1,0
1555,32.76736736736737,6,0.5666666666666667,1,0
1556,32.867267267267266,2,0.5666666666666667,1,0
1557,32.867267267267266,3,0.5666666666666667,1,0
1558,32.867267267267266,4,0.5666666666666667,1,0
1559,32.867267267267266,5,0.5666666666666667,1,0
1560,32.867267267267266,6,0.5666666666666667,1,0
1561,32.96716716716717,2,0.5666666666666667,1,0
1562,32.96716716716717,3,0.5666666666666667,1,0
1563,32.96716716716717,4,0.5666666666666667,1,0
1564,32.96716716716717,5,0.5666666666666667,1,0
1565,32.96716716716717,6,0.5666666666666667,1,0
1566,33.067067067067065,2,0.5666666666666667,1,0
1567,33.067067067067065,3,0.5666666666666667,1,0
1568,33.067067067067065,4,0.5666666666666667,1,0
1569,33.067067067067065,5,0.5666666666666667,1,0
1570,33.067067067067065,6,0.5666666666666667,1,0
1571,33.16696696696697,2,0.5666666666666667,1,0
1572,33.16696696696697,3,0.5666666666666667,1,0
1573,33.16696696696697,4,0.5666666666666667,1,0
1574,33.16696696696697,5,0.5666666666666667,1,0
1575,33.16696696696697,6,0.5666666666666667,1,0
1576,33.26686686686687,2,0.5666666666666667,1,0
1577,33.26686686686687,3,0.5666666666666667,1,0
1578,33.26686686686687,4,0.5666666666666667,1,0
1579,33.26686686686687,5,0.5666666666666667,1,0
1580,33.26686686686687,6,0.5666666666666667,1,0
1581,33.366766766766766,2,0.5666666666666667,1,0
1582,33.366766766766766,3,0.5666666666666667,1,0
1583,33.366766766766766,4,0.5666666666666667,1,0
1584,33.366766766766766,5,0.5666666666666667,1,0
1585,33.366766766766766,6,0.5666666666666667,1,0
1586,33.46666666666667,2,0.5666666666666667,1,0
1587,33.46666666666667,3,0.5666666666666667,1,0
1588,33.46666666666667,4,0.5666666666666667,1,0
1589,33.46666666666667,5,0.5666666666666667,1,0
1590,33.46666666666667,6,0.5666666666666667,1,0
1591,33.566566566566564,2,0.5666666666666667,1,0
1592,33.566566566566564,3,0.5666666666666667,1,0
1593,33.566566566566564,4,0.5666666666666667,1,0
1594,33.566566566566564,5,0.5666666666666667,1,0
1595,33.566566566566564,6,0.5666666666666667,1,0
1596,33.66646646646647,2,0.5666666666666667,1,0
1597,33.66646646646647,3,0.5666666666666667,1,0
1598,33.66646646646647,4,0.5666666666666667,1,0
1599,33.66646646646647,5,0.5666666666666667,1,0
1600,33.66646646646647,6,0.5666666666666667,1,0
1601,33.76636636636637,2,0.5666666666666667,1,0
1602,33.76636636636637,3,0.5666666666666667,1,0
1603,33.76636636636637,4,0.5666666666666667,1,0
1604,33.76636636636637,5,0.5666666666666667,1,0
1605,33.76636636636637,6,0.5666666666666667,1,0
1606,33.866266266266265,2,0.5666666666666667,1,0
1607,33.866266266266265,3,0.5666666666666667,1,0
1608,33.866266266266265,4,0.5666666666666667,1,0
1609,33.866266266266265,5,0.5666666666666667,1,0
1610,33.866266266266265,6,0.5666666666666667,1,0
1611,33.96616616616617,2,0.5666666666666667,1,0
1612,33.96616616616617,3,0.5666666666666667,1,0
1613,33.96616616616617,4,0.5666666666666667,1,0
1614,33.96616616616617,5,0.5666666666666667,1,0
1615,33.96616616616617,6,0.5666666666666667,1,0
1616,34.066066066066064,2,0.5666666666666667,1,0
1617,34.066066066066064,3,0.5666666666666667,1,0
1618,34.066066066066064,4,0.5666666666666667,1,0
1619,34.066066066066064,5,0.5666666666666667,1,0
1620,34.066066066066064,6,0.5666666666666667,1,0
1621,34.16596596596597,2,0.5666666666666667,1,0
1622,34.16596596596597,3,0.5666666666666667,1,0
1623,34.16596596596597,4,0.5666666666666667,1,0
1624,34.16596596596597,5,0.5666666666666667,1,0
1625,34.16596596596597,6,0.5666666666666667,1,0
1626,34.26586586586586,2,0.5666666666666667,1,0
1627,34.26586586586586,3,0.5666666666666667,1,0
1628,34.26586586586586,4,0.5666666666666667,1,0
1629,34.26586586586586,5,0.5666666666666667,1,0
1630,34.26586586586586,6,0.5666666666666667,1,0
1631,34.365765765765765,2,0.5666666666666667,1,0
1632,34.365765765765765,3,0.5666666666666667,1,0
1633,34.365765765765765,4,0.5666666666666667,1,0
1634,34.365765765765765,5,0.5666666666666667,1,0
1635,34.365765765765765,6,0.5666666666666667,1,0
1636,34.46566566566567,2,0.5666666666666667,1,0
1637,34.46566566566567,3,0.5666666666666667,1,0
1638,34.46566566566567,4,0.5666666666666667,1,0
1639,34.46566566566567,5,0.5666666666666667,1,0
1640,34.46566566566567,6,0.5666666666666667,1,0
1641,34.565565565565564,2,0.5666666666666667,1,0
1642,34.565565565565564,3,0.5666666666666667,1,0
1643,34.565565565565564,4,0.5666666666666667,1,0
1644,34.565565565565564,5,0.5666666666666667,1,0
1645,34.565565565565564,6,0.5666666666666667,1,0
1646,34.665465465465466,2,0.5666666666666667,1,0
1647,34.665465465465466,3,0.5666666666666667,1,0
1648,34.665465465465466,4,0.5666666666666667,1,0
1649,34.665465465465466,5,0.5666666666666667,1,0
1650,34.665465465465466,6,0.5666666666666667,1,0
1651,34.76536536536536,2,0.5666666666666667,1,0
1652,34.76536536536536,3,0.5666666666666667,1,0
1653,34.76536536536536,4,0.5666666666666667,1,0
1654,34.76536536536536,5,0.5666666666666667,1,0
1655,34.76536536536536,6,0.5666666666666667,1,0
1656,34.865265265265265,2,0.5666666666666667,1,0
1657,34.865265265265265,3,0.5666666666666667,1,0
1658,34.865265265265265,4,0.5666666666666667,1,0
1659,34.865265265265265,5,0.5666666666666667,1,0
1660,34.865265265265265,6,0.5666666666666667,1,0
1661,34.96516516516517,2,0.5666666666666667,1,0
1662,34.96516516516517,3,0.5666666666666667,1,0
1663,34.96516516516517,4,0.5666666666666667,1,0
1664,34.96516516516517,5,0.5666666666666667,1,0
1665,34.96516516516517,6,0.5666666666666667,1,0
1666,35.06506506506506,2,0.5666666666666667,1,0
1667,35.06506506506506,3,0.5666666666666667,1,0
1668,35.06506506506506,4,0.5666666666666667,1,0
1669,35.06506506506506,5,0.5666666666666667,1,0
1670,35.06506506506506,6,0.5666666666666667,1,0
1671,35.164964964964966,2,0.5666666666666667,1,0
1672,35.164964964964966,3,0.5666666666666667,1,0
1673,35.164964964964966,4,0.5666666666666667,1,0
1674,35.164964964964966,5,0.5666666666666667,1,0
1675,35.164964964964966,6,0.5666666666666667,1,0
1676,35.26486486486486,2,0.5666666666666667,1,0
1677,35.26486486486486,3,0.5666666666666667,1,0
1678,35.26486486486486,4,0.5666666666666667,1,0
1679,35.26486486486486,5,0.5666666666666667,1,0
1680,35.26486486486486,6,0.5666666666666667,1,0
1681,35.364764764764764,2,0.5666666666666667,1,0
1682,35.364764764764764,3,0.5666666666666667,1,0
1683,35.364764764764764,4,0.5666666666666667,1,0
1684,35.364764764764764,5,0.5666666666666667,1,0
1685,35.364764764764764,6,0.5666666666666667,1,0
1686,35.46466466466467,2,0.5666666666666667,1,0
1687,35.46466466466467,3,0.5666666666666667,1,0
1688,35.46466466466467,4,0.5666666666666667,1,0
1689,35.46466466466467,5,0.5666666666666667,1,0
1690,35.46466466466467,6,0.5666666666666667,1,0
1691,35.56456456456456,2,0.5666666666666667,1,0
1692,35.56456456456456,3,0.5666666666666667,1,0
1693,35.56456456456456,4,0.5666666666666667,1,0
1694,35.56456456456456,5,0.5666666666666667,1,0
1695,35.56456456456456,6,0.5666666666666667,1,0
1696,35.664464464464466,2,0.5666666666666667,1,0
1697,35.664464464464466,3,0.5666666666666667,1,0
1698,35.664464464464466,4,0.5666666666666667,1,0
1699,35.664464464464466,5,0.5666666666666667,1,0
1700,35.664464464464466,6,0.5666666666666667,1,0
1701,35.76436436436436,2,0.5666666666666667,1,0
1702,35.76436436436436,3,0.5666666666666667,1,0
1703,35.76436436436436,4,0.5666666666666667,1,0
1704,35.76436436436436,5,0.5666666666666667,1,0
1705,35.76436436436436,6,0.5666666666666667,1,0
1706,35.864264264264264,2,0.5666666666666667,1,0
1707,35.864264264264264,3,0.5666666666666667,1,0
1708,35.864264264264264,4,0.5666666666666667,1,0
1709,35.864264264264264,5,0.5666666666666667,1,0
1710,35.864264264264264,6,0.5666666666666667,1,0
1711,35.96416416416417,2,0.5666666666666667,1,0
1712,35.96416416416417,3,0.5666666666666667,1,0
1713,35.96416416416417,4,0.5666666666666667,1,0
1714,35.96416416416417,5,0.5666666666666667,1,0
1715,35.96416416416417,6,0.5666666666666667,1,0
1716,36.06406406406406,2,0.5666666666666667,1,0
1717,36.06406406406406,3,0.5666666666666667,1,0
1718,36.06406406406406,4,0.5666666666666667,1,0
1719,36.06406406406406,5,0.5666666666666667,1,0
1720,36.06406406406406,6,0.5666666666666667,1,0
1721,36.163963963963965,2,0.5666666666666667,1,0
1722,36.163963963963965,3,0.5666666666666667,1,0
1723,36.163963963963965,4,0.5666666666666667,1,0
1724,36.163963963963965,5,0.5666666666666667,1,0
1725,36.163963963963965,6,0.5666666666666667,1,0
1726,36.26386386386386,2,0.5666666666666667,1,0
1727,36.26386386386386,3,0.5666666666666667,1,0
1728,36.26386386386386,4,0.5666666666666667,1,0
1729,36.26386386386386,5,0.5666666666666667,1,0
1730,36.26386386386386,6,0.5666666666666667,1,0
1731,36.363763763763764,2,0.5666666666666667,1,0
1732,36.363763763763764,3,0.5666666666666667,1,0
1733,36.363763763763764,4,0.5666666666666667,1,0
1734,36.363763763763764,5,0.5666666666666667,1,0
1735,36.363763763763764,6,0.5666666666666667,1,0
1736,36.46366366366367,2,0.5666666666666667,1,0
1737,36.46366366366367,3,0.5666666666666667,1,0
1738,36.46366366366367,4,0.5666666666666667,1,0
1739,36.46366366366367,5,0.5666666666666667,1,0
1740,36.46366366366367,6,0.5666666666666667,1,0
1741,36.56356356356356,2,0.5666666666666667,1,0
1742,36.56356356356356,3,0.5666666666666667,1,0
1743,36.56356356356356,4,0.5666666666666667,1,0
1744,36.56356356356356,5,0.5666666666666667,1,0
1745,36.56356356356356,6,0.5666666666666667,1,0
1746,36.663463463463465,2,0.5666666666666667,1,0
1747,36.663463463463465,3,0.5666666666666667,1,0
1748,36.663463463463465,4,0.5666666666666667,1,0
1749,36.663463463463465,5,0.5666666666666667,1,0
1750,36.663463463463465,6,0.5666666666666667,1,0
1751,36.76336336336336,2,0.5666666666666667,1,0
1752,36.76336336336336,3,0.5666666666666667,1,0
1753,36.76336336336336,4,0.5666666666666667,1,0
1754,36.76336336336336,5,0.5666666666666667,1,0
1755,36.76336336336336,6,0.5666666666666667,1,0
1756,36.86326326326326,2,0.5666666666666667,1,0
1757,36.86326326326326,3,0.5666666666666667,1,0
1758,36.86326326326326,4,0.5666666666666667,1,0
1759,36.86326326326326,5,0.5666666666666667,1,0
1760,36.86326326326326,6,0.5666666666666667,1,0
1761,36.96316316316316,2,0.5666666666666667,1,0
1762,36.96316316316316,3,0.5666666666666667,1,0
1763,36.96316316316316,4,0.5666666666666667,1,0
1764,36.96316316316316,5,0.5666666666666667,1,0
1765,36.96316316316316,6,0.5666666666666667,1,0
1766,37.06306306306306,2,0.5666666666666667,1,0
1767,37.06306306306306,3,0.5666666666666667,1,0
1768,37.06306306306306,4,0.5666666666666667,1,0
1769,37.06306306306306,5,0.5666666666666667,1,0
1770,37.06306306306306,6,0.5666666666666667,1,0
1771,37.162962962962965,2,0.5666666666666667,1,0
1772,37.162962962962965,3,0.5666666666666667,1,0
1773,37.162962962962965,4,0.5666666666666667,1,0
1774,37.162962962962965,5,0.5666666666666667,1,0
1775,37.162962962962965,6,0.5666666666666667,1,0
1776,37.26286286286286,2,0.5666666666666667,1,0
1777,37.26286286286286,3,0.5666666666666667,1,0
1778,37.26286286286286,4,0.5666666666666667,1,0
1779,37.26286286286286,5,0.5666666666666667,1,0
1780,37.26286286286286,6,0.5666666666666667,1,0
1781,37.36276276276276,2,0.5666666666666667,1,0
1782,37.36276276276276,3,0.5666666666666667,1,0
1783,37.36276276276276,4,0.5666666666666667,1,0
1784,37.36276276276276,5,0.5666666666666667,1,0
1785,37.36276276276276,6,0.5666666666666667,1,0
1786,37.46266266266266,2,0.5666666666666667,1,0
1787,37.46266266266266,3,0.5666666666666667,1,0
1788,37.46266266266266,4,0.5666666666666667,1,0
1789,37.46266266266266,5,0.5666666666666667,1,0
1790,37.46266266266266,6,0.5666666666666667,1,0
1791,37.56256256256256,2,0.5666666666666667,1,0
1792,37.56256256256256,3,0.5666666666666667,1,0
1793,37.56256256256256,4,0.5666666666666667,1,0
1794,37.56256256256256,5,0.5666666666666667,1,0
1795,37.56256256256256,6,0.5666666666666667,1,0
1796,37.662462462462464,2,0.5666666666666667,1,0
1797,37.662462462462464,3,0.5666666666666667,1,0
1798,37.662462462462464,4,0.5666666666666667,1,0
1799,37.662462462462464,5,0.5666666666666667,1,0
1800,37.662462462462464,6,0.5666666666666667,1,0
1801,37.76236236236236,2,0.5666666666666667,1,0
1802,37.76236236236236,3,0.5666666666666667,1,0
1803,37.76236236236236,4,0.5666666666666667,1,0
1804,37.76236236236236,5,0.5666666666666667,1,0
1805,37.76236236236236,6,0.5666666666666667,1,0
1806,37.86226226226226,2,0.5666666666666667,1,0
1807,37.86226226226226,3,0.5666666666666667,1,0
1808,37.86226226226226,4,0.5666666666666667,1,0
1809,37.86226226226226,5,0.5666666666666667,1,0
1810,37.86226226226226,6,0.5666666666666667,1,0
1811,37.96216216216216,2,0.5666666666666667,1,0
1812,37.96216216216216,3,0.5666666666666667,1,0
1813,37.96216216216216,4,0.5666666666666667,1,0
1814,37.96216216216216,5,0.5666666666666667,1,0
1815,37.96216216216216,6,0.5666666666666667,1,0
1816,38.06206206206206,2,0.5666666666666667,1,0
1817,38.06206206206206,3,0.5666666666666667,1,0
1818,38.06206206206206,4,0.5666666666666667,1,0
1819,38.06206206206206,5,0.5666666666666667,1,0
1820,38.06206206206206,6,0.5666666666666667,1,0
1821,38.161961961961964,2,0.5666666666666667,1,0
1822,38.161961961961964,3,0.5666666666666667,1,0
1823,38.161961961961964,4,0.5666666666666667,1,0
1824,38.161961961961964,5,0.5666666666666667,1,0
1825,38.161961961961964,6,0.5666666666666667,1,0
1826,38.26186186186186,2,0.5666666666666667,1,0
1827,38.26186186186186,3,0.5666666666666667,1,0
1828,38.26186186186186,4,0.5666666666666667,1,0
1829,38.26186186186186,5,0.5666666666666667,1,0
1830,38.26186186186186,6,0.5666666666666667,1,0
1831,38.36176176176176,2,0.5666666666666667,1,0
1832,38.36176176176176,3,0.5666666666666667,1,0
1833,38.36176176176176,4,0.5666666666666667,1,0
1834,38.36176176176176,5,0.5666666666666667,1,0
1835,38.36176176176176,6,0.5666666666666667,1,0
1836,38.46166166166166,2,0.5666666666666667,1,0
1837,38.46166166166166,3,0.5666666666666667,1,0
1838,38.46166166166166,4,0.5666666666666667,1,0
1839,38.46166166166166,5,0.5666666666666667,1,0
1840,38.46166166166166,6,0.5666666666666667,1,0
1841,38.56156156156156,2,0.5666666666666667,1,0
1842,38.56156156156156,3,0.5666666666666667,1,0
1843,38.56156156156156,4,0.5666666666666667,1,0
1844,38.56156156156156,5,0.5666666666666667,1,0
1845,38.56156156156156,6,0.5666666666666667,1,0
1846,38.661461461461464,2,0.5666666666666667,1,0
1847,38.661461461461464,3,0.5666666666666667,1,0
1848,38.661461461461464,4,0.5666666666666667,1,0
1849,38.661461461461464,5,0.5666666666666667,1,0
1850,38.661461461461464,6,0.5666666666666667,1,0
1851,38.76136136136136,2,0.5666666666666667,1,0
1852,38.76136136136136,3,0.5666666666666667,1,0
1853,38.76136136136136,4,0.5666666666666667,1,0
1854,38.76136136136136,5,0.5666666666666667,1,0
1855,38.76136136136136,6,0.5666666666666667,1,0
1856,38.86126126126126,2,0.5666666666666667,1,0
1857,38.86126126126126,3,0.5666666666666667,1,0
1858,38.86126126126126,4,0.5666666666666667,1,0
1859,38.86126126126126,5,0.5666666666666667,1,0
1860,38.86126126126126,6,0.5666666666666667,1,0
1861,38.96116116116116,2,0.5666666666666667,1,0
1862,38.96116116116116,3,0.5666666666666667,1,0
1863,38.96116116116116,4,0.5666666666666667,1,0
1864,38.96116116116116,5,0.5666666666666667,1,0
1865,38.96116116116116,6,0.5666666666666667,1,0
1866,39.06106106106106,2,0.5666666666666667,1,0
1867,39.06106106106106,3,0.5666666666666667,1,0
1868,39.06106106106106,4,0.5666666666666667,1,0
1869,39.06106106106106,5,0.5666666666666667,1,0
1870,39.06106106106106,6,0.5666666666666667,1,0
1871,39.16096096096096,2,0.5666666666666667,1,0
1872,39.16096096096096,3,0.5666666666666667,1,0
1873,39.16096096096096,4,0.5666666666666667,1,0
1874,39.16096096096096,5,0.5666666666666667,1,0
1875,39.16096096096096,6,0.5666666666666667,1,0
1876,39.26086086086086,2,0.5666666666666667,1,0
1877,39.26086086086086,3,0.5666666666666667,1,0
1878,39.26086086086086,4,0.5666666666666667,1,0
1879,39.26086086086086,5,0.5666666666666667,1,0
1880,39.26086086086086,6,0.5666666666666667,1,0
1881,39.36076076076076,2,0.5666666666666667,1,0
1882,39.36076076076076,3,0.5666666666666667,1,0
1883,39.36076076076076,4,0.5666666666666667,1,0
1884,39.36076076076076,5,0.5666666666666667,1,0
1885,39.36076076076076,6,0.5666666666666667,1,0
1886,39.46066066066066,2,0.5666666666666667,1,0
1887,39.46066066066066,3,0.5666666666666667,1,0
1888,39.46066066066066,4,0.5666666666666667,1,0
1889,39.46066066066066,5,0.5666666666666667,1,0
1890,39.46066066066066,6,0.5666666666666667,1,0
1891,39.56056056056056,2,0.5666666666666667,1,0
1892,39.56056056056056,3,0.5666666666666667,1,0
1893,39.56056056056056,4,0.5666666666666667,1,0
1894,39.56056056056056,5,0.5666666666666667,1,0
1895,39.56056056056056,6,0.5666666666666667,1,0
1896,39.66046046046046,2,0.5666666666666667,1,0
1897,39.66046046046046,3,0.5666666666666667,1,0
1898,39.66046046046046,4,0.5666666666666667,1,0
1899,39.66046046046046,5,0.5666666666666667,1,0
1900,39.66046046046046,6,0.5666666666666667,1,0
1901,39.76036036036036,2,0.5666666666666667,1,0
1902,39.76036036036036,3,0.5666666666666667,1,0
1903,39.76036036036036,4,0.5666666666666667,1,0
1904,39.76036036036036,5,0.5666666666666667,1,0
1905,39.76036036036036,6,0.5666666666666667,1,0
1906,39.86026026026026,2,0.5666666666666667,1,0
1907,39.86026026026026,3,0.5666666666666667,1,0
1908,39.86026026026026,4,0.5666666666666667,1,0
1909,39.86026026026026,5,0.5666666666666667,1,0
1910,39.86026026026026,6,0.5666666666666667,1,0
1911,39.96016016016016,2,0.5666666666666667,1,0
1912,39.96016016016016,3,0.5666666666666667,1,0
1913,39.96016016016016,4,0.5666666666666667,1,0
1914,39.96016016016016,5,0.5666666666666667,1,0
1915,39.96016016016016,6,0.5666666666666667,1,0
1916,40.06006006006006,2,0.5666666666666667,1,0
1917,40.06006006006006,3,0.5666666666666667,1,0
1918,40.06006006006006,4,0.5666666666666667,1,0
1919,40.06006006006006,5,0.5666666666666667,1,0
1920,40.06006006006006,6,0.5666666666666667,1,0
1921,40.15995995995996,2,0.5666666666666667,1,0
1922,40.15995995995996,3,0.5666666666666667,1,0
1923,40.15995995995996,4,0.5666666666666667,1,0
1924,40.15995995995996,5,0.5666666666666667,1,0
1925,40.15995995995996,6,0.5666666666666667,1,0
1926,40.25985985985986,2,0.5666666666666667,1,0
1927,40.25985985985986,3,0.5666666666666667,1,0
1928,40.25985985985986,4,0.5666666666666667,1,0
1929,40.25985985985986,5,0.5666666666666667,1,0
1930,40.25985985985986,6,0.5666666666666667,1,0
1931,40.35975975975976,2,0.5666666666666667,1,0
1932,40.35975975975976,3,0.5666666666666667,1,0
1933,40.35975975975976,4,0.5666666666666667,1,0
1934,40.35975975975976,5,0.5666666666666667,1,0
1935,40.35975975975976,6,0.5666666666666667,1,0
1936,40.45965965965966,2,0.5666666666666667,1,0
1937,40.45965965965966,3,0.5666666666666667,1,0
1938,40.45965965965966,4,0.5666666666666667,1,0
1939,40.45965965965966,5,0.5666666666666667,1,0
1940,40.45965965965966,6,0.5666666666666667,1,0
1941,40.55955955955956,2,0.5666666666666667,1,0
1942,40.55955955955956,3,0.5666666666666667,1,0
1943,40.55955955955956,4,0.5666666666666667,1,0
1944,40.55955955955956,5,0.5666666666666667,1,0
1945,40.55955955955956,6,0.5666666666666667,1,0
1946,40.659459459459455,2,0.5666666666666667,1,0
1947,40.659459459459455,3,0.5666666666666667,1,0
1948,40.659459459459455,4,0.5666666666666667,1,0
1949,40.659459459459455,5,0.5666666666666667,1,0
1950,40.659459459459455,6,0.5666666666666667,1,0
1951,40.75935935935936,2,0.5666666666666667,1,0
1952,40.75935935935936,3,0.5666666666666667,1,0
1953,40.75935935935936,4,0.5666666666666667,1,0
1954,40.75935935935936,5,0.5666666666666667,1,0
1955,40.75935935935936,6,0.5666666666666667,1,0
1956,40.85925925925926,2,0.5666666666666667,1,0
1957,40.85925925925926,3,0.5666666666666667,1,0
1958,40.85925925925926,4,0.5666666666666667,1,0
1959,40.85925925925926,5,0.5666666666666667,1,0
1960,40.85925925925926,6,0.5666666666666667,1,0
1961,40.95915915915916,2,0.5666666666666667,1,0
1962,40.95915915915916,3,0.5666666666666667,1,0
1963,40.95915915915916,4,0.5666666666666667,1,0
1964,40.95915915915916,5,0.5666666666666667,1,0
1965,40.95915915915916,6,0.5666666666666667,1,0
1966,41.05905905905906,2,0.5666666666666667,1,0
1967,41.05905905905906,3,0.5666666666666667,1,0
1968,41.05905905905906,4,0.5666666666666667,1,0
1969,41.05905905905906,5,0.5666666666666667,1,0
1970,41.05905905905906,6,0.5666666666666667,1,0
1971,41.158958958958955,2,0.5666666666666667,1,0
1972,41.158958958958955,3,0.5666666666666667,1,0
1973,41.158958958958955,4,0.5666666666666667,1,0
1974,41.158958958958955,5,0.5666666666666667,1,0
1975,41.158958958958955,6,0.5666666666666667,1,0
1976,41.25885885885886,2,0.5666666666666667,1,0
1977,41.25885885885886,3,0.5666666666666667,1,0
1978,41.25885885885886,4,0.5666666666666667,1,0
1979,41.25885885885886,5,0.5666666666666667,1,0
1980,41.25885885885886,6,0.5666666666666667,1,0
1981,41.35875875875876,2,0.5666666666666667,1,0
1982,41.35875875875876,3,0.5666666666666667,1,0
1983,41.35875875875876,4,0.5666666666666667,1,0
1984,41.35875875875876,5,0.5666666666666667,1,0
1985,41.35875875875876,6,0.5666666666666667,1,0
1986,41.458658658658656,2,0.5666666666666667,1,0
1987,41.458658658658656,3,0.5666666666666667,1,0
1988,41.458658658658656,4,0.5666666666666667,1,0
1989,41.458658658658656,5,0.5666666666666667,1,0
1990,41.458658658658656,6,0.5666666666666667,1,0
1991,41.55855855855856,2,0.5666666666666667,1,0
1992,41.55855855855856,3,0.5666666666666667,1,0
1993,41.55855855855856,4,0.5666666666666667,1,0
1994,41.55855855855856,5,0.5666666666666667,1,0
1995,41.55855855855856,6,0.5666666666666667,1,0
1996,41.658458458458455,2,0.5666666666666667,1,0
1997,41.658458458458455,3,0.5666666666666667,1,0
1998,41.658458458458455,4,0.5666666666666667,1,0
1999,41.658458458458455,5,0.5666666666666667,1,0
2000,41.658458458458455,6,0.5666666666666667,1,0
2001,41.75835835835836,2,0.5666666666666667,1,0
2002,41.75835835835836,3,0.5666666666666667,1,0
2003,41.75835835835836,4,0.5666666666666667,1,0
2004,41.75835835835836,5,0.5666666666666667,1,0
2005,41.75835835835836,6,0.5666666666666667,1,0
2006,41.85825825825826,2,0.5666666666666667,1,0
2007,41.85825825825826,3,0.5666666666666667,1,0
2008,41.85825825825826,4,0.5666666666666667,1,0
2009,41.85825825825826,5,0.5666666666666667,1,0
2010,41.85825825825826,6,0.5666666666666667,1,0
2011,41.958158158158156,2,0.5666666666666667,1,0
2012,41.958158158158156,3,0.5666666666666667,1,0
2013,41.958158158158156,4,0.5666666666666667,1,0
2014,41.958158158158156,5,0.5666666666666667,1,0
2015,41.958158158158156,6,0.5666666666666667,1,0
2016,42.05805805805806,2,0.5666666666666667,1,0
2017,42.05805805805806,3,0.5666666666666667,1,0
2018,42.05805805805806,4,0.5666666666666667,1,0
2019,42.05805805805806,5,0.5666666666666667,1,0
2020,42.05805805805806,6,0.5666666666666667,1,0
2021,42.157957957957954,2,0.5666666666666667,1,0
2022,42.157957957957954,3,0.5666666666666667,1,0
2023,42.157957957957954,4,0.5666666666666667,1,0
2024,42.157957957957954,5,0.5666666666666667,1,0
2025,42.157957957957954,6,0.5666666666666667,1,0
2026,42.25785785785786,2,0.5666666666666667,1,0
2027,42.25785785785786,3,0.5666666666666667,1,0
2028,42.25785785785786,4,0.5666666666666667,1,0
2029,42.25785785785786,5,0.5666666666666667,1,0
2030,42.25785785785786,6,0.5666666666666667,1,0
2031,42.35775775775776,2,0.5666666666666667,1,0
2032,42.35775775775776,3,0.5666666666666667,1,0
2033,42.35775775775776,4,0.5666666666666667,1,0
2034,42.35775775775776,5,0.5666666666666667,1,0
2035,42.35775775775776,6,0.5666666666666667,1,0
2036,42.457657657657656,2,0.5666666666666667,1,0
2037,42.457657657657656,3,0.5666666666666667,1,0
2038,42.457657657657656,4,0.5666666666666667,1,0
2039,42.457657657657656,5,0.5666666666666667,1,0
2040,42.457657657657656,6,0.5666666666666667,1,0
2041,42.55755755755756,2,0.5666666666666667,1,0
2042,42.55755755755756,3,0.5666666666666667,1,0
2043,42.55755755755756,4,0.5666666666666667,1,0
2044,42.55755755755756,5,0.5666666666666667,1,0
2045,42.55755755755756,6,0.5666666666666667,1,0
2046,42.657457457457454,2,0.5666666666666667,1,0
2047,42.657457457457454,3,0.5666666666666667,1,0
2048,42.657457457457454,4,0.5666666666666667,1,0
2049,42.657457457457454,5,0.5666666666666667,1,0
2050,42.657457457457454,6,0.5666666666666667,1,0
2051,42.75735735735736,2,0.5666666666666667,1,0
2052,42.75735735735736,3,0.5666666666666667,1,0
2053,42.75735735735736,4,0.5666666666666667,1,0
2054,42.75735735735736,5,0.5666666666666667,1,0
2055,42.75735735735736,6,0.5666666666666667,1,0
2056,42.85725725725726,2,0.5666666666666667,1,0
2057,42.85725725725726,3,0.5666666666666667,1,0
2058,42.85725725725726,4,0.5666666666666667,1,0
2059,42.85725725725726,5,0.5666666666666667,1,0
2060,42.85725725725726,6,0.5666666666666667,1,0
2061,42.957157157157155,2,0.5666666666666667,1,0
2062,42.957157157157155,3,0.5666666666666667,1,0
2063,42.957157157157155,4,0.5666666666666667,1,0
2064,42.957157157157155,5,0.5666666666666667,1,0
2065,42.957157157157155,6,0.5666666666666667,1,0
2066,43.05705705705706,2,0.5666666666666667,1,0
2067,43.05705705705706,3,0.5666666666666667,1,0
2068,43.05705705705706,4,0.5666666666666667,1,0
2069,43.05705705705706,5,0.5666666666666667,1,0
2070,43.05705705705706,6,0.5666666666666667,1,0
2071,43.156956956956954,2,0.5666666666666667,1,0
2072,43.156956956956954,3,0.5666666666666667,1,0
2073,43.156956956956954,4,0.5666666666666667,1,0
2074,43.156956956956954,5,0.5666666666666667,1,0
2075,43.156956956956954,6,0.5666666666666667,1,0
2076,43.25685685685686,2,0.5666666666666667,1,0
2077,43.25685685685686,3,0.5666666666666667,1,0
2078,43.25685685685686,4,0.5666666666666667,1,0
2079,43.25685685685686,5,0.5666666666666667,1,0
2080,43.25685685685686,6,0.5666666666666667,1,0
2081,43.35675675675675,2,0.5666666666666667,1,0
2082,43.35675675675675,3,0.5666666666666667,1,0
2083,43.35675675675675,4,0.5666666666666667,1,0
2084,43.35675675675675,5,0.5666666666666667,1,0
2085,43.35675675675675,6,0.5666666666666667,1,0
2086,43.456656656656655,2,0.5666666666666667,1,0
2087,43.456656656656655,3,0.5666666666666667,1,0
2088,43.456656656656655,4,0.5666666666666667,1,0
2089,43.456656656656655,5,0.5666666666666667,1,0
2090,43.456656656656655,6,0.5666666666666667,1,0
2091,43.55655655655656,2,0.5666666666666667,1,0
2092,43.55655655655656,3,0.5666666666666667,1,0
2093,43.55655655655656,4,0.5666666666666667,1,0
2094,43.55655655655656,5,0.5666666666666667,1,0
2095,43.55655655655656,6,0.5666666666666667,1,0
2096,43.65645645645645,2,0.5666666666666667,1,0
2097,43.65645645645645,3,0.5666666666666667,1,0
2098,43.65645645645645,4,0.5666666666666667,1,0
2099,43.65645645645645,5,0.5666666666666667,1,0
2100,43.65645645645645,6,0.5666666666666667,1,0
2101,43.756356356356356,2,0.5666666666666667,1,0
2102,43.756356356356356,3,0.5666666666666667,1,0
2103,43.756356356356356,4,0.5666666666666667,1,0
2104,43.756356356356356,5,0.5666666666666667,1,0
2105,43.756356356356356,6,0.5666666666666667,1,0
2106,43.85625625625625,2,0.5666666666666667,1,0
2107,43.85625625625625,3,0.5666666666666667,1,0
2108,43.85625625625625,4,0.5666666666666667,1,0
2109,43.85625625625625,5,0.5666666666666667,1,0
2110,43.85625625625625,6,0.5666666666666667,1,0
2111,43.956156156156155,2,0.5666666666666667,1,0
2112,43.956156156156155,3,0.5666666666666667,1,0
2113,43.956156156156155,4,0.5666666666666667,1,0
2114,43.956156156156155,5,0.5666666666666667,1,0
2115,43.956156156156155,6,0.5666666666666667,1,0
2116,44.05605605605606,2,0.5666666666666667,1,0
2117,44.05605605605606,3,0.5666666666666667,1,0
2118,44.05605605605606,4,0.5666666666666667,1,0
2119,44.05605605605606,5,0.5666666666666667,1,0
2120,44.05605605605606,6,0.5666666666666667,1,0
2121,44.15595595595595,2,0.5666666666666667,1,0
2122,44.15595595595595,3,0.5666666666666667,1,0
2123,44.15595595595595,4,0.5666666666666667,1,0
2124,44.15595595595595,5,0.5666666666666667,1,0
2125,44.15595595595595,6,0.5666666666666667,1,0
2126,44.255855855855856,2,0.5666666666666667,1,0
2127,44.255855855855856,3,0.5666666666666667,1,0
2128,44.255855855855856,4,0.5666666666666667,1,0
2129,44.255855855855856,5,0.5666666666666667,1,0
2130,44.255855855855856,6,0.5666666666666667,1,0
2131,44.35575575575575,2,0.5666666666666667,1,0
2132,44.35575575575575,3,0.5666666666666667,1,0
2133,44.35575575575575,4,0.5666666666666667,1,0
2134,44.35575575575575,5,0.5666666666666667,1,0
2135,44.35575575575575,6,0.5666666666666667,1,0
2136,44.455655655655654,2,0.5666666666666667,1,0
2137,44.455655655655654,3,0.5666666666666667,1,0
2138,44.455655655655654,4,0.5666666666666667,1,0
2139,44.455655655655654,5,0.5666666666666667,1,0
2140,44.455655655655654,6,0.5666666666666667,1,0
2141,44.55555555555556,2,0.5666666666666667,1,0
2142,44.55555555555556,3,0.5666666666666667,1,0
2143,44.55555555555556,4,0.5666666666666667,1,0
2144,44.55555555555556,5,0.5666666666666667,1,0
2145,44.55555555555556,6,0.5666666666666667,1,0
2146,44.65545545545545,2,0.5666666666666667,1,0
2147,44.65545545545545,3,0.5666666666666667,1,0
2148,44.65545545545545,4,0.5666666666666667,1,0
2149,44.65545545545545,5,0.5666666666666667,1,0
2150,44.65545545545545,6,0.5666666666666667,1,0
2151,44.755355355355356,2,0.5666666666666667,1,0
2152,44.755355355355356,3,0.5666666666666667,1,0
2153,44.755355355355356,4,0.5666666666666667,1,0
2154,44.755355355355356,5,0.5666666666666667,1,0
2155,44.755355355355356,6,0.5666666666666667,1,0
2156,44.85525525525525,2,0.5666666666666667,1,0
2157,44.85525525525525,3,0.5666666666666667,1,0
2158,44.85525525525525,4,0.5666666666666667,1,0
2159,44.85525525525525,5,0.5666666666666667,1,0
2160,44.85525525525525,6,0.5666666666666667,1,0
2161,44.955155155155154,2,0.5666666666666667,1,0
2162,44.955155155155154,3,0.5666666666666667,1,0
2163,44.955155155155154,4,0.5666666666666667,1,0
2164,44.955155155155154,5,0.5666666666666667,1,0
2165,44.955155155155154,6,0.5666666666666667,1,0
2166,45.05505505505506,2,0.5666666666666667,1,0
2167,45.05505505505506,3,0.5666666666666667,1,0
2168,45.05505505505506,4,0.5666666666666667,1,0
2169,45.05505505505506,5,0.5666666666666667,1,0
2170,45.05505505505506,6,0.5666666666666667,1,0
2171,45.15495495495495,2,0.5666666666666667,1,0
2172,45.15495495495495,3,0.5666666666666667,1,0
2173,45.15495495495495,4,0.5666666666666667,1,0
2174,45.15495495495495,5,0.5666666666666667,1,0
2175,45.15495495495495,6,0.5666666666666667,1,0
2176,45.254854854854855,2,0.5666666666666667,1,0
2177,45.254854854854855,3,0.5666666666666667,1,0
2178,45.254854854854855,4,0.5666666666666667,1,0
2179,45.254854854854855,5,0.5666666666666667,1,0
2180,45.254854854854855,6,0.5666666666666667,1,0
2181,45.35475475475475,2,0.5666666666666667,1,0
2182,45.35475475475475,3,0.5666666666666667,1,0
2183,45.35475475475475,4,0.5666666666666667,1,0
2184,45.35475475475475,5,0.5666666666666667,1,0
2185,45.35475475475475,6,0.5666666666666667,1,0
2186,45.454654654654654,2,0.5666666666666667,1,0
2187,45.454654654654654,3,0.5666666666666667,1,0
2188,45.454654654654654,4,0.5666666666666667,1,0
2189,45.454654654654654,5,0.5666666666666667,1,0
2190,45.454654654654654,6,0.5666666666666667,1,0
2191,45.55455455455456,2,0.5666666666666667,1,0
2192,45.55455455455456,3,0.5666666666666667,1,0
2193,45.55455455455456,4,0.5666666666666667,1,0
2194,45.55455455455456,5,0.5666666666666667,1,0
2195,45.55455455455456,6,0.5666666666666667,1,0
2196,45.65445445445445,2,0.5666666666666667,1,0
2197,45.65445445445445,3,0.5666666666666667,1,0
2198,45.65445445445445,4,0.5666666666666667,1,0
2199,45.65445445445445,5,0.5666666666666667,1,0
2200,45.65445445445445,6,0.5666666666666667,1,0
2201,45.754354354354355,2,0.5666666666666667,1,0
2202,45.754354354354355,3,0.5666666666666667,1,0
2203,45.754354354354355,4,0.5666666666666667,1,0
2204,45.754354354354355,5,0.5666666666666667,1,0
2205,45.754354354354355,6,0.5666666666666667,1,0
2206,45.85425425425425,2,0.5666666666666667,1,0
2207,45.85425425425425,3,0.5666666666666667,1,0
2208,45.85425425425425,4,0.5666666666666667,1,0
2209,45.85425425425425,5,0.5666666666666667,1,0
2210,45.85425425425425,6,0.5666666666666667,1,0
2211,45.95415415415415,2,0.5666666666666667,1,0
2212,45.95415415415415,3,0.5666666666666667,1,0
2213,45.95415415415415,4,0.5666666666666667,1,0
2214,45.95415415415415,5,0.5666666666666667,1,0
2215,45.95415415415415,6,0.5666666666666667,1,0
2216,46.054054054054056,2,0.5666666666666667,1,0
2217,46.054054054054056,3,0.5666666666666667,1,0
2218,46.054054054054056,4,0.5666666666666667,1,0
2219,46.054054054054056,5,0.5666666666666667,1,0
2220,46.054054054054056,6,0.5666666666666667,1,0
2221,46.15395395395395,2,0.5666666666666667,1,0
2222,46.15395395395395,3,0.5666666666666667,1,0
2223,46.15395395395395,4,0.5666666666666667,1,0
2224,46.15395395395395,5,0.5666666666666667,1,0
2225,46.15395395395395,6,0.5666666666666667,1,0
2226,46.253853853853855,2,0.5666666666666667,1,0
2227,46.253853853853855,3,0.5666666666666667,1,0
2228,46.253853853853855,4,0.5666666666666667,1,0
2229,46.253853853853855,5,0.5666666666666667,1,0
2230,46.253853853853855,6,0.5666666666666667,1,0
2231,46.35375375375375,2,0.5666666666666667,1,0
2232,46.35375375375375,3,0.5666666666666667,1,0
2233,46.35375375375375,4,0.5666666666666667,1,0
2234,46.35375375375375,5,0.5666666666666667,1,0
2235,46.35375375375375,6,0.5666666666666667,1,0
2236,46.45365365365365,2,0.5666666666666667,1,0
2237,46.45365365365365,3,0.5666666666666667,1,0
2238,46.45365365365365,4,0.5666666666666667,1,0
2239,46.45365365365365,5,0.5666666666666667,1,0
2240,46.45365365365365,6,0.5666666666666667,1,0
2241,46.553553553553556,2,0.5666666666666667,1,0
2242,46.553553553553556,3,0.5666666666666667,1,0
2243,46.553553553553556,4,0.5666666666666667,1,0
2244,46.553553553553556,5,0.5666666666666667,1,0
2245,46.553553553553556,6,0.5666666666666667,1,0
2246,46.65345345345345,2,0.5666666666666667,1,0
2247,46.65345345345345,3,0.5666666666666667,1,0
2248,46.65345345345345,4,0.5666666666666667,1,0
2249,46.65345345345345,5,0.5666666666666667,1,0
2250,46.65345345345345,6,0.5666666666666667,1,0
2251,46.753353353353354,2,0.5666666666666667,1,0
2252,46.753353353353354,3,0.5666666666666667,1,0
2253,46.753353353353354,4,0.5666666666666667,1,0
2254,46.753353353353354,5,0.5666666666666667,1,0
2255,46.753353353353354,6,0.5666666666666667,1,0
2256,46.85325325325325,2,0.5666666666666667,1,0
2257,46.85325325325325,3,0.5666666666666667,1,0
2258,46.85325325325325,4,0.5666666666666667,1,0
2259,46.85325325325325,5,0.5666666666666667,1,0
2260,46.85325325325325,6,0.5666666666666667,1,0
2261,46.95315315315315,2,0.5666666666666667,1,0
2262,46.95315315315315,3,0.5666666666666667,1,0
2263,46.95315315315315,4,0.5666666666666667,1,0
2264,46.95315315315315,5,0.5666666666666667,1,0
2265,46.95315315315315,6,0.5666666666666667,1,0
2266,47.05305305305305,2,0.5666666666666667,1,0
2267,47.05305305305305,3,0.5666666666666667,1,0
2268,47.05305305305305,4,0.5666666666666667,1,0
2269,47.05305305305305,5,0.5666666666666667,1,0
2270,47.05305305305305,6,0.5666666666666667,1,0
2271,47.15295295295295,2,0.5666666666666667,1,0
2272,47.15295295295295,3,0.5666666666666667,1,0
2273,47.15295295295295,4,0.5666666666666667,1,0
2274,47.15295295295295,5,0.5666666666666667,1,0
2275,47.15295295295295,6,0.5666666666666667,1,0
2276,47.252852852852854,2,0.5666666666666667,1,0
2277,47.252852852852854,3,0.5666666666666667,1,0
2278,47.252852852852854,4,0.5666666666666667,1,0
2279,47.252852852852854,5,0.5666666666666667,1,0
2280,47.252852852852854,6,0.5666666666666667,1,0
2281,47.35275275275275,2,0.5666666666666667,1,0
2282,47.35275275275275,3,0.5666666666666667,1,0
2283,47.35275275275275,4,0.5666666666666667,1,0
2284,47.35275275275275,5,0.5666666666666667,1,0
2285,47.35275275275275,6,0.5666666666666667,1,0
2286,47.45265265265265,2,0.5666666666666667,1,0
2287,47.45265265265265,3,0.5666666666666667,1,0
2288,47.45265265265265,4,0.5666666666666667,1,0
2289,47.45265265265265,5,0.5666666666666667,1,0
2290,47.45265265265265,6,0.5666666666666667,1,0
2291,47.55255255255255,2,0.5666666666666667,1,0
2292,47.55255255255255,3,0.5666666666666667,1,0
2293,47.55255255255255,4,0.5666666666666667,1,0
2294,47.55255255255255,5,0.5666666666666667,1,0
2295,47.55255255255255,6,0.5666666666666667,1,0
2296,47.65245245245245,2,0.5666666666666667,1,0
2297,47.65245245245245,3,0.5666666666666667,1,0
2298,47.65245245245245,4,0.5666666666666667,1,0
2299,47.65245245245245,5,0.5666666666666667,1,0
2300,47.65245245245245,6,0.5666666666666667,1,0
2301,47.752352352352354,2,0.5666666666666667,1,0
2302,47.752352352352354,3,0.5666666666666667,1,0
2303,47.752352352352354,4,0.5666666666666667,1,0
2304,47.752352352352354,5,0.5666666666666667,1,0
2305,47.752352352352354,6,0.5666666666666667,1,0
2306,47.85225225225225,2,0.5666666666666667,1,0
2307,47.85225225225225,3,0.5666666666666667,1,0
2308,47.85225225225225,4,0.5666666666666667,1,0
2309,47.85225225225225,5,0.5666666666666667,1,0
2310,47.85225225225225,6,0.5666666666666667,1,0
2311,47.95215215215215,2,0.5666666666666667,1,0
2312,47.95215215215215,3,0.5666666666666667,1,0
2313,47.95215215215215,4,0.5666666666666667,1,0
2314,47.95215215215215,5,0.5666666666666667,1,0
2315,47.95215215215215,6,0.5666666666666667,1,0
2316,48.05205205205205,2,0.5666666666666667,1,0
2317,48.05205205205205,3,0.5666666666666667,1,0
2318,48.05205205205205,4,0.5666666666666667,1,0
2319,48.05205205205205,5,0.5666666666666667,1,0
2320,48.05205205205205,6,0.5666666666666667,1,0
2321,48.15195195195195,2,0.5666666666666667,1,0
2322,48.15195195195195,3,0.5666666666666667,1,0
2323,48.15195195195195,4,0.5666666666666667,1,0
2324,48.15195195195195,5,0.5666666666666667,1,0
2325,48.15195195195195,6,0.5666666666666667,1,0
2326,48.25185185185185,2,0.5666666666666667,1,0
2327,48.25185185185185,3,0.5666666666666667,1,0
2328,48.25185185185185,4,0.5666666666666667,1,0
2329,48.25185185185185,5,0.5666666666666667,1,0
2330,48.25185185185185,6,0.5666666666666667,1,0
2331,48.35175175175175,2,0.5666666666666667,1,0
2332,48.35175175175175,3,0.5666666666666667,1,0
2333,48.35175175175175,4,0.5666666666666667,1,0
2334,48.35175175175175,5,0.5666666666666667,1,0
2335,48.35175175175175,6,0.5666666666666667,1,0
2336,48.45165165165165,2,0.5666666666666667,1,0
2337,48.45165165165165,3,0.5666666666666667,1,0
2338,48.45165165165165,4,0.5666666666666667,1,0
2339,48.45165165165165,5,0.5666666666666667,1,0
2340,48.45165165165165,6,0.5666666666666667,1,0
2341,48.55155155155155,2,0.5666666666666667,1,0
2342,48.55155155155155,3,0.5666666666666667,1,0
2343,48.55155155155155,4,0.5666666666666667,1,0
2344,48.55155155155155,5,0.5666666666666667,1,0
2345,48.55155155155155,6,0.5666666666666667,1,0
2346,48.65145145145145,2,0.5666666666666667,1,0
2347,48.65145145145145,3,0.5666666666666667,1,0
2348,48.65145145145145,4,0.5666666666666667,1,0
2349,48.65145145145145,5,0.5666666666666667,1,0
2350,48.65145145145145,6,0.5666666666666667,1,0
2351,48.75135135135135,2,0.5666666666666667,1,0
2352,48.75135135135135,3,0.5666666666666667,1,0
2353,48.75135135135135,4,0.5666666666666667,1,0
2354,48.75135135135135,5,0.5666666666666667,1,0
2355,48.75135135135135,6,0.5666666666666667,1,0
2356,48.85125125125125,2,0.5666666666666667,1,0
2357,48.85125125125125,3,0.5666666666666667,1,0
2358,48.85125125125125,4,0.5666666666666667,1,0
2359,48.85125125125125,5,0.5666666666666667,1,0
2360,48.85125125125125,6,0.5666666666666667,1,0
2361,48.95115115115115,2,0.5666666666666667,1,0
2362,48.95115115115115,3,0.5666666666666667,1,0
2363,48.95115115115115,4,0.5666666666666667,1,0
2364,48.95115115115115,5,0.5666666666666667,1,0
2365,48.95115115115115,6,0.5666666666666667,1,0
2366,49.05105105105105,2,0.5666666666666667,1,0
2367,49.05105105105105,3,0.5666666666666667,1,0
2368,49.05105105105105,4,0.5666666666666667,1,0
2369,49.05105105105105,5,0.5666666666666667,1,0
2370,49.05105105105105,6,0.5666666666666667,1,0
2371,49.15095095095095,2,0.5666666666666667,1,0
2372,49.15095095095095,3,0.5666666666666667,1,0
2373,49.15095095095095,4,0.5666666666666667,1,0
2374,49.15095095095095,5,0.5666666666666667,1,0
2375,49.15095095095095,6,0.5666666666666667,1,0
2376,49.25085085085085,2,0.5666666666666667,1,0
2377,49.25085085085085,3,0.5666666666666667,1,0
2378,49.25085085085085,4,0.5666666666666667,1,0
2379,49.25085085085085,5,0.5666666666666667,1,0
2380,49.25085085085085,6,0.5666666666666667,1,0
2381,49.35075075075075,2,0.5666666666666667,1,0
2382,49.35075075075075,3,0.5666666666666667,1,0
2383,49.35075075075075,4,0.5666666666666667,1,0
2384,49.35075075075075,5,0.5666666666666667,1,0
2385,49.35075075075075,6,0.5666666666666667,1,0
2386,49.45065065065065,2,0.5666666666666667,1,0
2387,49.45065065065065,3,0.5666666666666667,1,0
2388,49.45065065065065,4,0.5666666666666667,1,0
2389,49.45065065065065,5,0.5666666666666667,1,0
2390,49.45065065065065,6,0.5666666666666667,1,0
2391,49.55055055055055,2,0.5666666666666667,1,0
2392,49.55055055055055,3,0.5666666666666667,1,0
2393,49.55055055055055,4,0.5666666666666667,1,0
2394,49.55055055055055,5,0.5666666666666667,1,0
2395,49.55055055055055,6,0.5666666666666667,1,0
2396,49.65045045045045,2,0.5666666666666667,1,0
2397,49.65045045045045,3,0.5666666666666667,1,0
2398,49.65045045045045,4,0.5666666666666667,1,0
2399,49.65045045045045,5,0.5666666666666667,1,0
2400,49.65045045045045,6,0.5666666666666667,1,0
2401,49.750350350350345,2,0.5666666666666667,1,0
2402,49.750350350350345,3,0.5666666666666667,1,0
2403,49.750350350350345,4,0.5666666666666667,1,0
2404,49.750350350350345,5,0.5666666666666667,1,0
2405,49.750350350350345,6,0.5666666666666667,1,0
2406,49.85025025025025,2,0.5666666666666667,1,0
2407,49.85025025025025,3,0.5666666666666667,1,0
2408,49.85025025025025,4,0.5666666666666667,1,0
2409,49.85025025025025,5,0.5666666666666667,1,0
2410,49.85025025025025,6,0.5666666666666667,1,0
2411,49.95015015015015,2,0.5666666666666667,1,0
2412,49.95015015015015,3,0.5666666666666667,1,0
2413,49.95015015015015,4,0.5666666666666667,1,0
2414,49.95015015015015,5,0.5666666666666667,1,0
2415,49.95015015015015,6,0.5666666666666667,1,0
2416,50.05005005005005,2,0.5666666666666667,1,0
2417,50.05005005005005,3,0.5666666666666667,1,0
2418,50.05005005005005,4,0.5666666666666667,1,0
2419,50.05005005005005,5,0.5666666666666667,1,0
2420,50.05005005005005,6,0.5666666666666667,1,0
2421,50.14994994994995,2,0.5666666666666667,1,0
2422,50.14994994994995,3,0.5666666666666667,1,0
2423,50.14994994994995,4,0.5666666666666667,1,0
2424,50.14994994994995,5,0.5666666666666667,1,0
2425,50.14994994994995,6,0.5666666666666667,1,0
2426,50.249849849849845,2,0.5666666666666667,1,0
2427,50.249849849849845,3,0.5666666666666667,1,0
2428,50.249849849849845,4,0.5666666666666667,1,0
2429,50.249849849849845,5,0.5666666666666667,1,0
2430,50.249849849849845,6,0.5666666666666667,1,0
2431,50.34974974974975,2,0.5666666666666667,1,0
2432,50.34974974974975,3,0.5666666666666667,1,0
2433,50.34974974974975,4,0.5666666666666667,1,0
2434,50.34974974974975,5,0.5666666666666667,1,0
2435,50.34974974974975,6,0.5666666666666667,1,0
2436,50.44964964964965,2,0.5666666666666667,1,0
2437,50.44964964964965,3,0.5666666666666667,1,0
2438,50.44964964964965,4,0.5666666666666667,1,0
2439,50.44964964964965,5,0.5666666666666667,1,0
2440,50.44964964964965,6,0.5666666666666667,1,0
2441,50.549549549549546,2,0.5666666666666667,1,0
2442,50.549549549549546,3,0.5666666666666667,1,0
2443,50.549549549549546,4,0.5666666666666667,1,0
2444,50.549549549549546,5,0.5666666666666667,1,0
2445,50.549549549549546,6,0.5666666666666667,1,0
2446,50.64944944944945,2,0.5666666666666667,1,0
2447,50.64944944944945,3,0.5666666666666667,1,0
2448,50.64944944944945,4,0.5666666666666667,1,0
2449,50.64944944944945,5,0.5666666666666667,1,0
2450,50.64944944944945,6,0.5666666666666667,1,0
2451,50.749349349349345,2,0.5666666666666667,1,0
2452,50.749349349349345,3,0.5666666666666667,1,0
2453,50.749349349349345,4,0.5666666666666667,1,0
2454,50.749349349349345,5,0.5666666666666667,1,0
2455,50.749349349349345,6,0.5666666666666667,1,0
2456,50.84924924924925,2,0.5666666666666667,1,0
2457,50.84924924924925,3,0.5666666666666667,1,0
2458,50.84924924924925,4,0.5666666666666667,1,0
2459,50.84924924924925,5,0.5666666666666667,1,0
2460,50.84924924924925,6,0.5666666666666667,1,0
2461,50.94914914914915,2,0.5666666666666667,1,0
2462,50.94914914914915,3,0.5666666666666667,1,0
2463,50.94914914914915,4,0.5666666666666667,1,0
2464,50.94914914914915,5,0.5666666666666667,1,0
2465,50.94914914914915,6,0.5666666666666667,1,0
2466,51.049049049049046,2,0.5666666666666667,1,0
2467,51.049049049049046,3,0.5666666666666667,1,0
2468,51.049049049049046,4,0.5666666666666667,1,0
2469,51.049049049049046,5,0.5666666666666667,1,0
2470,51.049049049049046,6,0.5666666666666667,1,0
2471,51.14894894894895,2,0.5666666666666667,1,0
2472,51.14894894894895,3,0.5666666666666667,1,0
2473,51.14894894894895,4,0.5666666666666667,1,0
2474,51.14894894894895,5,0.5666666666666667,1,0
2475,51.14894894894895,6,0.5666666666666667,1,0
2476,51.248848848848844,2,0.5666666666666667,1,0
2477,51.248848848848844,3,0.5666666666666667,1,0
2478,51.248848848848844,4,0.5666666666666667,1,0
2479,51.248848848848844,5,0.5666666666666667,1,0
2480,51.248848848848844,6,0.5666666666666667,1,0
2481,51.34874874874875,2,0.5666666666666667,1,0
2482,51.34874874874875,3,0.5666666666666667,1,0
2483,51.34874874874875,4,0.5666666666666667,1,0
2484,51.34874874874875,5,0.5666666666666667,1,0
2485,51.34874874874875,6,0.5666666666666667,1,0
2486,51.44864864864865,2,0.5666666666666667,1,0
2487,51.44864864864865,3,0.5666666666666667,1,0
2488,51.44864864864865,4,0.5666666666666667,1,0
2489,51.44864864864865,5,0.5666666666666667,1,0
2490,51.44864864864865,6,0.5666666666666667,1,0
2491,51.548548548548546,2,0.5666666666666667,1,0
2492,51.548548548548546,3,0.5666666666666667,1,0
2493,51.548548548548546,4,0.5666666666666667,1,0
2494,51.548548548548546,5,0.5666666666666667,1,0
2495,51.548548548548546,6,0.5666666666666667,1,0
2496,51.64844844844845,2,0.5666666666666667,1,0
2497,51.64844844844845,3,0.5666666666666667,1,0
2498,51.64844844844845,4,0.5666666666666667,1,0
2499,51.64844844844845,5,0.5666666666666667,1,0
2500,51.64844844844845,6,0.5666666666666667,1,0
2501,51.748348348348344,2,0.5666666666666667,1,0
2502,51.748348348348344,3,0.5666666666666667,1,0
2503,51.748348348348344,4,0.5666666666666667,1,0
2504,51.748348348348344,5,0.5666666666666667,1,0
2505,51.748348348348344,6,0.5666666666666667,1,0
2506,51.84824824824825,2,0.5666666666666667,1,0
2507,51.84824824824825,3,0.5666666666666667,1,0
2508,51.84824824824825,4,0.5666666666666667,1,0
2509,51.84824824824825,5,0.5666666666666667,1,0
2510,51.84824824824825,6,0.5666666666666667,1,0
2511,51.94814814814815,2,0.5666666666666667,1,0
2512,51.94814814814815,3,0.5666666666666667,1,0
2513,51.94814814814815,4,0.5666666666666667,1,0
2514,51.94814814814815,5,0.5666666666666667,1,0
2515,51.94814814814815,6,0.5666666666666667,1,0
2516,52.048048048048045,2,0.5666666666666667,1,0
2517,52.048048048048045,3,0.5666666666666667,1,0
2518,52.048048048048045,4,0.5666666666666667,1,0
2519,52.048048048048045,5,0.5666666666666667,1,0
2520,52.048048048048045,6,0.5666666666666667,1,0
2521,52.14794794794795,2,0.5666666666666667,1,0
2522,52.14794794794795,3,0.5666666666666667,1,0
2523,52.14794794794795,4,0.5666666666666667,1,0
2524,52.14794794794795,5,0.5666666666666667,1,0
2525,52.14794794794795,6,0.5666666666666667,1,0
2526,52.247847847847844,2,0.5666666666666667,1,0
2527,52.247847847847844,3,0.5666666666666667,1,0
2528,52.247847847847844,4,0.5666666666666667,1,0
2529,52.247847847847844,5,0.5666666666666667,1,0
2530,52.247847847847844,6,0.5666666666666667,1,0
2531,52.347747747747746,2,0.5666666666666667,1,0
2532,52.347747747747746,3,0.5666666666666667,1,0
2533,52.347747747747746,4,0.5666666666666667,1,0
2534,52.347747747747746,5,0.5666666666666667,1,0
2535,52.347747747747746,6,0.5666666666666667,1,0
2536,52.44764764764765,2,0.5666666666666667,1,0
2537,52.44764764764765,3,0.5666666666666667,1,0
2538,52.44764764764765,4,0.5666666666666667,1,0
2539,52.44764764764765,5,0.5666666666666667,1,0
2540,52.44764764764765,6,0.5666666666666667,1,0
2541,52.547547547547545,2,0.5666666666666667,1,0
2542,52.547547547547545,3,0.5666666666666667,1,0
2543,52.547547547547545,4,0.5666666666666667,1,0
2544,52.547547547547545,5,0.5666666666666667,1,0
2545,52.547547547547545,6,0.5666666666666667,1,0
2546,52.64744744744745,2,0.5666666666666667,1,0
2547,52.64744744744745,3,0.5666666666666667,1,0
2548,52.64744744744745,4,0.5666666666666667,1,0
2549,52.64744744744745,5,0.5666666666666667,1,0
2550,52.64744744744745,6,0.5666666666666667,1,0
2551,52.74734734734734,2,0.5666666666666667,1,0
2552,52.74734734734734,3,0.5666666666666667,1,0
2553,52.74734734734734,4,0.5666666666666667,1,0
2554,52.74734734734734,5,0.5666666666666667,1,0
2555,52.74734734734734,6,0.5666666666666667,1,0
2556,52.847247247247246,2,0.5666666666666667,1,0
2557,52.847247247247246,3,0.5666666666666667,1,0
2558,52.847247247247246,4,0.5666666666666667,1,0
2559,52.847247247247246,5,0.5666666666666667,1,0
2560,52.847247247247246,6,0.5666666666666667,1,0
2561,52.94714714714715,2,0.5666666666666667,1,0
2562,52.94714714714715,3,0.5666666666666667,1,0
2563,52.94714714714715,4,0.5666666666666667,1,0
2564,52.94714714714715,5,0.5666666666666667,1,0
2565,52.94714714714715,6,0.5666666666666667,1,0
2566,53.047047047047045,2,0.5666666666666667,1,0
2567,53.047047047047045,3,0.5666666666666667,1,0
2568,53.047047047047045,4,0.5666666666666667,1,0
2569,53.047047047047045,5,0.5666666666666667,1,0
2570,53.047047047047045,6,0.5666666666666667,1,0
2571,53.14694694694695,2,0.5666666666666667,1,0
2572,53.14694694694695,3,0.5666666666666667,1,0
2573,53.14694694694695,4,0.5666666666666667,1,0
2574,53.14694694694695,5,0.5666666666666667,1,0
2575,53.14694694694695,6,0.5666666666666667,1,0
2576,53.24684684684684,2,0.5666666666666667,1,0
2577,53.24684684684684,3,0.5666666666666667,1,0
2578,53.24684684684684,4,0.5666666666666667,1,0
2579,53.24684684684684,5,0.5666666666666667,1,0
2580,53.24684684684684,6,0.5666666666666667,1,0
2581,53.346746746746746,2,0.5666666666666667,1,0
2582,53.346746746746746,3,0.5666666666666667,1,0
2583,53.346746746746746,4,0.5666666666666667,1,0
2584,53.346746746746746,5,0.5666666666666667,1,0
2585,53.346746746746746,6,0.5666666666666667,1,0
2586,53.44664664664664,2,0.5666666666666667,1,0
2587,53.44664664664664,3,0.5666666666666667,1,0
2588,53.44664664664664,4,0.5666666666666667,1,0
2589,53.44664664664664,5,0.5666666666666667,1,0
2590,53.44664664664664,6,0.5666666666666667,1,0
2591,53.546546546546544,2,0.5666666666666667,1,0
2592,53.546546546546544,3,0.5666666666666667,1,0
2593,53.546546546546544,4,0.5666666666666667,1,0
2594,53.546546546546544,5,0.5666666666666667,1,0
2595,53.546546546546544,6,0.5666666666666667,1,0
2596,53.64644644644645,2,0.5666666666666667,1,0
2597,53.64644644644645,3,0.5666666666666667,1,0
2598,53.64644644644645,4,0.5666666666666667,1,0
2599,53.64644644644645,5,0.5666666666666667,1,0
2600,53.64644644644645,6,0.5666666666666667,1,0
2601,53.74634634634634,2,0.5666666666666667,1,0
2602,53.74634634634634,3,0.5666666666666667,1,0
2603,53.74634634634634,4,0.5666666666666667,1,0
2604,53.74634634634634,5,0.5666666666666667,1,0
2605,53.74634634634634,6,0.5666666666666667,1,0
2606,53.846246246246245,2,0.5666666666666667,1,0
2607,53.846246246246245,3,0.5666666666666667,1,0
2608,53.846246246246245,4,0.5666666666666667,1,0
2609,53.846246246246245,5,0.5666666666666667,1,0
2610,53.846246246246245,6,0.5666666666666667,1,0
2611,53.94614614614614,2,0.5666666666666667,1,0
2612,53.94614614614614,3,0.5666666666666667,1,0
2613,53.94614614614614,4,0.5666666666666667,1,0
2614,53.94614614614614,5,0.5666666666666667,1,0
2615,53.94614614614614,6,0.5666666666666667,1,0
2616,54.046046046046044,2,0.5666666666666667,1,0
2617,54.046046046046044,3,0.5666666666666667,1,0
2618,54.046046046046044,4,0.5666666666666667,1,0
2619,54.046046046046044,5,0.5666666666666667,1,0
2620,54.046046046046044,6,0.5666666666666667,1,0
2621,54.14594594594595,2,0.5666666666666667,1,0
2622,54.14594594594595,3,0.5666666666666667,1,0
2623,54.14594594594595,4,0.5666666666666667,1,0
2624,54.14594594594595,5,0.5666666666666667,1,0
2625,54.14594594594595,6,0.5666666666666667,1,0
2626,54.24584584584584,2,0.5666666666666667,1,0
2627,54.24584584584584,3,0.5666666666666667,1,0
2628,54.24584584584584,4,0.5666666666666667,1,0
2629,54.24584584584584,5,0.5666666666666667,1,0
2630,54.24584584584584,6,0.5666666666666667,1,0
2631,54.345745745745745,2,0.5666666666666667,1,0
2632,54.345745745745745,3,0.5666666666666667,1,0
2633,54.345745745745745,4,0.5666666666666667,1,0
2634,54.345745745745745,5,0.5666666666666667,1,0
2635,54.345745745745745,6,0.5666666666666667,1,0
2636,54.44564564564564,2,0.5666666666666667,1,0
2637,54.44564564564564,3,0.5666666666666667,1,0
2638,54.44564564564564,4,0.5666666666666667,1,0
2639,54.44564564564564,5,0.5666666666666667,1,0
2640,54.44564564564564,6,0.5666666666666667,1,0
2641,54.545545545545544,2,0.5666666666666667,1,0
2642,54.545545545545544,3,0.5666666666666667,1,0
2643,54.545545545545544,4,0.5666666666666667,1,0
2644,54.545545545545544,5,0.5666666666666667,1,0
2645,54.545545545545544,6,0.5666666666666667,1,0
2646,54.645445445445446,2,0.5666666666666667,1,0
2647,54.645445445445446,3,0.5666666666666667,1,0
2648,54.645445445445446,4,0.5666666666666667,1,0
2649,54.645445445445446,5,0.5666666666666667,1,0
2650,54.645445445445446,6,0.5666666666666667,1,0
2651,54.74534534534534,2,0.5666666666666667,1,0
2652,54.74534534534534,3,0.5666666666666667,1,0
2653,54.74534534534534,4,0.5666666666666667,1,0
2654,54.74534534534534,5,0.5666666666666667,1,0
2655,54.74534534534534,6,0.5666666666666667,1,0
2656,54.845245245245245,2,0.5666666666666667,1,0
2657,54.845245245245245,3,0.5666666666666667,1,0
2658,54.845245245245245,4,0.5666666666666667,1,0
2659,54.845245245245245,5,0.5666666666666667,1,0
2660,54.845245245245245,6,0.5666666666666667,1,0
2661,54.94514514514514,2,0.5666666666666667,1,0
2662,54.94514514514514,3,0.5666666666666667,1,0
2663,54.94514514514514,4,0.5666666666666667,1,0
2664,54.94514514514514,5,0.5666666666666667,1,0
2665,54.94514514514514,6,0.5666666666666667,1,0
2666,55.04504504504504,2,0.5666666666666667,1,0
2667,55.04504504504504,3,0.5666666666666667,1,0
2668,55.04504504504504,4,0.5666666666666667,1,0
2669,55.04504504504504,5,0.5666666666666667,1,0
2670,55.04504504504504,6,0.5666666666666667,1,0
2671,55.144944944944946,2,0.5666666666666667,1,0
2672,55.144944944944946,3,0.5666666666666667,1,0
2673,55.144944944944946,4,0.5666666666666667,1,0
2674,55.144944944944946,5,0.5666666666666667,1,0
2675,55.144944944944946,6,0.5666666666666667,1,0
2676,55.24484484484484,2,0.5666666666666667,1,0
2677,55.24484484484484,3,0.5666666666666667,1,0
2678,55.24484484484484,4,0.5666666666666667,1,0
2679,55.24484484484484,5,0.5666666666666667,1,0
2680,55.24484484484484,6,0.5666666666666667,1,0
2681,55.344744744744744,2,0.5666666666666667,1,0
2682,55.344744744744744,3,0.5666666666666667,1,0
2683,55.344744744744744,4,0.5666666666666667,1,0
2684,55.344744744744744,5,0.5666666666666667,1,0
2685,55.344744744744744,6,0.5666666666666667,1,0
2686,55.44464464464464,2,0.5666666666666667,1,0
2687,55.44464464464464,3,0.5666666666666667,1,0
2688,55.44464464464464,4,0.5666666666666667,1,0
2689,55.44464464464464,5,0.5666666666666667,1,0
2690,55.44464464464464,6,0.5666666666666667,1,0
2691,55.54454454454454,2,0.5666666666666667,1,0
2692,55.54454454454454,3,0.5666666666666667,1,0
2693,55.54454454454454,4,0.5666666666666667,1,0
2694,55.54454454454454,5,0.5666666666666667,1,0
2695,55.54454454454454,6,0.5666666666666667,1,0
2696,55.644444444444446,2,0.5666666666666667,1,0
2697,55.644444444444446,3,0.5666666666666667,1,0
2698,55.644444444444446,4,0.5666666666666667,1,0
2699,55.644444444444446,5,0.5666666666666667,1,0
2700,55.644444444444446,6,0.5666666666666667,1,0
2701,55.74434434434434,2,0.5666666666666667,1,0
2702,55.74434434434434,3,0.5666666666666667,1,0
2703,55.74434434434434,4,0.5666666666666667,1,0
2704,55.74434434434434,5,0.5666666666666667,1,0
2705,55.74434434434434,6,0.5666666666666667,1,0
2706,55.844244244244244,2,0.5666666666666667,1,0
2707,55.844244244244244,3,0.5666666666666667,1,0
2708,55.844244244244244,4,0.5666666666666667,1,0
2709,55.844244244244244,5,0.5666666666666667,1,0
2710,55.844244244244244,6,0.5666666666666667,1,0
2711,55.94414414414414,2,0.5666666666666667,1,0
2712,55.94414414414414,3,0.5666666666666667,1,0
2713,55.94414414414414,4,0.5666666666666667,1,0
2714,55.94414414414414,5,0.5666666666666667,1,0
2715,55.94414414414414,6,0.5666666666666667,1,0
2716,56.04404404404404,2,0.5666666666666667,1,0
2717,56.04404404404404,3,0.5666666666666667,1,0
2718,56.04404404404404,4,0.5666666666666667,1,0
2719,56.04404404404404,5,0.5666666666666667,1,0
2720,56.04404404404404,6,0.5666666666666667,1,0
2721,56.14394394394394,2,0.5666666666666667,1,0
2722,56.14394394394394,3,0.5666666666666667,1,0
2723,56.14394394394394,4,0.5666666666666667,1,0
2724,56.14394394394394,5,0.5666666666666667,1,0
2725,56.14394394394394,6,0.5666666666666667,1,0
2726,56.24384384384384,2,0.5666666666666667,1,0
2727,56.24384384384384,3,0.5666666666666667,1,0
2728,56.24384384384384,4,0.5666666666666667,1,0
2729,56.24384384384384,5,0.5666666666666667,1,0
2730,56.24384384384384,6,0.5666666666666667,1,0
2731,56.343743743743744,2,0.5666666666666667,1,0
2732,56.343743743743744,3,0.5666666666666667,1,0
2733,56.343743743743744,4,0.5666666666666667,1,0
2734,56.343743743743744,5,0.5666666666666667,1,0
2735,56.343743743743744,6,0.5666666666666667,1,0
2736,56.44364364364364,2,0.5666666666666667,1,0
2737,56.44364364364364,3,0.5666666666666667,1,0
2738,56.44364364364364,4,0.5666666666666667,1,0
2739,56.44364364364364,5,0.5666666666666667,1,0
2740,56.44364364364364,6,0.5666666666666667,1,0
2741,56.54354354354354,2,0.5666666666666667,1,0
2742,56.54354354354354,3,0.5666666666666667,1,0
2743,56.54354354354354,4,0.5666666666666667,1,0
2744,56.54354354354354,5,0.5666666666666667,1,0
2745,56.54354354354354,6,0.5666666666666667,1,0
2746,56.64344344344344,2,0.5666666666666667,1,0
2747,56.64344344344344,3,0.5666666666666667,1,0
2748,56.64344344344344,4,0.5666666666666667,1,0
2749,56.64344344344344,5,0.5666666666666667,1,0
2750,56.64344344344344,6,0.5666666666666667,1,0
2751,56.74334334334334,2,0.5666666666666667,1,0
2752,56.74334334334334,3,0.5666666666666667,1,0
2753,56.74334334334334,4,0.5666666666666667,1,0
2754,56.74334334334334,5,0.5666666666666667,1,0
2755,56.74334334334334,6,0.5666666666666667,1,0
2756,56.84324324324324,2,0.5666666666666667,1,0
2757,56.84324324324324,3,0.5666666666666667,1,0
2758,56.84324324324324,4,0.5666666666666667,1,0
2759,56.84324324324324,5,0.5666666666666667,1,0
2760,56.84324324324324,6,0.5666666666666667,1,0
2761,56.94314314314314,2,0.5666666666666667,1,0
2762,56.94314314314314,3,0.5666666666666667,1,0
2763,56.94314314314314,4,0.5666666666666667,1,0
2764,56.94314314314314,5,0.5666666666666667,1,0
2765,56.94314314314314,6,0.5666666666666667,1,0
2766,57.04304304304304,2,0.5666666666666667,1,0
2767,57.04304304304304,3,0.5666666666666667,1,0
2768,57.04304304304304,4,0.5666666666666667,1,0
2769,57.04304304304304,5,0.5666666666666667,1,0
2770,57.04304304304304,6,0.5666666666666667,1,0
2771,57.14294294294294,2,0.5666666666666667,1,0
2772,57.14294294294294,3,0.5666666666666667,1,0
2773,57.14294294294294,4,0.5666666666666667,1,0
2774,57.14294294294294,5,0.5666666666666667,1,0
2775,57.14294294294294,6,0.5666666666666667,1,0
2776,57.24284284284284,2,0.5666666666666667,1,0
2777,57.24284284284284,3,0.5666666666666667,1,0
2778,57.24284284284284,4,0.5666666666666667,1,0
2779,57.24284284284284,5,0.5666666666666667,1,0
2780,57.24284284284284,6,0.5666666666666667,1,0
2781,57.34274274274274,2,0.5666666666666667,1,0
2782,57.34274274274274,3,0.5666666666666667,1,0
2783,57.34274274274274,4,0.5666666666666667,1,0
2784,57.34274274274274,5,0.5666666666666667,1,0
2785,57.34274274274274,6,0.5666666666666667,1,0
2786,57.44264264264264,2,0.5666666666666667,1,0
2787,57.44264264264264,3,0.5666666666666667,1,0
2788,57.44264264264264,4,0.5666666666666667,1,0
2789,57.44264264264264,5,0.5666666666666667,1,0
2790,57.44264264264264,6,0.5666666666666667,1,0
2791,57.54254254254254,2,0.5666666666666667,1,0
2792,57.54254254254254,3,0.5666666666666667,1,0
2793,57.54254254254254,4,0.5666666666666667,1,0
2794,57.54254254254254,5,0.5666666666666667,1,0
2795,57.54254254254254,6,0.5666666666666667,1,0
2796,57.64244244244244,2,0.5666666666666667,1,0
2797,57.64244244244244,3,0.5666666666666667,1,0
2798,57.64244244244244,4,0.5666666666666667,1,0
2799,57.64244244244244,5,0.5666666666666667,1,0
2800,57.64244244244244,6,0.5666666666666667,1,0
2801,57.74234234234234,2,0.5666666666666667,1,0
2802,57.74234234234234,3,0.5666666666666667,1,0
2803,57.74234234234234,4,0.5666666666666667,1,0
2804,57.74234234234234,5,0.5666666666666667,1,0
2805,57.74234234234234,6,0.5666666666666667,1,0
2806,57.84224224224224,2,0.5666666666666667,1,0
2807,57.84224224224224,3,0.5666666666666667,1,0
2808,57.84224224224224,4,0.5666666666666667,1,0
2809,57.84224224224224,5,0.5666666666666667,1,0
2810,57.84224224224224,6,0.5666666666666667,1,0
2811,57.94214214214214,2,0.5666666666666667,1,0
2812,57.94214214214214,3,0.5666666666666667,1,0
2813,57.94214214214214,4,0.5666666666666667,1,0
2814,57.94214214214214,5,0.5666666666666667,1,0
2815,57.94214214214214,6,0.5666666666666667,1,0
2816,58.04204204204204,2,0.5666666666666667,1,0
2817,58.04204204204204,3,0.5666666666666667,1,0
2818,58.04204204204204,4,0.5666666666666667,1,0
2819,58.04204204204204,5,0.5666666666666667,1,0
2820,58.04204204204204,6,0.5666666666666667,1,0
2821,58.14194194194194,2,0.5666666666666667,1,0
2822,58.14194194194194,3,0.5666666666666667,1,0
2823,58.14194194194194,4,0.5666666666666667,1,0
2824,58.14194194194194,5,0.5666666666666667,1,0
2825,58.14194194194194,6,0.5666666666666667,1,0
2826,58.24184184184184,2,0.5666666666666667,1,0
2827,58.24184184184184,3,0.5666666666666667,1,0
2828,58.24184184184184,4,0.5666666666666667,1,0
2829,58.24184184184184,5,0.5666666666666667,1,0
2830,58.24184184184184,6,0.5666666666666667,1,0
2831,58.34174174174174,2,0.5666666666666667,1,0
2832,58.34174174174174,3,0.5666666666666667,1,0
2833,58.34174174174174,4,0.5666666666666667,1,0
2834,58.34174174174174,5,0.5666666666666667,1,0
2835,58.34174174174174,6,0.5666666666666667,1,0
2836,58.44164164164164,2,0.5666666666666667,1,0
2837,58.44164164164164,3,0.5666666666666667,1,0
2838,58.44164164164164,4,0.5666666666666667,1,0
2839,58.44164164164164,5,0.5666666666666667,1,0
2840,58.44164164164164,6,0.5666666666666667,1,0
2841,58.54154154154154,2,0.5666666666666667,1,0
2842,58.54154154154154,3,0.5666666666666667,1,0
2843,58.54154154154154,4,0.5666666666666667,1,0
2844,58.54154154154154,5,0.5666666666666667,1,0
2845,58.54154154154154,6,0.5666666666666667,1,0
2846,58.64144144144144,2,0.5666666666666667,1,0
2847,58.64144144144144,3,0.5666666666666667,1,0
2848,58.64144144144144,4,0.5666666666666667,1,0
2849,58.64144144144144,5,0.5666666666666667,1,0
2850,58.64144144144144,6,0.5666666666666667,1,0
2851,58.74134134134134,2,0.5666666666666667,1,0
2852,58.74134134134134,3,0.5666666666666667,1,0
2853,58.74134134134134,4,0.5666666666666667,1,0
2854,58.74134134134134,5,0.5666666666666667,1,0
2855,58.74134134134134,6,0.5666666666666667,1,0
2856,58.84124124124124,2,0.5666666666666667,1,0
2857,58.84124124124124,3,0.5666666666666667,1,0
2858,58.84124124124124,4,0.5666666666666667,1,0
2859,58.84124124124124,5,0.5666666666666667,1,0
2860,58.84124124124124,6,0.5666666666666667,1,0
2861,58.94114114114114,2,0.5666666666666667,1,0
2862,58.94114114114114,3,0.5666666666666667,1,0
2863,58.94114114114114,4,0.5666666666666667,1,0
2864,58.94114114114114,5,0.5666666666666667,1,0
2865,58.94114114114114,6,0.5666666666666667,1,0
2866,59.04104104104104,2,0.5666666666666667,1,0
2867,59.04104104104104,3,0.5666666666666667,1,0
2868,59.04104104104104,4,0.5666666666666667,1,0
2869,59.04104104104104,5,0.5666666666666667,1,0
2870,59.04104104104104,6,0.5666666666666667,1,0
2871,59.140940940940936,2,0.5666666666666667,1,0
2872,59.140940940940936,3,0.5666666666666667,1,0
2873,59.140940940940936,4,0.5666666666666667,1,0
2874,59.140940940940936,5,0.5666666666666667,1,0
2875,59.140940940940936,6,0.5666666666666667,1,0
2876,59.24084084084084,2,0.5666666666666667,1,0
2877,59.24084084084084,3,0.5666666666666667,1,0
2878,59.24084084084084,4,0.5666666666666667,1,0
2879,59.24084084084084,5,0.5666666666666667,1,0
2880,59.24084084084084,6,0.5666666666666667,1,0
2881,59.34074074074074,2,0.5666666666666667,1,0
2882,59.34074074074074,3,0.5666666666666667,1,0
2883,59.34074074074074,4,0.5666666666666667,1,0
2884,59.34074074074074,5,0.5666666666666667,1,0
2885,59.34074074074074,6,0.5666666666666667,1,0
2886,59.44064064064064,2,0.5666666666666667,1,0
2887,59.44064064064064,3,0.5666666666666667,1,0
2888,59.44064064064064,4,0.5666666666666667,1,0
2889,59.44064064064064,5,0.5666666666666667,1,0
2890,59.44064064064064,6,0.5666666666666667,1,0
2891,59.54054054054054,2,0.5666666666666667,1,0
2892,59.54054054054054,3,0.5666666666666667,1,0
2893,59.54054054054054,4,0.5666666666666667,1,0
2894,59.54054054054054,5,0.5666666666666667,1,0
2895,59.54054054054054,6,0.5666666666666667,1,0
2896,59.640440440440436,2,0.5666666666666667,1,0
2897,59.640440440440436,3,0.5666666666666667,1,0
2898,59.640440440440436,4,0.5666666666666667,1,0
2899,59.640440440440436,5,0.5666666666666667,1,0
2900,59.640440440440436,6,0.5666666666666667,1,0
2901,59.74034034034034,2,0.5666666666666667,1,0
2902,59.74034034034034,3,0.5666666666666667,1,0
2903,59.74034034034034,4,0.5666666666666667,1,0
2904,59.74034034034034,5,0.5666666666666667,1,0
2905,59.74034034034034,6,0.5666666666666667,1,0
2906,59.840240240240234,2,0.5666666666666667,1,0
2907,59.840240240240234,3,0.5666666666666667,1,0
2908,59.840240240240234,4,0.5666666666666667,1,0
2909,59.840240240240234,5,0.5666666666666667,1,0
2910,59.840240240240234,6,0.5666666666666667,1,0
2911,59.94014014014014,2,0.5666666666666667,1,0
2912,59.94014014014014,3,0.5666666666666667,1,0
2913,59.94014014014014,4,0.5666666666666667,1,0
2914,59.94014014014014,5,0.5666666666666667,1,0
2915,59.94014014014014,6,0.5666666666666667,1,0
2916,60.04004004004004,2,0.5666666666666667,1,0
2917,60.04004004004004,3,0.5666666666666667,1,0
2918,60.04004004004004,4,0.5666666666666667,1,0
2919,60.04004004004004,5,0.5666666666666667,1,0
2920,60.04004004004004,6,0.5666666666666667,1,0
2921,60.139939939939936,2,0.5666666666666667,1,0
2922,60.139939939939936,3,0.5666666666666667,1,0
2923,60.139939939939936,4,0.5666666666666667,1,0
2924,60.139939939939936,5,0.5666666666666667,1,0
2925,60.139939939939936,6,0.5666666666666667,1,0
2926,60.23983983983984,2,0.5666666666666667,1,0
2927,60.23983983983984,3,0.5666666666666667,1,0
2928,60.23983983983984,4,0.5666666666666667,1,0
2929,60.23983983983984,5,0.5666666666666667,1,0
2930,60.23983983983984,6,0.5666666666666667,1,0
2931,60.339739739739734,2,0.5666666666666667,1,0
2932,60.339739739739734,3,0.5666666666666667,1,0
2933,60.339739739739734,4,0.5666666666666667,1,0
2934,60.339739739739734,5,0.5666666666666667,1,0
2935,60.339739739739734,6,0.5666666666666667,1,0
2936,60.43963963963964,2,0.5666666666666667,1,0
2937,60.43963963963964,3,0.5666666666666667,1,0
2938,60.43963963963964,4,0.5666666666666667,1,0
2939,60.43963963963964,5,0.5666666666666667,1,0
2940,60.43963963963964,6,0.5666666666666667,1,0
2941,60.53953953953954,2,0.5666666666666667,1,0
2942,60.53953953953954,3,0.5666666666666667,1,0
2943,60.53953953953954,4,0.5666666666666667,1,0
2944,60.53953953953954,5,0.5666666666666667,1,0
2945,60.53953953953954,6,0.5666666666666667,1,0
2946,60.639439439439435,2,0.5666666666666667,1,0
2947,60.639439439439435,3,0.5666666666666667,1,0
2948,60.639439439439435,4,0.5666666666666667,1,0
2949,60.639439439439435,5,0.5666666666666667,1,0
2950,60.639439439439435,6,0.5666666666666667,1,0
2951,60.73933933933934,2,0.5666666666666667,1,0
2952,60.73933933933934,3,0.5666666666666667,1,0
2953,60.73933933933934,4,0.5666666666666667,1,0
2954,60.73933933933934,5,0.5666666666666667,1,0
2955,60.73933933933934,6,0.5666666666666667,1,0
2956,60.839239239239234,2,0.5666666666666667,1,0
2957,60.839239239239234,3,0.5666666666666667,1,0
2958,60.839239239239234,4,0.5666666666666667,1,0
2959,60.839239239239234,5,0.5666666666666667,1,0
2960,60.839239239239234,6,0.5666666666666667,1,0
2961,60.93913913913914,2,0.5666666666666667,1,0
2962,60.93913913913914,3,0.5666666666666667,1,0
2963,60.93913913913914,4,0.5666666666666667,1,0
2964,60.93913913913914,5,0.5666666666666667,1,0
2965,60.93913913913914,6,0.5666666666666667,1,0
2966,61.03903903903904,2,0.5666666666666667,1,0
2967,61.03903903903904,3,0.5666666666666667,1,0
2968,61.03903903903904,4,0.5666666666666667,1,0
2969,61.03903903903904,5,0.5666666666666667,1,0
2970,61.03903903903904,6,0.5666666666666667,1,0
2971,61.138938938938935,2,0.5666666666666667,1,0
2972,61.138938938938935,3,0.5666666666666667,1,0
2973,61.138938938938935,4,0.5666666666666667,1,0
2974,61.138938938938935,5,0.5666666666666667,1,0
2975,61.138938938938935,6,0.5666666666666667,1,0
2976,61.23883883883884,2,0.5666666666666667,1,0
2977,61.23883883883884,3,0.5666666666666667,1,0
2978,61.23883883883884,4,0.5666666666666667,1,0
2979,61.23883883883884,5,0.5666666666666667,1,0
2980,61.23883883883884,6,0.5666666666666667,1,0
2981,61.33873873873873,2,0.5666666666666667,1,0
2982,61.33873873873873,3,0.5666666666666667,1,0
2983,61.33873873873873,4,0.5666666666666667,1,0
2984,61.33873873873873,5,0.5666666666666667,1,0
2985,61.33873873873873,6,0.5666666666666667,1,0
2986,61.438638638638636,2,0.5666666666666667,1,0
2987,61.438638638638636,3,0.5666666666666667,1,0
2988,61.438638638638636,4,0.5666666666666667,1,0
2989,61.438638638638636,5,0.5666666666666667,1,0
2990,61.438638638638636,6,0.5666666666666667,1,0
2991,61.53853853853854,2,0.5666666666666667,1,0
2992,61.53853853853854,3,0.5666666666666667,1,0
2993,61.53853853853854,4,0.5666666666666667,1,0
2994,61.53853853853854,5,0.5666666666666667,1,0
2995,61.53853853853854,6,0.5666666666666667,1,0
2996,61.638438438438435,2,0.5666666666666667,1,0
2997,61.638438438438435,3,0.5666666666666667,1,0
2998,61.638438438438435,4,0.5666666666666667,1,0
2999,61.638438438438435,5,0.5666666666666667,1,0
3000,61.638438438438435,6,0.5666666666666667,1,0
3001,61.73833833833834,2,0.5666666666666667,1,0
3002,61.73833833833834,3,0.5666666666666667,1,0
3003,61.73833833833834,4,0.5666666666666667,1,0
3004,61.73833833833834,5,0.5666666666666667,1,0
3005,61.73833833833834,6,0.5666666666666667,1,0
3006,61.83823823823823,2,0.5666666666666667,1,0
3007,61.83823823823823,3,0.5666666666666667,1,0
3008,61.83823823823823,4,0.5666666666666667,1,0
3009,61.83823823823823,5,0.5666666666666667,1,0
3010,61.83823823823823,6,0.5666666666666667,1,0
3011,61.938138138138136,2,0.5666666666666667,1,0
3012,61.938138138138136,3,0.5666666666666667,1,0
3013,61.938138138138136,4,0.5666666666666667,1,0
3014,61.938138138138136,5,0.5666666666666667,1,0
3015,61.938138138138136,6,0.5666666666666667,1,0
3016,62.03803803803804,2,0.5666666666666667,1,0
3017,62.03803803803804,3,0.5666666666666667,1,0
3018,62.03803803803804,4,0.5666666666666667,1,0
3019,62.03803803803804,5,0.5666666666666667,1,0
3020,62.03803803803804,6,0.5666666666666667,1,0
3021,62.137937937937934,2,0.5666666666666667,1,0
3022,62.137937937937934,3,0.5666666666666667,1,0
3023,62.137937937937934,4,0.5666666666666667,1,0
3024,62.137937937937934,5,0.5666666666666667,1,0
3025,62.137937937937934,6,0.5666666666666667,1,0
3026,62.23783783783784,2,0.5666666666666667,1,0
3027,62.23783783783784,3,0.5666666666666667,1,0
3028,62.23783783783784,4,0.5666666666666667,1,0
3029,62.23783783783784,5,0.5666666666666667,1,0
3030,62.23783783783784,6,0.5666666666666667,1,0
3031,62.33773773773773,2,0.5666666666666667,1,0
3032,62.33773773773773,3,0.5666666666666667,1,0
3033,62.33773773773773,4,0.5666666666666667,1,0
3034,62.33773773773773,5,0.5666666666666667,1,0
3035,62.33773773773773,6,0.5666666666666667,1,0
3036,62.437637637637636,2,0.5666666666666667,1,0
3037,62.437637637637636,3,0.5666666666666667,1,0
3038,62.437637637637636,4,0.5666666666666667,1,0
3039,62.437637637637636,5,0.5666666666666667,1,0
3040,62.437637637637636,6,0.5666666666666667,1,0
3041,62.53753753753753,2,0.5666666666666667,1,0
3042,62.53753753753753,3,0.5666666666666667,1,0
3043,62.53753753753753,4,0.5666666666666667,1,0
3044,62.53753753753753,5,0.5666666666666667,1,0
3045,62.53753753753753,6,0.5666666666666667,1,0
3046,62.637437437437434,2,0.5666666666666667,1,0
3047,62.637437437437434,3,0.5666666666666667,1,0
3048,62.637437437437434,4,0.5666666666666667,1,0
3049,62.637437437437434,5,0.5666666666666667,1,0
3050,62.637437437437434,6,0.5666666666666667,1,0
3051,62.73733733733734,2,0.5666666666666667,1,0
3052,62.73733733733734,3,0.5666666666666667,1,0
3053,62.73733733733734,4,0.5666666666666667,1,0
3054,62.73733733733734,5,0.5666666666666667,1,0
3055,62.73733733733734,6,0.5666666666666667,1,0
3056,62.83723723723723,2,0.5666666666666667,1,0
3057,62.83723723723723,3,0.5666666666666667,1,0
3058,62.83723723723723,4,0.5666666666666667,1,0
3059,62.83723723723723,5,0.5666666666666667,1,0
3060,62.83723723723723,6,0.5666666666666667,1,0
3061,62.937137137137135,2,0.5666666666666667,1,0
3062,62.937137137137135,3,0.5666666666666667,1,0
3063,62.937137137137135,4,0.5666666666666667,1,0
3064,62.937137137137135,5,0.5666666666666667,1,0
3065,62.937137137137135,6,0.5666666666666667,1,0
3066,63.03703703703703,2,0.5666666666666667,1,0
3067,63.03703703703703,3,0.5666666666666667,1,0
3068,63.03703703703703,4,0.5666666666666667,1,0
3069,63.03703703703703,5,0.5666666666666667,1,0
3070,63.03703703703703,6,0.5666666666666667,1,0
3071,63.136936936936934,2,0.5666666666666667,1,0
3072,63.136936936936934,3,0.5666666666666667,1,0
3073,63.136936936936934,4,0.5666666666666667,1,0
3074,63.136936936936934,5,0.5666666666666667,1,0
3075,63.136936936936934,6,0.5666666666666667,1,0
3076,63.23683683683684,2,0.5666666666666667,1,0
3077,63.23683683683684,3,0.5666666666666667,1,0
3078,63.23683683683684,4,0.5666666666666667,1,0
3079,63.23683683683684,5,0.5666666666666667,1,0
3080,63.23683683683684,6,0.5666666666666667,1,0
3081,63.33673673673673,2,0.5666666666666667,1,0
3082,63.33673673673673,3,0.5666666666666667,1,0
3083,63.33673673673673,4,0.5666666666666667,1,0
3084,63.33673673673673,5,0.5666666666666667,1,0
3085,63.33673673673673,6,0.5666666666666667,1,0
3086,63.436636636636635,2,0.5666666666666667,1,0
3087,63.436636636636635,3,0.5666666666666667,1,0
3088,63.436636636636635,4,0.5666666666666667,1,0
3089,63.436636636636635,5,0.5666666666666667,1,0
3090,63.436636636636635,6,0.5666666666666667,1,0
3091,63.53653653653653,2,0.5666666666666667,1,0
3092,63.53653653653653,3,0.5666666666666667,1,0
3093,63.53653653653653,4,0.5666666666666667,1,0
3094,63.53653653653653,5,0.5666666666666667,1,0
3095,63.53653653653653,6,0.5666666666666667,1,0
3096,63.63643643643643,2,0.5666666666666667,1,0
3097,63.63643643643643,3,0.5666666666666667,1,0
3098,63.63643643643643,4,0.5666666666666667,1,0
3099,63.63643643643643,5,0.5666666666666667,1,0
3100,63.63643643643643,6,0.5666666666666667,1,0
3101,63.736336336336336,2,0.5666666666666667,1,0
3102,63.736336336336336,3,0.5666666666666667,1,0
3103,63.736336336336336,4,0.5666666666666667,1,0
3104,63.736336336336336,5,0.5666666666666667,1,0
3105,63.736336336336336,6,0.5666666666666667,1,0
3106,63.83623623623623,2,0.5666666666666667,1,0
3107,63.83623623623623,3,0.5666666666666667,1,0
3108,63.83623623623623,4,0.5666666666666667,1,0
3109,63.83623623623623,5,0.5666666666666667,1,0
3110,63.83623623623623,6,0.5666666666666667,1,0
3111,63.936136136136135,2,0.5666666666666667,1,0
3112,63.936136136136135,3,0.5666666666666667,1,0
3113,63.936136136136135,4,0.5666666666666667,1,0
3114,63.936136136136135,5,0.5666666666666667,1,0
3115,63.936136136136135,6,0.5666666666666667,1,0
3116,64.03603603603602,2,0.5666666666666667,1,0
3117,64.03603603603602,3,0.5666666666666667,1,0
3118,64.03603603603602,4,0.5666666666666667,1,0
3119,64.03603603603602,5,0.5666666666666667,1,0
3120,64.03603603603602,6,0.5666666666666667,1,0
3121,64.13593593593593,2,0.5666666666666667,1,0
3122,64.13593593593593,3,0.5666666666666667,1,0
3123,64.13593593593593,4,0.5666666666666667,1,0
3124,64.13593593593593,5,0.5666666666666667,1,0
3125,64.13593593593593,6,0.5666666666666667,1,0
3126,64.23583583583583,2,0.5666666666666667,1,0
3127,64.23583583583583,3,0.5666666666666667,1,0
3128,64.23583583583583,4,0.5666666666666667,1,0
3129,64.23583583583583,5,0.5666666666666667,1,0
3130,64.23583583583583,6,0.5666666666666667,1,0
3131,64.33573573573574,2,0.5666666666666667,1,0
3132,64.33573573573574,3,0.5666666666666667,1,0
3133,64.33573573573574,4,0.5666666666666667,1,0
3134,64.33573573573574,5,0.5666666666666667,1,0
3135,64.33573573573574,6,0.5666666666666667,1,0
3136,64.43563563563563,2,0.5666666666666667,1,0
3137,64.43563563563563,3,0.5666666666666667,1,0
3138,64.43563563563563,4,0.5666666666666667,1,0
3139,64.43563563563563,5,0.5666666666666667,1,0
3140,64.43563563563563,6,0.5666666666666667,1,0
3141,64.53553553553553,2,0.5666666666666667,1,0
3142,64.53553553553553,3,0.5666666666666667,1,0
3143,64.53553553553553,4,0.5666666666666667,1,0
3144,64.53553553553553,5,0.5666666666666667,1,0
3145,64.53553553553553,6,0.5666666666666667,1,0
3146,64.63543543543543,2,0.5666666666666667,1,0
3147,64.63543543543543,3,0.5666666666666667,1,0
3148,64.63543543543543,4,0.5666666666666667,1,0
3149,64.63543543543543,5,0.5666666666666667,1,0
3150,64.63543543543543,6,0.5666666666666667,1,0
3151,64.73533533533534,2,0.5666666666666667,1,0
3152,64.73533533533534,3,0.5666666666666667,1,0
3153,64.73533533533534,4,0.5666666666666667,1,0
3154,64.73533533533534,5,0.5666666666666667,1,0
3155,64.73533533533534,6,0.5666666666666667,1,0
3156,64.83523523523523,2,0.5666666666666667,1,0
3157,64.83523523523523,3,0.5666666666666667,1,0
3158,64.83523523523523,4,0.5666666666666667,1,0
3159,64.83523523523523,5,0.5666666666666667,1,0
3160,64.83523523523523,6,0.5666666666666667,1,0
3161,64.93513513513513,2,0.5666666666666667,1,0
3162,64.93513513513513,3,0.5666666666666667,1,0
3163,64.93513513513513,4,0.5666666666666667,1,0
3164,64.93513513513513,5,0.5666666666666667,1,0
3165,64.93513513513513,6,0.5666666666666667,1,0
3166,65.03503503503504,2,0.5666666666666667,1,0
3167,65.03503503503504,3,0.5666666666666667,1,0
3168,65.03503503503504,4,0.5666666666666667,1,0
3169,65.03503503503504,5,0.5666666666666667,1,0
3170,65.03503503503504,6,0.5666666666666667,1,0
3171,65.13493493493493,2,0.5666666666666667,1,0
3172,65.13493493493493,3,0.5666666666666667,1,0
3173,65.13493493493493,4,0.5666666666666667,1,0
3174,65.13493493493493,5,0.5666666666666667,1,0
3175,65.13493493493493,6,0.5666666666666667,1,0
3176,65.23483483483483,2,0.5666666666666667,1,0
3177,65.23483483483483,3,0.5666666666666667,1,0
3178,65.23483483483483,4,0.5666666666666667,1,0
3179,65.23483483483483,5,0.5666666666666667,1,0
3180,65.23483483483483,6,0.5666666666666667,1,0
3181,65.33473473473474,2,0.5666666666666667,1,0
3182,65.33473473473474,3,0.5666666666666667,1,0
3183,65.33473473473474,4,0.5666666666666667,1,0
3184,65.33473473473474,5,0.5666666666666667,1,0
3185,65.33473473473474,6,0.5666666666666667,1,0
3186,65.43463463463463,2,0.5666666666666667,1,0
3187,65.43463463463463,3,0.5666666666666667,1,0
3188,65.43463463463463,4,0.5666666666666667,1,0
3189,65.43463463463463,5,0.5666666666666667,1,0
3190,65.43463463463463,6,0.5666666666666667,1,0
3191,65.53453453453453,2,0.5666666666666667,1,0
3192,65.53453453453453,3,0.5666666666666667,1,0
3193,65.53453453453453,4,0.5666666666666667,1,0
3194,65.53453453453453,5,0.5666666666666667,1,0
3195,65.53453453453453,6,0.5666666666666667,1,0
3196,65.63443443443443,2,0.5666666666666667,1,0
3197,65.63443443443443,3,0.5666666666666667,1,0
3198,65.63443443443443,4,0.5666666666666667,1,0
3199,65.63443443443443,5,0.5666666666666667,1,0
3200,65.63443443443443,6,0.5666666666666667,1,0
3201,65.73433433433433,2,0.5666666666666667,1,0
3202,65.73433433433433,3,0.5666666666666667,1,0
3203,65.73433433433433,4,0.5666666666666667,1,0
3204,65.73433433433433,5,0.5666666666666667,1,0
3205,65.73433433433433,6,0.5666666666666667,1,0
3206,65.83423423423423,2,0.5666666666666667,1,0
3207,65.83423423423423,3,0.5666666666666667,1,0
3208,65.83423423423423,4,0.5666666666666667,1,0
3209,65.83423423423423,5,0.5666666666666667,1,0
3210,65.83423423423423,6,0.5666666666666667,1,0
3211,65.93413413413413,2,0.5666666666666667,1,0
3212,65.93413413413413,3,0.5666666666666667,1,0
3213,65.93413413413413,4,0.5666666666666667,1,0
3214,65.93413413413413,5,0.5666666666666667,1,0
3215,65.93413413413413,6,0.5666666666666667,1,0
3216,66.03403403403404,2,0.5666666666666667,1,0
3217,66.03403403403404,3,0.5666666666666667,1,0
3218,66.03403403403404,4,0.5666666666666667,1,0
3219,66.03403403403404,5,0.5666666666666667,1,0
3220,66.03403403403404,6,0.5666666666666667,1,0
3221,66.13393393393393,2,0.5666666666666667,1,0
3222,66.13393393393393,3,0.5666666666666667,1,0
3223,66.13393393393393,4,0.5666666666666667,1,0
3224,66.13393393393393,5,0.5666666666666667,1,0
3225,66.13393393393393,6,0.5666666666666667,1,0
3226,66.23383383383383,2,0.5666666666666667,1,0
3227,66.23383383383383,3,0.5666666666666667,1,0
3228,66.23383383383383,4,0.5666666666666667,1,0
3229,66.23383383383383,5,0.5666666666666667,1,0
3230,66.23383383383383,6,0.5666666666666667,1,0
3231,66.33373373373374,2,0.5666666666666667,1,0
3232,66.33373373373374,3,0.5666666666666667,1,0
3233,66.33373373373374,4,0.5666666666666667,1,0
3234,66.33373373373374,5,0.5666666666666667,1,0
3235,66.33373373373374,6,0.5666666666666667,1,0
3236,66.43363363363363,2,0.5666666666666667,1,0
3237,66.43363363363363,3,0.5666666666666667,1,0
3238,66.43363363363363,4,0.5666666666666667,1,0
3239,66.43363363363363,5,0.5666666666666667,1,0
3240,66.43363363363363,6,0.5666666666666667,1,0
3241,66.53353353353353,2,0.5666666666666667,1,0
3242,66.53353353353353,3,0.5666666666666667,1,0
3243,66.53353353353353,4,0.5666666666666667,1,0
3244,66.53353353353353,5,0.5666666666666667,1,0
3245,66.53353353353353,6,0.5666666666666667,1,0
3246,66.63343343343342,2,0.5666666666666667,1,0
3247,66.63343343343342,3,0.5666666666666667,1,0
3248,66.63343343343342,4,0.5666666666666667,1,0
3249,66.63343343343342,5,0.5666666666666667,1,0
3250,66.63343343343342,6,0.5666666666666667,1,0
3251,66.73333333333333,2,0.5666666666666667,1,0
3252,66.73333333333333,3,0.5666666666666667,1,0
3253,66.73333333333333,4,0.5666666666666667,1,0
3254,66.73333333333333,5,0.5666666666666667,1,0
3255,66.73333333333333,6,0.5666666666666667,1,0
3256,66.83323323323323,2,0.5666666666666667,1,0
3257,66.83323323323323,3,0.5666666666666667,1,0
3258,66.83323323323323,4,0.5666666666666667,1,0
3259,66.83323323323323,5,0.5666666666666667,1,0
3260,66.83323323323323,6,0.5666666666666667,1,0
3261,66.93313313313313,2,0.5666666666666667,1,0
3262,66.93313313313313,3,0.5666666666666667,1,0
3263,66.93313313313313,4,0.5666666666666667,1,0
3264,66.93313313313313,5,0.5666666666666667,1,0
3265,66.93313313313313,6,0.5666666666666667,1,0
3266,67.03303303303304,2,0.5666666666666667,1,0
3267,67.03303303303304,3,0.5666666666666667,1,0
3268,67.03303303303304,4,0.5666666666666667,1,0
3269,67.03303303303304,5,0.5666666666666667,1,0
3270,67.03303303303304,6,0.5666666666666667,1,0
3271,67.13293293293293,2,0.5666666666666667,1,0
3272,67.13293293293293,3,0.5666666666666667,1,0
3273,67.13293293293293,4,0.5666666666666667,1,0
3274,67.13293293293293,5,0.5666666666666667,1,0
3275,67.13293293293293,6,0.5666666666666667,1,0
3276,67.23283283283283,2,0.5666666666666667,1,0
3277,67.23283283283283,3,0.5666666666666667,1,0
3278,67.23283283283283,4,0.5666666666666667,1,0
3279,67.23283283283283,5,0.5666666666666667,1,0
3280,67.23283283283283,6,0.5666666666666667,1,0
3281,67.33273273273274,2,0.5666666666666667,1,0
3282,67.33273273273274,3,0.5666666666666667,1,0
3283,67.33273273273274,4,0.5666666666666667,1,0
3284,67.33273273273274,5,0.5666666666666667,1,0
3285,67.33273273273274,6,0.5666666666666667,1,0
3286,67.43263263263263,2,0.5666666666666667,1,0
3287,67.43263263263263,3,0.5666666666666667,1,0
3288,67.43263263263263,4,0.5666666666666667,1,0
3289,67.43263263263263,5,0.5666666666666667,1,0
3290,67.43263263263263,6,0.5666666666666667,1,0
3291,67.53253253253253,2,0.5666666666666667,1,0
3292,67.53253253253253,3,0.5666666666666667,1,0
3293,67.53253253253253,4,0.5666666666666667,1,0
3294,67.53253253253253,5,0.5666666666666667,1,0
3295,67.53253253253253,6,0.5666666666666667,1,0
3296,67.63243243243242,2,0.5666666666666667,1,0
3297,67.63243243243242,3,0.5666666666666667,1,0
3298,67.63243243243242,4,0.5666666666666667,1,0
3299,67.63243243243242,5,0.5666666666666667,1,0
3300,67.63243243243242,6,0.5666666666666667,1,0
3301,67.73233233233233,2,0.5666666666666667,1,0
3302,67.73233233233233,3,0.5666666666666667,1,0
3303,67.73233233233233,4,0.5666666666666667,1,0
3304,67.73233233233233,5,0.5666666666666667,1,0
3305,67.73233233233233,6,0.5666666666666667,1,0
3306,67.83223223223223,2,0.5666666666666667,1,0
3307,67.83223223223223,3,0.5666666666666667,1,0
3308,67.83223223223223,4,0.5666666666666667,1,0
3309,67.83223223223223,5,0.5666666666666667,1,0
3310,67.83223223223223,6,0.5666666666666667,1,0
3311,67.93213213213212,2,0.5666666666666667,1,0
3312,67.93213213213212,3,0.5666666666666667,1,0
3313,67.93213213213212,4,0.5666666666666667,1,0
3314,67.93213213213212,5,0.5666666666666667,1,0
3315,67.93213213213212,6,0.5666666666666667,1,0
3316,68.03203203203203,2,0.5666666666666667,1,0
3317,68.03203203203203,3,0.5666666666666667,1,0
3318,68.03203203203203,4,0.5666666666666667,1,0
3319,68.03203203203203,5,0.5666666666666667,1,0
3320,68.03203203203203,6,0.5666666666666667,1,0
3321,68.13193193193193,2,0.5666666666666667,1,0
3322,68.13193193193193,3,0.5666666666666667,1,0
3323,68.13193193193193,4,0.5666666666666667,1,0
3324,68.13193193193193,5,0.5666666666666667,1,0
3325,68.13193193193193,6,0.5666666666666667,1,0
3326,68.23183183183183,2,0.5666666666666667,1,0
3327,68.23183183183183,3,0.5666666666666667,1,0
3328,68.23183183183183,4,0.5666666666666667,1,0
3329,68.23183183183183,5,0.5666666666666667,1,0
3330,68.23183183183183,6,0.5666666666666667,1,0
3331,68.33173173173172,2,0.5666666666666667,1,0
3332,68.33173173173172,3,0.5666666666666667,1,0
3333,68.33173173173172,4,0.5666666666666667,1,0
3334,68.33173173173172,5,0.5666666666666667,1,0
3335,68.33173173173172,6,0.5666666666666667,1,0
3336,68.43163163163163,2,0.5666666666666667,1,0
3337,68.43163163163163,3,0.5666666666666667,1,0
3338,68.43163163163163,4,0.5666666666666667,1,0
3339,68.43163163163163,5,0.5666666666666667,1,0
3340,68.43163163163163,6,0.5666666666666667,1,0
3341,68.53153153153153,2,0.5666666666666667,1,0
3342,68.53153153153153,3,0.5666666666666667,1,0
3343,68.53153153153153,4,0.5666666666666667,1,0
3344,68.53153153153153,5,0.5666666666666667,1,0
3345,68.53153153153153,6,0.5666666666666667,1,0
3346,68.63143143143142,2,0.5666666666666667,1,0
3347,68.63143143143142,3,0.5666666666666667,1,0
3348,68.63143143143142,4,0.5666666666666667,1,0
3349,68.63143143143142,5,0.5666666666666667,1,0
3350,68.63143143143142,6,0.5666666666666667,1,0
3351,68.73133133133133,2,0.5666666666666667,1,0
3352,68.73133133133133,3,0.5666666666666667,1,0
3353,68.73133133133133,4,0.5666666666666667,1,0
3354,68.73133133133133,5,0.5666666666666667,1,0
3355,68.73133133133133,6,0.5666666666666667,1,0
3356,68.83123123123123,2,0.5666666666666667,1,0
3357,68.83123123123123,3,0.5666666666666667,1,0
3358,68.83123123123123,4,0.5666666666666667,1,0
3359,68.83123123123123,5,0.5666666666666667,1,0
3360,68.83123123123123,6,0.5666666666666667,1,0
3361,68.93113113113112,2,0.5666666666666667,1,0
3362,68.93113113113112,3,0.5666666666666667,1,0
3363,68.93113113113112,4,0.5666666666666667,1,0
3364,68.93113113113112,5,0.5666666666666667,1,0
3365,68.93113113113112,6,0.5666666666666667,1,0
3366,69.03103103103103,2,0.5666666666666667,1,0
3367,69.03103103103103,3,0.5666666666666667,1,0
3368,69.03103103103103,4,0.5666666666666667,1,0
3369,69.03103103103103,5,0.5666666666666667,1,0
3370,69.03103103103103,6,0.5666666666666667,1,0
3371,69.13093093093093,2,0.5666666666666667,1,0
3372,69.13093093093093,3,0.5666666666666667,1,0
3373,69.13093093093093,4,0.5666666666666667,1,0
3374,69.13093093093093,5,0.5666666666666667,1,0
3375,69.13093093093093,6,0.5666666666666667,1,0
3376,69.23083083083083,2,0.5666666666666667,1,0
3377,69.23083083083083,3,0.5666666666666667,1,0
3378,69.23083083083083,4,0.5666666666666667,1,0
3379,69.23083083083083,5,0.5666666666666667,1,0
3380,69.23083083083083,6,0.5666666666666667,1,0
3381,69.33073073073072,2,0.5666666666666667,1,0
3382,69.33073073073072,3,0.5666666666666667,1,0
3383,69.33073073073072,4,0.5666666666666667,1,0
3384,69.33073073073072,5,0.5666666666666667,1,0
3385,69.33073073073072,6,0.5666666666666667,1,0
3386,69.43063063063063,2,0.5666666666666667,1,0
3387,69.43063063063063,3,0.5666666666666667,1,0
3388,69.43063063063063,4,0.5666666666666667,1,0
3389,69.43063063063063,5,0.5666666666666667,1,0
3390,69.43063063063063,6,0.5666666666666667,1,0
3391,69.53053053053053,2,0.5666666666666667,1,0
3392,69.53053053053053,3,0.5666666666666667,1,0
3393,69.53053053053053,4,0.5666666666666667,1,0
3394,69.53053053053053,5,0.5666666666666667,1,0
3395,69.53053053053053,6,0.5666666666666667,1,0
3396,69.63043043043042,2,0.5666666666666667,1,0
3397,69.63043043043042,3,0.5666666666666667,1,0
3398,69.63043043043042,4,0.5666666666666667,1,0
3399,69.63043043043042,5,0.5666666666666667,1,0
3400,69.63043043043042,6,0.5666666666666667,1,0
3401,69.73033033033033,2,0.5666666666666667,1,0
3402,69.73033033033033,3,0.5666666666666667,1,0
3403,69.73033033033033,4,0.5666666666666667,1,0
3404,69.73033033033033,5,0.5666666666666667,1,0
3405,69.73033033033033,6,0.5666666666666667,1,0
3406,69.83023023023023,2,0.5666666666666667,1,0
3407,69.83023023023023,3,0.5666666666666667,1,0
3408,69.83023023023023,4,0.5666666666666667,1,0
3409,69.83023023023023,5,0.5666666666666667,1,0
3410,69.83023023023023,6,0.5666666666666667,1,0
3411,69.93013013013012,2,0.5666666666666667,1,0
3412,69.93013013013012,3,0.5666666666666667,1,0
3413,69.93013013013012,4,0.5666666666666667,1,0
3414,69.93013013013012,5,0.5666666666666667,1,0
3415,69.93013013013012,6,0.5666666666666667,1,0
3416,70.03003003003003,2,0.5666666666666667,1,0
3417,70.03003003003003,3,0.5666666666666667,1,0
3418,70.03003003003003,4,0.5666666666666667,1,0
3419,70.03003003003003,5,0.5666666666666667,1,0
3420,70.03003003003003,6,0.5666666666666667,1,0
3421,70.12992992992993,2,0.5666666666666667,1,0
3422,70.12992992992993,3,0.5666666666666667,1,0
3423,70.12992992992993,4,0.5666666666666667,1,0
3424,70.12992992992993,5,0.5666666666666667,1,0
3425,70.12992992992993,6,0.5666666666666667,1,0
3426,70.22982982982982,2,0.5666666666666667,1,0
3427,70.22982982982982,3,0.5666666666666667,1,0
3428,70.22982982982982,4,0.5666666666666667,1,0
3429,70.22982982982982,5,0.5666666666666667,1,0
3430,70.22982982982982,6,0.5666666666666667,1,0
3431,70.32972972972972,2,0.5666666666666667,1,0
3432,70.32972972972972,3,0.5666666666666667,1,0
3433,70.32972972972972,4,0.5666666666666667,1,0
3434,70.32972972972972,5,0.5666666666666667,1,0
3435,70.32972972972972,6,0.5666666666666667,1,0
3436,70.42962962962963,2,0.5666666666666667,1,0
3437,70.42962962962963,3,0.5666666666666667,1,0
3438,70.42962962962963,4,0.5666666666666667,1,0
3439,70.42962962962963,5,0.5666666666666667,1,0
3440,70.42962962962963,6,0.5666666666666667,1,0
3441,70.52952952952953,2,0.5666666666666667,1,0
3442,70.52952952952953,3,0.5666666666666667,1,0
3443,70.52952952952953,4,0.5666666666666667,1,0
3444,70.52952952952953,5,0.5666666666666667,1,0
3445,70.52952952952953,6,0.5666666666666667,1,0
3446,70.62942942942942,2,0.5666666666666667,1,0
3447,70.62942942942942,3,0.5666666666666667,1,0
3448,70.62942942942942,4,0.5666666666666667,1,0
3449,70.62942942942942,5,0.5666666666666667,1,0
3450,70.62942942942942,6,0.5666666666666667,1,0
3451,70.72932932932933,2,0.5666666666666667,1,0
3452,70.72932932932933,3,0.5666666666666667,1,0
3453,70.72932932932933,4,0.5666666666666667,1,0
3454,70.72932932932933,5,0.5666666666666667,1,0
3455,70.72932932932933,6,0.5666666666666667,1,0
3456,70.82922922922923,2,0.5666666666666667,1,0
3457,70.82922922922923,3,0.5666666666666667,1,0
3458,70.82922922922923,4,0.5666666666666667,1,0
3459,70.82922922922923,5,0.5666666666666667,1,0
3460,70.82922922922923,6,0.5666666666666667,1,0
3461,70.92912912912912,2,0.5666666666666667,1,0
3462,70.92912912912912,3,0.5666666666666667,1,0
3463,70.92912912912912,4,0.5666666666666667,1,0
3464,70.92912912912912,5,0.5666666666666667,1,0
3465,70.92912912912912,6,0.5666666666666667,1,0
3466,71.02902902902902,2,0.5666666666666667,1,0
3467,71.02902902902902,3,0.5666666666666667,1,0
3468,71.02902902902902,4,0.5666666666666667,1,0
3469,71.02902902902902,5,0.5666666666666667,1,0
3470,71.02902902902902,6,0.5666666666666667,1,0
3471,71.12892892892893,2,0.5666666666666667,1,0
3472,71.12892892892893,3,0.5666666666666667,1,0
3473,71.12892892892893,4,0.5666666666666667,1,0
3474,71.12892892892893,5,0.5666666666666667,1,0
3475,71.12892892892893,6,0.5666666666666667,1,0
3476,71.22882882882882,2,0.5666666666666667,1,0
3477,71.22882882882882,3,0.5666666666666667,1,0
3478,71.22882882882882,4,0.5666666666666667,1,0
3479,71.22882882882882,5,0.5666666666666667,1,0
3480,71.22882882882882,6,0.5666666666666667,1,0
3481,71.32872872872872,2,0.5666666666666667,1,0
3482,71.32872872872872,3,0.5666666666666667,1,0
3483,71.32872872872872,4,0.5666666666666667,1,0
3484,71.32872872872872,5,0.5666666666666667,1,0
3485,71.32872872872872,6,0.5666666666666667,1,0
3486,71.42862862862863,2,0.5666666666666667,1,0
3487,71.42862862862863,3,0.5666666666666667,1,0
3488,71.42862862862863,4,0.5666666666666667,1,0
3489,71.42862862862863,5,0.5666666666666667,1,0
3490,71.42862862862863,6,0.5666666666666667,1,0
3491,71.52852852852853,2,0.5666666666666667,1,0
3492,71.52852852852853,3,0.5666666666666667,1,0
3493,71.52852852852853,4,0.5666666666666667,1,0
3494,71.52852852852853,5,0.5666666666666667,1,0
3495,71.52852852852853,6,0.5666666666666667,1,0
3496,71.62842842842842,2,0.5666666666666667,1,0
3497,71.62842842842842,3,0.5666666666666667,1,0
3498,71.62842842842842,4,0.5666666666666667,1,0
3499,71.62842842842842,5,0.5666666666666667,1,0
3500,71.62842842842842,6,0.5666666666666667,1,0
3501,71.72832832832833,2,0.5666666666666667,1,0
3502,71.72832832832833,3,0.5666666666666667,1,0
3503,71.72832832832833,4,0.5666666666666667,1,0
3504,71.72832832832833,5,0.5666666666666667,1,0
3505,71.72832832832833,6,0.5666666666666667,1,0
3506,71.82822822822823,2,0.5666666666666667,1,0
3507,71.82822822822823,3,0.5666666666666667,1,0
3508,71.82822822822823,4,0.5666666666666667,1,0
3509,71.82822822822823,5,0.5666666666666667,1,0
3510,71.82822822822823,6,0.5666666666666667,1,0
3511,71.92812812812812,2,0.5666666666666667,1,0
3512,71.92812812812812,3,0.5666666666666667,1,0
3513,71.92812812812812,4,0.5666666666666667,1,0
3514,71.92812812812812,5,0.5666666666666667,1,0
3515,71.92812812812812,6,0.5666666666666667,1,0
3516,72.02802802802802,2,0.5666666666666667,1,0
3517,72.02802802802802,3,0.5666666666666667,1,0
3518,72.02802802802802,4,0.5666666666666667,1,0
3519,72.02802802802802,5,0.5666666666666667,1,0
3520,72.02802802802802,6,0.5666666666666667,1,0
3521,72.12792792792793,2,0.5666666666666667,1,0
3522,72.12792792792793,3,0.5666666666666667,1,0
3523,72.12792792792793,4,0.5666666666666667,1,0
3524,72.12792792792793,5,0.5666666666666667,1,0
3525,72.12792792792793,6,0.5666666666666667,1,0
3526,72.22782782782782,2,0.5666666666666667,1,0
3527,72.22782782782782,3,0.5666666666666667,1,0
3528,72.22782782782782,4,0.5666666666666667,1,0
3529,72.22782782782782,5,0.5666666666666667,1,0
3530,72.22782782782782,6,0.5666666666666667,1,0
3531,72.32772772772772,2,0.5666666666666667,1,0
3532,72.32772772772772,3,0.5666666666666667,1,0
3533,72.32772772772772,4,0.5666666666666667,1,0
3534,72.32772772772772,5,0.5666666666666667,1,0
3535,72.32772772772772,6,0.5666666666666667,1,0
3536,72.42762762762763,2,0.5666666666666667,1,0
3537,72.42762762762763,3,0.5666666666666667,1,0
3538,72.42762762762763,4,0.5666666666666667,1,0
3539,72.42762762762763,5,0.5666666666666667,1,0
3540,72.42762762762763,6,0.5666666666666667,1,0
3541,72.52752752752752,2,0.5666666666666667,1,0
3542,72.52752752752752,3,0.5666666666666667,1,0
3543,72.52752752752752,4,0.5666666666666667,1,0
3544,72.52752752752752,5,0.5666666666666667,1,0
3545,72.52752752752752,6,0.5666666666666667,1,0
3546,72.62742742742742,2,0.5666666666666667,1,0
3547,72.62742742742742,3,0.5666666666666667,1,0
3548,72.62742742742742,4,0.5666666666666667,1,0
3549,72.62742742742742,5,0.5666666666666667,1,0
3550,72.62742742742742,6,0.5666666666666667,1,0
3551,72.72732732732733,2,0.5666666666666667,1,0
3552,72.72732732732733,3,0.5666666666666667,1,0
3553,72.72732732732733,4,0.5666666666666667,1,0
3554,72.72732732732733,5,0.5666666666666667,1,0
3555,72.72732732732733,6,0.5666666666666667,1,0
3556,72.82722722722723,2,0.5666666666666667,1,0
3557,72.82722722722723,3,0.5666666666666667,1,0
3558,72.82722722722723,4,0.5666666666666667,1,0
3559,72.82722722722723,5,0.5666666666666667,1,0
3560,72.82722722722723,6,0.5666666666666667,1,0
3561,72.92712712712712,2,0.5666666666666667,1,0
3562,72.92712712712712,3,0.5666666666666667,1,0
3563,72.92712712712712,4,0.5666666666666667,1,0
3564,72.92712712712712,5,0.5666666666666667,1,0
3565,72.92712712712712,6,0.5666666666666667,1,0
3566,73.02702702702702,2,0.5666666666666667,1,0
3567,73.02702702702702,3,0.5666666666666667,1,0
3568,73.02702702702702,4,0.5666666666666667,1,0
3569,73.02702702702702,5,0.5666666666666667,1,0
3570,73.02702702702702,6,0.5666666666666667,1,0
3571,73.12692692692693,2,0.5666666666666667,1,0
3572,73.12692692692693,3,0.5666666666666667,1,0
3573,73.12692692692693,4,0.5666666666666667,1,0
3574,73.12692692692693,5,0.5666666666666667,1,0
3575,73.12692692692693,6,0.5666666666666667,1,0
3576,73.22682682682682,2,0.5666666666666667,1,0
3577,73.22682682682682,3,0.5666666666666667,1,0
3578,73.22682682682682,4,0.5666666666666667,1,0
3579,73.22682682682682,5,0.5666666666666667,1,0
3580,73.22682682682682,6,0.5666666666666667,1,0
3581,73.32672672672672,2,0.5666666666666667,1,0
3582,73.32672672672672,3,0.5666666666666667,1,0
3583,73.32672672672672,4,0.5666666666666667,1,0
3584,73.32672672672672,5,0.5666666666666667,1,0
3585,73.32672672672672,6,0.5666666666666667,1,0
3586,73.42662662662663,2,0.5666666666666667,1,0
3587,73.42662662662663,3,0.5666666666666667,1,0
3588,73.42662662662663,4,0.5666666666666667,1,0
3589,73.42662662662663,5,0.5666666666666667,1,0
3590,73.42662662662663,6,0.5666666666666667,1,0
3591,73.52652652652652,2,0.5666666666666667,1,0
3592,73.52652652652652,3,0.5666666666666667,1,0
3593,73.52652652652652,4,0.5666666666666667,1,0
3594,73.52652652652652,5,0.5666666666666667,1,0
3595,73.52652652652652,6,0.5666666666666667,1,0
3596,73.62642642642642,2,0.5666666666666667,1,0
3597,73.62642642642642,3,0.5666666666666667,1,0
3598,73.62642642642642,4,0.5666666666666667,1,0
3599,73.62642642642642,5,0.5666666666666667,1,0
3600,73.62642642642642,6,0.5666666666666667,1,0
3601,73.72632632632632,2,0.5666666666666667,1,0
3602,73.72632632632632,3,0.5666666666666667,1,0
3603,73.72632632632632,4,0.5666666666666667,1,0
3604,73.72632632632632,5,0.5666666666666667,1,0
3605,73.72632632632632,6,0.5666666666666667,1,0
3606,73.82622622622623,2,0.5666666666666667,1,0
3607,73.82622622622623,3,0.5666666666666667,1,0
3608,73.82622622622623,4,0.5666666666666667,1,0
3609,73.82622622622623,5,0.5666666666666667,1,0
3610,73.82622622622623,6,0.5666666666666667,1,0
3611,73.92612612612612,2,0.5666666666666667,1,0
3612,73.92612612612612,3,0.5666666666666667,1,0
3613,73.92612612612612,4,0.5666666666666667,1,0
3614,73.92612612612612,5,0.5666666666666667,1,0
3615,73.92612612612612,6,0.5666666666666667,1,0
3616,74.02602602602602,2,0.5666666666666667,1,0
3617,74.02602602602602,3,0.5666666666666667,1,0
3618,74.02602602602602,4,0.5666666666666667,1,0
3619,74.02602602602602,5,0.5666666666666667,1,0
3620,74.02602602602602,6,0.5666666666666667,1,0
3621,74.12592592592593,2,0.5666666666666667,1,0
3622,74.12592592592593,3,0.5666666666666667,1,0
3623,74.12592592592593,4,0.5666666666666667,1,0
3624,74.12592592592593,5,0.5666666666666667,1,0
3625,74.12592592592593,6,0.5666666666666667,1,0
3626,74.22582582582582,2,0.5666666666666667,1,0
3627,74.22582582582582,3,0.5666666666666667,1,0
3628,74.22582582582582,4,0.5666666666666667,1,0
3629,74.22582582582582,5,0.5666666666666667,1,0
3630,74.22582582582582,6,0.5666666666666667,1,0
3631,74.32572572572572,2,0.5666666666666667,1,0
3632,74.32572572572572,3,0.5666666666666667,1,0
3633,74.32572572572572,4,0.5666666666666667,1,0
3634,74.32572572572572,5,0.5666666666666667,1,0
3635,74.32572572572572,6,0.5666666666666667,1,0
3636,74.42562562562563,2,0.5666666666666667,1,0
3637,74.42562562562563,3,0.5666666666666667,1,0
3638,74.42562562562563,4,0.5666666666666667,1,0
3639,74.42562562562563,5,0.5666666666666667,1,0
3640,74.42562562562563,6,0.5666666666666667,1,0
3641,74.52552552552552,2,0.5666666666666667,1,0
3642,74.52552552552552,3,0.5666666666666667,1,0
3643,74.52552552552552,4,0.5666666666666667,1,0
3644,74.52552552552552,5,0.5666666666666667,1,0
3645,74.52552552552552,6,0.5666666666666667,1,0
3646,74.62542542542542,2,0.5666666666666667,1,0
3647,74.62542542542542,3,0.5666666666666667,1,0
3648,74.62542542542542,4,0.5666666666666667,1,0
3649,74.62542542542542,5,0.5666666666666667,1,0
3650,74.62542542542542,6,0.5666666666666667,1,0
3651,74.72532532532531,2,0.5666666666666667,1,0
3652,74.72532532532531,3,0.5666666666666667,1,0
3653,74.72532532532531,4,0.5666666666666667,1,0
3654,74.72532532532531,5,0.5666666666666667,1,0
3655,74.72532532532531,6,0.5666666666666667,1,0
3656,74.82522522522522,2,0.5666666666666667,1,0
3657,74.82522522522522,3,0.5666666666666667,1,0
3658,74.82522522522522,4,0.5666666666666667,1,0
3659,74.82522522522522,5,0.5666666666666667,1,0
3660,74.82522522522522,6,0.5666666666666667,1,0
3661,74.92512512512512,2,0.5666666666666667,1,0
3662,74.92512512512512,3,0.5666666666666667,1,0
3663,74.92512512512512,4,0.5666666666666667,1,0
3664,74.92512512512512,5,0.5666666666666667,1,0
3665,74.92512512512512,6,0.5666666666666667,1,0
3666,75.02502502502502,2,0.5666666666666667,1,0
3667,75.02502502502502,3,0.5666666666666667,1,0
3668,75.02502502502502,4,0.5666666666666667,1,0
3669,75.02502502502502,5,0.5666666666666667,1,0
3670,75.02502502502502,6,0.5666666666666667,1,0
3671,75.12492492492493,2,0.5666666666666667,1,0
3672,75.12492492492493,3,0.5666666666666667,1,0
3673,75.12492492492493,4,0.5666666666666667,1,0
3674,75.12492492492493,5,0.5666666666666667,1,0
3675,75.12492492492493,6,0.5666666666666667,1,0
3676,75.22482482482482,2,0.5666666666666667,1,0
3677,75.22482482482482,3,0.5666666666666667,1,0
3678,75.22482482482482,4,0.5666666666666667,1,0
3679,75.22482482482482,5,0.5666666666666667,1,0
3680,75.22482482482482,6,0.5666666666666667,1,0
3681,75.32472472472472,2,0.5666666666666667,1,0
3682,75.32472472472472,3,0.5666666666666667,1,0
3683,75.32472472472472,4,0.5666666666666667,1,0
3684,75.32472472472472,5,0.5666666666666667,1,0
3685,75.32472472472472,6,0.5666666666666667,1,0
3686,75.42462462462463,2,0.5666666666666667,1,0
3687,75.42462462462463,3,0.5666666666666667,1,0
3688,75.42462462462463,4,0.5666666666666667,1,0
3689,75.42462462462463,5,0.5666666666666667,1,0
3690,75.42462462462463,6,0.5666666666666667,1,0
3691,75.52452452452452,2,0.5666666666666667,1,0
3692,75.52452452452452,3,0.5666666666666667,1,0
3693,75.52452452452452,4,0.5666666666666667,1,0
3694,75.52452452452452,5,0.5666666666666667,1,0
3695,75.52452452452452,6,0.5666666666666667,1,0
3696,75.62442442442442,2,0.5666666666666667,1,0
3697,75.62442442442442,3,0.5666666666666667,1,0
3698,75.62442442442442,4,0.5666666666666667,1,0
3699,75.62442442442442,5,0.5666666666666667,1,0
3700,75.62442442442442,6,0.5666666666666667,1,0
3701,75.72432432432431,2,0.5666666666666667,1,0
3702,75.72432432432431,3,0.5666666666666667,1,0
3703,75.72432432432431,4,0.5666666666666667,1,0
3704,75.72432432432431,5,0.5666666666666667,1,0
3705,75.72432432432431,6,0.5666666666666667,1,0
3706,75.82422422422422,2,0.5666666666666667,1,0
3707,75.82422422422422,3,0.5666666666666667,1,0
3708,75.82422422422422,4,0.5666666666666667,1,0
3709,75.82422422422422,5,0.5666666666666667,1,0
3710,75.82422422422422,6,0.5666666666666667,1,0
3711,75.92412412412412,2,0.5666666666666667,1,0
3712,75.92412412412412,3,0.5666666666666667,1,0
3713,75.92412412412412,4,0.5666666666666667,1,0
3714,75.92412412412412,5,0.5666666666666667,1,0
3715,75.92412412412412,6,0.5666666666666667,1,0
3716,76.02402402402402,2,0.5666666666666667,1,0
3717,76.02402402402402,3,0.5666666666666667,1,0
3718,76.02402402402402,4,0.5666666666666667,1,0
3719,76.02402402402402,5,0.5666666666666667,1,0
3720,76.02402402402402,6,0.5666666666666667,1,0
3721,76.12392392392393,2,0.5666666666666667,1,0
3722,76.12392392392393,3,0.5666666666666667,1,0
3723,76.12392392392393,4,0.5666666666666667,1,0
3724,76.12392392392393,5,0.5666666666666667,1,0
3725,76.12392392392393,6,0.5666666666666667,1,0
3726,76.22382382382382,2,0.5666666666666667,1,0
3727,76.22382382382382,3,0.5666666666666667,1,0
3728,76.22382382382382,4,0.5666666666666667,1,0
3729,76.22382382382382,5,0.5666666666666667,1,0
3730,76.22382382382382,6,0.5666666666666667,1,0
3731,76.32372372372372,2,0.5666666666666667,1,0
3732,76.32372372372372,3,0.5666666666666667,1,0
3733,76.32372372372372,4,0.5666666666666667,1,0
3734,76.32372372372372,5,0.5666666666666667,1,0
3735,76.32372372372372,6,0.5666666666666667,1,0
3736,76.42362362362363,2,0.5666666666666667,1,0
3737,76.42362362362363,3,0.5666666666666667,1,0
3738,76.42362362362363,4,0.5666666666666667,1,0
3739,76.42362362362363,5,0.5666666666666667,1,0
3740,76.42362362362363,6,0.5666666666666667,1,0
3741,76.52352352352352,2,0.5666666666666667,1,0
3742,76.52352352352352,3,0.5666666666666667,1,0
3743,76.52352352352352,4,0.5666666666666667,1,0
3744,76.52352352352352,5,0.5666666666666667,1,0
3745,76.52352352352352,6,0.5666666666666667,1,0
3746,76.62342342342342,2,0.5666666666666667,1,0
3747,76.62342342342342,3,0.5666666666666667,1,0
3748,76.62342342342342,4,0.5666666666666667,1,0
3749,76.62342342342342,5,0.5666666666666667,1,0
3750,76.62342342342342,6,0.5666666666666667,1,0
3751,76.72332332332331,2,0.5666666666666667,1,0
3752,76.72332332332331,3,0.5666666666666667,1,0
3753,76.72332332332331,4,0.5666666666666667,1,0
3754,76.72332332332331,5,0.5666666666666667,1,0
3755,76.72332332332331,6,0.5666666666666667,1,0
3756,76.82322322322322,2,0.5666666666666667,1,0
3757,76.82322322322322,3,0.5666666666666667,1,0
3758,76.82322322322322,4,0.5666666666666667,1,0
3759,76.82322322322322,5,0.5666666666666667,1,0
3760,76.82322322322322,6,0.5666666666666667,1,0
3761,76.92312312312312,2,0.5666666666666667,1,0
3762,76.92312312312312,3,0.5666666666666667,1,0
3763,76.92312312312312,4,0.5666666666666667,1,0
3764,76.92312312312312,5,0.5666666666666667,1,0
3765,76.92312312312312,6,0.5666666666666667,1,0
3766,77.02302302302301,2,0.5666666666666667,1,0
3767,77.02302302302301,3,0.5666666666666667,1,0
3768,77.02302302302301,4,0.5666666666666667,1,0
3769,77.02302302302301,5,0.5666666666666667,1,0
3770,77.02302302302301,6,0.5666666666666667,1,0
3771,77.12292292292292,2,0.5666666666666667,1,0
3772,77.12292292292292,3,0.5666666666666667,1,0
3773,77.12292292292292,4,0.5666666666666667,1,0
3774,77.12292292292292,5,0.5666666666666667,1,0
3775,77.12292292292292,6,0.5666666666666667,1,0
3776,77.22282282282282,2,0.5666666666666667,1,0
3777,77.22282282282282,3,0.5666666666666667,1,0
3778,77.22282282282282,4,0.5666666666666667,1,0
3779,77.22282282282282,5,0.5666666666666667,1,0
3780,77.22282282282282,6,0.5666666666666667,1,0
3781,77.32272272272272,2,0.5666666666666667,1,0
3782,77.32272272272272,3,0.5666666666666667,1,0
3783,77.32272272272272,4,0.5666666666666667,1,0
3784,77.32272272272272,5,0.5666666666666667,1,0
3785,77.32272272272272,6,0.5666666666666667,1,0
3786,77.42262262262261,2,0.5666666666666667,1,0
3787,77.42262262262261,3,0.5666666666666667,1,0
3788,77.42262262262261,4,0.5666666666666667,1,0
3789,77.42262262262261,5,0.5666666666666667,1,0
3790,77.42262262262261,6,0.5666666666666667,1,0
3791,77.52252252252252,2,0.5666666666666667,1,0
3792,77.52252252252252,3,0.5666666666666667,1,0
3793,77.52252252252252,4,0.5666666666666667,1,0
3794,77.52252252252252,5,0.5666666666666667,1,0
3795,77.52252252252252,6,0.5666666666666667,1,0
3796,77.62242242242242,2,0.5666666666666667,1,0
3797,77.62242242242242,3,0.5666666666666667,1,0
3798,77.62242242242242,4,0.5666666666666667,1,0
3799,77.62242242242242,5,0.5666666666666667,1,0
3800,77.62242242242242,6,0.5666666666666667,1,0
3801,77.72232232232231,2,0.5666666666666667,1,0
3802,77.72232232232231,3,0.5666666666666667,1,0
3803,77.72232232232231,4,0.5666666666666667,1,0
3804,77.72232232232231,5,0.5666666666666667,1,0
3805,77.72232232232231,6,0.5666666666666667,1,0
3806,77.82222222222222,2,0.5666666666666667,1,0
3807,77.82222222222222,3,0.5666666666666667,1,0
3808,77.82222222222222,4,0.5666666666666667,1,0
3809,77.82222222222222,5,0.5666666666666667,1,0
3810,77.82222222222222,6,0.5666666666666667,1,0
3811,77.92212212212212,2,0.5666666666666667,1,0
3812,77.92212212212212,3,0.5666666666666667,1,0
3813,77.92212212212212,4,0.5666666666666667,1,0
3814,77.92212212212212,5,0.5666666666666667,1,0
3815,77.92212212212212,6,0.5666666666666667,1,0
3816,78.02202202202201,2,0.5666666666666667,1,0
3817,78.02202202202201,3,0.5666666666666667,1,0
3818,78.02202202202201,4,0.5666666666666667,1,0
3819,78.02202202202201,5,0.5666666666666667,1,0
3820,78.02202202202201,6,0.5666666666666667,1,0
3821,78.12192192192192,2,0.5666666666666667,1,0
3822,78.12192192192192,3,0.5666666666666667,1,0
3823,78.12192192192192,4,0.5666666666666667,1,0
3824,78.12192192192192,5,0.5666666666666667,1,0
3825,78.12192192192192,6,0.5666666666666667,1,0
3826,78.22182182182182,2,0.5666666666666667,1,0
3827,78.22182182182182,3,0.5666666666666667,1,0
3828,78.22182182182182,4,0.5666666666666667,1,0
3829,78.22182182182182,5,0.5666666666666667,1,0
3830,78.22182182182182,6,0.5666666666666667,1,0
3831,78.32172172172172,2,0.5666666666666667,1,0
3832,78.32172172172172,3,0.5666666666666667,1,0
3833,78.32172172172172,4,0.5666666666666667,1,0
3834,78.32172172172172,5,0.5666666666666667,1,0
3835,78.32172172172172,6,0.5666666666666667,1,0
3836,78.42162162162161,2,0.5666666666666667,1,0
3837,78.42162162162161,3,0.5666666666666667,1,0
3838,78.42162162162161,4,0.5666666666666667,1,0
3839,78.42162162162161,5,0.5666666666666667,1,0
3840,78.42162162162161,6,0.5666666666666667,1,0
3841,78.52152152152152,2,0.5666666666666667,1,0
3842,78.52152152152152,3,0.5666666666666667,1,0
3843,78.52152152152152,4,0.5666666666666667,1,0
3844,78.52152152152152,5,0.5666666666666667,1,0
3845,78.52152152152152,6,0.5666666666666667,1,0
3846,78.62142142142142,2,0.5666666666666667,1,0
3847,78.62142142142142,3,0.5666666666666667,1,0
3848,78.62142142142142,4,0.5666666666666667,1,0
3849,78.62142142142142,5,0.5666666666666667,1,0
3850,78.62142142142142,6,0.5666666666666667,1,0
3851,78.72132132132131,2,0.5666666666666667,1,0
3852,78.72132132132131,3,0.5666666666666667,1,0
3853,78.72132132132131,4,0.5666666666666667,1,0
3854,78.72132132132131,5,0.5666666666666667,1,0
3855,78.72132132132131,6,0.5666666666666667,1,0
3856,78.82122122122122,2,0.5666666666666667,1,0
3857,78.82122122122122,3,0.5666666666666667,1,0
3858,78.82122122122122,4,0.5666666666666667,1,0
3859,78.82122122122122,5,0.5666666666666667,1,0
3860,78.82122122122122,6,0.5666666666666667,1,0
3861,78.92112112112112,2,0.5666666666666667,1,0
3862,78.92112112112112,3,0.5666666666666667,1,0
3863,78.92112112112112,4,0.5666666666666667,1,0
3864,78.92112112112112,5,0.5666666666666667,1,0
3865,78.92112112112112,6,0.5666666666666667,1,0
3866,79.02102102102101,2,0.5666666666666667,1,0
3867,79.02102102102101,3,0.5666666666666667,1,0
3868,79.02102102102101,4,0.5666666666666667,1,0
3869,79.02102102102101,5,0.5666666666666667,1,0
3870,79.02102102102101,6,0.5666666666666667,1,0
3871,79.12092092092092,2,0.5666666666666667,1,0
3872,79.12092092092092,3,0.5666666666666667,1,0
3873,79.12092092092092,4,0.5666666666666667,1,0
3874,79.12092092092092,5,0.5666666666666667,1,0
3875,79.12092092092092,6,0.5666666666666667,1,0
3876,79.22082082082082,2,0.5666666666666667,1,0
3877,79.22082082082082,3,0.5666666666666667,1,0
3878,79.22082082082082,4,0.5666666666666667,1,0
3879,79.22082082082082,5,0.5666666666666667,1,0
3880,79.22082082082082,6,0.5666666666666667,1,0
3881,79.32072072072071,2,0.5666666666666667,1,0
3882,79.32072072072071,3,0.5666666666666667,1,0
3883,79.32072072072071,4,0.5666666666666667,1,0
3884,79.32072072072071,5,0.5666666666666667,1,0
3885,79.32072072072071,6,0.5666666666666667,1,0
3886,79.42062062062061,2,0.5666666666666667,1,0
3887,79.42062062062061,3,0.5666666666666667,1,0
3888,79.42062062062061,4,0.5666666666666667,1,0
3889,79.42062062062061,5,0.5666666666666667,1,0
3890,79.42062062062061,6,0.5666666666666667,1,0
3891,79.52052052052052,2,0.5666666666666667,1,0
3892,79.52052052052052,3,0.5666666666666667,1,0
3893,79.52052052052052,4,0.5666666666666667,1,0
3894,79.52052052052052,5,0.5666666666666667,1,0
3895,79.52052052052052,6,0.5666666666666667,1,0
3896,79.62042042042042,2,0.5666666666666667,1,0
3897,79.62042042042042,3,0.5666666666666667,1,0
3898,79.62042042042042,4,0.5666666666666667,1,0
3899,79.62042042042042,5,0.5666666666666667,1,0
3900,79.62042042042042,6,0.5666666666666667,1,0
3901,79.72032032032031,2,0.5666666666666667,1,0
3902,79.72032032032031,3,0.5666666666666667,1,0
3903,79.72032032032031,4,0.5666666666666667,1,0
3904,79.72032032032031,5,0.5666666666666667,1,0
3905,79.72032032032031,6,0.5666666666666667,1,0
3906,79.82022022022022,2,0.5666666666666667,1,0
3907,79.82022022022022,3,0.5666666666666667,1,0
3908,79.82022022022022,4,0.5666666666666667,1,0
3909,79.82022022022022,5,0.5666666666666667,1,0
3910,79.82022022022022,6,0.5666666666666667,1,0
3911,79.92012012012012,2,0.5666666666666667,1,0
3912,79.92012012012012,3,0.5666666666666667,1,0
3913,79.92012012012012,4,0.5666666666666667,1,0
3914,79.92012012012012,5,0.5666666666666667,1,0
3915,79.92012012012012,6,0.5666666666666667,1,0
3916,80.02002002002001,2,0.5666666666666667,1,0
3917,80.02002002002001,3,0.5666666666666667,1,0
3918,80.02002002002001,4,0.5666666666666667,1,0
3919,80.02002002002001,5,0.5666666666666667,1,0
3920,80.02002002002001,6,0.5666666666666667,1,0
3921,80.11991991991992,2,0.5666666666666667,1,0
3922,80.11991991991992,3,0.5666666666666667,1,0
3923,80.11991991991992,4,0.5666666666666667,1,0
3924,80.11991991991992,5,0.5666666666666667,1,0
3925,80.11991991991992,6,0.5666666666666667,1,0
3926,80.21981981981982,2,0.5666666666666667,1,0
3927,80.21981981981982,3,0.5666666666666667,1,0
3928,80.21981981981982,4,0.5666666666666667,1,0
3929,80.21981981981982,5,0.5666666666666667,1,0
3930,80.21981981981982,6,0.5666666666666667,1,0
3931,80.31971971971971,2,0.5666666666666667,1,0
3932,80.31971971971971,3,0.5666666666666667,1,0
3933,80.31971971971971,4,0.5666666666666667,1,0
3934,80.31971971971971,5,0.5666666666666667,1,0
3935,80.31971971971971,6,0.5666666666666667,1,0
3936,80.41961961961961,2,0.5666666666666667,1,0
3937,80.41961961961961,3,0.5666666666666667,1,0
3938,80.41961961961961,4,0.5666666666666667,1,0
3939,80.41961961961961,5,0.5666666666666667,1,0
3940,80.41961961961961,6,0.5666666666666667,1,0
3941,80.51951951951952,2,0.5666666666666667,1,0
3942,80.51951951951952,3,0.5666666666666667,1,0
3943,80.51951951951952,4,0.5666666666666667,1,0
3944,80.51951951951952,5,0.5666666666666667,1,0
3945,80.51951951951952,6,0.5666666666666667,1,0
3946,80.61941941941942,2,0.5666666666666667,1,0
3947,80.61941941941942,3,0.5666666666666667,1,0
3948,80.61941941941942,4,0.5666666666666667,1,0
3949,80.61941941941942,5,0.5666666666666667,1,0
3950,80.61941941941942,6,0.5666666666666667,1,0
3951,80.71931931931931,2,0.5666666666666667,1,0
3952,80.71931931931931,3,0.5666666666666667,1,0
3953,80.71931931931931,4,0.5666666666666667,1,0
3954,80.71931931931931,5,0.5666666666666667,1,0
3955,80.71931931931931,6,0.5666666666666667,1,0
3956,80.81921921921922,2,0.5666666666666667,1,0
3957,80.81921921921922,3,0.5666666666666667,1,0
3958,80.81921921921922,4,0.5666666666666667,1,0
3959,80.81921921921922,5,0.5666666666666667,1,0
3960,80.81921921921922,6,0.5666666666666667,1,0
3961,80.91911911911912,2,0.5666666666666667,1,0
3962,80.91911911911912,3,0.5666666666666667,1,0
3963,80.91911911911912,4,0.5666666666666667,1,0
3964,80.91911911911912,5,0.5666666666666667,1,0
3965,80.91911911911912,6,0.5666666666666667,1,0
3966,81.01901901901901,2,0.5666666666666667,1,0
3967,81.01901901901901,3,0.5666666666666667,1,0
3968,81.01901901901901,4,0.5666666666666667,1,0
3969,81.01901901901901,5,0.5666666666666667,1,0
3970,81.01901901901901,6,0.5666666666666667,1,0
3971,81.11891891891891,2,0.5666666666666667,1,0
3972,81.11891891891891,3,0.5666666666666667,1,0
3973,81.11891891891891,4,0.5666666666666667,1,0
3974,81.11891891891891,5,0.5666666666666667,1,0
3975,81.11891891891891,6,0.5666666666666667,1,0
3976,81.21881881881882,2,0.5666666666666667,1,0
3977,81.21881881881882,3,0.5666666666666667,1,0
3978,81.21881881881882,4,0.5666666666666667,1,0
3979,81.21881881881882,5,0.5666666666666667,1,0
3980,81.21881881881882,6,0.5666666666666667,1,0
3981,81.31871871871871,2,0.5666666666666667,1,0
3982,81.31871871871871,3,0.5666666666666667,1,0
3983,81.31871871871871,4,0.5666666666666667,1,0
3984,81.31871871871871,5,0.5666666666666667,1,0
3985,81.31871871871871,6,0.5666666666666667,1,0
3986,81.41861861861861,2,0.5666666666666667,1,0
3987,81.41861861861861,3,0.5666666666666667,1,0
3988,81.41861861861861,4,0.5666666666666667,1,0
3989,81.41861861861861,5,0.5666666666666667,1,0
3990,81.41861861861861,6,0.5666666666666667,1,0
3991,81.51851851851852,2,0.5666666666666667,1,0
3992,81.51851851851852,3,0.5666666666666667,1,0
3993,81.51851851851852,4,0.5666666666666667,1,0
3994,81.51851851851852,5,0.5666666666666667,1,0
3995,81.51851851851852,6,0.5666666666666667,1,0
3996,81.61841841841841,2,0.5666666666666667,1,0
3997,81.61841841841841,3,0.5666666666666667,1,0
3998,81.61841841841841,4,0.5666666666666667,1,0
3999,81.61841841841841,5,0.5666666666666667,1,0
4000,81.61841841841841,6,0.5666666666666667,1,0
4001,81.71831831831831,2,0.5666666666666667,1,0
4002,81.71831831831831,3,0.5666666666666667,1,0
4003,81.71831831831831,4,0.5666666666666667,1,0
4004,81.71831831831831,5,0.5666666666666667,1,0
4005,81.71831831831831,6,0.5666666666666667,1,0
4006,81.81821821821822,2,0.5666666666666667,1,0
4007,81.81821821821822,3,0.5666666666666667,1,0
4008,81.81821821821822,4,0.5666666666666667,1,0
4009,81.81821821821822,5,0.5666666666666667,1,0
4010,81.81821821821822,6,0.5666666666666667,1,0
4011,81.91811811811812,2,0.5666666666666667,1,0
4012,81.91811811811812,3,0.5666666666666667,1,0
4013,81.91811811811812,4,0.5666666666666667,1,0
4014,81.91811811811812,5,0.5666666666666667,1,0
4015,81.91811811811812,6,0.5666666666666667,1,0
4016,82.01801801801801,2,0.5666666666666667,1,0
4017,82.01801801801801,3,0.5666666666666667,1,0
4018,82.01801801801801,4,0.5666666666666667,1,0
4019,82.01801801801801,5,0.5666666666666667,1,0
4020,82.01801801801801,6,0.5666666666666667,1,0
4021,82.11791791791791,2,0.5666666666666667,1,0
4022,82.11791791791791,3,0.5666666666666667,1,0
4023,82.11791791791791,4,0.5666666666666667,1,0
4024,82.11791791791791,5,0.5666666666666667,1,0
4025,82.11791791791791,6,0.5666666666666667,1,0
4026,82.21781781781782,2,0.5666666666666667,1,0
4027,82.21781781781782,3,0.5666666666666667,1,0
4028,82.21781781781782,4,0.5666666666666667,1,0
4029,82.21781781781782,5,0.5666666666666667,1,0
4030,82.21781781781782,6,0.5666666666666667,1,0
4031,82.31771771771771,2,0.5666666666666667,1,0
4032,82.31771771771771,3,0.5666666666666667,1,0
4033,82.31771771771771,4,0.5666666666666667,1,0
4034,82.31771771771771,5,0.5666666666666667,1,0
4035,82.31771771771771,6,0.5666666666666667,1,0
4036,82.41761761761761,2,0.5666666666666667,1,0
4037,82.41761761761761,3,0.5666666666666667,1,0
4038,82.41761761761761,4,0.5666666666666667,1,0
4039,82.41761761761761,5,0.5666666666666667,1,0
4040,82.41761761761761,6,0.5666666666666667,1,0
4041,82.51751751751752,2,0.5666666666666667,1,0
4042,82.51751751751752,3,0.5666666666666667,1,0
4043,82.51751751751752,4,0.5666666666666667,1,0
4044,82.51751751751752,5,0.5666666666666667,1,0
4045,82.51751751751752,6,0.5666666666666667,1,0
4046,82.61741741741741,2,0.5666666666666667,1,0
4047,82.61741741741741,3,0.5666666666666667,1,0
4048,82.61741741741741,4,0.5666666666666667,1,0
4049,82.61741741741741,5,0.5666666666666667,1,0
4050,82.61741741741741,6,0.5666666666666667,1,0
4051,82.71731731731731,2,0.5666666666666667,1,0
4052,82.71731731731731,3,0.5666666666666667,1,0
4053,82.71731731731731,4,0.5666666666666667,1,0
4054,82.71731731731731,5,0.5666666666666667,1,0
4055,82.71731731731731,6,0.5666666666666667,1,0
4056,82.81721721721722,2,0.5666666666666667,1,0
4057,82.81721721721722,3,0.5666666666666667,1,0
4058,82.81721721721722,4,0.5666666666666667,1,0
4059,82.81721721721722,5,0.5666666666666667,1,0
4060,82.81721721721722,6,0.5666666666666667,1,0
4061,82.91711711711712,2,0.5666666666666667,1,0
4062,82.91711711711712,3,0.5666666666666667,1,0
4063,82.91711711711712,4,0.5666666666666667,1,0
4064,82.91711711711712,5,0.5666666666666667,1,0
4065,82.91711711711712,6,0.5666666666666667,1,0
4066,83.01701701701701,2,0.5666666666666667,1,0
4067,83.01701701701701,3,0.5666666666666667,1,0
4068,83.01701701701701,4,0.5666666666666667,1,0
4069,83.01701701701701,5,0.5666666666666667,1,0
4070,83.01701701701701,6,0.5666666666666667,1,0
4071,83.1169169169169,2,0.5666666666666667,1,0
4072,83.1169169169169,3,0.5666666666666667,1,0
4073,83.1169169169169,4,0.5666666666666667,1,0
4074,83.1169169169169,5,0.5666666666666667,1,0
4075,83.1169169169169,6,0.5666666666666667,1,0
4076,83.21681681681682,2,0.5666666666666667,1,0
4077,83.21681681681682,3,0.5666666666666667,1,0
4078,83.21681681681682,4,0.5666666666666667,1,0
4079,83.21681681681682,5,0.5666666666666667,1,0
4080,83.21681681681682,6,0.5666666666666667,1,0
4081,83.31671671671671,2,0.5666666666666667,1,0
4082,83.31671671671671,3,0.5666666666666667,1,0
4083,83.31671671671671,4,0.5666666666666667,1,0
4084,83.31671671671671,5,0.5666666666666667,1,0
4085,83.31671671671671,6,0.5666666666666667,1,0
4086,83.41661661661661,2,0.5666666666666667,1,0
4087,83.41661661661661,3,0.5666666666666667,1,0
4088,83.41661661661661,4,0.5666666666666667,1,0
4089,83.41661661661661,5,0.5666666666666667,1,0
4090,83.41661661661661,6,0.5666666666666667,1,0
4091,83.51651651651652,2,0.5666666666666667,1,0
4092,83.51651651651652,3,0.5666666666666667,1,0
4093,83.51651651651652,4,0.5666666666666667,1,0
4094,83.51651651651652,5,0.5666666666666667,1,0
4095,83.51651651651652,6,0.5666666666666667,1,0
4096,83.61641641641641,2,0.5666666666666667,1,0
4097,83.61641641641641,3,0.5666666666666667,1,0
4098,83.61641641641641,4,0.5666666666666667,1,0
4099,83.61641641641641,5,0.5666666666666667,1,0
4100,83.61641641641641,6,0.5666666666666667,1,0
4101,83.71631631631631,2,0.5666666666666667,1,0
4102,83.71631631631631,3,0.5666666666666667,1,0
4103,83.71631631631631,4,0.5666666666666667,1,0
4104,83.71631631631631,5,0.5666666666666667,1,0
4105,83.71631631631631,6,0.5666666666666667,1,0
4106,83.8162162162162,2,0.5666666666666667,1,0
4107,83.8162162162162,3,0.5666666666666667,1,0
4108,83.8162162162162,4,0.5666666666666667,1,0
4109,83.8162162162162,5,0.5666666666666667,1,0
4110,83.8162162162162,6,0.5666666666666667,1,0
4111,83.91611611611611,2,0.5666666666666667,1,0
4112,83.91611611611611,3,0.5666666666666667,1,0
4113,83.91611611611611,4,0.5666666666666667,1,0
4114,83.91611611611611,5,0.5666666666666667,1,0
4115,83.91611611611611,6,0.5666666666666667,1,0
4116,84.01601601601601,2,0.5666666666666667,1,0
4117,84.01601601601601,3,0.5666666666666667,1,0
4118,84.01601601601601,4,0.5666666666666667,1,0
4119,84.01601601601601,5,0.5666666666666667,1,0
4120,84.01601601601601,6,0.5666666666666667,1,0
4121,84.1159159159159,2,0.5666666666666667,1,0
4122,84.1159159159159,3,0.5666666666666667,1,0
4123,84.1159159159159,4,0.5666666666666667,1,0
4124,84.1159159159159,5,0.5666666666666667,1,0
4125,84.1159159159159,6,0.5666666666666667,1,0
4126,84.21581581581582,2,0.5666666666666667,1,0
4127,84.21581581581582,3,0.5666666666666667,1,0
4128,84.21581581581582,4,0.5666666666666667,1,0
4129,84.21581581581582,5,0.5666666666666667,1,0
4130,84.21581581581582,6,0.5666666666666667,1,0
4131,84.31571571571571,2,0.5666666666666667,1,0
4132,84.31571571571571,3,0.5666666666666667,1,0
4133,84.31571571571571,4,0.5666666666666667,1,0
4134,84.31571571571571,5,0.5666666666666667,1,0
4135,84.31571571571571,6,0.5666666666666667,1,0
4136,84.41561561561561,2,0.5666666666666667,1,0
4137,84.41561561561561,3,0.5666666666666667,1,0
4138,84.41561561561561,4,0.5666666666666667,1,0
4139,84.41561561561561,5,0.5666666666666667,1,0
4140,84.41561561561561,6,0.5666666666666667,1,0
4141,84.51551551551552,2,0.5666666666666667,1,0
4142,84.51551551551552,3,0.5666666666666667,1,0
4143,84.51551551551552,4,0.5666666666666667,1,0
4144,84.51551551551552,5,0.5666666666666667,1,0
4145,84.51551551551552,6,0.5666666666666667,1,0
4146,84.61541541541541,2,0.5666666666666667,1,0
4147,84.61541541541541,3,0.5666666666666667,1,0
4148,84.61541541541541,4,0.5666666666666667,1,0
4149,84.61541541541541,5,0.5666666666666667,1,0
4150,84.61541541541541,6,0.5666666666666667,1,0
4151,84.71531531531531,2,0.5666666666666667,1,0
4152,84.71531531531531,3,0.5666666666666667,1,0
4153,84.71531531531531,4,0.5666666666666667,1,0
4154,84.71531531531531,5,0.5666666666666667,1,0
4155,84.71531531531531,6,0.5666666666666667,1,0
4156,84.8152152152152,2,0.5666666666666667,1,0
4157,84.8152152152152,3,0.5666666666666667,1,0
4158,84.8152152152152,4,0.5666666666666667,1,0
4159,84.8152152152152,5,0.5666666666666667,1,0
4160,84.8152152152152,6,0.5666666666666667,1,0
4161,84.91511511511511,2,0.5666666666666667,1,0
4162,84.91511511511511,3,0.5666666666666667,1,0
4163,84.91511511511511,4,0.5666666666666667,1,0
4164,84.91511511511511,5,0.5666666666666667,1,0
4165,84.91511511511511,6,0.5666666666666667,1,0
4166,85.01501501501501,2,0.5666666666666667,1,0
4167,85.01501501501501,3,0.5666666666666667,1,0
4168,85.01501501501501,4,0.5666666666666667,1,0
4169,85.01501501501501,5,0.5666666666666667,1,0
4170,85.01501501501501,6,0.5666666666666667,1,0
4171,85.1149149149149,2,0.5666666666666667,1,0
4172,85.1149149149149,3,0.5666666666666667,1,0
4173,85.1149149149149,4,0.5666666666666667,1,0
4174,85.1149149149149,5,0.5666666666666667,1,0
4175,85.1149149149149,6,0.5666666666666667,1,0
4176,85.21481481481482,2,0.5666666666666667,1,0
4177,85.21481481481482,3,0.5666666666666667,1,0
4178,85.21481481481482,4,0.5666666666666667,1,0
4179,85.21481481481482,5,0.5666666666666667,1,0
4180,85.21481481481482,6,0.5666666666666667,1,0
4181,85.31471471471471,2,0.5666666666666667,1,0
4182,85.31471471471471,3,0.5666666666666667,1,0
4183,85.31471471471471,4,0.5666666666666667,1,0
4184,85.31471471471471,5,0.5666666666666667,1,0
4185,85.31471471471471,6,0.5666666666666667,1,0
4186,85.4146146146146,2,0.5666666666666667,1,0
4187,85.4146146146146,3,0.5666666666666667,1,0
4188,85.4146146146146,4,0.5666666666666667,1,0
4189,85.4146146146146,5,0.5666666666666667,1,0
4190,85.4146146146146,6,0.5666666666666667,1,0
4191,85.51451451451452,2,0.5666666666666667,1,0
4192,85.51451451451452,3,0.5666666666666667,1,0
4193,85.51451451451452,4,0.5666666666666667,1,0
4194,85.51451451451452,5,0.5666666666666667,1,0
4195,85.51451451451452,6,0.5666666666666667,1,0
4196,85.61441441441441,2,0.5666666666666667,1,0
4197,85.61441441441441,3,0.5666666666666667,1,0
4198,85.61441441441441,4,0.5666666666666667,1,0
4199,85.61441441441441,5,0.5666666666666667,1,0
4200,85.61441441441441,6,0.5666666666666667,1,0
4201,85.71431431431431,2,0.5666666666666667,1,0
4202,85.71431431431431,3,0.5666666666666667,1,0
4203,85.71431431431431,4,0.5666666666666667,1,0
4204,85.71431431431431,5,0.5666666666666667,1,0
4205,85.71431431431431,6,0.5666666666666667,1,0
4206,85.8142142142142,2,0.5666666666666667,1,0
4207,85.8142142142142,3,0.5666666666666667,1,0
4208,85.8142142142142,4,0.5666666666666667,1,0
4209,85.8142142142142,5,0.5666666666666667,1,0
4210,85.8142142142142,6,0.5666666666666667,1,0
4211,85.91411411411411,2,0.5666666666666667,1,0
4212,85.91411411411411,3,0.5666666666666667,1,0
4213,85.91411411411411,4,0.5666666666666667,1,0
4214,85.91411411411411,5,0.5666666666666667,1,0
4215,85.91411411411411,6,0.5666666666666667,1,0
4216,86.01401401401401,2,0.5666666666666667,1,0
4217,86.01401401401401,3,0.5666666666666667,1,0
4218,86.01401401401401,4,0.5666666666666667,1,0
4219,86.01401401401401,5,0.5666666666666667,1,0
4220,86.01401401401401,6,0.5666666666666667,1,0
4221,86.1139139139139,2,0.5666666666666667,1,0
4222,86.1139139139139,3,0.5666666666666667,1,0
4223,86.1139139139139,4,0.5666666666666667,1,0
4224,86.1139139139139,5,0.5666666666666667,1,0
4225,86.1139139139139,6,0.5666666666666667,1,0
4226,86.21381381381381,2,0.5666666666666667,1,0
4227,86.21381381381381,3,0.5666666666666667,1,0
4228,86.21381381381381,4,0.5666666666666667,1,0
4229,86.21381381381381,5,0.5666666666666667,1,0
4230,86.21381381381381,6,0.5666666666666667,1,0
4231,86.31371371371371,2,0.5666666666666667,1,0
4232,86.31371371371371,3,0.5666666666666667,1,0
4233,86.31371371371371,4,0.5666666666666667,1,0
4234,86.31371371371371,5,0.5666666666666667,1,0
4235,86.31371371371371,6,0.5666666666666667,1,0
4236,86.4136136136136,2,0.5666666666666667,1,0
4237,86.4136136136136,3,0.5666666666666667,1,0
4238,86.4136136136136,4,0.5666666666666667,1,0
4239,86.4136136136136,5,0.5666666666666667,1,0
4240,86.4136136136136,6,0.5666666666666667,1,0
4241,86.5135135135135,2,0.5666666666666667,1,0
4242,86.5135135135135,3,0.5666666666666667,1,0
4243,86.5135135135135,4,0.5666666666666667,1,0
4244,86.5135135135135,5,0.5666666666666667,1,0
4245,86.5135135135135,6,0.5666666666666667,1,0
4246,86.61341341341341,2,0.5666666666666667,1,0
4247,86.61341341341341,3,0.5666666666666667,1,0
4248,86.61341341341341,4,0.5666666666666667,1,0
4249,86.61341341341341,5,0.5666666666666667,1,0
4250,86.61341341341341,6,0.5666666666666667,1,0
4251,86.71331331331331,2,0.5666666666666667,1,0
4252,86.71331331331331,3,0.5666666666666667,1,0
4253,86.71331331331331,4,0.5666666666666667,1,0
4254,86.71331331331331,5,0.5666666666666667,1,0
4255,86.71331331331331,6,0.5666666666666667,1,0
4256,86.8132132132132,2,0.5666666666666667,1,0
4257,86.8132132132132,3,0.5666666666666667,1,0
4258,86.8132132132132,4,0.5666666666666667,1,0
4259,86.8132132132132,5,0.5666666666666667,1,0
4260,86.8132132132132,6,0.5666666666666667,1,0
4261,86.91311311311311,2,0.5666666666666667,1,0
4262,86.91311311311311,3,0.5666666666666667,1,0
4263,86.91311311311311,4,0.5666666666666667,1,0
4264,86.91311311311311,5,0.5666666666666667,1,0
4265,86.91311311311311,6,0.5666666666666667,1,0
4266,87.01301301301301,2,0.5666666666666667,1,0
4267,87.01301301301301,3,0.5666666666666667,1,0
4268,87.01301301301301,4,0.5666666666666667,1,0
4269,87.01301301301301,5,0.5666666666666667,1,0
4270,87.01301301301301,6,0.5666666666666667,1,0
4271,87.1129129129129,2,0.5666666666666667,1,0
4272,87.1129129129129,3,0.5666666666666667,1,0
4273,87.1129129129129,4,0.5666666666666667,1,0
4274,87.1129129129129,5,0.5666666666666667,1,0
4275,87.1129129129129,6,0.5666666666666667,1,0
4276,87.21281281281281,2,0.5666666666666667,1,0
4277,87.21281281281281,3,0.5666666666666667,1,0
4278,87.21281281281281,4,0.5666666666666667,1,0
4279,87.21281281281281,5,0.5666666666666667,1,0
4280,87.21281281281281,6,0.5666666666666667,1,0
4281,87.31271271271271,2,0.5666666666666667,1,0
4282,87.31271271271271,3,0.5666666666666667,1,0
4283,87.31271271271271,4,0.5666666666666667,1,0
4284,87.31271271271271,5,0.5666666666666667,1,0
4285,87.31271271271271,6,0.5666666666666667,1,0
4286,87.4126126126126,2,0.5666666666666667,1,0
4287,87.4126126126126,3,0.5666666666666667,1,0
4288,87.4126126126126,4,0.5666666666666667,1,0
4289,87.4126126126126,5,0.5666666666666667,1,0
4290,87.4126126126126,6,0.5666666666666667,1,0
4291,87.5125125125125,2,0.5666666666666667,1,0
4292,87.5125125125125,3,0.5666666666666667,1,0
4293,87.5125125125125,4,0.5666666666666667,1,0
4294,87.5125125125125,5,0.5666666666666667,1,0
4295,87.5125125125125,6,0.5666666666666667,1,0
4296,87.61241241241241,2,0.5666666666666667,1,0
4297,87.61241241241241,3,0.5666666666666667,1,0
4298,87.61241241241241,4,0.5666666666666667,1,0
4299,87.61241241241241,5,0.5666666666666667,1,0
4300,87.61241241241241,6,0.5666666666666667,1,0
4301,87.7123123123123,2,0.5666666666666667,1,0
4302,87.7123123123123,3,0.5666666666666667,1,0
4303,87.7123123123123,4,0.5666666666666667,1,0
4304,87.7123123123123,5,0.5666666666666667,1,0
4305,87.7123123123123,6,0.5666666666666667,1,0
4306,87.8122122122122,2,0.5666666666666667,1,0
4307,87.8122122122122,3,0.5666666666666667,1,0
4308,87.8122122122122,4,0.5666666666666667,1,0
4309,87.8122122122122,5,0.5666666666666667,1,0
4310,87.8122122122122,6,0.5666666666666667,1,0
4311,87.91211211211211,2,0.5666666666666667,1,0
4312,87.91211211211211,3,0.5666666666666667,1,0
4313,87.91211211211211,4,0.5666666666666667,1,0
4314,87.91211211211211,5,0.5666666666666667,1,0
4315,87.91211211211211,6,0.5666666666666667,1,0
4316,88.01201201201201,2,0.5666666666666667,1,0
4317,88.01201201201201,3,0.5666666666666667,1,0
4318,88.01201201201201,4,0.5666666666666667,1,0
4319,88.01201201201201,5,0.5666666666666667,1,0
4320,88.01201201201201,6,0.5666666666666667,1,0
4321,88.1119119119119,2,0.5666666666666667,1,0
4322,88.1119119119119,3,0.5666666666666667,1,0
4323,88.1119119119119,4,0.5666666666666667,1,0
4324,88.1119119119119,5,0.5666666666666667,1,0
4325,88.1119119119119,6,0.5666666666666667,1,0
4326,88.21181181181181,2,0.5666666666666667,1,0
4327,88.21181181181181,3,0.5666666666666667,1,0
4328,88.21181181181181,4,0.5666666666666667,1,0
4329,88.21181181181181,5,0.5666666666666667,1,0
4330,88.21181181181181,6,0.5666666666666667,1,0
4331,88.31171171171171,2,0.5666666666666667,1,0
4332,88.31171171171171,3,0.5666666666666667,1,0
4333,88.31171171171171,4,0.5666666666666667,1,0
4334,88.31171171171171,5,0.5666666666666667,1,0
4335,88.31171171171171,6,0.5666666666666667,1,0
4336,88.4116116116116,2,0.5666666666666667,1,0
4337,88.4116116116116,3,0.5666666666666667,1,0
4338,88.4116116116116,4,0.5666666666666667,1,0
4339,88.4116116116116,5,0.5666666666666667,1,0
4340,88.4116116116116,6,0.5666666666666667,1,0
4341,88.5115115115115,2,0.5666666666666667,1,0
4342,88.5115115115115,3,0.5666666666666667,1,0
4343,88.5115115115115,4,0.5666666666666667,1,0
4344,88.5115115115115,5,0.5666666666666667,1,0
4345,88.5115115115115,6,0.5666666666666667,1,0
4346,88.61141141141141,2,0.5666666666666667,1,0
4347,88.61141141141141,3,0.5666666666666667,1,0
4348,88.61141141141141,4,0.5666666666666667,1,0
4349,88.61141141141141,5,0.5666666666666667,1,0
4350,88.61141141141141,6,0.5666666666666667,1,0
4351,88.7113113113113,2,0.5666666666666667,1,0
4352,88.7113113113113,3,0.5666666666666667,1,0
4353,88.7113113113113,4,0.5666666666666667,1,0
4354,88.7113113113113,5,0.5666666666666667,1,0
4355,88.7113113113113,6,0.5666666666666667,1,0
4356,88.8112112112112,2,0.5666666666666667,1,0
4357,88.8112112112112,3,0.5666666666666667,1,0
4358,88.8112112112112,4,0.5666666666666667,1,0
4359,88.8112112112112,5,0.5666666666666667,1,0
4360,88.8112112112112,6,0.5666666666666667,1,0
4361,88.91111111111111,2,0.5666666666666667,1,0
4362,88.91111111111111,3,0.5666666666666667,1,0
4363,88.91111111111111,4,0.5666666666666667,1,0
4364,88.91111111111111,5,0.5666666666666667,1,0
4365,88.91111111111111,6,0.5666666666666667,1,0
4366,89.011011011011,2,0.5666666666666667,1,0
4367,89.011011011011,3,0.5666666666666667,1,0
4368,89.011011011011,4,0.5666666666666667,1,0
4369,89.011011011011,5,0.5666666666666667,1,0
4370,89.011011011011,6,0.5666666666666667,1,0
4371,89.1109109109109,2,0.5666666666666667,1,0
4372,89.1109109109109,3,0.5666666666666667,1,0
4373,89.1109109109109,4,0.5666666666666667,1,0
4374,89.1109109109109,5,0.5666666666666667,1,0
4375,89.1109109109109,6,0.5666666666666667,1,0
4376,89.21081081081081,2,0.5666666666666667,1,0
4377,89.21081081081081,3,0.5666666666666667,1,0
4378,89.21081081081081,4,0.5666666666666667,1,0
4379,89.21081081081081,5,0.5666666666666667,1,0
4380,89.21081081081081,6,0.5666666666666667,1,0
4381,89.31071071071071,2,0.5666666666666667,1,0
4382,89.31071071071071,3,0.5666666666666667,1,0
4383,89.31071071071071,4,0.5666666666666667,1,0
4384,89.31071071071071,5,0.5666666666666667,1,0
4385,89.31071071071071,6,0.5666666666666667,1,0
4386,89.4106106106106,2,0.5666666666666667,1,0
4387,89.4106106106106,3,0.5666666666666667,1,0
4388,89.4106106106106,4,0.5666666666666667,1,0
4389,89.4106106106106,5,0.5666666666666667,1,0
4390,89.4106106106106,6,0.5666666666666667,1,0
4391,89.5105105105105,2,0.5666666666666667,1,0
4392,89.5105105105105,3,0.5666666666666667,1,0
4393,89.5105105105105,4,0.5666666666666667,1,0
4394,89.5105105105105,5,0.5666666666666667,1,0
4395,89.5105105105105,6,0.5666666666666667,1,0
4396,89.61041041041041,2,0.5666666666666667,1,0
4397,89.61041041041041,3,0.5666666666666667,1,0
4398,89.61041041041041,4,0.5666666666666667,1,0
4399,89.61041041041041,5,0.5666666666666667,1,0
4400,89.61041041041041,6,0.5666666666666667,1,0
4401,89.7103103103103,2,0.5666666666666667,1,0
4402,89.7103103103103,3,0.5666666666666667,1,0
4403,89.7103103103103,4,0.5666666666666667,1,0
4404,89.7103103103103,5,0.5666666666666667,1,0
4405,89.7103103103103,6,0.5666666666666667,1,0
4406,89.8102102102102,2,0.5666666666666667,1,0
4407,89.8102102102102,3,0.5666666666666667,1,0
4408,89.8102102102102,4,0.5666666666666667,1,0
4409,89.8102102102102,5,0.5666666666666667,1,0
4410,89.8102102102102,6,0.5666666666666667,1,0
4411,89.91011011011011,2,0.5666666666666667,1,0
4412,89.91011011011011,3,0.5666666666666667,1,0
4413,89.91011011011011,4,0.5666666666666667,1,0
4414,89.91011011011011,5,0.5666666666666667,1,0
4415,89.91011011011011,6,0.5666666666666667,1,0
4416,90.01001001001,2,0.5666666666666667,1,0
4417,90.01001001001,3,0.5666666666666667,1,0
4418,90.01001001001,4,0.5666666666666667,1,0
4419,90.01001001001,5,0.5666666666666667,1,0
4420,90.01001001001,6,0.5666666666666667,1,0
4421,90.1099099099099,2,0.5666666666666667,1,0
4422,90.1099099099099,3,0.5666666666666667,1,0
4423,90.1099099099099,4,0.5666666666666667,1,0
4424,90.1099099099099,5,0.5666666666666667,1,0
4425,90.1099099099099,6,0.5666666666666667,1,0
4426,90.2098098098098,2,0.5666666666666667,1,0
4427,90.2098098098098,3,0.5666666666666667,1,0
4428,90.2098098098098,4,0.5666666666666667,1,0
4429,90.2098098098098,5,0.5666666666666667,1,0
4430,90.2098098098098,6,0.5666666666666667,1,0
4431,90.30970970970971,2,0.5666666666666667,1,0
4432,90.30970970970971,3,0.5666666666666667,1,0
4433,90.30970970970971,4,0.5666666666666667,1,0
4434,90.30970970970971,5,0.5666666666666667,1,0
4435,90.30970970970971,6,0.5666666666666667,1,0
4436,90.4096096096096,2,0.5666666666666667,1,0
4437,90.4096096096096,3,0.5666666666666667,1,0
4438,90.4096096096096,4,0.5666666666666667,1,0
4439,90.4096096096096,5,0.5666666666666667,1,0
4440,90.4096096096096,6,0.5666666666666667,1,0
4441,90.5095095095095,2,0.5666666666666667,1,0
4442,90.5095095095095,3,0.5666666666666667,1,0
4443,90.5095095095095,4,0.5666666666666667,1,0
4444,90.5095095095095,5,0.5666666666666667,1,0
4445,90.5095095095095,6,0.5666666666666667,1,0
4446,90.60940940940941,2,0.5666666666666667,1,0
4447,90.60940940940941,3,0.5666666666666667,1,0
4448,90.60940940940941,4,0.5666666666666667,1,0
4449,90.60940940940941,5,0.5666666666666667,1,0
4450,90.60940940940941,6,0.5666666666666667,1,0
4451,90.7093093093093,2,0.5666666666666667,1,0
4452,90.7093093093093,3,0.5666666666666667,1,0
4453,90.7093093093093,4,0.5666666666666667,1,0
4454,90.7093093093093,5,0.5666666666666667,1,0
4455,90.7093093093093,6,0.5666666666666667,1,0
4456,90.8092092092092,2,0.5666666666666667,1,0
4457,90.8092092092092,3,0.5666666666666667,1,0
4458,90.8092092092092,4,0.5666666666666667,1,0
4459,90.8092092092092,5,0.5666666666666667,1,0
4460,90.8092092092092,6,0.5666666666666667,1,0
4461,90.90910910910911,2,0.5666666666666667,1,0
4462,90.90910910910911,3,0.5666666666666667,1,0
4463,90.90910910910911,4,0.5666666666666667,1,0
4464,90.90910910910911,5,0.5666666666666667,1,0
4465,90.90910910910911,6,0.5666666666666667,1,0
4466,91.009009009009,2,0.5666666666666667,1,0
4467,91.009009009009,3,0.5666666666666667,1,0
4468,91.009009009009,4,0.5666666666666667,1,0
4469,91.009009009009,5,0.5666666666666667,1,0
4470,91.009009009009,6,0.5666666666666667,1,0
4471,91.1089089089089,2,0.5666666666666667,1,0
4472,91.1089089089089,3,0.5666666666666667,1,0
4473,91.1089089089089,4,0.5666666666666667,1,0
4474,91.1089089089089,5,0.5666666666666667,1,0
4475,91.1089089089089,6,0.5666666666666667,1,0
4476,91.2088088088088,2,0.5666666666666667,1,0
4477,91.2088088088088,3,0.5666666666666667,1,0
4478,91.2088088088088,4,0.5666666666666667,1,0
4479,91.2088088088088,5,0.5666666666666667,1,0
4480,91.2088088088088,6,0.5666666666666667,1,0
4481,91.3087087087087,2,0.5666666666666667,1,0
4482,91.3087087087087,3,0.5666666666666667,1,0
4483,91.3087087087087,4,0.5666666666666667,1,0
4484,91.3087087087087,5,0.5666666666666667,1,0
4485,91.3087087087087,6,0.5666666666666667,1,0
4486,91.4086086086086,2,0.5666666666666667,1,0
4487,91.4086086086086,3,0.5666666666666667,1,0
4488,91.4086086086086,4,0.5666666666666667,1,0
4489,91.4086086086086,5,0.5666666666666667,1,0
4490,91.4086086086086,6,0.5666666666666667,1,0
4491,91.5085085085085,2,0.5666666666666667,1,0
4492,91.5085085085085,3,0.5666666666666667,1,0
4493,91.5085085085085,4,0.5666666666666667,1,0
4494,91.5085085085085,5,0.5666666666666667,1,0
4495,91.5085085085085,6,0.5666666666666667,1,0
4496,91.60840840840841,2,0.5666666666666667,1,0
4497,91.60840840840841,3,0.5666666666666667,1,0
4498,91.60840840840841,4,0.5666666666666667,1,0
4499,91.60840840840841,5,0.5666666666666667,1,0
4500,91.60840840840841,6,0.5666666666666667,1,0
4501,91.7083083083083,2,0.5666666666666667,1,0
4502,91.7083083083083,3,0.5666666666666667,1,0
4503,91.7083083083083,4,0.5666666666666667,1,0
4504,91.7083083083083,5,0.5666666666666667,1,0
4505,91.7083083083083,6,0.5666666666666667,1,0
4506,91.8082082082082,2,0.5666666666666667,1,0
4507,91.8082082082082,3,0.5666666666666667,1,0
4508,91.8082082082082,4,0.5666666666666667,1,0
4509,91.8082082082082,5,0.5666666666666667,1,0
4510,91.8082082082082,6,0.5666666666666667,1,0
4511,91.90810810810811,2,0.5666666666666667,1,0
4512,91.90810810810811,3,0.5666666666666667,1,0
4513,91.90810810810811,4,0.5666666666666667,1,0
4514,91.90810810810811,5,0.5666666666666667,1,0
4515,91.90810810810811,6,0.5666666666666667,1,0
4516,92.008008008008,2,0.5666666666666667,1,0
4517,92.008008008008,3,0.5666666666666667,1,0
4518,92.008008008008,4,0.5666666666666667,1,0
4519,92.008008008008,5,0.5666666666666667,1,0
4520,92.008008008008,6,0.5666666666666667,1,0
4521,92.1079079079079,2,0.5666666666666667,1,0
4522,92.1079079079079,3,0.5666666666666667,1,0
4523,92.1079079079079,4,0.5666666666666667,1,0
4524,92.1079079079079,5,0.5666666666666667,1,0
4525,92.1079079079079,6,0.5666666666666667,1,0
4526,92.2078078078078,2,0.5666666666666667,1,0
4527,92.2078078078078,3,0.5666666666666667,1,0
4528,92.2078078078078,4,0.5666666666666667,1,0
4529,92.2078078078078,5,0.5666666666666667,1,0
4530,92.2078078078078,6,0.5666666666666667,1,0
4531,92.3077077077077,2,0.5666666666666667,1,0
4532,92.3077077077077,3,0.5666666666666667,1,0
4533,92.3077077077077,4,0.5666666666666667,1,0
4534,92.3077077077077,5,0.5666666666666667,1,0
4535,92.3077077077077,6,0.5666666666666667,1,0
4536,92.4076076076076,2,0.5666666666666667,1,0
4537,92.4076076076076,3,0.5666666666666667,1,0
4538,92.4076076076076,4,0.5666666666666667,1,0
4539,92.4076076076076,5,0.5666666666666667,1,0
4540,92.4076076076076,6,0.5666666666666667,1,0
4541,92.5075075075075,2,0.5666666666666667,1,0
4542,92.5075075075075,3,0.5666666666666667,1,0
4543,92.5075075075075,4,0.5666666666666667,1,0
4544,92.5075075075075,5,0.5666666666666667,1,0
4545,92.5075075075075,6,0.5666666666666667,1,0
4546,92.60740740740741,2,0.5666666666666667,1,0
4547,92.60740740740741,3,0.5666666666666667,1,0
4548,92.60740740740741,4,0.5666666666666667,1,0
4549,92.60740740740741,5,0.5666666666666667,1,0
4550,92.60740740740741,6,0.5666666666666667,1,0
4551,92.7073073073073,2,0.5666666666666667,1,0
4552,92.7073073073073,3,0.5666666666666667,1,0
4553,92.7073073073073,4,0.5666666666666667,1,0
4554,92.7073073073073,5,0.5666666666666667,1,0
4555,92.7073073073073,6,0.5666666666666667,1,0
4556,92.8072072072072,2,0.5666666666666667,1,0
4557,92.8072072072072,3,0.5666666666666667,1,0
4558,92.8072072072072,4,0.5666666666666667,1,0
4559,92.8072072072072,5,0.5666666666666667,1,0
4560,92.8072072072072,6,0.5666666666666667,1,0
4561,92.90710710710711,2,0.5666666666666667,1,0
4562,92.90710710710711,3,0.5666666666666667,1,0
4563,92.90710710710711,4,0.5666666666666667,1,0
4564,92.90710710710711,5,0.5666666666666667,1,0
4565,92.90710710710711,6,0.5666666666666667,1,0
4566,93.007007007007,2,0.5666666666666667,1,0
4567,93.007007007007,3,0.5666666666666667,1,0
4568,93.007007007007,4,0.5666666666666667,1,0
4569,93.007007007007,5,0.5666666666666667,1,0
4570,93.007007007007,6,0.5666666666666667,1,0
4571,93.1069069069069,2,0.5666666666666667,1,0
4572,93.1069069069069,3,0.5666666666666667,1,0
4573,93.1069069069069,4,0.5666666666666667,1,0
4574,93.1069069069069,5,0.5666666666666667,1,0
4575,93.1069069069069,6,0.5666666666666667,1,0
4576,93.2068068068068,2,0.5666666666666667,1,0
4577,93.2068068068068,3,0.5666666666666667,1,0
4578,93.2068068068068,4,0.5666666666666667,1,0
4579,93.2068068068068,5,0.5666666666666667,1,0
4580,93.2068068068068,6,0.5666666666666667,1,0
4581,93.3067067067067,2,0.5666666666666667,1,0
4582,93.3067067067067,3,0.5666666666666667,1,0
4583,93.3067067067067,4,0.5666666666666667,1,0
4584,93.3067067067067,5,0.5666666666666667,1,0
4585,93.3067067067067,6,0.5666666666666667,1,0
4586,93.4066066066066,2,0.5666666666666667,1,0
4587,93.4066066066066,3,0.5666666666666667,1,0
4588,93.4066066066066,4,0.5666666666666667,1,0
4589,93.4066066066066,5,0.5666666666666667,1,0
4590,93.4066066066066,6,0.5666666666666667,1,0
4591,93.5065065065065,2,0.5666666666666667,1,0
4592,93.5065065065065,3,0.5666666666666667,1,0
4593,93.5065065065065,4,0.5666666666666667,1,0
4594,93.5065065065065,5,0.5666666666666667,1,0
4595,93.5065065065065,6,0.5666666666666667,1,0
4596,93.6064064064064,2,0.5666666666666667,1,0
4597,93.6064064064064,3,0.5666666666666667,1,0
4598,93.6064064064064,4,0.5666666666666667,1,0
4599,93.6064064064064,5,0.5666666666666667,1,0
4600,93.6064064064064,6,0.5666666666666667,1,0
4601,93.7063063063063,2,0.5666666666666667,1,0
4602,93.7063063063063,3,0.5666666666666667,1,0
4603,93.7063063063063,4,0.5666666666666667,1,0
4604,93.7063063063063,5,0.5666666666666667,1,0
4605,93.7063063063063,6,0.5666666666666667,1,0
4606,93.8062062062062,2,0.5666666666666667,1,0
4607,93.8062062062062,3,0.5666666666666667,1,0
4608,93.8062062062062,4,0.5666666666666667,1,0
4609,93.8062062062062,5,0.5666666666666667,1,0
4610,93.8062062062062,6,0.5666666666666667,1,0
4611,93.9061061061061,2,0.5666666666666667,1,0
4612,93.9061061061061,3,0.5666666666666667,1,0
4613,93.9061061061061,4,0.5666666666666667,1,0
4614,93.9061061061061,5,0.5666666666666667,1,0
4615,93.9061061061061,6,0.5666666666666667,1,0
4616,94.006006006006,2,0.5666666666666667,1,0
4617,94.006006006006,3,0.5666666666666667,1,0
4618,94.006006006006,4,0.5666666666666667,1,0
4619,94.006006006006,5,0.5666666666666667,1,0
4620,94.006006006006,6,0.5666666666666667,1,0
4621,94.1059059059059,2,0.5666666666666667,1,0
4622,94.1059059059059,3,0.5666666666666667,1,0
4623,94.1059059059059,4,0.5666666666666667,1,0
4624,94.1059059059059,5,0.5666666666666667,1,0
4625,94.1059059059059,6,0.5666666666666667,1,0
4626,94.2058058058058,2,0.5666666666666667,1,0
4627,94.2058058058058,3,0.5666666666666667,1,0
4628,94.2058058058058,4,0.5666666666666667,1,0
4629,94.2058058058058,5,0.5666666666666667,1,0
4630,94.2058058058058,6,0.5666666666666667,1,0
4631,94.3057057057057,2,0.5666666666666667,1,0
4632,94.3057057057057,3,0.5666666666666667,1,0
4633,94.3057057057057,4,0.5666666666666667,1,0
4634,94.3057057057057,5,0.5666666666666667,1,0
4635,94.3057057057057,6,0.5666666666666667,1,0
4636,94.4056056056056,2,0.5666666666666667,1,0
4637,94.4056056056056,3,0.5666666666666667,1,0
4638,94.4056056056056,4,0.5666666666666667,1,0
4639,94.4056056056056,5,0.5666666666666667,1,0
4640,94.4056056056056,6,0.5666666666666667,1,0
4641,94.5055055055055,2,0.5666666666666667,1,0
4642,94.5055055055055,3,0.5666666666666667,1,0
4643,94.5055055055055,4,0.5666666666666667,1,0
4644,94.5055055055055,5,0.5666666666666667,1,0
4645,94.5055055055055,6,0.5666666666666667,1,0
4646,94.6054054054054,2,0.5666666666666667,1,0
4647,94.6054054054054,3,0.5666666666666667,1,0
4648,94.6054054054054,4,0.5666666666666667,1,0
4649,94.6054054054054,5,0.5666666666666667,1,0
4650,94.6054054054054,6,0.5666666666666667,1,0
4651,94.7053053053053,2,0.5666666666666667,1,0
4652,94.7053053053053,3,0.5666666666666667,1,0
4653,94.7053053053053,4,0.5666666666666667,1,0
4654,94.7053053053053,5,0.5666666666666667,1,0
4655,94.7053053053053,6,0.5666666666666667,1,0
4656,94.8052052052052,2,0.5666666666666667,1,0
4657,94.8052052052052,3,0.5666666666666667,1,0
4658,94.8052052052052,4,0.5666666666666667,1,0
4659,94.8052052052052,5,0.5666666666666667,1,0
4660,94.8052052052052,6,0.5666666666666667,1,0
4661,94.9051051051051,2,0.5666666666666667,1,0
4662,94.9051051051051,3,0.5666666666666667,1,0
4663,94.9051051051051,4,0.5666666666666667,1,0
4664,94.9051051051051,5,0.5666666666666667,1,0
4665,94.9051051051051,6,0.5666666666666667,1,0
4666,95.005005005005,2,0.5666666666666667,1,0
4667,95.005005005005,3,0.5666666666666667,1,0
4668,95.005005005005,4,0.5666666666666667,1,0
4669,95.005005005005,5,0.5666666666666667,1,0
4670,95.005005005005,6,0.5666666666666667,1,0
4671,95.1049049049049,2,0.5666666666666667,1,0
4672,95.1049049049049,3,0.5666666666666667,1,0
4673,95.1049049049049,4,0.5666666666666667,1,0
4674,95.1049049049049,5,0.5666666666666667,1,0
4675,95.1049049049049,6,0.5666666666666667,1,0
4676,95.2048048048048,2,0.5666666666666667,1,0
4677,95.2048048048048,3,0.5666666666666667,1,0
4678,95.2048048048048,4,0.5666666666666667,1,0
4679,95.2048048048048,5,0.5666666666666667,1,0
4680,95.2048048048048,6,0.5666666666666667,1,0
4681,95.3047047047047,2,0.5666666666666667,1,0
4682,95.3047047047047,3,0.5666666666666667,1,0
4683,95.3047047047047,4,0.5666666666666667,1,0
4684,95.3047047047047,5,0.5666666666666667,1,0
4685,95.3047047047047,6,0.5666666666666667,1,0
4686,95.4046046046046,2,0.5666666666666667,1,0
4687,95.4046046046046,3,0.5666666666666667,1,0
4688,95.4046046046046,4,0.5666666666666667,1,0
4689,95.4046046046046,5,0.5666666666666667,1,0
4690,95.4046046046046,6,0.5666666666666667,1,0
4691,95.5045045045045,2,0.5666666666666667,1,0
4692,95.5045045045045,3,0.5666666666666667,1,0
4693,95.5045045045045,4,0.5666666666666667,1,0
4694,95.5045045045045,5,0.5666666666666667,1,0
4695,95.5045045045045,6,0.5666666666666667,1,0
4696,95.6044044044044,2,0.5666666666666667,1,0
4697,95.6044044044044,3,0.5666666666666667,1,0
4698,95.6044044044044,4,0.5666666666666667,1,0
4699,95.6044044044044,5,0.5666666666666667,1,0
4700,95.6044044044044,6,0.5666666666666667,1,0
4701,95.7043043043043,2,0.5666666666666667,1,0
4702,95.7043043043043,3,0.5666666666666667,1,0
4703,95.7043043043043,4,0.5666666666666667,1,0
4704,95.7043043043043,5,0.5666666666666667,1,0
4705,95.7043043043043,6,0.5666666666666667,1,0
4706,95.8042042042042,2,0.5666666666666667,1,0
4707,95.8042042042042,3,0.5666666666666667,1,0
4708,95.8042042042042,4,0.5666666666666667,1,0
4709,95.8042042042042,5,0.5666666666666667,1,0
4710,95.8042042042042,6,0.5666666666666667,1,0
4711,95.90410410410409,2,0.5666666666666667,1,0
4712,95.90410410410409,3,0.5666666666666667,1,0
4713,95.90410410410409,4,0.5666666666666667,1,0
4714,95.90410410410409,5,0.5666666666666667,1,0
4715,95.90410410410409,6,0.5666666666666667,1,0
4716,96.004004004004,2,0.5666666666666667,1,0
4717,96.004004004004,3,0.5666666666666667,1,0
4718,96.004004004004,4,0.5666666666666667,1,0
4719,96.004004004004,5,0.5666666666666667,1,0
4720,96.004004004004,6,0.5666666666666667,1,0
4721,96.1039039039039,2,0.5666666666666667,1,0
4722,96.1039039039039,3,0.5666666666666667,1,0
4723,96.1039039039039,4,0.5666666666666667,1,0
4724,96.1039039039039,5,0.5666666666666667,1,0
4725,96.1039039039039,6,0.5666666666666667,1,0
4726,96.2038038038038,2,0.5666666666666667,1,0
4727,96.2038038038038,3,0.5666666666666667,1,0
4728,96.2038038038038,4,0.5666666666666667,1,0
4729,96.2038038038038,5,0.5666666666666667,1,0
4730,96.2038038038038,6,0.5666666666666667,1,0
4731,96.3037037037037,2,0.5666666666666667,1,0
4732,96.3037037037037,3,0.5666666666666667,1,0
4733,96.3037037037037,4,0.5666666666666667,1,0
4734,96.3037037037037,5,0.5666666666666667,1,0
4735,96.3037037037037,6,0.5666666666666667,1,0
4736,96.4036036036036,2,0.5666666666666667,1,0
4737,96.4036036036036,3,0.5666666666666667,1,0
4738,96.4036036036036,4,0.5666666666666667,1,0
4739,96.4036036036036,5,0.5666666666666667,1,0
4740,96.4036036036036,6,0.5666666666666667,1,0
4741,96.5035035035035,2,0.5666666666666667,1,0
4742,96.5035035035035,3,0.5666666666666667,1,0
4743,96.5035035035035,4,0.5666666666666667,1,0
4744,96.5035035035035,5,0.5666666666666667,1,0
4745,96.5035035035035,6,0.5666666666666667,1,0
4746,96.60340340340339,2,0.5666666666666667,1,0
4747,96.60340340340339,3,0.5666666666666667,1,0
4748,96.60340340340339,4,0.5666666666666667,1,0
4749,96.60340340340339,5,0.5666666666666667,1,0
4750,96.60340340340339,6,0.5666666666666667,1,0
4751,96.7033033033033,2,0.5666666666666667,1,0
4752,96.7033033033033,3,0.5666666666666667,1,0
4753,96.7033033033033,4,0.5666666666666667,1,0
4754,96.7033033033033,5,0.5666666666666667,1,0
4755,96.7033033033033,6,0.5666666666666667,1,0
4756,96.8032032032032,2,0.5666666666666667,1,0
4757,96.8032032032032,3,0.5666666666666667,1,0
4758,96.8032032032032,4,0.5666666666666667,1,0
4759,96.8032032032032,5,0.5666666666666667,1,0
4760,96.8032032032032,6,0.5666666666666667,1,0
4761,96.90310310310309,2,0.5666666666666667,1,0
4762,96.90310310310309,3,0.5666666666666667,1,0
4763,96.90310310310309,4,0.5666666666666667,1,0
4764,96.90310310310309,5,0.5666666666666667,1,0
4765,96.90310310310309,6,0.5666666666666667,1,0
4766,97.003003003003,2,0.5666666666666667,1,0
4767,97.003003003003,3,0.5666666666666667,1,0
4768,97.003003003003,4,0.5666666666666667,1,0
4769,97.003003003003,5,0.5666666666666667,1,0
4770,97.003003003003,6,0.5666666666666667,1,0
4771,97.1029029029029,2,0.5666666666666667,1,0
4772,97.1029029029029,3,0.5666666666666667,1,0
4773,97.1029029029029,4,0.5666666666666667,1,0
4774,97.1029029029029,5,0.5666666666666667,1,0
4775,97.1029029029029,6,0.5666666666666667,1,0
4776,97.2028028028028,2,0.5666666666666667,1,0
4777,97.2028028028028,3,0.5666666666666667,1,0
4778,97.2028028028028,4,0.5666666666666667,1,0
4779,97.2028028028028,5,0.5666666666666667,1,0
4780,97.2028028028028,6,0.5666666666666667,1,0
4781,97.3027027027027,2,0.5666666666666667,1,0
4782,97.3027027027027,3,0.5666666666666667,1,0
4783,97.3027027027027,4,0.5666666666666667,1,0
4784,97.3027027027027,5,0.5666666666666667,1,0
4785,97.3027027027027,6,0.5666666666666667,1,0
4786,97.4026026026026,2,0.5666666666666667,1,0
4787,97.4026026026026,3,0.5666666666666667,1,0
4788,97.4026026026026,4,0.5666666666666667,1,0
4789,97.4026026026026,5,0.5666666666666667,1,0
4790,97.4026026026026,6,0.5666666666666667,1,0
4791,97.5025025025025,2,0.5666666666666667,1,0
4792,97.5025025025025,3,0.5666666666666667,1,0
4793,97.5025025025025,4,0.5666666666666667,1,0
4794,97.5025025025025,5,0.5666666666666667,1,0
4795,97.5025025025025,6,0.5666666666666667,1,0
4796,97.60240240240239,2,0.5666666666666667,1,0
4797,97.60240240240239,3,0.5666666666666667,1,0
4798,97.60240240240239,4,0.5666666666666667,1,0
4799,97.60240240240239,5,0.5666666666666667,1,0
4800,97.60240240240239,6,0.5666666666666667,1,0
4801,97.7023023023023,2,0.5666666666666667,1,0
4802,97.7023023023023,3,0.5666666666666667,1,0
4803,97.7023023023023,4,0.5666666666666667,1,0
4804,97.7023023023023,5,0.5666666666666667,1,0
4805,97.7023023023023,6,0.5666666666666667,1,0
4806,97.8022022022022,2,0.5666666666666667,1,0
4807,97.8022022022022,3,0.5666666666666667,1,0
4808,97.8022022022022,4,0.5666666666666667,1,0
4809,97.8022022022022,5,0.5666666666666667,1,0
4810,97.8022022022022,6,0.5666666666666667,1,0
4811,97.90210210210209,2,0.5666666666666667,1,0
4812,97.90210210210209,3,0.5666666666666667,1,0
4813,97.90210210210209,4,0.5666666666666667,1,0
4814,97.90210210210209,5,0.5666666666666667,1,0
4815,97.90210210210209,6,0.5666666666666667,1,0
4816,98.002002002002,2,0.5666666666666667,1,0
4817,98.002002002002,3,0.5666666666666667,1,0
4818,98.002002002002,4,0.5666666666666667,1,0
4819,98.002002002002,5,0.5666666666666667,1,0
4820,98.002002002002,6,0.5666666666666667,1,0
4821,98.1019019019019,2,0.5666666666666667,1,0
4822,98.1019019019019,3,0.5666666666666667,1,0
4823,98.1019019019019,4,0.5666666666666667,1,0
4824,98.1019019019019,5,0.5666666666666667,1,0
4825,98.1019019019019,6,0.5666666666666667,1,0
4826,98.20180180180179,2,0.5666666666666667,1,0
4827,98.20180180180179,3,0.5666666666666667,1,0
4828,98.20180180180179,4,0.5666666666666667,1,0
4829,98.20180180180179,5,0.5666666666666667,1,0
4830,98.20180180180179,6,0.5666666666666667,1,0
4831,98.3017017017017,2,0.5666666666666667,1,0
4832,98.3017017017017,3,0.5666666666666667,1,0
4833,98.3017017017017,4,0.5666666666666667,1,0
4834,98.3017017017017,5,0.5666666666666667,1,0
4835,98.3017017017017,6,0.5666666666666667,1,0
4836,98.4016016016016,2,0.5666666666666667,1,0
4837,98.4016016016016,3,0.5666666666666667,1,0
4838,98.4016016016016,4,0.5666666666666667,1,0
4839,98.4016016016016,5,0.5666666666666667,1,0
4840,98.4016016016016,6,0.5666666666666667,1,0
4841,98.5015015015015,2,0.5666666666666667,1,0
4842,98.5015015015015,3,0.5666666666666667,1,0
4843,98.5015015015015,4,0.5666666666666667,1,0
4844,98.5015015015015,5,0.5666666666666667,1,0
4845,98.5015015015015,6,0.5666666666666667,1,0
4846,98.60140140140139,2,0.5666666666666667,1,0
4847,98.60140140140139,3,0.5666666666666667,1,0
4848,98.60140140140139,4,0.5666666666666667,1,0
4849,98.60140140140139,5,0.5666666666666667,1,0
4850,98.60140140140139,6,0.5666666666666667,1,0
4851,98.7013013013013,2,0.5666666666666667,1,0
4852,98.7013013013013,3,0.5666666666666667,1,0
4853,98.7013013013013,4,0.5666666666666667,1,0
4854,98.7013013013013,5,0.5666666666666667,1,0
4855,98.7013013013013,6,0.5666666666666667,1,0
4856,98.8012012012012,2,0.5666666666666667,1,0
4857,98.8012012012012,3,0.5666666666666667,1,0
4858,98.8012012012012,4,0.5666666666666667,1,0
4859,98.8012012012012,5,0.5666666666666667,1,0
4860,98.8012012012012,6,0.5666666666666667,1,0
4861,98.90110110110109,2,0.5666666666666667,1,0
4862,98.90110110110109,3,0.5666666666666667,1,0
4863,98.90110110110109,4,0.5666666666666667,1,0
4864,98.90110110110109,5,0.5666666666666667,1,0
4865,98.90110110110109,6,0.5666666666666667,1,0
4866,99.001001001001,2,0.5666666666666667,1,0
4867,99.001001001001,3,0.5666666666666667,1,0
4868,99.001001001001,4,0.5666666666666667,1,0
4869,99.001001001001,5,0.5666666666666667,1,0
4870,99.001001001001,6,0.5666666666666667,1,0
4871,99.1009009009009,2,0.5666666666666667,1,0
4872,99.1009009009009,3,0.5666666666666667,1,0
4873,99.1009009009009,4,0.5666666666666667,1,0
4874,99.1009009009009,5,0.5666666666666667,1,0
4875,99.1009009009009,6,0.5666666666666667,1,0
4876,99.20080080080079,2,0.5666666666666667,1,0
4877,99.20080080080079,3,0.5666666666666667,1,0
4878,99.20080080080079,4,0.5666666666666667,1,0
4879,99.20080080080079,5,0.5666666666666667,1,0
4880,99.20080080080079,6,0.5666666666666667,1,0
4881,99.30070070070069,2,0.5666666666666667,1,0
4882,99.30070070070069,3,0.5666666666666667,1,0
4883,99.30070070070069,4,0.5666666666666667,1,0
4884,99.30070070070069,5,0.5666666666666667,1,0
4885,99.30070070070069,6,0.5666666666666667,1,0
4886,99.4006006006006,2,0.5666666666666667,1,0
4887,99.4006006006006,3,0.5666666666666667,1,0
4888,99.4006006006006,4,0.5666666666666667,1,0
4889,99.4006006006006,5,0.5666666666666667,1,0
4890,99.4006006006006,6,0.5666666666666667,1,0
4891,99.5005005005005,2,0.5666666666666667,1,0
4892,99.5005005005005,3,0.5666666666666667,1,0
4893,99.5005005005005,4,0.5666666666666667,1,0
4894,99.5005005005005,5,0.5666666666666667,1,0
4895,99.5005005005005,6,0.5666666666666667,1,0
4896,99.60040040040039,2,0.5666666666666667,1,0
4897,99.60040040040039,3,0.5666666666666667,1,0
4898,99.60040040040039,4,0.5666666666666667,1,0
4899,99.60040040040039,5,0.5666666666666667,1,0
4900,99.60040040040039,6,0.5666666666666667,1,0
4901,99.7003003003003,2,0.5666666666666667,1,0
4902,99.7003003003003,3,0.5666666666666667,1,0
4903,99.7003003003003,4,0.5666666666666667,1,0
4904,99.7003003003003,5,0.5666666666666667,1,0
4905,99.7003003003003,6,0.5666666666666667,1,0
4906,99.8002002002002,2,0.5666666666666667,1,0
4907,99.8002002002002,3,0.5666666666666667,1,0
4908,99.8002002002002,4,0.5666666666666667,1,0
4909,99.8002002002002,5,0.5666666666666667,1,0
4910,99.8002002002002,6,0.5666666666666667,1,0
4911,99.90010010010009,2,0.5666666666666667,1,0
4912,99.90010010010009,3,0.5666666666666667,1,0
4913,99.90010010010009,4,0.5666666666666667,1,0
4914,99.90010010010009,5,0.5666666666666667,1,0
4915,99.90010010010009,6,0.5666666666666667,1,0
4916,100.0,2,0.5666666666666667,1,0
4917,100.0,3,0.5666666666666667,1,0
4918,100.0,4,0.5666666666666667,1,0
4919,100.0,5,0.5666666666666667,1,0
4920,100.0,6,0.5666666666666667,1,0
4921,1.6984984984984983,4,0.5555555555555556,3,12
4922,2.397797797797798,4,0.5555555555555556,1,3
4923,2.4976976976976974,4,0.5555555555555556,1,3
4924,2.5975975975975976,4,0.5555555555555556,1,3
4925,2.098098098098098,2,0.5517241379310345,3,1
4926,2.098098098098098,3,0.5517241379310345,3,1
4927,2.197997997997998,2,0.5517241379310345,3,1
4928,2.197997997997998,3,0.5517241379310345,3,1
4929,2.297897897897898,2,0.5517241379310345,2,1
4930,2.297897897897898,3,0.5517241379310345,2,1
4931,2.098098098098098,5,0.55,2,10
4932,2.5975975975975976,5,0.5416666666666666,1,6
4933,2.098098098098098,4,0.5384615384615384,2,4
4934,2.197997997997998,4,0.5384615384615384,2,4
4935,2.098098098098098,6,0.5384615384615384,1,17
4936,2.297897897897898,4,0.5384615384615384,1,4
4937,1.898298298298298,4,0.5238095238095238,2,9
4938,2.4976976976976974,5,0.5217391304347826,1,7
4939,2.6974974974974977,6,0.5217391304347826,1,7
4940,1.7983983983983982,5,0.5,2,18
4941,1.898298298298298,5,0.5,2,16
4942,1.998198198198198,4,0.5,2,8
4943,1.998198198198198,5,0.5,2,12
4944,1.099099099099099,4,0.5,1,26
4945,1.1989989989989989,4,0.5,1,26
4946,1.2988988988988988,4,0.5,1,26
4947,1.4986986986986985,5,0.5,1,24
4948,1.5985985985985984,5,0.5,1,24
4949,1.6984984984984983,5,0.5,1,24
4950,1.7983983983983982,6,0.5,1,24
4951,1.898298298298298,6,0.5,1,24
4952,1.998198198198198,6,0.5,1,22
4953,2.397797797797798,5,0.5,1,8
4954,2.5975975975975976,6,0.5,1,8
4955,0.2,2,0.0,0,30
4956,0.2,3,0.0,0,30
4957,0.2,4,0.0,0,30
4958,0.2,5,0.0,0,30
4959,0.2,6,0.0,0,30
4960,0.2998998998998999,2,0.0,0,30
4961,0.2998998998998999,3,0.0,0,30
4962,0.2998998998998999,4,0.0,0,30
4963,0.2998998998998999,5,0.0,0,30
4964,0.2998998998998999,6,0.0,0,30
4965,0.3997997997997998,2,0.0,0,30
4966,0.3997997997997998,3,0.0,0,30
4967,0.3997997997997998,4,0.0,0,30
4968,0.3997997997997998,5,0.0,0,30
4969,0.3997997997997998,6,0.0,0,30
4970,0.4996996996996997,3,0.0,0,30
4971,0.4996996996996997,4,0.0,0,30
4972,0.4996996996996997,5,0.0,0,30
4973,0.4996996996996997,6,0.0,0,30
4974,0.5995995995995995,3,0.0,0,30
4975,0.5995995995995995,4,0.0,0,30
4976,0.5995995995995995,5,0.0,0,30
4977,0.5995995995995995,6,0.0,0,30
4978,0.6994994994994994,4,0.0,0,30
4979,0.6994994994994994,5,0.0,0,30
4980,0.6994994994994994,6,0.0,0,30
4981,0.7993993993993993,4,0.0,0,30
4982,0.7993993993993993,5,0.0,0,30
4983,0.7993993993993993,6,0.0,0,30
4984,0.8992992992992992,4,0.0,0,30
4985,0.8992992992992992,5,0.0,0,30
4986,0.8992992992992992,6,0.0,0,30
4987,0.9991991991991991,4,0.0,0,30
4988,0.9991991991991991,5,0.0,0,30
4989,0.9991991991991991,6,0.0,0,30
4990,1.099099099099099,5,0.0,0,30
4991,1.099099099099099,6,0.0,0,30
4992,1.1989989989989989,5,0.0,0,30
4993,1.1989989989989989,6,0.0,0,30
4994,1.2988988988988988,5,0.0,0,30
4995,1.2988988988988988,6,0.0,0,30
4996,1.3987987987987986,6,0.0,0,30
4997,1.4986986986986985,6,0.0,0,30
4998,1.5985985985985984,6,0.0,0,30
4999,1.6984984984984983,6,0.0,0,30
