skewness,excess_kurtosis,bowley_skewness,tail_ratio,phase_eta,R21,R31,R41,cos_phi21,sin_phi21,cos_phi31,sin_phi31,residual_fraction,log10_period,log10_std_mag,log10_q95_q05_amplitude,object_id
-0.5511629434010313,-0.5396379208836404,-0.20859872611465,1.968789808917191,0.1346180225096236,0.48014878355856516,0.323560959750104,0.21995410457569725,-0.5089592764373762,-0.8607905987685638,-0.6140258597772563,0.7892859073395401,0.06947950431374895,-0.32136408600510247,-0.7088928087014801,-0.2088709992727152,OGLE-BLG-RRLYR-00302
0.08752068562865406,-1.2842059767589558,0.2059701492537196,1.5701492537313553,0.06509026054930786,0.01794312211025318,0.087369605491737,0.06818613890424757,0.9657443605551934,0.2594953372526,0.6485347099110883,-0.7611850826445172,0.02818734420854568,-0.3627804877034817,-1.054577942614502,-0.5800442515102423,OGLE-BLG-RRLYR-00316
-0.8510100330204698,-0.18392086244514294,-0.28695652173915204,2.6019323671497294,0.033442363492576135,0.49601542631719636,0.38725086872130743,0.20925010191329665,-0.5120200029719483,-0.8589735249450975,-0.6277073046259745,0.7784494458339566,0.03248950333207204,-0.32457267159841463,-0.6931995685009453,-0.1718236379164523,OGLE-BLG-RRLYR-00318
-0.23693078497329215,-0.898226318593859,-0.23857868020306774,1.978680203045699,0.23306326525574164,0.43760669925894696,0.2651417294061007,0.18498322533923867,-0.26186257266640406,-0.9651051720079694,-0.9961127396563426,-0.08808751270376129,0.09958706665976386,-0.23803483489663455,-0.916894064516838,-0.4091581652183962,OGLE-BLG-RRLYR-00532
0.08714052129830058,-1.1081188133968576,-0.10513447432764238,1.7530562347187628,0.12860882049493902,0.2830458205545275,0.11054670222682281,0.02897257087951959,0.21746136074460587,-0.976068930241663,-0.7518055358438382,-0.659384892361479,0.05566577911564706,-0.1625282814648763,-1.2169244363296434,-0.7465408356601716,OGLE-BLG-RRLYR-00660
-0.7309313074029546,-0.3524691762898513,-0.17609046849759113,2.3360258481421625,0.16285177572443807,0.5055843383769232,0.28371360449679695,0.19181054942872636,-0.5270462630351788,-0.8498365940700914,-0.5057033740287568,0.862707422882133,0.08826775398314239,-0.24486161566064552,-0.6562192015561855,-0.1408617027054698,OGLE-BLG-RRLYR-00873
-0.6129999807416758,-0.819627459451822,-0.49519230769227623,1.8221153846153568,0.21361795160191244,0.4446830373188555,0.31228532795213826,0.16170518620649177,-0.5723564911062322,-0.8200049067466374,-0.6121206223418484,0.7907644046767838,0.09156568222919512,-0.3205655890195102,-0.8895298373048871,-0.4213607900319302,OGLE-BLG-RRLYR-00905
-0.15982699839207964,-0.8716832387762659,-0.15034168564917605,2.0881548974943183,0.0996860377772611,0.5108326927296498,0.3418242066591108,0.21120893668878504,-0.24994174185126272,-0.9682608768717017,-0.9372170280402381,0.3487466736062491,0.06022563030723385,-0.2605661455816095,-0.8502959672321608,-0.33880276431389345,OGLE-BLG-RRLYR-01002
-0.19314761253301102,-1.0405429386759746,-0.27722772277224883,2.0170297029702855,0.03187004866668904,0.5210539936867996,0.3581103484144714,0.24008149924000924,-0.2913114440320069,-0.9566282677069432,-0.9385745645731676,0.34507649403616136,0.03165298186426855,-0.2652385627805118,-0.790630608274672,-0.29302632382382215,OGLE-BLG-RRLYR-01004
0.22317944116230806,-1.138952455435565,0.14239482200646372,1.836569579288049,0.022477630059136524,0.3916757851619332,0.2065487855410373,0.06163598080425125,0.11361986505255503,-0.9935242957600178,-0.9224535486739515,-0.3861080814212956,0.018880793081604362,-0.19836404913759284,-1.0399316886207643,-0.5470641297988189,OGLE-BLG-RRLYR-01094
-0.04308475707480929,-0.9311886512518233,-0.07545367717290963,2.0878701050620814,0.041346195995668356,0.521103341170487,0.3195032357422124,0.173596224909034,-0.1533621629756314,-0.98817004962073,-0.982158030045642,0.18805744871411992,0.027843378708879526,-0.23933025777714412,-0.76485898099422,-0.26240983371427984,OGLE-BLG-RRLYR-01095
-0.13142059435188397,-1.171719863014471,-0.2322580645161617,1.8864516129032265,0.020721789581295308,0.5257121463301191,0.3429614365770322,0.2425216103580057,-0.34280328332970506,-0.9394072114575095,-0.9129843006666115,0.4079946895932573,0.023040923908478072,-0.2629462264635924,-0.728455239045297,-0.23299263605019763,OGLE-BLG-RRLYR-01135
-0.6880222590212144,-0.4915704973489574,-0.30666666666666176,2.2046666666666628,0.02160829451154989,0.49107566256216495,0.3837699583764644,0.254561499386085,-0.5831276522645059,-0.8123805396268953,-0.5467860760056796,0.8372723494098626,0.04925997917588114,-0.3387086102672811,-0.6916428465882848,-0.17953580942231567,OGLE-BLG-RRLYR-01145
-0.6258479226041436,-0.561618308110325,-0.3189964157706045,2.2731182795698928,0.025597251845385294,0.5159692509531437,0.3712510463346611,0.24771087112945842,-0.41803060378577733,-0.908432944304916,-0.8085087841881378,0.5884841084435665,0.03005782175718415,-0.2937146796383504,-0.7183971634877008,-0.19777376230893018,OGLE-BLG-RRLYR-01212
-0.6287629797710954,-0.4722584136214265,-0.31902985074628415,2.2819029850746557,0.02106170810868795,0.5316087589356343,0.3900117968074947,0.27640540291918037,-0.43907406757223777,-0.8984508685429438,-0.7840325855074305,0.6207196668887925,0.03956731197521034,-0.2982277891498845,-0.7218492398290861,-0.2135680294921612,OGLE-BLG-RRLYR-01285
-0.314019372342512,-1.0124910548204111,-0.21856866537720135,1.9535783365570516,0.07335123581612764,0.4630544124384413,0.2920965824342855,0.14647934235671148,-0.3960610706575824,-0.9182241710549606,-0.8705246526100426,0.49212481058992,0.039228430305643734,-0.2782560174298734,-0.7956885285847313,-0.29670862188133795,OGLE-BLG-RRLYR-01348
-0.7836269150286382,-0.5432116683597719,-0.5254730713246076,2.208442503639011,0.09346446310012567,0.48137167616004567,0.4067614670084328,0.21921518261272738,-0.5489024392770306,-0.8358864229999945,-0.5817740272284614,0.8133504664302944,0.06099611264053102,-0.3475181205417402,-0.6205812313893772,-0.11998716163322956,OGLE-BLG-RRLYR-01367
0.47569960509370873,-1.0452047420633008,0.052503052503042755,1.8913308913308846,0.030305142769748272,0.3843027568382375,0.16219996108241058,0.06078565700272553,0.36528249732539025,-0.9308967166918821,-0.5961509777568295,-0.8028723508251958,0.012452887979193526,-0.046133230922184854,-0.892489311059542,-0.41200857356875653,OGLE-BLG-RRLYR-01471
-0.668521626396558,-0.8483125057572032,-0.6042253521126582,2.0018309859154937,0.04812112001618674,0.5077793426369817,0.35991963396550813,0.2180583811317517,-0.5630504927209188,-0.8264224964548887,-0.6952302110169559,0.7187871407373111,0.02969064453675045,-0.3059396075457376,-0.6462861126769042,-0.1483442396271945,OGLE-BLG-RRLYR-01632
-0.4555200370005652,-0.9937100910289027,-0.27341532639544625,2.017218543046351,0.025612659119040038,0.5473059093695348,0.41400681257494043,0.27040173901972947,-0.3487356172289112,-0.9372211421409412,-0.8916585835987374,0.45270848268471114,0.020515270827084348,-0.27568476707578093,-0.7650433877110885,-0.2732320523136823,OGLE-BLG-RRLYR-01653
-0.038025726411581404,-0.9630887132129726,-0.1072589382448422,2.0931744312025984,0.03335611410019588,0.518147570078263,0.33865321902276324,0.19444603321976914,-0.19403252815823022,-0.9809950958167557,-0.9830071940922585,0.18356703506584438,0.027048059614042445,-0.24634316326929304,-0.8284385721235442,-0.31605286924848736,OGLE-BLG-RRLYR-01791
0.20401291274411834,-1.1304061313030311,0.1267605633802838,1.9563380281689666,0.03157585964634167,0.39523873266627824,0.18922282193901752,0.07345537896153921,0.1853548305821215,-0.9826716576659129,-0.8790244212199093,-0.4767767474395154,0.02265906775296834,-0.18000923429324298,-1.0498600795256219,-0.5562677585984045,OGLE-BLG-RRLYR-01792
-0.6635914314859667,-0.9547879652087876,-0.58776896942242,1.7519818799546913,0.016536517491531212,0.4975666925769134,0.3717798048993023,0.23418067011534935,-0.567207689270499,-0.8235747915231628,-0.5244517301984593,0.8514401815112101,0.022389244346405233,-0.3485787796828475,-0.6012220713880633,-0.1115396819646145,OGLE-BLG-RRLYR-01857
0.2771698005383656,-1.0724502956082427,0.09523809523806531,1.8561224489795545,0.048840630598915476,0.3855864965599099,0.1874829252503707,0.06781745917218433,0.12872002404761657,-0.9916809746128948,-0.8941493301444067,-0.44776888614809857,0.029391784771285765,-0.18405383540707015,-1.0525315411630298,-0.5640760418808379,OGLE-BLG-RRLYR-01949
-0.6691396056269001,-0.30193336794169756,-0.32876712328766156,2.176027397260291,0.24459489285168068,0.46396632329665294,0.25779611754735854,0.13882389593003835,-0.4606083568885972,-0.8876034821722967,-0.6034498056112433,0.7974009857704922,0.13072039731240281,-0.3868277293863927,-0.7053712070097564,-0.19695278950887093,OGLE-BLG-RRLYR-01951
0.2572624524798338,-0.9787587429293603,0.18435754189944623,2.13631284916197,0.020114497876925198,0.4850187697049912,0.2870533572656729,0.13688454090192345,-0.0074420173505809015,-0.999972307805448,-0.9923898511507784,-0.12313562982717856,0.018583212136933657,-0.2240601446368143,-0.9253056120909124,-0.41748211639594096,OGLE-BLG-RRLYR-02113
-0.7634008182469713,0.05928461476590252,-0.053685168334873266,2.7215650591446545,0.1846682195600055,0.4630707591467216,0.2673549530013307,0.15953086988731857,-0.4323380058212228,-0.901711621707588,-0.7175900417762199,0.6964657435535526,0.10184644769315758,-0.2444170349532488,-0.6690204436020585,-0.12624357829664634,OGLE-BLG-RRLYR-02158
-0.008317931414695902,-1.458655913109855,0.06721536351166761,1.4137174211247925,0.04566413307095976,0.10388628851700998,0.0725654771283481,0.03928280798447115,0.3482578112174619,-0.9373987928976774,-0.577933051156352,-0.8160841797150031,0.0217373611669118,-0.484793960281491,-1.0369301002760922,-0.5889698532029095,OGLE-BLG-RRLYR-02309
-0.5343037074506001,-1.1093831105439762,-0.3426791277258571,1.6697819314641893,0.6659203733894414,0.1453207390804047,0.12317450468449118,0.061955370649484226,-0.5658782721024675,-0.8244887999010816,-0.1396975672000088,-0.9901942181806552,0.38562290408134864,-0.26499972938456906,-1.0435851282945747,-0.57186520597121,OGLE-BLG-RRLYR-02354
0.09881623634184078,-1.0787609223500685,-0.08656036446468496,1.9362186788154847,0.027212630107248184,0.4943172363275873,0.29456012999819686,0.1525203159420489,-0.05952314152161458,-0.9982269259158449,-0.9973730895703985,-0.07243562797959223,0.02093182611055795,-0.21093708364489333,-0.8801821000278641,-0.37161106994968957,OGLE-BLG-RRLYR-02435
-0.5324141885341109,-0.4869531016456259,-0.22880000000000109,1.927679999999998,0.2778898935670882,0.41170961050864363,0.19806080011692503,0.07191313953950332,-0.3645445894118388,-0.9311859332757094,-0.7710595416534268,0.6367630510835308,0.13872701488038847,-0.32777075551853324,-0.7116706459570552,-0.22011503680735628,OGLE-BLG-RRLYR-02518
-0.3609768757253421,-0.827887644728996,-0.2133333333333567,2.018666666666659,0.12136619023346758,0.4811133060130646,0.338692423455844,0.17890451393849188,-0.33562461264658655,-0.9419958170744861,-0.8551227618839446,0.5184255608165694,0.06596267666442443,-0.27706622170434564,-0.7138685624486198,-0.21781413350798434,OGLE-BLG-RRLYR-02541
-0.012859003621673203,-1.1203103358815192,-0.09002433090022337,1.893430656934296,0.05438594275494054,0.4898202451175504,0.30483800698497654,0.14697079427239546,-0.11524881770713247,-0.9933366549247582,-0.999986535714404,0.005189257163115766,0.03454558793583236,-0.24151197848651565,-0.9027098994260935,-0.4099387691962585,OGLE-BLG-RRLYR-02656
0.012759075800982789,-1.448145996429395,0.13966480446930668,1.4670391061452783,0.7820814927838506,0.013838003465290037,0.05148338804680707,0.028083977834981608,0.06745484732192664,-0.9977223278912704,-0.3143838124227403,0.9492959593754433,0.3923633192968736,-0.41905971599866637,-1.0330780146318639,-0.5807052782465352,OGLE-BLG-RRLYR-02801
0.08591295497682393,-0.8865293739728668,0.022222222222169588,1.9333333333332543,0.4654890492719304,0.12601741166341549,0.06561682463524979,0.004563228784704742,0.20547488588422194,-0.9786623888097805,-0.22430220276252463,-0.9745196364547404,0.2215667680692592,-0.196625285206283,-1.5571467194238717,-1.0604807473813826,OGLE-BLG-RRLYR-02834
0.12781279578387816,-1.1976010582790757,0.0630323679727544,1.865417376490663,0.030275223393860105,0.3916438534094093,0.1941730877652661,0.08093029434541543,0.018050169752100744,-0.9998370824148904,-0.9758724125234628,-0.21834155462402585,0.021170639722286673,-0.21690639190381814,-1.04719810664125,-0.5626458721518257,OGLE-BLG-RRLYR-02968
-0.020604011345341514,-1.2653089493742293,-0.04285714285714431,1.5499999999999847,0.2339947077619488,0.08965829370895864,0.01825787244077821,0.026812087295554315,0.11565974462218442,-0.9932888922533721,-0.4267815324556008,-0.9043547553669682,0.11244113267823787,-0.5955979026740789,-1.1305533456862615,-0.663540266151473,OGLE-BLG-RRLYR-03004
-0.02120996306670677,0.09085717632798618,-0.11743772241993378,2.411565836298942,0.8470750027309456,0.49726008707254354,0.2867445251635118,0.18569663231609845,-0.4184167231740177,-0.9082551655610429,-0.8007212599029255,0.599037113991672,0.4003976970202868,-0.27438009604153907,-0.6845115711652621,-0.16899455733648258,OGLE-BLG-RRLYR-03241
0.040316555099110474,-0.29507800921784666,0.018315018315027704,2.230036630036628,0.9451198095794604,0.36639921222834393,0.2073002020295587,0.13886837808870126,-0.15870773930279247,-0.9873256066189091,-0.9986358205580672,0.052215877837261795,0.48803621397407754,-0.2574148550197435,-0.7224402895599965,-0.21552535623748453,OGLE-BLG-RRLYR-03409
-0.17072311553576974,-0.16986047019422212,-0.23880597014924804,2.1507462686567145,0.3278545034480087,0.5258772423284509,0.33745096005261604,0.22370994478266162,-0.2242810331541004,-0.9745245087566189,-0.9346443267945532,0.355584001876851,0.20705453390256195,-0.3115315717735387,-0.6423878795584561,-0.14236601484999115,OGLE-BLG-RRLYR-03444
-0.6255200329677622,-0.6708669436252239,-0.300518134715044,2.155958549222803,0.08815319212086524,0.49834478881937183,0.3812903770217432,0.23239040998999777,-0.5709021272890733,-0.8210181246822817,-0.46886526251581173,0.8832697015102347,0.07358206856775895,-0.36594060925268035,-0.5870365787960004,-0.07977228854307136,OGLE-BLG-RRLYR-03531
0.005269585217302248,-0.8364404383801096,0.06515580736542917,2.110481586402272,0.753409456850723,0.1278853293911196,0.07243944898995613,0.042159509098732985,0.5047170658692418,-0.8632848217247558,-0.9875497367679777,-0.15730707997257387,0.3850323397962752,-0.5718457279763954,-1.2505204123836635,-0.7299037185796752,OGLE-BLG-RRLYR-03543
0.45991738357796075,0.08354389330428402,0.08235294117648853,2.429117647058842,0.9500236963792352,0.3736985078681798,0.17767647156251115,0.08472519462960477,0.22530489073846183,-0.9742883075400883,-0.7558484955165032,-0.6547465554131909,0.4733435021983502,-0.17812372194750228,-0.9068687811908643,-0.38410252955099,OGLE-BLG-RRLYR-03734
-0.2706407032301636,-0.8121291954094625,-0.03797468354430494,1.7620253164556905,0.4296565673507636,0.09959854423475391,0.014005760496170064,0.02894846177930365,-0.08898675132611568,-0.9960328097449521,-0.9318962278534418,0.3627249929526858,0.22186585628159408,-0.6014545553595048,-1.3326614119601023,-0.8563607647254546,OGLE-BLG-RRLYR-04045
-0.6328110509605569,-0.7488538311305839,-0.1775568181818281,1.8007102272727327,0.145712277225765,0.4268312630038562,0.31849995496137495,0.1978527849659018,-0.6190872794051412,-0.7853221889637021,-0.36538412638449413,0.9308568311970644,0.037326709766382866,-0.30616134450706334,-0.6859237974590031,-0.19801350533566425,OGLE-BLG-RRLYR-04049
-0.3670962906477992,-0.7782725179084649,-0.1572545612510966,2.2623805386620397,0.040273068439752535,0.5232722796751811,0.41342696994706324,0.27800738084866344,-0.4700676463358889,-0.8826303914256736,-0.7236660185857101,0.6901503412621823,0.052195499740852136,-0.30275025983187703,-0.7113609828344998,-0.1864190114318082,OGLE-BLG-RRLYR-04058
-0.13669765470707904,-0.8868853638725067,-0.12585365853657557,2.1853658536585194,0.0464383599463201,0.5610580776088261,0.3492027199492247,0.20802856030306352,-0.21031364772146635,-0.9776339650309266,-0.9636540559637928,0.26715325269315204,0.03871315750536673,-0.33845306286546634,-0.7655227785681373,-0.2518119729938006,OGLE-BLG-RRLYR-04201
-0.12020401457455619,-1.0132517901763856,0.07641196013287703,2.119601328903635,0.019271831620407784,0.5243571146004995,0.3494862912594244,0.17665747134899773,-0.10292132529882078,-0.9946894996926098,-0.963086862426109,0.26919081600647715,0.02343246313222137,-0.19836398742257783,-0.7032070943180092,-0.19517932127883894,OGLE-BLG-RRLYR-04202
0.065462722035676,0.10606855110620117,0.005649717514111139,2.35367231638418,1.0099060704837195,0.5813188400034682,0.3776605731458915,0.17395466243555,-0.23525842300304492,-0.9719328548856245,-0.9892983357001117,0.14590682979555494,0.5035376791745951,-0.2548079100724132,-0.8881185091110775,-0.38028073438827403,OGLE-BLG-RRLYR-04214
0.1788240125528857,-0.8333783108367023,0.0,1.982558139534883,0.19987925055639394,0.4407731320799707,0.2560111526472149,0.10978212193055813,0.0032967484691549744,-0.9999945657099998,-0.9689522657159203,-0.2472478650342296,0.10425493065146256,-0.22506394894060197,-0.9674049829922667,-0.4672456210075009,OGLE-BLG-RRLYR-04229
-0.7659111942386698,-0.46085838938514234,-0.33780760626398226,2.0201342281879096,0.05379441021073317,0.4965940563918666,0.34227546496856726,0.2091914883918105,-0.5857661408539281,-0.8104801220443942,-0.5481669806164524,0.8363689146314811,0.06406685611729591,-0.35333882229650737,-0.6527989824961392,-0.16925098629479365,OGLE-BLG-RRLYR-04268
-0.4984140336088326,-0.7185750495131726,-0.16323296354991096,2.005705229793953,0.18315466318686846,0.48253863294821153,0.30092611196905167,0.15412297854532436,-0.5083935693677621,-0.8611248333578044,-0.5966916984453627,0.8024705708039319,0.08393597687149339,-0.32188175676561853,-0.6986197107254296,-0.1987335295103826,OGLE-BLG-RRLYR-04287
-0.37352343436408314,-0.39663146036060537,-0.06349206349205679,2.1134920634920675,0.4661518278899007,0.37933138401059824,0.19884563922621992,0.1090525095920066,-0.42793645454293905,-0.903808824294839,-0.6660011055119662,0.7459507540426773,0.24026470895446878,-0.27580991612852895,-0.7787884078574943,-0.2735988378970787,OGLE-BLG-RRLYR-04412
0.23842897835613802,-0.7115094528024737,0.06964520367936476,2.070959264126114,0.4260398946536526,0.44768231963067506,0.24862636717553044,0.12872704752888497,0.011916952501935623,-0.9999289906003659,-0.9573114890824074,-0.28905832088148564,0.22500918401905784,-0.2217658434753499,-0.9059936962327106,-0.4045037781744277,OGLE-BLG-RRLYR-04470
0.07104206138816245,-1.0008775110116304,0.0010787486515999884,2.005393743257801,0.07527553825590366,0.5029608277363783,0.3154249276887879,0.1521051935674854,-0.06955059830255984,-0.9975784251254415,-0.9995921866135122,-0.028556268334944384,0.04909736125541097,-0.22495577061212324,-0.837109839289007,-0.33278060155606504,OGLE-BLG-RRLYR-04493
-0.07590758674702319,-0.9037160774106519,-0.08085106382978041,2.1063829787233983,0.12687480175390609,0.5473095810424555,0.3269270983767488,0.19271714228188744,-0.15014550435289953,-0.988663910296423,-0.983861411253855,0.17893217554585583,0.07608767245957121,-0.3680979978741426,-0.8143419779095139,-0.3053948010664335,OGLE-BLG-RRLYR-04597
-0.06449379464803341,-1.0435856778269628,0.017543859649123535,1.6783625730994365,0.3675453559500906,0.14980000620704115,0.09032224952283766,0.06571666070115312,-0.08971796580311697,-0.9959672116149962,-0.9941468314086392,-0.10803738982483138,0.18422213640954285,-0.6340419212113375,-1.0121691762109006,-0.5421181032660037,OGLE-BLG-RRLYR-04631
-0.47041979330542094,-0.8406123757075781,-0.2530120481927587,2.1228915662650625,0.03019430016798719,0.5613695654336944,0.3400856154756047,0.24456971880671105,-0.42703452457474034,-0.9042353204897636,-0.7533706476799383,0.6575961277367061,0.03590392811642461,-0.2458461693095087,-0.6637067758236969,-0.15193410459600706,OGLE-BLG-RRLYR-04650
-0.4518198628299738,-0.749153323044927,-0.2676812891674141,1.8356311548791064,0.13591845616089154,0.4694355095698645,0.3215380969490248,0.15833720617091346,-0.23942499609407705,-0.9709148630262857,-0.9616206865308822,0.2743823158220567,0.06584749396416238,-0.22856355640472056,-0.7654001837343075,-0.2902213981517756,OGLE-BLG-RRLYR-04665
0.1747500036046205,-1.246526220179673,0.14845938375349405,1.6078431372548996,0.23115411083126292,0.10674575173356965,0.07638229006985668,0.03536109498754187,0.15000807212516182,-0.9886847719558,-0.8571127075035662,-0.5151289223445974,0.1161388407291902,-0.5270095480194983,-1.0104268977319089,-0.5421181032660092,OGLE-BLG-RRLYR-04758
0.135882906824439,-1.4145586645682995,0.13664596273290858,1.4782608695652242,0.10638587856908614,0.09178572751315661,0.052749637888619756,0.022100096837988633,0.2980167150980387,-0.9545606515681309,-0.7663408249413046,-0.6424342301187576,0.052213245068356146,-0.5043568404837911,-1.077845359593278,-0.6234230429434824,OGLE-BLG-RRLYR-04836
-0.20807577062132046,-1.1041828998706888,-0.13862718707941013,1.9366083445491244,0.006328175201483736,0.5601356452505097,0.3460632539816612,0.26731015836551275,-0.20573818609635083,-0.9786070706784125,-0.9339379090071016,0.3574352838199424,0.02314838390308079,-0.22611415390234643,-0.6444083716259292,-0.14299938307364182,OGLE-BLG-RRLYR-04878
-0.5339494173737999,-0.8851399390096062,-0.2827988338192458,2.011661807580179,0.026998450667419974,0.5029383694838602,0.38839854049255307,0.26454449212052994,-0.5582526066880794,-0.829671035486936,-0.5968268780434547,0.8023700378534229,0.05218353960229109,-0.33128436836566216,-0.6614740438216388,-0.1611509092627439,OGLE-BLG-RRLYR-04940
-0.5171933606246627,-0.9404008663233427,-0.387537091988125,1.9652225519287758,0.03998851488764419,0.5550682024238353,0.35901447016797455,0.2497775454979955,-0.5413878333205819,-0.8407729859673453,-0.6568873590709015,0.7539887250435888,0.04894005048235688,-0.3920967374692285,-0.5777230287958325,-0.08204834687905628,OGLE-BLG-RRLYR-05097
0.07231002555831077,-1.230701470202836,0.11004784688995589,1.4969696969696813,0.4831178767054542,0.35350027546124446,0.12298469779942917,0.06206416948286764,-0.679158044107072,-0.7339920647559185,-0.5032130347698586,0.8641623930938612,0.23041337181412305,-0.3024020471189886,-0.7787665115152065,-0.32854944578750817,OGLE-BLG-RRLYR-05127
0.09954343513184252,-0.9998237950721043,0.03825136612021519,2.1289617486339063,0.021319020049709942,0.5028001885758339,0.3110728445979034,0.14188589155132902,-0.05473788118178823,-0.9985007583190553,-0.9999989282499122,-0.0014640693381718333,0.0208138977259912,-0.1896097730052604,-0.8289354035133984,-0.312471038785364,OGLE-BLG-RRLYR-05149
-0.48316104248120445,-0.5043351034912216,-0.25475285171102563,2.096387832699604,0.2381230527327483,0.472063367923009,0.3242523789931006,0.19157172678142495,-0.41999144066252286,-0.9075280655551202,-0.822535653036203,0.5687135478290517,0.12702408547928573,-0.29411930952746207,-0.7701258781694874,-0.2585726210896608,OGLE-BLG-RRLYR-05189
-0.029480794030481015,-1.533159971902675,-0.0879120879120789,1.4065934065934187,0.04052182202644486,0.09104001773580066,0.08606325669225628,0.0329273916633594,0.10047685475071122,-0.994939395973144,-0.623523126638739,-0.7818049056808553,0.020116572298496407,-0.5135769035060288,-1.0338471587053433,-0.5917600346881501,OGLE-BLG-RRLYR-05679
-0.5262854203756565,-0.835687325388482,-0.2790901137357727,1.9973753280839894,0.05871564948385581,0.5328784713651767,0.334415924298402,0.22705994955818026,-0.4768840864359453,-0.8789661928107098,-0.7005551060322254,0.7135983067610079,0.04923418327375243,-0.2604723213557106,-0.7408344464267503,-0.2435540798377269,OGLE-BLG-RRLYR-05811
-0.6347081062556338,-0.7478567419427744,-0.27979712595096107,1.9721048182586516,0.09406798857755516,0.4393006940288416,0.2790507615652753,0.1348940781702928,-0.5789668652614302,-0.8153510709684222,-0.47366021493827093,0.8807076704472552,0.05518221035457154,-0.3423116667591977,-0.7176259279151961,-0.23414525253421006,OGLE-BLG-RRLYR-05867
-0.5070417295919115,-0.6886848376271648,-0.25142857142857317,1.9994285714285525,0.08279473811007215,0.48845692108407235,0.3526408911836898,0.22096942687148424,-0.4445345956779197,-0.8957616832871723,-0.7496378342361361,0.6618482586528089,0.07148968284603348,-0.3125622323648513,-0.6527827143181297,-0.1550260618531147,OGLE-BLG-RRLYR-05959
-0.41528674065886195,-0.8179772168400326,-0.21898928024502207,2.0980091883613863,0.01851014937550879,0.5532289972028744,0.3404196836607864,0.25165806281594444,-0.35472894682741274,-0.934969183600569,-0.8649863313358538,0.5017954230581828,0.04079207215757729,-0.281747300494077,-0.6810208474651457,-0.16430942850757524,OGLE-BLG-RRLYR-06026
0.13225205023372127,-1.132424456196673,0.06086956521737196,1.7395652173912826,0.1469371276781021,0.2976118826398432,0.11303344700648946,0.046089788461162746,0.10549292725347524,-0.9944200532468626,-0.8703747066378673,-0.49238995729507573,0.07248134759628848,-0.20879247227336475,-1.1833176334980529,-0.698861444284982,OGLE-BLG-RRLYR-06063
0.0102176243829145,-1.4068672496421704,0.03278688524594126,1.476229508196697,0.08429028607866745,0.1267185681348519,0.04243355602369625,0.037247938312014596,0.03841142883456567,-0.9992620087519024,-0.9414667909883029,0.33710574226225687,0.042764221842666955,-0.6496238061574908,-1.1995303179341772,-0.7444862871804679,OGLE-BLG-RRLYR-06174
0.03784925338597996,-1.4473582067217907,0.08144796380090803,1.4208144796380087,0.07669206486374648,0.1797552452371252,0.03157920712058237,0.04886260724187819,0.1212035066647165,-0.9926276794308004,-0.9840440453655173,0.17792503134935153,0.03847321171436495,-0.5838767607767281,-0.951397858481406,-0.503070351926785,OGLE-BLG-RRLYR-06189
0.32719190317472185,-1.1936944128044789,0.16582914572865112,1.7869346733668525,0.023758055037465736,0.3830569091696718,0.17111952929490648,0.05013680269887892,0.1257633579482445,-0.9920602692364924,-0.9024775460751312,-0.4307369020994248,0.011231663970678275,-0.1924227148339419,-1.0519097345808013,-0.5739769843101236,OGLE-BLG-RRLYR-06242
0.11015373662558672,-1.447911295956367,0.11827956989246491,1.4532258064516073,0.08091535393259176,0.09933121716304763,0.07500505227664034,0.04191616919026451,0.3993073271722932,-0.9168171346929109,-0.4027523952704993,-0.9153089686569642,0.04106454684691436,-0.4691686515113532,-1.0188875466788698,-0.5681539543012764,OGLE-BLG-RRLYR-06311
-0.13289130255817683,-0.8039911008522922,-0.04761904761906007,1.988744588744615,0.10829360808854781,0.4868383275829456,0.3014518610435206,0.15690650765855624,-0.16380285163044853,-0.9864930946528381,-0.9882299993723347,0.15297538475374206,0.05415253494426506,-0.2400193191831484,-0.8332914228925971,-0.3378090091409906,OGLE-BLG-RRLYR-06502
-0.2626274264204866,-0.9539061211734934,-0.16375198728139076,1.997138314785369,0.02067933677252568,0.5383902260530763,0.3544891495377921,0.25284156500756405,-0.37965023483602844,-0.9251300985207154,-0.8429169896211647,0.5380436307661243,0.03708765961841811,-0.2854967164298416,-0.7156980664382667,-0.20197120659592946,OGLE-BLG-RRLYR-06648
-0.5374966344169363,-0.23607566811051361,-0.15789473684199046,2.280701754386003,0.5848988710501078,0.5086324118677215,0.38739667470328826,0.2645372386971379,-0.637288555790735,-0.7706252634440162,-0.4826419992163465,0.8758177325177016,0.30949147885781547,-0.3102044620914183,-1.390519312888699,-0.8860566476931665,OGLE-BLG-RRLYR-06713
-0.4398397491063279,-0.8446657491165719,-0.18541033434650403,1.8990881458966544,0.16670898635332956,0.44077083691235797,0.21160726697651328,0.0955735930119584,-0.45606731290031544,-0.8899452826460096,-0.6913216620870608,0.722547133084883,0.08683142718370587,-0.42276656732445994,-0.6980837177278639,-0.20425897913075577,OGLE-BLG-RRLYR-06983
0.044018449418463015,-1.5384162363816258,0.0588235294117562,1.3303167420814497,0.028316121231167408,0.19151692481806432,0.07687843931204873,0.0601569865419829,0.04798418182829877,-0.9988480957053824,-0.9799924632352752,0.19903460001230397,0.016999928868761876,-0.5769031064264369,-0.9690997996945866,-0.531652669587842,OGLE-BLG-RRLYR-07209
0.17006485306688124,-1.1118118398633976,0.021276595744661123,1.9078014184396808,0.025680919428224244,0.4506796283509882,0.26038260449723055,0.11707555032766924,0.004538165399564239,-0.9999897024743836,-0.9824717015088542,-0.18641179075985737,0.02015294268682524,-0.21362695494018913,-0.9710446222041471,-0.473337706989536,OGLE-BLG-RRLYR-07295
-0.5962712478209281,-0.27114960531333665,-0.18413597733710446,2.118413597733717,0.4693990666148491,0.3308886605737191,0.16879562466964457,0.1104502143237058,-0.6323939849436252,-0.7746469181550534,-0.19576323666858783,0.9806511893476898,0.25075337455838476,-0.3249259510736315,-0.7522984470169415,-0.25115327579009894,OGLE-BLG-RRLYR-07337
0.1440604584473277,-1.5228182988646757,0.18614718614721523,1.3502164502164673,0.029624066227248443,0.16006368404530574,0.08857352774064081,0.06687989802340708,0.15443451518543228,-0.9880030265740285,-0.9999948602602365,0.0032061586220811815,0.01965261459846512,-0.5737706986497992,-0.9471050339546021,-0.5059846252428543,OGLE-BLG-RRLYR-07396
-0.7399309763047425,-0.6099107676769808,-0.34782608695653605,2.1942028985507362,0.01613931839378747,0.510904295879108,0.3775786244732526,0.2503106285668319,-0.6189191393846216,-0.7854547083717808,-0.4174062134503744,0.9087200080184328,0.044706592003322145,-0.36592781013173153,-0.6272001769290884,-0.12090412049992641,OGLE-BLG-RRLYR-07505
-0.5776555711619379,-0.6700172633471166,-0.24309392265191787,1.9779005524862,0.6679439119940503,0.47629869042909184,0.24184176357004467,0.12813936296433293,-0.4575976456304296,-0.8891593753166458,-0.7367426561397292,0.6761732460133103,0.3421885288048199,-0.30814184217462903,-0.9426085227540052,-0.446116973356125,OGLE-BLG-RRLYR-07541
0.20959081215081934,-1.069270971693761,0.07407407407406616,1.9768518518518563,0.02378625594220457,0.46871161838445113,0.2718557414464669,0.11737909065225544,0.07183585471502768,-0.9974164676690281,-0.9615588942136917,-0.2745987854280176,0.01966244421762982,-0.16953236687057227,-0.874151243947758,-0.36957212497497655,OGLE-BLG-RRLYR-07566
0.0034636533673997644,-0.5029635564090613,0.02857142857142954,1.9952380952381064,0.7339741725215649,0.07716098587156345,0.067629520737081,0.022351118701680755,-0.12308146055580367,-0.9923965709671966,-0.3038481307239865,-0.952720480233074,0.35592747013733866,-0.4905040985907418,-1.172282816521952,-0.6788159726976817,OGLE-BLG-RRLYR-07933
0.04069694527272529,-0.8590902802095197,-0.10280373831776905,2.125233644859793,0.035189771333306204,0.5649489331586656,0.35554079696824437,0.23223870703839125,-0.2850704280325878,-0.9585065733010479,-0.9149970369203573,0.40346055870055786,0.03453598040639886,-0.3015321304839408,-0.7622223732241077,-0.2452695309762476,OGLE-BLG-RRLYR-08100
0.09402410696534315,-1.1023169376264605,0.03333333333333465,1.9405555555555558,0.04933725297672943,0.45465136805011075,0.2851889099361373,0.1376711125135257,-0.0422707529195399,-0.9991061922776854,-0.9953288356702905,-0.09654278265734732,0.02462399957427709,-0.21727146116858917,-0.9380298855650523,-0.4568014143623539,OGLE-BLG-RRLYR-08207
-0.06488505871265111,-1.0778628089097682,-0.07995079950799135,2.006150061500592,0.037332225057295575,0.47085382822820115,0.2659668488119261,0.1382189413687142,-0.11078856842951638,-0.9938439983746636,-0.998386504198181,0.056783696911485576,0.017488816452500524,-0.2284655121573113,-0.892797344590372,-0.38960603028768653,OGLE-BLG-RRLYR-08275
0.03390882516841236,-1.1867697187533615,-0.09135802469133864,1.9162962962963066,0.014743431379586816,0.4701998762800299,0.27436087236183987,0.12546989464520814,-0.05425482814474928,-0.9985271221268773,-0.9931247885801138,-0.11706047286639627,0.014050864395272311,-0.22171879919835,-0.9134522197421046,-0.41111231222777556,OGLE-BLG-RRLYR-08332
0.2500175100674835,-1.1362091330379933,0.06569343065693657,1.8540145985401366,0.030365417511118094,0.3960597053269772,0.1956483561338146,0.07591876029698143,0.1089331053857443,-0.9940490825663582,-0.9037048259302632,-0.42815603182759504,0.02046100268701278,-0.1889870116436504,-1.0869769558928608,-0.5951662833800627,OGLE-BLG-RRLYR-08450
0.26906125687486676,-1.087624665946202,0.09009009009010364,1.8770270270270264,0.02688535108320363,0.45745559223562,0.24348855254838303,0.11480700660715856,0.11059089509712083,-0.9938660140691086,-0.9188169549129289,-0.39468392843455485,0.02174286798472292,-0.1474509090205318,-0.8734090757340075,-0.3801764995427196,OGLE-BLG-RRLYR-08699
0.09500188449429656,-1.457553161483602,0.12849162011174847,1.4581005586591969,0.37536123252596976,0.07304744202238582,0.04030953283139362,0.01659653345240554,0.6246030943601929,-0.7809423631201422,-0.21201336960464634,-0.9772667655808641,0.18319374774931407,-0.45325325373606024,-1.0357516328712204,-0.5833594926617203,OGLE-BLG-RRLYR-09008
-0.7571865049429006,-0.5985559331576122,-0.3189522342064831,2.1719568567026126,0.013663768849998998,0.513000639578049,0.3741650985896095,0.2424010920193962,-0.6322911784723653,-0.7747308343070047,-0.36036691223231276,0.9328106391804012,0.041447585550500585,-0.36656490557786425,-0.6566915679753925,-0.15193410459600926,OGLE-BLG-RRLYR-09064
-0.0325507072742299,-0.9130538589172184,0.04320502749413622,1.9483110761979718,0.46702111736556834,0.3912237976042888,0.42498374562498364,0.22944582239211297,-0.5600263224550432,-0.8284748144376388,-0.8282711231792695,0.5603275350251417,0.226947053353222,-0.2589391868534015,-0.698161766180675,-0.20757328816537568,OGLE-BLG-RRLYR-09103
0.16160093993037186,-1.506097484551381,0.1481481481481384,1.3735449735449416,0.0329205126542533,0.15018663916206035,0.10804049189535296,0.05963638202310731,0.0011430961221662633,-0.9999993466654143,-0.9446839349089119,-0.3279821079342816,0.012971154803244237,-0.5441657411959778,-1.0286309355020598,-0.5856953118716701,OGLE-BLG-RRLYR-09288
-0.027795885765341272,-1.156960470762711,-0.08808290155441911,1.932642487046624,0.02484574675530494,0.45464913238608823,0.2843070839744778,0.14293014987112568,-0.13004578299948827,-0.9915079900454913,-0.9994795957720811,0.032257365597290824,0.019180166461530562,-0.24224150938952452,-0.9258335420960196,-0.4282911681913111,OGLE-BLG-RRLYR-09457
0.023578489957484145,-1.1025056302187524,-0.00469483568074021,1.9462441314553995,0.027962844141450515,0.4735111140170399,0.278574835094166,0.13569792684287207,-0.003097459586041944,-0.9999952028605501,-0.9956670365206169,-0.0929900660622002,0.01893550434850975,-0.20459847734186873,-0.8830500691980717,-0.3824230805189972,OGLE-BLG-RRLYR-09477
-0.36839634848487696,-0.604221443809474,-0.21438848920863432,2.1179856115107922,0.2163792624578481,0.5112106222459876,0.36756954940176056,0.21872802133087038,-0.5640426646312011,-0.8257456463559069,-0.5814694544622159,0.8135682353235119,0.1350641299599936,-0.3289002434353905,-0.6349369471999532,-0.13312218566250075,OGLE-BLG-RRLYR-09484
0.03532530033736525,-0.9274161538471444,-0.035629453681711616,2.0489311163895527,0.08692302504745186,0.4931431607631878,0.30911435546550436,0.15420849001685133,-0.12314737053281853,-0.99238839429472,-0.9988750994662944,0.047418726956767104,0.05385338404718932,-0.23749075411286422,-0.8702365732377589,-0.36522054185404806,OGLE-BLG-RRLYR-09502
-0.23709501802232255,-1.0049259891721363,-0.21040189125295272,1.951773049645393,0.05304669155870812,0.5663972174752517,0.334612195016022,0.2599125778899827,-0.31531862189390164,-0.9489858622165721,-0.8581334441719367,0.5134267153096045,0.0464899227313104,-0.2504526668252425,-0.5856660324323465,-0.08323031571686497,OGLE-BLG-RRLYR-09512
-0.01991175586321296,-0.9052347698333003,-0.07021791767553655,1.9699757869249577,0.0678614176701492,0.49525017898210716,0.31751289278673556,0.17924911916159655,-0.16479155025683204,-0.9863284163826722,-0.9900070427482852,0.14101792548748926,0.04329527048448344,-0.22226695935092458,-0.8885381990272856,-0.3906190557492925,OGLE-BLG-RRLYR-09525
-0.2682113363791655,-0.9508331644620025,-0.19333333333333344,2.0753333333333415,0.01821302678737104,0.529999634936606,0.35220591254273276,0.23155140911782804,-0.3996710636429098,-0.9166586283271135,-0.8655840933842792,0.5007635942040071,0.03003660314499942,-0.2786033484619111,-0.7207112942290218,-0.20579088365350334,OGLE-BLG-RRLYR-09573
-0.7310698006522265,-0.6975300271580731,-0.49896480331263915,2.075776397515523,0.028447965642696003,0.46915868532178595,0.36426376008919936,0.2571902168176457,-0.570125847370611,-0.821557373626421,-0.638103138720943,0.7699508973658521,0.030382162346694386,-0.32937226564498195,-0.6240010752409199,-0.12381103633126658,OGLE-BLG-RRLYR-09582
-0.28154564109962454,-0.9521421975017255,-0.1876606683804597,2.032562125107134,0.1472019058457438,0.48133922089559855,0.30369317369822474,0.1586034631433591,-0.2759945957921049,-0.9611591871763765,-0.9022384784710326,0.4312374380388097,0.08015578948741654,-0.25953994470183406,-0.7286468554431883,-0.22694530663573742,OGLE-BLG-RRLYR-09716
-0.5836283128609019,-0.6749574989159379,-0.24336283185841728,2.2107669616519248,0.04779753121121413,0.5039193885426071,0.4062625636125526,0.27770402019483337,-0.5176747174735908,-0.8555775165866842,-0.6237855590495515,0.7815955324342883,0.06090262106990262,-0.3260692453219921,-0.6368574520312439,-0.12525733606244568,OGLE-BLG-RRLYR-09765
-0.48398635461937933,-0.8157033999068175,-0.24290220820188688,2.0069400630914833,0.08911532329554964,0.523852230390269,0.331991913370738,0.20554529608604796,-0.517317170746168,-0.8557937513508614,-0.6984649080130236,0.7156443056954749,0.06456117001913224,-0.3263434781733288,-0.6956701095282841,-0.19640633522865508,OGLE-BLG-RRLYR-09826
-0.533530086052727,-0.7748885345711765,-0.28621291448516817,2.320069808027921,0.02200581769718821,0.5498200518504156,0.39089092834276695,0.27764918058489846,-0.4461073867911736,-0.8949794407975806,-0.7339116814969127,0.6792449070566331,0.0354341735235333,-0.29596704181531697,-0.6775534489552502,-0.17737432122585936,OGLE-BLG-RRLYR-09847
-0.6456568991349723,-0.6594275508769418,-0.2737752161383359,2.178674351585018,0.006558177096490294,0.5003462958404185,0.3833762271222964,0.22945898387320687,-0.5875827758149691,-0.8091640634417571,-0.5341889410298054,0.8453651135937981,0.03867292355820263,-0.34494563621080204,-0.6401036019609686,-0.12147820449879333,OGLE-BLG-RRLYR-10174
-0.02301972868975317,-1.4412514444949995,-0.017241379310345355,1.465517241379294,0.056097889529892246,0.08945181724646031,0.07551930410800364,0.031352202662849764,0.28743212703662674,-0.957801008742004,-0.4062654942993908,-0.9137550810483472,0.027576082544012795,-0.5036029519021025,-1.0491319993400732,-0.5934598195660465,OGLE-BLG-RRLYR-10361
-0.19882634164866872,-0.8487102436846761,-0.23076923076924039,2.2085714285714273,0.01716687008384416,0.5240804525250065,0.3279101578252248,0.2038308239412861,-0.22888884016625619,-0.973452566305799,-0.9792881696463629,0.2024714320359204,0.015501022976345952,-0.3318150702248255,-0.8183351516145828,-0.2989071494388214,OGLE-BLG-RRLYR-10435
-0.4936845659920667,-0.8948242284098007,-0.15504978662874752,2.048648648648662,0.007697600040414996,0.4901162193601906,0.37130263654499823,0.24989740539796645,-0.5490441215561567,-0.8357933671575937,-0.6095519718497433,0.7927461091762543,0.03570348559480987,-0.32695107209926944,-0.6517653176208804,-0.14260718907909845,OGLE-BLG-RRLYR-10454
0.21139926601948802,-1.2149081081380826,0.11111111111111549,1.7800000000000125,0.02365082740078476,0.35614740659829336,0.1623279075577599,0.06604181462547984,0.18112638947828263,-0.9834598268534214,-0.8475862342740325,-0.5306576820033467,0.016190713354851446,-0.1798225949187507,-1.0988993922174262,-0.6192462291960976,OGLE-BLG-RRLYR-10490
-0.40906900418850817,-0.870832780846666,-0.244444444444453,1.9466666666666683,0.27615276590865245,0.30575011808467956,0.09746110790458044,0.061747207961552183,-0.7417852366985453,-0.6706375046297987,-0.19555456771361426,0.980692821961261,0.143101184130135,-0.3172343261385708,-0.8951728195232874,-0.404283380056574,OGLE-BLG-RRLYR-10728
0.0011766055986201025,-1.472289428785489,-0.03470031545739999,1.4264984227129418,0.045428783976760534,0.10614864642291673,0.06583510957877603,0.024807603655133723,0.033064466017521284,-0.9994532210598834,-0.5154271791333694,-0.856933383064645,0.02295791060380922,-0.5582920477564589,-1.0904191207255745,-0.6456994376546424,OGLE-BLG-RRLYR-10787
-0.528605537024095,-0.6163228542324228,-0.16333333333333316,2.1493333333333657,0.13699508709345692,0.500978238349306,0.2974698087495961,0.19688399306401863,-0.43585024757992913,-0.9000192007310258,-0.7307623528841983,0.6826319532567681,0.08115792000743223,-0.2713501463208519,-0.7037974751477641,-0.19057497120296335,OGLE-BLG-RRLYR-10876
0.06053471129794427,-1.3742686870586627,0.006097560975552296,1.508841463414657,0.10336264242624807,0.1590694834483089,0.03150996885535046,0.024972113256056826,0.056557382442601,-0.9983993502057388,-0.9666317860279641,-0.2561698464698533,0.05127570389229814,-0.6003007406779839,-1.069145083295988,-0.6065125418528239,OGLE-BLG-RRLYR-10991
-0.021771305710130015,-1.5567989546849546,-0.010000000000012168,1.3049999999999982,0.023416763070860575,0.1820915824972291,0.07756159855116222,0.06750698063816758,0.03348887895645273,-0.9994390901832088,-0.976574113675111,0.2151813200528131,0.01520977807114544,-0.5740388679476542,-1.016631615724744,-0.5833594926617174,OGLE-BLG-RRLYR-11044
0.04270266868914336,-1.0406329209301195,-0.07812500000000289,2.041666666666662,0.021240297348920915,0.4951024453607578,0.29613560660568644,0.15827051995666194,-0.09837702059085508,-0.9951492158564295,-0.9999924069387792,-0.0038969301747610653,0.01824462839478942,-0.2348076721436975,-0.9175543321787746,-0.40671393297954334,OGLE-BLG-RRLYR-11129
-0.5506304185712454,-0.7086754319410664,-0.23076923076924127,2.135798816568068,0.026688457539564482,0.5031604194408326,0.36221026534664497,0.24860330557448523,-0.5648634172295444,-0.8251844156767393,-0.541157186240397,0.8409214587465207,0.04927356085721641,-0.33211446248704385,-0.6554897996391642,-0.14152295818665853,OGLE-BLG-RRLYR-11256
-0.7484751955965033,-0.6400796240079334,-0.37016574585636425,2.2121546961325977,0.004773182687990205,0.49620203114538125,0.3776095070040654,0.24787052244257257,-0.6218375843691393,-0.7831462307040452,-0.40984420238757013,0.9121555403379933,0.03812484933850492,-0.3635559565643937,-0.6078857557974588,-0.09647593552873744,OGLE-BLG-RRLYR-11428
-0.6862926683626787,-0.6758693907520512,-0.2841163310961983,2.2668158090977033,0.004881769065995828,0.5083685673115039,0.38643089739642345,0.24701689333892154,-0.5977827341687436,-0.8016581582755465,-0.499930502241116,0.8660655246163222,0.03426321869488981,-0.34817209867409454,-0.628420030388664,-0.11921498066450588,OGLE-BLG-RRLYR-11435
-0.2966489344926036,-0.8961709802618918,-0.24275362318840502,2.0447463768115797,0.05334879420996823,0.5042216447636008,0.33814476379996605,0.2096163079694222,-0.36751665628118974,-0.9300169392843841,-0.8898080145228493,0.4563350712918138,0.036732108820247265,-0.26964417995514744,-0.7595423983044253,-0.2484514706193238,OGLE-BLG-RRLYR-11484
-0.3378080775986598,-0.970916028630112,-0.23404255319147996,2.0700490998363454,0.0063015035184377545,0.5256455351363876,0.37615258719824024,0.2600250916916926,-0.4606167555315954,-0.8875991237735347,-0.7808520117900682,0.6247160440419336,0.031971704402332206,-0.2951036352774747,-0.7164793108430293,-0.1990081387398282,OGLE-BLG-RRLYR-11685
0.09399874999397619,-1.2483829074955195,0.06368330464712138,1.6392426850258286,1.194404833754929,0.035587608134863016,0.055012578122382055,0.06440398488484594,0.740327957735175,-0.6722458739149426,-0.3842567450321263,0.9232262744838426,0.5850369385094285,-0.48602207802739694,-1.1003521422068197,-0.6232406045951149,OGLE-BLG-RRLYR-11688
-0.3844314214413717,-0.928171780284603,-0.24020442930154243,2.1097103918228206,0.019827589149071023,0.5454225771023151,0.35977693044470993,0.2355301711685007,-0.400956856218588,-0.9160969378026032,-0.8612399721291615,0.5081984950852976,0.03022844579860443,-0.27129402217741966,-0.7262397991373395,-0.20816905232516555,OGLE-BLG-RRLYR-11741
-0.019641848901848214,-1.0592767892436634,-0.04166666666667345,2.0966666666666787,0.010968691197995548,0.5345724739806985,0.3257528352640901,0.17572368680238723,-0.10711417108876697,-0.9942467271014607,-0.9968458700297558,0.0793619014680174,0.016654049575283027,-0.3033020249116004,-0.8075795679044169,-0.2982593675627878,OGLE-BLG-RRLYR-11821
-0.1982913403021852,-0.9440477073100664,-0.13304721030042477,1.9942060085837046,0.07449892635211276,0.4968159942723827,0.2982855315129748,0.15952535155839925,-0.23954875231336395,-0.9708843367080914,-0.9501064319659872,0.31192590135617304,0.04295404829386409,-0.23852443142705218,-0.8342049884952673,-0.3328740585140101,OGLE-BLG-RRLYR-11846
0.21977674776610842,-1.200187367326397,0.04666056724610024,1.8005489478499517,0.012276895119506458,0.46110789763454113,0.2600300520237478,0.1189411246738863,0.09848230943974985,-0.9951388017394425,-0.9282807561339105,-0.37188013901182654,0.013425679371343868,-0.11442970732932385,-0.792331937643047,-0.3080348972326389,OGLE-BLG-RRLYR-12060
0.015287569427687761,-1.5057586359624815,0.09473684210526699,1.4578947368421051,0.47214528539249684,0.04255536136264197,0.018353335478445625,0.00832502375113358,0.1680253924172172,-0.9857826674795211,-0.08805178303719371,-0.9961158986302603,0.23663999583697906,-0.4898583068415998,-1.0041447507590193,-0.5575202309355526,OGLE-BLG-RRLYR-12101
-0.1473549052203503,-1.3917072717708525,-0.15347334410339078,1.5673667205169723,0.12400408438279116,0.09932115849381903,0.11559467200466454,0.012518757745747802,-0.4503030935874972,-0.8928757606215603,-0.6316053928059118,-0.7752900281691296,0.02615841055266092,-0.5168881769373603,-1.060251356375286,-0.6151987210379152,OGLE-BLG-RRLYR-12235
-0.030705860896218955,-1.4881992301693494,-0.041095890410960234,1.3561643835616393,0.02614913946100732,0.19792120663009544,0.056984379293243036,0.05803804516379799,0.036203120890007365,-0.9993444521474183,-0.9524828549885501,0.30459220435339557,0.016992259462745678,-0.5807806826803695,-0.969086668933829,-0.5272435506827867,OGLE-BLG-RRLYR-12354
-0.4453267961349163,-0.9203967110026978,-0.2155844155844198,1.923896103896097,0.1107570691820163,0.4890983983491858,0.2874986993961844,0.16015200980318814,-0.4169082796565133,-0.9089485608954153,-0.7682218000109305,0.6401837751676981,0.06785952046075332,-0.26552516504950036,-0.6143889712576389,-0.13035765534840507,OGLE-BLG-RRLYR-12364
-0.6911114934246613,-0.534912809411769,-0.279104477611936,2.029253731343279,0.11108778026634945,0.48568222960776286,0.3107104330167227,0.18292484613014248,-0.5215553738619609,-0.8532174353561407,-0.5943829225028304,0.8041821568755392,0.07474370882701276,-0.34916781252728646,-0.6666362910496806,-0.167618839752959,OGLE-BLG-RRLYR-12389
-0.2019125444002586,-0.9719763600662241,0.002493765586046821,2.0408977556109837,0.06272743429538737,0.4982548475146045,0.2789351212459618,0.15912010655758993,-0.15522968333884082,-0.9878784061869776,-0.9843748775829322,0.176085491689654,0.027477830951980385,-0.23291947755383696,-0.8907647412759421,-0.38806437495987534,OGLE-BLG-RRLYR-12416
0.03372150557116747,-1.0358674323680293,-0.015228426395939453,2.0050761421319496,0.050763971919838814,0.4827553102002576,0.30208863533709623,0.15628148449826884,-0.13184750021357833,-0.9912700119984618,-0.9961599696074149,0.08755178440074232,0.03493789130543006,-0.23844320602216248,-0.906248169282503,-0.40340290437354026,OGLE-BLG-RRLYR-12442
-0.6109535617657459,-0.8277893858456364,-0.34277620396601216,2.0056657223796104,0.05437291388123357,0.4915975654639717,0.3403116382212144,0.20323937189419397,-0.5990859133415158,-0.8006847497209884,-0.4948888081848554,0.8689563093351549,0.04430858249661165,-0.36279407557527804,-0.6437029081245558,-0.14996674231022977,OGLE-BLG-RRLYR-12472
-0.3906393540423954,-0.9634844508900104,-0.4006514657980371,2.030618892508141,0.00792423580706275,0.5342679682006592,0.36913564135036103,0.2445844425418668,-0.4458212311683096,-0.8951220195255911,-0.8394992652406466,0.5433608227139812,0.028242652250214276,-0.28304011625881664,-0.7196452382895764,-0.20523320205917883,OGLE-BLG-RRLYR-12491
0.2016126433223512,-1.5509329443429796,0.4135667396061264,1.3413566739606173,0.027781827708099782,0.17357469721415977,0.06819681806663115,0.061659292812621655,0.10475250459777105,-0.9944983221607234,-0.9103243050121019,0.41389571114501,0.009523385042048685,-0.5839311740007354,-0.938775012117912,-0.513569521145564,OGLE-BLG-RRLYR-12705
-0.16318599120869107,-1.3777870481937047,-0.006060606060591902,1.5478787878787783,0.5873483247959982,0.03430587272862651,0.04781647362829736,0.05614146882828622,-0.312046428858682,0.9500668535616552,0.8185020815313875,-0.574503561806875,0.29268285755573853,-0.400648521869468,-1.0569114610603279,-0.5927791070726037,OGLE-BLG-RRLYR-12839
0.1445907229058607,-1.2071472556710032,0.05660377358490768,1.6067924528301674,0.17162071452540467,0.17164915050021298,0.041171268799603186,0.05038728724296495,-0.011107614138108077,-0.9999383085511621,-0.9129784041738438,0.4080078841299289,0.08639431173235394,-0.6044484613287968,-1.1312231457805968,-0.6718243385616822,OGLE-BLG-RRLYR-12863
-0.02118157524905208,-1.3798749799115464,-0.04385964912282916,1.5087719298245565,0.08133204648307849,0.1130423405610251,0.021119449331861606,0.011083493877142445,0.03680522977614208,-0.9993224579989811,-0.9584911672293039,-0.28512222351722505,0.0406355633425654,-0.6604937039076536,-1.2272026329936179,-0.7644715530924496,OGLE-BLG-RRLYR-12864
0.32234951371652165,-1.2549363715248545,0.3986710963455039,1.6528239202657777,0.03944721745029531,0.11207453200487778,0.0856412324019467,0.06163909939002956,0.11120882276094293,-0.9937970606417214,-0.5654275908996477,-0.8247979385579359,0.017547143219488078,-0.5133284094135939,-1.077337778554686,-0.6042369105822349,OGLE-BLG-RRLYR-12942
0.042781709292192834,-1.2207959685165026,0.032258064516130266,1.5698924731182504,0.22307426958901538,0.07908741134988095,0.023491567908036564,0.02320281965518283,-0.12337294088720935,-0.9923603768071563,0.5552212695607328,0.8317026763377452,0.11814989817366525,-0.4913796609686418,-1.3030765088415306,-0.8356471442155711,OGLE-BLG-RRLYR-13153
-0.6962453980263896,-0.15629464779732682,-0.16504854368931893,2.215710503089156,0.5691442134240046,0.35013514862767126,0.15134953365538104,0.06297394450446413,-0.5186735946841786,-0.854972340007203,-0.07851248723560307,0.9969131302917418,0.2979686371665451,-0.33979729810740905,-0.7098402488504163,-0.20231706508510022,OGLE-BLG-RRLYR-13241
-0.6131285454530521,-0.5900015913722338,-0.2957264957265002,2.2499145299145438,0.046390351643213125,0.5026516430465829,0.37656023238485387,0.24342108261602693,-0.4987312090106406,-0.8667567024019974,-0.717020616372011,0.6970519605434744,0.046790196258087634,-0.3042094713594838,-0.7059517077143724,-0.1817081092000034,OGLE-BLG-RRLYR-13296
-0.47471005631304575,-0.9532217481825964,-0.24195804195804335,1.7678321678321536,0.07989348086485969,0.45390582349814573,0.30351570016982893,0.1985826936605621,-0.475045135775543,-0.8799614303911256,-0.6900788229847369,0.7237342178369074,0.051519320108200206,-0.23097813575904044,-0.6818635442669102,-0.19928292171761644,OGLE-BLG-RRLYR-13446
-0.14405039060514951,-0.15621361255380295,-0.126948775055651,2.3732739420935216,0.6622099050458613,0.4249392664988351,0.2485873352901075,0.07707728237836668,-0.3581506537244974,-0.9336638095356996,-0.7858809668742723,0.6183778019178557,0.32984595332418254,-0.3418209026061229,-0.7858597682735216,-0.27343578383775397,OGLE-BLG-RRLYR-13447
-0.6621652780089456,-0.7366022118170505,-0.3043478260869435,2.0380434782608776,0.008145235540659036,0.49254688551929227,0.36760644552581717,0.23437669655505713,-0.5746934138221594,-0.8183687922382135,-0.5072734835955541,0.8617851314804816,0.041569965572280154,-0.3412161796632567,-0.6246062034303418,-0.12493873660829995,OGLE-BLG-RRLYR-13480
0.0776523929451416,-1.5173191618492126,0.1024930747922399,1.3734072022160482,0.025587254641882103,0.09055591369588535,0.08154926431723829,0.02418197015977354,0.20115110801868394,-0.9795602236426588,-0.3867490457744491,-0.9221850007414744,0.012528945854733409,-0.4997589406740025,-1.0450810402426276,-0.6057234732321793,OGLE-BLG-RRLYR-13517
0.04688835748184012,-1.4769109978315609,0.10691823899368567,1.4465408805031572,0.050638929221198295,0.08762469623962095,0.03804808232117387,0.034437718824952494,0.28995059914770865,-0.9570416135434681,-0.777662986898505,-0.6286813809936601,0.02493889252893367,-0.5057173219185088,-1.0864803655177981,-0.6382721639824063,OGLE-BLG-RRLYR-13917
-0.6876670300007969,-0.5855020583259711,-0.23021060275962724,2.016993464052284,0.0931445561892487,0.49949951797609304,0.3116397313824083,0.18848948971653662,-0.4995373718615689,-0.8662923375591156,-0.5531129062339255,0.8331063035156202,0.06512322928787301,-0.34047375662376933,-0.651132838418412,-0.15842156016150805,OGLE-BLG-RRLYR-13944
-0.3761086681732119,-0.7666204266354311,-0.3152081563296597,1.9687340696686555,0.12109977727608258,0.47487107679224544,0.2725389149315744,0.15580952343524324,-0.4178575751190966,-0.9085125463721393,-0.8457112470121629,0.5336407843082576,0.06984316219966494,-0.2928141912779552,-0.7337318891126979,-0.23709647150094157,OGLE-BLG-RRLYR-14070
-0.0672678993035936,-1.2821680986574826,-0.044776119402986654,1.6044776119402933,0.2349356320033493,0.04480045220981239,0.02944061640264032,0.008613252878286286,-0.9096345442078343,-0.4154094317463261,0.539611296870275,-0.841914276093463,0.11842267019924692,-0.5947170722860583,-1.1405785412896516,-0.6675615400843949,OGLE-BLG-RRLYR-14104
-0.4970605743562924,-1.0703592234264185,-0.47741935483869646,1.9574193548387058,0.03183751210405947,0.5181321599577636,0.39098886483445616,0.2635025580259994,-0.5059099398261232,-0.862586304542988,-0.7298750281968955,0.6835806047677047,0.027911660325821687,-0.29890347595142386,-0.7052458781541837,-0.21695442788530728,OGLE-BLG-RRLYR-14173
0.26693494156761394,-0.12100767707441706,0.017761989342815407,2.425222024866777,0.9085145738169519,0.6055481340523463,0.006722891931963843,0.06003453960027653,-0.8433114757483382,-0.5374251155939402,-0.4521710382049379,-0.8919312485885157,0.4446321612357679,-0.21098973727626905,-0.6804668862689601,-0.16577009714832228,OGLE-BLG-RRLYR-14183
-0.44951031169299555,-1.0445696332431338,-0.28421052631579163,2.053157894736849,0.02118473002834549,0.48298131790362825,0.351711507040306,0.24190893915685244,-0.5839565851072442,-0.811784889431853,-0.6955654664836866,0.7184627212565253,0.025111053730651613,-0.300829562903572,-0.6061116126666569,-0.10779405402422707,OGLE-BLG-RRLYR-14191
-0.6080439470234668,-0.6578917209407313,-0.27580893682589175,2.195069337442237,0.015840134577397497,0.5932184482993069,0.3433754214127371,0.22960302091877777,-0.41070246046323,-0.9117694275251003,-0.7922812164906716,0.6101561062515571,0.03156361963413461,-0.45520556690295527,-0.6629687403095815,-0.14733705565543134,OGLE-BLG-RRLYR-14212
-0.7744445259934482,-0.4733010475275501,-0.2566983578219638,2.521175453759726,0.015576602354926328,0.5537954433395341,0.42817577549857755,0.258803815508091,-0.5035384266288472,-0.8639728311168964,-0.6604598262253984,0.7508613839733114,0.03253066810960276,-0.34548464802823725,-0.6610940889325676,-0.13712356220623054,OGLE-BLG-RRLYR-14278
0.3350508538680585,-0.9161152214826065,-0.14074074074076445,1.8345679012345841,0.02829871394314632,0.4458802744913425,0.194965745436976,0.07582332792505435,0.238774108421486,-0.971075138775329,-0.7713126895548251,-0.6364563888686341,0.011806105344511689,-0.07107502016677031,-0.9505653745772985,-0.4300411819034047,OGLE-BLG-RRLYR-14334
-0.3142413680817176,-1.3358383683896178,-0.14243759177681173,1.5859030837004442,0.0355175903190995,0.15764732637673753,0.11400030026420635,0.06487352514315392,0.19570911620672707,-0.9806619916329896,-0.9935072554044517,-0.11376877189595361,0.019801990835662305,-0.5449223139007767,-1.0148162809914432,-0.5686362358410134,OGLE-BLG-RRLYR-14399
-0.7090234992554995,-0.7573311256786837,-0.3712230215827477,2.2225899280575514,0.021720486557981894,0.5621757298641626,0.40131103438633803,0.27484484110896223,-0.5233274646202563,-0.8521316592957536,-0.6301425237966066,0.7764794908452142,0.04311560149408745,-0.4129995470702379,-0.6089290908727041,-0.11218584911708439,OGLE-BLG-RRLYR-14423
0.06165152802987015,-1.0935356892100965,0.15384615384616818,2.0909090909090966,0.013623047595378626,0.5163724209354426,0.35583335275422157,0.18182491476813073,-0.060762296014049345,-0.9981522646285491,-0.9890893897776074,0.14731659454847673,0.014742058160021556,-0.1789841450021216,-0.7231731602639001,-0.2232988160115886,OGLE-BLG-RRLYR-14449
-0.032052920790239275,-1.4852853928075322,-0.014925373134322458,1.4179104477611928,0.0325620990688714,0.10353215441657056,0.07896159055355288,0.034849539568008236,0.346040158705124,-0.9382197016495297,-0.4586484639169721,-0.8886177955378802,0.016382170039789947,-0.485186997008105,-1.030524281108119,-0.5829437008808889,OGLE-BLG-RRLYR-14529
0.19680436283885944,-1.4757689615451726,0.18476727785613675,1.3785613540197579,0.021348761405963115,0.10843307056243415,0.06130490862555592,0.01882191231957451,0.16350124028140314,-0.9865431285181824,-0.2764871306450143,-0.9610176203315353,0.009107477363345797,-0.5025372715540722,-1.0454616574825364,-0.6119876566358081,OGLE-BLG-RRLYR-14604
-0.15974539683968583,-0.6602468178787442,-0.1067961165048534,2.2274618585298547,0.3140582992253756,0.3799630694934464,0.18055665586671782,0.08027227400528904,-0.2758226179703341,-0.9612085535491198,-0.9923071872418449,0.12380002483108864,0.17358852570575328,-0.25767275627412384,-0.9112461711621826,-0.39631445038529983,OGLE-BLG-RRLYR-14854
0.1617712269961494,-1.2473744539270186,-0.015765765765777064,1.750000000000006,0.014523540596601426,0.42558478874664013,0.21362753911276236,0.09811765906415983,0.09701766913018105,-0.9952826592865701,-0.9467275337253559,-0.3220356764184756,0.007956451464431006,-0.31319414772869014,-0.88021556246498,-0.41060897686306636,OGLE-BLG-RRLYR-14934
-0.3172054389735718,-0.9896738977361386,0.025641025641030313,2.1595776772247453,0.003027073044782463,0.5266725374327665,0.35750629228381664,0.17670809229763745,-0.2286535123270964,-0.9735078691518022,-0.8723201212146564,0.488935175789232,0.01720506709160922,-0.16523166289519384,-0.654386782097509,-0.14514763758216628,OGLE-BLG-RRLYR-15002
-0.45149746259783197,-0.6367536890199643,-0.2630208333333307,2.0449218750000018,0.24943764461581094,0.47185092166563525,0.32778949673773167,0.24810664834507784,-0.6406123193867356,-0.7678644777888525,-0.4090896236437578,0.9124942081060069,0.14410848153832576,-0.320445495020376,-0.6157797227044003,-0.10499205492945687,OGLE-BLG-RRLYR-15021
0.04635563728717822,-1.5322062653453743,0.09268292682926021,1.359024390243906,0.013757163911343163,0.18237603074473388,0.083857775736019,0.06713169022710358,-0.002530096206683998,-0.9999967993014702,-0.9796904038557154,0.20051611554442506,0.0062468135440311295,-0.5766863814079609,-0.9920845810604803,-0.555018887912054,OGLE-BLG-RRLYR-15057
-0.10580564202346715,-1.1663078583096653,-0.14647377938517805,1.9750452079566263,0.03005098594241453,0.49351789372468313,0.32440319047128585,0.14380815514047432,-0.08841823087709982,-0.9960834384972796,-0.9995166576006808,-0.031087797907918643,0.017490538144419268,-0.17740264570266118,-0.761455761691765,-0.26272782346445306,OGLE-BLG-RRLYR-15124
-0.3938556064742629,-0.9092740914020565,-0.3215547703180236,2.0575971731448672,0.013748427360064595,0.5398024380446642,0.3676478714216345,0.24603451396632242,-0.40312749535228937,-0.9151438261229706,-0.8444196319646217,0.5356822613758393,0.02999881577345909,-0.2828303142018199,-0.7480877262835586,-0.23485320989197472,OGLE-BLG-RRLYR-15145
-0.13950053163153228,-1.1019553156918336,-0.03943908851884467,1.8746713409290212,0.016014113774127977,0.5240019954587469,0.33520590772251324,0.21864225698040804,-0.26957090572439607,-0.9629805433065243,-0.9347987351543702,0.3551778776244232,0.020609962940117844,-0.2708789579566061,-0.7750907152132566,-0.27184920675643237,OGLE-BLG-RRLYR-15482
0.1691420088205918,-1.3500329035670307,0.43225806451612697,1.6154838709677355,0.057340130076192736,0.039312813053954725,0.059837632009526937,0.06478723975996155,0.9875584623090826,-0.15725229258017276,0.07657338813743648,-0.9970639479136498,0.022871012053647985,-0.4152750468055011,-1.0610092707452081,-0.6013656754616065,OGLE-BLG-RRLYR-15491
-0.6499106096568544,-0.5367716939446443,-0.3864818024263402,2.042980935875209,0.11637564874291237,0.4770100805007135,0.29334183600853847,0.1653338645137381,-0.5777762698664366,-0.8161951862019444,-0.6570398209068538,0.7538558706693804,0.09011926390145043,-0.31573871734088516,-0.7001988533722265,-0.22958986848609406,OGLE-BLG-RRLYR-15512
0.04183628528720234,-1.280014825165779,0.2671755725191117,1.7114503816793842,0.06666774750962179,0.19292540140054923,0.048980420266786104,0.0217750900233101,0.22423549794762243,-0.9745349872940334,-0.8144500748892891,-0.5802336387291169,0.03147998986916156,-0.18649424896040215,-1.4242593079213521,-0.9503943874050274,OGLE-BLG-RRLYR-15596
0.12652303806058893,-1.42027114992168,0.034782608695663186,1.472173913043451,0.03630341824685956,0.0929954653013282,0.020758835079937695,0.018778655691006733,0.2833641180199122,-0.9590123964885945,-0.9905127758308945,0.1374206713554267,0.016820800690039054,-0.5579691188304454,-1.226658816280144,-0.7713430418910653,OGLE-BLG-RRLYR-15600
0.12463076483109642,-1.468467288382037,0.2130777903044048,1.3632468996617757,0.020837568699680713,0.184513697139659,0.07094446323583069,0.04542912489104689,0.05683337369840529,-0.9983836775679265,-0.9752042983874836,0.22130652138284565,0.011346292609252878,-0.5655855694098657,-0.9631372159212878,-0.5195618528221845,OGLE-BLG-RRLYR-15633
0.27946063998133924,-1.0687251192871923,-0.017632241813596627,2.104785894206528,0.07398362546359437,0.45747658278714093,0.2609497994167758,0.13095654671769932,0.04926315509065554,-0.998785833675325,-0.8940860337804204,-0.4478952602995447,0.035647534197023406,-0.08653484596074922,-0.8701109751083734,-0.37903156435571234,OGLE-BLG-RRLYR-15744
0.04626707960570197,-1.5358869898125938,0.07262569832405218,1.318435754189939,0.038843893396082324,0.12959051024538465,0.0706441254085594,0.02616625466061863,0.27585725021184976,-0.9611986150143772,-0.5877967993098249,-0.8090086048498653,0.018714932384422588,-0.517051549904481,-1.066680922957851,-0.6270879970298987,OGLE-BLG-RRLYR-15776
0.038190789312206576,-1.3694714764870624,0.09253731343285519,1.558805970149298,0.248969470370036,0.13716044259323593,0.11183977981878285,0.10499570208346241,0.2025697673961198,-0.9792678333005133,-0.9103415319825058,0.4138578199668873,0.09702145211101226,-0.48621218342423905,-1.0455832168468113,-0.5831931281770513,OGLE-BLG-RRLYR-15781
-0.5468411644420109,-0.37764080190667704,-0.12820512820514188,2.0553113553113436,0.1882145778979398,0.48852593533372923,0.37179788338585207,0.2889674661475155,-0.5794652603106516,-0.8149969399286777,-0.5232958078010636,0.8521511001799108,0.09500178196444946,-0.24746995228572796,-0.7388534273709516,-0.2509597312965458,OGLE-BLG-RRLYR-15929
-0.04251012472815951,-1.420628518631896,-0.23255813953488036,1.4174418604651273,0.06681297008455456,0.09905685774366278,0.08814693511939599,0.04872186936278541,0.02807247988794039,-0.999605890275233,-0.4923963627918031,-0.8703710828775294,0.02846008582377167,-0.4914257092156898,-1.0530965214342987,-0.6129662987176364,OGLE-BLG-RRLYR-15969
-0.7312506530816443,-0.5355632811649143,-0.35338345864660764,2.421052631578941,0.0574176191199341,0.5263090103022195,0.37955893018905895,0.26043830538650997,-0.4796641219388844,-0.8774521811042463,-0.8084194576954772,0.588606813092875,0.028032859000703687,-0.2935683660725304,-0.703236524639727,-0.191114132640189,OGLE-BLG-RRLYR-16024
-0.6909650018580953,-0.6678779590175123,-0.5168195718654369,2.371253822629986,0.030360582254915905,0.5498760537032128,0.3966989574101009,0.24776560725048508,-0.5410425799427272,-0.8409952001580732,-0.6176938691397101,0.7864186442520388,0.039311104390544575,-0.40089680440968506,-0.6176076275740621,-0.11047420332880811,OGLE-BLG-RRLYR-16058
-0.2271027400954187,-0.9633870919171614,-0.008678881388607595,2.0462873674059665,0.04122079267931706,0.5054067709391179,0.3136446483622385,0.20865038294307325,-0.2549175250122838,-0.9669627994093731,-0.9344654620467794,0.356053788410823,0.03189770823588627,-0.2552467053030748,-0.7897749103891007,-0.27531461176264055,OGLE-BLG-RRLYR-16119
0.23147568230869375,-1.2570377974456408,0.4217687074829763,1.7562925170068031,0.028614746336358913,0.46370596257407287,0.2538820374957921,0.1426889209340465,0.009528677409979439,-0.9999546011228793,-0.9881436503547053,-0.1535321668696105,0.01149925992692864,-0.12598839093072706,-0.7645071228210695,-0.28705581864306434,OGLE-BLG-RRLYR-16156
-0.07082090518588949,-1.5330496494123498,-0.07853403141361598,1.3507853403141483,0.02436823953234449,0.09211800455870486,0.05055557571323607,0.03424675849318911,0.27428660569261576,-0.9616479906585483,-0.4316999011219775,-0.9020172921686562,0.007816305981038343,-0.49221625145389936,-1.0257079550464854,-0.5883802940367683,OGLE-BLG-RRLYR-16332
0.30817577607164004,-1.4439638684466738,0.36842105263160013,1.4105263157894716,0.017105947354753827,0.05998781507588056,0.07032917479660997,0.04965916808426282,0.7664691649980225,-0.6422811059864941,-0.12013781753470276,-0.9927572234932358,0.005603329933434712,-0.43409873571008495,-1.0100975893821138,-0.5718652059712129,OGLE-BLG-RRLYR-16419
-0.025096301788436724,-1.4446593509107242,-0.12881806108898858,1.4711819389110379,0.10252471926308268,0.18893290416501549,0.05031315178520332,0.049833128629942894,-0.08055742122247704,-0.9967499695941728,-0.8820150741245879,-0.4712211890577477,0.04859488432713132,-0.5961488482734854,-1.0198107423484277,-0.557598630517293,OGLE-BLG-RRLYR-16600
-0.5048610583772977,-0.7222700886401796,-0.33564013840830936,2.319031141868519,0.009955040132719462,0.5448782829861116,0.37162048250282503,0.24045217894900914,-0.3832573522262502,-0.923641598221152,-0.8464688656156089,0.5324382213397385,0.026359800874808926,-0.2849218281156523,-0.6981145265928036,-0.1737955765007465,OGLE-BLG-RRLYR-16670
-0.2147139937959015,-1.06988607732217,-0.31428571428570556,1.8824489795918211,0.13361101365788522,0.5394679485437204,0.30980269955794887,0.23421680655424498,-0.41630805056353437,-0.9092236287272728,-0.9062675004733979,0.4227046458056733,0.048293391577529446,-0.22076359576439863,-0.8244321651626205,-0.3361107013773404,OGLE-BLG-RRLYR-16705
-0.04705829253053213,-1.0724114002381495,0.07575757575757848,1.990404040404036,0.21225167854633722,0.4235107292742574,0.1616556752690289,0.04353471325512411,-0.005770521155512248,-0.9999833504041924,-0.9888947864768832,0.14861729804716364,0.09811702471956013,-0.23798791812393608,-0.895432253633505,-0.40439356513439706,OGLE-BLG-RRLYR-16725
-0.5024117025542085,-1.1640314188940863,-0.4394273127753308,1.5829295154185006,0.05057431872304326,0.47523516601859145,0.30696538685765484,0.2129026466335879,-0.5910420269792082,-0.8066407641226105,-0.5251221058908278,0.851026893761168,0.0352402844853807,-0.3511786133024321,-0.6067020585952873,-0.14348257008617324,OGLE-BLG-RRLYR-16832
-0.10720190433095994,-1.022221713011354,-0.1026252983293359,1.9346062052505633,0.326295760529854,0.41079716173799274,0.26207180926936924,0.13929558248745386,-0.2946277883290547,-0.9556120898902074,-0.9086389382879975,0.4175826622680361,0.1588657163128766,-0.16127662109023397,-0.8915801247903781,-0.3922233962583103,OGLE-LMC-RRLYR-00057
-0.1641196589552489,-0.4886140556471781,-0.05681818181816989,2.3863636363636,1.0391799388291847,0.25613193715436944,0.07445847838051366,0.13894328311705015,0.6564197930428748,-0.7543958213706843,0.05681488447759115,-0.9983847299021545,0.5405095709633285,-0.42209616060748545,-0.9037617757002935,-0.37675070960210144,OGLE-LMC-RRLYR-00063
-0.34828689958385056,-0.488129391525431,-0.135135135135113,2.17441441441439,0.6000334473065845,0.3854733078099685,0.21376100177081744,0.07247604151940938,-0.5101085787770228,-0.860110014973716,-0.6443024954448152,0.7647707462786373,0.32980247852134476,-0.280113601978696,-0.7337304259028807,-0.21939469416102994,OGLE-LMC-RRLYR-00076
0.23572120631308605,0.09271684044732753,0.08396946564882184,2.5419847328244107,1.6319872097918726,0.29851674970807784,0.12045547532510151,0.05449895074988517,0.5771572867249214,-0.81663300593371,-0.9982363070158526,-0.05936560751270392,0.7746843938059338,-0.23347301685435515,-1.0011927946042631,-0.4775557664936822,OGLE-LMC-RRLYR-00485
-0.3241851200320655,-0.4413000157956315,0.027173913043492006,2.2847826086956435,0.7827831116010989,0.1609429685090187,0.13990271790102143,0.0294793187379808,0.2046015751448129,-0.9788453378589804,-0.8400565890460622,-0.5424987808283954,0.4055778911333182,-0.4405663314358141,-0.892377423565972,-0.37633729264379456,OGLE-LMC-RRLYR-00527
-0.2421397524958616,-0.6907032622422542,-0.19371727748691372,2.052565445026182,0.24535523387361938,0.497126349383485,0.3464952555787488,0.17453172253809382,-0.4379746624277504,-0.898987316412917,-0.8722634558131799,0.4890362600593628,0.12868182890843927,-0.22445886990528655,-0.8049545776182132,-0.3097596064688813,OGLE-LMC-RRLYR-00540
0.07729300518393323,-0.7671690891973681,0.02893081761005797,2.116477987421389,0.32275909598350305,0.49510166237542436,0.30403904943267246,0.16364481271217765,-0.027701026926983424,-0.9996162529226856,-0.9922908719208715,0.12393072864514516,0.15128061049538172,-0.1681923361903791,-0.8789787344955337,-0.37607910674836853,OGLE-LMC-RRLYR-00585
-0.48520657325738126,-0.8435116314201414,-0.36283185840709103,1.9398230088495514,0.10016810077907672,0.4608460665038022,0.374089869095344,0.2662368528174042,-0.5745167371234858,-0.8184928336674571,-0.46092846823768135,0.8874372919638124,0.08034980489998444,-0.275484678919131,-0.6842498185012141,-0.18203819546800457,OGLE-LMC-RRLYR-00611
-0.6640388753460167,-0.4941858398726513,-0.3338683788121712,2.3576243980738325,0.23792147583146886,0.4939740492058608,0.4016963356796124,0.22417774890054679,-0.6842889492769018,-0.7292109666602071,-0.25668680343910677,0.9664946378227938,0.14066500857456568,-0.30377182133742564,-0.64322692452994,-0.13406733180681138,OGLE-LMC-RRLYR-00649
-0.22706957823637622,-0.1931293925709161,-0.08200734394122329,2.3911872705018493,0.5510076233332102,0.3805616672987826,0.20128707203930776,0.10460898267626108,-0.42895721174865153,-0.9033248089634329,-0.6787049822028737,0.7344110205688616,0.275865634379083,-0.23475976794683553,-0.8291862177262683,-0.3112243447271564,OGLE-LMC-RRLYR-00676
-0.3585798584395899,-0.8735109238755729,-0.09318497913768235,2.0792767732962583,0.14066395951157445,0.45045919366805176,0.3655295965581092,0.2262099712825334,-0.475640372927619,-0.8796398329096264,-0.46939278003059415,0.8829894778847313,0.1163177216616156,-0.28032025693120993,-0.6355878784244603,-0.12638880300353347,OGLE-LMC-RRLYR-00713
-0.38586603276623577,-0.49441959380783995,-0.17159763313607215,2.026204564666084,0.45257186997215665,0.39690048037359493,0.17478668642490544,0.12897012876364222,-0.6145816789487415,-0.7888531928695897,-0.4265665435513553,0.9044561813170662,0.20634538409543138,-0.3154865877040612,-0.7235599391529016,-0.22239195729431013,OGLE-LMC-RRLYR-00798
0.1380631821687632,-0.5683147962410979,0.03723404255318053,2.142021276595755,0.4763394935093317,0.42305051735679255,0.21838942421433694,0.1649253621387688,-0.110076793177017,-0.9939230853561377,-0.9989454081712611,-0.04591373970341043,0.2409128973731711,-0.236145708597184,-0.9042064275262796,-0.3950183703925691,OGLE-LMC-RRLYR-00917
-0.37725833245744955,-0.4216721049271497,-0.25616698292221035,2.2400379506641226,0.5332117677252673,0.4417837618411569,0.2415030782284763,0.15309047439449208,-0.5211942165419836,-0.8534380988936385,-0.6969705243559997,0.71709977560931,0.2483562029713254,-0.24384804619816358,-0.7246118831748002,-0.22896400424923724,OGLE-LMC-RRLYR-00962
-0.15288525589154958,-0.5088925309551042,-0.041362530413615206,2.131873479318686,0.5001022963988035,0.6187858344198354,0.3606415152843561,0.1676079847423399,-0.38554537544308126,-0.9226888768563614,-0.8403891976237112,0.5419833913667234,0.2698272940707861,-0.3214730626204609,-1.1630035644110293,-0.6594567424858142,OGLE-LMC-RRLYR-00977
-0.6719320349712292,-0.35646169808279815,-0.3933434190620342,2.3552193645990913,0.17650044608572574,0.5212462764431063,0.3840831471358053,0.21161690490679777,-0.5131265236504433,-0.85831297946985,-0.5638436195086748,0.8258815730716824,0.12528290550885585,-0.30331045957352365,-0.6175261178859188,-0.10879717273970377,OGLE-LMC-RRLYR-00992
0.034027440157901497,0.00040417896746181015,-0.24814509480625369,2.3632316570486167,0.6656920359365,0.48037856525464984,0.2527716913065732,0.11980091438384403,-0.19115888561402347,-0.9815591069572961,-0.9810553288252076,0.1937277517127159,0.3068428509010294,-0.3195334926630988,-0.660096413569428,-0.1446928947931728,OGLE-LMC-RRLYR-01155
0.24795982671165756,-0.6639158853220484,0.044692737430142314,1.8360335195530497,0.570156806138626,0.1664635945359523,0.14440079101841713,0.04832015484567561,0.6986134696252354,-0.715499280263922,-0.7463069409560718,-0.665601945520587,0.26679033429450155,-0.4210590659314779,-0.9573561961675642,-0.4832663633836139,OGLE-LMC-RRLYR-01180
-0.47355707438870465,-0.6374710166625386,-0.22488038277514993,2.026315789473674,0.23041083821917718,0.4436618894779611,0.35346796118920076,0.2316004589446287,-0.5917405593538612,-0.8061284701681113,-0.6389368210985157,0.7692592142083989,0.13472413295352798,-0.2368169277197799,-0.6945016624325951,-0.1970553262775936,OGLE-LMC-RRLYR-01230
-0.36242332088585805,-0.4274501842728218,-0.18024032042722532,2.320160213618182,1.2363418701990347,0.1710965773166952,0.0972732967231848,0.0709908307375585,0.3192807857115914,-0.9476601605403642,-0.9784282268013568,-0.20658703976375858,0.583628168529251,-0.43491002514874766,-0.8755133338661328,-0.36206019844108916,OGLE-LMC-RRLYR-01241
0.09900542900906067,-0.7811666386352534,-0.053497942386852855,1.999451303155008,0.5028443137558715,0.16450633094638478,0.11135127236503661,0.027738431782157073,-0.08866089988763955,-0.9960618679736284,-0.6054953440440717,-0.7958488476720634,0.24758458168371328,-0.4508620539619442,-0.9360819171188053,-0.4384216316990396,OGLE-LMC-RRLYR-01300
-0.08014067783658385,-0.5410529466342839,-0.026666666666651823,2.3719999999999968,0.6132712844013548,0.48312538041649894,0.26649656271457023,0.1370765789500245,-0.20919560203772017,-0.9778738160356252,-0.871639026648238,0.49014835226052955,0.3194885270783518,-0.34871074102245986,-0.6687666214115732,-0.14776406058811214,OGLE-LMC-RRLYR-01480
0.33416859215730954,-0.8546975618237442,0.1941747572815842,1.7145631067961429,0.9963974701485038,0.1229931680217432,0.077960532554525,0.06471523047492671,0.6532098171961549,-0.7571769507311789,0.1372199225010239,-0.9905406063704875,0.4409935480253234,-0.39993550057026644,-0.9209020744556665,-0.4519793050944633,OGLE-LMC-RRLYR-01625
-0.37002043089242814,-0.3608766370858776,-0.193976970770615,2.149689991142628,0.6109623457096428,0.4036364431702281,0.29474342272908666,0.14791880303891705,-0.693065873868516,-0.720874257051027,-0.42010279182720617,0.9074765254809554,0.26761012710127347,-0.2613956518266301,-0.7125312113853456,-0.21699021499602644,OGLE-LMC-RRLYR-01787
0.32455972287399576,-0.24450097810354432,0.09306260575292548,2.083587140439943,0.6819882096944881,0.3247332791246788,0.16093532281092235,0.14062220966038994,0.011045928080208626,-0.9999389918754278,-0.9974895616759468,0.07081365932874378,0.3570188861858274,-0.22724597469573393,-0.9955110847177797,-0.5116608420725017,OGLE-LMC-RRLYR-01842
-0.4330443135258241,-0.8809697715842288,-0.23580034423408158,2.0645438898451096,0.09955694974015801,0.41096183857083823,0.3674536351287571,0.28237058152119093,-0.5163834956662632,-0.8563574518876392,-0.5833161124130285,0.8122452295947026,0.08010040238774159,-0.21531924368104233,-0.7233468088805323,-0.2220297433601316,OGLE-LMC-RRLYR-01876
0.10831311320118281,-0.07582335191582024,0.08864696734057215,2.0976671850699997,0.7481289499709335,0.07872480289775054,0.04237215345140438,0.01387183029825676,0.4569842885925487,-0.8894747663534712,-0.27641906163462654,-0.9610372013429201,0.3859828867195294,-0.4594344183097958,-0.9564119064788053,-0.47211243404729164,OGLE-LMC-RRLYR-02055
0.01344605174830387,-0.8157649111461338,-0.0387596899224455,2.117829457364356,0.17503284250890408,0.5265327198296782,0.38191974934803785,0.20217046867339153,-0.1594740859003667,-0.9872021150333109,-0.976331035100723,0.21628155237826172,0.10184237504062874,-0.1810229912217526,-0.7701888546210045,-0.26248930932652226,OGLE-LMC-RRLYR-02118
-0.19058963757940564,-0.7055237120502946,-0.1104417670682588,2.0620481927711043,0.22396462432783013,0.492811825720546,0.3525718958235225,0.2344151630410071,-0.41073822419493716,-0.9117533170683776,-0.864404287556057,0.5027974021956612,0.11523514451917063,-0.24574212624007144,-0.7959121108017244,-0.2895018418064397,OGLE-LMC-RRLYR-02286
0.217896901557208,-0.059375614199190796,0.07291666666664469,2.3307291666666727,0.5321382871572166,0.5345157444287235,0.347011791018392,0.21016625823946247,-0.18201995502066617,-0.9832948367474909,-0.9740031180248928,0.22653460238512496,0.25464013418963705,-0.22558589030337253,-0.8553126160810559,-0.3492069603480677,OGLE-LMC-RRLYR-02320
-0.11569282224888858,-0.7794519483761495,-0.14967462039045937,2.0733188720173206,0.3093774507137761,0.4581179958737513,0.3092869832201775,0.2191515173658295,-0.35468369628431695,-0.9349863504833076,-0.8060660444609413,0.5918255925245983,0.1757858099344613,-0.22445610280184652,-0.8233119762953998,-0.3206629694792077,OGLE-LMC-RRLYR-02359
-0.05712339413938282,-0.9654238043416998,-0.11342592592590772,1.7520833333333121,0.5159529443587776,0.23394843207841928,0.10295609962757298,0.10440782260062562,-0.023190660602615116,-0.9997310604661708,-0.9034208730383619,0.4287548555510525,0.24519745299691595,-0.5332739560406411,-0.8895883644221324,-0.4219914904267473,OGLE-LMC-RRLYR-02405
-0.4502755456945085,-0.6679409286135116,-0.25552050473187077,2.2018927444794953,0.17690742398600637,0.49935840253358704,0.3971527018846328,0.28594446204963453,-0.4989214537918476,-0.8666472078915557,-0.5836933759685382,0.8119741639057555,0.11610401175014182,-0.27954853538268115,-0.6599549031447514,-0.15614457737683865,OGLE-LMC-RRLYR-02455
0.2063446341080137,-0.41910429814741157,0.026548672566372795,2.091150442477884,0.4924136642613695,0.4587594885745475,0.281178508534878,0.19005051729181466,-0.19759461219439667,-0.9802838207538397,-0.9977379111331866,-0.06722395917814959,0.22909356924883198,-0.21749985705524827,-0.8313359858038305,-0.3255062827036499,OGLE-LMC-RRLYR-02594
0.3364078614443665,0.5173093851809618,0.042944785276069555,2.257668711656452,1.431249825784616,0.17679452065351883,0.13133678167639307,0.044911446392747294,0.6816322263667928,-0.7316949555506376,-0.5070903801632607,-0.861892885656843,0.6843784913817353,-0.43927974570334116,-0.824609669838273,-0.33724216831842513,OGLE-LMC-RRLYR-02692
-0.23990161561425502,-0.7918338688423501,-0.23703703703703763,2.057037037037036,0.21937070033729292,0.496140881277926,0.3617703197376225,0.2339172455450032,-0.403931633182058,-0.9147891755562455,-0.832256694075426,0.5543904717495087,0.1017599449209092,-0.18857514657074742,-0.764660385382186,-0.25539412458576216,OGLE-LMC-RRLYR-02747
-0.10216217195252138,-0.52712681967262,-0.14930991217064016,2.2316185696361406,0.3528344365342497,0.49556677630689205,0.35253976837107615,0.1963676438993097,-0.1890969563379582,-0.9819584212703307,-0.9588071854800614,0.2840577072916753,0.1738199476206275,-0.20712273262171405,-0.871510387776946,-0.351981703348318,OGLE-LMC-RRLYR-02762
0.008875272193986816,-0.7425199645176419,-0.07792207792208151,1.9190476190476378,0.36806890210307974,0.4922147960053612,0.2631104636119848,0.22160420425949415,-0.2353798421585259,-0.9719034570909949,-0.9506312935345137,0.31032264460219033,0.17168549548007286,-0.22412774370587585,-0.8395990529565711,-0.35330226870066483,OGLE-LMC-RRLYR-02772
-0.0512704856692998,-0.7474360544525029,-0.03523035230353723,2.159891598915992,0.5015093270019786,0.49841158590208146,0.4546136847223847,0.25097123038379765,-0.4446605492290161,-0.8956991659923268,-0.6083824488451773,0.7936439982367064,0.2844621665118449,-0.27285369130478565,-0.6022315497514431,-0.09854167860388732,OGLE-LMC-RRLYR-02858
0.16245399995851062,-0.9246012389641476,-0.0027548209366523298,1.9173553719008607,0.3210686157256988,0.4217507996603907,0.2453299617693626,0.11475592330058006,-0.21066558535087665,-0.9775581881140235,-0.9973781454012032,0.07236598010153891,0.16715524434021198,-0.20195316034457245,-0.9494143638871912,-0.45842075605342036,OGLE-LMC-RRLYR-03144
0.10830153716118716,-0.5063548411065235,-0.02564102564103872,2.0256410256410207,0.6022368609302846,0.0760207505499893,0.11973481712695047,0.08776589846273254,-0.4969065329413817,-0.8678040663192214,-0.9396565311947523,-0.3421192823899955,0.29838049431782243,-0.45913680875280116,-0.8907966420785366,-0.40340290437354026,OGLE-LMC-RRLYR-03161
0.08225981025240105,-0.5252431326351292,0.036809815950922385,1.9588957055215237,0.5526031375218722,0.37408439156716383,0.2394115757081962,0.08780213540552927,-0.07480203140636665,-0.9971984035774831,-0.9730997209596866,-0.23038431602038384,0.2953582923419048,-0.1870412786568114,-0.9791772890920565,-0.4958010814605525,OGLE-LMC-RRLYR-03171
0.06714216356063255,-0.2749972913508252,-0.1397058823528776,2.192279411764742,0.8297275376427548,0.23429734442526778,0.03806603687059895,0.11507989559691169,-0.17828181774693722,-0.9839794680077668,-0.20189788191483282,-0.979406578126931,0.43875170590734613,-0.18976270882554017,-1.035794720878988,-0.5255651863182372,OGLE-LMC-RRLYR-03254
-0.40423589142235494,-0.579614957994063,-0.29985228951255677,2.1589364844903836,0.23416115451688438,0.5233633065699996,0.31522580675990625,0.1879650796557751,-0.5652854815930843,-0.8248953414222162,-0.5692198017979008,0.8221853910409492,0.13032269514582281,-0.36522285782894226,-0.6432863165114857,-0.13620146131949856,OGLE-LMC-RRLYR-03264
0.261278780477638,-0.04572170269678377,0.057934508816110356,2.4317380352644555,0.8371912164960417,0.2772325996357319,0.07178893792413918,0.009538220761831416,0.18775585725357563,-0.9822157288839224,-0.9953496409120484,0.09632804542944064,0.4039604346112268,-0.16989458429823628,-1.1337178132429513,-0.617352696845288,OGLE-LMC-RRLYR-03378
0.18924841117826305,-0.5963159694024953,0.07692307692309194,1.9714285714285407,0.6266075149982551,0.1227571391416145,0.08562450176538568,0.05281042311767237,0.22027508277573957,-0.9754377929463985,-0.9843177839301146,-0.17640436570251977,0.31288143423398734,-0.4530991912889022,-0.94149104198839,-0.4451475656279471,OGLE-LMC-RRLYR-03440
-0.3979892728031745,-0.8116045208305565,-0.2782551222736225,2.0043621943159233,0.17126171478978933,0.4798833962417276,0.3715596179598279,0.25499549331994265,-0.5335816863602948,-0.8457485347199272,-0.5688953932371538,0.8224098926651747,0.11311805342533808,-0.2623783653914639,-0.6144076441723314,-0.12024486069054216,OGLE-LMC-RRLYR-03500
-0.0046965633872437,-0.5369845122432024,-0.13339824732229827,2.2658227848101227,0.34954914295326617,0.5798862259845575,0.3838346892510912,0.22356929071363282,-0.3318443626021668,-0.9433341502400735,-0.9353835213111824,0.35363493614106173,0.17635506270678994,-0.3107774754768738,-0.7514616134181398,-0.23526360804123278,OGLE-LMC-RRLYR-03567
0.1469068145961255,-0.80145797939544,0.12023460410556464,2.0519061583578075,0.4818782256555047,0.4134797102669836,0.25012187535322605,0.13058035022335915,0.0927488720173801,-0.9956895333082013,-0.99401185292944,0.10927230315034679,0.23306187451298235,-0.21216752352566534,-0.954831253930417,-0.4561181217518406,OGLE-LMC-RRLYR-03754
0.23186996089492176,-0.28354405101064506,0.032806804374293896,1.9871202916160429,0.6813940112124206,0.17061259431403475,0.0897641215028265,0.054872766168393754,0.05974051596778821,-0.9982139403714528,-0.8520093616264327,-0.523526549184393,0.3385640844271638,-0.5685826761576905,-0.8740911331214862,-0.38843599791187816,OGLE-LMC-RRLYR-03806
0.20620212321561432,-0.5368438082317621,0.15346534653464625,2.18539603960394,0.9433760821498414,0.06646090383188563,0.03468254517689499,0.10370657622143124,0.82070837896025,-0.5713473170536804,-0.8580353890749879,-0.5135905675681107,0.44320066386146095,-0.6181255231193235,-0.868185094810017,-0.35511847884470815,OGLE-LMC-RRLYR-04028
0.06116431452784753,-0.9682387061275466,-0.013605442176871296,2.038775510204088,0.03081566608936328,0.5021090314562208,0.3293389044336995,0.18615521420307649,-0.16197525406172258,-0.9867948201483632,-0.9963869913972837,0.08492916680545744,0.02090112244792306,-0.23154460720983439,-0.8663562712359363,-0.3472219979986737,OGLE-LMC-RRLYR-04081
0.2599990443284697,-0.572626443096035,-0.02294197031038585,2.015924426450734,0.5962090112381871,0.3685073701159253,0.19384813139645998,0.11679945999393983,-0.06383423239763175,-0.9979605156388729,-0.9590147577906694,0.28335612634934104,0.29862904716734784,-0.19838763177249868,-0.923785360641777,-0.4277675362252565,OGLE-LMC-RRLYR-04287
-0.40234377582972447,-0.80780508182082,-0.12280701754386475,2.0222222222222226,0.16719752696843831,0.4643727632224639,0.35614739134136775,0.24184340374150698,-0.6262897296572741,-0.7795903889388444,-0.4424935894143685,0.8967716673307583,0.1210103303059894,-0.2958435610030986,-0.6713416341362906,-0.1601450153981166,OGLE-LMC-RRLYR-04400
-0.5865900443477002,-0.25844425958384276,-0.25316455696204326,2.218354430379756,0.35975064681285857,0.43862073082252506,0.26731692370176124,0.1253582349910346,-0.5405407356656456,-0.8413178430807483,-0.4574965666988383,0.8892113873870349,0.20009659210024855,-0.27862282417574685,-0.665216538146259,-0.15428198203334104,OGLE-LMC-RRLYR-04497
0.2221885116218954,-0.02310196897821104,-0.21600000000003092,2.150720000000001,0.7686183840900855,0.16363378478284432,0.212811849038816,0.20472607362544923,-0.45953578598551315,-0.8881592545251537,0.5935449090933169,0.8048008703334051,0.42965571152140974,-0.4429882484872208,-0.9505504087770107,-0.4735961002632017,OGLE-LMC-RRLYR-04643
-0.026443388112774614,-0.4138837438364984,0.09230769230769652,2.1384615384615446,1.1043559517297075,0.22724895512929413,0.1123217101065484,0.03139907265860027,-0.8786688258462801,-0.47743176945603377,-0.9126106753035859,-0.40882973879346524,0.513802469997432,-0.5503105988454645,-1.0609510304072858,-0.5559552040819258,OGLE-LMC-RRLYR-04644
0.1290835405363879,-0.49070734525497217,0.040935672514648434,2.064327485380091,0.6820340261308258,0.12879728837211643,0.05121208517258165,0.009290775379081292,0.12824272551861002,-0.9917428110914435,-0.23655356379108547,-0.9716184495251914,0.3325495808652193,-0.4695794954937036,-0.9522117518206712,-0.45222529461217553,OGLE-LMC-RRLYR-04822
-0.4975581173979099,-0.558449859346795,-0.10619469026549118,2.083185840707985,0.300402019365448,0.44174599102602524,0.3573395321085007,0.22522689132407273,-0.5045505546854255,-0.8633821504795136,-0.6153826699860379,0.7882285008047192,0.1537837858638911,-0.289360018272779,-0.7348452373496438,-0.23025353282054403,OGLE-LMC-RRLYR-05011
-0.08504750758700375,-0.9255351656222244,-0.21568627450983152,1.9043137254902098,0.17683169302807333,0.46839159015781806,0.35309472168606915,0.21001831433160673,-0.2737282447691249,-0.9618070742179089,-0.9786046266838967,0.2057498107723825,0.09706124521727069,-0.17261941734130168,-0.8052078662545372,-0.3137213219327974,OGLE-LMC-RRLYR-05089
-0.4532609272735875,0.6494110856519089,-0.11969111969114236,2.471814671814669,0.8988711158704537,0.345126017946596,0.22326441913962877,0.1157106595162344,-0.6618183138578826,-0.7496642711523,-0.4806586660528961,0.8769077755090615,0.488859377287603,-0.21983698703803142,-0.9951855375242712,-0.4947143258558676,OGLE-LMC-RRLYR-05100
-0.2699005378731954,-0.22019303276241065,-0.072278133577317,2.4766697163769305,0.7009493082916937,0.3879484601048678,0.15799416223352486,0.08788077440391974,-0.5743094896903237,-0.8186382656898222,-0.3088748906236959,0.9511026768662781,0.3502386975482823,-0.36068028792502665,-0.6950698765120719,-0.169571735557457,OGLE-LMC-RRLYR-05170
0.09000169405610425,-0.9341987062492905,0.04237288135592365,1.8220338983050786,0.3786919057558032,0.19210079644692502,0.09101616311399059,0.05881069272011102,-0.14117840135862036,-0.9899841710804392,-0.9804267025080482,0.19688443567025612,0.19815420923614208,-0.4958172674945111,-0.8532017099577215,-0.36653154442041375,OGLE-LMC-RRLYR-05219
0.2518982911148328,-0.41150959586188307,0.07894736842105694,2.125000000000038,0.6157879104864951,0.3523143999815153,0.17642120069797382,0.0699364887112021,0.14542563542543316,-0.9893691851685643,-0.7954998074525528,-0.605953840109089,0.3058437198306906,-0.15628621282536517,-0.9936474882566942,-0.4907974776688966,OGLE-LMC-RRLYR-05290
0.07990416180978542,-0.602980387397571,0.1501976284585453,2.1505928853755547,0.6862860167328217,0.3042495915043808,0.12325020210624064,0.015968365799006647,-0.0752120626645579,-0.9971675614608322,-0.9990796002607565,0.04289466566843794,0.3198645104887151,-0.19833051174811597,-1.0740248182424015,-0.5653512697580765,OGLE-LMC-RRLYR-05448
0.06133582189097259,-1.0029288351662404,0.1954022988505691,1.9390804597701343,0.5436857694487234,0.09961833997241837,0.019264332446767746,0.04715826394383008,0.400967268020137,-0.9160923806999312,0.8789458064954453,-0.4769216594411195,0.24332881924843952,-0.4336945251056531,-0.9702354935855886,-0.47185492174689053,OGLE-LMC-RRLYR-05501
-0.3407781962304634,0.05158433561916809,-0.03198294243070524,2.437100213219633,1.0139344792753535,0.36400204312858814,0.20190575682502127,0.03675466300878488,-0.3928441680241288,-0.9196050563418136,-0.8964563611703923,0.4431320260567264,0.478543643609291,-0.324324930072126,-0.7524639724289991,-0.24298376526870188,OGLE-LMC-RRLYR-05898
-0.21433201270327437,-0.8899756299106238,-0.15806451612900835,2.0322580645161343,0.14241307448957116,0.4606342238062601,0.34447951012259964,0.25093072617353473,-0.4352995080708428,-0.9002856981388088,-0.7855753754614118,0.618765973101836,0.09278894269376514,-0.25634586027632433,-0.696675335886023,-0.20065945054641898,OGLE-LMC-RRLYR-05948
0.21384371264013136,-0.16958692150411325,-0.017543859649081256,2.184210526315727,1.2204650343262136,0.28309679691589823,0.18771409360561983,0.08758559335911882,0.08014446718004885,-0.9967832584772008,-0.9717469103414416,-0.23602530000375463,0.6321115590162518,-0.188102208123443,-1.4183402501256686,-0.9048306485682408,OGLE-LMC-RRLYR-05955
-0.10545129497812986,-0.1778030145769569,0.023255813953516714,2.5232558139534857,1.0490543720158891,0.15073331741978407,0.18890964477835134,0.019940402216008967,0.38210260721342265,-0.9241199043201618,-0.9335453392851836,0.35845934148646696,0.5359664843106616,-0.46043741251492337,-0.8920262793497582,-0.36251027048748824,OGLE-LMC-RRLYR-05987
-0.2684004915278284,-0.7136509306290075,-0.08425720620844983,2.0141906873614177,0.2977593056526179,0.43184473210345614,0.33235631695977863,0.20303161666538017,-0.301394980538962,-0.9534993789751091,-0.8731593521459923,0.487434863094538,0.1443441715681225,-0.23338165528953597,-0.8309337143116838,-0.34275287011628347,OGLE-LMC-RRLYR-06088
-0.377563561136546,-0.3186266279742678,-0.21598272138228,2.2593952483801654,0.3301443247229827,0.4544893768396158,0.37463238303023905,0.19379491880228986,-0.3895718095161555,-0.9209960940364016,-0.7656933284875869,0.6432058198660833,0.169497881342188,-0.2558004589310714,-0.7907266532371802,-0.2814567935683411,OGLE-LMC-RRLYR-06137
-0.02278173727196453,-0.7652756287460183,-0.041860465116293766,2.0037209302325496,0.2738737035752838,0.48550376497599246,0.3616183447573425,0.23203316325259676,-0.4621473615437326,-0.8868031440055716,-0.8556256032543056,0.517595234769125,0.14113581629892205,-0.24571857220176785,-0.7709115395633578,-0.26881429236600035,OGLE-LMC-RRLYR-06141
-0.2372690608799302,-0.7133952813269886,-0.07344632768364553,2.0124293785310847,0.35094095724223023,0.4192869240312384,0.2867848024627522,0.14006065563912617,-0.3417235404766615,-0.9398005223897758,-0.8272584418178319,0.5618215645924717,0.1757709650938793,-0.2555539061582158,-0.7688655394492352,-0.2722148258170926,OGLE-LMC-RRLYR-06285
-0.30531371277972513,0.19073282699699856,-0.02255639097742288,2.4027067669172593,0.9220088949331366,0.36570727782807516,0.12533675923860063,0.015831812883942337,-0.40495954371850945,-0.9143346039340831,-0.5731479062241086,0.8194519373281879,0.4580178340865822,-0.22826373812150347,-0.9031391142743961,-0.39853757450537963,OGLE-LMC-RRLYR-06338
-0.3614870353003542,-0.8712370483168526,-0.18539325842695434,1.8960674157303492,0.14970274032994044,0.4442893613053906,0.3898912995855199,0.2870570544359086,-0.4556305629353022,-0.8901689671737942,-0.6428015149526469,0.766032775000249,0.1126097023544633,-0.28286145901018334,-0.6655149435869007,-0.17069622716897462,OGLE-LMC-RRLYR-06379
-0.26737114103395415,-0.8472738420919828,-0.19736842105261665,2.011513157894745,0.23948297903821236,0.4879638096271394,0.3698904474957489,0.24272545301235832,-0.39905668933929805,-0.9169262558644282,-0.7139369973852194,0.7002099426347622,0.14098658086525895,-0.2584564519249069,-0.7122201712366485,-0.2136035386276961,OGLE-LMC-RRLYR-06437
0.42814392883353,1.0039125010289052,0.05179282868531754,2.4451527224435785,1.624869234247408,0.2717056466583395,0.20885019361050894,0.25923128086045466,-0.13005880825516808,-0.9915062815712493,-0.7711106972043685,0.63670110150446,0.7854988276134481,-0.19550577744807235,-0.8302013353601706,-0.33695902510602227,OGLE-LMC-RRLYR-06618
0.3089208201323466,-0.04766806482360675,0.06013986013986995,2.126153846153882,1.6347147986177437,0.046206987954792195,0.09824815875205846,0.1327760295627327,0.5715609482583538,0.820559615400375,0.9933960552386462,0.11473568510405431,0.8105450260430317,-0.43853963662553996,-0.9167910811029948,-0.420159263131557,OGLE-LMC-RRLYR-06931
-0.4272098568756501,-0.6557245907161886,-0.23855092276146236,2.1349282296650833,0.2333485420774395,0.44889041325753665,0.37761837594200076,0.2653956096111286,-0.42770605622744756,-0.9039178776118788,-0.5619771281082033,0.8271527715502476,0.1417247790356752,-0.2868111317143756,-0.6179621009695639,-0.10743238536588612,OGLE-LMC-RRLYR-06936
-0.07406363309077406,-0.8032594130722557,-0.19736842105263774,2.072368421052618,0.25807527910655575,0.49745453478566815,0.365614641122,0.2004245736478382,-0.3895601899045285,-0.9210010089253691,-0.9267456266863555,0.37568942414940854,0.13259041654526235,-0.23383359567692152,-0.8335238555309702,-0.3255981871547181,OGLE-LMC-RRLYR-07120
0.22072484161788566,0.03688124960098493,-0.010638297872315497,2.3319148936169616,1.1165123333421005,0.20347582132166647,0.13009553328681142,0.012407017421248473,0.27967105170263296,-0.9600958821073774,-0.24044746879153928,-0.9706621527347925,0.5297019976404502,-0.0739205252152697,-1.1694913252376753,-0.6591594501876741,OGLE-LMC-RRLYR-07147
0.26970244220791745,-0.21558833983451553,0.06593406593406766,2.012637362637333,0.8511483872401759,0.08496577363839768,0.1332339565811237,0.044486324180090624,0.48775819304379975,-0.8729787770150242,-0.4432845409613729,-0.8963809545860872,0.38823084771477895,-0.4514516358337658,-0.9236857960642031,-0.43616308133545634,OGLE-LMC-RRLYR-07156
-0.21569816612594725,-0.818109709232377,-0.20073664825047702,2.063720073664834,0.2034811368477366,0.5176923817323914,0.3619589419016591,0.23083059745686488,-0.4433296487332445,-0.8963586461646131,-0.7963651260225023,0.6048161588905872,0.1303881216225806,-0.2569508786669986,-0.7550513873848355,-0.2515793775324304,OGLE-LMC-RRLYR-07295
-0.2421793615498007,-0.3806953436135201,-0.09565217391306752,2.168260869565211,0.570383053915119,0.3889578600966739,0.23632536087330985,0.1315374849181805,-0.31052039192040215,-0.9505667184377958,-0.8471955541154725,0.5312811808138675,0.3223931371239963,-0.2522399638786061,-0.800095184000831,-0.30216063178163743,OGLE-LMC-RRLYR-07395
0.16747011414698323,-0.4636519862673514,0.006711409395957472,2.155704697986571,0.6582555732365384,0.44295302250542445,0.21797968057569353,0.07717846658591725,-0.17642211847153474,-0.9843146022050144,-0.998642529540852,0.05208740915277601,0.3254208573642451,-0.2616269818768572,-0.9965185192641535,-0.49322446339335524,OGLE-LMC-RRLYR-07506
0.10047923208673333,-0.7152906348575323,0.06693711967545961,2.200000000000026,0.4177694342946936,0.5140331010118455,0.41801399108216086,0.1501112625008365,-0.21701683212584055,-0.9761678618834287,-0.9763858358787534,0.21603402392990817,0.21386427247034762,-0.22119620596161374,-0.7761541475835689,-0.2657603955645442,OGLE-LMC-RRLYR-07747
0.165936311691373,-0.5015073017333753,0.004950495049528633,2.2519801980198326,0.6180131310193058,0.43318372202209116,0.3023964323333834,0.1881115792541875,-0.23904629760146304,-0.9710081707189867,-0.9702035359988704,0.24229135092959572,0.2970990205746932,-0.209996268308322,-0.8564742420198197,-0.3420840631700428,OGLE-LMC-RRLYR-07839
0.01768792380535433,-0.9057151295664845,0.00726392251816014,1.8740920096852471,0.2941242547792059,0.3647081216890354,0.28765516152791776,0.16551408888116556,-0.16964501931648177,-0.9855052345985335,-0.9716681608629625,0.2363492863648801,0.14653743626655658,-0.20584431925250646,-0.9024439068605962,-0.4122890349810881,OGLE-LMC-RRLYR-07881
0.4878244684184385,0.40038871403253173,0.0,2.4453947368421733,1.4395755936921808,0.1676972921529442,0.10605727322272068,0.0931320220898603,-0.3755182908315646,-0.9268149832900526,-0.8998610468774287,-0.43617668015685795,0.7061527209293991,-0.3953786164290672,-0.94388872630684,-0.42980743890426926,OGLE-LMC-RRLYR-07905
-0.004236742776278551,-0.25164040747546723,-0.07100591715974552,2.2835798816568134,0.6328794830723643,0.45843465058896815,0.287045907661603,0.14655325685587406,-0.3985441841824638,-0.91714913359515,-0.7349679689418409,0.678101824676431,0.3093634259790474,-0.2571046397765544,-0.6232483400615112,-0.11246709150607719,OGLE-LMC-RRLYR-07917
-0.4275697114530099,-0.8229948657637176,-0.23922734026744194,2.0252600297176975,0.22007468532806548,0.458218734771211,0.38004834042079233,0.27509850735481833,-0.4208461208207806,-0.9071320425330046,-0.6858839789414359,0.7277109092431306,0.13609684489433968,-0.2848541482103862,-0.6671870396555385,-0.1665341398293078,OGLE-LMC-RRLYR-07954
-0.1552390818394528,-0.10341697708974573,-0.06896551724138213,2.2931034482758537,1.0204407247696616,0.23921770325082317,0.1256223575482604,0.06271803683817548,0.45246123709717173,-0.891784070795446,-0.9100880517704961,-0.4144149346061056,0.4512144879211211,-0.43937935042106807,-0.9055292259972285,-0.39902710431325467,OGLE-LMC-RRLYR-08042
-0.33001246609855833,-0.4518682277795305,-0.07382550335570705,2.2621923937359933,0.5551008369699354,0.40879583634792666,0.1869424054705163,0.1412171471026052,-0.49423540514391506,-0.8693281108432133,-0.758494461500308,0.6516794855397536,0.26112462220582566,-0.26015853965400454,-0.8125374981141996,-0.29619293472567343,OGLE-LMC-RRLYR-08138
-0.18265247485257805,-0.39123264354737497,-0.07420494699646984,2.167667844522987,0.42285428124766133,0.41067165836838976,0.22538623481638687,0.1386382708044128,-0.4373850499171676,-0.8992743286166668,-0.6409665444928491,0.7675688170065903,0.21909539171921077,-0.285411417517797,-0.7204286803323642,-0.21222082920268798,OGLE-LMC-RRLYR-08214
-0.3809035548337887,-0.9366866683827446,-0.1287128712871153,1.9207920792079107,0.12323261636192794,0.4946275596977335,0.3922189383074555,0.24502340071470327,-0.46904353376248353,-0.8831750468823278,-0.6947256400400175,0.7192748327802023,0.08976705556508396,-0.25058194877420664,-0.6925035862995668,-0.20031490909090105,OGLE-LMC-RRLYR-08309
-0.24617506696860134,-0.5406076500666575,-0.12171052631578548,2.1488486842105115,0.5338574571706582,0.38171679935780617,0.29815184975997794,0.17846456908029917,-0.5220833586715639,-0.8528944639275244,-0.5164976178255347,0.8562886258619508,0.2694360889090232,-0.2521149214808571,-0.6890988451474133,-0.18492058160063682,OGLE-LMC-RRLYR-08312
-0.13938903121012042,-0.445213294263763,-0.052631578947399685,2.2433436532507787,0.8227093281442186,0.31239434524654797,0.24405593019114075,0.1278108321647958,-0.039313599655298986,-0.9992269216159775,-0.9998387847985883,0.017955623422266823,0.40432182160032526,-0.19406553964021717,-0.9574260413055824,-0.44093166596546174,OGLE-LMC-RRLYR-08344
-0.46168754973921083,-0.7943449126228441,-0.2484076433121113,2.178343949044589,0.1191938373856714,0.4820870876257571,0.358571702319505,0.2686614473908493,-0.5292107960903834,-0.8484903849198191,-0.5594255876376992,0.8288805775841385,0.0964519365697971,-0.29252631612027186,-0.6685476874278319,-0.1649438982798831,OGLE-LMC-RRLYR-08371
-0.24365094955544112,-0.7278485088947582,-0.25405405405406567,2.1262702702702354,0.18837700664121518,0.4984111470659863,0.30710832904476315,0.17852432429686,-0.17744701338077692,-0.9841303559195003,-0.9520890372395049,0.3058209691442897,0.11573752658203346,-0.20715359014476306,-0.8138537529657924,-0.30829979170984023,OGLE-LMC-RRLYR-08560
-0.5125534458916935,-0.9148876514480913,-0.39853300733495284,1.868459657701706,0.1231933472190008,0.41740727075150225,0.2520204869888353,0.12377602685443502,-0.5716896980382811,-0.8204699197148541,-0.48487786139454286,0.8745818769729078,0.06860823429421828,-0.32426582300611445,-0.606643442581461,-0.11679296664760859,OGLE-LMC-RRLYR-08599
-0.028767770121555025,-0.8674861078740723,-0.13385826771655845,1.9543307086614121,0.8188474424906177,0.32526758805894146,0.13515467533984096,0.0556937094009542,-0.47003517316427496,-0.882647685086428,-0.5043774688599503,0.8634832765644219,0.3697989207628805,-0.23880755300675155,-0.809823941004495,-0.30416822717330666,OGLE-LMC-RRLYR-08672
-0.09883404055322238,0.2871992653790172,-0.05882352941173397,2.602941176470665,1.5836369819942742,0.16505766805555244,0.06801155012672166,0.053223390462793625,0.3042095990728691,0.9526051227197575,0.8867753069766967,-0.462200773405222,0.8260583812406685,-0.3622453716170677,-1.2721108015441032,-0.7520267336381944,OGLE-LMC-RRLYR-08879
-0.7449422080323937,-0.11740650093471361,-0.2966101694914912,2.191101694915212,0.34202480815068426,0.4431518815170344,0.30271958650640746,0.2020070762495701,-0.6707389395637469,-0.7416935182087682,-0.2712285674745209,0.9625149682917764,0.18600176764281492,-0.3257130031364404,-1.0794483162814121,-0.5874554578919121,OGLE-LMC-RRLYR-08925
0.12782471269715934,-0.034713937227652814,0.11538461538461749,2.1207692307691928,1.22531539074145,0.1647618503700372,0.2280959579336697,0.20366805557449386,-0.01950567209940568,-0.9998097462797362,-0.912603058501414,-0.40884674098476653,0.5914543763507079,-0.1939068935995414,-1.0506118889499152,-0.5595632338942255,OGLE-LMC-RRLYR-09003
0.5763080074960172,0.6923917892473535,0.07619047619046877,2.764285714285753,1.3976180416335409,0.17393444159430266,0.08990112453125503,0.07949548604938637,0.90000367284331,0.4358823108002346,0.42816336140166783,0.9037013532983255,0.6958352402347824,-0.3642334506822781,-0.7536539800550095,-0.23619777592540683,OGLE-LMC-RRLYR-09091
0.11019450806953492,-0.8354299466773281,0.040946314831679494,2.042220200181976,0.1844402446815625,0.5191821261394888,0.31919348404703435,0.1232843987138796,-0.046476648801209004,-0.9989193766847297,-0.9999545144100421,-0.009537772852026491,0.09557962806011845,-0.13537709657680874,-0.7550778080316272,-0.25095973129654303,OGLE-LMC-RRLYR-09283
-0.3192742525434619,-0.10832499910213844,-0.1703703703703683,2.244444444444441,0.6209028963260326,0.39060219492593146,0.23331720409324377,0.07998208132067673,-0.5046113379355882,-0.8633466265798782,-0.5983343996107761,0.801246495307413,0.2842700478788109,-0.2535200107617756,-0.7246197177241099,-0.21752737583371515,OGLE-LMC-RRLYR-09295
0.20839542043612697,-0.19389735395150076,0.09803921568632096,2.2941176470587537,0.9806544579076111,0.34502338398077786,0.18735385186827172,0.1520244076746156,0.22730903472972055,-0.9738226751982327,-0.956520296930062,-0.2916657702933721,0.4702478739122492,-0.1901638388818563,-1.4352751013688712,-0.9318141382538351,OGLE-LMC-RRLYR-09309
-0.37673260320011265,-0.6922020654166938,-0.2373737373737399,2.1338383838383765,0.29328537692853784,0.442514100051092,0.35544270354378793,0.2714777260934294,-0.5590726213793504,-0.8291186911558691,-0.4011390625594172,0.9160171682282773,0.18521542545600456,-0.32518991252329266,-0.5857736017755917,-0.07314329105030824,OGLE-LMC-RRLYR-09337
0.11146522918450755,0.35991494393788237,0.040000000000048316,2.439999999999963,1.6978421388925642,0.220727271304036,0.17571055672912247,0.13370244629185996,0.9999516467389523,0.009833828555423684,-0.7418432581750177,-0.670573322091085,0.824183604185869,-0.6084844562137733,-1.4184538535585616,-0.9136401693252522,OGLE-LMC-RRLYR-09378
-0.5444987287731454,-0.7363785375577261,-0.32673267326731475,2.0508250825082497,0.1745685395387162,0.4300153003720779,0.3585464584436314,0.24162887551321524,-0.6017719687335039,-0.798667952059304,-0.445329031964501,0.8953669936342084,0.12697762919319372,-0.2784100492490186,-0.7043634662918342,-0.20662875108104345,OGLE-LMC-RRLYR-09380
0.4948555985779044,-0.2838117609356656,0.026239067055394312,2.264723032069952,1.5880568660664547,0.09629024777819982,0.07385586774628505,0.1127074915203154,0.9503491885930635,0.31118550695767616,0.4099307011073265,-0.9121166703276812,0.780998977160517,-0.390102117516652,-0.9252167037128721,-0.4107207787640319,OGLE-LMC-RRLYR-09422
-0.5415363465823576,-0.7411396469996623,-0.3211009174312318,2.0366972477064675,0.1540740891239658,0.4483725862229275,0.3965087029532928,0.25089416580570717,-0.5860607061978281,-0.8102671464713986,-0.4769010281075389,0.8789570008765915,0.1045703601554118,-0.25197377782632985,-1.1483237320314668,-0.6536470255493588,OGLE-LMC-RRLYR-09665
-0.10743243394237577,-0.6013249286159228,0.0935441370224326,2.153886693017125,0.8000477689253602,0.13535120021860647,0.05175702783855599,0.054684819086870874,0.5304408140824787,-0.847721972556756,-0.8572652720888699,0.5148749880023265,0.39562618503685015,-0.4320375559337697,-0.913407220081795,-0.3885953622884069,OGLE-LMC-RRLYR-09805
-0.1447166900223568,-0.6207588744778252,-0.15510204081634368,2.1673469387755424,0.453342599214621,0.4334159884683034,0.2907414022063908,0.15029924660275473,-0.45144534872865943,-0.8922987712146975,-0.8389957067581406,0.5441380376718835,0.22691791668640274,-0.24419898066569873,-0.7763516336608113,-0.274905478918529,OGLE-LMC-RRLYR-09934
-0.2561696058384396,-0.7527147626066437,-0.1396226415094587,1.9490566037736092,0.34828702002118545,0.38701063259843527,0.14843220943068788,0.08798722349163064,-0.4073167432703497,-0.9132869596417306,-0.3253641161576576,0.9455888069964377,0.15852340494496203,-0.3154216679694134,-0.7776848415150767,-0.2869296741443601,OGLE-LMC-RRLYR-10001
0.26235177669826576,0.026959738842743608,0.03797468354430579,2.279113924050661,1.240259975973006,0.09234219157279346,0.011126619536287675,0.04016373202250844,-0.40827607395738796,-0.9128585035118759,0.9728558661338627,0.23141189193499073,0.5996257434583966,-0.6330625452452036,-0.9534595179144378,-0.44357687862871564,OGLE-LMC-RRLYR-10223
-0.4752182014848571,-0.729071674645505,-0.312084993359893,2.0778220451527205,0.16576033245440192,0.4669939637901825,0.3642261357370801,0.24456978295442688,-0.5810679523932433,-0.8138550452639116,-0.5435883818301905,0.8393519352090844,0.12017018042547149,-0.3095784112936322,-0.6114033816513434,-0.10662666975397544,OGLE-LMC-RRLYR-10243
0.10163174432064795,-0.6097571067748597,-0.014586709886571292,1.9643435980550965,0.611135715839316,0.1257849126723463,0.051094816390816984,0.08984194259728231,0.052458436807192414,-0.9986231082884802,-0.9993134895814527,0.03704793571225936,0.300006134355041,-0.4728305406296838,-1.0159916457596907,-0.5185573714976938,OGLE-LMC-RRLYR-10356
0.04620746703300988,-0.5286177713373217,0.01348747591520388,2.144508670520237,0.6259980609803212,0.464129553380362,0.25316613115692443,0.13884481967412418,-0.30243604682605035,-0.9531696793227484,-0.8310813168216171,0.5561509191128311,0.33041436805064334,-0.29213230638015303,-0.7553689594274745,-0.25453483132927307,OGLE-LMC-RRLYR-10464
0.2523764567374795,-0.6449681211601521,0.05343511450382776,2.0244274809160276,0.6532318637883084,0.20985573993275308,0.050920627120962104,0.10221875739332953,0.10689407454653183,-0.9942704143374882,-0.9645806252457337,0.2637882055751345,0.3328071929140495,-0.5539485014723105,-0.7795017708907401,-0.2753964846032831,OGLE-LMC-RRLYR-10540
0.2939452424686441,-0.614906626642659,0.2071330589849254,2.0318244170096063,1.2241368401136645,0.02053511024729205,0.1328421775283949,0.041409247180930094,0.12902640601740792,0.9916411581566343,-0.9988786939269065,-0.04734294898796877,0.5870031701928534,-0.3981140870689493,-0.9313685769858896,-0.43144628795055706,OGLE-LMC-RRLYR-10602
-0.4488641400389768,-0.7901431284535669,-0.15633423180593004,2.0404312668463724,0.17355123562652172,0.4446097575646062,0.3531316166781666,0.2326739052081704,-0.5161052457779512,-0.8565251749251043,-0.5544360538586158,0.8322263287001236,0.1304576898848699,-0.30838512213193775,-0.6225463088790224,-0.12090412049992641,OGLE-LMC-RRLYR-10645
0.07553726029596877,-0.7896098353351553,-0.13294797687859117,1.8947976878612944,0.601656931108054,0.1587938886832982,0.15818421039952021,0.01866920382143916,-0.05835966303318917,-0.9982956224138482,-0.8603915278554255,-0.5096336123084961,0.28726242866550766,-0.47822088957054504,-0.8685470103213221,-0.3874810377574607,OGLE-LMC-RRLYR-10688
0.29475838154726536,-0.7437487725257172,0.20053120849930833,1.9112881806108528,0.7336149480341652,0.06645395121312583,0.11989330929600404,0.04266966214473554,0.7710213734836426,-0.6368092662888923,-0.17459003787597513,-0.9846412131708003,0.3356050503625279,-0.4309190745785279,-0.9371860705113223,-0.44393884099046754,OGLE-LMC-RRLYR-10710
-0.17520681690499426,-0.7458316522387007,-0.1275720164609012,2.1465020576131937,0.28839551643175143,0.5427666274340485,0.36395676655563525,0.2026584192105485,-0.43279802023686215,-0.901490917136192,-0.8744984867362847,0.48502824319409277,0.15043703497944408,-0.24230083014780582,-0.7978417384313926,-0.2826624172761338,OGLE-LMC-RRLYR-10748
-0.15191271604096707,-0.6653088657271553,-0.21839080459772367,2.1235632183908026,0.3120731025427918,0.500011285582321,0.3864263794358533,0.24835350505826304,-0.41086917965594894,-0.9116943112737117,-0.8746270347398223,0.4847964006696272,0.1688361174120036,-0.23707525583783448,-0.9384126183147729,-0.4323855572691571,OGLE-LMC-RRLYR-10800
-0.22970629739308854,-0.7752116723730516,-0.13346228239848437,1.9678916827852924,0.48883784002064634,0.3621483817266113,0.2044679075414697,0.12465127795348035,-0.3990610770363185,-0.9169243462765145,-0.6528630203738219,0.7574759907933521,0.26719647202874236,-0.23276893695645093,-0.7861138824042782,-0.2935382623686444,OGLE-LMC-RRLYR-10871
-0.04300707099075922,-0.5719903757298641,-0.031496062992108366,2.1338582677165165,0.2781336088540958,0.5313773705183974,0.3409222752844343,0.15612912232667833,-0.3119078868961978,-0.9501123460370088,-0.9329625280749235,0.3599735007025483,0.13752372634622761,-0.23045696458655912,-0.7804564053916333,-0.26600071346161464,OGLE-LMC-RRLYR-10921
0.08921619754170476,-0.7266009571671654,-0.010416666666679389,1.9067708333333286,0.5439605583966499,0.147916717876597,0.11693570083836782,0.08109506240937187,0.4027890108269178,-0.9152928562799303,-0.9522447166039476,0.305335880138361,0.2612468918019271,-0.508605104921239,-0.9292727226965124,-0.43640027111846963,OGLE-LMC-RRLYR-11297
0.16903656459516248,-0.37628772264059895,0.0794520547945117,2.5419178082192073,0.8482745521944133,0.21362553155249525,0.04752623263545661,0.10173865708235741,0.19937192308385604,-0.9799238931089725,0.35583429437779257,0.934549065027973,0.39470700068995446,-0.4300637447600255,-0.8713511921091969,-0.3335756274812415,OGLE-LMC-RRLYR-11392
0.570048213121358,1.1348894717504585,-0.0760869565217173,2.2913043478261073,1.4386500205415886,0.1804698462025645,0.0793575057501091,0.039142420333428525,0.9699867719735236,-0.24315768997994597,-0.6697263176346269,0.7426080119871875,0.6719289133607458,-0.5257025683324864,-1.1592445132229017,-0.6761293934594931,OGLE-LMC-RRLYR-11486
0.1638518529306454,-0.5620089760428537,0.08542713567837222,1.9992462311557895,0.44888572564317997,0.4225199301024139,0.2557727471411925,0.10300046167253375,-0.0633041630487496,-0.9979942800140176,-0.9997529529889729,-0.022226852899781,0.23505701792956035,-0.20505970005852647,-0.8949688059736918,-0.40028063760290356,OGLE-LMC-RRLYR-11593
0.1425116039915881,-0.8174590999010993,0.039024390243915796,1.8807317073170815,0.6892382029311659,0.12228664383564439,0.060931219749595034,0.0019161266921607944,0.05686342916899893,-0.9983819661948738,-0.9999941337651255,0.00342526427246856,0.34781862043218437,-0.4739610842148222,-0.9071499593719338,-0.4139192925390992,OGLE-LMC-RRLYR-11720
0.11704261874314148,-0.641251165576294,-0.03534303534302619,2.2099792099791746,0.38780950803974795,0.5086375123743102,0.33437325158355374,0.1493822766802175,-0.26986521955727155,-0.962898106381618,-0.9993153550902939,-0.03699758209342561,0.18612351921996415,-0.2080097280225891,-0.8032870291577658,-0.27449673114068346,OGLE-LMC-RRLYR-11969
-0.6271248773826809,-0.48262532865984786,-0.3363148479427818,2.29391771019676,0.18920686135066914,0.46622344500692003,0.36131803343804825,0.29533623764018696,-0.6820006624756776,-0.7313515545773708,-0.2920340937310228,0.9564079088436587,0.14104242090058441,-0.31963910059359363,-0.6976110259680899,-0.19304035339646933,OGLE-LMC-RRLYR-12135
-0.28701752439186995,-0.6749672598384735,-0.20860927152318698,2.0913907284768203,0.5785558320317117,0.3073865394816273,0.1364012012602685,0.04512929666311219,-0.6302780952888192,-0.7763694498105256,-0.5598276496629149,0.8286090771122995,0.32784677415516295,-0.29526452385128343,-0.7000912180814066,-0.1995578786637442,OGLE-LMC-RRLYR-12596
0.08250904206931979,-0.8824820604528294,-0.023923444976088837,1.8545454545454534,0.508291876459434,0.2301598525838752,0.11016095654364684,0.04753855393513027,-0.02326744214277168,-0.9997292764224387,-0.6891765952175283,0.7245934174448283,0.2516750423034838,-0.5079336399538935,-0.9010764344179404,-0.41161623162127337,OGLE-LMC-RRLYR-12850
-0.6107924493011647,-0.5683710615017801,-0.34645669291339265,2.1811023622047516,0.2717163010533331,0.4808892595952436,0.2982783736770382,0.1591227041562826,-0.5895467816220877,-0.8077342336926413,-0.6534082692015711,0.7570057025802428,0.14631923296088528,-0.30314389223176436,-0.7601705196065085,-0.25649023527156867,OGLE-LMC-RRLYR-12880
0.1207004970641327,-0.8934703637434982,0.049180327868854366,1.960655737704932,0.4206011622599483,0.4113955643832902,0.23224708883960427,0.04099962851985027,-0.06692222884151008,-0.9977581947981607,-0.9996345077575527,-0.027034254203052097,0.21011583906906528,-0.20341095930216155,-0.9431690125559143,-0.44514756562794283,OGLE-LMC-RRLYR-12884
-0.45045440250695634,-0.4023527747724547,-0.14918190567853998,2.1343599615014743,0.3098915976607864,0.4540756127821391,0.337032207361544,0.208166946274053,-0.5233407566057827,-0.8521234960234854,-0.7072889144550502,0.7069246009929184,0.17247146009232162,-0.27768764020224895,-0.7570609354410421,-0.2561767783962488,OGLE-LMC-RRLYR-13219
0.21544637183740467,-0.39817373532729805,0.044776119402986654,2.021641791044752,1.465577356994208,0.08525530617099718,0.02879248259473713,0.004122171437983707,0.35039726320147824,-0.9366011733608463,0.35283640728043436,-0.9356850269708474,0.6921481647423025,-0.4290389611330193,-1.0577547643001426,-0.5671909949668358,OGLE-LMC-RRLYR-13240
0.21374741381208737,-0.49306409932075157,-0.0524899057873318,2.0255720053835877,0.557253336428015,0.08041871522122485,0.12617813903221445,0.020690765772287508,0.19677978201621577,-0.9804477127260028,-0.37062001903065794,-0.9287845829328321,0.2931196873154709,-0.4398313220273231,-0.9219048942279179,-0.4245234913981015,OGLE-LMC-RRLYR-13290
0.25963223233773075,-0.3319773512938231,0.01477832512311831,2.074876847290641,0.794733452844551,0.20885365231729133,0.034113821132039764,0.05665810522739061,0.3872315928351317,-0.9219824800452375,-0.7912600483272102,-0.6114797919156617,0.36962652012444014,-0.5438368874966061,-0.8693281514459242,-0.3755116374865522,OGLE-LMC-RRLYR-13546
-0.11173548617545201,-0.6087984661076331,-0.10486891385769984,2.076217228464422,0.3646851163723842,0.44405695292125724,0.35303756675780973,0.20389147229568863,-0.4084456073127334,-0.9127826608053707,-0.8243225710753637,0.5661203925100226,0.18893883518774598,-0.26375756013503526,-0.7502259218139911,-0.2562159481353435,OGLE-LMC-RRLYR-13594
0.030418198465023548,-0.8658984689753111,-0.04597701149426836,1.965517241379309,0.6480969125535742,0.12080894593772268,0.05702196535475654,0.05031749277741116,-0.14784392371135355,-0.9890107048063895,-0.9296278773160895,0.3684996739710656,0.3071430513632195,-0.4487333959699755,-0.9590199269785694,-0.46597389394386657,OGLE-LMC-RRLYR-13655
-0.2851491496105513,-0.5065701946761503,-0.0962962962963076,2.1333333333333107,0.2937537680378989,0.48338408661264454,0.371126278992013,0.21506720125962073,-0.24583481108106464,-0.9693117381218167,-0.9398461638815934,0.34159799214435266,0.15782336545441672,-0.24781129387071107,-0.7527149778648936,-0.23957751657678758,OGLE-LMC-RRLYR-13689
-0.020479803463302946,-0.8156987180730835,-0.04626334519572306,2.149466192170825,0.20912214702379844,0.523681186367371,0.36413876465447786,0.22519860356981314,-0.3659434829750859,-0.9306370760226905,-0.9181530662323778,0.3962258787208161,0.11975832534029114,-0.22326475645888813,-0.7344860127327862,-0.21896306137886876,OGLE-LMC-RRLYR-13695
0.007299632632607887,-0.6380441571303357,-0.1706263498919943,2.192224622030219,0.30987729028388306,0.5018944978569774,0.34307812324226544,0.18423622996302172,-0.3291936959541205,-0.9442624161450386,-0.9230352925548657,0.3847152826417914,0.16236140682424444,-0.22985454896905833,-0.810062434582138,-0.2945639534147523,OGLE-LMC-RRLYR-13749
0.10830531860913588,-0.330469422579756,0.016000000000019554,2.2323999999999984,1.535292226620513,0.09525246864989048,0.12109900566403414,0.13214805319774273,0.07365113068517251,-0.9972840673292618,0.7619304796077211,0.6476588177773449,0.7349362723802091,-0.46420527384593124,-0.7502397253774612,-0.25328797748333987,OGLE-LMC-RRLYR-13777
-0.040464596361718896,-0.8355860359359415,-0.05321100917430578,2.140366972477084,0.28480495807794576,0.5309920553778593,0.3359932855942837,0.2656468202578475,-0.3457282754232942,-0.9383346735428862,-0.7890994486832351,0.6142654638572922,0.15920619491596846,-0.24441904015510213,-0.7481830239793414,-0.23414525253421006,OGLE-LMC-RRLYR-13801
-0.3777157787560709,-0.4441129978195262,-0.14285714285712514,2.05460317460316,0.45012134685939953,0.43613229807807163,0.3256327792173136,0.1772424606579286,-0.4651400445551909,-0.885237108887328,-0.5676566399094445,0.8232654123469049,0.24221112541887724,-0.2795943353861833,-0.6882529263126219,-0.18896149139578544,OGLE-LMC-RRLYR-14052
0.4528152675527638,-0.0650168672675222,-0.07109004739336812,2.2976303317535702,0.659357281061323,0.46212524257965637,0.27472790665486474,0.17478965835232474,0.03434221837179738,-0.9994101320465506,-0.980955201462352,-0.1942341183313487,0.31852950677410086,-0.27722816151737156,-0.8176375206648692,-0.3144373888417703,OGLE-LMC-RRLYR-14094
-0.41093209349826737,-0.6960464832383919,-0.21264367816091462,1.9169540229885154,0.3071007841640546,0.4552061514993531,0.28207991416512407,0.20528964613151968,-0.5091231588861898,-0.8606936790088258,-0.5632312874817932,0.8262992900890098,0.16333828710686707,-0.29676461077886274,-0.6759364571077785,-0.17580905934741586,OGLE-LMC-RRLYR-14221
0.06199374036864282,-1.0690625004364893,-0.06306306306307576,1.7252252252252112,0.4429512637619206,0.132200276443994,0.11481071303480905,0.062051519126228874,0.10382836685844286,-0.9945952293448368,-0.9996240441115428,-0.027418432378317478,0.21095845007013184,-0.5052469931704058,-0.8897588443795422,-0.41680122603137826,OGLE-LMC-RRLYR-14262
0.7576794805388194,0.9919901781496816,0.0,2.9637901861251996,1.5772445495499183,0.6172530081212572,0.41699478341960794,0.35641428699079736,-0.055584825597055125,-0.9984539684749343,-0.946655517527309,-0.3222473136196836,0.7685473804369606,-0.23400513931080844,-0.5777458150811589,-0.057595059143894206,OGLE-LMC-RRLYR-14265
0.11350080419404307,-0.77579808692477,0.041916167664701104,1.9215568862275778,0.678727986227715,0.3585806332873646,0.21326027460901464,0.059258874837309,-0.013188415821850695,-0.9999130290620829,-0.9999857889228123,-0.005331224289105885,0.3310357527315129,-0.20355312941631246,-0.9824394778738366,-0.49363028290449357,OGLE-LMC-RRLYR-14278
-0.39494307317438415,-0.6883743538163944,-0.14733542319750562,2.1347962382445123,0.1348302711531672,0.49330065682949154,0.35573888257766023,0.25134028532349106,-0.44127301455309165,-0.897372902770764,-0.7390798374507203,0.6736178396344747,0.09873670844871854,-0.2318308495550852,-0.6760156663562642,-0.16685288808721652,OGLE-LMC-RRLYR-14562
-0.5000991561962311,0.009761889990038242,-0.17623762376237512,2.264950495049523,1.202846823493507,0.18737160737886288,0.0537213362542864,0.07917516234724595,-0.5612689430694145,-0.8276334777821293,0.14165213867344098,-0.9899164972911807,0.5977003303772738,-0.32581405528036544,-0.7430207195303833,-0.24267990345332813,OGLE-LMC-RRLYR-14718
0.13862733454472023,-0.2515056565836731,0.1592356687898451,2.299363057324822,0.9361178708494217,0.10215915215256909,0.08570742853848067,0.08610377324137257,0.09468162419545942,-0.9955076042098874,-0.3405030344039784,-0.9402434171860408,0.44381570511731977,-0.5505820822661149,-0.9572272576007888,-0.44249279809434555,OGLE-LMC-RRLYR-14721
0.16639546748597314,-0.4669028411544298,0.05116279069767555,1.9255813953488135,0.3990901780370044,0.512758668698844,0.28496184804070546,0.16901374552768708,-0.13332732866569277,-0.9910720576380257,-0.9950385121284093,-0.09949049894980629,0.1587705126415724,-0.15544628582006767,-0.7053964080184946,-0.20690839982341827,OGLE-LMC-RRLYR-14753
-0.4745273361573221,-0.7561210733492554,-0.2056194125159475,2.04316730523627,0.14303802101837285,0.4805425556142694,0.3650481436993402,0.24773706336432935,-0.6222797494953943,-0.7827949369841052,-0.46615782954972007,0.884701575645423,0.11206901112818703,-0.324026819261114,-0.5944449596001388,-0.09696430321150222,OGLE-LMC-RRLYR-14822
0.132161695726557,-0.9949578619633117,0.002178649237452194,1.9176470588235206,0.3496050039302874,0.19787087267041,0.06644140764850104,0.022340199176651778,0.4198179006891801,-0.9076083573110869,-0.9450510992684535,0.32692265105294804,0.16911741570596941,-0.5259634660940399,-0.8482053410869217,-0.35644863143705385,OGLE-LMC-RRLYR-14923
-0.16932684316460253,-0.21100867558366465,0.0584518167456644,2.746919431279575,0.9535070567277509,0.25634382341635154,0.12112377632103749,0.059063336989616945,0.3104955802104242,-0.95057482328841,-0.9649460354725151,-0.2624483732582002,0.4900827081215105,-0.4486407741796397,-0.8915410936533116,-0.36181035980916354,OGLE-LMC-RRLYR-15037
0.10861475533070611,-0.6218065905038124,0.012195121951234306,2.0243902439024253,0.7156359654787429,0.07734591696274858,0.054775328370625015,0.04681873526182683,0.11075896111713464,-0.9938472983976225,-0.9744901102218372,0.2244304459734278,0.36518999880931596,-0.4699267652383266,-0.9778375801719735,-0.47886191629596275,OGLE-LMC-RRLYR-15087
0.2601223574397285,-0.1895046005102179,-0.04532577903684122,2.4277620396599953,1.0907725260364753,0.0366597744195955,0.10049505299344996,0.06107457307921758,0.5773428130301594,0.81650185317758,-0.9810736075992655,-0.19363516331535038,0.5264093386156523,-0.37107481755355853,-0.883704277685281,-0.3680491737407834,OGLE-LMC-RRLYR-15121
-0.336245331281247,-0.7878641887324727,-0.23697478991597581,2.1085714285714383,0.17033254275997697,0.49123935912998995,0.3779412318589786,0.23363326744104176,-0.47556556688697377,-0.879680278050765,-0.744584254742877,0.6675284919679417,0.11337388157853695,-0.2703914196390406,-0.7133697069743747,-0.20252471246266449,OGLE-LMC-RRLYR-15176
0.08230210759079419,-0.880624370923992,-0.025906735751308405,1.84974093264247,0.44936586840690523,0.111260113318627,0.09629993461442535,0.03986407475059939,0.09795843261727796,-0.9951905071287438,-0.8694554641953643,-0.49401133163200167,0.22186732215313354,-0.3931521264656438,-0.9309199429589587,-0.44733178388780764,OGLE-LMC-RRLYR-15194
-0.32710596261263325,-0.7538487843068529,-0.2569832402234598,1.999441340782134,0.2009155097887685,0.47481024695467927,0.34088552845931885,0.20066676769530453,-0.5188697143445492,-0.8548533321781029,-0.7079129510330604,0.7062996911790801,0.11643169109061098,-0.27682757374525424,-0.6475756963603984,-0.1452083059460114,OGLE-LMC-RRLYR-15241
-0.2982462750469667,-0.729031707253009,-0.26178861788618024,2.030569105691055,0.27921880830009094,0.48045132579585365,0.32161119778178043,0.19416747091094036,-0.4553687423106246,-0.8903029307637036,-0.765670345317429,0.6432331787940428,0.1538435805697008,-0.23477945396353095,-0.7035229823224369,-0.20453710560961913,OGLE-LMC-RRLYR-15277
0.21882241874025346,-0.2683116558030374,0.041666666666668725,2.2236111111111105,1.0570639574992626,0.09861785030468383,0.05018094219423923,0.035810985363258115,-0.09852341548049738,-0.9951347328889979,-0.9142046784152003,-0.405252767990251,0.5217200031432463,-0.5836947442817838,-1.0018565448962569,-0.49457867241672415,OGLE-LMC-RRLYR-15387
0.21943477335086037,-0.676529071919425,0.048625792811831256,2.0422832980972734,0.39327510230809126,0.5130771084687183,0.29120251408804354,0.1547504816935993,-0.19555066511573227,-0.9806936001487899,-0.9915270976594265,0.1299000177331558,0.2051850166324169,-0.2627792801896664,-0.8205850343536718,-0.3160528692484842,OGLE-LMC-RRLYR-15613
0.32426758280305945,-0.27264994125262954,-0.007092198581594058,2.198581560283651,0.8634799900153396,0.38172573368563956,0.16309106690295394,0.09067118267438705,-0.22558715179945674,-0.9742229913849338,-0.9903069182283085,-0.13889639199471734,0.4199516621866036,-0.19894352129743167,-1.008269029654236,-0.5086383061657291,OGLE-LMC-RRLYR-15710
-0.2434660424146214,-0.7152564413834295,-0.14968999114258813,2.0469441984056536,0.36812584559961675,0.4084254693360729,0.3064453522335309,0.14367552348051665,-0.3823966573171252,-0.9239982664879243,-0.8360233223084265,0.5486939078907117,0.18888155630170583,-0.2581972901161018,-0.7453556675161302,-0.2382600458488544,OGLE-LMC-RRLYR-15740
0.30653050389835923,-0.3271647629463059,0.10240963855423699,2.0777108433735285,1.3052460178602772,0.12609789391541978,0.07752169377119,0.08873544667762007,0.36694332660823803,-0.9302432988512629,-0.9176829461358083,0.39731349130315635,0.6326953445497364,-0.4239829365316867,-0.9643176923239716,-0.4623068056326104,OGLE-LMC-RRLYR-15748
-0.14687455011963127,-0.2639075684302332,-0.01734104046242822,2.3144508670520056,0.8252949448821119,0.331665061592553,0.20732853597523754,0.06738626025406039,-0.5051740846398587,-0.8630174646021255,-0.7502132037943441,0.661195998817768,0.3959970089694178,-0.22795781356171815,-0.9100950399691954,-0.39750593119271765,OGLE-LMC-RRLYR-15847
-0.14862225178359095,-0.8407766683724183,-0.14572864321606094,2.043467336683396,0.16184884430701316,0.5206182088307573,0.36452668104055824,0.22762174798916096,-0.32285994597538653,-0.9464467524825527,-0.8958073244018118,0.4444426144600304,0.09487251058195578,-0.1868568621526941,-0.8914450248571106,-0.3907792233638342,OGLE-LMC-RRLYR-15879
0.08049944602423381,-0.6854495273679979,-0.015736766809722365,1.9473533619456769,0.5819576747648281,0.0980027965075484,0.07936996667606393,0.027476104663911892,0.04048912957842788,-0.9991799789757505,-0.6558214792875281,-0.7549160134115042,0.2855048271611063,-0.46465181809081446,-0.9657649504589305,-0.4681380509041917,OGLE-LMC-RRLYR-15970
0.011251593544950386,-0.9518839562896271,-0.05050505050506152,1.8545454545454503,0.2457805771401588,0.45726754899560784,0.2996816415845357,0.1634241439049059,-0.27021066349166184,-0.9628012242074664,-0.9729641884855725,0.23095603028414605,0.1329658389059245,-0.2302889567548156,-0.8220819896091592,-0.33818731446273576,OGLE-LMC-RRLYR-16159
-0.39128801817608844,-0.29603870045425973,-0.14354066985646746,2.155502392344546,0.4774859582539931,0.4422615113155132,0.22516475215178072,0.06400423830405631,-0.4735220840128289,-0.8807819457460214,-0.7676068993284585,0.6409209374824244,0.23699066339670571,-0.2643896044235674,-0.8410561204086429,-0.3463052046849166,OGLE-LMC-RRLYR-16271
0.1048541168486839,-0.9075109500617597,-0.06000000000000284,1.975333333333367,0.6088302248109496,0.09507000330105929,0.056835511439963224,0.06685622147931286,-0.03962700021951796,-0.9992145419546307,-0.33811109492226904,-0.9411062041504478,0.2922570672175137,-0.471132899498367,-1.0228986063563978,-0.5282683485199456,OGLE-LMC-RRLYR-16444
-0.509339945084373,-0.8576914036338121,-0.31149825783972573,1.937003484320575,0.13694260289307944,0.43237988273164224,0.363714246305924,0.24502270661011596,-0.6727747256466967,-0.7398473954343638,-0.42605397383907323,0.9046977458665044,0.09962686032901132,-0.29121507402604063,-0.6520151896073074,-0.1580776883205488,OGLE-LMC-RRLYR-16491
0.29757915645416355,-0.8327639539750522,0.14432989690720782,1.9020618556700764,0.21687407815180432,0.455908973150218,0.26672170803051864,0.1080204042746508,0.06441508919328141,-0.9979231915754948,-0.9590746266299718,-0.2831534222900728,0.11279396967663091,-0.11821923734089246,-0.9269281168761936,-0.4329736338409399,OGLE-LMC-RRLYR-16547
-0.4169313760690907,-0.9091480566029486,-0.3744619799139295,2.0545193687230943,0.09486885554777912,0.5266140959456891,0.3574251956044244,0.26631901290669924,-0.4154107937948705,-0.909633922189974,-0.8408885524508496,0.541208316969644,0.07002920885646029,-0.2223393450797047,-0.6504341035231875,-0.1450869776921438,OGLE-LMC-RRLYR-16651
0.08954881991438167,0.2185572547953316,-0.04347826086967043,2.391304347826107,1.4885200113621515,0.12791652421552377,0.16991438150074847,0.05967964952327303,0.29954270832794805,-0.954082892566237,0.588951638158518,-0.8081682794507578,0.6871578810046529,-0.1250852054036247,-1.2862568037517452,-0.782516055786096,OGLE-LMC-RRLYR-16667
0.18585471682921129,-0.5109453923195497,-0.04065040650402731,1.8607046070460318,0.6216093003954827,0.13608275885469273,0.1070828414965454,0.04861946756823287,-0.21939345074187344,-0.9756364659910848,-0.9960103726045854,-0.08923753506274715,0.30369774217820017,-0.46682363072249233,-0.9506194159013379,-0.4643261965742508,OGLE-LMC-RRLYR-16741
-0.307191261926055,-0.527364219751441,-0.26180944755804303,2.195356285027998,0.5610525664402259,0.30224389821548253,0.0662119590757446,0.07699879821301044,-0.6620803005012345,-0.7494329027259179,0.16745519998635347,0.9858796863702641,0.2841992275660446,-0.3141345274847639,-0.6779488012568032,-0.16399254087447007,OGLE-LMC-RRLYR-16757
0.21631639496217403,0.36423962562589773,0.03773584905665057,2.4716981132075957,1.524121687305391,0.15812111972783485,0.1493363500860976,0.07807241200157322,-0.36462231975348824,-0.9311554993327296,-0.9915593338225869,-0.12965372154052368,0.7253279619143655,-0.5967243278014336,-1.0936430569803526,-0.5816987086802538,OGLE-LMC-RRLYR-16763
0.06152991639729109,-0.8313538512437173,-0.002967359050431173,2.0445103857566784,0.4300068532684703,0.45655882539459447,0.2977894074363329,0.18082930244322062,-0.19667397251161892,-0.9804689431779565,-0.9551898840742116,0.2959937252076374,0.1998825125618527,-0.22442129705895675,-0.7944633221508559,-0.2867195147006756,OGLE-LMC-RRLYR-16765
0.15422978257875325,-0.5416901437559094,0.007874015748069162,1.9921259842519587,0.5219800036199955,0.38486577282624906,0.20451349729628618,0.026194190840255878,0.06207524005795854,-0.9980714726770558,-0.9891976418787743,-0.14658794391583518,0.2501048684302596,-0.12943323556480255,-1.0953528114587279,-0.596879478824188,OGLE-LMC-RRLYR-16778
0.07794696774226077,-0.7212537660288172,-0.09582309582306536,2.016216216216231,0.26939898897123954,0.4844942521377174,0.3512840877014713,0.18935574093737306,-0.20406162724084856,-0.9789580441917912,-0.9939709219266861,0.1096439983045753,0.1361739868520624,-0.1986749915478035,-0.8803076206400521,-0.38689848303308794,OGLE-LMC-RRLYR-16821
-0.5236180175677199,-0.7439671425316141,-0.2294617563739477,2.0708215297450487,0.12675980973769954,0.47214019545900887,0.3574992487540232,0.26533567926583,-0.5018056888648091,-0.8649803758600043,-0.5029519253341723,0.8643143877100793,0.08883327578312403,-0.29203632704731597,-0.6340570316060568,-0.13608262304214067,OGLE-LMC-RRLYR-16895
0.22501980840833521,-1.0145143722313228,0.18716577540105012,1.8288770053475756,0.3561974054631034,0.4034121058666051,0.22516040973995485,0.0965208942627368,0.0973352341268308,-0.9952516526976858,-0.9786715317044206,-0.20543133410296316,0.17369982511758908,-0.15679370408023002,-0.950421033517407,-0.46597389394386657,OGLE-LMC-RRLYR-16914
0.13549691781105166,-0.7946753466475078,0.03225806451616877,2.0044354838709717,0.6073879076317213,0.06505222027874255,0.058228332078725464,0.035179250854703345,0.5525036035862292,-0.8335105086465503,-0.5048398147515283,-0.8632130452221182,0.29152796932719377,-0.4440356567211614,-1.0997621173897327,-0.6045862325249854,OGLE-LMC-RRLYR-16971
-0.41672011288425703,-0.40159349239283104,-0.22549019607844184,2.213888888888909,0.4611719253153235,0.41490361928444325,0.19982942477919763,0.091300712684275,-0.5179921043238336,-0.8553853984363813,-0.4775324435780775,0.8786141162821994,0.22267101633419023,-0.3087125543058758,-0.6802796035363771,-0.16912275288959472,OGLE-LMC-RRLYR-17025
0.02696796247637054,-0.8462075011304022,-0.15846994535521036,2.032786885245903,0.3912079519221792,0.406068438193242,0.2694381131015473,0.08897481524963671,-0.17637424755878037,-0.9843231810732053,-0.9998206422580352,-0.018938936473040215,0.20950575635079607,-0.20084106496994206,-0.9311820808512414,-0.42945706011810264,OGLE-LMC-RRLYR-17118
-0.4647841815447425,-0.492464844668441,-0.17953488372091692,2.302883720930257,0.37611279006042275,0.4248713852789112,0.25008937927736097,0.144593935367946,-0.4530109764371018,-0.8915049384201433,-0.5375832310615359,0.8432106911569843,0.20107473948861035,-0.2710276064809536,-0.7258720076866534,-0.20837951730718599,OGLE-LMC-RRLYR-17261
0.09071819080820472,-0.5573261456353524,-0.03797468354433549,2.02700421940928,0.25636414178316086,0.4824493569451155,0.3827037416556607,0.16724456607195456,-0.23113917167940556,-0.9729206973414423,-0.9591691137517506,0.28283318621526926,0.1452174627937328,-0.22751194340271502,-0.820050168731551,-0.3183970012691352,OGLE-LMC-RRLYR-17321
-0.47880397054146645,-0.8135096748881447,-0.34472934472935196,2.0797720797720864,0.13606715704144165,0.4582193040326928,0.40003123801478496,0.28017106676442427,-0.5699114008198938,-0.821706148945903,-0.5034840486775792,0.8640045212423562,0.10262189714563019,-0.28302534131712404,-0.641842131265783,-0.13667713987954386,OGLE-LMC-RRLYR-17399
0.05243417521123662,0.23815722828714492,0.10112359550554352,2.308988764044987,1.6149876065972166,0.09918751798388703,0.10427732652759784,0.10827047250637298,-0.8796552299774543,0.47561189679539356,-0.6094575657376036,-0.7928186902219162,0.7634038124885363,-0.5572846469713069,-1.1890328187552646,-0.6871881737879105,OGLE-LMC-RRLYR-17527
-0.3622648728847858,-0.5252772654962636,-0.18772563176895093,2.0974729241877164,0.41136924949226106,0.406827265280127,0.24036862395360722,0.12021412238757861,-0.49775464313777196,-0.8673178859188765,-0.5490277858617435,0.8358040980706851,0.20661668567675187,-0.28789156782353936,-0.7406808163610651,-0.2358238676096696,OGLE-LMC-RRLYR-17542
-0.2040128470033945,-0.7538945441507461,-0.139579349904384,2.0650095602294294,0.2878822521978367,0.47032329540309586,0.3612441714039027,0.22592405784181505,-0.4422345829976752,-0.8968994222324331,-0.7773236841675597,0.6291008583940828,0.16774737250976055,-0.24467064063269864,-0.76993623333541,-0.26760624017703216,OGLE-LMC-RRLYR-17585
-0.3656495802539329,-0.7826816068539797,-0.29704510108863175,2.1054432348367236,0.152857949725601,0.4933403391040252,0.37007073267098123,0.2325063515447485,-0.5515151341951909,-0.834164885831129,-0.6531684319900024,0.7572126514075961,0.10306377988391652,-0.23433397801207373,-0.6880253850028647,-0.1694754859027416,OGLE-LMC-RRLYR-17744
-0.44988112628919474,-0.11770485919864848,-0.25531914893615487,2.294762684124366,0.7337049764633901,0.4138580344814082,0.08730717844568474,0.07765831783606267,-0.6732839349548613,-0.7393840293999446,0.07490721058995495,0.9971905082789507,0.31715337444165587,-0.2912110829017958,-0.6611871143751124,-0.154251006356149,OGLE-LMC-RRLYR-17846
0.008120741551201547,-0.3571709682754709,-0.08834827144684909,2.046094750320123,0.5636346201091881,0.4432227887049431,0.28859366516488244,0.13828874264686178,-0.28045803862276886,-0.959866286819091,-0.9572422224444824,0.2892876208370278,0.28596531830184957,-0.21314193333381407,-0.8988720666588419,-0.39848321634999007,OGLE-LMC-RRLYR-17900
-0.3902122334082017,-0.4684339589036002,-0.2251308900523644,2.091099476439789,0.5780935272918297,0.3880003878422753,0.12009790255500048,0.04441339567162605,-0.6696972574280334,-0.7426342191101689,-0.6939985611250203,0.7199763865269481,0.27081574635168304,-0.2841560382750304,-0.7175933318033426,-0.22250068040963503,OGLE-LMC-RRLYR-18119
-0.5723724894629967,-0.7372124773072355,-0.25205479452054314,2.0202739726027312,0.11565893297265868,0.452619224197911,0.35546400681290385,0.24577229788183838,-0.6058845629914472,-0.7955525729508158,-0.397560211915961,0.9175760883443597,0.08585812761655204,-0.30937781143383314,-0.6362163823519242,-0.13229686672990174,OGLE-LMC-RRLYR-18130
-0.6099879210305278,-0.3104679044198835,-0.20655737704916505,2.348852459016408,0.1858853092153788,0.49958658006425904,0.3630125654879512,0.222947487221299,-0.5439898900770931,-0.8390917706031398,-0.4754533488987047,0.8797409351741037,0.1258710762949966,-0.30176970761285826,-0.6609643912476306,-0.14484442282300383,OGLE-LMC-RRLYR-18417
0.04741101535149254,-0.7618919065579441,-0.11229946524060727,2.039037433155065,0.3204432097649283,0.4843737235808042,0.2754115002517973,0.1587807934834262,-0.13648864601346888,-0.9906416352593959,-0.9980357225732069,0.0626473979330088,0.1708046726882985,-0.19216958980411925,-0.911039492600217,-0.4187331947263299,OGLE-LMC-RRLYR-18428
-0.07674620039430509,-0.9082712213461601,-0.048732943469769134,1.961013645224179,0.19643904372176202,0.4643835247698343,0.4085491360432955,0.19750698300504768,-0.3060494493396388,-0.9520156167620907,-0.9246432611908715,0.38083439909534145,0.10356726008830891,-0.23631966481329078,-0.7947840363658115,-0.2984320149440725,OGLE-LMC-RRLYR-18525
0.011136668612154224,-0.8173317100083155,-0.08070175438595131,1.9385964912280762,0.3935175953414724,0.45641470550163954,0.3313465757016586,0.21998932279633177,-0.3764213571079308,-0.9264485748885491,-0.8969657551977231,0.4421000271460952,0.2006467308420526,-0.24354411191407707,-0.7509695814843156,-0.2576677176428501,OGLE-LMC-RRLYR-18648
-0.5701711544244262,-0.4388434578612155,-0.39016393442622915,2.4,0.13893125822318475,0.47750156405012617,0.40202322634579374,0.26190019979671136,-0.5652990754893116,-0.8248860256125871,-0.6693996777851225,0.7429024642449197,0.10332988606981805,-0.2993993318781016,-0.6718241147251949,-0.13548891894160855,OGLE-LMC-RRLYR-18675
0.11116535183739404,-0.5477654609156235,0.08196721311479611,2.016393442622971,0.7443890043783521,0.1599590382614992,0.097285946598154,0.013744434224866426,0.08493089648164705,-0.9963868439631385,-0.8507971029252522,-0.5254943288504622,0.36606280411659337,-0.484593804174836,-1.40845200246164,-0.9100948885605982,OGLE-LMC-RRLYR-18678
-0.4899508220633554,-0.800833380527834,-0.3080317740511835,1.988172992056496,0.18813400624658086,0.40381034220798423,0.2957214956313003,0.16599025641642043,-0.5446766295361601,-0.8386461525799356,-0.4959054770696702,0.868376506944023,0.09750720410076992,-0.26594430691906945,-0.7518757452675229,-0.2493759115506946,OGLE-LMC-RRLYR-18746
-0.40352365663780454,-0.37803894066191024,-0.17684887459806986,2.1106109324758893,0.4156018531036626,0.42476070930559506,0.2657289394057157,0.11125447981784962,-0.4685284337826909,-0.8834484177002858,-0.6514153513426958,0.7587213190856523,0.23069857360476126,-0.2837928363483829,-0.6884221378651064,-0.18283142761894344,OGLE-LMC-RRLYR-18840
-0.3317742995724342,-0.4816716027366037,-0.21090387374462913,2.1329985652797823,0.3096049487926371,0.4894052776891673,0.3535748499484527,0.2063751249669233,-0.5163028359926334,-0.8564060844867719,-0.6899419330129773,0.7238647173818574,0.1686304190669245,-0.2812641209916278,-0.6364416736635974,-0.12880665423622842,OGLE-LMC-RRLYR-18869
0.20909235792024064,-0.12323392005827971,0.1139240506329148,2.125316455696202,0.7587585784204869,0.12786143491864552,0.07576214043504162,0.03581212670835368,0.37731087924597756,-0.9260866592293765,-0.7580641106660883,-0.6521800396516538,0.4056983795333776,-0.45246514551910455,-0.9683568692874748,-0.47391930819796674,OGLE-LMC-RRLYR-18945
-0.1595053615406798,-0.8760617802749091,-0.1585760517799349,1.9724919093851196,0.17588712390487243,0.5118901706039476,0.3300322438093859,0.22026488793004081,-0.32586409227125307,-0.9454166242288277,-0.8794143310038995,0.4760571755839459,0.09582896025188062,-0.21235819403206313,-0.7127184393830507,-0.21502629004560136,OGLE-LMC-RRLYR-19035
0.035395271290834744,-0.5734845883021498,0.004366812227064074,2.097816593886468,0.5125097334452574,0.3719509369884708,0.24389369775157044,0.06707086905853928,-0.26988281433358063,-0.9628931750341707,-0.9832488782294548,0.18226805386715128,0.25255635221999384,-0.24513250346642734,-0.8229486964097317,-0.318397001269132,OGLE-LMC-RRLYR-19253
0.10716731987745308,-0.8379404792142275,-0.015384615384615946,1.8307692307692247,0.8319941036829169,0.13322136921153777,0.02843358035578605,0.03365550728942471,-0.2171206297490955,-0.9761447803155822,-0.9997731946081002,0.021296932716094088,0.38976129535096293,-0.5208532938176487,-0.9293462229532198,-0.44733178388780764,OGLE-LMC-RRLYR-19256
-0.3939556753086008,-0.5358266649345871,-0.23444976076553556,2.169059011164265,0.26953681158541715,0.46178046735586226,0.38481262722449455,0.2679714194300211,-0.6159546379288208,-0.7877816220336542,-0.426349313457895,0.904558601149744,0.16224650406555075,-0.3117038983496609,-0.6827267209502654,-0.16749108729376386,OGLE-LMC-RRLYR-19295
-0.26790586330337207,-0.35774069159089805,-0.11243484735667168,2.3767684288905215,0.5448279046777698,0.4601907589559619,0.35851086260344683,0.24063729950504623,-0.5493515809021303,-0.8355913119224793,-0.4881552788819675,0.8727567952755616,0.2951403795143754,-0.2894770595194367,-0.6073503693801905,-0.09799710864927345,OGLE-LMC-RRLYR-19590
-0.2547255518119391,-0.380509287223584,-0.13397642015005465,2.0771704180064496,0.4095570549746082,0.43626116775767393,0.24106875222324833,0.24617233908817582,-0.34081137344109413,-0.940131697015474,-0.8751465999133275,0.48385785997557407,0.23883669370073662,-0.2188903734685221,-0.8141286863322521,-0.31470621861321535,OGLE-LMC-RRLYR-19774
-0.26561676804392265,0.004674520087002865,-0.15727002967356143,2.3679525222551896,0.9458597060912856,0.26536953954648207,0.16315362718887255,0.07720548474664359,-0.6148877700954168,-0.7886146271703852,-0.9271250933947559,0.3747519995914167,0.5007879125197667,-0.28421603047518806,-0.6019785231882417,-0.09799710864927152,OGLE-LMC-RRLYR-19780
-0.5584112755207956,-0.006273297878174766,-0.20486111111112693,2.2809027777777766,0.45537081389990647,0.4692200790847226,0.2862592183437256,0.17600251119285584,-0.4969371036381532,-0.8677865607554218,-0.6925164504079226,0.7214020833865198,0.22781672071925038,-0.3550258156304976,-0.6948080651083884,-0.18250073813224155,OGLE-LMC-RRLYR-19783
-0.03731466562145121,-0.8980923068083881,0.004769475357710849,1.983465818759941,0.1570748809683432,0.5231707818159346,0.3325292518576242,0.2056719640720268,-0.13741066682401223,-0.990514163777066,-0.9673038224144145,0.2536204154685954,0.09526695121410235,-0.17823238868165284,-0.7035825743795812,-0.20495462957887556,OGLE-LMC-RRLYR-19811
-0.38319571314207507,-0.6316400735841641,-0.21877486077961508,2.206523468575967,0.24319373109173892,0.5641068320964129,0.3780135043104788,0.28944143749631907,-0.4886398705745942,-0.8724855740267823,-0.7063055209527028,0.7079071344969841,0.15285528165289705,-0.3714232909611512,-0.6672231413633662,-0.15901616267962182,OGLE-LMC-RRLYR-19864
0.29756821314808063,-0.17343054281640224,-0.03276131045244123,2.3566302652105833,1.3032146983002837,0.04342335682280546,0.12951532690628234,0.030452549593923163,0.7623086522368019,-0.6472136577088826,-0.9244286884203682,-0.3813549528004034,0.593210210547587,-0.634224764424133,-0.9333392553759257,-0.42291051096681465,OGLE-LMC-RRLYR-19924
-0.33256742253960875,-0.8576071346194056,-0.2785714285714126,1.855357142857138,0.2439083211253505,0.43715039916588966,0.31906007690814986,0.21717775515424587,-0.5242109217828739,-0.8515884625119986,-0.7523167578652411,0.6588015602858969,0.13754120485035723,-0.27078854236292976,-0.7711973563283366,-0.28441444810680316,OGLE-LMC-RRLYR-19940
0.020346444052196336,-0.8223322871059104,-0.10278578290105633,2.1335254562920367,0.2383150831594496,0.46648419307310957,0.3742809853363559,0.19078532779908045,-0.27696757507243075,-0.9608792652349708,-0.9435692201877988,0.3311753715392939,0.12894801415872303,-0.24056681324382684,-0.7701970379658676,-0.25551143277948773,OGLE-LMC-RRLYR-20006
0.19693621513986756,-0.4092874614821058,-0.00709219858156895,2.1276595744680775,0.4240960163579616,0.4989024194592416,0.35904216605509265,0.23167095883310634,-0.09112754705185452,-0.9958392290768184,-0.9901645967908979,0.1399073667178346,0.23141375440180803,-0.3363345921189894,-0.7173613071138374,-0.22184874961635792,OGLE-LMC-RRLYR-20170
-0.12175151300674146,-0.7997383281012738,-0.06398537477147409,2.073126142595976,0.19968351254105474,0.4852307918232585,0.39175890211527115,0.2708695158481837,-0.43589904860675405,-0.8999955663355941,-0.8062465445085575,0.5915796729672265,0.11676215891715262,-0.24114281399352328,-0.751306700696631,-0.24641694110709056,OGLE-LMC-RRLYR-20190
-0.2013635807175923,-0.278531372378652,-0.10077519379842656,2.3421926910298954,0.6352422120143891,0.3648067538721474,0.08766292603997389,0.05920828804373072,-0.43243398945727773,-0.9016655947534336,-0.4169633466530047,0.9089233012459996,0.29856119719027674,-0.2853288077620224,-0.7958951495149142,-0.27674961961689937,OGLE-LMC-RRLYR-20205
0.12697084780551907,-0.8776226041847153,0.04000000000001279,1.9099999999999624,0.6173735423367376,0.17290870363708336,0.15495050966264523,0.06971327850480181,0.3361031726425541,-0.9418251734476041,-0.578105320828719,-0.8159621547777347,0.3187190310433522,-0.4856725050950989,-0.9096163281053731,-0.41793663708829365,OGLE-LMC-RRLYR-20232
0.04611088827446685,-0.15491985505688666,0.013333333333302385,2.3013333333333916,0.9473830585264894,0.3505150550066086,0.16428892026876946,0.014770740241362459,0.06384161536077593,-0.997960043362522,-0.7815842690864054,-0.623799671622765,0.45821707785529275,-0.07518195437614551,-1.2788531436991346,-0.7629592086208022,OGLE-LMC-RRLYR-20346
-0.28433980954344734,-0.11422142732740159,-0.05139186295503421,2.48201284796575,0.990798311981025,0.32230283760389256,0.16011939449591528,0.1825565566328865,-0.4069436425853992,-0.9134532674194815,-0.3347682202265058,0.9423005034098081,0.5039077426003366,-0.23940436109604543,-0.7532240730892248,-0.23690908983435852,OGLE-LMC-RRLYR-20454
-0.5407016864114732,-0.44326966310325755,-0.32391879964694764,2.2912621359223424,0.16402070165960297,0.490494090468706,0.3822725184527127,0.2391361904315991,-0.5364193062726418,-0.8439516146426747,-0.5271764693896918,0.8497558297074633,0.11055528574875624,-0.27462111324054383,-0.71227195266921,-0.18775530319963016,OGLE-LMC-RRLYR-20456
-0.25114831860893355,-0.6746108430672413,-0.2681159420289787,2.043297101449271,0.21513444132018855,0.4894010752938383,0.39989546125205494,0.30459877295550614,-0.443791464669298,-0.8961300887073702,-0.7957482100156997,0.6056275970072779,0.12853885489069117,-0.2386034828441958,-0.7442875683379055,-0.24875939900723368,OGLE-LMC-RRLYR-20799
-0.1021860642722374,-0.7407669765262401,-0.07158351409978492,2.1809110629067012,0.33065101276852543,0.5219126462652723,0.3192206815798652,0.1967582069139853,-0.32466382150854217,-0.945829478819237,-0.9816604636799164,0.19063770363632568,0.1593478256384165,-0.2312580356274137,-0.8113138242623262,-0.29869111477192406,OGLE-LMC-RRLYR-21074
-0.6645105243831116,-0.5123779538393549,-0.3175287356321901,2.1034482758620734,0.6399643992977986,0.416877982916506,0.21619817517033474,0.12474892674503722,-0.634194439048825,-0.7731735985401637,-0.23305364401986717,0.9724638805678394,0.31236617332304983,-0.29356327749503586,-0.6401587810948033,-0.13548891894160855,OGLE-LMC-RRLYR-21078
-0.27780395850383505,-0.6630139935194252,-0.2,1.9988235294117733,0.2674194574042216,0.4556263099909704,0.3802854475046165,0.21539464223568497,-0.5070926324287264,-0.8618915605437291,-0.7610153233793011,0.6487339035243169,0.15294623896150158,-0.242097690759452,-0.7249152703098101,-0.22573857678067769,OGLE-LMC-RRLYR-21146
0.214095199040777,-0.31085207954988814,0.05540166204985201,2.073130193905885,1.1388219661662913,0.289737647102649,0.015170266366687177,0.0459438235947222,0.3644241757548609,-0.9312330643428584,-0.5109290834204839,0.8596228659796714,0.542898345839181,-0.5403122019399392,-0.9245717261264041,-0.4268962168360067,OGLE-LMC-RRLYR-21270
-0.2616423283592027,-0.29945268370552114,0.027624309392239928,2.2872928176795346,1.1809860722614376,0.3060601108933928,0.053279541834503265,0.07175970500047228,0.6013832864919678,-0.7989606640680877,0.17946798227516642,-0.9837638148143489,0.5636294734466589,-0.44678105367415766,-0.8853831604238444,-0.38299965887910326,OGLE-LMC-RRLYR-21309
-0.19511124758420484,-0.20668263144826682,-0.058823529411750966,2.460899653979262,0.8388598410567863,0.3832871154872287,0.2970004746145122,0.18614420364793297,-0.5995292735079771,-0.8003528285743714,-0.6411311809476302,0.7674313056011574,0.4433176325265438,-0.2936015286654455,-0.6720764612349216,-0.14800825203784174,OGLE-LMC-RRLYR-21343
0.26019040408915145,-0.37764031884670013,-0.06542056074765701,2.2841121495327115,0.6369592015405323,0.46304579484602293,0.34579777918099386,0.17749507736337586,-0.4261993539418521,-0.9046292669925884,-0.9804176221572101,0.1969296477516835,0.32080449586741433,-0.23752512989157423,-0.5497873756539015,-0.03786753070176322,OGLE-LMC-RRLYR-21359
0.10808417357882742,-0.25222536651234684,-0.030674846625782515,2.229447852760746,0.9605467830605903,0.1368387446754093,0.06301211814077519,0.03489244814247172,0.007803779659979903,-0.9999695500479094,-0.836177474414164,-0.5484589604358289,0.454443347712776,-0.5127739256977127,-0.9415024824477868,-0.4396150770279819,OGLE-LMC-RRLYR-21557
-0.42582048990366406,-0.773100571035747,-0.06539509536783038,2.0735694822888213,0.1614585322570489,0.41055671403286004,0.2628220040041604,0.13601868273315312,-0.4780802110764907,-0.8783161798447403,-0.4974596261771467,0.8674871297740927,0.0815866476046018,-0.3172009047482346,-0.6174819743599145,-0.11861534322942761,OGLE-LMC-RRLYR-21963
0.14130760425991626,-0.5359426583793878,0.013774104683183082,2.1559228650137827,0.6264477660107234,0.36856359273405964,0.300615118197581,0.10804318176292967,-0.27680413497658596,-0.96092636078935,-0.9555586694916255,0.2948009992510106,0.31538727447151477,-0.19506926403750283,-0.9155951847400742,-0.40749015209931866,OGLE-LMC-RRLYR-22016
-0.07877054006941679,-0.20945475993006513,0.005753739930949889,2.3210586881472914,1.0649119211545484,0.24069725462461097,0.13834040745447382,0.05147037361874106,0.5777434181353255,-0.8162184406158136,-0.9983783933581202,-0.05692612472019038,0.5344771050259324,-0.44554367075021706,-0.8087365505907628,-0.29735409311519784,OGLE-LMC-RRLYR-22227
0.07542252599463448,-0.14420040797175737,-0.0030211480362682063,2.537160120845937,1.0895494634821845,0.5030693964565452,0.2013374352219546,0.03912945933575054,-0.4215075821051746,-0.9068248773759184,-0.809976290755891,0.5864626232023047,0.514659621025917,-0.2378791012413503,-0.6053571319911758,-0.07582412969807714,OGLE-LMC-RRLYR-22277
0.4625829385671937,0.5644733393174617,0.06666666666672105,2.4992592592592215,1.5820424442458336,0.17557233912873912,0.11740096997443476,0.05867068796005675,0.10743186448478163,-0.9942124493755464,-0.9742900022245939,-0.2252975622708792,0.7994730955611847,-0.5757145395105483,-0.9815075930212017,-0.47185492174689514,OGLE-LMC-RRLYR-22323
0.3655022919101519,0.662241998698506,0.0967741935483908,2.3806451612903143,1.4750391229584203,0.17943779576846786,0.06094212277288898,0.11439678977131239,-0.27265190666116684,-0.9621127469242003,0.06956864082662498,0.9975771670470089,0.6830796967224358,-0.675134211920334,-0.8413273368866194,-0.35379238779331645,OGLE-LMC-RRLYR-22365
0.04299395160302696,-0.9609298545667135,0.10633946830267281,1.8691206543967416,0.26050867894859436,0.33736071772584053,0.15667351693175754,0.05862497922529487,-0.17129873619747335,-0.9852191344960513,-0.8197494801552209,0.572722262344712,0.13710332430210795,-0.20036250844583575,-0.8239246096357191,-0.3400837999301491,OGLE-LMC-RRLYR-22423
-0.47742717227382586,-0.0035202039432258303,-0.06498951781968954,2.649056603773596,0.6145029611248534,0.45806404092681113,0.28743600622278226,0.1579010706553373,-0.5635802621279984,-0.82606131015787,-0.4010539725548827,0.9160544258383054,0.30681078268099055,-0.2669117637178472,-0.7285297082774644,-0.199420378430871,OGLE-LMC-RRLYR-22493
0.12109205225420698,-0.7573063123004751,-0.04225352112681236,1.9313380281690362,0.42844811650903736,0.36163619556472376,0.18374467243125103,0.06565079753861995,-0.039990829907155995,-0.9992000467991067,-0.9864018634588947,-0.16435134244909583,0.21581935220541382,-0.06644149976906892,-1.0643356288929102,-0.5618533637532479,OGLE-LMC-RRLYR-22506
0.19133432602792397,0.5029420554814301,0.0582010582011127,2.57195767195777,1.384247610139076,0.15457268678676617,0.041459709916040206,0.12879459445064226,0.18448113587299433,-0.9828360547451491,-0.33743969275552077,-0.9413471483746364,0.6466443444226033,-0.10863278121573997,-1.1302718134127254,-0.6143043745894387,OGLE-LMC-RRLYR-22576
0.19201903196177708,-1.0977107767724656,0.13586291309671655,1.697919216646243,0.393188085679522,0.18574111313515992,0.06551207715393738,0.06572836911701792,-0.14316340753138343,-0.9896990647383693,-0.7363286679866545,0.6766240408831178,0.19679784847268814,-0.4893883762734899,-0.9304320636001332,-0.45992091119582956,OGLE-LMC-RRLYR-22619
0.2255008302154625,-0.4986404433024223,-0.1399747793190662,2.0779319041614377,0.4913428308724805,0.4053982287394167,0.277428195019083,0.16116316910586614,-0.14651193856283876,-0.9892089020315976,-0.9963636463197498,0.08520260730994318,0.24538727330912252,-0.19824522283926904,-0.8891780281842904,-0.3851554928062887,OGLE-LMC-RRLYR-22643
-0.035609155284431725,-0.7737708461504593,-0.17687074829932023,2.0367346938775746,0.210761804413506,0.5087081801151745,0.3970417810209335,0.24093426267734963,-0.4017764276589915,-0.9157377911703651,-0.8705330966409259,0.4921098735574815,0.12540674856784664,-0.24817152230561498,-0.7146204986324745,-0.22271820832898478,OGLE-LMC-RRLYR-22688
0.016004762253013102,-0.8923993107005486,-0.12064343163539411,1.9201072386059124,0.2707835035740835,0.422737684622389,0.20808900830260663,0.10427222147813298,-0.08925070602562658,-0.9960091924645712,-0.9922308378006074,-0.12441046787752486,0.12561575120156515,-0.1441443208102574,-0.9339624308322236,-0.4459956789880967,OGLE-LMC-RRLYR-22699
0.13373696887406505,-0.5787577267073662,0.06918238993707868,2.2264150943396053,0.6224530902541555,0.3337338578410607,0.16872225402948288,0.07780233580925425,-0.05657386655244527,-0.9983984162764413,-0.9616818983081699,0.2741676977077985,0.29036096824696095,-0.1946150371306097,-0.9600067619385348,-0.4509967379742088,OGLE-LMC-RRLYR-22713
0.5288291805362944,1.4172024764270281,0.07272727272729738,2.3136363636363773,1.2953446574290237,0.18144121052313286,0.05491727667088358,0.043912247420127413,0.334917224771919,-0.942247553751707,0.39491189447453784,-0.9187189970837283,0.6314286854791573,-0.48458386307561857,-0.7970416153337765,-0.293282217663241,OGLE-LMC-RRLYR-22753
0.11455163659590686,-0.8633202806856248,0.06329113924053821,1.8531645569619863,0.682472783820723,0.07176795485558296,0.042779278146533914,0.031743799102671666,0.10048013930671558,-0.9949390642672058,0.12889253394811495,-0.9916585675989665,0.3310229674664065,-0.44012041452543355,-1.0173501447583948,-0.5334289276136515,OGLE-LMC-RRLYR-22839
-0.39638507116564464,-0.60634936580044,-0.14682884448304367,2.1715030408340716,0.30277635590205176,0.4305892907608878,0.36640245104557895,0.23276847339649334,-0.5456931669420753,-0.837985064039168,-0.6040207420333756,0.7969685961149601,0.17692348569357058,-0.25819359117334967,-0.7135231384211566,-0.20422422584126276,OGLE-LMC-RRLYR-22879
-0.5200407703915557,-0.6715174382096589,-0.2043795620437854,2.1244525547445203,0.1429958393361832,0.48994880531656665,0.3939676728907627,0.24361493348040225,-0.598685777314377,-0.8009839823875882,-0.44993124679325536,0.8930631966210828,0.10000797959296398,-0.30986844851675116,-0.7415292139407809,-0.23500240071511905,OGLE-LMC-RRLYR-22907
-0.4375888094312834,-0.770202426289063,-0.24909747292419945,2.0339350180505655,0.3289091752590865,0.42525063551212344,0.2184004385394806,0.13975543819339975,-0.6544149639606703,-0.7561356061873787,-0.306164298279662,0.9519786880276901,0.15017471493575166,-0.32973271112469965,-0.7516875281711936,-0.24918315735024432,OGLE-LMC-RRLYR-23174
0.14115024022836126,-0.8290706160692807,-0.03170731707314854,2.1775609756097394,0.2434195046539092,0.4919023676529289,0.2921575997260368,0.13395107117874155,-0.1216354926223029,-0.9925748369440612,-0.9972179805134055,0.07454058854587363,0.12969452049343272,-0.14429438607866582,-0.8697367388897334,-0.3502758140704771,OGLE-LMC-RRLYR-23231
-0.5275329278523098,-0.9471999102767996,-0.32786885245901803,1.8573770491803274,0.0818015061749189,0.46753050339505625,0.345572185474429,0.24755894423959923,-0.6247348731554784,-0.7808369472965584,-0.397152002495389,0.9177528463120681,0.0845977612799746,-0.33366682110879475,-0.5880658510340202,-0.10067205012234645,OGLE-LMC-RRLYR-23373
-0.22965138781623282,-0.7957164301789672,-0.24253731343282672,2.1735074626865467,0.20343411368407377,0.5276689764893981,0.30138298632388716,0.18654129884354226,-0.40652013731962167,-0.9136418214779991,-0.8298904823485524,0.5579263278491946,0.1004239985459872,-0.2585787651377616,-0.736632629065462,-0.23470407030194637,OGLE-LMC-RRLYR-23438
0.12179812079437222,-1.0068547077662557,-0.0227272727273164,1.920681818181802,0.46458138412819977,0.22578459280460283,0.07888929801575569,0.08301037065513946,-0.04898977490685718,-0.9987992801131644,-0.9963825689871074,-0.08498103446447358,0.22486978159164256,-0.5387116181333493,-0.8573767500608285,-0.3741218939585443,OGLE-LMC-RRLYR-23462
-0.4364216711547364,-0.632282965722649,-0.1016333938293715,2.195462794918347,0.2039814728971327,0.47492921525334153,0.3444349416466454,0.24075608595186807,-0.5395171065370021,-0.8419746384268003,-0.5817599578066788,0.8133605298345693,0.11447202034889109,-0.20922028941788035,-0.7262707356558729,-0.21835231501586969,OGLE-LMC-RRLYR-23516
0.029026498947467234,-0.06304996472610691,-0.08066971080669338,2.5780821917808296,0.6919870814994609,0.4712596768161391,0.27296079812654284,0.1166724778764133,0.003941732308481516,-0.9999922313430282,-0.9840619703733017,-0.17782586556801874,0.34324215255745033,-0.20751634787539036,-0.901984676978503,-0.37319786279740047,OGLE-LMC-RRLYR-23704
0.10512138695621227,-0.9854086403753084,-0.07557502738227383,1.75794085432638,0.3829613060844774,0.12511112968127575,0.11385391478133751,0.04566147060994677,-0.12235400263018395,-0.9924865228507503,-0.8535841034656948,-0.520955063619374,0.20647014899366445,-0.4859073660331109,-0.868140852929928,-0.39658495458707044,OGLE-LMC-RRLYR-23893
0.009573667161781325,-0.8528016979230175,-0.011435832274478376,1.9402795425666952,0.26684444764913534,0.4811676958947016,0.2800304264450809,0.1367240090900727,-0.06292153300505826,-0.998018477125696,-0.9902235391757869,0.1394895783281993,0.1408971344594402,-0.16478836743679137,-0.9003054084911721,-0.41822095427154093,OGLE-LMC-RRLYR-24021
-0.1263166235846905,-0.4744594561565245,0.011331444759180341,2.1864022662889395,0.810098645565646,0.07421040829986997,0.03264704518447285,0.07033086413644597,0.16018713660888148,-0.9870866635027785,-0.061953265540800224,-0.9980790514226973,0.41141580411642165,-0.43071483131520766,-0.9162875723342958,-0.41352522142860393,OGLE-LMC-RRLYR-24050
0.0053443995920922855,-0.8699069366189391,-0.05020920502092299,1.9828451882845437,0.2810288638107163,0.45378602780301064,0.30560445212062615,0.1272910122366722,-0.14921333076888169,-0.9888050272530254,-0.9682460484388749,0.24999917936366123,0.13293820675052753,-0.1986881670482267,-0.8197665946686148,-0.32431329130059844,OGLE-LMC-RRLYR-24083
0.2431362784164688,-0.006022868390226588,-0.04419889502763884,2.196132596685076,0.6081941466606751,0.14684265281679454,0.05233284471528697,0.02878328396312614,0.3263738577589,-0.9452407656103144,-0.7419389531692161,-0.6704674412454104,0.34373706334754495,-0.4484157086844562,-0.9092231432177099,-0.40066286700750997,OGLE-LMC-RRLYR-24123
0.25472459341165987,-0.31993899977149587,0.10067114093955523,2.076510067114108,0.7845335759933524,0.2568177538630475,0.09484107952700167,0.0685317184886515,0.21916405042020548,-0.9756880233985706,-0.7397977733056967,-0.672829290839759,0.38249144927425477,-0.11751655974530796,-1.0017206694664451,-0.5094796906366561,OGLE-LMC-RRLYR-24564
-0.7033588528049953,-0.5832194828009984,-0.24787644787646793,2.5413127413127357,0.20390980523401936,0.4829591975720417,0.4814173520258009,0.2520528334195502,-0.3945618965011794,-0.9188693649422602,-0.5949024722466618,0.80379789033986,0.09002238429246825,-0.30367244867859017,-0.5858794730090632,-0.08473210903358924,OGLE-LMC-RRLYR-24651
0.14066386847328322,0.20029609520526437,-0.12643678160922261,2.171264367816013,1.1798206101755777,0.12369893789911396,0.03746219727958429,0.045572642205752016,-0.40206396932299765,-0.9156115795315367,0.9947462746095272,0.10237113436153264,0.5132761860960662,-0.4940753616124468,-1.201406588491649,-0.7237680420781657,OGLE-LMC-RRLYR-24725
0.22706704893521978,-0.6586625583144801,0.11297071129701727,1.9782426778242885,0.5593382500824993,0.37523312405481346,0.10868288959777536,0.07940987237620259,0.47293184105815217,-0.8810990147045601,-0.8550155990740596,-0.5186022805002183,0.28579348250481834,-0.12819410227390385,-1.1208110072021813,-0.6263525277907828,OGLE-LMC-RRLYR-24727
-0.19891894476364355,-0.742487425252687,-0.27974276527332576,2.106752411575578,0.13877487917622985,0.5189529058584429,0.3583470043839986,0.2905528793890596,-0.3724382457998335,-0.9280569772732399,-0.8857628513163546,0.4641380949975142,0.07920389854241985,-0.213998027299792,-0.6958402932442477,-0.18362611124763986,OGLE-LMC-RRLYR-24770
-0.405283408879142,-0.6735960094232367,-0.30632911392402934,2.128270042194119,0.2041702365508438,0.4611135620835956,0.3397399906834497,0.22298997156669836,-0.49890947355747983,-0.8666541047007152,-0.7223226041494285,0.6915562562328448,0.12830928130618013,-0.26157589943856235,-0.7151287052561088,-0.2003149090908986,OGLE-LMC-RRLYR-24817
0.09391077383229664,-0.76306448883108,-0.05016722408028579,1.902564102564115,0.3900686802220153,0.2786162191439686,0.06070587259787785,0.049248220817192205,-0.06683650129769625,-0.9977639410673664,-0.9574480794847692,0.288605570096849,0.20416761334800293,-0.5169393100670848,-0.8557327934367075,-0.36992825003134383,OGLE-LMC-RRLYR-24866
0.29842081439455553,0.34677676929883283,0.022988505747113763,2.381609195402309,0.7322743914567283,0.4149256563168366,0.2395233471048255,0.14975498741562168,-0.24649453574031246,-0.9691441811465247,-0.9895433055806719,0.14423607863664697,0.38687155370889187,-0.19921489673888101,-0.8884629277496415,-0.3825802532628228,OGLE-SMC-RRLYR-0145
0.08197933953692403,-0.44741104197733694,-0.014778325123153312,2.282758620689662,0.620694979184405,0.4534662340484897,0.3211140456919658,0.18423791326636804,-0.2697022996248253,-0.9629437520318002,-0.9484241508511311,0.3170041483676688,0.29746388113881755,-0.2038814294251318,-0.8452165375702708,-0.3340439705460432,OGLE-SMC-RRLYR-0210
-0.16129149330372544,-0.488372104606273,-0.20655737704918833,2.1062295081967184,0.40426751479653567,0.48940155857568945,0.33224450068637806,0.22541544365588417,-0.3697588213151071,-0.929127770578225,-0.8490876791874128,0.5282519408881837,0.20153287071003673,-0.21045446993371122,-0.6897155537871834,-0.19219446772937646,OGLE-SMC-RRLYR-0235
-0.2551234267385245,-0.6900337690925262,-0.1558935361216599,2.1220532319391485,0.45308230347897216,0.4216937338876915,0.289597505791369,0.16681712814700364,-0.47097587655911455,-0.8821460897716283,-0.5838060779498148,0.8118931354241485,0.21872648702519204,-0.22605726637574744,-0.7635294366158345,-0.25328797748333987,OGLE-SMC-RRLYR-0499
-0.2725582520326491,-0.5700367230832142,-0.15222482435596588,2.1017954722872596,0.5045967069136275,0.4106211750422477,0.26332034406512045,0.10687862162093618,-0.5720088127226317,-0.8202474737343879,-0.4164217268178077,0.9091715709557108,0.2592430767103361,-0.2831057637443808,-0.6736588400456149,-0.17192040944325535,OGLE-SMC-RRLYR-0577
0.3192881307383582,-0.04535955811615677,0.061728395061716484,2.2074074074074077,0.9069723718146466,0.3347638221847248,0.18358287671585882,0.06823683695683468,-0.39624045230157623,-0.9181467769152394,-0.8991756538168971,0.43758786955645324,0.4814252305400705,-0.18249915142977174,-0.9468919494437648,-0.44660248987612244,OGLE-SMC-RRLYR-0792
0.11546406250850878,-0.71904130583422,-0.008797653958944588,2.033431085043983,0.3351924182544973,0.494106758803032,0.3400824039562354,0.1402360237624771,-0.16281408388071084,-0.9866567660995818,-0.9986099272160547,0.05270875890728227,0.17272239926811547,-0.16832119097207687,-0.6603430372073039,-0.15901616267962182,OGLE-SMC-RRLYR-0904
0.2963046740064761,-0.1844881411798518,0.008356545961003062,2.2423398328690887,0.8229829123614165,0.478038024765316,0.39361352576861475,0.08323052696420656,-0.16715619081780242,-0.9859304275004817,-0.9996968453506304,0.024621482408614566,0.41154622092337334,-0.20333333699530318,-0.9022809312197079,-0.395234115296109,OGLE-SMC-RRLYR-0939
-0.03146407696366785,-0.22477251975140122,0.03260869565217559,2.2663043478261264,1.2436930987917125,0.11301223939636512,0.1339569793804281,0.027515855977989088,0.4572802179383719,-0.8893226648872923,-0.9998839907828445,0.015231709561720333,0.5995682858168057,-0.43841102474599825,-0.8836409695214751,-0.3798639450262408,OGLE-SMC-RRLYR-0945
-0.31473566478931575,0.3425608276012624,-0.10738255033555799,2.4442953020134097,1.2005661412375142,0.13522392382131573,0.04336725265161716,0.03159939034461957,0.2142301317982473,-0.976783215780096,-0.953919843139471,-0.30006154846092337,0.5765673964958999,-0.42862382774595165,-0.95147095619611,-0.4386600585410984,OGLE-SMC-RRLYR-1131
0.18965137536901983,-0.4468278131284382,-0.03030303030303139,2.2414141414141344,0.6696175294871011,0.426446985407018,0.275407099213319,0.16905315762102766,-0.21376400790378647,-0.9768853304891573,-0.9496053349996828,0.3134480941721295,0.3499297055398893,-0.20812367541130475,-0.8549981451430684,-0.35281270210401094,OGLE-SMC-RRLYR-1220
0.11818349234427199,-0.30738465842863594,-0.03808180535964272,2.215232722143853,0.790016046187139,0.4409697944457031,0.28981304262028895,0.0990239568097765,-0.41440819135235285,-0.9100911223279083,-0.9032856637329818,0.4290396365074754,0.3957324398038948,-0.1954548929789268,-0.9150942830879819,-0.40599439821165884,OGLE-SMC-RRLYR-1274
-0.08405818376817976,-0.23329947397484707,-0.06827309236946182,2.306827309236948,0.47527817547975454,0.5013393418364661,0.3651445948671034,0.23278021959332348,-0.2672731150633769,-0.9636208185610764,-0.9353482483206621,0.3537282210447296,0.23934445777086968,-0.2326754970795574,-0.7558620472980684,-0.24078556876575824,OGLE-SMC-RRLYR-1433
0.19945290053116774,0.17506600432762065,-0.005405405405392741,2.4227027027026535,1.1134471871678762,0.34877289015759516,0.21193710577872105,0.11320480358480822,-0.35740433206634864,-0.9339497542267503,-0.8051584393062621,0.5930597673202123,0.5854599923475541,-0.18604511878934843,-0.8581645893247629,-0.3485281478009611,OGLE-SMC-RRLYR-1461
0.0613920675579518,-0.6000249596053338,-0.05369127516775643,2.1010067114094366,0.717615095113145,0.30649692270717555,0.2147703314501138,0.1769055728221791,-0.28087255862303273,-0.9597450733463293,-0.8799559909254183,0.4750552115643667,0.35927043374174245,-0.18352835296516257,-1.0064582390146044,-0.5043862918788641,OGLE-SMC-RRLYR-1491
-0.23848893533940796,-0.6098404940186484,-0.11310344827585307,2.118896551724135,0.32997553041232275,0.4444453629143517,0.3542142131972932,0.28298314512117106,-0.4988051454053662,-0.8667141552536981,-0.5386855591813995,0.8425068951227775,0.19876418237160956,-0.29312593390223785,-0.6258507310588385,-0.11458223488906365,OGLE-SMC-RRLYR-1506
0.4076753385519357,0.2990452759507858,0.04568527918781836,2.3248730964466784,0.7547410328455108,0.3704517380198176,0.3375195469752257,0.19173495987663647,-0.3125566773758406,-0.9498991122365441,-0.8577462574533242,0.5140733000505041,0.37580180939832925,-0.20376865895806448,-0.841057938316034,-0.3391345219961289,OGLE-SMC-RRLYR-1514
-0.22896033576971725,-0.32620361215762195,-0.07911802853438,2.437872892347612,1.2093444758685903,0.11533427906119782,0.0878998411428414,0.0640491498247796,0.12638879982537554,-0.991980781708346,-0.9932276903648065,0.11618414303420287,0.5885163592835123,-0.430890142084456,-0.8471426416963961,-0.3279945549770457,OGLE-SMC-RRLYR-1540
-0.25191964990251736,-0.12287473818930605,-0.047097480832427735,2.669222343921146,1.1653706761439615,0.20210868058672674,0.028128663040362413,0.103193520174203,-0.2019252875899184,-0.9794009282371182,0.5488233930351956,-0.8359383250320176,0.5992693127077059,-0.21030191728268743,-0.7524955521687753,-0.21520446214323852,OGLE-SMC-RRLYR-1570
-0.29365211884396597,-0.6882423613567314,-0.22372662798195433,2.158736299161852,0.3712937678894508,0.4880776852302004,0.34577076827047365,0.21142028168078134,-0.609845339682723,-0.792520448737611,-0.5841114784900073,0.8116734446168715,0.2151890027554656,-0.3493976065135865,-0.5807291838152017,-0.07724859926416693,OGLE-SMC-RRLYR-1606
-0.19521762863830655,-0.05053271335038678,-0.07065868263472808,2.172694610778459,1.0285961175060034,0.34388788915607926,0.1577403495820697,0.04148955094797345,-0.5612817769437419,-0.82762477420077,-0.4146372253282588,0.9099867973614137,0.5207947261075268,-0.20738057576129063,-0.8383952378057267,-0.3433748287204901,OGLE-SMC-RRLYR-1733
-0.12300806075489443,-0.5530375661863443,-0.20888888888887444,2.1111111111110934,0.45917405172128134,0.5129140178835758,0.39264416275833325,0.22952467054956463,-0.7017074094499393,-0.712465235308401,-0.6338931416954107,0.7734206390519469,0.237478689417259,-0.2881293601610398,-0.6554340978987038,-0.14721513131945305,OGLE-SMC-RRLYR-1737
0.4262512904059223,0.012200730990496123,0.049891540130143616,2.0577006507592235,0.9047638979122233,0.23628180060270335,0.1904083050148883,0.05138227973897245,-0.09409204725524097,-0.9955635020646938,-0.9999722755296302,-0.00744635293908042,0.43732318636858464,-0.43960623347695243,-0.8106913912695931,-0.323946875348129,OGLE-SMC-RRLYR-1791
0.05585720999918025,-0.608818996535855,-0.14196891191709843,2.1583419689118863,0.3927117787506357,0.4769366056982879,0.3728835336756722,0.23662335083203154,-0.3421566581910615,-0.9396429222079657,-0.9618121814412063,0.27371029873080804,0.20554166226175144,-0.22209586108343052,-0.7929604419838497,-0.2834124223243123,OGLE-SMC-RRLYR-1848
0.10007296479864984,-0.18748841597165367,-0.057268722466958806,2.123171806167409,0.7760331546277612,0.3152330263925281,0.35395941090799393,0.17533524181328858,-0.46402895526731686,-0.8858200317635193,-0.5612734526878935,0.8276304195157467,0.3981830210818349,-0.21694705610679846,-0.710523782133905,-0.22007899128449981,OGLE-SMC-RRLYR-1898
0.009898215044583866,-0.45626432089676383,0.04787234042557182,2.337765957446817,0.9687548757526829,0.18410783385737775,0.08361138632416476,0.07087592330356896,0.36569050770468753,-0.9307365108206983,-0.8421474299136399,-0.5392473516762516,0.50299839958377,-0.4497596581359545,-0.8716789280927655,-0.35704112059021037,OGLE-SMC-RRLYR-1945
-0.32954567180752053,-0.6681983995538694,-0.19808306709266757,2.099041533546334,0.35562273569854763,0.48946043705776127,0.3717823209368676,0.23101549722509745,-0.6048315776804513,-0.7963534156645379,-0.5692021375444613,0.8221976201709758,0.1991713475680974,-0.2547516034387713,-0.6895642043188868,-0.1824346304402192,OGLE-SMC-RRLYR-1958
0.1274598126477902,-0.4819120866534399,-0.05263157894736085,2.191700404858306,0.4741221591061503,0.5096044563709399,0.33350964442169334,0.16841981996587174,-0.16392489298476723,-0.98647282246392,-0.9924077396742468,0.12299137463518535,0.24338144083406713,-0.15032782298509917,-0.7761603831962963,-0.2665218588848105,OGLE-SMC-RRLYR-2169
-0.2767403511400446,-0.5645168908650513,-0.14385964912279578,2.2449122807017567,0.42679654350860274,0.40538881019349793,0.29144543729441763,0.22049369926318793,-0.47990164150038234,-0.8773222979528325,-0.43578149823438694,0.9000524905785179,0.23837324138100321,-0.2408230721369249,-0.7107962829798833,-0.19395576425191105,OGLE-SMC-RRLYR-2190
-0.36058296041678695,-0.38558473751936617,-0.20129870129869365,2.285714285714289,0.5938668836300474,0.41012021157394585,0.25120815568848,0.13274357925872288,-0.5496085265414764,-0.8354223288570322,-0.3713424169568492,0.9284959931893328,0.30015867342106806,-0.2813718609971936,-0.663267686319613,-0.1524273408578874,OGLE-SMC-RRLYR-2413
