,eps,min_samples,purity,n_clusters,n_noise
0,3.7963963963963963,2,1.0,2,1
1,3.8962962962962964,2,1.0,2,1
2,3.996196196196196,2,1.0,2,1
3,4.096096096096096,2,1.0,2,1
4,4.195995995995996,2,1.0,2,1
5,4.295895895895896,2,1.0,2,1
6,4.395795795795796,2,1.0,2,1
7,4.495695695695695,2,1.0,2,1
8,4.595595595595595,2,1.0,2,1
9,4.6954954954954955,2,1.0,2,1
10,4.795395395395395,2,1.0,2,1
11,4.895295295295295,2,1.0,2,1
12,4.995195195195195,2,1.0,2,1
13,5.095095095095095,2,1.0,2,1
14,5.194994994994995,2,1.0,2,1
15,5.294894894894894,2,1.0,2,1
16,5.3947947947947945,2,1.0,2,1
17,5.494694694694695,2,1.0,2,1
18,5.594594594594594,2,1.0,2,1
19,5.694494494494494,2,1.0,2,1
20,3.496696696696697,2,1.0,1,3
21,3.5965965965965965,2,1.0,1,3
22,3.696496496496496,2,1.0,1,3
23,5.794394394394394,2,0.8,2,0
24,5.894294294294294,2,0.8,2,0
25,5.994194194194194,2,0.8,2,0
26,6.0940940940940935,2,0.8,2,0
27,6.193993993993994,2,0.8,2,0
28,6.293893893893894,2,0.8,2,0
29,6.393793793793793,2,0.8,2,0
30,6.493693693693693,2,0.8,2,0
31,6.593593593593593,2,0.8,2,0
32,6.693493493493493,2,0.8,2,0
33,6.793393393393393,2,0.8,2,0
34,6.893293293293293,2,0.8,2,0
35,6.993193193193193,2,0.8,2,0
36,7.093093093093093,2,0.8,2,0
37,7.192992992992992,2,0.8,2,0
38,7.292892892892892,2,0.8,2,0
39,7.392792792792792,2,0.8,2,0
40,7.4926926926926924,2,0.8,2,0
41,7.592592592592593,2,0.8,2,0
42,7.692492492492492,2,0.8,2,0
43,7.792392392392392,2,0.8,2,0
44,7.892292292292292,2,0.8,2,0
45,7.992192192192191,2,0.8,2,0
46,8.092092092092091,2,0.8,2,0
47,8.19199199199199,2,0.8,2,0
48,8.29189189189189,2,0.8,2,0
49,8.39179179179179,2,0.8,2,0
50,8.49169169169169,2,0.8,2,0
51,8.591591591591591,2,0.8,2,0
52,8.69149149149149,2,0.8,2,0
53,8.79139139139139,2,0.8,2,0
54,8.89129129129129,2,0.8,2,0
55,8.99119119119119,2,0.8,2,0
56,9.091091091091089,2,0.8,2,0
57,9.19099099099099,2,0.8,2,0
58,9.29089089089089,2,0.8,1,0
59,9.29089089089089,3,0.8,1,0
60,9.29089089089089,4,0.8,1,0
61,9.29089089089089,5,0.8,1,0
62,9.390790790790788,2,0.8,1,0
63,9.390790790790788,3,0.8,1,0
64,9.390790790790788,4,0.8,1,0
65,9.390790790790788,5,0.8,1,0
66,9.49069069069069,2,0.8,1,0
67,9.49069069069069,3,0.8,1,0
68,9.49069069069069,4,0.8,1,0
69,9.49069069069069,5,0.8,1,0
70,9.590590590590589,2,0.8,1,0
71,9.590590590590589,3,0.8,1,0
72,9.590590590590589,4,0.8,1,0
73,9.590590590590589,5,0.8,1,0
74,9.69049049049049,2,0.8,1,0
75,9.69049049049049,3,0.8,1,0
76,9.69049049049049,4,0.8,1,0
77,9.69049049049049,5,0.8,1,0
78,9.790390390390389,2,0.8,1,0
79,9.790390390390389,3,0.8,1,0
80,9.790390390390389,4,0.8,1,0
81,9.790390390390389,5,0.8,1,0
82,9.890290290290288,2,0.8,1,0
83,9.890290290290288,3,0.8,1,0
84,9.890290290290288,4,0.8,1,0
85,9.890290290290288,5,0.8,1,0
86,9.990190190190189,2,0.8,1,0
87,9.990190190190189,3,0.8,1,0
88,9.990190190190189,4,0.8,1,0
89,9.990190190190189,5,0.8,1,0
90,10.090090090090088,2,0.8,1,0
91,10.090090090090088,3,0.8,1,0
92,10.090090090090088,4,0.8,1,0
93,10.090090090090088,5,0.8,1,0
94,10.18998998998999,2,0.8,1,0
95,10.18998998998999,3,0.8,1,0
96,10.18998998998999,4,0.8,1,0
97,10.18998998998999,5,0.8,1,0
98,10.289889889889889,2,0.8,1,0
99,10.289889889889889,3,0.8,1,0
100,10.289889889889889,4,0.8,1,0
101,10.289889889889889,5,0.8,1,0
102,10.389789789789788,2,0.8,1,0
103,10.389789789789788,3,0.8,1,0
104,10.389789789789788,4,0.8,1,0
105,10.389789789789788,5,0.8,1,0
106,10.489689689689689,2,0.8,1,0
107,10.489689689689689,3,0.8,1,0
108,10.489689689689689,4,0.8,1,0
109,10.489689689689689,5,0.8,1,0
110,10.589589589589588,2,0.8,1,0
111,10.589589589589588,3,0.8,1,0
112,10.589589589589588,4,0.8,1,0
113,10.589589589589588,5,0.8,1,0
114,10.689489489489487,2,0.8,1,0
115,10.689489489489487,3,0.8,1,0
116,10.689489489489487,4,0.8,1,0
117,10.689489489489487,5,0.8,1,0
118,10.789389389389388,2,0.8,1,0
119,10.789389389389388,3,0.8,1,0
120,10.789389389389388,4,0.8,1,0
121,10.789389389389388,5,0.8,1,0
122,10.889289289289287,2,0.8,1,0
123,10.889289289289287,3,0.8,1,0
124,10.889289289289287,4,0.8,1,0
125,10.889289289289287,5,0.8,1,0
126,10.989189189189187,2,0.8,1,0
127,10.989189189189187,3,0.8,1,0
128,10.989189189189187,4,0.8,1,0
129,10.989189189189187,5,0.8,1,0
130,11.089089089089088,2,0.8,1,0
131,11.089089089089088,3,0.8,1,0
132,11.089089089089088,4,0.8,1,0
133,11.089089089089088,5,0.8,1,0
134,11.188988988988987,2,0.8,1,0
135,11.188988988988987,3,0.8,1,0
136,11.188988988988987,4,0.8,1,0
137,11.188988988988987,5,0.8,1,0
138,11.288888888888888,2,0.8,1,0
139,11.288888888888888,3,0.8,1,0
140,11.288888888888888,4,0.8,1,0
141,11.288888888888888,5,0.8,1,0
142,11.388788788788787,2,0.8,1,0
143,11.388788788788787,3,0.8,1,0
144,11.388788788788787,4,0.8,1,0
145,11.388788788788787,5,0.8,1,0
146,11.488688688688686,2,0.8,1,0
147,11.488688688688686,3,0.8,1,0
148,11.488688688688686,4,0.8,1,0
149,11.488688688688686,5,0.8,1,0
150,11.588588588588587,2,0.8,1,0
151,11.588588588588587,3,0.8,1,0
152,11.588588588588587,4,0.8,1,0
153,11.588588588588587,5,0.8,1,0
154,11.688488488488487,2,0.8,1,0
155,11.688488488488487,3,0.8,1,0
156,11.688488488488487,4,0.8,1,0
157,11.688488488488487,5,0.8,1,0
158,11.788388388388388,2,0.8,1,0
159,11.788388388388388,3,0.8,1,0
160,11.788388388388388,4,0.8,1,0
161,11.788388388388388,5,0.8,1,0
162,11.888288288288287,2,0.8,1,0
163,11.888288288288287,3,0.8,1,0
164,11.888288288288287,4,0.8,1,0
165,11.888288288288287,5,0.8,1,0
166,11.988188188188186,2,0.8,1,0
167,11.988188188188186,3,0.8,1,0
168,11.988188188188186,4,0.8,1,0
169,11.988188188188186,5,0.8,1,0
170,12.088088088088087,2,0.8,1,0
171,12.088088088088087,3,0.8,1,0
172,12.088088088088087,4,0.8,1,0
173,12.088088088088087,5,0.8,1,0
174,12.187987987987986,2,0.8,1,0
175,12.187987987987986,3,0.8,1,0
176,12.187987987987986,4,0.8,1,0
177,12.187987987987986,5,0.8,1,0
178,12.287887887887885,2,0.8,1,0
179,12.287887887887885,3,0.8,1,0
180,12.287887887887885,4,0.8,1,0
181,12.287887887887885,5,0.8,1,0
182,12.387787787787786,2,0.8,1,0
183,12.387787787787786,3,0.8,1,0
184,12.387787787787786,4,0.8,1,0
185,12.387787787787786,5,0.8,1,0
186,12.487687687687686,2,0.8,1,0
187,12.487687687687686,3,0.8,1,0
188,12.487687687687686,4,0.8,1,0
189,12.487687687687686,5,0.8,1,0
190,12.587587587587585,2,0.8,1,0
191,12.587587587587585,3,0.8,1,0
192,12.587587587587585,4,0.8,1,0
193,12.587587587587585,5,0.8,1,0
194,12.687487487487486,2,0.8,1,0
195,12.687487487487486,3,0.8,1,0
196,12.687487487487486,4,0.8,1,0
197,12.687487487487486,5,0.8,1,0
198,12.787387387387385,2,0.8,1,0
199,12.787387387387385,3,0.8,1,0
200,12.787387387387385,4,0.8,1,0
201,12.787387387387385,5,0.8,1,0
202,12.887287287287286,2,0.8,1,0
203,12.887287287287286,3,0.8,1,0
204,12.887287287287286,4,0.8,1,0
205,12.887287287287286,5,0.8,1,0
206,12.987187187187185,2,0.8,1,0
207,12.987187187187185,3,0.8,1,0
208,12.987187187187185,4,0.8,1,0
209,12.987187187187185,5,0.8,1,0
210,13.087087087087085,2,0.8,1,0
211,13.087087087087085,3,0.8,1,0
212,13.087087087087085,4,0.8,1,0
213,13.087087087087085,5,0.8,1,0
214,13.186986986986986,2,0.8,1,0
215,13.186986986986986,3,0.8,1,0
216,13.186986986986986,4,0.8,1,0
217,13.186986986986986,5,0.8,1,0
218,13.286886886886885,2,0.8,1,0
219,13.286886886886885,3,0.8,1,0
220,13.286886886886885,4,0.8,1,0
221,13.286886886886885,5,0.8,1,0
222,13.386786786786786,2,0.8,1,0
223,13.386786786786786,3,0.8,1,0
224,13.386786786786786,4,0.8,1,0
225,13.386786786786786,5,0.8,1,0
226,13.486686686686685,2,0.8,1,0
227,13.486686686686685,3,0.8,1,0
228,13.486686686686685,4,0.8,1,0
229,13.486686686686685,5,0.8,1,0
230,13.586586586586584,2,0.8,1,0
231,13.586586586586584,3,0.8,1,0
232,13.586586586586584,4,0.8,1,0
233,13.586586586586584,5,0.8,1,0
234,13.686486486486485,2,0.8,1,0
235,13.686486486486485,3,0.8,1,0
236,13.686486486486485,4,0.8,1,0
237,13.686486486486485,5,0.8,1,0
238,13.786386386386384,2,0.8,1,0
239,13.786386386386384,3,0.8,1,0
240,13.786386386386384,4,0.8,1,0
241,13.786386386386384,5,0.8,1,0
242,13.886286286286284,2,0.8,1,0
243,13.886286286286284,3,0.8,1,0
244,13.886286286286284,4,0.8,1,0
245,13.886286286286284,5,0.8,1,0
246,13.986186186186185,2,0.8,1,0
247,13.986186186186185,3,0.8,1,0
248,13.986186186186185,4,0.8,1,0
249,13.986186186186185,5,0.8,1,0
250,14.086086086086084,2,0.8,1,0
251,14.086086086086084,3,0.8,1,0
252,14.086086086086084,4,0.8,1,0
253,14.086086086086084,5,0.8,1,0
254,14.185985985985983,2,0.8,1,0
255,14.185985985985983,3,0.8,1,0
256,14.185985985985983,4,0.8,1,0
257,14.185985985985983,5,0.8,1,0
258,14.285885885885884,2,0.8,1,0
259,14.285885885885884,3,0.8,1,0
260,14.285885885885884,4,0.8,1,0
261,14.285885885885884,5,0.8,1,0
262,14.385785785785783,2,0.8,1,0
263,14.385785785785783,3,0.8,1,0
264,14.385785785785783,4,0.8,1,0
265,14.385785785785783,5,0.8,1,0
266,14.485685685685684,2,0.8,1,0
267,14.485685685685684,3,0.8,1,0
268,14.485685685685684,4,0.8,1,0
269,14.485685685685684,5,0.8,1,0
270,14.585585585585584,2,0.8,1,0
271,14.585585585585584,3,0.8,1,0
272,14.585585585585584,4,0.8,1,0
273,14.585585585585584,5,0.8,1,0
274,14.685485485485483,2,0.8,1,0
275,14.685485485485483,3,0.8,1,0
276,14.685485485485483,4,0.8,1,0
277,14.685485485485483,5,0.8,1,0
278,14.785385385385384,2,0.8,1,0
279,14.785385385385384,3,0.8,1,0
280,14.785385385385384,4,0.8,1,0
281,14.785385385385384,5,0.8,1,0
282,14.885285285285283,2,0.8,1,0
283,14.885285285285283,3,0.8,1,0
284,14.885285285285283,4,0.8,1,0
285,14.885285285285283,5,0.8,1,0
286,14.985185185185184,2,0.8,1,0
287,14.985185185185184,3,0.8,1,0
288,14.985185185185184,4,0.8,1,0
289,14.985185185185184,5,0.8,1,0
290,15.085085085085083,2,0.8,1,0
291,15.085085085085083,3,0.8,1,0
292,15.085085085085083,4,0.8,1,0
293,15.085085085085083,5,0.8,1,0
294,15.184984984984983,2,0.8,1,0
295,15.184984984984983,3,0.8,1,0
296,15.184984984984983,4,0.8,1,0
297,15.184984984984983,5,0.8,1,0
298,15.284884884884884,2,0.8,1,0
299,15.284884884884884,3,0.8,1,0
300,15.284884884884884,4,0.8,1,0
301,15.284884884884884,5,0.8,1,0
302,15.384784784784783,2,0.8,1,0
303,15.384784784784783,3,0.8,1,0
304,15.384784784784783,4,0.8,1,0
305,15.384784784784783,5,0.8,1,0
306,15.484684684684682,2,0.8,1,0
307,15.484684684684682,3,0.8,1,0
308,15.484684684684682,4,0.8,1,0
309,15.484684684684682,5,0.8,1,0
310,15.584584584584583,2,0.8,1,0
311,15.584584584584583,3,0.8,1,0
312,15.584584584584583,4,0.8,1,0
313,15.584584584584583,5,0.8,1,0
314,15.684484484484482,2,0.8,1,0
315,15.684484484484482,3,0.8,1,0
316,15.684484484484482,4,0.8,1,0
317,15.684484484484482,5,0.8,1,0
318,15.784384384384381,2,0.8,1,0
319,15.784384384384381,3,0.8,1,0
320,15.784384384384381,4,0.8,1,0
321,15.784384384384381,5,0.8,1,0
322,15.884284284284282,2,0.8,1,0
323,15.884284284284282,3,0.8,1,0
324,15.884284284284282,4,0.8,1,0
325,15.884284284284282,5,0.8,1,0
326,15.984184184184182,2,0.8,1,0
327,15.984184184184182,3,0.8,1,0
328,15.984184184184182,4,0.8,1,0
329,15.984184184184182,5,0.8,1,0
330,16.084084084084083,2,0.8,1,0
331,16.084084084084083,3,0.8,1,0
332,16.084084084084083,4,0.8,1,0
333,16.084084084084083,5,0.8,1,0
334,16.183983983983982,2,0.8,1,0
335,16.183983983983982,3,0.8,1,0
336,16.183983983983982,4,0.8,1,0
337,16.183983983983982,5,0.8,1,0
338,16.28388388388388,2,0.8,1,0
339,16.28388388388388,3,0.8,1,0
340,16.28388388388388,4,0.8,1,0
341,16.28388388388388,5,0.8,1,0
342,16.38378378378378,2,0.8,1,0
343,16.38378378378378,3,0.8,1,0
344,16.38378378378378,4,0.8,1,0
345,16.38378378378378,5,0.8,1,0
346,16.483683683683683,2,0.8,1,0
347,16.483683683683683,3,0.8,1,0
348,16.483683683683683,4,0.8,1,0
349,16.483683683683683,5,0.8,1,0
350,16.583583583583582,2,0.8,1,0
351,16.583583583583582,3,0.8,1,0
352,16.583583583583582,4,0.8,1,0
353,16.583583583583582,5,0.8,1,0
354,16.68348348348348,2,0.8,1,0
355,16.68348348348348,3,0.8,1,0
356,16.68348348348348,4,0.8,1,0
357,16.68348348348348,5,0.8,1,0
358,16.78338338338338,2,0.8,1,0
359,16.78338338338338,3,0.8,1,0
360,16.78338338338338,4,0.8,1,0
361,16.78338338338338,5,0.8,1,0
362,16.88328328328328,2,0.8,1,0
363,16.88328328328328,3,0.8,1,0
364,16.88328328328328,4,0.8,1,0
365,16.88328328328328,5,0.8,1,0
366,16.983183183183183,2,0.8,1,0
367,16.983183183183183,3,0.8,1,0
368,16.983183183183183,4,0.8,1,0
369,16.983183183183183,5,0.8,1,0
370,17.083083083083082,2,0.8,1,0
371,17.083083083083082,3,0.8,1,0
372,17.083083083083082,4,0.8,1,0
373,17.083083083083082,5,0.8,1,0
374,17.18298298298298,2,0.8,1,0
375,17.18298298298298,3,0.8,1,0
376,17.18298298298298,4,0.8,1,0
377,17.18298298298298,5,0.8,1,0
378,17.28288288288288,2,0.8,1,0
379,17.28288288288288,3,0.8,1,0
380,17.28288288288288,4,0.8,1,0
381,17.28288288288288,5,0.8,1,0
382,17.38278278278278,2,0.8,1,0
383,17.38278278278278,3,0.8,1,0
384,17.38278278278278,4,0.8,1,0
385,17.38278278278278,5,0.8,1,0
386,17.48268268268268,2,0.8,1,0
387,17.48268268268268,3,0.8,1,0
388,17.48268268268268,4,0.8,1,0
389,17.48268268268268,5,0.8,1,0
390,17.58258258258258,2,0.8,1,0
391,17.58258258258258,3,0.8,1,0
392,17.58258258258258,4,0.8,1,0
393,17.58258258258258,5,0.8,1,0
394,17.68248248248248,2,0.8,1,0
395,17.68248248248248,3,0.8,1,0
396,17.68248248248248,4,0.8,1,0
397,17.68248248248248,5,0.8,1,0
398,17.78238238238238,2,0.8,1,0
399,17.78238238238238,3,0.8,1,0
400,17.78238238238238,4,0.8,1,0
401,17.78238238238238,5,0.8,1,0
402,17.88228228228228,2,0.8,1,0
403,17.88228228228228,3,0.8,1,0
404,17.88228228228228,4,0.8,1,0
405,17.88228228228228,5,0.8,1,0
406,17.98218218218218,2,0.8,1,0
407,17.98218218218218,3,0.8,1,0
408,17.98218218218218,4,0.8,1,0
409,17.98218218218218,5,0.8,1,0
410,18.08208208208208,2,0.8,1,0
411,18.08208208208208,3,0.8,1,0
412,18.08208208208208,4,0.8,1,0
413,18.08208208208208,5,0.8,1,0
414,18.18198198198198,2,0.8,1,0
415,18.18198198198198,3,0.8,1,0
416,18.18198198198198,4,0.8,1,0
417,18.18198198198198,5,0.8,1,0
418,18.28188188188188,2,0.8,1,0
419,18.28188188188188,3,0.8,1,0
420,18.28188188188188,4,0.8,1,0
421,18.28188188188188,5,0.8,1,0
422,18.38178178178178,2,0.8,1,0
423,18.38178178178178,3,0.8,1,0
424,18.38178178178178,4,0.8,1,0
425,18.38178178178178,5,0.8,1,0
426,18.48168168168168,2,0.8,1,0
427,18.48168168168168,3,0.8,1,0
428,18.48168168168168,4,0.8,1,0
429,18.48168168168168,5,0.8,1,0
430,18.581581581581577,2,0.8,1,0
431,18.581581581581577,3,0.8,1,0
432,18.581581581581577,4,0.8,1,0
433,18.581581581581577,5,0.8,1,0
434,18.68148148148148,2,0.8,1,0
435,18.68148148148148,3,0.8,1,0
436,18.68148148148148,4,0.8,1,0
437,18.68148148148148,5,0.8,1,0
438,18.78138138138138,2,0.8,1,0
439,18.78138138138138,3,0.8,1,0
440,18.78138138138138,4,0.8,1,0
441,18.78138138138138,5,0.8,1,0
442,18.88128128128128,2,0.8,1,0
443,18.88128128128128,3,0.8,1,0
444,18.88128128128128,4,0.8,1,0
445,18.88128128128128,5,0.8,1,0
446,18.981181181181178,2,0.8,1,0
447,18.981181181181178,3,0.8,1,0
448,18.981181181181178,4,0.8,1,0
449,18.981181181181178,5,0.8,1,0
450,19.081081081081077,2,0.8,1,0
451,19.081081081081077,3,0.8,1,0
452,19.081081081081077,4,0.8,1,0
453,19.081081081081077,5,0.8,1,0
454,19.18098098098098,2,0.8,1,0
455,19.18098098098098,3,0.8,1,0
456,19.18098098098098,4,0.8,1,0
457,19.18098098098098,5,0.8,1,0
458,19.28088088088088,2,0.8,1,0
459,19.28088088088088,3,0.8,1,0
460,19.28088088088088,4,0.8,1,0
461,19.28088088088088,5,0.8,1,0
462,19.38078078078078,2,0.8,1,0
463,19.38078078078078,3,0.8,1,0
464,19.38078078078078,4,0.8,1,0
465,19.38078078078078,5,0.8,1,0
466,19.480680680680678,2,0.8,1,0
467,19.480680680680678,3,0.8,1,0
468,19.480680680680678,4,0.8,1,0
469,19.480680680680678,5,0.8,1,0
470,19.580580580580577,2,0.8,1,0
471,19.580580580580577,3,0.8,1,0
472,19.580580580580577,4,0.8,1,0
473,19.580580580580577,5,0.8,1,0
474,19.68048048048048,2,0.8,1,0
475,19.68048048048048,3,0.8,1,0
476,19.68048048048048,4,0.8,1,0
477,19.68048048048048,5,0.8,1,0
478,19.78038038038038,2,0.8,1,0
479,19.78038038038038,3,0.8,1,0
480,19.78038038038038,4,0.8,1,0
481,19.78038038038038,5,0.8,1,0
482,19.880280280280278,2,0.8,1,0
483,19.880280280280278,3,0.8,1,0
484,19.880280280280278,4,0.8,1,0
485,19.880280280280278,5,0.8,1,0
486,19.980180180180177,2,0.8,1,0
487,19.980180180180177,3,0.8,1,0
488,19.980180180180177,4,0.8,1,0
489,19.980180180180177,5,0.8,1,0
490,20.080080080080076,2,0.8,1,0
491,20.080080080080076,3,0.8,1,0
492,20.080080080080076,4,0.8,1,0
493,20.080080080080076,5,0.8,1,0
494,20.17997997997998,2,0.8,1,0
495,20.17997997997998,3,0.8,1,0
496,20.17997997997998,4,0.8,1,0
497,20.17997997997998,5,0.8,1,0
498,20.27987987987988,2,0.8,1,0
499,20.27987987987988,3,0.8,1,0
500,20.27987987987988,4,0.8,1,0
501,20.27987987987988,5,0.8,1,0
502,20.379779779779778,2,0.8,1,0
503,20.379779779779778,3,0.8,1,0
504,20.379779779779778,4,0.8,1,0
505,20.379779779779778,5,0.8,1,0
506,20.479679679679677,2,0.8,1,0
507,20.479679679679677,3,0.8,1,0
508,20.479679679679677,4,0.8,1,0
509,20.479679679679677,5,0.8,1,0
510,20.579579579579576,2,0.8,1,0
511,20.579579579579576,3,0.8,1,0
512,20.579579579579576,4,0.8,1,0
513,20.579579579579576,5,0.8,1,0
514,20.679479479479475,2,0.8,1,0
515,20.679479479479475,3,0.8,1,0
516,20.679479479479475,4,0.8,1,0
517,20.679479479479475,5,0.8,1,0
518,20.779379379379378,2,0.8,1,0
519,20.779379379379378,3,0.8,1,0
520,20.779379379379378,4,0.8,1,0
521,20.779379379379378,5,0.8,1,0
522,20.879279279279277,2,0.8,1,0
523,20.879279279279277,3,0.8,1,0
524,20.879279279279277,4,0.8,1,0
525,20.879279279279277,5,0.8,1,0
526,20.979179179179177,2,0.8,1,0
527,20.979179179179177,3,0.8,1,0
528,20.979179179179177,4,0.8,1,0
529,20.979179179179177,5,0.8,1,0
530,21.079079079079076,2,0.8,1,0
531,21.079079079079076,3,0.8,1,0
532,21.079079079079076,4,0.8,1,0
533,21.079079079079076,5,0.8,1,0
534,21.178978978978975,2,0.8,1,0
535,21.178978978978975,3,0.8,1,0
536,21.178978978978975,4,0.8,1,0
537,21.178978978978975,5,0.8,1,0
538,21.278878878878878,2,0.8,1,0
539,21.278878878878878,3,0.8,1,0
540,21.278878878878878,4,0.8,1,0
541,21.278878878878878,5,0.8,1,0
542,21.378778778778777,2,0.8,1,0
543,21.378778778778777,3,0.8,1,0
544,21.378778778778777,4,0.8,1,0
545,21.378778778778777,5,0.8,1,0
546,21.478678678678676,2,0.8,1,0
547,21.478678678678676,3,0.8,1,0
548,21.478678678678676,4,0.8,1,0
549,21.478678678678676,5,0.8,1,0
550,21.578578578578576,2,0.8,1,0
551,21.578578578578576,3,0.8,1,0
552,21.578578578578576,4,0.8,1,0
553,21.578578578578576,5,0.8,1,0
554,21.678478478478475,2,0.8,1,0
555,21.678478478478475,3,0.8,1,0
556,21.678478478478475,4,0.8,1,0
557,21.678478478478475,5,0.8,1,0
558,21.778378378378374,2,0.8,1,0
559,21.778378378378374,3,0.8,1,0
560,21.778378378378374,4,0.8,1,0
561,21.778378378378374,5,0.8,1,0
562,21.878278278278277,2,0.8,1,0
563,21.878278278278277,3,0.8,1,0
564,21.878278278278277,4,0.8,1,0
565,21.878278278278277,5,0.8,1,0
566,21.978178178178176,2,0.8,1,0
567,21.978178178178176,3,0.8,1,0
568,21.978178178178176,4,0.8,1,0
569,21.978178178178176,5,0.8,1,0
570,22.078078078078075,2,0.8,1,0
571,22.078078078078075,3,0.8,1,0
572,22.078078078078075,4,0.8,1,0
573,22.078078078078075,5,0.8,1,0
574,22.177977977977974,2,0.8,1,0
575,22.177977977977974,3,0.8,1,0
576,22.177977977977974,4,0.8,1,0
577,22.177977977977974,5,0.8,1,0
578,22.277877877877874,2,0.8,1,0
579,22.277877877877874,3,0.8,1,0
580,22.277877877877874,4,0.8,1,0
581,22.277877877877874,5,0.8,1,0
582,22.377777777777776,2,0.8,1,0
583,22.377777777777776,3,0.8,1,0
584,22.377777777777776,4,0.8,1,0
585,22.377777777777776,5,0.8,1,0
586,22.477677677677676,2,0.8,1,0
587,22.477677677677676,3,0.8,1,0
588,22.477677677677676,4,0.8,1,0
589,22.477677677677676,5,0.8,1,0
590,22.577577577577575,2,0.8,1,0
591,22.577577577577575,3,0.8,1,0
592,22.577577577577575,4,0.8,1,0
593,22.577577577577575,5,0.8,1,0
594,22.677477477477474,2,0.8,1,0
595,22.677477477477474,3,0.8,1,0
596,22.677477477477474,4,0.8,1,0
597,22.677477477477474,5,0.8,1,0
598,22.777377377377373,2,0.8,1,0
599,22.777377377377373,3,0.8,1,0
600,22.777377377377373,4,0.8,1,0
601,22.777377377377373,5,0.8,1,0
602,22.877277277277276,2,0.8,1,0
603,22.877277277277276,3,0.8,1,0
604,22.877277277277276,4,0.8,1,0
605,22.877277277277276,5,0.8,1,0
606,22.977177177177175,2,0.8,1,0
607,22.977177177177175,3,0.8,1,0
608,22.977177177177175,4,0.8,1,0
609,22.977177177177175,5,0.8,1,0
610,23.077077077077075,2,0.8,1,0
611,23.077077077077075,3,0.8,1,0
612,23.077077077077075,4,0.8,1,0
613,23.077077077077075,5,0.8,1,0
614,23.176976976976974,2,0.8,1,0
615,23.176976976976974,3,0.8,1,0
616,23.176976976976974,4,0.8,1,0
617,23.176976976976974,5,0.8,1,0
618,23.276876876876873,2,0.8,1,0
619,23.276876876876873,3,0.8,1,0
620,23.276876876876873,4,0.8,1,0
621,23.276876876876873,5,0.8,1,0
622,23.376776776776776,2,0.8,1,0
623,23.376776776776776,3,0.8,1,0
624,23.376776776776776,4,0.8,1,0
625,23.376776776776776,5,0.8,1,0
626,23.476676676676675,2,0.8,1,0
627,23.476676676676675,3,0.8,1,0
628,23.476676676676675,4,0.8,1,0
629,23.476676676676675,5,0.8,1,0
630,23.576576576576574,2,0.8,1,0
631,23.576576576576574,3,0.8,1,0
632,23.576576576576574,4,0.8,1,0
633,23.576576576576574,5,0.8,1,0
634,23.676476476476473,2,0.8,1,0
635,23.676476476476473,3,0.8,1,0
636,23.676476476476473,4,0.8,1,0
637,23.676476476476473,5,0.8,1,0
638,23.776376376376373,2,0.8,1,0
639,23.776376376376373,3,0.8,1,0
640,23.776376376376373,4,0.8,1,0
641,23.776376376376373,5,0.8,1,0
642,23.876276276276272,2,0.8,1,0
643,23.876276276276272,3,0.8,1,0
644,23.876276276276272,4,0.8,1,0
645,23.876276276276272,5,0.8,1,0
646,23.976176176176175,2,0.8,1,0
647,23.976176176176175,3,0.8,1,0
648,23.976176176176175,4,0.8,1,0
649,23.976176176176175,5,0.8,1,0
650,24.076076076076074,2,0.8,1,0
651,24.076076076076074,3,0.8,1,0
652,24.076076076076074,4,0.8,1,0
653,24.076076076076074,5,0.8,1,0
654,24.175975975975973,2,0.8,1,0
655,24.175975975975973,3,0.8,1,0
656,24.175975975975973,4,0.8,1,0
657,24.175975975975973,5,0.8,1,0
658,24.275875875875872,2,0.8,1,0
659,24.275875875875872,3,0.8,1,0
660,24.275875875875872,4,0.8,1,0
661,24.275875875875872,5,0.8,1,0
662,24.37577577577577,2,0.8,1,0
663,24.37577577577577,3,0.8,1,0
664,24.37577577577577,4,0.8,1,0
665,24.37577577577577,5,0.8,1,0
666,24.475675675675674,2,0.8,1,0
667,24.475675675675674,3,0.8,1,0
668,24.475675675675674,4,0.8,1,0
669,24.475675675675674,5,0.8,1,0
670,24.575575575575574,2,0.8,1,0
671,24.575575575575574,3,0.8,1,0
672,24.575575575575574,4,0.8,1,0
673,24.575575575575574,5,0.8,1,0
674,24.675475475475473,2,0.8,1,0
675,24.675475475475473,3,0.8,1,0
676,24.675475475475473,4,0.8,1,0
677,24.675475475475473,5,0.8,1,0
678,24.775375375375372,2,0.8,1,0
679,24.775375375375372,3,0.8,1,0
680,24.775375375375372,4,0.8,1,0
681,24.775375375375372,5,0.8,1,0
682,24.87527527527527,2,0.8,1,0
683,24.87527527527527,3,0.8,1,0
684,24.87527527527527,4,0.8,1,0
685,24.87527527527527,5,0.8,1,0
686,24.97517517517517,2,0.8,1,0
687,24.97517517517517,3,0.8,1,0
688,24.97517517517517,4,0.8,1,0
689,24.97517517517517,5,0.8,1,0
690,25.075075075075073,2,0.8,1,0
691,25.075075075075073,3,0.8,1,0
692,25.075075075075073,4,0.8,1,0
693,25.075075075075073,5,0.8,1,0
694,25.174974974974972,2,0.8,1,0
695,25.174974974974972,3,0.8,1,0
696,25.174974974974972,4,0.8,1,0
697,25.174974974974972,5,0.8,1,0
698,25.27487487487487,2,0.8,1,0
699,25.27487487487487,3,0.8,1,0
700,25.27487487487487,4,0.8,1,0
701,25.27487487487487,5,0.8,1,0
702,25.37477477477477,2,0.8,1,0
703,25.37477477477477,3,0.8,1,0
704,25.37477477477477,4,0.8,1,0
705,25.37477477477477,5,0.8,1,0
706,25.47467467467467,2,0.8,1,0
707,25.47467467467467,3,0.8,1,0
708,25.47467467467467,4,0.8,1,0
709,25.47467467467467,5,0.8,1,0
710,25.574574574574573,2,0.8,1,0
711,25.574574574574573,3,0.8,1,0
712,25.574574574574573,4,0.8,1,0
713,25.574574574574573,5,0.8,1,0
714,25.674474474474472,2,0.8,1,0
715,25.674474474474472,3,0.8,1,0
716,25.674474474474472,4,0.8,1,0
717,25.674474474474472,5,0.8,1,0
718,25.77437437437437,2,0.8,1,0
719,25.77437437437437,3,0.8,1,0
720,25.77437437437437,4,0.8,1,0
721,25.77437437437437,5,0.8,1,0
722,25.87427427427427,2,0.8,1,0
723,25.87427427427427,3,0.8,1,0
724,25.87427427427427,4,0.8,1,0
725,25.87427427427427,5,0.8,1,0
726,25.97417417417417,2,0.8,1,0
727,25.97417417417417,3,0.8,1,0
728,25.97417417417417,4,0.8,1,0
729,25.97417417417417,5,0.8,1,0
730,26.074074074074073,2,0.8,1,0
731,26.074074074074073,3,0.8,1,0
732,26.074074074074073,4,0.8,1,0
733,26.074074074074073,5,0.8,1,0
734,26.173973973973972,2,0.8,1,0
735,26.173973973973972,3,0.8,1,0
736,26.173973973973972,4,0.8,1,0
737,26.173973973973972,5,0.8,1,0
738,26.27387387387387,2,0.8,1,0
739,26.27387387387387,3,0.8,1,0
740,26.27387387387387,4,0.8,1,0
741,26.27387387387387,5,0.8,1,0
742,26.37377377377377,2,0.8,1,0
743,26.37377377377377,3,0.8,1,0
744,26.37377377377377,4,0.8,1,0
745,26.37377377377377,5,0.8,1,0
746,26.47367367367367,2,0.8,1,0
747,26.47367367367367,3,0.8,1,0
748,26.47367367367367,4,0.8,1,0
749,26.47367367367367,5,0.8,1,0
750,26.573573573573572,2,0.8,1,0
751,26.573573573573572,3,0.8,1,0
752,26.573573573573572,4,0.8,1,0
753,26.573573573573572,5,0.8,1,0
754,26.67347347347347,2,0.8,1,0
755,26.67347347347347,3,0.8,1,0
756,26.67347347347347,4,0.8,1,0
757,26.67347347347347,5,0.8,1,0
758,26.77337337337337,2,0.8,1,0
759,26.77337337337337,3,0.8,1,0
760,26.77337337337337,4,0.8,1,0
761,26.77337337337337,5,0.8,1,0
762,26.87327327327327,2,0.8,1,0
763,26.87327327327327,3,0.8,1,0
764,26.87327327327327,4,0.8,1,0
765,26.87327327327327,5,0.8,1,0
766,26.97317317317317,2,0.8,1,0
767,26.97317317317317,3,0.8,1,0
768,26.97317317317317,4,0.8,1,0
769,26.97317317317317,5,0.8,1,0
770,27.07307307307307,2,0.8,1,0
771,27.07307307307307,3,0.8,1,0
772,27.07307307307307,4,0.8,1,0
773,27.07307307307307,5,0.8,1,0
774,27.17297297297297,2,0.8,1,0
775,27.17297297297297,3,0.8,1,0
776,27.17297297297297,4,0.8,1,0
777,27.17297297297297,5,0.8,1,0
778,27.27287287287287,2,0.8,1,0
779,27.27287287287287,3,0.8,1,0
780,27.27287287287287,4,0.8,1,0
781,27.27287287287287,5,0.8,1,0
782,27.37277277277277,2,0.8,1,0
783,27.37277277277277,3,0.8,1,0
784,27.37277277277277,4,0.8,1,0
785,27.37277277277277,5,0.8,1,0
786,27.47267267267267,2,0.8,1,0
787,27.47267267267267,3,0.8,1,0
788,27.47267267267267,4,0.8,1,0
789,27.47267267267267,5,0.8,1,0
790,27.572572572572568,2,0.8,1,0
791,27.572572572572568,3,0.8,1,0
792,27.572572572572568,4,0.8,1,0
793,27.572572572572568,5,0.8,1,0
794,27.67247247247247,2,0.8,1,0
795,27.67247247247247,3,0.8,1,0
796,27.67247247247247,4,0.8,1,0
797,27.67247247247247,5,0.8,1,0
798,27.77237237237237,2,0.8,1,0
799,27.77237237237237,3,0.8,1,0
800,27.77237237237237,4,0.8,1,0
801,27.77237237237237,5,0.8,1,0
802,27.87227227227227,2,0.8,1,0
803,27.87227227227227,3,0.8,1,0
804,27.87227227227227,4,0.8,1,0
805,27.87227227227227,5,0.8,1,0
806,27.97217217217217,2,0.8,1,0
807,27.97217217217217,3,0.8,1,0
808,27.97217217217217,4,0.8,1,0
809,27.97217217217217,5,0.8,1,0
810,28.072072072072068,2,0.8,1,0
811,28.072072072072068,3,0.8,1,0
812,28.072072072072068,4,0.8,1,0
813,28.072072072072068,5,0.8,1,0
814,28.171971971971967,2,0.8,1,0
815,28.171971971971967,3,0.8,1,0
816,28.171971971971967,4,0.8,1,0
817,28.171971971971967,5,0.8,1,0
818,28.27187187187187,2,0.8,1,0
819,28.27187187187187,3,0.8,1,0
820,28.27187187187187,4,0.8,1,0
821,28.27187187187187,5,0.8,1,0
822,28.37177177177177,2,0.8,1,0
823,28.37177177177177,3,0.8,1,0
824,28.37177177177177,4,0.8,1,0
825,28.37177177177177,5,0.8,1,0
826,28.47167167167167,2,0.8,1,0
827,28.47167167167167,3,0.8,1,0
828,28.47167167167167,4,0.8,1,0
829,28.47167167167167,5,0.8,1,0
830,28.571571571571567,2,0.8,1,0
831,28.571571571571567,3,0.8,1,0
832,28.571571571571567,4,0.8,1,0
833,28.571571571571567,5,0.8,1,0
834,28.671471471471467,2,0.8,1,0
835,28.671471471471467,3,0.8,1,0
836,28.671471471471467,4,0.8,1,0
837,28.671471471471467,5,0.8,1,0
838,28.77137137137137,2,0.8,1,0
839,28.77137137137137,3,0.8,1,0
840,28.77137137137137,4,0.8,1,0
841,28.77137137137137,5,0.8,1,0
842,28.87127127127127,2,0.8,1,0
843,28.87127127127127,3,0.8,1,0
844,28.87127127127127,4,0.8,1,0
845,28.87127127127127,5,0.8,1,0
846,28.971171171171168,2,0.8,1,0
847,28.971171171171168,3,0.8,1,0
848,28.971171171171168,4,0.8,1,0
849,28.971171171171168,5,0.8,1,0
850,29.071071071071067,2,0.8,1,0
851,29.071071071071067,3,0.8,1,0
852,29.071071071071067,4,0.8,1,0
853,29.071071071071067,5,0.8,1,0
854,29.170970970970966,2,0.8,1,0
855,29.170970970970966,3,0.8,1,0
856,29.170970970970966,4,0.8,1,0
857,29.170970970970966,5,0.8,1,0
858,29.27087087087087,2,0.8,1,0
859,29.27087087087087,3,0.8,1,0
860,29.27087087087087,4,0.8,1,0
861,29.27087087087087,5,0.8,1,0
862,29.37077077077077,2,0.8,1,0
863,29.37077077077077,3,0.8,1,0
864,29.37077077077077,4,0.8,1,0
865,29.37077077077077,5,0.8,1,0
866,29.470670670670668,2,0.8,1,0
867,29.470670670670668,3,0.8,1,0
868,29.470670670670668,4,0.8,1,0
869,29.470670670670668,5,0.8,1,0
870,29.570570570570567,2,0.8,1,0
871,29.570570570570567,3,0.8,1,0
872,29.570570570570567,4,0.8,1,0
873,29.570570570570567,5,0.8,1,0
874,29.670470470470466,2,0.8,1,0
875,29.670470470470466,3,0.8,1,0
876,29.670470470470466,4,0.8,1,0
877,29.670470470470466,5,0.8,1,0
878,29.77037037037037,2,0.8,1,0
879,29.77037037037037,3,0.8,1,0
880,29.77037037037037,4,0.8,1,0
881,29.77037037037037,5,0.8,1,0
882,29.870270270270268,2,0.8,1,0
883,29.870270270270268,3,0.8,1,0
884,29.870270270270268,4,0.8,1,0
885,29.870270270270268,5,0.8,1,0
886,29.970170170170167,2,0.8,1,0
887,29.970170170170167,3,0.8,1,0
888,29.970170170170167,4,0.8,1,0
889,29.970170170170167,5,0.8,1,0
890,30.070070070070066,2,0.8,1,0
891,30.070070070070066,3,0.8,1,0
892,30.070070070070066,4,0.8,1,0
893,30.070070070070066,5,0.8,1,0
894,30.169969969969966,2,0.8,1,0
895,30.169969969969966,3,0.8,1,0
896,30.169969969969966,4,0.8,1,0
897,30.169969969969966,5,0.8,1,0
898,30.269869869869865,2,0.8,1,0
899,30.269869869869865,3,0.8,1,0
900,30.269869869869865,4,0.8,1,0
901,30.269869869869865,5,0.8,1,0
902,30.369769769769768,2,0.8,1,0
903,30.369769769769768,3,0.8,1,0
904,30.369769769769768,4,0.8,1,0
905,30.369769769769768,5,0.8,1,0
906,30.469669669669667,2,0.8,1,0
907,30.469669669669667,3,0.8,1,0
908,30.469669669669667,4,0.8,1,0
909,30.469669669669667,5,0.8,1,0
910,30.569569569569566,2,0.8,1,0
911,30.569569569569566,3,0.8,1,0
912,30.569569569569566,4,0.8,1,0
913,30.569569569569566,5,0.8,1,0
914,30.669469469469465,2,0.8,1,0
915,30.669469469469465,3,0.8,1,0
916,30.669469469469465,4,0.8,1,0
917,30.669469469469465,5,0.8,1,0
918,30.769369369369365,2,0.8,1,0
919,30.769369369369365,3,0.8,1,0
920,30.769369369369365,4,0.8,1,0
921,30.769369369369365,5,0.8,1,0
922,30.869269269269267,2,0.8,1,0
923,30.869269269269267,3,0.8,1,0
924,30.869269269269267,4,0.8,1,0
925,30.869269269269267,5,0.8,1,0
926,30.969169169169167,2,0.8,1,0
927,30.969169169169167,3,0.8,1,0
928,30.969169169169167,4,0.8,1,0
929,30.969169169169167,5,0.8,1,0
930,31.069069069069066,2,0.8,1,0
931,31.069069069069066,3,0.8,1,0
932,31.069069069069066,4,0.8,1,0
933,31.069069069069066,5,0.8,1,0
934,31.168968968968965,2,0.8,1,0
935,31.168968968968965,3,0.8,1,0
936,31.168968968968965,4,0.8,1,0
937,31.168968968968965,5,0.8,1,0
938,31.268868868868864,2,0.8,1,0
939,31.268868868868864,3,0.8,1,0
940,31.268868868868864,4,0.8,1,0
941,31.268868868868864,5,0.8,1,0
942,31.368768768768764,2,0.8,1,0
943,31.368768768768764,3,0.8,1,0
944,31.368768768768764,4,0.8,1,0
945,31.368768768768764,5,0.8,1,0
946,31.468668668668666,2,0.8,1,0
947,31.468668668668666,3,0.8,1,0
948,31.468668668668666,4,0.8,1,0
949,31.468668668668666,5,0.8,1,0
950,31.568568568568566,2,0.8,1,0
951,31.568568568568566,3,0.8,1,0
952,31.568568568568566,4,0.8,1,0
953,31.568568568568566,5,0.8,1,0
954,31.668468468468465,2,0.8,1,0
955,31.668468468468465,3,0.8,1,0
956,31.668468468468465,4,0.8,1,0
957,31.668468468468465,5,0.8,1,0
958,31.768368368368364,2,0.8,1,0
959,31.768368368368364,3,0.8,1,0
960,31.768368368368364,4,0.8,1,0
961,31.768368368368364,5,0.8,1,0
962,31.868268268268263,2,0.8,1,0
963,31.868268268268263,3,0.8,1,0
964,31.868268268268263,4,0.8,1,0
965,31.868268268268263,5,0.8,1,0
966,31.968168168168166,2,0.8,1,0
967,31.968168168168166,3,0.8,1,0
968,31.968168168168166,4,0.8,1,0
969,31.968168168168166,5,0.8,1,0
970,32.068068068068065,2,0.8,1,0
971,32.068068068068065,3,0.8,1,0
972,32.068068068068065,4,0.8,1,0
973,32.068068068068065,5,0.8,1,0
974,32.16796796796797,2,0.8,1,0
975,32.16796796796797,3,0.8,1,0
976,32.16796796796797,4,0.8,1,0
977,32.16796796796797,5,0.8,1,0
978,32.26786786786787,2,0.8,1,0
979,32.26786786786787,3,0.8,1,0
980,32.26786786786787,4,0.8,1,0
981,32.26786786786787,5,0.8,1,0
982,32.367767767767766,2,0.8,1,0
983,32.367767767767766,3,0.8,1,0
984,32.367767767767766,4,0.8,1,0
985,32.367767767767766,5,0.8,1,0
986,32.46766766766767,2,0.8,1,0
987,32.46766766766767,3,0.8,1,0
988,32.46766766766767,4,0.8,1,0
989,32.46766766766767,5,0.8,1,0
990,32.567567567567565,2,0.8,1,0
991,32.567567567567565,3,0.8,1,0
992,32.567567567567565,4,0.8,1,0
993,32.567567567567565,5,0.8,1,0
994,32.66746746746747,2,0.8,1,0
995,32.66746746746747,3,0.8,1,0
996,32.66746746746747,4,0.8,1,0
997,32.66746746746747,5,0.8,1,0
998,32.76736736736737,2,0.8,1,0
999,32.76736736736737,3,0.8,1,0
1000,32.76736736736737,4,0.8,1,0
1001,32.76736736736737,5,0.8,1,0
1002,32.867267267267266,2,0.8,1,0
1003,32.867267267267266,3,0.8,1,0
1004,32.867267267267266,4,0.8,1,0
1005,32.867267267267266,5,0.8,1,0
1006,32.96716716716717,2,0.8,1,0
1007,32.96716716716717,3,0.8,1,0
1008,32.96716716716717,4,0.8,1,0
1009,32.96716716716717,5,0.8,1,0
1010,33.067067067067065,2,0.8,1,0
1011,33.067067067067065,3,0.8,1,0
1012,33.067067067067065,4,0.8,1,0
1013,33.067067067067065,5,0.8,1,0
1014,33.16696696696697,2,0.8,1,0
1015,33.16696696696697,3,0.8,1,0
1016,33.16696696696697,4,0.8,1,0
1017,33.16696696696697,5,0.8,1,0
1018,33.26686686686687,2,0.8,1,0
1019,33.26686686686687,3,0.8,1,0
1020,33.26686686686687,4,0.8,1,0
1021,33.26686686686687,5,0.8,1,0
1022,33.366766766766766,2,0.8,1,0
1023,33.366766766766766,3,0.8,1,0
1024,33.366766766766766,4,0.8,1,0
1025,33.366766766766766,5,0.8,1,0
1026,33.46666666666667,2,0.8,1,0
1027,33.46666666666667,3,0.8,1,0
1028,33.46666666666667,4,0.8,1,0
1029,33.46666666666667,5,0.8,1,0
1030,33.566566566566564,2,0.8,1,0
1031,33.566566566566564,3,0.8,1,0
1032,33.566566566566564,4,0.8,1,0
1033,33.566566566566564,5,0.8,1,0
1034,33.66646646646647,2,0.8,1,0
1035,33.66646646646647,3,0.8,1,0
1036,33.66646646646647,4,0.8,1,0
1037,33.66646646646647,5,0.8,1,0
1038,33.76636636636637,2,0.8,1,0
1039,33.76636636636637,3,0.8,1,0
1040,33.76636636636637,4,0.8,1,0
1041,33.76636636636637,5,0.8,1,0
1042,33.866266266266265,2,0.8,1,0
1043,33.866266266266265,3,0.8,1,0
1044,33.866266266266265,4,0.8,1,0
1045,33.866266266266265,5,0.8,1,0
1046,33.96616616616617,2,0.8,1,0
1047,33.96616616616617,3,0.8,1,0
1048,33.96616616616617,4,0.8,1,0
1049,33.96616616616617,5,0.8,1,0
1050,34.066066066066064,2,0.8,1,0
1051,34.066066066066064,3,0.8,1,0
1052,34.066066066066064,4,0.8,1,0
1053,34.066066066066064,5,0.8,1,0
1054,34.16596596596597,2,0.8,1,0
1055,34.16596596596597,3,0.8,1,0
1056,34.16596596596597,4,0.8,1,0
1057,34.16596596596597,5,0.8,1,0
1058,34.26586586586586,2,0.8,1,0
1059,34.26586586586586,3,0.8,1,0
1060,34.26586586586586,4,0.8,1,0
1061,34.26586586586586,5,0.8,1,0
1062,34.365765765765765,2,0.8,1,0
1063,34.365765765765765,3,0.8,1,0
1064,34.365765765765765,4,0.8,1,0
1065,34.365765765765765,5,0.8,1,0
1066,34.46566566566567,2,0.8,1,0
1067,34.46566566566567,3,0.8,1,0
1068,34.46566566566567,4,0.8,1,0
1069,34.46566566566567,5,0.8,1,0
1070,34.565565565565564,2,0.8,1,0
1071,34.565565565565564,3,0.8,1,0
1072,34.565565565565564,4,0.8,1,0
1073,34.565565565565564,5,0.8,1,0
1074,34.665465465465466,2,0.8,1,0
1075,34.665465465465466,3,0.8,1,0
1076,34.665465465465466,4,0.8,1,0
1077,34.665465465465466,5,0.8,1,0
1078,34.76536536536536,2,0.8,1,0
1079,34.76536536536536,3,0.8,1,0
1080,34.76536536536536,4,0.8,1,0
1081,34.76536536536536,5,0.8,1,0
1082,34.865265265265265,2,0.8,1,0
1083,34.865265265265265,3,0.8,1,0
1084,34.865265265265265,4,0.8,1,0
1085,34.865265265265265,5,0.8,1,0
1086,34.96516516516517,2,0.8,1,0
1087,34.96516516516517,3,0.8,1,0
1088,34.96516516516517,4,0.8,1,0
1089,34.96516516516517,5,0.8,1,0
1090,35.06506506506506,2,0.8,1,0
1091,35.06506506506506,3,0.8,1,0
1092,35.06506506506506,4,0.8,1,0
1093,35.06506506506506,5,0.8,1,0
1094,35.164964964964966,2,0.8,1,0
1095,35.164964964964966,3,0.8,1,0
1096,35.164964964964966,4,0.8,1,0
1097,35.164964964964966,5,0.8,1,0
1098,35.26486486486486,2,0.8,1,0
1099,35.26486486486486,3,0.8,1,0
1100,35.26486486486486,4,0.8,1,0
1101,35.26486486486486,5,0.8,1,0
1102,35.364764764764764,2,0.8,1,0
1103,35.364764764764764,3,0.8,1,0
1104,35.364764764764764,4,0.8,1,0
1105,35.364764764764764,5,0.8,1,0
1106,35.46466466466467,2,0.8,1,0
1107,35.46466466466467,3,0.8,1,0
1108,35.46466466466467,4,0.8,1,0
1109,35.46466466466467,5,0.8,1,0
1110,35.56456456456456,2,0.8,1,0
1111,35.56456456456456,3,0.8,1,0
1112,35.56456456456456,4,0.8,1,0
1113,35.56456456456456,5,0.8,1,0
1114,35.664464464464466,2,0.8,1,0
1115,35.664464464464466,3,0.8,1,0
1116,35.664464464464466,4,0.8,1,0
1117,35.664464464464466,5,0.8,1,0
1118,35.76436436436436,2,0.8,1,0
1119,35.76436436436436,3,0.8,1,0
1120,35.76436436436436,4,0.8,1,0
1121,35.76436436436436,5,0.8,1,0
1122,35.864264264264264,2,0.8,1,0
1123,35.864264264264264,3,0.8,1,0
1124,35.864264264264264,4,0.8,1,0
1125,35.864264264264264,5,0.8,1,0
1126,35.96416416416417,2,0.8,1,0
1127,35.96416416416417,3,0.8,1,0
1128,35.96416416416417,4,0.8,1,0
1129,35.96416416416417,5,0.8,1,0
1130,36.06406406406406,2,0.8,1,0
1131,36.06406406406406,3,0.8,1,0
1132,36.06406406406406,4,0.8,1,0
1133,36.06406406406406,5,0.8,1,0
1134,36.163963963963965,2,0.8,1,0
1135,36.163963963963965,3,0.8,1,0
1136,36.163963963963965,4,0.8,1,0
1137,36.163963963963965,5,0.8,1,0
1138,36.26386386386386,2,0.8,1,0
1139,36.26386386386386,3,0.8,1,0
1140,36.26386386386386,4,0.8,1,0
1141,36.26386386386386,5,0.8,1,0
1142,36.363763763763764,2,0.8,1,0
1143,36.363763763763764,3,0.8,1,0
1144,36.363763763763764,4,0.8,1,0
1145,36.363763763763764,5,0.8,1,0
1146,36.46366366366367,2,0.8,1,0
1147,36.46366366366367,3,0.8,1,0
1148,36.46366366366367,4,0.8,1,0
1149,36.46366366366367,5,0.8,1,0
1150,36.56356356356356,2,0.8,1,0
1151,36.56356356356356,3,0.8,1,0
1152,36.56356356356356,4,0.8,1,0
1153,36.56356356356356,5,0.8,1,0
1154,36.663463463463465,2,0.8,1,0
1155,36.663463463463465,3,0.8,1,0
1156,36.663463463463465,4,0.8,1,0
1157,36.663463463463465,5,0.8,1,0
1158,36.76336336336336,2,0.8,1,0
1159,36.76336336336336,3,0.8,1,0
1160,36.76336336336336,4,0.8,1,0
1161,36.76336336336336,5,0.8,1,0
1162,36.86326326326326,2,0.8,1,0
1163,36.86326326326326,3,0.8,1,0
1164,36.86326326326326,4,0.8,1,0
1165,36.86326326326326,5,0.8,1,0
1166,36.96316316316316,2,0.8,1,0
1167,36.96316316316316,3,0.8,1,0
1168,36.96316316316316,4,0.8,1,0
1169,36.96316316316316,5,0.8,1,0
1170,37.06306306306306,2,0.8,1,0
1171,37.06306306306306,3,0.8,1,0
1172,37.06306306306306,4,0.8,1,0
1173,37.06306306306306,5,0.8,1,0
1174,37.162962962962965,2,0.8,1,0
1175,37.162962962962965,3,0.8,1,0
1176,37.162962962962965,4,0.8,1,0
1177,37.162962962962965,5,0.8,1,0
1178,37.26286286286286,2,0.8,1,0
1179,37.26286286286286,3,0.8,1,0
1180,37.26286286286286,4,0.8,1,0
1181,37.26286286286286,5,0.8,1,0
1182,37.36276276276276,2,0.8,1,0
1183,37.36276276276276,3,0.8,1,0
1184,37.36276276276276,4,0.8,1,0
1185,37.36276276276276,5,0.8,1,0
1186,37.46266266266266,2,0.8,1,0
1187,37.46266266266266,3,0.8,1,0
1188,37.46266266266266,4,0.8,1,0
1189,37.46266266266266,5,0.8,1,0
1190,37.56256256256256,2,0.8,1,0
1191,37.56256256256256,3,0.8,1,0
1192,37.56256256256256,4,0.8,1,0
1193,37.56256256256256,5,0.8,1,0
1194,37.662462462462464,2,0.8,1,0
1195,37.662462462462464,3,0.8,1,0
1196,37.662462462462464,4,0.8,1,0
1197,37.662462462462464,5,0.8,1,0
1198,37.76236236236236,2,0.8,1,0
1199,37.76236236236236,3,0.8,1,0
1200,37.76236236236236,4,0.8,1,0
1201,37.76236236236236,5,0.8,1,0
1202,37.86226226226226,2,0.8,1,0
1203,37.86226226226226,3,0.8,1,0
1204,37.86226226226226,4,0.8,1,0
1205,37.86226226226226,5,0.8,1,0
1206,37.96216216216216,2,0.8,1,0
1207,37.96216216216216,3,0.8,1,0
1208,37.96216216216216,4,0.8,1,0
1209,37.96216216216216,5,0.8,1,0
1210,38.06206206206206,2,0.8,1,0
1211,38.06206206206206,3,0.8,1,0
1212,38.06206206206206,4,0.8,1,0
1213,38.06206206206206,5,0.8,1,0
1214,38.161961961961964,2,0.8,1,0
1215,38.161961961961964,3,0.8,1,0
1216,38.161961961961964,4,0.8,1,0
1217,38.161961961961964,5,0.8,1,0
1218,38.26186186186186,2,0.8,1,0
1219,38.26186186186186,3,0.8,1,0
1220,38.26186186186186,4,0.8,1,0
1221,38.26186186186186,5,0.8,1,0
1222,38.36176176176176,2,0.8,1,0
1223,38.36176176176176,3,0.8,1,0
1224,38.36176176176176,4,0.8,1,0
1225,38.36176176176176,5,0.8,1,0
1226,38.46166166166166,2,0.8,1,0
1227,38.46166166166166,3,0.8,1,0
1228,38.46166166166166,4,0.8,1,0
1229,38.46166166166166,5,0.8,1,0
1230,38.56156156156156,2,0.8,1,0
1231,38.56156156156156,3,0.8,1,0
1232,38.56156156156156,4,0.8,1,0
1233,38.56156156156156,5,0.8,1,0
1234,38.661461461461464,2,0.8,1,0
1235,38.661461461461464,3,0.8,1,0
1236,38.661461461461464,4,0.8,1,0
1237,38.661461461461464,5,0.8,1,0
1238,38.76136136136136,2,0.8,1,0
1239,38.76136136136136,3,0.8,1,0
1240,38.76136136136136,4,0.8,1,0
1241,38.76136136136136,5,0.8,1,0
1242,38.86126126126126,2,0.8,1,0
1243,38.86126126126126,3,0.8,1,0
1244,38.86126126126126,4,0.8,1,0
1245,38.86126126126126,5,0.8,1,0
1246,38.96116116116116,2,0.8,1,0
1247,38.96116116116116,3,0.8,1,0
1248,38.96116116116116,4,0.8,1,0
1249,38.96116116116116,5,0.8,1,0
1250,39.06106106106106,2,0.8,1,0
1251,39.06106106106106,3,0.8,1,0
1252,39.06106106106106,4,0.8,1,0
1253,39.06106106106106,5,0.8,1,0
1254,39.16096096096096,2,0.8,1,0
1255,39.16096096096096,3,0.8,1,0
1256,39.16096096096096,4,0.8,1,0
1257,39.16096096096096,5,0.8,1,0
1258,39.26086086086086,2,0.8,1,0
1259,39.26086086086086,3,0.8,1,0
1260,39.26086086086086,4,0.8,1,0
1261,39.26086086086086,5,0.8,1,0
1262,39.36076076076076,2,0.8,1,0
1263,39.36076076076076,3,0.8,1,0
1264,39.36076076076076,4,0.8,1,0
1265,39.36076076076076,5,0.8,1,0
1266,39.46066066066066,2,0.8,1,0
1267,39.46066066066066,3,0.8,1,0
1268,39.46066066066066,4,0.8,1,0
1269,39.46066066066066,5,0.8,1,0
1270,39.56056056056056,2,0.8,1,0
1271,39.56056056056056,3,0.8,1,0
1272,39.56056056056056,4,0.8,1,0
1273,39.56056056056056,5,0.8,1,0
1274,39.66046046046046,2,0.8,1,0
1275,39.66046046046046,3,0.8,1,0
1276,39.66046046046046,4,0.8,1,0
1277,39.66046046046046,5,0.8,1,0
1278,39.76036036036036,2,0.8,1,0
1279,39.76036036036036,3,0.8,1,0
1280,39.76036036036036,4,0.8,1,0
1281,39.76036036036036,5,0.8,1,0
1282,39.86026026026026,2,0.8,1,0
1283,39.86026026026026,3,0.8,1,0
1284,39.86026026026026,4,0.8,1,0
1285,39.86026026026026,5,0.8,1,0
1286,39.96016016016016,2,0.8,1,0
1287,39.96016016016016,3,0.8,1,0
1288,39.96016016016016,4,0.8,1,0
1289,39.96016016016016,5,0.8,1,0
1290,40.06006006006006,2,0.8,1,0
1291,40.06006006006006,3,0.8,1,0
1292,40.06006006006006,4,0.8,1,0
1293,40.06006006006006,5,0.8,1,0
1294,40.15995995995996,2,0.8,1,0
1295,40.15995995995996,3,0.8,1,0
1296,40.15995995995996,4,0.8,1,0
1297,40.15995995995996,5,0.8,1,0
1298,40.25985985985986,2,0.8,1,0
1299,40.25985985985986,3,0.8,1,0
1300,40.25985985985986,4,0.8,1,0
1301,40.25985985985986,5,0.8,1,0
1302,40.35975975975976,2,0.8,1,0
1303,40.35975975975976,3,0.8,1,0
1304,40.35975975975976,4,0.8,1,0
1305,40.35975975975976,5,0.8,1,0
1306,40.45965965965966,2,0.8,1,0
1307,40.45965965965966,3,0.8,1,0
1308,40.45965965965966,4,0.8,1,0
1309,40.45965965965966,5,0.8,1,0
1310,40.55955955955956,2,0.8,1,0
1311,40.55955955955956,3,0.8,1,0
1312,40.55955955955956,4,0.8,1,0
1313,40.55955955955956,5,0.8,1,0
1314,40.659459459459455,2,0.8,1,0
1315,40.659459459459455,3,0.8,1,0
1316,40.659459459459455,4,0.8,1,0
1317,40.659459459459455,5,0.8,1,0
1318,40.75935935935936,2,0.8,1,0
1319,40.75935935935936,3,0.8,1,0
1320,40.75935935935936,4,0.8,1,0
1321,40.75935935935936,5,0.8,1,0
1322,40.85925925925926,2,0.8,1,0
1323,40.85925925925926,3,0.8,1,0
1324,40.85925925925926,4,0.8,1,0
1325,40.85925925925926,5,0.8,1,0
1326,40.95915915915916,2,0.8,1,0
1327,40.95915915915916,3,0.8,1,0
1328,40.95915915915916,4,0.8,1,0
1329,40.95915915915916,5,0.8,1,0
1330,41.05905905905906,2,0.8,1,0
1331,41.05905905905906,3,0.8,1,0
1332,41.05905905905906,4,0.8,1,0
1333,41.05905905905906,5,0.8,1,0
1334,41.158958958958955,2,0.8,1,0
1335,41.158958958958955,3,0.8,1,0
1336,41.158958958958955,4,0.8,1,0
1337,41.158958958958955,5,0.8,1,0
1338,41.25885885885886,2,0.8,1,0
1339,41.25885885885886,3,0.8,1,0
1340,41.25885885885886,4,0.8,1,0
1341,41.25885885885886,5,0.8,1,0
1342,41.35875875875876,2,0.8,1,0
1343,41.35875875875876,3,0.8,1,0
1344,41.35875875875876,4,0.8,1,0
1345,41.35875875875876,5,0.8,1,0
1346,41.458658658658656,2,0.8,1,0
1347,41.458658658658656,3,0.8,1,0
1348,41.458658658658656,4,0.8,1,0
1349,41.458658658658656,5,0.8,1,0
1350,41.55855855855856,2,0.8,1,0
1351,41.55855855855856,3,0.8,1,0
1352,41.55855855855856,4,0.8,1,0
1353,41.55855855855856,5,0.8,1,0
1354,41.658458458458455,2,0.8,1,0
1355,41.658458458458455,3,0.8,1,0
1356,41.658458458458455,4,0.8,1,0
1357,41.658458458458455,5,0.8,1,0
1358,41.75835835835836,2,0.8,1,0
1359,41.75835835835836,3,0.8,1,0
1360,41.75835835835836,4,0.8,1,0
1361,41.75835835835836,5,0.8,1,0
1362,41.85825825825826,2,0.8,1,0
1363,41.85825825825826,3,0.8,1,0
1364,41.85825825825826,4,0.8,1,0
1365,41.85825825825826,5,0.8,1,0
1366,41.958158158158156,2,0.8,1,0
1367,41.958158158158156,3,0.8,1,0
1368,41.958158158158156,4,0.8,1,0
1369,41.958158158158156,5,0.8,1,0
1370,42.05805805805806,2,0.8,1,0
1371,42.05805805805806,3,0.8,1,0
1372,42.05805805805806,4,0.8,1,0
1373,42.05805805805806,5,0.8,1,0
1374,42.157957957957954,2,0.8,1,0
1375,42.157957957957954,3,0.8,1,0
1376,42.157957957957954,4,0.8,1,0
1377,42.157957957957954,5,0.8,1,0
1378,42.25785785785786,2,0.8,1,0
1379,42.25785785785786,3,0.8,1,0
1380,42.25785785785786,4,0.8,1,0
1381,42.25785785785786,5,0.8,1,0
1382,42.35775775775776,2,0.8,1,0
1383,42.35775775775776,3,0.8,1,0
1384,42.35775775775776,4,0.8,1,0
1385,42.35775775775776,5,0.8,1,0
1386,42.457657657657656,2,0.8,1,0
1387,42.457657657657656,3,0.8,1,0
1388,42.457657657657656,4,0.8,1,0
1389,42.457657657657656,5,0.8,1,0
1390,42.55755755755756,2,0.8,1,0
1391,42.55755755755756,3,0.8,1,0
1392,42.55755755755756,4,0.8,1,0
1393,42.55755755755756,5,0.8,1,0
1394,42.657457457457454,2,0.8,1,0
1395,42.657457457457454,3,0.8,1,0
1396,42.657457457457454,4,0.8,1,0
1397,42.657457457457454,5,0.8,1,0
1398,42.75735735735736,2,0.8,1,0
1399,42.75735735735736,3,0.8,1,0
1400,42.75735735735736,4,0.8,1,0
1401,42.75735735735736,5,0.8,1,0
1402,42.85725725725726,2,0.8,1,0
1403,42.85725725725726,3,0.8,1,0
1404,42.85725725725726,4,0.8,1,0
1405,42.85725725725726,5,0.8,1,0
1406,42.957157157157155,2,0.8,1,0
1407,42.957157157157155,3,0.8,1,0
1408,42.957157157157155,4,0.8,1,0
1409,42.957157157157155,5,0.8,1,0
1410,43.05705705705706,2,0.8,1,0
1411,43.05705705705706,3,0.8,1,0
1412,43.05705705705706,4,0.8,1,0
1413,43.05705705705706,5,0.8,1,0
1414,43.156956956956954,2,0.8,1,0
1415,43.156956956956954,3,0.8,1,0
1416,43.156956956956954,4,0.8,1,0
1417,43.156956956956954,5,0.8,1,0
1418,43.25685685685686,2,0.8,1,0
1419,43.25685685685686,3,0.8,1,0
1420,43.25685685685686,4,0.8,1,0
1421,43.25685685685686,5,0.8,1,0
1422,43.35675675675675,2,0.8,1,0
1423,43.35675675675675,3,0.8,1,0
1424,43.35675675675675,4,0.8,1,0
1425,43.35675675675675,5,0.8,1,0
1426,43.456656656656655,2,0.8,1,0
1427,43.456656656656655,3,0.8,1,0
1428,43.456656656656655,4,0.8,1,0
1429,43.456656656656655,5,0.8,1,0
1430,43.55655655655656,2,0.8,1,0
1431,43.55655655655656,3,0.8,1,0
1432,43.55655655655656,4,0.8,1,0
1433,43.55655655655656,5,0.8,1,0
1434,43.65645645645645,2,0.8,1,0
1435,43.65645645645645,3,0.8,1,0
1436,43.65645645645645,4,0.8,1,0
1437,43.65645645645645,5,0.8,1,0
1438,43.756356356356356,2,0.8,1,0
1439,43.756356356356356,3,0.8,1,0
1440,43.756356356356356,4,0.8,1,0
1441,43.756356356356356,5,0.8,1,0
1442,43.85625625625625,2,0.8,1,0
1443,43.85625625625625,3,0.8,1,0
1444,43.85625625625625,4,0.8,1,0
1445,43.85625625625625,5,0.8,1,0
1446,43.956156156156155,2,0.8,1,0
1447,43.956156156156155,3,0.8,1,0
1448,43.956156156156155,4,0.8,1,0
1449,43.956156156156155,5,0.8,1,0
1450,44.05605605605606,2,0.8,1,0
1451,44.05605605605606,3,0.8,1,0
1452,44.05605605605606,4,0.8,1,0
1453,44.05605605605606,5,0.8,1,0
1454,44.15595595595595,2,0.8,1,0
1455,44.15595595595595,3,0.8,1,0
1456,44.15595595595595,4,0.8,1,0
1457,44.15595595595595,5,0.8,1,0
1458,44.255855855855856,2,0.8,1,0
1459,44.255855855855856,3,0.8,1,0
1460,44.255855855855856,4,0.8,1,0
1461,44.255855855855856,5,0.8,1,0
1462,44.35575575575575,2,0.8,1,0
1463,44.35575575575575,3,0.8,1,0
1464,44.35575575575575,4,0.8,1,0
1465,44.35575575575575,5,0.8,1,0
1466,44.455655655655654,2,0.8,1,0
1467,44.455655655655654,3,0.8,1,0
1468,44.455655655655654,4,0.8,1,0
1469,44.455655655655654,5,0.8,1,0
1470,44.55555555555556,2,0.8,1,0
1471,44.55555555555556,3,0.8,1,0
1472,44.55555555555556,4,0.8,1,0
1473,44.55555555555556,5,0.8,1,0
1474,44.65545545545545,2,0.8,1,0
1475,44.65545545545545,3,0.8,1,0
1476,44.65545545545545,4,0.8,1,0
1477,44.65545545545545,5,0.8,1,0
1478,44.755355355355356,2,0.8,1,0
1479,44.755355355355356,3,0.8,1,0
1480,44.755355355355356,4,0.8,1,0
1481,44.755355355355356,5,0.8,1,0
1482,44.85525525525525,2,0.8,1,0
1483,44.85525525525525,3,0.8,1,0
1484,44.85525525525525,4,0.8,1,0
1485,44.85525525525525,5,0.8,1,0
1486,44.955155155155154,2,0.8,1,0
1487,44.955155155155154,3,0.8,1,0
1488,44.955155155155154,4,0.8,1,0
1489,44.955155155155154,5,0.8,1,0
1490,45.05505505505506,2,0.8,1,0
1491,45.05505505505506,3,0.8,1,0
1492,45.05505505505506,4,0.8,1,0
1493,45.05505505505506,5,0.8,1,0
1494,45.15495495495495,2,0.8,1,0
1495,45.15495495495495,3,0.8,1,0
1496,45.15495495495495,4,0.8,1,0
1497,45.15495495495495,5,0.8,1,0
1498,45.254854854854855,2,0.8,1,0
1499,45.254854854854855,3,0.8,1,0
1500,45.254854854854855,4,0.8,1,0
1501,45.254854854854855,5,0.8,1,0
1502,45.35475475475475,2,0.8,1,0
1503,45.35475475475475,3,0.8,1,0
1504,45.35475475475475,4,0.8,1,0
1505,45.35475475475475,5,0.8,1,0
1506,45.454654654654654,2,0.8,1,0
1507,45.454654654654654,3,0.8,1,0
1508,45.454654654654654,4,0.8,1,0
1509,45.454654654654654,5,0.8,1,0
1510,45.55455455455456,2,0.8,1,0
1511,45.55455455455456,3,0.8,1,0
1512,45.55455455455456,4,0.8,1,0
1513,45.55455455455456,5,0.8,1,0
1514,45.65445445445445,2,0.8,1,0
1515,45.65445445445445,3,0.8,1,0
1516,45.65445445445445,4,0.8,1,0
1517,45.65445445445445,5,0.8,1,0
1518,45.754354354354355,2,0.8,1,0
1519,45.754354354354355,3,0.8,1,0
1520,45.754354354354355,4,0.8,1,0
1521,45.754354354354355,5,0.8,1,0
1522,45.85425425425425,2,0.8,1,0
1523,45.85425425425425,3,0.8,1,0
1524,45.85425425425425,4,0.8,1,0
1525,45.85425425425425,5,0.8,1,0
1526,45.95415415415415,2,0.8,1,0
1527,45.95415415415415,3,0.8,1,0
1528,45.95415415415415,4,0.8,1,0
1529,45.95415415415415,5,0.8,1,0
1530,46.054054054054056,2,0.8,1,0
1531,46.054054054054056,3,0.8,1,0
1532,46.054054054054056,4,0.8,1,0
1533,46.054054054054056,5,0.8,1,0
1534,46.15395395395395,2,0.8,1,0
1535,46.15395395395395,3,0.8,1,0
1536,46.15395395395395,4,0.8,1,0
1537,46.15395395395395,5,0.8,1,0
1538,46.253853853853855,2,0.8,1,0
1539,46.253853853853855,3,0.8,1,0
1540,46.253853853853855,4,0.8,1,0
1541,46.253853853853855,5,0.8,1,0
1542,46.35375375375375,2,0.8,1,0
1543,46.35375375375375,3,0.8,1,0
1544,46.35375375375375,4,0.8,1,0
1545,46.35375375375375,5,0.8,1,0
1546,46.45365365365365,2,0.8,1,0
1547,46.45365365365365,3,0.8,1,0
1548,46.45365365365365,4,0.8,1,0
1549,46.45365365365365,5,0.8,1,0
1550,46.553553553553556,2,0.8,1,0
1551,46.553553553553556,3,0.8,1,0
1552,46.553553553553556,4,0.8,1,0
1553,46.553553553553556,5,0.8,1,0
1554,46.65345345345345,2,0.8,1,0
1555,46.65345345345345,3,0.8,1,0
1556,46.65345345345345,4,0.8,1,0
1557,46.65345345345345,5,0.8,1,0
1558,46.753353353353354,2,0.8,1,0
1559,46.753353353353354,3,0.8,1,0
1560,46.753353353353354,4,0.8,1,0
1561,46.753353353353354,5,0.8,1,0
1562,46.85325325325325,2,0.8,1,0
1563,46.85325325325325,3,0.8,1,0
1564,46.85325325325325,4,0.8,1,0
1565,46.85325325325325,5,0.8,1,0
1566,46.95315315315315,2,0.8,1,0
1567,46.95315315315315,3,0.8,1,0
1568,46.95315315315315,4,0.8,1,0
1569,46.95315315315315,5,0.8,1,0
1570,47.05305305305305,2,0.8,1,0
1571,47.05305305305305,3,0.8,1,0
1572,47.05305305305305,4,0.8,1,0
1573,47.05305305305305,5,0.8,1,0
1574,47.15295295295295,2,0.8,1,0
1575,47.15295295295295,3,0.8,1,0
1576,47.15295295295295,4,0.8,1,0
1577,47.15295295295295,5,0.8,1,0
1578,47.252852852852854,2,0.8,1,0
1579,47.252852852852854,3,0.8,1,0
1580,47.252852852852854,4,0.8,1,0
1581,47.252852852852854,5,0.8,1,0
1582,47.35275275275275,2,0.8,1,0
1583,47.35275275275275,3,0.8,1,0
1584,47.35275275275275,4,0.8,1,0
1585,47.35275275275275,5,0.8,1,0
1586,47.45265265265265,2,0.8,1,0
1587,47.45265265265265,3,0.8,1,0
1588,47.45265265265265,4,0.8,1,0
1589,47.45265265265265,5,0.8,1,0
1590,47.55255255255255,2,0.8,1,0
1591,47.55255255255255,3,0.8,1,0
1592,47.55255255255255,4,0.8,1,0
1593,47.55255255255255,5,0.8,1,0
1594,47.65245245245245,2,0.8,1,0
1595,47.65245245245245,3,0.8,1,0
1596,47.65245245245245,4,0.8,1,0
1597,47.65245245245245,5,0.8,1,0
1598,47.752352352352354,2,0.8,1,0
1599,47.752352352352354,3,0.8,1,0
1600,47.752352352352354,4,0.8,1,0
1601,47.752352352352354,5,0.8,1,0
1602,47.85225225225225,2,0.8,1,0
1603,47.85225225225225,3,0.8,1,0
1604,47.85225225225225,4,0.8,1,0
1605,47.85225225225225,5,0.8,1,0
1606,47.95215215215215,2,0.8,1,0
1607,47.95215215215215,3,0.8,1,0
1608,47.95215215215215,4,0.8,1,0
1609,47.95215215215215,5,0.8,1,0
1610,48.05205205205205,2,0.8,1,0
1611,48.05205205205205,3,0.8,1,0
1612,48.05205205205205,4,0.8,1,0
1613,48.05205205205205,5,0.8,1,0
1614,48.15195195195195,2,0.8,1,0
1615,48.15195195195195,3,0.8,1,0
1616,48.15195195195195,4,0.8,1,0
1617,48.15195195195195,5,0.8,1,0
1618,48.25185185185185,2,0.8,1,0
1619,48.25185185185185,3,0.8,1,0
1620,48.25185185185185,4,0.8,1,0
1621,48.25185185185185,5,0.8,1,0
1622,48.35175175175175,2,0.8,1,0
1623,48.35175175175175,3,0.8,1,0
1624,48.35175175175175,4,0.8,1,0
1625,48.35175175175175,5,0.8,1,0
1626,48.45165165165165,2,0.8,1,0
1627,48.45165165165165,3,0.8,1,0
1628,48.45165165165165,4,0.8,1,0
1629,48.45165165165165,5,0.8,1,0
1630,48.55155155155155,2,0.8,1,0
1631,48.55155155155155,3,0.8,1,0
1632,48.55155155155155,4,0.8,1,0
1633,48.55155155155155,5,0.8,1,0
1634,48.65145145145145,2,0.8,1,0
1635,48.65145145145145,3,0.8,1,0
1636,48.65145145145145,4,0.8,1,0
1637,48.65145145145145,5,0.8,1,0
1638,48.75135135135135,2,0.8,1,0
1639,48.75135135135135,3,0.8,1,0
1640,48.75135135135135,4,0.8,1,0
1641,48.75135135135135,5,0.8,1,0
1642,48.85125125125125,2,0.8,1,0
1643,48.85125125125125,3,0.8,1,0
1644,48.85125125125125,4,0.8,1,0
1645,48.85125125125125,5,0.8,1,0
1646,48.95115115115115,2,0.8,1,0
1647,48.95115115115115,3,0.8,1,0
1648,48.95115115115115,4,0.8,1,0
1649,48.95115115115115,5,0.8,1,0
1650,49.05105105105105,2,0.8,1,0
1651,49.05105105105105,3,0.8,1,0
1652,49.05105105105105,4,0.8,1,0
1653,49.05105105105105,5,0.8,1,0
1654,49.15095095095095,2,0.8,1,0
1655,49.15095095095095,3,0.8,1,0
1656,49.15095095095095,4,0.8,1,0
1657,49.15095095095095,5,0.8,1,0
1658,49.25085085085085,2,0.8,1,0
1659,49.25085085085085,3,0.8,1,0
1660,49.25085085085085,4,0.8,1,0
1661,49.25085085085085,5,0.8,1,0
1662,49.35075075075075,2,0.8,1,0
1663,49.35075075075075,3,0.8,1,0
1664,49.35075075075075,4,0.8,1,0
1665,49.35075075075075,5,0.8,1,0
1666,49.45065065065065,2,0.8,1,0
1667,49.45065065065065,3,0.8,1,0
1668,49.45065065065065,4,0.8,1,0
1669,49.45065065065065,5,0.8,1,0
1670,49.55055055055055,2,0.8,1,0
1671,49.55055055055055,3,0.8,1,0
1672,49.55055055055055,4,0.8,1,0
1673,49.55055055055055,5,0.8,1,0
1674,49.65045045045045,2,0.8,1,0
1675,49.65045045045045,3,0.8,1,0
1676,49.65045045045045,4,0.8,1,0
1677,49.65045045045045,5,0.8,1,0
1678,49.750350350350345,2,0.8,1,0
1679,49.750350350350345,3,0.8,1,0
1680,49.750350350350345,4,0.8,1,0
1681,49.750350350350345,5,0.8,1,0
1682,49.85025025025025,2,0.8,1,0
1683,49.85025025025025,3,0.8,1,0
1684,49.85025025025025,4,0.8,1,0
1685,49.85025025025025,5,0.8,1,0
1686,49.95015015015015,2,0.8,1,0
1687,49.95015015015015,3,0.8,1,0
1688,49.95015015015015,4,0.8,1,0
1689,49.95015015015015,5,0.8,1,0
1690,50.05005005005005,2,0.8,1,0
1691,50.05005005005005,3,0.8,1,0
1692,50.05005005005005,4,0.8,1,0
1693,50.05005005005005,5,0.8,1,0
1694,50.14994994994995,2,0.8,1,0
1695,50.14994994994995,3,0.8,1,0
1696,50.14994994994995,4,0.8,1,0
1697,50.14994994994995,5,0.8,1,0
1698,50.249849849849845,2,0.8,1,0
1699,50.249849849849845,3,0.8,1,0
1700,50.249849849849845,4,0.8,1,0
1701,50.249849849849845,5,0.8,1,0
1702,50.34974974974975,2,0.8,1,0
1703,50.34974974974975,3,0.8,1,0
1704,50.34974974974975,4,0.8,1,0
1705,50.34974974974975,5,0.8,1,0
1706,50.44964964964965,2,0.8,1,0
1707,50.44964964964965,3,0.8,1,0
1708,50.44964964964965,4,0.8,1,0
1709,50.44964964964965,5,0.8,1,0
1710,50.549549549549546,2,0.8,1,0
1711,50.549549549549546,3,0.8,1,0
1712,50.549549549549546,4,0.8,1,0
1713,50.549549549549546,5,0.8,1,0
1714,50.64944944944945,2,0.8,1,0
1715,50.64944944944945,3,0.8,1,0
1716,50.64944944944945,4,0.8,1,0
1717,50.64944944944945,5,0.8,1,0
1718,50.749349349349345,2,0.8,1,0
1719,50.749349349349345,3,0.8,1,0
1720,50.749349349349345,4,0.8,1,0
1721,50.749349349349345,5,0.8,1,0
1722,50.84924924924925,2,0.8,1,0
1723,50.84924924924925,3,0.8,1,0
1724,50.84924924924925,4,0.8,1,0
1725,50.84924924924925,5,0.8,1,0
1726,50.94914914914915,2,0.8,1,0
1727,50.94914914914915,3,0.8,1,0
1728,50.94914914914915,4,0.8,1,0
1729,50.94914914914915,5,0.8,1,0
1730,51.049049049049046,2,0.8,1,0
1731,51.049049049049046,3,0.8,1,0
1732,51.049049049049046,4,0.8,1,0
1733,51.049049049049046,5,0.8,1,0
1734,51.14894894894895,2,0.8,1,0
1735,51.14894894894895,3,0.8,1,0
1736,51.14894894894895,4,0.8,1,0
1737,51.14894894894895,5,0.8,1,0
1738,51.248848848848844,2,0.8,1,0
1739,51.248848848848844,3,0.8,1,0
1740,51.248848848848844,4,0.8,1,0
1741,51.248848848848844,5,0.8,1,0
1742,51.34874874874875,2,0.8,1,0
1743,51.34874874874875,3,0.8,1,0
1744,51.34874874874875,4,0.8,1,0
1745,51.34874874874875,5,0.8,1,0
1746,51.44864864864865,2,0.8,1,0
1747,51.44864864864865,3,0.8,1,0
1748,51.44864864864865,4,0.8,1,0
1749,51.44864864864865,5,0.8,1,0
1750,51.548548548548546,2,0.8,1,0
1751,51.548548548548546,3,0.8,1,0
1752,51.548548548548546,4,0.8,1,0
1753,51.548548548548546,5,0.8,1,0
1754,51.64844844844845,2,0.8,1,0
1755,51.64844844844845,3,0.8,1,0
1756,51.64844844844845,4,0.8,1,0
1757,51.64844844844845,5,0.8,1,0
1758,51.748348348348344,2,0.8,1,0
1759,51.748348348348344,3,0.8,1,0
1760,51.748348348348344,4,0.8,1,0
1761,51.748348348348344,5,0.8,1,0
1762,51.84824824824825,2,0.8,1,0
1763,51.84824824824825,3,0.8,1,0
1764,51.84824824824825,4,0.8,1,0
1765,51.84824824824825,5,0.8,1,0
1766,51.94814814814815,2,0.8,1,0
1767,51.94814814814815,3,0.8,1,0
1768,51.94814814814815,4,0.8,1,0
1769,51.94814814814815,5,0.8,1,0
1770,52.048048048048045,2,0.8,1,0
1771,52.048048048048045,3,0.8,1,0
1772,52.048048048048045,4,0.8,1,0
1773,52.048048048048045,5,0.8,1,0
1774,52.14794794794795,2,0.8,1,0
1775,52.14794794794795,3,0.8,1,0
1776,52.14794794794795,4,0.8,1,0
1777,52.14794794794795,5,0.8,1,0
1778,52.247847847847844,2,0.8,1,0
1779,52.247847847847844,3,0.8,1,0
1780,52.247847847847844,4,0.8,1,0
1781,52.247847847847844,5,0.8,1,0
1782,52.347747747747746,2,0.8,1,0
1783,52.347747747747746,3,0.8,1,0
1784,52.347747747747746,4,0.8,1,0
1785,52.347747747747746,5,0.8,1,0
1786,52.44764764764765,2,0.8,1,0
1787,52.44764764764765,3,0.8,1,0
1788,52.44764764764765,4,0.8,1,0
1789,52.44764764764765,5,0.8,1,0
1790,52.547547547547545,2,0.8,1,0
1791,52.547547547547545,3,0.8,1,0
1792,52.547547547547545,4,0.8,1,0
1793,52.547547547547545,5,0.8,1,0
1794,52.64744744744745,2,0.8,1,0
1795,52.64744744744745,3,0.8,1,0
1796,52.64744744744745,4,0.8,1,0
1797,52.64744744744745,5,0.8,1,0
1798,52.74734734734734,2,0.8,1,0
1799,52.74734734734734,3,0.8,1,0
1800,52.74734734734734,4,0.8,1,0
1801,52.74734734734734,5,0.8,1,0
1802,52.847247247247246,2,0.8,1,0
1803,52.847247247247246,3,0.8,1,0
1804,52.847247247247246,4,0.8,1,0
1805,52.847247247247246,5,0.8,1,0
1806,52.94714714714715,2,0.8,1,0
1807,52.94714714714715,3,0.8,1,0
1808,52.94714714714715,4,0.8,1,0
1809,52.94714714714715,5,0.8,1,0
1810,53.047047047047045,2,0.8,1,0
1811,53.047047047047045,3,0.8,1,0
1812,53.047047047047045,4,0.8,1,0
1813,53.047047047047045,5,0.8,1,0
1814,53.14694694694695,2,0.8,1,0
1815,53.14694694694695,3,0.8,1,0
1816,53.14694694694695,4,0.8,1,0
1817,53.14694694694695,5,0.8,1,0
1818,53.24684684684684,2,0.8,1,0
1819,53.24684684684684,3,0.8,1,0
1820,53.24684684684684,4,0.8,1,0
1821,53.24684684684684,5,0.8,1,0
1822,53.346746746746746,2,0.8,1,0
1823,53.346746746746746,3,0.8,1,0
1824,53.346746746746746,4,0.8,1,0
1825,53.346746746746746,5,0.8,1,0
1826,53.44664664664664,2,0.8,1,0
1827,53.44664664664664,3,0.8,1,0
1828,53.44664664664664,4,0.8,1,0
1829,53.44664664664664,5,0.8,1,0
1830,53.546546546546544,2,0.8,1,0
1831,53.546546546546544,3,0.8,1,0
1832,53.546546546546544,4,0.8,1,0
1833,53.546546546546544,5,0.8,1,0
1834,53.64644644644645,2,0.8,1,0
1835,53.64644644644645,3,0.8,1,0
1836,53.64644644644645,4,0.8,1,0
1837,53.64644644644645,5,0.8,1,0
1838,53.74634634634634,2,0.8,1,0
1839,53.74634634634634,3,0.8,1,0
1840,53.74634634634634,4,0.8,1,0
1841,53.74634634634634,5,0.8,1,0
1842,53.846246246246245,2,0.8,1,0
1843,53.846246246246245,3,0.8,1,0
1844,53.846246246246245,4,0.8,1,0
1845,53.846246246246245,5,0.8,1,0
1846,53.94614614614614,2,0.8,1,0
1847,53.94614614614614,3,0.8,1,0
1848,53.94614614614614,4,0.8,1,0
1849,53.94614614614614,5,0.8,1,0
1850,54.046046046046044,2,0.8,1,0
1851,54.046046046046044,3,0.8,1,0
1852,54.046046046046044,4,0.8,1,0
1853,54.046046046046044,5,0.8,1,0
1854,54.14594594594595,2,0.8,1,0
1855,54.14594594594595,3,0.8,1,0
1856,54.14594594594595,4,0.8,1,0
1857,54.14594594594595,5,0.8,1,0
1858,54.24584584584584,2,0.8,1,0
1859,54.24584584584584,3,0.8,1,0
1860,54.24584584584584,4,0.8,1,0
1861,54.24584584584584,5,0.8,1,0
1862,54.345745745745745,2,0.8,1,0
1863,54.345745745745745,3,0.8,1,0
1864,54.345745745745745,4,0.8,1,0
1865,54.345745745745745,5,0.8,1,0
1866,54.44564564564564,2,0.8,1,0
1867,54.44564564564564,3,0.8,1,0
1868,54.44564564564564,4,0.8,1,0
1869,54.44564564564564,5,0.8,1,0
1870,54.545545545545544,2,0.8,1,0
1871,54.545545545545544,3,0.8,1,0
1872,54.545545545545544,4,0.8,1,0
1873,54.545545545545544,5,0.8,1,0
1874,54.645445445445446,2,0.8,1,0
1875,54.645445445445446,3,0.8,1,0
1876,54.645445445445446,4,0.8,1,0
1877,54.645445445445446,5,0.8,1,0
1878,54.74534534534534,2,0.8,1,0
1879,54.74534534534534,3,0.8,1,0
1880,54.74534534534534,4,0.8,1,0
1881,54.74534534534534,5,0.8,1,0
1882,54.845245245245245,2,0.8,1,0
1883,54.845245245245245,3,0.8,1,0
1884,54.845245245245245,4,0.8,1,0
1885,54.845245245245245,5,0.8,1,0
1886,54.94514514514514,2,0.8,1,0
1887,54.94514514514514,3,0.8,1,0
1888,54.94514514514514,4,0.8,1,0
1889,54.94514514514514,5,0.8,1,0
1890,55.04504504504504,2,0.8,1,0
1891,55.04504504504504,3,0.8,1,0
1892,55.04504504504504,4,0.8,1,0
1893,55.04504504504504,5,0.8,1,0
1894,55.144944944944946,2,0.8,1,0
1895,55.144944944944946,3,0.8,1,0
1896,55.144944944944946,4,0.8,1,0
1897,55.144944944944946,5,0.8,1,0
1898,55.24484484484484,2,0.8,1,0
1899,55.24484484484484,3,0.8,1,0
1900,55.24484484484484,4,0.8,1,0
1901,55.24484484484484,5,0.8,1,0
1902,55.344744744744744,2,0.8,1,0
1903,55.344744744744744,3,0.8,1,0
1904,55.344744744744744,4,0.8,1,0
1905,55.344744744744744,5,0.8,1,0
1906,55.44464464464464,2,0.8,1,0
1907,55.44464464464464,3,0.8,1,0
1908,55.44464464464464,4,0.8,1,0
1909,55.44464464464464,5,0.8,1,0
1910,55.54454454454454,2,0.8,1,0
1911,55.54454454454454,3,0.8,1,0
1912,55.54454454454454,4,0.8,1,0
1913,55.54454454454454,5,0.8,1,0
1914,55.644444444444446,2,0.8,1,0
1915,55.644444444444446,3,0.8,1,0
1916,55.644444444444446,4,0.8,1,0
1917,55.644444444444446,5,0.8,1,0
1918,55.74434434434434,2,0.8,1,0
1919,55.74434434434434,3,0.8,1,0
1920,55.74434434434434,4,0.8,1,0
1921,55.74434434434434,5,0.8,1,0
1922,55.844244244244244,2,0.8,1,0
1923,55.844244244244244,3,0.8,1,0
1924,55.844244244244244,4,0.8,1,0
1925,55.844244244244244,5,0.8,1,0
1926,55.94414414414414,2,0.8,1,0
1927,55.94414414414414,3,0.8,1,0
1928,55.94414414414414,4,0.8,1,0
1929,55.94414414414414,5,0.8,1,0
1930,56.04404404404404,2,0.8,1,0
1931,56.04404404404404,3,0.8,1,0
1932,56.04404404404404,4,0.8,1,0
1933,56.04404404404404,5,0.8,1,0
1934,56.14394394394394,2,0.8,1,0
1935,56.14394394394394,3,0.8,1,0
1936,56.14394394394394,4,0.8,1,0
1937,56.14394394394394,5,0.8,1,0
1938,56.24384384384384,2,0.8,1,0
1939,56.24384384384384,3,0.8,1,0
1940,56.24384384384384,4,0.8,1,0
1941,56.24384384384384,5,0.8,1,0
1942,56.343743743743744,2,0.8,1,0
1943,56.343743743743744,3,0.8,1,0
1944,56.343743743743744,4,0.8,1,0
1945,56.343743743743744,5,0.8,1,0
1946,56.44364364364364,2,0.8,1,0
1947,56.44364364364364,3,0.8,1,0
1948,56.44364364364364,4,0.8,1,0
1949,56.44364364364364,5,0.8,1,0
1950,56.54354354354354,2,0.8,1,0
1951,56.54354354354354,3,0.8,1,0
1952,56.54354354354354,4,0.8,1,0
1953,56.54354354354354,5,0.8,1,0
1954,56.64344344344344,2,0.8,1,0
1955,56.64344344344344,3,0.8,1,0
1956,56.64344344344344,4,0.8,1,0
1957,56.64344344344344,5,0.8,1,0
1958,56.74334334334334,2,0.8,1,0
1959,56.74334334334334,3,0.8,1,0
1960,56.74334334334334,4,0.8,1,0
1961,56.74334334334334,5,0.8,1,0
1962,56.84324324324324,2,0.8,1,0
1963,56.84324324324324,3,0.8,1,0
1964,56.84324324324324,4,0.8,1,0
1965,56.84324324324324,5,0.8,1,0
1966,56.94314314314314,2,0.8,1,0
1967,56.94314314314314,3,0.8,1,0
1968,56.94314314314314,4,0.8,1,0
1969,56.94314314314314,5,0.8,1,0
1970,57.04304304304304,2,0.8,1,0
1971,57.04304304304304,3,0.8,1,0
1972,57.04304304304304,4,0.8,1,0
1973,57.04304304304304,5,0.8,1,0
1974,57.14294294294294,2,0.8,1,0
1975,57.14294294294294,3,0.8,1,0
1976,57.14294294294294,4,0.8,1,0
1977,57.14294294294294,5,0.8,1,0
1978,57.24284284284284,2,0.8,1,0
1979,57.24284284284284,3,0.8,1,0
1980,57.24284284284284,4,0.8,1,0
1981,57.24284284284284,5,0.8,1,0
1982,57.34274274274274,2,0.8,1,0
1983,57.34274274274274,3,0.8,1,0
1984,57.34274274274274,4,0.8,1,0
1985,57.34274274274274,5,0.8,1,0
1986,57.44264264264264,2,0.8,1,0
1987,57.44264264264264,3,0.8,1,0
1988,57.44264264264264,4,0.8,1,0
1989,57.44264264264264,5,0.8,1,0
1990,57.54254254254254,2,0.8,1,0
1991,57.54254254254254,3,0.8,1,0
1992,57.54254254254254,4,0.8,1,0
1993,57.54254254254254,5,0.8,1,0
1994,57.64244244244244,2,0.8,1,0
1995,57.64244244244244,3,0.8,1,0
1996,57.64244244244244,4,0.8,1,0
1997,57.64244244244244,5,0.8,1,0
1998,57.74234234234234,2,0.8,1,0
1999,57.74234234234234,3,0.8,1,0
2000,57.74234234234234,4,0.8,1,0
2001,57.74234234234234,5,0.8,1,0
2002,57.84224224224224,2,0.8,1,0
2003,57.84224224224224,3,0.8,1,0
2004,57.84224224224224,4,0.8,1,0
2005,57.84224224224224,5,0.8,1,0
2006,57.94214214214214,2,0.8,1,0
2007,57.94214214214214,3,0.8,1,0
2008,57.94214214214214,4,0.8,1,0
2009,57.94214214214214,5,0.8,1,0
2010,58.04204204204204,2,0.8,1,0
2011,58.04204204204204,3,0.8,1,0
2012,58.04204204204204,4,0.8,1,0
2013,58.04204204204204,5,0.8,1,0
2014,58.14194194194194,2,0.8,1,0
2015,58.14194194194194,3,0.8,1,0
2016,58.14194194194194,4,0.8,1,0
2017,58.14194194194194,5,0.8,1,0
2018,58.24184184184184,2,0.8,1,0
2019,58.24184184184184,3,0.8,1,0
2020,58.24184184184184,4,0.8,1,0
2021,58.24184184184184,5,0.8,1,0
2022,58.34174174174174,2,0.8,1,0
2023,58.34174174174174,3,0.8,1,0
2024,58.34174174174174,4,0.8,1,0
2025,58.34174174174174,5,0.8,1,0
2026,58.44164164164164,2,0.8,1,0
2027,58.44164164164164,3,0.8,1,0
2028,58.44164164164164,4,0.8,1,0
2029,58.44164164164164,5,0.8,1,0
2030,58.54154154154154,2,0.8,1,0
2031,58.54154154154154,3,0.8,1,0
2032,58.54154154154154,4,0.8,1,0
2033,58.54154154154154,5,0.8,1,0
2034,58.64144144144144,2,0.8,1,0
2035,58.64144144144144,3,0.8,1,0
2036,58.64144144144144,4,0.8,1,0
2037,58.64144144144144,5,0.8,1,0
2038,58.74134134134134,2,0.8,1,0
2039,58.74134134134134,3,0.8,1,0
2040,58.74134134134134,4,0.8,1,0
2041,58.74134134134134,5,0.8,1,0
2042,58.84124124124124,2,0.8,1,0
2043,58.84124124124124,3,0.8,1,0
2044,58.84124124124124,4,0.8,1,0
2045,58.84124124124124,5,0.8,1,0
2046,58.94114114114114,2,0.8,1,0
2047,58.94114114114114,3,0.8,1,0
2048,58.94114114114114,4,0.8,1,0
2049,58.94114114114114,5,0.8,1,0
2050,59.04104104104104,2,0.8,1,0
2051,59.04104104104104,3,0.8,1,0
2052,59.04104104104104,4,0.8,1,0
2053,59.04104104104104,5,0.8,1,0
2054,59.140940940940936,2,0.8,1,0
2055,59.140940940940936,3,0.8,1,0
2056,59.140940940940936,4,0.8,1,0
2057,59.140940940940936,5,0.8,1,0
2058,59.24084084084084,2,0.8,1,0
2059,59.24084084084084,3,0.8,1,0
2060,59.24084084084084,4,0.8,1,0
2061,59.24084084084084,5,0.8,1,0
2062,59.34074074074074,2,0.8,1,0
2063,59.34074074074074,3,0.8,1,0
2064,59.34074074074074,4,0.8,1,0
2065,59.34074074074074,5,0.8,1,0
2066,59.44064064064064,2,0.8,1,0
2067,59.44064064064064,3,0.8,1,0
2068,59.44064064064064,4,0.8,1,0
2069,59.44064064064064,5,0.8,1,0
2070,59.54054054054054,2,0.8,1,0
2071,59.54054054054054,3,0.8,1,0
2072,59.54054054054054,4,0.8,1,0
2073,59.54054054054054,5,0.8,1,0
2074,59.640440440440436,2,0.8,1,0
2075,59.640440440440436,3,0.8,1,0
2076,59.640440440440436,4,0.8,1,0
2077,59.640440440440436,5,0.8,1,0
2078,59.74034034034034,2,0.8,1,0
2079,59.74034034034034,3,0.8,1,0
2080,59.74034034034034,4,0.8,1,0
2081,59.74034034034034,5,0.8,1,0
2082,59.840240240240234,2,0.8,1,0
2083,59.840240240240234,3,0.8,1,0
2084,59.840240240240234,4,0.8,1,0
2085,59.840240240240234,5,0.8,1,0
2086,59.94014014014014,2,0.8,1,0
2087,59.94014014014014,3,0.8,1,0
2088,59.94014014014014,4,0.8,1,0
2089,59.94014014014014,5,0.8,1,0
2090,60.04004004004004,2,0.8,1,0
2091,60.04004004004004,3,0.8,1,0
2092,60.04004004004004,4,0.8,1,0
2093,60.04004004004004,5,0.8,1,0
2094,60.139939939939936,2,0.8,1,0
2095,60.139939939939936,3,0.8,1,0
2096,60.139939939939936,4,0.8,1,0
2097,60.139939939939936,5,0.8,1,0
2098,60.23983983983984,2,0.8,1,0
2099,60.23983983983984,3,0.8,1,0
2100,60.23983983983984,4,0.8,1,0
2101,60.23983983983984,5,0.8,1,0
2102,60.339739739739734,2,0.8,1,0
2103,60.339739739739734,3,0.8,1,0
2104,60.339739739739734,4,0.8,1,0
2105,60.339739739739734,5,0.8,1,0
2106,60.43963963963964,2,0.8,1,0
2107,60.43963963963964,3,0.8,1,0
2108,60.43963963963964,4,0.8,1,0
2109,60.43963963963964,5,0.8,1,0
2110,60.53953953953954,2,0.8,1,0
2111,60.53953953953954,3,0.8,1,0
2112,60.53953953953954,4,0.8,1,0
2113,60.53953953953954,5,0.8,1,0
2114,60.639439439439435,2,0.8,1,0
2115,60.639439439439435,3,0.8,1,0
2116,60.639439439439435,4,0.8,1,0
2117,60.639439439439435,5,0.8,1,0
2118,60.73933933933934,2,0.8,1,0
2119,60.73933933933934,3,0.8,1,0
2120,60.73933933933934,4,0.8,1,0
2121,60.73933933933934,5,0.8,1,0
2122,60.839239239239234,2,0.8,1,0
2123,60.839239239239234,3,0.8,1,0
2124,60.839239239239234,4,0.8,1,0
2125,60.839239239239234,5,0.8,1,0
2126,60.93913913913914,2,0.8,1,0
2127,60.93913913913914,3,0.8,1,0
2128,60.93913913913914,4,0.8,1,0
2129,60.93913913913914,5,0.8,1,0
2130,61.03903903903904,2,0.8,1,0
2131,61.03903903903904,3,0.8,1,0
2132,61.03903903903904,4,0.8,1,0
2133,61.03903903903904,5,0.8,1,0
2134,61.138938938938935,2,0.8,1,0
2135,61.138938938938935,3,0.8,1,0
2136,61.138938938938935,4,0.8,1,0
2137,61.138938938938935,5,0.8,1,0
2138,61.23883883883884,2,0.8,1,0
2139,61.23883883883884,3,0.8,1,0
2140,61.23883883883884,4,0.8,1,0
2141,61.23883883883884,5,0.8,1,0
2142,61.33873873873873,2,0.8,1,0
2143,61.33873873873873,3,0.8,1,0
2144,61.33873873873873,4,0.8,1,0
2145,61.33873873873873,5,0.8,1,0
2146,61.438638638638636,2,0.8,1,0
2147,61.438638638638636,3,0.8,1,0
2148,61.438638638638636,4,0.8,1,0
2149,61.438638638638636,5,0.8,1,0
2150,61.53853853853854,2,0.8,1,0
2151,61.53853853853854,3,0.8,1,0
2152,61.53853853853854,4,0.8,1,0
2153,61.53853853853854,5,0.8,1,0
2154,61.638438438438435,2,0.8,1,0
2155,61.638438438438435,3,0.8,1,0
2156,61.638438438438435,4,0.8,1,0
2157,61.638438438438435,5,0.8,1,0
2158,61.73833833833834,2,0.8,1,0
2159,61.73833833833834,3,0.8,1,0
2160,61.73833833833834,4,0.8,1,0
2161,61.73833833833834,5,0.8,1,0
2162,61.83823823823823,2,0.8,1,0
2163,61.83823823823823,3,0.8,1,0
2164,61.83823823823823,4,0.8,1,0
2165,61.83823823823823,5,0.8,1,0
2166,61.938138138138136,2,0.8,1,0
2167,61.938138138138136,3,0.8,1,0
2168,61.938138138138136,4,0.8,1,0
2169,61.938138138138136,5,0.8,1,0
2170,62.03803803803804,2,0.8,1,0
2171,62.03803803803804,3,0.8,1,0
2172,62.03803803803804,4,0.8,1,0
2173,62.03803803803804,5,0.8,1,0
2174,62.137937937937934,2,0.8,1,0
2175,62.137937937937934,3,0.8,1,0
2176,62.137937937937934,4,0.8,1,0
2177,62.137937937937934,5,0.8,1,0
2178,62.23783783783784,2,0.8,1,0
2179,62.23783783783784,3,0.8,1,0
2180,62.23783783783784,4,0.8,1,0
2181,62.23783783783784,5,0.8,1,0
2182,62.33773773773773,2,0.8,1,0
2183,62.33773773773773,3,0.8,1,0
2184,62.33773773773773,4,0.8,1,0
2185,62.33773773773773,5,0.8,1,0
2186,62.437637637637636,2,0.8,1,0
2187,62.437637637637636,3,0.8,1,0
2188,62.437637637637636,4,0.8,1,0
2189,62.437637637637636,5,0.8,1,0
2190,62.53753753753753,2,0.8,1,0
2191,62.53753753753753,3,0.8,1,0
2192,62.53753753753753,4,0.8,1,0
2193,62.53753753753753,5,0.8,1,0
2194,62.637437437437434,2,0.8,1,0
2195,62.637437437437434,3,0.8,1,0
2196,62.637437437437434,4,0.8,1,0
2197,62.637437437437434,5,0.8,1,0
2198,62.73733733733734,2,0.8,1,0
2199,62.73733733733734,3,0.8,1,0
2200,62.73733733733734,4,0.8,1,0
2201,62.73733733733734,5,0.8,1,0
2202,62.83723723723723,2,0.8,1,0
2203,62.83723723723723,3,0.8,1,0
2204,62.83723723723723,4,0.8,1,0
2205,62.83723723723723,5,0.8,1,0
2206,62.937137137137135,2,0.8,1,0
2207,62.937137137137135,3,0.8,1,0
2208,62.937137137137135,4,0.8,1,0
2209,62.937137137137135,5,0.8,1,0
2210,63.03703703703703,2,0.8,1,0
2211,63.03703703703703,3,0.8,1,0
2212,63.03703703703703,4,0.8,1,0
2213,63.03703703703703,5,0.8,1,0
2214,63.136936936936934,2,0.8,1,0
2215,63.136936936936934,3,0.8,1,0
2216,63.136936936936934,4,0.8,1,0
2217,63.136936936936934,5,0.8,1,0
2218,63.23683683683684,2,0.8,1,0
2219,63.23683683683684,3,0.8,1,0
2220,63.23683683683684,4,0.8,1,0
2221,63.23683683683684,5,0.8,1,0
2222,63.33673673673673,2,0.8,1,0
2223,63.33673673673673,3,0.8,1,0
2224,63.33673673673673,4,0.8,1,0
2225,63.33673673673673,5,0.8,1,0
2226,63.436636636636635,2,0.8,1,0
2227,63.436636636636635,3,0.8,1,0
2228,63.436636636636635,4,0.8,1,0
2229,63.436636636636635,5,0.8,1,0
2230,63.53653653653653,2,0.8,1,0
2231,63.53653653653653,3,0.8,1,0
2232,63.53653653653653,4,0.8,1,0
2233,63.53653653653653,5,0.8,1,0
2234,63.63643643643643,2,0.8,1,0
2235,63.63643643643643,3,0.8,1,0
2236,63.63643643643643,4,0.8,1,0
2237,63.63643643643643,5,0.8,1,0
2238,63.736336336336336,2,0.8,1,0
2239,63.736336336336336,3,0.8,1,0
2240,63.736336336336336,4,0.8,1,0
2241,63.736336336336336,5,0.8,1,0
2242,63.83623623623623,2,0.8,1,0
2243,63.83623623623623,3,0.8,1,0
2244,63.83623623623623,4,0.8,1,0
2245,63.83623623623623,5,0.8,1,0
2246,63.936136136136135,2,0.8,1,0
2247,63.936136136136135,3,0.8,1,0
2248,63.936136136136135,4,0.8,1,0
2249,63.936136136136135,5,0.8,1,0
2250,64.03603603603602,2,0.8,1,0
2251,64.03603603603602,3,0.8,1,0
2252,64.03603603603602,4,0.8,1,0
2253,64.03603603603602,5,0.8,1,0
2254,64.13593593593593,2,0.8,1,0
2255,64.13593593593593,3,0.8,1,0
2256,64.13593593593593,4,0.8,1,0
2257,64.13593593593593,5,0.8,1,0
2258,64.23583583583583,2,0.8,1,0
2259,64.23583583583583,3,0.8,1,0
2260,64.23583583583583,4,0.8,1,0
2261,64.23583583583583,5,0.8,1,0
2262,64.33573573573574,2,0.8,1,0
2263,64.33573573573574,3,0.8,1,0
2264,64.33573573573574,4,0.8,1,0
2265,64.33573573573574,5,0.8,1,0
2266,64.43563563563563,2,0.8,1,0
2267,64.43563563563563,3,0.8,1,0
2268,64.43563563563563,4,0.8,1,0
2269,64.43563563563563,5,0.8,1,0
2270,64.53553553553553,2,0.8,1,0
2271,64.53553553553553,3,0.8,1,0
2272,64.53553553553553,4,0.8,1,0
2273,64.53553553553553,5,0.8,1,0
2274,64.63543543543543,2,0.8,1,0
2275,64.63543543543543,3,0.8,1,0
2276,64.63543543543543,4,0.8,1,0
2277,64.63543543543543,5,0.8,1,0
2278,64.73533533533534,2,0.8,1,0
2279,64.73533533533534,3,0.8,1,0
2280,64.73533533533534,4,0.8,1,0
2281,64.73533533533534,5,0.8,1,0
2282,64.83523523523523,2,0.8,1,0
2283,64.83523523523523,3,0.8,1,0
2284,64.83523523523523,4,0.8,1,0
2285,64.83523523523523,5,0.8,1,0
2286,64.93513513513513,2,0.8,1,0
2287,64.93513513513513,3,0.8,1,0
2288,64.93513513513513,4,0.8,1,0
2289,64.93513513513513,5,0.8,1,0
2290,65.03503503503504,2,0.8,1,0
2291,65.03503503503504,3,0.8,1,0
2292,65.03503503503504,4,0.8,1,0
2293,65.03503503503504,5,0.8,1,0
2294,65.13493493493493,2,0.8,1,0
2295,65.13493493493493,3,0.8,1,0
2296,65.13493493493493,4,0.8,1,0
2297,65.13493493493493,5,0.8,1,0
2298,65.23483483483483,2,0.8,1,0
2299,65.23483483483483,3,0.8,1,0
2300,65.23483483483483,4,0.8,1,0
2301,65.23483483483483,5,0.8,1,0
2302,65.33473473473474,2,0.8,1,0
2303,65.33473473473474,3,0.8,1,0
2304,65.33473473473474,4,0.8,1,0
2305,65.33473473473474,5,0.8,1,0
2306,65.43463463463463,2,0.8,1,0
2307,65.43463463463463,3,0.8,1,0
2308,65.43463463463463,4,0.8,1,0
2309,65.43463463463463,5,0.8,1,0
2310,65.53453453453453,2,0.8,1,0
2311,65.53453453453453,3,0.8,1,0
2312,65.53453453453453,4,0.8,1,0
2313,65.53453453453453,5,0.8,1,0
2314,65.63443443443443,2,0.8,1,0
2315,65.63443443443443,3,0.8,1,0
2316,65.63443443443443,4,0.8,1,0
2317,65.63443443443443,5,0.8,1,0
2318,65.73433433433433,2,0.8,1,0
2319,65.73433433433433,3,0.8,1,0
2320,65.73433433433433,4,0.8,1,0
2321,65.73433433433433,5,0.8,1,0
2322,65.83423423423423,2,0.8,1,0
2323,65.83423423423423,3,0.8,1,0
2324,65.83423423423423,4,0.8,1,0
2325,65.83423423423423,5,0.8,1,0
2326,65.93413413413413,2,0.8,1,0
2327,65.93413413413413,3,0.8,1,0
2328,65.93413413413413,4,0.8,1,0
2329,65.93413413413413,5,0.8,1,0
2330,66.03403403403404,2,0.8,1,0
2331,66.03403403403404,3,0.8,1,0
2332,66.03403403403404,4,0.8,1,0
2333,66.03403403403404,5,0.8,1,0
2334,66.13393393393393,2,0.8,1,0
2335,66.13393393393393,3,0.8,1,0
2336,66.13393393393393,4,0.8,1,0
2337,66.13393393393393,5,0.8,1,0
2338,66.23383383383383,2,0.8,1,0
2339,66.23383383383383,3,0.8,1,0
2340,66.23383383383383,4,0.8,1,0
2341,66.23383383383383,5,0.8,1,0
2342,66.33373373373374,2,0.8,1,0
2343,66.33373373373374,3,0.8,1,0
2344,66.33373373373374,4,0.8,1,0
2345,66.33373373373374,5,0.8,1,0
2346,66.43363363363363,2,0.8,1,0
2347,66.43363363363363,3,0.8,1,0
2348,66.43363363363363,4,0.8,1,0
2349,66.43363363363363,5,0.8,1,0
2350,66.53353353353353,2,0.8,1,0
2351,66.53353353353353,3,0.8,1,0
2352,66.53353353353353,4,0.8,1,0
2353,66.53353353353353,5,0.8,1,0
2354,66.63343343343342,2,0.8,1,0
2355,66.63343343343342,3,0.8,1,0
2356,66.63343343343342,4,0.8,1,0
2357,66.63343343343342,5,0.8,1,0
2358,66.73333333333333,2,0.8,1,0
2359,66.73333333333333,3,0.8,1,0
2360,66.73333333333333,4,0.8,1,0
2361,66.73333333333333,5,0.8,1,0
2362,66.83323323323323,2,0.8,1,0
2363,66.83323323323323,3,0.8,1,0
2364,66.83323323323323,4,0.8,1,0
2365,66.83323323323323,5,0.8,1,0
2366,66.93313313313313,2,0.8,1,0
2367,66.93313313313313,3,0.8,1,0
2368,66.93313313313313,4,0.8,1,0
2369,66.93313313313313,5,0.8,1,0
2370,67.03303303303304,2,0.8,1,0
2371,67.03303303303304,3,0.8,1,0
2372,67.03303303303304,4,0.8,1,0
2373,67.03303303303304,5,0.8,1,0
2374,67.13293293293293,2,0.8,1,0
2375,67.13293293293293,3,0.8,1,0
2376,67.13293293293293,4,0.8,1,0
2377,67.13293293293293,5,0.8,1,0
2378,67.23283283283283,2,0.8,1,0
2379,67.23283283283283,3,0.8,1,0
2380,67.23283283283283,4,0.8,1,0
2381,67.23283283283283,5,0.8,1,0
2382,67.33273273273274,2,0.8,1,0
2383,67.33273273273274,3,0.8,1,0
2384,67.33273273273274,4,0.8,1,0
2385,67.33273273273274,5,0.8,1,0
2386,67.43263263263263,2,0.8,1,0
2387,67.43263263263263,3,0.8,1,0
2388,67.43263263263263,4,0.8,1,0
2389,67.43263263263263,5,0.8,1,0
2390,67.53253253253253,2,0.8,1,0
2391,67.53253253253253,3,0.8,1,0
2392,67.53253253253253,4,0.8,1,0
2393,67.53253253253253,5,0.8,1,0
2394,67.63243243243242,2,0.8,1,0
2395,67.63243243243242,3,0.8,1,0
2396,67.63243243243242,4,0.8,1,0
2397,67.63243243243242,5,0.8,1,0
2398,67.73233233233233,2,0.8,1,0
2399,67.73233233233233,3,0.8,1,0
2400,67.73233233233233,4,0.8,1,0
2401,67.73233233233233,5,0.8,1,0
2402,67.83223223223223,2,0.8,1,0
2403,67.83223223223223,3,0.8,1,0
2404,67.83223223223223,4,0.8,1,0
2405,67.83223223223223,5,0.8,1,0
2406,67.93213213213212,2,0.8,1,0
2407,67.93213213213212,3,0.8,1,0
2408,67.93213213213212,4,0.8,1,0
2409,67.93213213213212,5,0.8,1,0
2410,68.03203203203203,2,0.8,1,0
2411,68.03203203203203,3,0.8,1,0
2412,68.03203203203203,4,0.8,1,0
2413,68.03203203203203,5,0.8,1,0
2414,68.13193193193193,2,0.8,1,0
2415,68.13193193193193,3,0.8,1,0
2416,68.13193193193193,4,0.8,1,0
2417,68.13193193193193,5,0.8,1,0
2418,68.23183183183183,2,0.8,1,0
2419,68.23183183183183,3,0.8,1,0
2420,68.23183183183183,4,0.8,1,0
2421,68.23183183183183,5,0.8,1,0
2422,68.33173173173172,2,0.8,1,0
2423,68.33173173173172,3,0.8,1,0
2424,68.33173173173172,4,0.8,1,0
2425,68.33173173173172,5,0.8,1,0
2426,68.43163163163163,2,0.8,1,0
2427,68.43163163163163,3,0.8,1,0
2428,68.43163163163163,4,0.8,1,0
2429,68.43163163163163,5,0.8,1,0
2430,68.53153153153153,2,0.8,1,0
2431,68.53153153153153,3,0.8,1,0
2432,68.53153153153153,4,0.8,1,0
2433,68.53153153153153,5,0.8,1,0
2434,68.63143143143142,2,0.8,1,0
2435,68.63143143143142,3,0.8,1,0
2436,68.63143143143142,4,0.8,1,0
2437,68.63143143143142,5,0.8,1,0
2438,68.73133133133133,2,0.8,1,0
2439,68.73133133133133,3,0.8,1,0
2440,68.73133133133133,4,0.8,1,0
2441,68.73133133133133,5,0.8,1,0
2442,68.83123123123123,2,0.8,1,0
2443,68.83123123123123,3,0.8,1,0
2444,68.83123123123123,4,0.8,1,0
2445,68.83123123123123,5,0.8,1,0
2446,68.93113113113112,2,0.8,1,0
2447,68.93113113113112,3,0.8,1,0
2448,68.93113113113112,4,0.8,1,0
2449,68.93113113113112,5,0.8,1,0
2450,69.03103103103103,2,0.8,1,0
2451,69.03103103103103,3,0.8,1,0
2452,69.03103103103103,4,0.8,1,0
2453,69.03103103103103,5,0.8,1,0
2454,69.13093093093093,2,0.8,1,0
2455,69.13093093093093,3,0.8,1,0
2456,69.13093093093093,4,0.8,1,0
2457,69.13093093093093,5,0.8,1,0
2458,69.23083083083083,2,0.8,1,0
2459,69.23083083083083,3,0.8,1,0
2460,69.23083083083083,4,0.8,1,0
2461,69.23083083083083,5,0.8,1,0
2462,69.33073073073072,2,0.8,1,0
2463,69.33073073073072,3,0.8,1,0
2464,69.33073073073072,4,0.8,1,0
2465,69.33073073073072,5,0.8,1,0
2466,69.43063063063063,2,0.8,1,0
2467,69.43063063063063,3,0.8,1,0
2468,69.43063063063063,4,0.8,1,0
2469,69.43063063063063,5,0.8,1,0
2470,69.53053053053053,2,0.8,1,0
2471,69.53053053053053,3,0.8,1,0
2472,69.53053053053053,4,0.8,1,0
2473,69.53053053053053,5,0.8,1,0
2474,69.63043043043042,2,0.8,1,0
2475,69.63043043043042,3,0.8,1,0
2476,69.63043043043042,4,0.8,1,0
2477,69.63043043043042,5,0.8,1,0
2478,69.73033033033033,2,0.8,1,0
2479,69.73033033033033,3,0.8,1,0
2480,69.73033033033033,4,0.8,1,0
2481,69.73033033033033,5,0.8,1,0
2482,69.83023023023023,2,0.8,1,0
2483,69.83023023023023,3,0.8,1,0
2484,69.83023023023023,4,0.8,1,0
2485,69.83023023023023,5,0.8,1,0
2486,69.93013013013012,2,0.8,1,0
2487,69.93013013013012,3,0.8,1,0
2488,69.93013013013012,4,0.8,1,0
2489,69.93013013013012,5,0.8,1,0
2490,70.03003003003003,2,0.8,1,0
2491,70.03003003003003,3,0.8,1,0
2492,70.03003003003003,4,0.8,1,0
2493,70.03003003003003,5,0.8,1,0
2494,70.12992992992993,2,0.8,1,0
2495,70.12992992992993,3,0.8,1,0
2496,70.12992992992993,4,0.8,1,0
2497,70.12992992992993,5,0.8,1,0
2498,70.22982982982982,2,0.8,1,0
2499,70.22982982982982,3,0.8,1,0
2500,70.22982982982982,4,0.8,1,0
2501,70.22982982982982,5,0.8,1,0
2502,70.32972972972972,2,0.8,1,0
2503,70.32972972972972,3,0.8,1,0
2504,70.32972972972972,4,0.8,1,0
2505,70.32972972972972,5,0.8,1,0
2506,70.42962962962963,2,0.8,1,0
2507,70.42962962962963,3,0.8,1,0
2508,70.42962962962963,4,0.8,1,0
2509,70.42962962962963,5,0.8,1,0
2510,70.52952952952953,2,0.8,1,0
2511,70.52952952952953,3,0.8,1,0
2512,70.52952952952953,4,0.8,1,0
2513,70.52952952952953,5,0.8,1,0
2514,70.62942942942942,2,0.8,1,0
2515,70.62942942942942,3,0.8,1,0
2516,70.62942942942942,4,0.8,1,0
2517,70.62942942942942,5,0.8,1,0
2518,70.72932932932933,2,0.8,1,0
2519,70.72932932932933,3,0.8,1,0
2520,70.72932932932933,4,0.8,1,0
2521,70.72932932932933,5,0.8,1,0
2522,70.82922922922923,2,0.8,1,0
2523,70.82922922922923,3,0.8,1,0
2524,70.82922922922923,4,0.8,1,0
2525,70.82922922922923,5,0.8,1,0
2526,70.92912912912912,2,0.8,1,0
2527,70.92912912912912,3,0.8,1,0
2528,70.92912912912912,4,0.8,1,0
2529,70.92912912912912,5,0.8,1,0
2530,71.02902902902902,2,0.8,1,0
2531,71.02902902902902,3,0.8,1,0
2532,71.02902902902902,4,0.8,1,0
2533,71.02902902902902,5,0.8,1,0
2534,71.12892892892893,2,0.8,1,0
2535,71.12892892892893,3,0.8,1,0
2536,71.12892892892893,4,0.8,1,0
2537,71.12892892892893,5,0.8,1,0
2538,71.22882882882882,2,0.8,1,0
2539,71.22882882882882,3,0.8,1,0
2540,71.22882882882882,4,0.8,1,0
2541,71.22882882882882,5,0.8,1,0
2542,71.32872872872872,2,0.8,1,0
2543,71.32872872872872,3,0.8,1,0
2544,71.32872872872872,4,0.8,1,0
2545,71.32872872872872,5,0.8,1,0
2546,71.42862862862863,2,0.8,1,0
2547,71.42862862862863,3,0.8,1,0
2548,71.42862862862863,4,0.8,1,0
2549,71.42862862862863,5,0.8,1,0
2550,71.52852852852853,2,0.8,1,0
2551,71.52852852852853,3,0.8,1,0
2552,71.52852852852853,4,0.8,1,0
2553,71.52852852852853,5,0.8,1,0
2554,71.62842842842842,2,0.8,1,0
2555,71.62842842842842,3,0.8,1,0
2556,71.62842842842842,4,0.8,1,0
2557,71.62842842842842,5,0.8,1,0
2558,71.72832832832833,2,0.8,1,0
2559,71.72832832832833,3,0.8,1,0
2560,71.72832832832833,4,0.8,1,0
2561,71.72832832832833,5,0.8,1,0
2562,71.82822822822823,2,0.8,1,0
2563,71.82822822822823,3,0.8,1,0
2564,71.82822822822823,4,0.8,1,0
2565,71.82822822822823,5,0.8,1,0
2566,71.92812812812812,2,0.8,1,0
2567,71.92812812812812,3,0.8,1,0
2568,71.92812812812812,4,0.8,1,0
2569,71.92812812812812,5,0.8,1,0
2570,72.02802802802802,2,0.8,1,0
2571,72.02802802802802,3,0.8,1,0
2572,72.02802802802802,4,0.8,1,0
2573,72.02802802802802,5,0.8,1,0
2574,72.12792792792793,2,0.8,1,0
2575,72.12792792792793,3,0.8,1,0
2576,72.12792792792793,4,0.8,1,0
2577,72.12792792792793,5,0.8,1,0
2578,72.22782782782782,2,0.8,1,0
2579,72.22782782782782,3,0.8,1,0
2580,72.22782782782782,4,0.8,1,0
2581,72.22782782782782,5,0.8,1,0
2582,72.32772772772772,2,0.8,1,0
2583,72.32772772772772,3,0.8,1,0
2584,72.32772772772772,4,0.8,1,0
2585,72.32772772772772,5,0.8,1,0
2586,72.42762762762763,2,0.8,1,0
2587,72.42762762762763,3,0.8,1,0
2588,72.42762762762763,4,0.8,1,0
2589,72.42762762762763,5,0.8,1,0
2590,72.52752752752752,2,0.8,1,0
2591,72.52752752752752,3,0.8,1,0
2592,72.52752752752752,4,0.8,1,0
2593,72.52752752752752,5,0.8,1,0
2594,72.62742742742742,2,0.8,1,0
2595,72.62742742742742,3,0.8,1,0
2596,72.62742742742742,4,0.8,1,0
2597,72.62742742742742,5,0.8,1,0
2598,72.72732732732733,2,0.8,1,0
2599,72.72732732732733,3,0.8,1,0
2600,72.72732732732733,4,0.8,1,0
2601,72.72732732732733,5,0.8,1,0
2602,72.82722722722723,2,0.8,1,0
2603,72.82722722722723,3,0.8,1,0
2604,72.82722722722723,4,0.8,1,0
2605,72.82722722722723,5,0.8,1,0
2606,72.92712712712712,2,0.8,1,0
2607,72.92712712712712,3,0.8,1,0
2608,72.92712712712712,4,0.8,1,0
2609,72.92712712712712,5,0.8,1,0
2610,73.02702702702702,2,0.8,1,0
2611,73.02702702702702,3,0.8,1,0
2612,73.02702702702702,4,0.8,1,0
2613,73.02702702702702,5,0.8,1,0
2614,73.12692692692693,2,0.8,1,0
2615,73.12692692692693,3,0.8,1,0
2616,73.12692692692693,4,0.8,1,0
2617,73.12692692692693,5,0.8,1,0
2618,73.22682682682682,2,0.8,1,0
2619,73.22682682682682,3,0.8,1,0
2620,73.22682682682682,4,0.8,1,0
2621,73.22682682682682,5,0.8,1,0
2622,73.32672672672672,2,0.8,1,0
2623,73.32672672672672,3,0.8,1,0
2624,73.32672672672672,4,0.8,1,0
2625,73.32672672672672,5,0.8,1,0
2626,73.42662662662663,2,0.8,1,0
2627,73.42662662662663,3,0.8,1,0
2628,73.42662662662663,4,0.8,1,0
2629,73.42662662662663,5,0.8,1,0
2630,73.52652652652652,2,0.8,1,0
2631,73.52652652652652,3,0.8,1,0
2632,73.52652652652652,4,0.8,1,0
2633,73.52652652652652,5,0.8,1,0
2634,73.62642642642642,2,0.8,1,0
2635,73.62642642642642,3,0.8,1,0
2636,73.62642642642642,4,0.8,1,0
2637,73.62642642642642,5,0.8,1,0
2638,73.72632632632632,2,0.8,1,0
2639,73.72632632632632,3,0.8,1,0
2640,73.72632632632632,4,0.8,1,0
2641,73.72632632632632,5,0.8,1,0
2642,73.82622622622623,2,0.8,1,0
2643,73.82622622622623,3,0.8,1,0
2644,73.82622622622623,4,0.8,1,0
2645,73.82622622622623,5,0.8,1,0
2646,73.92612612612612,2,0.8,1,0
2647,73.92612612612612,3,0.8,1,0
2648,73.92612612612612,4,0.8,1,0
2649,73.92612612612612,5,0.8,1,0
2650,74.02602602602602,2,0.8,1,0
2651,74.02602602602602,3,0.8,1,0
2652,74.02602602602602,4,0.8,1,0
2653,74.02602602602602,5,0.8,1,0
2654,74.12592592592593,2,0.8,1,0
2655,74.12592592592593,3,0.8,1,0
2656,74.12592592592593,4,0.8,1,0
2657,74.12592592592593,5,0.8,1,0
2658,74.22582582582582,2,0.8,1,0
2659,74.22582582582582,3,0.8,1,0
2660,74.22582582582582,4,0.8,1,0
2661,74.22582582582582,5,0.8,1,0
2662,74.32572572572572,2,0.8,1,0
2663,74.32572572572572,3,0.8,1,0
2664,74.32572572572572,4,0.8,1,0
2665,74.32572572572572,5,0.8,1,0
2666,74.42562562562563,2,0.8,1,0
2667,74.42562562562563,3,0.8,1,0
2668,74.42562562562563,4,0.8,1,0
2669,74.42562562562563,5,0.8,1,0
2670,74.52552552552552,2,0.8,1,0
2671,74.52552552552552,3,0.8,1,0
2672,74.52552552552552,4,0.8,1,0
2673,74.52552552552552,5,0.8,1,0
2674,74.62542542542542,2,0.8,1,0
2675,74.62542542542542,3,0.8,1,0
2676,74.62542542542542,4,0.8,1,0
2677,74.62542542542542,5,0.8,1,0
2678,74.72532532532531,2,0.8,1,0
2679,74.72532532532531,3,0.8,1,0
2680,74.72532532532531,4,0.8,1,0
2681,74.72532532532531,5,0.8,1,0
2682,74.82522522522522,2,0.8,1,0
2683,74.82522522522522,3,0.8,1,0
2684,74.82522522522522,4,0.8,1,0
2685,74.82522522522522,5,0.8,1,0
2686,74.92512512512512,2,0.8,1,0
2687,74.92512512512512,3,0.8,1,0
2688,74.92512512512512,4,0.8,1,0
2689,74.92512512512512,5,0.8,1,0
2690,75.02502502502502,2,0.8,1,0
2691,75.02502502502502,3,0.8,1,0
2692,75.02502502502502,4,0.8,1,0
2693,75.02502502502502,5,0.8,1,0
2694,75.12492492492493,2,0.8,1,0
2695,75.12492492492493,3,0.8,1,0
2696,75.12492492492493,4,0.8,1,0
2697,75.12492492492493,5,0.8,1,0
2698,75.22482482482482,2,0.8,1,0
2699,75.22482482482482,3,0.8,1,0
2700,75.22482482482482,4,0.8,1,0
2701,75.22482482482482,5,0.8,1,0
2702,75.32472472472472,2,0.8,1,0
2703,75.32472472472472,3,0.8,1,0
2704,75.32472472472472,4,0.8,1,0
2705,75.32472472472472,5,0.8,1,0
2706,75.42462462462463,2,0.8,1,0
2707,75.42462462462463,3,0.8,1,0
2708,75.42462462462463,4,0.8,1,0
2709,75.42462462462463,5,0.8,1,0
2710,75.52452452452452,2,0.8,1,0
2711,75.52452452452452,3,0.8,1,0
2712,75.52452452452452,4,0.8,1,0
2713,75.52452452452452,5,0.8,1,0
2714,75.62442442442442,2,0.8,1,0
2715,75.62442442442442,3,0.8,1,0
2716,75.62442442442442,4,0.8,1,0
2717,75.62442442442442,5,0.8,1,0
2718,75.72432432432431,2,0.8,1,0
2719,75.72432432432431,3,0.8,1,0
2720,75.72432432432431,4,0.8,1,0
2721,75.72432432432431,5,0.8,1,0
2722,75.82422422422422,2,0.8,1,0
2723,75.82422422422422,3,0.8,1,0
2724,75.82422422422422,4,0.8,1,0
2725,75.82422422422422,5,0.8,1,0
2726,75.92412412412412,2,0.8,1,0
2727,75.92412412412412,3,0.8,1,0
2728,75.92412412412412,4,0.8,1,0
2729,75.92412412412412,5,0.8,1,0
2730,76.02402402402402,2,0.8,1,0
2731,76.02402402402402,3,0.8,1,0
2732,76.02402402402402,4,0.8,1,0
2733,76.02402402402402,5,0.8,1,0
2734,76.12392392392393,2,0.8,1,0
2735,76.12392392392393,3,0.8,1,0
2736,76.12392392392393,4,0.8,1,0
2737,76.12392392392393,5,0.8,1,0
2738,76.22382382382382,2,0.8,1,0
2739,76.22382382382382,3,0.8,1,0
2740,76.22382382382382,4,0.8,1,0
2741,76.22382382382382,5,0.8,1,0
2742,76.32372372372372,2,0.8,1,0
2743,76.32372372372372,3,0.8,1,0
2744,76.32372372372372,4,0.8,1,0
2745,76.32372372372372,5,0.8,1,0
2746,76.42362362362363,2,0.8,1,0
2747,76.42362362362363,3,0.8,1,0
2748,76.42362362362363,4,0.8,1,0
2749,76.42362362362363,5,0.8,1,0
2750,76.52352352352352,2,0.8,1,0
2751,76.52352352352352,3,0.8,1,0
2752,76.52352352352352,4,0.8,1,0
2753,76.52352352352352,5,0.8,1,0
2754,76.62342342342342,2,0.8,1,0
2755,76.62342342342342,3,0.8,1,0
2756,76.62342342342342,4,0.8,1,0
2757,76.62342342342342,5,0.8,1,0
2758,76.72332332332331,2,0.8,1,0
2759,76.72332332332331,3,0.8,1,0
2760,76.72332332332331,4,0.8,1,0
2761,76.72332332332331,5,0.8,1,0
2762,76.82322322322322,2,0.8,1,0
2763,76.82322322322322,3,0.8,1,0
2764,76.82322322322322,4,0.8,1,0
2765,76.82322322322322,5,0.8,1,0
2766,76.92312312312312,2,0.8,1,0
2767,76.92312312312312,3,0.8,1,0
2768,76.92312312312312,4,0.8,1,0
2769,76.92312312312312,5,0.8,1,0
2770,77.02302302302301,2,0.8,1,0
2771,77.02302302302301,3,0.8,1,0
2772,77.02302302302301,4,0.8,1,0
2773,77.02302302302301,5,0.8,1,0
2774,77.12292292292292,2,0.8,1,0
2775,77.12292292292292,3,0.8,1,0
2776,77.12292292292292,4,0.8,1,0
2777,77.12292292292292,5,0.8,1,0
2778,77.22282282282282,2,0.8,1,0
2779,77.22282282282282,3,0.8,1,0
2780,77.22282282282282,4,0.8,1,0
2781,77.22282282282282,5,0.8,1,0
2782,77.32272272272272,2,0.8,1,0
2783,77.32272272272272,3,0.8,1,0
2784,77.32272272272272,4,0.8,1,0
2785,77.32272272272272,5,0.8,1,0
2786,77.42262262262261,2,0.8,1,0
2787,77.42262262262261,3,0.8,1,0
2788,77.42262262262261,4,0.8,1,0
2789,77.42262262262261,5,0.8,1,0
2790,77.52252252252252,2,0.8,1,0
2791,77.52252252252252,3,0.8,1,0
2792,77.52252252252252,4,0.8,1,0
2793,77.52252252252252,5,0.8,1,0
2794,77.62242242242242,2,0.8,1,0
2795,77.62242242242242,3,0.8,1,0
2796,77.62242242242242,4,0.8,1,0
2797,77.62242242242242,5,0.8,1,0
2798,77.72232232232231,2,0.8,1,0
2799,77.72232232232231,3,0.8,1,0
2800,77.72232232232231,4,0.8,1,0
2801,77.72232232232231,5,0.8,1,0
2802,77.82222222222222,2,0.8,1,0
2803,77.82222222222222,3,0.8,1,0
2804,77.82222222222222,4,0.8,1,0
2805,77.82222222222222,5,0.8,1,0
2806,77.92212212212212,2,0.8,1,0
2807,77.92212212212212,3,0.8,1,0
2808,77.92212212212212,4,0.8,1,0
2809,77.92212212212212,5,0.8,1,0
2810,78.02202202202201,2,0.8,1,0
2811,78.02202202202201,3,0.8,1,0
2812,78.02202202202201,4,0.8,1,0
2813,78.02202202202201,5,0.8,1,0
2814,78.12192192192192,2,0.8,1,0
2815,78.12192192192192,3,0.8,1,0
2816,78.12192192192192,4,0.8,1,0
2817,78.12192192192192,5,0.8,1,0
2818,78.22182182182182,2,0.8,1,0
2819,78.22182182182182,3,0.8,1,0
2820,78.22182182182182,4,0.8,1,0
2821,78.22182182182182,5,0.8,1,0
2822,78.32172172172172,2,0.8,1,0
2823,78.32172172172172,3,0.8,1,0
2824,78.32172172172172,4,0.8,1,0
2825,78.32172172172172,5,0.8,1,0
2826,78.42162162162161,2,0.8,1,0
2827,78.42162162162161,3,0.8,1,0
2828,78.42162162162161,4,0.8,1,0
2829,78.42162162162161,5,0.8,1,0
2830,78.52152152152152,2,0.8,1,0
2831,78.52152152152152,3,0.8,1,0
2832,78.52152152152152,4,0.8,1,0
2833,78.52152152152152,5,0.8,1,0
2834,78.62142142142142,2,0.8,1,0
2835,78.62142142142142,3,0.8,1,0
2836,78.62142142142142,4,0.8,1,0
2837,78.62142142142142,5,0.8,1,0
2838,78.72132132132131,2,0.8,1,0
2839,78.72132132132131,3,0.8,1,0
2840,78.72132132132131,4,0.8,1,0
2841,78.72132132132131,5,0.8,1,0
2842,78.82122122122122,2,0.8,1,0
2843,78.82122122122122,3,0.8,1,0
2844,78.82122122122122,4,0.8,1,0
2845,78.82122122122122,5,0.8,1,0
2846,78.92112112112112,2,0.8,1,0
2847,78.92112112112112,3,0.8,1,0
2848,78.92112112112112,4,0.8,1,0
2849,78.92112112112112,5,0.8,1,0
2850,79.02102102102101,2,0.8,1,0
2851,79.02102102102101,3,0.8,1,0
2852,79.02102102102101,4,0.8,1,0
2853,79.02102102102101,5,0.8,1,0
2854,79.12092092092092,2,0.8,1,0
2855,79.12092092092092,3,0.8,1,0
2856,79.12092092092092,4,0.8,1,0
2857,79.12092092092092,5,0.8,1,0
2858,79.22082082082082,2,0.8,1,0
2859,79.22082082082082,3,0.8,1,0
2860,79.22082082082082,4,0.8,1,0
2861,79.22082082082082,5,0.8,1,0
2862,79.32072072072071,2,0.8,1,0
2863,79.32072072072071,3,0.8,1,0
2864,79.32072072072071,4,0.8,1,0
2865,79.32072072072071,5,0.8,1,0
2866,79.42062062062061,2,0.8,1,0
2867,79.42062062062061,3,0.8,1,0
2868,79.42062062062061,4,0.8,1,0
2869,79.42062062062061,5,0.8,1,0
2870,79.52052052052052,2,0.8,1,0
2871,79.52052052052052,3,0.8,1,0
2872,79.52052052052052,4,0.8,1,0
2873,79.52052052052052,5,0.8,1,0
2874,79.62042042042042,2,0.8,1,0
2875,79.62042042042042,3,0.8,1,0
2876,79.62042042042042,4,0.8,1,0
2877,79.62042042042042,5,0.8,1,0
2878,79.72032032032031,2,0.8,1,0
2879,79.72032032032031,3,0.8,1,0
2880,79.72032032032031,4,0.8,1,0
2881,79.72032032032031,5,0.8,1,0
2882,79.82022022022022,2,0.8,1,0
2883,79.82022022022022,3,0.8,1,0
2884,79.82022022022022,4,0.8,1,0
2885,79.82022022022022,5,0.8,1,0
2886,79.92012012012012,2,0.8,1,0
2887,79.92012012012012,3,0.8,1,0
2888,79.92012012012012,4,0.8,1,0
2889,79.92012012012012,5,0.8,1,0
2890,80.02002002002001,2,0.8,1,0
2891,80.02002002002001,3,0.8,1,0
2892,80.02002002002001,4,0.8,1,0
2893,80.02002002002001,5,0.8,1,0
2894,80.11991991991992,2,0.8,1,0
2895,80.11991991991992,3,0.8,1,0
2896,80.11991991991992,4,0.8,1,0
2897,80.11991991991992,5,0.8,1,0
2898,80.21981981981982,2,0.8,1,0
2899,80.21981981981982,3,0.8,1,0
2900,80.21981981981982,4,0.8,1,0
2901,80.21981981981982,5,0.8,1,0
2902,80.31971971971971,2,0.8,1,0
2903,80.31971971971971,3,0.8,1,0
2904,80.31971971971971,4,0.8,1,0
2905,80.31971971971971,5,0.8,1,0
2906,80.41961961961961,2,0.8,1,0
2907,80.41961961961961,3,0.8,1,0
2908,80.41961961961961,4,0.8,1,0
2909,80.41961961961961,5,0.8,1,0
2910,80.51951951951952,2,0.8,1,0
2911,80.51951951951952,3,0.8,1,0
2912,80.51951951951952,4,0.8,1,0
2913,80.51951951951952,5,0.8,1,0
2914,80.61941941941942,2,0.8,1,0
2915,80.61941941941942,3,0.8,1,0
2916,80.61941941941942,4,0.8,1,0
2917,80.61941941941942,5,0.8,1,0
2918,80.71931931931931,2,0.8,1,0
2919,80.71931931931931,3,0.8,1,0
2920,80.71931931931931,4,0.8,1,0
2921,80.71931931931931,5,0.8,1,0
2922,80.81921921921922,2,0.8,1,0
2923,80.81921921921922,3,0.8,1,0
2924,80.81921921921922,4,0.8,1,0
2925,80.81921921921922,5,0.8,1,0
2926,80.91911911911912,2,0.8,1,0
2927,80.91911911911912,3,0.8,1,0
2928,80.91911911911912,4,0.8,1,0
2929,80.91911911911912,5,0.8,1,0
2930,81.01901901901901,2,0.8,1,0
2931,81.01901901901901,3,0.8,1,0
2932,81.01901901901901,4,0.8,1,0
2933,81.01901901901901,5,0.8,1,0
2934,81.11891891891891,2,0.8,1,0
2935,81.11891891891891,3,0.8,1,0
2936,81.11891891891891,4,0.8,1,0
2937,81.11891891891891,5,0.8,1,0
2938,81.21881881881882,2,0.8,1,0
2939,81.21881881881882,3,0.8,1,0
2940,81.21881881881882,4,0.8,1,0
2941,81.21881881881882,5,0.8,1,0
2942,81.31871871871871,2,0.8,1,0
2943,81.31871871871871,3,0.8,1,0
2944,81.31871871871871,4,0.8,1,0
2945,81.31871871871871,5,0.8,1,0
2946,81.41861861861861,2,0.8,1,0
2947,81.41861861861861,3,0.8,1,0
2948,81.41861861861861,4,0.8,1,0
2949,81.41861861861861,5,0.8,1,0
2950,81.51851851851852,2,0.8,1,0
2951,81.51851851851852,3,0.8,1,0
2952,81.51851851851852,4,0.8,1,0
2953,81.51851851851852,5,0.8,1,0
2954,81.61841841841841,2,0.8,1,0
2955,81.61841841841841,3,0.8,1,0
2956,81.61841841841841,4,0.8,1,0
2957,81.61841841841841,5,0.8,1,0
2958,81.71831831831831,2,0.8,1,0
2959,81.71831831831831,3,0.8,1,0
2960,81.71831831831831,4,0.8,1,0
2961,81.71831831831831,5,0.8,1,0
2962,81.81821821821822,2,0.8,1,0
2963,81.81821821821822,3,0.8,1,0
2964,81.81821821821822,4,0.8,1,0
2965,81.81821821821822,5,0.8,1,0
2966,81.91811811811812,2,0.8,1,0
2967,81.91811811811812,3,0.8,1,0
2968,81.91811811811812,4,0.8,1,0
2969,81.91811811811812,5,0.8,1,0
2970,82.01801801801801,2,0.8,1,0
2971,82.01801801801801,3,0.8,1,0
2972,82.01801801801801,4,0.8,1,0
2973,82.01801801801801,5,0.8,1,0
2974,82.11791791791791,2,0.8,1,0
2975,82.11791791791791,3,0.8,1,0
2976,82.11791791791791,4,0.8,1,0
2977,82.11791791791791,5,0.8,1,0
2978,82.21781781781782,2,0.8,1,0
2979,82.21781781781782,3,0.8,1,0
2980,82.21781781781782,4,0.8,1,0
2981,82.21781781781782,5,0.8,1,0
2982,82.31771771771771,2,0.8,1,0
2983,82.31771771771771,3,0.8,1,0
2984,82.31771771771771,4,0.8,1,0
2985,82.31771771771771,5,0.8,1,0
2986,82.41761761761761,2,0.8,1,0
2987,82.41761761761761,3,0.8,1,0
2988,82.41761761761761,4,0.8,1,0
2989,82.41761761761761,5,0.8,1,0
2990,82.51751751751752,2,0.8,1,0
2991,82.51751751751752,3,0.8,1,0
2992,82.51751751751752,4,0.8,1,0
2993,82.51751751751752,5,0.8,1,0
2994,82.61741741741741,2,0.8,1,0
2995,82.61741741741741,3,0.8,1,0
2996,82.61741741741741,4,0.8,1,0
2997,82.61741741741741,5,0.8,1,0
2998,82.71731731731731,2,0.8,1,0
2999,82.71731731731731,3,0.8,1,0
3000,82.71731731731731,4,0.8,1,0
3001,82.71731731731731,5,0.8,1,0
3002,82.81721721721722,2,0.8,1,0
3003,82.81721721721722,3,0.8,1,0
3004,82.81721721721722,4,0.8,1,0
3005,82.81721721721722,5,0.8,1,0
3006,82.91711711711712,2,0.8,1,0
3007,82.91711711711712,3,0.8,1,0
3008,82.91711711711712,4,0.8,1,0
3009,82.91711711711712,5,0.8,1,0
3010,83.01701701701701,2,0.8,1,0
3011,83.01701701701701,3,0.8,1,0
3012,83.01701701701701,4,0.8,1,0
3013,83.01701701701701,5,0.8,1,0
3014,83.1169169169169,2,0.8,1,0
3015,83.1169169169169,3,0.8,1,0
3016,83.1169169169169,4,0.8,1,0
3017,83.1169169169169,5,0.8,1,0
3018,83.21681681681682,2,0.8,1,0
3019,83.21681681681682,3,0.8,1,0
3020,83.21681681681682,4,0.8,1,0
3021,83.21681681681682,5,0.8,1,0
3022,83.31671671671671,2,0.8,1,0
3023,83.31671671671671,3,0.8,1,0
3024,83.31671671671671,4,0.8,1,0
3025,83.31671671671671,5,0.8,1,0
3026,83.41661661661661,2,0.8,1,0
3027,83.41661661661661,3,0.8,1,0
3028,83.41661661661661,4,0.8,1,0
3029,83.41661661661661,5,0.8,1,0
3030,83.51651651651652,2,0.8,1,0
3031,83.51651651651652,3,0.8,1,0
3032,83.51651651651652,4,0.8,1,0
3033,83.51651651651652,5,0.8,1,0
3034,83.61641641641641,2,0.8,1,0
3035,83.61641641641641,3,0.8,1,0
3036,83.61641641641641,4,0.8,1,0
3037,83.61641641641641,5,0.8,1,0
3038,83.71631631631631,2,0.8,1,0
3039,83.71631631631631,3,0.8,1,0
3040,83.71631631631631,4,0.8,1,0
3041,83.71631631631631,5,0.8,1,0
3042,83.8162162162162,2,0.8,1,0
3043,83.8162162162162,3,0.8,1,0
3044,83.8162162162162,4,0.8,1,0
3045,83.8162162162162,5,0.8,1,0
3046,83.91611611611611,2,0.8,1,0
3047,83.91611611611611,3,0.8,1,0
3048,83.91611611611611,4,0.8,1,0
3049,83.91611611611611,5,0.8,1,0
3050,84.01601601601601,2,0.8,1,0
3051,84.01601601601601,3,0.8,1,0
3052,84.01601601601601,4,0.8,1,0
3053,84.01601601601601,5,0.8,1,0
3054,84.1159159159159,2,0.8,1,0
3055,84.1159159159159,3,0.8,1,0
3056,84.1159159159159,4,0.8,1,0
3057,84.1159159159159,5,0.8,1,0
3058,84.21581581581582,2,0.8,1,0
3059,84.21581581581582,3,0.8,1,0
3060,84.21581581581582,4,0.8,1,0
3061,84.21581581581582,5,0.8,1,0
3062,84.31571571571571,2,0.8,1,0
3063,84.31571571571571,3,0.8,1,0
3064,84.31571571571571,4,0.8,1,0
3065,84.31571571571571,5,0.8,1,0
3066,84.41561561561561,2,0.8,1,0
3067,84.41561561561561,3,0.8,1,0
3068,84.41561561561561,4,0.8,1,0
3069,84.41561561561561,5,0.8,1,0
3070,84.51551551551552,2,0.8,1,0
3071,84.51551551551552,3,0.8,1,0
3072,84.51551551551552,4,0.8,1,0
3073,84.51551551551552,5,0.8,1,0
3074,84.61541541541541,2,0.8,1,0
3075,84.61541541541541,3,0.8,1,0
3076,84.61541541541541,4,0.8,1,0
3077,84.61541541541541,5,0.8,1,0
3078,84.71531531531531,2,0.8,1,0
3079,84.71531531531531,3,0.8,1,0
3080,84.71531531531531,4,0.8,1,0
3081,84.71531531531531,5,0.8,1,0
3082,84.8152152152152,2,0.8,1,0
3083,84.8152152152152,3,0.8,1,0
3084,84.8152152152152,4,0.8,1,0
3085,84.8152152152152,5,0.8,1,0
3086,84.91511511511511,2,0.8,1,0
3087,84.91511511511511,3,0.8,1,0
3088,84.91511511511511,4,0.8,1,0
3089,84.91511511511511,5,0.8,1,0
3090,85.01501501501501,2,0.8,1,0
3091,85.01501501501501,3,0.8,1,0
3092,85.01501501501501,4,0.8,1,0
3093,85.01501501501501,5,0.8,1,0
3094,85.1149149149149,2,0.8,1,0
3095,85.1149149149149,3,0.8,1,0
3096,85.1149149149149,4,0.8,1,0
3097,85.1149149149149,5,0.8,1,0
3098,85.21481481481482,2,0.8,1,0
3099,85.21481481481482,3,0.8,1,0
3100,85.21481481481482,4,0.8,1,0
3101,85.21481481481482,5,0.8,1,0
3102,85.31471471471471,2,0.8,1,0
3103,85.31471471471471,3,0.8,1,0
3104,85.31471471471471,4,0.8,1,0
3105,85.31471471471471,5,0.8,1,0
3106,85.4146146146146,2,0.8,1,0
3107,85.4146146146146,3,0.8,1,0
3108,85.4146146146146,4,0.8,1,0
3109,85.4146146146146,5,0.8,1,0
3110,85.51451451451452,2,0.8,1,0
3111,85.51451451451452,3,0.8,1,0
3112,85.51451451451452,4,0.8,1,0
3113,85.51451451451452,5,0.8,1,0
3114,85.61441441441441,2,0.8,1,0
3115,85.61441441441441,3,0.8,1,0
3116,85.61441441441441,4,0.8,1,0
3117,85.61441441441441,5,0.8,1,0
3118,85.71431431431431,2,0.8,1,0
3119,85.71431431431431,3,0.8,1,0
3120,85.71431431431431,4,0.8,1,0
3121,85.71431431431431,5,0.8,1,0
3122,85.8142142142142,2,0.8,1,0
3123,85.8142142142142,3,0.8,1,0
3124,85.8142142142142,4,0.8,1,0
3125,85.8142142142142,5,0.8,1,0
3126,85.91411411411411,2,0.8,1,0
3127,85.91411411411411,3,0.8,1,0
3128,85.91411411411411,4,0.8,1,0
3129,85.91411411411411,5,0.8,1,0
3130,86.01401401401401,2,0.8,1,0
3131,86.01401401401401,3,0.8,1,0
3132,86.01401401401401,4,0.8,1,0
3133,86.01401401401401,5,0.8,1,0
3134,86.1139139139139,2,0.8,1,0
3135,86.1139139139139,3,0.8,1,0
3136,86.1139139139139,4,0.8,1,0
3137,86.1139139139139,5,0.8,1,0
3138,86.21381381381381,2,0.8,1,0
3139,86.21381381381381,3,0.8,1,0
3140,86.21381381381381,4,0.8,1,0
3141,86.21381381381381,5,0.8,1,0
3142,86.31371371371371,2,0.8,1,0
3143,86.31371371371371,3,0.8,1,0
3144,86.31371371371371,4,0.8,1,0
3145,86.31371371371371,5,0.8,1,0
3146,86.4136136136136,2,0.8,1,0
3147,86.4136136136136,3,0.8,1,0
3148,86.4136136136136,4,0.8,1,0
3149,86.4136136136136,5,0.8,1,0
3150,86.5135135135135,2,0.8,1,0
3151,86.5135135135135,3,0.8,1,0
3152,86.5135135135135,4,0.8,1,0
3153,86.5135135135135,5,0.8,1,0
3154,86.61341341341341,2,0.8,1,0
3155,86.61341341341341,3,0.8,1,0
3156,86.61341341341341,4,0.8,1,0
3157,86.61341341341341,5,0.8,1,0
3158,86.71331331331331,2,0.8,1,0
3159,86.71331331331331,3,0.8,1,0
3160,86.71331331331331,4,0.8,1,0
3161,86.71331331331331,5,0.8,1,0
3162,86.8132132132132,2,0.8,1,0
3163,86.8132132132132,3,0.8,1,0
3164,86.8132132132132,4,0.8,1,0
3165,86.8132132132132,5,0.8,1,0
3166,86.91311311311311,2,0.8,1,0
3167,86.91311311311311,3,0.8,1,0
3168,86.91311311311311,4,0.8,1,0
3169,86.91311311311311,5,0.8,1,0
3170,87.01301301301301,2,0.8,1,0
3171,87.01301301301301,3,0.8,1,0
3172,87.01301301301301,4,0.8,1,0
3173,87.01301301301301,5,0.8,1,0
3174,87.1129129129129,2,0.8,1,0
3175,87.1129129129129,3,0.8,1,0
3176,87.1129129129129,4,0.8,1,0
3177,87.1129129129129,5,0.8,1,0
3178,87.21281281281281,2,0.8,1,0
3179,87.21281281281281,3,0.8,1,0
3180,87.21281281281281,4,0.8,1,0
3181,87.21281281281281,5,0.8,1,0
3182,87.31271271271271,2,0.8,1,0
3183,87.31271271271271,3,0.8,1,0
3184,87.31271271271271,4,0.8,1,0
3185,87.31271271271271,5,0.8,1,0
3186,87.4126126126126,2,0.8,1,0
3187,87.4126126126126,3,0.8,1,0
3188,87.4126126126126,4,0.8,1,0
3189,87.4126126126126,5,0.8,1,0
3190,87.5125125125125,2,0.8,1,0
3191,87.5125125125125,3,0.8,1,0
3192,87.5125125125125,4,0.8,1,0
3193,87.5125125125125,5,0.8,1,0
3194,87.61241241241241,2,0.8,1,0
3195,87.61241241241241,3,0.8,1,0
3196,87.61241241241241,4,0.8,1,0
3197,87.61241241241241,5,0.8,1,0
3198,87.7123123123123,2,0.8,1,0
3199,87.7123123123123,3,0.8,1,0
3200,87.7123123123123,4,0.8,1,0
3201,87.7123123123123,5,0.8,1,0
3202,87.8122122122122,2,0.8,1,0
3203,87.8122122122122,3,0.8,1,0
3204,87.8122122122122,4,0.8,1,0
3205,87.8122122122122,5,0.8,1,0
3206,87.91211211211211,2,0.8,1,0
3207,87.91211211211211,3,0.8,1,0
3208,87.91211211211211,4,0.8,1,0
3209,87.91211211211211,5,0.8,1,0
3210,88.01201201201201,2,0.8,1,0
3211,88.01201201201201,3,0.8,1,0
3212,88.01201201201201,4,0.8,1,0
3213,88.01201201201201,5,0.8,1,0
3214,88.1119119119119,2,0.8,1,0
3215,88.1119119119119,3,0.8,1,0
3216,88.1119119119119,4,0.8,1,0
3217,88.1119119119119,5,0.8,1,0
3218,88.21181181181181,2,0.8,1,0
3219,88.21181181181181,3,0.8,1,0
3220,88.21181181181181,4,0.8,1,0
3221,88.21181181181181,5,0.8,1,0
3222,88.31171171171171,2,0.8,1,0
3223,88.31171171171171,3,0.8,1,0
3224,88.31171171171171,4,0.8,1,0
3225,88.31171171171171,5,0.8,1,0
3226,88.4116116116116,2,0.8,1,0
3227,88.4116116116116,3,0.8,1,0
3228,88.4116116116116,4,0.8,1,0
3229,88.4116116116116,5,0.8,1,0
3230,88.5115115115115,2,0.8,1,0
3231,88.5115115115115,3,0.8,1,0
3232,88.5115115115115,4,0.8,1,0
3233,88.5115115115115,5,0.8,1,0
3234,88.61141141141141,2,0.8,1,0
3235,88.61141141141141,3,0.8,1,0
3236,88.61141141141141,4,0.8,1,0
3237,88.61141141141141,5,0.8,1,0
3238,88.7113113113113,2,0.8,1,0
3239,88.7113113113113,3,0.8,1,0
3240,88.7113113113113,4,0.8,1,0
3241,88.7113113113113,5,0.8,1,0
3242,88.8112112112112,2,0.8,1,0
3243,88.8112112112112,3,0.8,1,0
3244,88.8112112112112,4,0.8,1,0
3245,88.8112112112112,5,0.8,1,0
3246,88.91111111111111,2,0.8,1,0
3247,88.91111111111111,3,0.8,1,0
3248,88.91111111111111,4,0.8,1,0
3249,88.91111111111111,5,0.8,1,0
3250,89.011011011011,2,0.8,1,0
3251,89.011011011011,3,0.8,1,0
3252,89.011011011011,4,0.8,1,0
3253,89.011011011011,5,0.8,1,0
3254,89.1109109109109,2,0.8,1,0
3255,89.1109109109109,3,0.8,1,0
3256,89.1109109109109,4,0.8,1,0
3257,89.1109109109109,5,0.8,1,0
3258,89.21081081081081,2,0.8,1,0
3259,89.21081081081081,3,0.8,1,0
3260,89.21081081081081,4,0.8,1,0
3261,89.21081081081081,5,0.8,1,0
3262,89.31071071071071,2,0.8,1,0
3263,89.31071071071071,3,0.8,1,0
3264,89.31071071071071,4,0.8,1,0
3265,89.31071071071071,5,0.8,1,0
3266,89.4106106106106,2,0.8,1,0
3267,89.4106106106106,3,0.8,1,0
3268,89.4106106106106,4,0.8,1,0
3269,89.4106106106106,5,0.8,1,0
3270,89.5105105105105,2,0.8,1,0
3271,89.5105105105105,3,0.8,1,0
3272,89.5105105105105,4,0.8,1,0
3273,89.5105105105105,5,0.8,1,0
3274,89.61041041041041,2,0.8,1,0
3275,89.61041041041041,3,0.8,1,0
3276,89.61041041041041,4,0.8,1,0
3277,89.61041041041041,5,0.8,1,0
3278,89.7103103103103,2,0.8,1,0
3279,89.7103103103103,3,0.8,1,0
3280,89.7103103103103,4,0.8,1,0
3281,89.7103103103103,5,0.8,1,0
3282,89.8102102102102,2,0.8,1,0
3283,89.8102102102102,3,0.8,1,0
3284,89.8102102102102,4,0.8,1,0
3285,89.8102102102102,5,0.8,1,0
3286,89.91011011011011,2,0.8,1,0
3287,89.91011011011011,3,0.8,1,0
3288,89.91011011011011,4,0.8,1,0
3289,89.91011011011011,5,0.8,1,0
3290,90.01001001001,2,0.8,1,0
3291,90.01001001001,3,0.8,1,0
3292,90.01001001001,4,0.8,1,0
3293,90.01001001001,5,0.8,1,0
3294,90.1099099099099,2,0.8,1,0
3295,90.1099099099099,3,0.8,1,0
3296,90.1099099099099,4,0.8,1,0
3297,90.1099099099099,5,0.8,1,0
3298,90.2098098098098,2,0.8,1,0
3299,90.2098098098098,3,0.8,1,0
3300,90.2098098098098,4,0.8,1,0
3301,90.2098098098098,5,0.8,1,0
3302,90.30970970970971,2,0.8,1,0
3303,90.30970970970971,3,0.8,1,0
3304,90.30970970970971,4,0.8,1,0
3305,90.30970970970971,5,0.8,1,0
3306,90.4096096096096,2,0.8,1,0
3307,90.4096096096096,3,0.8,1,0
3308,90.4096096096096,4,0.8,1,0
3309,90.4096096096096,5,0.8,1,0
3310,90.5095095095095,2,0.8,1,0
3311,90.5095095095095,3,0.8,1,0
3312,90.5095095095095,4,0.8,1,0
3313,90.5095095095095,5,0.8,1,0
3314,90.60940940940941,2,0.8,1,0
3315,90.60940940940941,3,0.8,1,0
3316,90.60940940940941,4,0.8,1,0
3317,90.60940940940941,5,0.8,1,0
3318,90.7093093093093,2,0.8,1,0
3319,90.7093093093093,3,0.8,1,0
3320,90.7093093093093,4,0.8,1,0
3321,90.7093093093093,5,0.8,1,0
3322,90.8092092092092,2,0.8,1,0
3323,90.8092092092092,3,0.8,1,0
3324,90.8092092092092,4,0.8,1,0
3325,90.8092092092092,5,0.8,1,0
3326,90.90910910910911,2,0.8,1,0
3327,90.90910910910911,3,0.8,1,0
3328,90.90910910910911,4,0.8,1,0
3329,90.90910910910911,5,0.8,1,0
3330,91.009009009009,2,0.8,1,0
3331,91.009009009009,3,0.8,1,0
3332,91.009009009009,4,0.8,1,0
3333,91.009009009009,5,0.8,1,0
3334,91.1089089089089,2,0.8,1,0
3335,91.1089089089089,3,0.8,1,0
3336,91.1089089089089,4,0.8,1,0
3337,91.1089089089089,5,0.8,1,0
3338,91.2088088088088,2,0.8,1,0
3339,91.2088088088088,3,0.8,1,0
3340,91.2088088088088,4,0.8,1,0
3341,91.2088088088088,5,0.8,1,0
3342,91.3087087087087,2,0.8,1,0
3343,91.3087087087087,3,0.8,1,0
3344,91.3087087087087,4,0.8,1,0
3345,91.3087087087087,5,0.8,1,0
3346,91.4086086086086,2,0.8,1,0
3347,91.4086086086086,3,0.8,1,0
3348,91.4086086086086,4,0.8,1,0
3349,91.4086086086086,5,0.8,1,0
3350,91.5085085085085,2,0.8,1,0
3351,91.5085085085085,3,0.8,1,0
3352,91.5085085085085,4,0.8,1,0
3353,91.5085085085085,5,0.8,1,0
3354,91.60840840840841,2,0.8,1,0
3355,91.60840840840841,3,0.8,1,0
3356,91.60840840840841,4,0.8,1,0
3357,91.60840840840841,5,0.8,1,0
3358,91.7083083083083,2,0.8,1,0
3359,91.7083083083083,3,0.8,1,0
3360,91.7083083083083,4,0.8,1,0
3361,91.7083083083083,5,0.8,1,0
3362,91.8082082082082,2,0.8,1,0
3363,91.8082082082082,3,0.8,1,0
3364,91.8082082082082,4,0.8,1,0
3365,91.8082082082082,5,0.8,1,0
3366,91.90810810810811,2,0.8,1,0
3367,91.90810810810811,3,0.8,1,0
3368,91.90810810810811,4,0.8,1,0
3369,91.90810810810811,5,0.8,1,0
3370,92.008008008008,2,0.8,1,0
3371,92.008008008008,3,0.8,1,0
3372,92.008008008008,4,0.8,1,0
3373,92.008008008008,5,0.8,1,0
3374,92.1079079079079,2,0.8,1,0
3375,92.1079079079079,3,0.8,1,0
3376,92.1079079079079,4,0.8,1,0
3377,92.1079079079079,5,0.8,1,0
3378,92.2078078078078,2,0.8,1,0
3379,92.2078078078078,3,0.8,1,0
3380,92.2078078078078,4,0.8,1,0
3381,92.2078078078078,5,0.8,1,0
3382,92.3077077077077,2,0.8,1,0
3383,92.3077077077077,3,0.8,1,0
3384,92.3077077077077,4,0.8,1,0
3385,92.3077077077077,5,0.8,1,0
3386,92.4076076076076,2,0.8,1,0
3387,92.4076076076076,3,0.8,1,0
3388,92.4076076076076,4,0.8,1,0
3389,92.4076076076076,5,0.8,1,0
3390,92.5075075075075,2,0.8,1,0
3391,92.5075075075075,3,0.8,1,0
3392,92.5075075075075,4,0.8,1,0
3393,92.5075075075075,5,0.8,1,0
3394,92.60740740740741,2,0.8,1,0
3395,92.60740740740741,3,0.8,1,0
3396,92.60740740740741,4,0.8,1,0
3397,92.60740740740741,5,0.8,1,0
3398,92.7073073073073,2,0.8,1,0
3399,92.7073073073073,3,0.8,1,0
3400,92.7073073073073,4,0.8,1,0
3401,92.7073073073073,5,0.8,1,0
3402,92.8072072072072,2,0.8,1,0
3403,92.8072072072072,3,0.8,1,0
3404,92.8072072072072,4,0.8,1,0
3405,92.8072072072072,5,0.8,1,0
3406,92.90710710710711,2,0.8,1,0
3407,92.90710710710711,3,0.8,1,0
3408,92.90710710710711,4,0.8,1,0
3409,92.90710710710711,5,0.8,1,0
3410,93.007007007007,2,0.8,1,0
3411,93.007007007007,3,0.8,1,0
3412,93.007007007007,4,0.8,1,0
3413,93.007007007007,5,0.8,1,0
3414,93.1069069069069,2,0.8,1,0
3415,93.1069069069069,3,0.8,1,0
3416,93.1069069069069,4,0.8,1,0
3417,93.1069069069069,5,0.8,1,0
3418,93.2068068068068,2,0.8,1,0
3419,93.2068068068068,3,0.8,1,0
3420,93.2068068068068,4,0.8,1,0
3421,93.2068068068068,5,0.8,1,0
3422,93.3067067067067,2,0.8,1,0
3423,93.3067067067067,3,0.8,1,0
3424,93.3067067067067,4,0.8,1,0
3425,93.3067067067067,5,0.8,1,0
3426,93.4066066066066,2,0.8,1,0
3427,93.4066066066066,3,0.8,1,0
3428,93.4066066066066,4,0.8,1,0
3429,93.4066066066066,5,0.8,1,0
3430,93.5065065065065,2,0.8,1,0
3431,93.5065065065065,3,0.8,1,0
3432,93.5065065065065,4,0.8,1,0
3433,93.5065065065065,5,0.8,1,0
3434,93.6064064064064,2,0.8,1,0
3435,93.6064064064064,3,0.8,1,0
3436,93.6064064064064,4,0.8,1,0
3437,93.6064064064064,5,0.8,1,0
3438,93.7063063063063,2,0.8,1,0
3439,93.7063063063063,3,0.8,1,0
3440,93.7063063063063,4,0.8,1,0
3441,93.7063063063063,5,0.8,1,0
3442,93.8062062062062,2,0.8,1,0
3443,93.8062062062062,3,0.8,1,0
3444,93.8062062062062,4,0.8,1,0
3445,93.8062062062062,5,0.8,1,0
3446,93.9061061061061,2,0.8,1,0
3447,93.9061061061061,3,0.8,1,0
3448,93.9061061061061,4,0.8,1,0
3449,93.9061061061061,5,0.8,1,0
3450,94.006006006006,2,0.8,1,0
3451,94.006006006006,3,0.8,1,0
3452,94.006006006006,4,0.8,1,0
3453,94.006006006006,5,0.8,1,0
3454,94.1059059059059,2,0.8,1,0
3455,94.1059059059059,3,0.8,1,0
3456,94.1059059059059,4,0.8,1,0
3457,94.1059059059059,5,0.8,1,0
3458,94.2058058058058,2,0.8,1,0
3459,94.2058058058058,3,0.8,1,0
3460,94.2058058058058,4,0.8,1,0
3461,94.2058058058058,5,0.8,1,0
3462,94.3057057057057,2,0.8,1,0
3463,94.3057057057057,3,0.8,1,0
3464,94.3057057057057,4,0.8,1,0
3465,94.3057057057057,5,0.8,1,0
3466,94.4056056056056,2,0.8,1,0
3467,94.4056056056056,3,0.8,1,0
3468,94.4056056056056,4,0.8,1,0
3469,94.4056056056056,5,0.8,1,0
3470,94.5055055055055,2,0.8,1,0
3471,94.5055055055055,3,0.8,1,0
3472,94.5055055055055,4,0.8,1,0
3473,94.5055055055055,5,0.8,1,0
3474,94.6054054054054,2,0.8,1,0
3475,94.6054054054054,3,0.8,1,0
3476,94.6054054054054,4,0.8,1,0
3477,94.6054054054054,5,0.8,1,0
3478,94.7053053053053,2,0.8,1,0
3479,94.7053053053053,3,0.8,1,0
3480,94.7053053053053,4,0.8,1,0
3481,94.7053053053053,5,0.8,1,0
3482,94.8052052052052,2,0.8,1,0
3483,94.8052052052052,3,0.8,1,0
3484,94.8052052052052,4,0.8,1,0
3485,94.8052052052052,5,0.8,1,0
3486,94.9051051051051,2,0.8,1,0
3487,94.9051051051051,3,0.8,1,0
3488,94.9051051051051,4,0.8,1,0
3489,94.9051051051051,5,0.8,1,0
3490,95.005005005005,2,0.8,1,0
3491,95.005005005005,3,0.8,1,0
3492,95.005005005005,4,0.8,1,0
3493,95.005005005005,5,0.8,1,0
3494,95.1049049049049,2,0.8,1,0
3495,95.1049049049049,3,0.8,1,0
3496,95.1049049049049,4,0.8,1,0
3497,95.1049049049049,5,0.8,1,0
3498,95.2048048048048,2,0.8,1,0
3499,95.2048048048048,3,0.8,1,0
3500,95.2048048048048,4,0.8,1,0
3501,95.2048048048048,5,0.8,1,0
3502,95.3047047047047,2,0.8,1,0
3503,95.3047047047047,3,0.8,1,0
3504,95.3047047047047,4,0.8,1,0
3505,95.3047047047047,5,0.8,1,0
3506,95.4046046046046,2,0.8,1,0
3507,95.4046046046046,3,0.8,1,0
3508,95.4046046046046,4,0.8,1,0
3509,95.4046046046046,5,0.8,1,0
3510,95.5045045045045,2,0.8,1,0
3511,95.5045045045045,3,0.8,1,0
3512,95.5045045045045,4,0.8,1,0
3513,95.5045045045045,5,0.8,1,0
3514,95.6044044044044,2,0.8,1,0
3515,95.6044044044044,3,0.8,1,0
3516,95.6044044044044,4,0.8,1,0
3517,95.6044044044044,5,0.8,1,0
3518,95.7043043043043,2,0.8,1,0
3519,95.7043043043043,3,0.8,1,0
3520,95.7043043043043,4,0.8,1,0
3521,95.7043043043043,5,0.8,1,0
3522,95.8042042042042,2,0.8,1,0
3523,95.8042042042042,3,0.8,1,0
3524,95.8042042042042,4,0.8,1,0
3525,95.8042042042042,5,0.8,1,0
3526,95.90410410410409,2,0.8,1,0
3527,95.90410410410409,3,0.8,1,0
3528,95.90410410410409,4,0.8,1,0
3529,95.90410410410409,5,0.8,1,0
3530,96.004004004004,2,0.8,1,0
3531,96.004004004004,3,0.8,1,0
3532,96.004004004004,4,0.8,1,0
3533,96.004004004004,5,0.8,1,0
3534,96.1039039039039,2,0.8,1,0
3535,96.1039039039039,3,0.8,1,0
3536,96.1039039039039,4,0.8,1,0
3537,96.1039039039039,5,0.8,1,0
3538,96.2038038038038,2,0.8,1,0
3539,96.2038038038038,3,0.8,1,0
3540,96.2038038038038,4,0.8,1,0
3541,96.2038038038038,5,0.8,1,0
3542,96.3037037037037,2,0.8,1,0
3543,96.3037037037037,3,0.8,1,0
3544,96.3037037037037,4,0.8,1,0
3545,96.3037037037037,5,0.8,1,0
3546,96.4036036036036,2,0.8,1,0
3547,96.4036036036036,3,0.8,1,0
3548,96.4036036036036,4,0.8,1,0
3549,96.4036036036036,5,0.8,1,0
3550,96.5035035035035,2,0.8,1,0
3551,96.5035035035035,3,0.8,1,0
3552,96.5035035035035,4,0.8,1,0
3553,96.5035035035035,5,0.8,1,0
3554,96.60340340340339,2,0.8,1,0
3555,96.60340340340339,3,0.8,1,0
3556,96.60340340340339,4,0.8,1,0
3557,96.60340340340339,5,0.8,1,0
3558,96.7033033033033,2,0.8,1,0
3559,96.7033033033033,3,0.8,1,0
3560,96.7033033033033,4,0.8,1,0
3561,96.7033033033033,5,0.8,1,0
3562,96.8032032032032,2,0.8,1,0
3563,96.8032032032032,3,0.8,1,0
3564,96.8032032032032,4,0.8,1,0
3565,96.8032032032032,5,0.8,1,0
3566,96.90310310310309,2,0.8,1,0
3567,96.90310310310309,3,0.8,1,0
3568,96.90310310310309,4,0.8,1,0
3569,96.90310310310309,5,0.8,1,0
3570,97.003003003003,2,0.8,1,0
3571,97.003003003003,3,0.8,1,0
3572,97.003003003003,4,0.8,1,0
3573,97.003003003003,5,0.8,1,0
3574,97.1029029029029,2,0.8,1,0
3575,97.1029029029029,3,0.8,1,0
3576,97.1029029029029,4,0.8,1,0
3577,97.1029029029029,5,0.8,1,0
3578,97.2028028028028,2,0.8,1,0
3579,97.2028028028028,3,0.8,1,0
3580,97.2028028028028,4,0.8,1,0
3581,97.2028028028028,5,0.8,1,0
3582,97.3027027027027,2,0.8,1,0
3583,97.3027027027027,3,0.8,1,0
3584,97.3027027027027,4,0.8,1,0
3585,97.3027027027027,5,0.8,1,0
3586,97.4026026026026,2,0.8,1,0
3587,97.4026026026026,3,0.8,1,0
3588,97.4026026026026,4,0.8,1,0
3589,97.4026026026026,5,0.8,1,0
3590,97.5025025025025,2,0.8,1,0
3591,97.5025025025025,3,0.8,1,0
3592,97.5025025025025,4,0.8,1,0
3593,97.5025025025025,5,0.8,1,0
3594,97.60240240240239,2,0.8,1,0
3595,97.60240240240239,3,0.8,1,0
3596,97.60240240240239,4,0.8,1,0
3597,97.60240240240239,5,0.8,1,0
3598,97.7023023023023,2,0.8,1,0
3599,97.7023023023023,3,0.8,1,0
3600,97.7023023023023,4,0.8,1,0
3601,97.7023023023023,5,0.8,1,0
3602,97.8022022022022,2,0.8,1,0
3603,97.8022022022022,3,0.8,1,0
3604,97.8022022022022,4,0.8,1,0
3605,97.8022022022022,5,0.8,1,0
3606,97.90210210210209,2,0.8,1,0
3607,97.90210210210209,3,0.8,1,0
3608,97.90210210210209,4,0.8,1,0
3609,97.90210210210209,5,0.8,1,0
3610,98.002002002002,2,0.8,1,0
3611,98.002002002002,3,0.8,1,0
3612,98.002002002002,4,0.8,1,0
3613,98.002002002002,5,0.8,1,0
3614,98.1019019019019,2,0.8,1,0
3615,98.1019019019019,3,0.8,1,0
3616,98.1019019019019,4,0.8,1,0
3617,98.1019019019019,5,0.8,1,0
3618,98.20180180180179,2,0.8,1,0
3619,98.20180180180179,3,0.8,1,0
3620,98.20180180180179,4,0.8,1,0
3621,98.20180180180179,5,0.8,1,0
3622,98.3017017017017,2,0.8,1,0
3623,98.3017017017017,3,0.8,1,0
3624,98.3017017017017,4,0.8,1,0
3625,98.3017017017017,5,0.8,1,0
3626,98.4016016016016,2,0.8,1,0
3627,98.4016016016016,3,0.8,1,0
3628,98.4016016016016,4,0.8,1,0
3629,98.4016016016016,5,0.8,1,0
3630,98.5015015015015,2,0.8,1,0
3631,98.5015015015015,3,0.8,1,0
3632,98.5015015015015,4,0.8,1,0
3633,98.5015015015015,5,0.8,1,0
3634,98.60140140140139,2,0.8,1,0
3635,98.60140140140139,3,0.8,1,0
3636,98.60140140140139,4,0.8,1,0
3637,98.60140140140139,5,0.8,1,0
3638,98.7013013013013,2,0.8,1,0
3639,98.7013013013013,3,0.8,1,0
3640,98.7013013013013,4,0.8,1,0
3641,98.7013013013013,5,0.8,1,0
3642,98.8012012012012,2,0.8,1,0
3643,98.8012012012012,3,0.8,1,0
3644,98.8012012012012,4,0.8,1,0
3645,98.8012012012012,5,0.8,1,0
3646,98.90110110110109,2,0.8,1,0
3647,98.90110110110109,3,0.8,1,0
3648,98.90110110110109,4,0.8,1,0
3649,98.90110110110109,5,0.8,1,0
3650,99.001001001001,2,0.8,1,0
3651,99.001001001001,3,0.8,1,0
3652,99.001001001001,4,0.8,1,0
3653,99.001001001001,5,0.8,1,0
3654,99.1009009009009,2,0.8,1,0
3655,99.1009009009009,3,0.8,1,0
3656,99.1009009009009,4,0.8,1,0
3657,99.1009009009009,5,0.8,1,0
3658,99.20080080080079,2,0.8,1,0
3659,99.20080080080079,3,0.8,1,0
3660,99.20080080080079,4,0.8,1,0
3661,99.20080080080079,5,0.8,1,0
3662,99.30070070070069,2,0.8,1,0
3663,99.30070070070069,3,0.8,1,0
3664,99.30070070070069,4,0.8,1,0
3665,99.30070070070069,5,0.8,1,0
3666,99.4006006006006,2,0.8,1,0
3667,99.4006006006006,3,0.8,1,0
3668,99.4006006006006,4,0.8,1,0
3669,99.4006006006006,5,0.8,1,0
3670,99.5005005005005,2,0.8,1,0
3671,99.5005005005005,3,0.8,1,0
3672,99.5005005005005,4,0.8,1,0
3673,99.5005005005005,5,0.8,1,0
3674,99.60040040040039,2,0.8,1,0
3675,99.60040040040039,3,0.8,1,0
3676,99.60040040040039,4,0.8,1,0
3677,99.60040040040039,5,0.8,1,0
3678,99.7003003003003,2,0.8,1,0
3679,99.7003003003003,3,0.8,1,0
3680,99.7003003003003,4,0.8,1,0
3681,99.7003003003003,5,0.8,1,0
3682,99.8002002002002,2,0.8,1,0
3683,99.8002002002002,3,0.8,1,0
3684,99.8002002002002,4,0.8,1,0
3685,99.8002002002002,5,0.8,1,0
3686,99.90010010010009,2,0.8,1,0
3687,99.90010010010009,3,0.8,1,0
3688,99.90010010010009,4,0.8,1,0
3689,99.90010010010009,5,0.8,1,0
3690,100.0,2,0.8,1,0
3691,100.0,3,0.8,1,0
3692,100.0,4,0.8,1,0
3693,100.0,5,0.8,1,0
3694,5.794394394394394,3,0.6666666666666666,1,2
3695,5.894294294294294,3,0.6666666666666666,1,2
3696,5.994194194194194,3,0.6666666666666666,1,2
3697,6.0940940940940935,3,0.6666666666666666,1,2
3698,6.193993993993994,3,0.6666666666666666,1,2
3699,6.293893893893894,3,0.6666666666666666,1,2
3700,6.393793793793793,3,0.6666666666666666,1,2
3701,6.493693693693693,3,0.6666666666666666,1,2
3702,6.593593593593593,3,0.6666666666666666,1,2
3703,6.693493493493493,3,0.6666666666666666,1,2
3704,6.793393393393393,3,0.6666666666666666,1,2
3705,6.893293293293293,3,0.6666666666666666,1,2
3706,6.993193193193193,3,0.6666666666666666,1,2
3707,7.093093093093093,3,0.6666666666666666,1,2
3708,7.192992992992992,3,0.6666666666666666,1,2
3709,7.292892892892892,3,0.6666666666666666,1,2
3710,7.392792792792792,3,0.6666666666666666,1,2
3711,7.4926926926926924,3,0.6666666666666666,1,2
3712,7.592592592592593,3,0.6666666666666666,1,2
3713,7.692492492492492,3,0.6666666666666666,1,2
3714,7.792392392392392,3,0.6666666666666666,1,2
3715,7.892292292292292,3,0.6666666666666666,1,2
3716,7.992192192192191,3,0.6666666666666666,1,2
3717,8.092092092092091,3,0.6666666666666666,1,2
3718,8.19199199199199,3,0.6666666666666666,1,2
3719,8.29189189189189,3,0.6666666666666666,1,2
3720,8.39179179179179,3,0.6666666666666666,1,2
3721,8.49169169169169,3,0.6666666666666666,1,2
3722,8.591591591591591,3,0.6666666666666666,1,2
3723,8.69149149149149,3,0.6666666666666666,1,2
3724,8.79139139139139,3,0.6666666666666666,1,2
3725,8.89129129129129,3,0.6666666666666666,1,2
3726,8.99119119119119,3,0.6666666666666666,1,2
3727,9.091091091091089,3,0.6666666666666666,1,2
3728,9.19099099099099,3,0.6666666666666666,1,2
3729,0.2,2,0.0,0,5
3730,0.2,3,0.0,0,5
3731,0.2,4,0.0,0,5
3732,0.2,5,0.0,0,5
3733,0.2,6,0.0,0,5
3734,0.2998998998998999,2,0.0,0,5
3735,0.2998998998998999,3,0.0,0,5
3736,0.2998998998998999,4,0.0,0,5
3737,0.2998998998998999,5,0.0,0,5
3738,0.2998998998998999,6,0.0,0,5
3739,0.3997997997997998,2,0.0,0,5
3740,0.3997997997997998,3,0.0,0,5
3741,0.3997997997997998,4,0.0,0,5
3742,0.3997997997997998,5,0.0,0,5
3743,0.3997997997997998,6,0.0,0,5
3744,0.4996996996996997,2,0.0,0,5
3745,0.4996996996996997,3,0.0,0,5
3746,0.4996996996996997,4,0.0,0,5
3747,0.4996996996996997,5,0.0,0,5
3748,0.4996996996996997,6,0.0,0,5
3749,0.5995995995995995,2,0.0,0,5
3750,0.5995995995995995,3,0.0,0,5
3751,0.5995995995995995,4,0.0,0,5
3752,0.5995995995995995,5,0.0,0,5
3753,0.5995995995995995,6,0.0,0,5
3754,0.6994994994994994,2,0.0,0,5
3755,0.6994994994994994,3,0.0,0,5
3756,0.6994994994994994,4,0.0,0,5
3757,0.6994994994994994,5,0.0,0,5
3758,0.6994994994994994,6,0.0,0,5
3759,0.7993993993993993,2,0.0,0,5
3760,0.7993993993993993,3,0.0,0,5
3761,0.7993993993993993,4,0.0,0,5
3762,0.7993993993993993,5,0.0,0,5
3763,0.7993993993993993,6,0.0,0,5
3764,0.8992992992992992,2,0.0,0,5
3765,0.8992992992992992,3,0.0,0,5
3766,0.8992992992992992,4,0.0,0,5
3767,0.8992992992992992,5,0.0,0,5
3768,0.8992992992992992,6,0.0,0,5
3769,0.9991991991991991,2,0.0,0,5
3770,0.9991991991991991,3,0.0,0,5
3771,0.9991991991991991,4,0.0,0,5
3772,0.9991991991991991,5,0.0,0,5
3773,0.9991991991991991,6,0.0,0,5
3774,1.099099099099099,2,0.0,0,5
3775,1.099099099099099,3,0.0,0,5
3776,1.099099099099099,4,0.0,0,5
3777,1.099099099099099,5,0.0,0,5
3778,1.099099099099099,6,0.0,0,5
3779,1.1989989989989989,2,0.0,0,5
3780,1.1989989989989989,3,0.0,0,5
3781,1.1989989989989989,4,0.0,0,5
3782,1.1989989989989989,5,0.0,0,5
3783,1.1989989989989989,6,0.0,0,5
3784,1.2988988988988988,2,0.0,0,5
3785,1.2988988988988988,3,0.0,0,5
3786,1.2988988988988988,4,0.0,0,5
3787,1.2988988988988988,5,0.0,0,5
3788,1.2988988988988988,6,0.0,0,5
3789,1.3987987987987986,2,0.0,0,5
3790,1.3987987987987986,3,0.0,0,5
3791,1.3987987987987986,4,0.0,0,5
3792,1.3987987987987986,5,0.0,0,5
3793,1.3987987987987986,6,0.0,0,5
3794,1.4986986986986985,2,0.0,0,5
3795,1.4986986986986985,3,0.0,0,5
3796,1.4986986986986985,4,0.0,0,5
3797,1.4986986986986985,5,0.0,0,5
3798,1.4986986986986985,6,0.0,0,5
3799,1.5985985985985984,2,0.0,0,5
3800,1.5985985985985984,3,0.0,0,5
3801,1.5985985985985984,4,0.0,0,5
3802,1.5985985985985984,5,0.0,0,5
3803,1.5985985985985984,6,0.0,0,5
3804,1.6984984984984983,2,0.0,0,5
3805,1.6984984984984983,3,0.0,0,5
3806,1.6984984984984983,4,0.0,0,5
3807,1.6984984984984983,5,0.0,0,5
3808,1.6984984984984983,6,0.0,0,5
3809,1.7983983983983982,2,0.0,0,5
3810,1.7983983983983982,3,0.0,0,5
3811,1.7983983983983982,4,0.0,0,5
3812,1.7983983983983982,5,0.0,0,5
3813,1.7983983983983982,6,0.0,0,5
3814,1.898298298298298,2,0.0,0,5
3815,1.898298298298298,3,0.0,0,5
3816,1.898298298298298,4,0.0,0,5
3817,1.898298298298298,5,0.0,0,5
3818,1.898298298298298,6,0.0,0,5
3819,1.998198198198198,2,0.0,0,5
3820,1.998198198198198,3,0.0,0,5
3821,1.998198198198198,4,0.0,0,5
3822,1.998198198198198,5,0.0,0,5
3823,1.998198198198198,6,0.0,0,5
3824,2.098098098098098,2,0.0,0,5
3825,2.098098098098098,3,0.0,0,5
3826,2.098098098098098,4,0.0,0,5
3827,2.098098098098098,5,0.0,0,5
3828,2.098098098098098,6,0.0,0,5
3829,2.197997997997998,2,0.0,0,5
3830,2.197997997997998,3,0.0,0,5
3831,2.197997997997998,4,0.0,0,5
3832,2.197997997997998,5,0.0,0,5
3833,2.197997997997998,6,0.0,0,5
3834,2.297897897897898,2,0.0,0,5
3835,2.297897897897898,3,0.0,0,5
3836,2.297897897897898,4,0.0,0,5
3837,2.297897897897898,5,0.0,0,5
3838,2.297897897897898,6,0.0,0,5
3839,2.397797797797798,2,0.0,0,5
3840,2.397797797797798,3,0.0,0,5
3841,2.397797797797798,4,0.0,0,5
3842,2.397797797797798,5,0.0,0,5
3843,2.397797797797798,6,0.0,0,5
3844,2.4976976976976974,2,0.0,0,5
3845,2.4976976976976974,3,0.0,0,5
3846,2.4976976976976974,4,0.0,0,5
3847,2.4976976976976974,5,0.0,0,5
3848,2.4976976976976974,6,0.0,0,5
3849,2.5975975975975976,2,0.0,0,5
3850,2.5975975975975976,3,0.0,0,5
3851,2.5975975975975976,4,0.0,0,5
3852,2.5975975975975976,5,0.0,0,5
3853,2.5975975975975976,6,0.0,0,5
3854,2.6974974974974977,2,0.0,0,5
3855,2.6974974974974977,3,0.0,0,5
3856,2.6974974974974977,4,0.0,0,5
3857,2.6974974974974977,5,0.0,0,5
3858,2.6974974974974977,6,0.0,0,5
3859,2.7973973973973973,2,0.0,0,5
3860,2.7973973973973973,3,0.0,0,5
3861,2.7973973973973973,4,0.0,0,5
3862,2.7973973973973973,5,0.0,0,5
3863,2.7973973973973973,6,0.0,0,5
3864,2.897297297297297,2,0.0,0,5
3865,2.897297297297297,3,0.0,0,5
3866,2.897297297297297,4,0.0,0,5
3867,2.897297297297297,5,0.0,0,5
3868,2.897297297297297,6,0.0,0,5
3869,2.997197197197197,2,0.0,0,5
3870,2.997197197197197,3,0.0,0,5
3871,2.997197197197197,4,0.0,0,5
3872,2.997197197197197,5,0.0,0,5
3873,2.997197197197197,6,0.0,0,5
3874,3.0970970970970972,2,0.0,0,5
3875,3.0970970970970972,3,0.0,0,5
3876,3.0970970970970972,4,0.0,0,5
3877,3.0970970970970972,5,0.0,0,5
3878,3.0970970970970972,6,0.0,0,5
3879,3.196996996996997,2,0.0,0,5
3880,3.196996996996997,3,0.0,0,5
3881,3.196996996996997,4,0.0,0,5
3882,3.196996996996997,5,0.0,0,5
3883,3.196996996996997,6,0.0,0,5
3884,3.2968968968968966,2,0.0,0,5
3885,3.2968968968968966,3,0.0,0,5
3886,3.2968968968968966,4,0.0,0,5
3887,3.2968968968968966,5,0.0,0,5
3888,3.2968968968968966,6,0.0,0,5
3889,3.3967967967967967,2,0.0,0,5
3890,3.3967967967967967,3,0.0,0,5
3891,3.3967967967967967,4,0.0,0,5
3892,3.3967967967967967,5,0.0,0,5
3893,3.3967967967967967,6,0.0,0,5
3894,3.496696696696697,3,0.0,0,5
3895,3.496696696696697,4,0.0,0,5
3896,3.496696696696697,5,0.0,0,5
3897,3.496696696696697,6,0.0,0,5
3898,3.5965965965965965,3,0.0,0,5
3899,3.5965965965965965,4,0.0,0,5
3900,3.5965965965965965,5,0.0,0,5
3901,3.5965965965965965,6,0.0,0,5
3902,3.696496496496496,3,0.0,0,5
3903,3.696496496496496,4,0.0,0,5
3904,3.696496496496496,5,0.0,0,5
3905,3.696496496496496,6,0.0,0,5
3906,3.7963963963963963,3,0.0,0,5
3907,3.7963963963963963,4,0.0,0,5
3908,3.7963963963963963,5,0.0,0,5
3909,3.7963963963963963,6,0.0,0,5
3910,3.8962962962962964,3,0.0,0,5
3911,3.8962962962962964,4,0.0,0,5
3912,3.8962962962962964,5,0.0,0,5
3913,3.8962962962962964,6,0.0,0,5
3914,3.996196196196196,3,0.0,0,5
3915,3.996196196196196,4,0.0,0,5
3916,3.996196196196196,5,0.0,0,5
3917,3.996196196196196,6,0.0,0,5
3918,4.096096096096096,3,0.0,0,5
3919,4.096096096096096,4,0.0,0,5
3920,4.096096096096096,5,0.0,0,5
3921,4.096096096096096,6,0.0,0,5
3922,4.195995995995996,3,0.0,0,5
3923,4.195995995995996,4,0.0,0,5
3924,4.195995995995996,5,0.0,0,5
3925,4.195995995995996,6,0.0,0,5
3926,4.295895895895896,3,0.0,0,5
3927,4.295895895895896,4,0.0,0,5
3928,4.295895895895896,5,0.0,0,5
3929,4.295895895895896,6,0.0,0,5
3930,4.395795795795796,3,0.0,0,5
3931,4.395795795795796,4,0.0,0,5
3932,4.395795795795796,5,0.0,0,5
3933,4.395795795795796,6,0.0,0,5
3934,4.495695695695695,3,0.0,0,5
3935,4.495695695695695,4,0.0,0,5
3936,4.495695695695695,5,0.0,0,5
3937,4.495695695695695,6,0.0,0,5
3938,4.595595595595595,3,0.0,0,5
3939,4.595595595595595,4,0.0,0,5
3940,4.595595595595595,5,0.0,0,5
3941,4.595595595595595,6,0.0,0,5
3942,4.6954954954954955,3,0.0,0,5
3943,4.6954954954954955,4,0.0,0,5
3944,4.6954954954954955,5,0.0,0,5
3945,4.6954954954954955,6,0.0,0,5
3946,4.795395395395395,3,0.0,0,5
3947,4.795395395395395,4,0.0,0,5
3948,4.795395395395395,5,0.0,0,5
3949,4.795395395395395,6,0.0,0,5
3950,4.895295295295295,3,0.0,0,5
3951,4.895295295295295,4,0.0,0,5
3952,4.895295295295295,5,0.0,0,5
3953,4.895295295295295,6,0.0,0,5
3954,4.995195195195195,3,0.0,0,5
3955,4.995195195195195,4,0.0,0,5
3956,4.995195195195195,5,0.0,0,5
3957,4.995195195195195,6,0.0,0,5
3958,5.095095095095095,3,0.0,0,5
3959,5.095095095095095,4,0.0,0,5
3960,5.095095095095095,5,0.0,0,5
3961,5.095095095095095,6,0.0,0,5
3962,5.194994994994995,3,0.0,0,5
3963,5.194994994994995,4,0.0,0,5
3964,5.194994994994995,5,0.0,0,5
3965,5.194994994994995,6,0.0,0,5
3966,5.294894894894894,3,0.0,0,5
3967,5.294894894894894,4,0.0,0,5
3968,5.294894894894894,5,0.0,0,5
3969,5.294894894894894,6,0.0,0,5
3970,5.3947947947947945,3,0.0,0,5
3971,5.3947947947947945,4,0.0,0,5
3972,5.3947947947947945,5,0.0,0,5
3973,5.3947947947947945,6,0.0,0,5
3974,5.494694694694695,3,0.0,0,5
3975,5.494694694694695,4,0.0,0,5
3976,5.494694694694695,5,0.0,0,5
3977,5.494694694694695,6,0.0,0,5
3978,5.594594594594594,3,0.0,0,5
3979,5.594594594594594,4,0.0,0,5
3980,5.594594594594594,5,0.0,0,5
3981,5.594594594594594,6,0.0,0,5
3982,5.694494494494494,3,0.0,0,5
3983,5.694494494494494,4,0.0,0,5
3984,5.694494494494494,5,0.0,0,5
3985,5.694494494494494,6,0.0,0,5
3986,5.794394394394394,4,0.0,0,5
3987,5.794394394394394,5,0.0,0,5
3988,5.794394394394394,6,0.0,0,5
3989,5.894294294294294,4,0.0,0,5
3990,5.894294294294294,5,0.0,0,5
3991,5.894294294294294,6,0.0,0,5
3992,5.994194194194194,4,0.0,0,5
3993,5.994194194194194,5,0.0,0,5
3994,5.994194194194194,6,0.0,0,5
3995,6.0940940940940935,4,0.0,0,5
3996,6.0940940940940935,5,0.0,0,5
3997,6.0940940940940935,6,0.0,0,5
3998,6.193993993993994,4,0.0,0,5
3999,6.193993993993994,5,0.0,0,5
4000,6.193993993993994,6,0.0,0,5
4001,6.293893893893894,4,0.0,0,5
4002,6.293893893893894,5,0.0,0,5
4003,6.293893893893894,6,0.0,0,5
4004,6.393793793793793,4,0.0,0,5
4005,6.393793793793793,5,0.0,0,5
4006,6.393793793793793,6,0.0,0,5
4007,6.493693693693693,4,0.0,0,5
4008,6.493693693693693,5,0.0,0,5
4009,6.493693693693693,6,0.0,0,5
4010,6.593593593593593,4,0.0,0,5
4011,6.593593593593593,5,0.0,0,5
4012,6.593593593593593,6,0.0,0,5
4013,6.693493493493493,4,0.0,0,5
4014,6.693493493493493,5,0.0,0,5
4015,6.693493493493493,6,0.0,0,5
4016,6.793393393393393,4,0.0,0,5
4017,6.793393393393393,5,0.0,0,5
4018,6.793393393393393,6,0.0,0,5
4019,6.893293293293293,4,0.0,0,5
4020,6.893293293293293,5,0.0,0,5
4021,6.893293293293293,6,0.0,0,5
4022,6.993193193193193,4,0.0,0,5
4023,6.993193193193193,5,0.0,0,5
4024,6.993193193193193,6,0.0,0,5
4025,7.093093093093093,4,0.0,0,5
4026,7.093093093093093,5,0.0,0,5
4027,7.093093093093093,6,0.0,0,5
4028,7.192992992992992,4,0.0,0,5
4029,7.192992992992992,5,0.0,0,5
4030,7.192992992992992,6,0.0,0,5
4031,7.292892892892892,4,0.0,0,5
4032,7.292892892892892,5,0.0,0,5
4033,7.292892892892892,6,0.0,0,5
4034,7.392792792792792,4,0.0,0,5
4035,7.392792792792792,5,0.0,0,5
4036,7.392792792792792,6,0.0,0,5
4037,7.4926926926926924,4,0.0,0,5
4038,7.4926926926926924,5,0.0,0,5
4039,7.4926926926926924,6,0.0,0,5
4040,7.592592592592593,4,0.0,0,5
4041,7.592592592592593,5,0.0,0,5
4042,7.592592592592593,6,0.0,0,5
4043,7.692492492492492,4,0.0,0,5
4044,7.692492492492492,5,0.0,0,5
4045,7.692492492492492,6,0.0,0,5
4046,7.792392392392392,4,0.0,0,5
4047,7.792392392392392,5,0.0,0,5
4048,7.792392392392392,6,0.0,0,5
4049,7.892292292292292,4,0.0,0,5
4050,7.892292292292292,5,0.0,0,5
4051,7.892292292292292,6,0.0,0,5
4052,7.992192192192191,4,0.0,0,5
4053,7.992192192192191,5,0.0,0,5
4054,7.992192192192191,6,0.0,0,5
4055,8.092092092092091,4,0.0,0,5
4056,8.092092092092091,5,0.0,0,5
4057,8.092092092092091,6,0.0,0,5
4058,8.19199199199199,4,0.0,0,5
4059,8.19199199199199,5,0.0,0,5
4060,8.19199199199199,6,0.0,0,5
4061,8.29189189189189,4,0.0,0,5
4062,8.29189189189189,5,0.0,0,5
4063,8.29189189189189,6,0.0,0,5
4064,8.39179179179179,4,0.0,0,5
4065,8.39179179179179,5,0.0,0,5
4066,8.39179179179179,6,0.0,0,5
4067,8.49169169169169,4,0.0,0,5
4068,8.49169169169169,5,0.0,0,5
4069,8.49169169169169,6,0.0,0,5
4070,8.591591591591591,4,0.0,0,5
4071,8.591591591591591,5,0.0,0,5
4072,8.591591591591591,6,0.0,0,5
4073,8.69149149149149,4,0.0,0,5
4074,8.69149149149149,5,0.0,0,5
4075,8.69149149149149,6,0.0,0,5
4076,8.79139139139139,4,0.0,0,5
4077,8.79139139139139,5,0.0,0,5
4078,8.79139139139139,6,0.0,0,5
4079,8.89129129129129,4,0.0,0,5
4080,8.89129129129129,5,0.0,0,5
4081,8.89129129129129,6,0.0,0,5
4082,8.99119119119119,4,0.0,0,5
4083,8.99119119119119,5,0.0,0,5
4084,8.99119119119119,6,0.0,0,5
4085,9.091091091091089,4,0.0,0,5
4086,9.091091091091089,5,0.0,0,5
4087,9.091091091091089,6,0.0,0,5
4088,9.19099099099099,4,0.0,0,5
4089,9.19099099099099,5,0.0,0,5
4090,9.19099099099099,6,0.0,0,5
4091,9.29089089089089,6,0.0,0,5
4092,9.390790790790788,6,0.0,0,5
4093,9.49069069069069,6,0.0,0,5
4094,9.590590590590589,6,0.0,0,5
4095,9.69049049049049,6,0.0,0,5
4096,9.790390390390389,6,0.0,0,5
4097,9.890290290290288,6,0.0,0,5
4098,9.990190190190189,6,0.0,0,5
4099,10.090090090090088,6,0.0,0,5
4100,10.18998998998999,6,0.0,0,5
4101,10.289889889889889,6,0.0,0,5
4102,10.389789789789788,6,0.0,0,5
4103,10.489689689689689,6,0.0,0,5
4104,10.589589589589588,6,0.0,0,5
4105,10.689489489489487,6,0.0,0,5
4106,10.789389389389388,6,0.0,0,5
4107,10.889289289289287,6,0.0,0,5
4108,10.989189189189187,6,0.0,0,5
4109,11.089089089089088,6,0.0,0,5
4110,11.188988988988987,6,0.0,0,5
4111,11.288888888888888,6,0.0,0,5
4112,11.388788788788787,6,0.0,0,5
4113,11.488688688688686,6,0.0,0,5
4114,11.588588588588587,6,0.0,0,5
4115,11.688488488488487,6,0.0,0,5
4116,11.788388388388388,6,0.0,0,5
4117,11.888288288288287,6,0.0,0,5
4118,11.988188188188186,6,0.0,0,5
4119,12.088088088088087,6,0.0,0,5
4120,12.187987987987986,6,0.0,0,5
4121,12.287887887887885,6,0.0,0,5
4122,12.387787787787786,6,0.0,0,5
4123,12.487687687687686,6,0.0,0,5
4124,12.587587587587585,6,0.0,0,5
4125,12.687487487487486,6,0.0,0,5
4126,12.787387387387385,6,0.0,0,5
4127,12.887287287287286,6,0.0,0,5
4128,12.987187187187185,6,0.0,0,5
4129,13.087087087087085,6,0.0,0,5
4130,13.186986986986986,6,0.0,0,5
4131,13.286886886886885,6,0.0,0,5
4132,13.386786786786786,6,0.0,0,5
4133,13.486686686686685,6,0.0,0,5
4134,13.586586586586584,6,0.0,0,5
4135,13.686486486486485,6,0.0,0,5
4136,13.786386386386384,6,0.0,0,5
4137,13.886286286286284,6,0.0,0,5
4138,13.986186186186185,6,0.0,0,5
4139,14.086086086086084,6,0.0,0,5
4140,14.185985985985983,6,0.0,0,5
4141,14.285885885885884,6,0.0,0,5
4142,14.385785785785783,6,0.0,0,5
4143,14.485685685685684,6,0.0,0,5
4144,14.585585585585584,6,0.0,0,5
4145,14.685485485485483,6,0.0,0,5
4146,14.785385385385384,6,0.0,0,5
4147,14.885285285285283,6,0.0,0,5
4148,14.985185185185184,6,0.0,0,5
4149,15.085085085085083,6,0.0,0,5
4150,15.184984984984983,6,0.0,0,5
4151,15.284884884884884,6,0.0,0,5
4152,15.384784784784783,6,0.0,0,5
4153,15.484684684684682,6,0.0,0,5
4154,15.584584584584583,6,0.0,0,5
4155,15.684484484484482,6,0.0,0,5
4156,15.784384384384381,6,0.0,0,5
4157,15.884284284284282,6,0.0,0,5
4158,15.984184184184182,6,0.0,0,5
4159,16.084084084084083,6,0.0,0,5
4160,16.183983983983982,6,0.0,0,5
4161,16.28388388388388,6,0.0,0,5
4162,16.38378378378378,6,0.0,0,5
4163,16.483683683683683,6,0.0,0,5
4164,16.583583583583582,6,0.0,0,5
4165,16.68348348348348,6,0.0,0,5
4166,16.78338338338338,6,0.0,0,5
4167,16.88328328328328,6,0.0,0,5
4168,16.983183183183183,6,0.0,0,5
4169,17.083083083083082,6,0.0,0,5
4170,17.18298298298298,6,0.0,0,5
4171,17.28288288288288,6,0.0,0,5
4172,17.38278278278278,6,0.0,0,5
4173,17.48268268268268,6,0.0,0,5
4174,17.58258258258258,6,0.0,0,5
4175,17.68248248248248,6,0.0,0,5
4176,17.78238238238238,6,0.0,0,5
4177,17.88228228228228,6,0.0,0,5
4178,17.98218218218218,6,0.0,0,5
4179,18.08208208208208,6,0.0,0,5
4180,18.18198198198198,6,0.0,0,5
4181,18.28188188188188,6,0.0,0,5
4182,18.38178178178178,6,0.0,0,5
4183,18.48168168168168,6,0.0,0,5
4184,18.581581581581577,6,0.0,0,5
4185,18.68148148148148,6,0.0,0,5
4186,18.78138138138138,6,0.0,0,5
4187,18.88128128128128,6,0.0,0,5
4188,18.981181181181178,6,0.0,0,5
4189,19.081081081081077,6,0.0,0,5
4190,19.18098098098098,6,0.0,0,5
4191,19.28088088088088,6,0.0,0,5
4192,19.38078078078078,6,0.0,0,5
4193,19.480680680680678,6,0.0,0,5
4194,19.580580580580577,6,0.0,0,5
4195,19.68048048048048,6,0.0,0,5
4196,19.78038038038038,6,0.0,0,5
4197,19.880280280280278,6,0.0,0,5
4198,19.980180180180177,6,0.0,0,5
4199,20.080080080080076,6,0.0,0,5
4200,20.17997997997998,6,0.0,0,5
4201,20.27987987987988,6,0.0,0,5
4202,20.379779779779778,6,0.0,0,5
4203,20.479679679679677,6,0.0,0,5
4204,20.579579579579576,6,0.0,0,5
4205,20.679479479479475,6,0.0,0,5
4206,20.779379379379378,6,0.0,0,5
4207,20.879279279279277,6,0.0,0,5
4208,20.979179179179177,6,0.0,0,5
4209,21.079079079079076,6,0.0,0,5
4210,21.178978978978975,6,0.0,0,5
4211,21.278878878878878,6,0.0,0,5
4212,21.378778778778777,6,0.0,0,5
4213,21.478678678678676,6,0.0,0,5
4214,21.578578578578576,6,0.0,0,5
4215,21.678478478478475,6,0.0,0,5
4216,21.778378378378374,6,0.0,0,5
4217,21.878278278278277,6,0.0,0,5
4218,21.978178178178176,6,0.0,0,5
4219,22.078078078078075,6,0.0,0,5
4220,22.177977977977974,6,0.0,0,5
4221,22.277877877877874,6,0.0,0,5
4222,22.377777777777776,6,0.0,0,5
4223,22.477677677677676,6,0.0,0,5
4224,22.577577577577575,6,0.0,0,5
4225,22.677477477477474,6,0.0,0,5
4226,22.777377377377373,6,0.0,0,5
4227,22.877277277277276,6,0.0,0,5
4228,22.977177177177175,6,0.0,0,5
4229,23.077077077077075,6,0.0,0,5
4230,23.176976976976974,6,0.0,0,5
4231,23.276876876876873,6,0.0,0,5
4232,23.376776776776776,6,0.0,0,5
4233,23.476676676676675,6,0.0,0,5
4234,23.576576576576574,6,0.0,0,5
4235,23.676476476476473,6,0.0,0,5
4236,23.776376376376373,6,0.0,0,5
4237,23.876276276276272,6,0.0,0,5
4238,23.976176176176175,6,0.0,0,5
4239,24.076076076076074,6,0.0,0,5
4240,24.175975975975973,6,0.0,0,5
4241,24.275875875875872,6,0.0,0,5
4242,24.37577577577577,6,0.0,0,5
4243,24.475675675675674,6,0.0,0,5
4244,24.575575575575574,6,0.0,0,5
4245,24.675475475475473,6,0.0,0,5
4246,24.775375375375372,6,0.0,0,5
4247,24.87527527527527,6,0.0,0,5
4248,24.97517517517517,6,0.0,0,5
4249,25.075075075075073,6,0.0,0,5
4250,25.174974974974972,6,0.0,0,5
4251,25.27487487487487,6,0.0,0,5
4252,25.37477477477477,6,0.0,0,5
4253,25.47467467467467,6,0.0,0,5
4254,25.574574574574573,6,0.0,0,5
4255,25.674474474474472,6,0.0,0,5
4256,25.77437437437437,6,0.0,0,5
4257,25.87427427427427,6,0.0,0,5
4258,25.97417417417417,6,0.0,0,5
4259,26.074074074074073,6,0.0,0,5
4260,26.173973973973972,6,0.0,0,5
4261,26.27387387387387,6,0.0,0,5
4262,26.37377377377377,6,0.0,0,5
4263,26.47367367367367,6,0.0,0,5
4264,26.573573573573572,6,0.0,0,5
4265,26.67347347347347,6,0.0,0,5
4266,26.77337337337337,6,0.0,0,5
4267,26.87327327327327,6,0.0,0,5
4268,26.97317317317317,6,0.0,0,5
4269,27.07307307307307,6,0.0,0,5
4270,27.17297297297297,6,0.0,0,5
4271,27.27287287287287,6,0.0,0,5
4272,27.37277277277277,6,0.0,0,5
4273,27.47267267267267,6,0.0,0,5
4274,27.572572572572568,6,0.0,0,5
4275,27.67247247247247,6,0.0,0,5
4276,27.77237237237237,6,0.0,0,5
4277,27.87227227227227,6,0.0,0,5
4278,27.97217217217217,6,0.0,0,5
4279,28.072072072072068,6,0.0,0,5
4280,28.171971971971967,6,0.0,0,5
4281,28.27187187187187,6,0.0,0,5
4282,28.37177177177177,6,0.0,0,5
4283,28.47167167167167,6,0.0,0,5
4284,28.571571571571567,6,0.0,0,5
4285,28.671471471471467,6,0.0,0,5
4286,28.77137137137137,6,0.0,0,5
4287,28.87127127127127,6,0.0,0,5
4288,28.971171171171168,6,0.0,0,5
4289,29.071071071071067,6,0.0,0,5
4290,29.170970970970966,6,0.0,0,5
4291,29.27087087087087,6,0.0,0,5
4292,29.37077077077077,6,0.0,0,5
4293,29.470670670670668,6,0.0,0,5
4294,29.570570570570567,6,0.0,0,5
4295,29.670470470470466,6,0.0,0,5
4296,29.77037037037037,6,0.0,0,5
4297,29.870270270270268,6,0.0,0,5
4298,29.970170170170167,6,0.0,0,5
4299,30.070070070070066,6,0.0,0,5
4300,30.169969969969966,6,0.0,0,5
4301,30.269869869869865,6,0.0,0,5
4302,30.369769769769768,6,0.0,0,5
4303,30.469669669669667,6,0.0,0,5
4304,30.569569569569566,6,0.0,0,5
4305,30.669469469469465,6,0.0,0,5
4306,30.769369369369365,6,0.0,0,5
4307,30.869269269269267,6,0.0,0,5
4308,30.969169169169167,6,0.0,0,5
4309,31.069069069069066,6,0.0,0,5
4310,31.168968968968965,6,0.0,0,5
4311,31.268868868868864,6,0.0,0,5
4312,31.368768768768764,6,0.0,0,5
4313,31.468668668668666,6,0.0,0,5
4314,31.568568568568566,6,0.0,0,5
4315,31.668468468468465,6,0.0,0,5
4316,31.768368368368364,6,0.0,0,5
4317,31.868268268268263,6,0.0,0,5
4318,31.968168168168166,6,0.0,0,5
4319,32.068068068068065,6,0.0,0,5
4320,32.16796796796797,6,0.0,0,5
4321,32.26786786786787,6,0.0,0,5
4322,32.367767767767766,6,0.0,0,5
4323,32.46766766766767,6,0.0,0,5
4324,32.567567567567565,6,0.0,0,5
4325,32.66746746746747,6,0.0,0,5
4326,32.76736736736737,6,0.0,0,5
4327,32.867267267267266,6,0.0,0,5
4328,32.96716716716717,6,0.0,0,5
4329,33.067067067067065,6,0.0,0,5
4330,33.16696696696697,6,0.0,0,5
4331,33.26686686686687,6,0.0,0,5
4332,33.366766766766766,6,0.0,0,5
4333,33.46666666666667,6,0.0,0,5
4334,33.566566566566564,6,0.0,0,5
4335,33.66646646646647,6,0.0,0,5
4336,33.76636636636637,6,0.0,0,5
4337,33.866266266266265,6,0.0,0,5
4338,33.96616616616617,6,0.0,0,5
4339,34.066066066066064,6,0.0,0,5
4340,34.16596596596597,6,0.0,0,5
4341,34.26586586586586,6,0.0,0,5
4342,34.365765765765765,6,0.0,0,5
4343,34.46566566566567,6,0.0,0,5
4344,34.565565565565564,6,0.0,0,5
4345,34.665465465465466,6,0.0,0,5
4346,34.76536536536536,6,0.0,0,5
4347,34.865265265265265,6,0.0,0,5
4348,34.96516516516517,6,0.0,0,5
4349,35.06506506506506,6,0.0,0,5
4350,35.164964964964966,6,0.0,0,5
4351,35.26486486486486,6,0.0,0,5
4352,35.364764764764764,6,0.0,0,5
4353,35.46466466466467,6,0.0,0,5
4354,35.56456456456456,6,0.0,0,5
4355,35.664464464464466,6,0.0,0,5
4356,35.76436436436436,6,0.0,0,5
4357,35.864264264264264,6,0.0,0,5
4358,35.96416416416417,6,0.0,0,5
4359,36.06406406406406,6,0.0,0,5
4360,36.163963963963965,6,0.0,0,5
4361,36.26386386386386,6,0.0,0,5
4362,36.363763763763764,6,0.0,0,5
4363,36.46366366366367,6,0.0,0,5
4364,36.56356356356356,6,0.0,0,5
4365,36.663463463463465,6,0.0,0,5
4366,36.76336336336336,6,0.0,0,5
4367,36.86326326326326,6,0.0,0,5
4368,36.96316316316316,6,0.0,0,5
4369,37.06306306306306,6,0.0,0,5
4370,37.162962962962965,6,0.0,0,5
4371,37.26286286286286,6,0.0,0,5
4372,37.36276276276276,6,0.0,0,5
4373,37.46266266266266,6,0.0,0,5
4374,37.56256256256256,6,0.0,0,5
4375,37.662462462462464,6,0.0,0,5
4376,37.76236236236236,6,0.0,0,5
4377,37.86226226226226,6,0.0,0,5
4378,37.96216216216216,6,0.0,0,5
4379,38.06206206206206,6,0.0,0,5
4380,38.161961961961964,6,0.0,0,5
4381,38.26186186186186,6,0.0,0,5
4382,38.36176176176176,6,0.0,0,5
4383,38.46166166166166,6,0.0,0,5
4384,38.56156156156156,6,0.0,0,5
4385,38.661461461461464,6,0.0,0,5
4386,38.76136136136136,6,0.0,0,5
4387,38.86126126126126,6,0.0,0,5
4388,38.96116116116116,6,0.0,0,5
4389,39.06106106106106,6,0.0,0,5
4390,39.16096096096096,6,0.0,0,5
4391,39.26086086086086,6,0.0,0,5
4392,39.36076076076076,6,0.0,0,5
4393,39.46066066066066,6,0.0,0,5
4394,39.56056056056056,6,0.0,0,5
4395,39.66046046046046,6,0.0,0,5
4396,39.76036036036036,6,0.0,0,5
4397,39.86026026026026,6,0.0,0,5
4398,39.96016016016016,6,0.0,0,5
4399,40.06006006006006,6,0.0,0,5
4400,40.15995995995996,6,0.0,0,5
4401,40.25985985985986,6,0.0,0,5
4402,40.35975975975976,6,0.0,0,5
4403,40.45965965965966,6,0.0,0,5
4404,40.55955955955956,6,0.0,0,5
4405,40.659459459459455,6,0.0,0,5
4406,40.75935935935936,6,0.0,0,5
4407,40.85925925925926,6,0.0,0,5
4408,40.95915915915916,6,0.0,0,5
4409,41.05905905905906,6,0.0,0,5
4410,41.158958958958955,6,0.0,0,5
4411,41.25885885885886,6,0.0,0,5
4412,41.35875875875876,6,0.0,0,5
4413,41.458658658658656,6,0.0,0,5
4414,41.55855855855856,6,0.0,0,5
4415,41.658458458458455,6,0.0,0,5
4416,41.75835835835836,6,0.0,0,5
4417,41.85825825825826,6,0.0,0,5
4418,41.958158158158156,6,0.0,0,5
4419,42.05805805805806,6,0.0,0,5
4420,42.157957957957954,6,0.0,0,5
4421,42.25785785785786,6,0.0,0,5
4422,42.35775775775776,6,0.0,0,5
4423,42.457657657657656,6,0.0,0,5
4424,42.55755755755756,6,0.0,0,5
4425,42.657457457457454,6,0.0,0,5
4426,42.75735735735736,6,0.0,0,5
4427,42.85725725725726,6,0.0,0,5
4428,42.957157157157155,6,0.0,0,5
4429,43.05705705705706,6,0.0,0,5
4430,43.156956956956954,6,0.0,0,5
4431,43.25685685685686,6,0.0,0,5
4432,43.35675675675675,6,0.0,0,5
4433,43.456656656656655,6,0.0,0,5
4434,43.55655655655656,6,0.0,0,5
4435,43.65645645645645,6,0.0,0,5
4436,43.756356356356356,6,0.0,0,5
4437,43.85625625625625,6,0.0,0,5
4438,43.956156156156155,6,0.0,0,5
4439,44.05605605605606,6,0.0,0,5
4440,44.15595595595595,6,0.0,0,5
4441,44.255855855855856,6,0.0,0,5
4442,44.35575575575575,6,0.0,0,5
4443,44.455655655655654,6,0.0,0,5
4444,44.55555555555556,6,0.0,0,5
4445,44.65545545545545,6,0.0,0,5
4446,44.755355355355356,6,0.0,0,5
4447,44.85525525525525,6,0.0,0,5
4448,44.955155155155154,6,0.0,0,5
4449,45.05505505505506,6,0.0,0,5
4450,45.15495495495495,6,0.0,0,5
4451,45.254854854854855,6,0.0,0,5
4452,45.35475475475475,6,0.0,0,5
4453,45.454654654654654,6,0.0,0,5
4454,45.55455455455456,6,0.0,0,5
4455,45.65445445445445,6,0.0,0,5
4456,45.754354354354355,6,0.0,0,5
4457,45.85425425425425,6,0.0,0,5
4458,45.95415415415415,6,0.0,0,5
4459,46.054054054054056,6,0.0,0,5
4460,46.15395395395395,6,0.0,0,5
4461,46.253853853853855,6,0.0,0,5
4462,46.35375375375375,6,0.0,0,5
4463,46.45365365365365,6,0.0,0,5
4464,46.553553553553556,6,0.0,0,5
4465,46.65345345345345,6,0.0,0,5
4466,46.753353353353354,6,0.0,0,5
4467,46.85325325325325,6,0.0,0,5
4468,46.95315315315315,6,0.0,0,5
4469,47.05305305305305,6,0.0,0,5
4470,47.15295295295295,6,0.0,0,5
4471,47.252852852852854,6,0.0,0,5
4472,47.35275275275275,6,0.0,0,5
4473,47.45265265265265,6,0.0,0,5
4474,47.55255255255255,6,0.0,0,5
4475,47.65245245245245,6,0.0,0,5
4476,47.752352352352354,6,0.0,0,5
4477,47.85225225225225,6,0.0,0,5
4478,47.95215215215215,6,0.0,0,5
4479,48.05205205205205,6,0.0,0,5
4480,48.15195195195195,6,0.0,0,5
4481,48.25185185185185,6,0.0,0,5
4482,48.35175175175175,6,0.0,0,5
4483,48.45165165165165,6,0.0,0,5
4484,48.55155155155155,6,0.0,0,5
4485,48.65145145145145,6,0.0,0,5
4486,48.75135135135135,6,0.0,0,5
4487,48.85125125125125,6,0.0,0,5
4488,48.95115115115115,6,0.0,0,5
4489,49.05105105105105,6,0.0,0,5
4490,49.15095095095095,6,0.0,0,5
4491,49.25085085085085,6,0.0,0,5
4492,49.35075075075075,6,0.0,0,5
4493,49.45065065065065,6,0.0,0,5
4494,49.55055055055055,6,0.0,0,5
4495,49.65045045045045,6,0.0,0,5
4496,49.750350350350345,6,0.0,0,5
4497,49.85025025025025,6,0.0,0,5
4498,49.95015015015015,6,0.0,0,5
4499,50.05005005005005,6,0.0,0,5
4500,50.14994994994995,6,0.0,0,5
4501,50.249849849849845,6,0.0,0,5
4502,50.34974974974975,6,0.0,0,5
4503,50.44964964964965,6,0.0,0,5
4504,50.549549549549546,6,0.0,0,5
4505,50.64944944944945,6,0.0,0,5
4506,50.749349349349345,6,0.0,0,5
4507,50.84924924924925,6,0.0,0,5
4508,50.94914914914915,6,0.0,0,5
4509,51.049049049049046,6,0.0,0,5
4510,51.14894894894895,6,0.0,0,5
4511,51.248848848848844,6,0.0,0,5
4512,51.34874874874875,6,0.0,0,5
4513,51.44864864864865,6,0.0,0,5
4514,51.548548548548546,6,0.0,0,5
4515,51.64844844844845,6,0.0,0,5
4516,51.748348348348344,6,0.0,0,5
4517,51.84824824824825,6,0.0,0,5
4518,51.94814814814815,6,0.0,0,5
4519,52.048048048048045,6,0.0,0,5
4520,52.14794794794795,6,0.0,0,5
4521,52.247847847847844,6,0.0,0,5
4522,52.347747747747746,6,0.0,0,5
4523,52.44764764764765,6,0.0,0,5
4524,52.547547547547545,6,0.0,0,5
4525,52.64744744744745,6,0.0,0,5
4526,52.74734734734734,6,0.0,0,5
4527,52.847247247247246,6,0.0,0,5
4528,52.94714714714715,6,0.0,0,5
4529,53.047047047047045,6,0.0,0,5
4530,53.14694694694695,6,0.0,0,5
4531,53.24684684684684,6,0.0,0,5
4532,53.346746746746746,6,0.0,0,5
4533,53.44664664664664,6,0.0,0,5
4534,53.546546546546544,6,0.0,0,5
4535,53.64644644644645,6,0.0,0,5
4536,53.74634634634634,6,0.0,0,5
4537,53.846246246246245,6,0.0,0,5
4538,53.94614614614614,6,0.0,0,5
4539,54.046046046046044,6,0.0,0,5
4540,54.14594594594595,6,0.0,0,5
4541,54.24584584584584,6,0.0,0,5
4542,54.345745745745745,6,0.0,0,5
4543,54.44564564564564,6,0.0,0,5
4544,54.545545545545544,6,0.0,0,5
4545,54.645445445445446,6,0.0,0,5
4546,54.74534534534534,6,0.0,0,5
4547,54.845245245245245,6,0.0,0,5
4548,54.94514514514514,6,0.0,0,5
4549,55.04504504504504,6,0.0,0,5
4550,55.144944944944946,6,0.0,0,5
4551,55.24484484484484,6,0.0,0,5
4552,55.344744744744744,6,0.0,0,5
4553,55.44464464464464,6,0.0,0,5
4554,55.54454454454454,6,0.0,0,5
4555,55.644444444444446,6,0.0,0,5
4556,55.74434434434434,6,0.0,0,5
4557,55.844244244244244,6,0.0,0,5
4558,55.94414414414414,6,0.0,0,5
4559,56.04404404404404,6,0.0,0,5
4560,56.14394394394394,6,0.0,0,5
4561,56.24384384384384,6,0.0,0,5
4562,56.343743743743744,6,0.0,0,5
4563,56.44364364364364,6,0.0,0,5
4564,56.54354354354354,6,0.0,0,5
4565,56.64344344344344,6,0.0,0,5
4566,56.74334334334334,6,0.0,0,5
4567,56.84324324324324,6,0.0,0,5
4568,56.94314314314314,6,0.0,0,5
4569,57.04304304304304,6,0.0,0,5
4570,57.14294294294294,6,0.0,0,5
4571,57.24284284284284,6,0.0,0,5
4572,57.34274274274274,6,0.0,0,5
4573,57.44264264264264,6,0.0,0,5
4574,57.54254254254254,6,0.0,0,5
4575,57.64244244244244,6,0.0,0,5
4576,57.74234234234234,6,0.0,0,5
4577,57.84224224224224,6,0.0,0,5
4578,57.94214214214214,6,0.0,0,5
4579,58.04204204204204,6,0.0,0,5
4580,58.14194194194194,6,0.0,0,5
4581,58.24184184184184,6,0.0,0,5
4582,58.34174174174174,6,0.0,0,5
4583,58.44164164164164,6,0.0,0,5
4584,58.54154154154154,6,0.0,0,5
4585,58.64144144144144,6,0.0,0,5
4586,58.74134134134134,6,0.0,0,5
4587,58.84124124124124,6,0.0,0,5
4588,58.94114114114114,6,0.0,0,5
4589,59.04104104104104,6,0.0,0,5
4590,59.140940940940936,6,0.0,0,5
4591,59.24084084084084,6,0.0,0,5
4592,59.34074074074074,6,0.0,0,5
4593,59.44064064064064,6,0.0,0,5
4594,59.54054054054054,6,0.0,0,5
4595,59.640440440440436,6,0.0,0,5
4596,59.74034034034034,6,0.0,0,5
4597,59.840240240240234,6,0.0,0,5
4598,59.94014014014014,6,0.0,0,5
4599,60.04004004004004,6,0.0,0,5
4600,60.139939939939936,6,0.0,0,5
4601,60.23983983983984,6,0.0,0,5
4602,60.339739739739734,6,0.0,0,5
4603,60.43963963963964,6,0.0,0,5
4604,60.53953953953954,6,0.0,0,5
4605,60.639439439439435,6,0.0,0,5
4606,60.73933933933934,6,0.0,0,5
4607,60.839239239239234,6,0.0,0,5
4608,60.93913913913914,6,0.0,0,5
4609,61.03903903903904,6,0.0,0,5
4610,61.138938938938935,6,0.0,0,5
4611,61.23883883883884,6,0.0,0,5
4612,61.33873873873873,6,0.0,0,5
4613,61.438638638638636,6,0.0,0,5
4614,61.53853853853854,6,0.0,0,5
4615,61.638438438438435,6,0.0,0,5
4616,61.73833833833834,6,0.0,0,5
4617,61.83823823823823,6,0.0,0,5
4618,61.938138138138136,6,0.0,0,5
4619,62.03803803803804,6,0.0,0,5
4620,62.137937937937934,6,0.0,0,5
4621,62.23783783783784,6,0.0,0,5
4622,62.33773773773773,6,0.0,0,5
4623,62.437637637637636,6,0.0,0,5
4624,62.53753753753753,6,0.0,0,5
4625,62.637437437437434,6,0.0,0,5
4626,62.73733733733734,6,0.0,0,5
4627,62.83723723723723,6,0.0,0,5
4628,62.937137137137135,6,0.0,0,5
4629,63.03703703703703,6,0.0,0,5
4630,63.136936936936934,6,0.0,0,5
4631,63.23683683683684,6,0.0,0,5
4632,63.33673673673673,6,0.0,0,5
4633,63.436636636636635,6,0.0,0,5
4634,63.53653653653653,6,0.0,0,5
4635,63.63643643643643,6,0.0,0,5
4636,63.736336336336336,6,0.0,0,5
4637,63.83623623623623,6,0.0,0,5
4638,63.936136136136135,6,0.0,0,5
4639,64.03603603603602,6,0.0,0,5
4640,64.13593593593593,6,0.0,0,5
4641,64.23583583583583,6,0.0,0,5
4642,64.33573573573574,6,0.0,0,5
4643,64.43563563563563,6,0.0,0,5
4644,64.53553553553553,6,0.0,0,5
4645,64.63543543543543,6,0.0,0,5
4646,64.73533533533534,6,0.0,0,5
4647,64.83523523523523,6,0.0,0,5
4648,64.93513513513513,6,0.0,0,5
4649,65.03503503503504,6,0.0,0,5
4650,65.13493493493493,6,0.0,0,5
4651,65.23483483483483,6,0.0,0,5
4652,65.33473473473474,6,0.0,0,5
4653,65.43463463463463,6,0.0,0,5
4654,65.53453453453453,6,0.0,0,5
4655,65.63443443443443,6,0.0,0,5
4656,65.73433433433433,6,0.0,0,5
4657,65.83423423423423,6,0.0,0,5
4658,65.93413413413413,6,0.0,0,5
4659,66.03403403403404,6,0.0,0,5
4660,66.13393393393393,6,0.0,0,5
4661,66.23383383383383,6,0.0,0,5
4662,66.33373373373374,6,0.0,0,5
4663,66.43363363363363,6,0.0,0,5
4664,66.53353353353353,6,0.0,0,5
4665,66.63343343343342,6,0.0,0,5
4666,66.73333333333333,6,0.0,0,5
4667,66.83323323323323,6,0.0,0,5
4668,66.93313313313313,6,0.0,0,5
4669,67.03303303303304,6,0.0,0,5
4670,67.13293293293293,6,0.0,0,5
4671,67.23283283283283,6,0.0,0,5
4672,67.33273273273274,6,0.0,0,5
4673,67.43263263263263,6,0.0,0,5
4674,67.53253253253253,6,0.0,0,5
4675,67.63243243243242,6,0.0,0,5
4676,67.73233233233233,6,0.0,0,5
4677,67.83223223223223,6,0.0,0,5
4678,67.93213213213212,6,0.0,0,5
4679,68.03203203203203,6,0.0,0,5
4680,68.13193193193193,6,0.0,0,5
4681,68.23183183183183,6,0.0,0,5
4682,68.33173173173172,6,0.0,0,5
4683,68.43163163163163,6,0.0,0,5
4684,68.53153153153153,6,0.0,0,5
4685,68.63143143143142,6,0.0,0,5
4686,68.73133133133133,6,0.0,0,5
4687,68.83123123123123,6,0.0,0,5
4688,68.93113113113112,6,0.0,0,5
4689,69.03103103103103,6,0.0,0,5
4690,69.13093093093093,6,0.0,0,5
4691,69.23083083083083,6,0.0,0,5
4692,69.33073073073072,6,0.0,0,5
4693,69.43063063063063,6,0.0,0,5
4694,69.53053053053053,6,0.0,0,5
4695,69.63043043043042,6,0.0,0,5
4696,69.73033033033033,6,0.0,0,5
4697,69.83023023023023,6,0.0,0,5
4698,69.93013013013012,6,0.0,0,5
4699,70.03003003003003,6,0.0,0,5
4700,70.12992992992993,6,0.0,0,5
4701,70.22982982982982,6,0.0,0,5
4702,70.32972972972972,6,0.0,0,5
4703,70.42962962962963,6,0.0,0,5
4704,70.52952952952953,6,0.0,0,5
4705,70.62942942942942,6,0.0,0,5
4706,70.72932932932933,6,0.0,0,5
4707,70.82922922922923,6,0.0,0,5
4708,70.92912912912912,6,0.0,0,5
4709,71.02902902902902,6,0.0,0,5
4710,71.12892892892893,6,0.0,0,5
4711,71.22882882882882,6,0.0,0,5
4712,71.32872872872872,6,0.0,0,5
4713,71.42862862862863,6,0.0,0,5
4714,71.52852852852853,6,0.0,0,5
4715,71.62842842842842,6,0.0,0,5
4716,71.72832832832833,6,0.0,0,5
4717,71.82822822822823,6,0.0,0,5
4718,71.92812812812812,6,0.0,0,5
4719,72.02802802802802,6,0.0,0,5
4720,72.12792792792793,6,0.0,0,5
4721,72.22782782782782,6,0.0,0,5
4722,72.32772772772772,6,0.0,0,5
4723,72.42762762762763,6,0.0,0,5
4724,72.52752752752752,6,0.0,0,5
4725,72.62742742742742,6,0.0,0,5
4726,72.72732732732733,6,0.0,0,5
4727,72.82722722722723,6,0.0,0,5
4728,72.92712712712712,6,0.0,0,5
4729,73.02702702702702,6,0.0,0,5
4730,73.12692692692693,6,0.0,0,5
4731,73.22682682682682,6,0.0,0,5
4732,73.32672672672672,6,0.0,0,5
4733,73.42662662662663,6,0.0,0,5
4734,73.52652652652652,6,0.0,0,5
4735,73.62642642642642,6,0.0,0,5
4736,73.72632632632632,6,0.0,0,5
4737,73.82622622622623,6,0.0,0,5
4738,73.92612612612612,6,0.0,0,5
4739,74.02602602602602,6,0.0,0,5
4740,74.12592592592593,6,0.0,0,5
4741,74.22582582582582,6,0.0,0,5
4742,74.32572572572572,6,0.0,0,5
4743,74.42562562562563,6,0.0,0,5
4744,74.52552552552552,6,0.0,0,5
4745,74.62542542542542,6,0.0,0,5
4746,74.72532532532531,6,0.0,0,5
4747,74.82522522522522,6,0.0,0,5
4748,74.92512512512512,6,0.0,0,5
4749,75.02502502502502,6,0.0,0,5
4750,75.12492492492493,6,0.0,0,5
4751,75.22482482482482,6,0.0,0,5
4752,75.32472472472472,6,0.0,0,5
4753,75.42462462462463,6,0.0,0,5
4754,75.52452452452452,6,0.0,0,5
4755,75.62442442442442,6,0.0,0,5
4756,75.72432432432431,6,0.0,0,5
4757,75.82422422422422,6,0.0,0,5
4758,75.92412412412412,6,0.0,0,5
4759,76.02402402402402,6,0.0,0,5
4760,76.12392392392393,6,0.0,0,5
4761,76.22382382382382,6,0.0,0,5
4762,76.32372372372372,6,0.0,0,5
4763,76.42362362362363,6,0.0,0,5
4764,76.52352352352352,6,0.0,0,5
4765,76.62342342342342,6,0.0,0,5
4766,76.72332332332331,6,0.0,0,5
4767,76.82322322322322,6,0.0,0,5
4768,76.92312312312312,6,0.0,0,5
4769,77.02302302302301,6,0.0,0,5
4770,77.12292292292292,6,0.0,0,5
4771,77.22282282282282,6,0.0,0,5
4772,77.32272272272272,6,0.0,0,5
4773,77.42262262262261,6,0.0,0,5
4774,77.52252252252252,6,0.0,0,5
4775,77.62242242242242,6,0.0,0,5
4776,77.72232232232231,6,0.0,0,5
4777,77.82222222222222,6,0.0,0,5
4778,77.92212212212212,6,0.0,0,5
4779,78.02202202202201,6,0.0,0,5
4780,78.12192192192192,6,0.0,0,5
4781,78.22182182182182,6,0.0,0,5
4782,78.32172172172172,6,0.0,0,5
4783,78.42162162162161,6,0.0,0,5
4784,78.52152152152152,6,0.0,0,5
4785,78.62142142142142,6,0.0,0,5
4786,78.72132132132131,6,0.0,0,5
4787,78.82122122122122,6,0.0,0,5
4788,78.92112112112112,6,0.0,0,5
4789,79.02102102102101,6,0.0,0,5
4790,79.12092092092092,6,0.0,0,5
4791,79.22082082082082,6,0.0,0,5
4792,79.32072072072071,6,0.0,0,5
4793,79.42062062062061,6,0.0,0,5
4794,79.52052052052052,6,0.0,0,5
4795,79.62042042042042,6,0.0,0,5
4796,79.72032032032031,6,0.0,0,5
4797,79.82022022022022,6,0.0,0,5
4798,79.92012012012012,6,0.0,0,5
4799,80.02002002002001,6,0.0,0,5
4800,80.11991991991992,6,0.0,0,5
4801,80.21981981981982,6,0.0,0,5
4802,80.31971971971971,6,0.0,0,5
4803,80.41961961961961,6,0.0,0,5
4804,80.51951951951952,6,0.0,0,5
4805,80.61941941941942,6,0.0,0,5
4806,80.71931931931931,6,0.0,0,5
4807,80.81921921921922,6,0.0,0,5
4808,80.91911911911912,6,0.0,0,5
4809,81.01901901901901,6,0.0,0,5
4810,81.11891891891891,6,0.0,0,5
4811,81.21881881881882,6,0.0,0,5
4812,81.31871871871871,6,0.0,0,5
4813,81.41861861861861,6,0.0,0,5
4814,81.51851851851852,6,0.0,0,5
4815,81.61841841841841,6,0.0,0,5
4816,81.71831831831831,6,0.0,0,5
4817,81.81821821821822,6,0.0,0,5
4818,81.91811811811812,6,0.0,0,5
4819,82.01801801801801,6,0.0,0,5
4820,82.11791791791791,6,0.0,0,5
4821,82.21781781781782,6,0.0,0,5
4822,82.31771771771771,6,0.0,0,5
4823,82.41761761761761,6,0.0,0,5
4824,82.51751751751752,6,0.0,0,5
4825,82.61741741741741,6,0.0,0,5
4826,82.71731731731731,6,0.0,0,5
4827,82.81721721721722,6,0.0,0,5
4828,82.91711711711712,6,0.0,0,5
4829,83.01701701701701,6,0.0,0,5
4830,83.1169169169169,6,0.0,0,5
4831,83.21681681681682,6,0.0,0,5
4832,83.31671671671671,6,0.0,0,5
4833,83.41661661661661,6,0.0,0,5
4834,83.51651651651652,6,0.0,0,5
4835,83.61641641641641,6,0.0,0,5
4836,83.71631631631631,6,0.0,0,5
4837,83.8162162162162,6,0.0,0,5
4838,83.91611611611611,6,0.0,0,5
4839,84.01601601601601,6,0.0,0,5
4840,84.1159159159159,6,0.0,0,5
4841,84.21581581581582,6,0.0,0,5
4842,84.31571571571571,6,0.0,0,5
4843,84.41561561561561,6,0.0,0,5
4844,84.51551551551552,6,0.0,0,5
4845,84.61541541541541,6,0.0,0,5
4846,84.71531531531531,6,0.0,0,5
4847,84.8152152152152,6,0.0,0,5
4848,84.91511511511511,6,0.0,0,5
4849,85.01501501501501,6,0.0,0,5
4850,85.1149149149149,6,0.0,0,5
4851,85.21481481481482,6,0.0,0,5
4852,85.31471471471471,6,0.0,0,5
4853,85.4146146146146,6,0.0,0,5
4854,85.51451451451452,6,0.0,0,5
4855,85.61441441441441,6,0.0,0,5
4856,85.71431431431431,6,0.0,0,5
4857,85.8142142142142,6,0.0,0,5
4858,85.91411411411411,6,0.0,0,5
4859,86.01401401401401,6,0.0,0,5
4860,86.1139139139139,6,0.0,0,5
4861,86.21381381381381,6,0.0,0,5
4862,86.31371371371371,6,0.0,0,5
4863,86.4136136136136,6,0.0,0,5
4864,86.5135135135135,6,0.0,0,5
4865,86.61341341341341,6,0.0,0,5
4866,86.71331331331331,6,0.0,0,5
4867,86.8132132132132,6,0.0,0,5
4868,86.91311311311311,6,0.0,0,5
4869,87.01301301301301,6,0.0,0,5
4870,87.1129129129129,6,0.0,0,5
4871,87.21281281281281,6,0.0,0,5
4872,87.31271271271271,6,0.0,0,5
4873,87.4126126126126,6,0.0,0,5
4874,87.5125125125125,6,0.0,0,5
4875,87.61241241241241,6,0.0,0,5
4876,87.7123123123123,6,0.0,0,5
4877,87.8122122122122,6,0.0,0,5
4878,87.91211211211211,6,0.0,0,5
4879,88.01201201201201,6,0.0,0,5
4880,88.1119119119119,6,0.0,0,5
4881,88.21181181181181,6,0.0,0,5
4882,88.31171171171171,6,0.0,0,5
4883,88.4116116116116,6,0.0,0,5
4884,88.5115115115115,6,0.0,0,5
4885,88.61141141141141,6,0.0,0,5
4886,88.7113113113113,6,0.0,0,5
4887,88.8112112112112,6,0.0,0,5
4888,88.91111111111111,6,0.0,0,5
4889,89.011011011011,6,0.0,0,5
4890,89.1109109109109,6,0.0,0,5
4891,89.21081081081081,6,0.0,0,5
4892,89.31071071071071,6,0.0,0,5
4893,89.4106106106106,6,0.0,0,5
4894,89.5105105105105,6,0.0,0,5
4895,89.61041041041041,6,0.0,0,5
4896,89.7103103103103,6,0.0,0,5
4897,89.8102102102102,6,0.0,0,5
4898,89.91011011011011,6,0.0,0,5
4899,90.01001001001,6,0.0,0,5
4900,90.1099099099099,6,0.0,0,5
4901,90.2098098098098,6,0.0,0,5
4902,90.30970970970971,6,0.0,0,5
4903,90.4096096096096,6,0.0,0,5
4904,90.5095095095095,6,0.0,0,5
4905,90.60940940940941,6,0.0,0,5
4906,90.7093093093093,6,0.0,0,5
4907,90.8092092092092,6,0.0,0,5
4908,90.90910910910911,6,0.0,0,5
4909,91.009009009009,6,0.0,0,5
4910,91.1089089089089,6,0.0,0,5
4911,91.2088088088088,6,0.0,0,5
4912,91.3087087087087,6,0.0,0,5
4913,91.4086086086086,6,0.0,0,5
4914,91.5085085085085,6,0.0,0,5
4915,91.60840840840841,6,0.0,0,5
4916,91.7083083083083,6,0.0,0,5
4917,91.8082082082082,6,0.0,0,5
4918,91.90810810810811,6,0.0,0,5
4919,92.008008008008,6,0.0,0,5
4920,92.1079079079079,6,0.0,0,5
4921,92.2078078078078,6,0.0,0,5
4922,92.3077077077077,6,0.0,0,5
4923,92.4076076076076,6,0.0,0,5
4924,92.5075075075075,6,0.0,0,5
4925,92.60740740740741,6,0.0,0,5
4926,92.7073073073073,6,0.0,0,5
4927,92.8072072072072,6,0.0,0,5
4928,92.90710710710711,6,0.0,0,5
4929,93.007007007007,6,0.0,0,5
4930,93.1069069069069,6,0.0,0,5
4931,93.2068068068068,6,0.0,0,5
4932,93.3067067067067,6,0.0,0,5
4933,93.4066066066066,6,0.0,0,5
4934,93.5065065065065,6,0.0,0,5
4935,93.6064064064064,6,0.0,0,5
4936,93.7063063063063,6,0.0,0,5
4937,93.8062062062062,6,0.0,0,5
4938,93.9061061061061,6,0.0,0,5
4939,94.006006006006,6,0.0,0,5
4940,94.1059059059059,6,0.0,0,5
4941,94.2058058058058,6,0.0,0,5
4942,94.3057057057057,6,0.0,0,5
4943,94.4056056056056,6,0.0,0,5
4944,94.5055055055055,6,0.0,0,5
4945,94.6054054054054,6,0.0,0,5
4946,94.7053053053053,6,0.0,0,5
4947,94.8052052052052,6,0.0,0,5
4948,94.9051051051051,6,0.0,0,5
4949,95.005005005005,6,0.0,0,5
4950,95.1049049049049,6,0.0,0,5
4951,95.2048048048048,6,0.0,0,5
4952,95.3047047047047,6,0.0,0,5
4953,95.4046046046046,6,0.0,0,5
4954,95.5045045045045,6,0.0,0,5
4955,95.6044044044044,6,0.0,0,5
4956,95.7043043043043,6,0.0,0,5
4957,95.8042042042042,6,0.0,0,5
4958,95.90410410410409,6,0.0,0,5
4959,96.004004004004,6,0.0,0,5
4960,96.1039039039039,6,0.0,0,5
4961,96.2038038038038,6,0.0,0,5
4962,96.3037037037037,6,0.0,0,5
4963,96.4036036036036,6,0.0,0,5
4964,96.5035035035035,6,0.0,0,5
4965,96.60340340340339,6,0.0,0,5
4966,96.7033033033033,6,0.0,0,5
4967,96.8032032032032,6,0.0,0,5
4968,96.90310310310309,6,0.0,0,5
4969,97.003003003003,6,0.0,0,5
4970,97.1029029029029,6,0.0,0,5
4971,97.2028028028028,6,0.0,0,5
4972,97.3027027027027,6,0.0,0,5
4973,97.4026026026026,6,0.0,0,5
4974,97.5025025025025,6,0.0,0,5
4975,97.60240240240239,6,0.0,0,5
4976,97.7023023023023,6,0.0,0,5
4977,97.8022022022022,6,0.0,0,5
4978,97.90210210210209,6,0.0,0,5
4979,98.002002002002,6,0.0,0,5
4980,98.1019019019019,6,0.0,0,5
4981,98.20180180180179,6,0.0,0,5
4982,98.3017017017017,6,0.0,0,5
4983,98.4016016016016,6,0.0,0,5
4984,98.5015015015015,6,0.0,0,5
4985,98.60140140140139,6,0.0,0,5
4986,98.7013013013013,6,0.0,0,5
4987,98.8012012012012,6,0.0,0,5
4988,98.90110110110109,6,0.0,0,5
4989,99.001001001001,6,0.0,0,5
4990,99.1009009009009,6,0.0,0,5
4991,99.20080080080079,6,0.0,0,5
4992,99.30070070070069,6,0.0,0,5
4993,99.4006006006006,6,0.0,0,5
4994,99.5005005005005,6,0.0,0,5
4995,99.60040040040039,6,0.0,0,5
4996,99.7003003003003,6,0.0,0,5
4997,99.8002002002002,6,0.0,0,5
4998,99.90010010010009,6,0.0,0,5
4999,100.0,6,0.0,0,5
