OGLE-BLG-RRLYR-00002  15.843 16.799  0.30153381 0.00000067  5000.05809  0.286  0.155 4.957  0.093 3.897
OGLE-BLG-RRLYR-00007  15.252 16.149  0.26129176 0.00000052  5000.04267  0.181  0.113 4.825  0.000   -  
OGLE-BLG-RRLYR-00011  15.869 16.940  0.44196880 0.00000583  5000.33503  0.274  0.099 0.189  0.000   -  
OGLE-BLG-RRLYR-00012  15.319 16.334  0.25418932 0.00000065  5000.00018  0.204  0.064 4.443  0.083 5.101
OGLE-BLG-RRLYR-00013  15.232    -    0.25547716 0.00000098  5000.19732  0.218  0.137 4.504  0.061 2.622
OGLE-BLG-RRLYR-00015  15.469 16.493  0.31760682 0.00000040  5000.17949  0.236  0.104 5.056  0.042 3.786
OGLE-BLG-RRLYR-00017  15.569 16.515  0.29560942 0.00000037  5000.23487  0.312  0.195 4.776  0.113 2.881
OGLE-BLG-RRLYR-00018  15.678 16.623  0.27593054 0.00000097  5000.27193  0.287  0.162 4.839  0.101 3.365
OGLE-BLG-RRLYR-00022  15.957 16.933  0.23841203 0.00000040  5000.16042  0.241  0.138 4.500  0.085 3.408
OGLE-BLG-RRLYR-00023  15.714 16.669  0.35897750 0.00000108  5000.27194  0.237  0.048 5.781  0.038 4.507
OGLE-BLG-RRLYR-00024  15.578 16.589  0.33312803 0.00000111  5000.02177  0.283  0.069 5.465  0.064 4.962
OGLE-BLG-RRLYR-00026  16.179 17.389  0.32194691 0.00000079  5000.24379  0.253  0.090 4.889  0.055 4.373
OGLE-BLG-RRLYR-00028  16.423 17.776  0.28257685 0.00000067  5000.03644  0.295  0.197 4.899  0.062 3.146
OGLE-BLG-RRLYR-00032  15.573 16.801  0.32552209 0.00000104  5000.32369  0.251  0.082 5.249  0.081 4.130
OGLE-BLG-RRLYR-00033  14.693 15.738  0.32043630 0.00000082  5000.02924  0.251  0.102 5.076  0.097 4.193
OGLE-BLG-RRLYR-00035  15.707 16.769  0.38514498 0.00000315  5000.17246  0.260  0.082 5.345  0.065 4.385
OGLE-BLG-RRLYR-00036  15.763 16.635  0.34039361 0.00000088  5000.15916  0.263  0.201 5.086  0.074 3.341
OGLE-BLG-RRLYR-00037  16.231 17.384  0.31932469 0.00000088  5000.31893  0.256  0.147 4.894  0.071 4.153
OGLE-BLG-RRLYR-00038  16.307 17.363  0.25120360 0.00000055  5000.15445  0.251  0.139 4.602  0.084 3.395
OGLE-BLG-RRLYR-00040  14.826 15.995  0.32173527 0.00000073  5000.18395  0.257  0.097 5.112  0.067 4.355
OGLE-BLG-RRLYR-00044  15.906 16.990  0.27617205 0.00000029  5000.00260  0.294  0.174 4.787  0.099 2.842
OGLE-BLG-RRLYR-00048  15.342 16.709  0.34652275 0.00000280  5000.03823  0.304  0.086 5.029  0.062 4.609
OGLE-BLG-RRLYR-00051  15.642 16.841  0.34679296 0.00000316  5000.15164  0.274  0.107 6.190  0.087 5.263
OGLE-BLG-RRLYR-00053  16.382 17.846  0.33333528 0.00000115  5000.10893  0.291  0.114 5.251  0.091 4.334
OGLE-BLG-RRLYR-00057  16.021 17.057  0.32958200 0.00000099  5000.29738  0.283  0.113 5.023  0.071 4.334
OGLE-BLG-RRLYR-00065  15.844 16.933  0.37461401 0.00000343  5000.35537  0.274  0.057 4.852  0.102 4.936
OGLE-BLG-RRLYR-00071  16.085 17.254  0.32110209 0.00000092  5000.21469  0.261  0.097 4.950  0.081 4.309
OGLE-BLG-RRLYR-00075  16.917 18.054  0.31022066 0.00000123  5000.24813  0.282  0.199 4.893  0.088 3.276
OGLE-BLG-RRLYR-00076  16.230 17.472  0.26186740 0.00000066  5000.03717  0.264  0.157 4.806  0.000   -  
OGLE-BLG-RRLYR-00077  16.312 17.696  0.32915007 0.00000130  5000.05086  0.263  0.086 5.049  0.086 4.561
OGLE-BLG-RRLYR-00079  17.375 18.978  0.33353851 0.00000171  5000.07635  0.273  0.118 5.192  0.082 4.233
OGLE-BLG-RRLYR-00082  16.009 17.216  0.29870089 0.00000066  5000.03604  0.257  0.130 4.800  0.082 3.667
OGLE-BLG-RRLYR-00085  15.792 16.968  0.29831264 0.00000059  5000.24490  0.258  0.129 4.785  0.078 3.426
OGLE-BLG-RRLYR-00091  15.642 16.752  0.32678369 0.00000049  5000.17199  0.364  0.286 4.647  0.081 2.344
OGLE-BLG-RRLYR-00092  16.152 17.328  0.40008044 0.00000298  5000.32643  0.246  0.061 0.258  0.109 4.961
OGLE-BLG-RRLYR-00097  15.344 16.614  0.32723461 0.00000097  5000.11165  0.270  0.116 5.149  0.068 4.522
OGLE-BLG-RRLYR-00102  15.719 16.761  0.29603509 0.00000114  5000.22784  0.268  0.125 4.883  0.070 3.615
OGLE-BLG-RRLYR-00104  17.123 18.435  0.28322424 0.00000067  5000.02785  0.294  0.161 4.761  0.071 3.017
OGLE-BLG-RRLYR-00106  16.330 17.922  0.33583908 0.00000639  5000.01738  0.203  0.053 5.646  0.057 3.058
OGLE-BLG-RRLYR-00107  16.023 17.196  0.29950220 0.00000057  5000.08830  0.266  0.127 4.838  0.071 3.978
OGLE-BLG-RRLYR-00108  16.168 17.318  0.32010260 0.00000095  5000.23127  0.245  0.056 4.880  0.000   -  
OGLE-BLG-RRLYR-00115  15.745 16.823  0.27785342 0.00000104  5000.02317  0.280  0.122 4.885  0.077 3.843
OGLE-BLG-RRLYR-00118  16.403 17.743  0.30140079 0.00000080  5000.20792  0.309  0.234 4.801  0.084 2.582
OGLE-BLG-RRLYR-00120  16.170 17.564  0.38490400 0.00000950  5000.05058  0.253  0.080 4.272  0.125 3.858
OGLE-BLG-RRLYR-00124  16.211 17.333  0.29891382 0.00000077  5000.27185  0.263  0.124 4.914  0.065 3.764
OGLE-BLG-RRLYR-00126  15.458 16.633  0.35162582 0.00000222  5000.22571  0.290  0.041 4.987  0.090 4.685
OGLE-BLG-RRLYR-00131  16.796 18.193  0.32547858 0.00000113  5000.27602  0.256  0.089 4.965  0.097 4.230
OGLE-BLG-RRLYR-00132  16.389 17.656  0.30102106 0.00000149  5000.02869  0.313  0.087 5.161  0.132 3.722
OGLE-BLG-RRLYR-00134  16.055 17.370  0.25524548 0.00000317  5000.01075  0.262  0.183 4.557  0.081 1.629
OGLE-BLG-RRLYR-00137  15.657 16.831  0.31025161 0.00000083  5000.17041  0.284  0.127 4.633  0.078 3.897
OGLE-BLG-RRLYR-00140  16.001 17.396  0.32291375 0.00000097  5000.01819  0.261  0.099 4.976  0.059 4.262
OGLE-BLG-RRLYR-00142  15.789 16.904  0.29501773 0.00000220  5000.29201  0.306  0.137 4.544  0.000   -  
OGLE-BLG-RRLYR-00144  16.009 17.243  0.29043164 0.00000068  5000.25279  0.266  0.123 4.692  0.076 3.414
OGLE-BLG-RRLYR-00152  15.620 16.653  0.32149334 0.00000087  5000.09900  0.254  0.082 5.062  0.058 4.131
OGLE-BLG-RRLYR-00153  15.307 16.508  0.35028921 0.00000200  5000.19848  0.271  0.089 5.284  0.101 4.770
OGLE-BLG-RRLYR-00154  16.442 17.584  0.30064980 0.00000093  5000.16975  0.259  0.134 5.039  0.073 3.202
OGLE-BLG-RRLYR-00156  15.892 17.133  0.37900356 0.00000262  5000.27136  0.267  0.066 5.740  0.073 4.684
OGLE-BLG-RRLYR-00164  16.056 17.086  0.30971493 0.00000082  5000.12444  0.255  0.113 5.118  0.066 4.180
OGLE-BLG-RRLYR-00167  15.831 17.135  0.36166231 0.00000106  5000.22018  0.275  0.119 5.273  0.070 4.108
OGLE-BLG-RRLYR-00168  16.921 18.332  0.31009893 0.00000101  5000.23008  0.248  0.112 4.955  0.086 4.102
OGLE-BLG-RRLYR-00170  15.786 16.803  0.27619858 0.00000058  5000.19663  0.294  0.160 4.667  0.103 3.240
OGLE-BLG-RRLYR-00173  16.377 17.875  0.42713165 0.00000138  5000.14024  0.271  0.155 5.230  0.060 3.813
OGLE-BLG-RRLYR-00174  15.690 16.825  0.33209687 0.00000095  5000.31344  0.238  0.081 5.144  0.057 4.233
OGLE-BLG-RRLYR-00180  15.864 16.823  0.25635391 0.00000067  5000.12958  0.166  0.121 4.704  0.000   -  
OGLE-BLG-RRLYR-00185  15.991 17.013  0.31342374 0.00000134  5000.28769  0.262  0.098 5.071  0.053 3.985
OGLE-BLG-RRLYR-00186  16.039 17.274  0.33583193 0.00000106  5000.28999  0.255  0.099 5.007  0.071 4.013
OGLE-BLG-RRLYR-00191  16.699 18.076  0.23931394 0.00000060  5000.16665  0.279  0.177 4.728  0.000   -  
OGLE-BLG-RRLYR-00198  15.951 17.007  0.31792157 0.00000432  5000.07717  0.234  0.089 5.641  0.085 4.171
OGLE-BLG-RRLYR-00200  16.639 18.011  0.31973685 0.00000134  5000.01870  0.261  0.135 4.790  0.059 3.876
OGLE-BLG-RRLYR-00202  15.624 16.995  0.25441629 0.00000059  5000.16147  0.250  0.158 4.799  0.085 3.607
OGLE-BLG-RRLYR-00203  16.029 17.287  0.33365697 0.00000098  5000.08713  0.254  0.115 5.134  0.077 3.917
OGLE-BLG-RRLYR-00209  16.498 17.653  0.32407790 0.00000105  5000.25399  0.256  0.106 4.941  0.088 4.369
OGLE-BLG-RRLYR-00214  15.767 17.054  0.42411274 0.00000312  5000.08087  0.234  0.054 2.967  0.046 3.565
OGLE-BLG-RRLYR-00229  16.402 17.547  0.20629556 0.00000046  5000.08503  0.207  0.124 4.661  0.043 3.637
OGLE-BLG-RRLYR-00231  16.218 17.665  0.30928151 0.00000101  5000.21271  0.252  0.102 5.022  0.077 4.080
OGLE-BLG-RRLYR-00237  15.653 16.816  0.39391220 0.00000287  5000.14276  0.256  0.060 5.254  0.080 4.971
OGLE-BLG-RRLYR-00238  15.690 16.808  0.31346593 0.00000076  5000.27707  0.233  0.069 4.831  0.049 4.299
OGLE-BLG-RRLYR-00243  15.826 17.346  0.31564961 0.00000102  5000.18744  0.255  0.088 4.865  0.084 3.975
OGLE-BLG-RRLYR-00245  16.279 17.526  0.34505816 0.00000954  5000.32455  0.152  0.162 4.947  0.000   -  
OGLE-BLG-RRLYR-00246  15.217 16.289  0.33800067 0.00000393  5000.21044  0.316  0.104 4.989  0.068 4.570
OGLE-BLG-RRLYR-00248  16.385 17.457  0.32271552 0.00000069  5000.01944  0.300  0.091 5.072  0.069 4.374
OGLE-BLG-RRLYR-00249  15.993 17.213  0.31782980 0.00000088  5000.07403  0.251  0.103 5.038  0.036 4.147
OGLE-BLG-RRLYR-00250  16.208    -    0.26926598 0.00000071  5000.10476  0.192  0.041 5.041  0.057 4.983
OGLE-BLG-RRLYR-00251  16.258 17.355  0.29983362 0.00000061  5000.08091  0.260  0.138 4.792  0.064 3.514
OGLE-BLG-RRLYR-00255  15.397 16.656  0.36985465 0.00000182  5000.05189  0.287  0.062 4.875  0.101 5.080
OGLE-BLG-RRLYR-00257  15.810 16.830  0.31017930 0.00000077  5000.23779  0.276  0.099 4.997  0.080 3.917
OGLE-BLG-RRLYR-00260  14.515 15.676  0.37958536 0.00000112  5000.37897  0.312  0.116 5.133  0.081 3.800
OGLE-BLG-RRLYR-00262  15.453 16.522  0.29320086 0.00000056  5000.08382  0.255  0.130 4.771  0.084 3.949
OGLE-BLG-RRLYR-00266  16.511    -    0.31017264 0.00000117  5000.23898  0.312  0.094 5.059  0.074 3.946
OGLE-BLG-RRLYR-00269  15.907 17.017  0.28156229 0.00000093  5000.09486  0.277  0.080 5.152  0.074 4.183
OGLE-BLG-RRLYR-00273  16.130 17.476  0.28976326 0.00000100  5000.03233  0.267  0.154 4.898  0.110 3.616
OGLE-BLG-RRLYR-00282  16.601 18.072  0.33294516 0.00000122  5000.29587  0.248  0.059 5.140  0.048 4.904
OGLE-BLG-RRLYR-00286  16.223 17.520  0.32195151 0.00000077  5000.24516  0.283  0.117 5.061  0.084 4.182
OGLE-BLG-RRLYR-00288  17.003 18.271  0.39999550 0.00000179  5000.02415  0.257  0.000   -    0.078 5.524
OGLE-BLG-RRLYR-00290  16.673 17.977  0.32857948 0.00000127  5000.05668  0.258  0.105 5.100  0.053 3.865
OGLE-BLG-RRLYR-00291  16.865 18.175  0.27145089 0.00000065  5000.23892  0.299  0.192 4.767  0.090 2.828
OGLE-BLG-RRLYR-00294  16.793 18.149  0.32636010 0.00000114  5000.24377  0.273  0.100 4.880  0.085 4.298
OGLE-BLG-RRLYR-00295  16.577 18.068  0.25994431 0.00000079  5000.11710  0.254  0.178 4.837  0.051 3.385
OGLE-BLG-RRLYR-00297  16.346 17.799  0.32518107 0.00000133  5000.10734  0.260  0.122 4.753  0.071 4.245
OGLE-BLG-RRLYR-00300  16.368 17.693  0.28647387 0.00000080  5000.25592  0.241  0.101 5.022  0.071 4.292
OGLE-BLG-RRLYR-00301  16.432 17.556  0.25389014 0.00000052  5000.17832  0.279  0.173 4.698  0.042 3.155
OGLE-BLG-RRLYR-00304  16.089 17.627  0.39887758 0.00000715  5000.19760  0.253  0.148 5.030  0.075 2.415
OGLE-BLG-RRLYR-00308  16.636 17.996  0.26930325 0.00000093  5000.18022  0.212  0.142 4.475  0.054 3.724
OGLE-BLG-RRLYR-00311  16.285 17.700  0.27866810 0.00000066  5000.01993  0.285  0.198 4.829  0.076 3.058
OGLE-BLG-RRLYR-00312  14.787 16.119  0.31737101 0.00000133  5000.12667  0.283  0.072 5.145  0.049 4.797
OGLE-BLG-RRLYR-00314  16.276 17.461  0.28279273 0.00000082  5000.00547  0.273  0.169 4.768  0.089 3.032
OGLE-BLG-RRLYR-00316  14.797 15.944  0.43373005 0.00000230  5000.08008  0.269  0.019 6.230  0.081 5.406
OGLE-BLG-RRLYR-00326  15.999 17.286  0.45465869 0.00000227  5000.11121  0.248  0.059 2.511  0.030 5.112
OGLE-BLG-RRLYR-00327  17.942 19.186  0.29644698 0.00000305  5000.09894  0.335  0.303 4.566  0.000   -  
OGLE-BLG-RRLYR-00328  15.804 17.074  0.29968996 0.00000062  5000.08923  0.260  0.118 4.903  0.067 3.729
OGLE-BLG-RRLYR-00331  16.435 17.960  0.31727591 0.00000092  5000.03695  0.253  0.104 4.824  0.089 4.296
OGLE-BLG-RRLYR-00340  16.516 18.042  0.28141874 0.00000124  5000.09512  0.228  0.140 4.439  0.000   -  
OGLE-BLG-RRLYR-00341  17.364    -    0.24579965 0.00000214  5000.00101  0.290  0.117 5.180  0.143 4.319
OGLE-BLG-RRLYR-00343  14.510 15.597  0.33507396 0.00000053  5000.00970  0.287  0.175 4.992  0.080 3.298
OGLE-BLG-RRLYR-00344  15.948 17.111  0.33235948 0.00000123  5000.27774  0.268  0.077 5.395  0.080 4.496
OGLE-BLG-RRLYR-00348  16.461 17.676  0.31242883 0.00000112  5000.07915  0.245  0.093 4.836  0.069 4.353
OGLE-BLG-RRLYR-00354  16.344 17.603  0.25841077 0.00000045  5000.22824  0.291  0.194 4.785  0.000   -  
OGLE-BLG-RRLYR-00358  15.965 17.309  0.31530832 0.00000242  5000.13704  0.294  0.088 4.916  0.091 4.198
OGLE-BLG-RRLYR-00361  16.245 17.556  0.33271606 0.00000104  5000.32295  0.260  0.119 5.001  0.081 4.096
OGLE-BLG-RRLYR-00363  16.172 17.426  0.27192862 0.00000200  5000.18919  0.269  0.192 4.462  0.052 5.126
OGLE-BLG-RRLYR-00365  15.888 17.162  0.31694963 0.00000106  5000.20997  0.238  0.100 5.153  0.082 4.093
OGLE-BLG-RRLYR-00368  16.437 17.836  0.27303141 0.00000084  5000.14170  0.230  0.097 4.358  0.058 4.273
OGLE-BLG-RRLYR-00374  16.086 17.409  0.33263472 0.00000078  5000.25189  0.271  0.081 5.322  0.077 4.282
OGLE-BLG-RRLYR-00380  16.340 17.788  0.36104514 0.00000144  5000.32726  0.267  0.060 4.995  0.073 4.713
OGLE-BLG-RRLYR-00382  16.082 17.833  0.36565109 0.00000261  5000.12443  0.299  0.082 5.788  0.045 3.595
OGLE-BLG-RRLYR-00384  16.840 18.457  0.32540201 0.00000149  5000.08351  0.247  0.106 5.234  0.059 4.103
OGLE-BLG-RRLYR-00385  17.529 19.303  0.22436082 0.00000096  5000.11888  0.217  0.142 4.243  0.086 3.766
OGLE-BLG-RRLYR-00386  15.776 17.171  0.32884652 0.00000080  5000.09761  0.268  0.100 5.063  0.077 3.779
OGLE-BLG-RRLYR-00387  16.372 17.800  0.30098572 0.00000070  5000.25803  0.282  0.120 4.877  0.085 3.871
OGLE-BLG-RRLYR-00389  16.717 18.220  0.34842937 0.00000195  5000.28392  0.277  0.100 5.034  0.051 3.883
OGLE-BLG-RRLYR-00394  16.283 17.346  0.25864994 0.00000128  5000.14964  0.335  0.149 4.951  0.058 2.077
OGLE-BLG-RRLYR-00396  16.452 18.222  0.31294435 0.00000172  5000.00532  0.144  0.076 4.374  0.000   -  
OGLE-BLG-RRLYR-00401  16.731 18.676  0.36838338 0.00000187  5000.01741  0.300  0.045 5.920  0.074 5.147
OGLE-BLG-RRLYR-00402  16.102 17.609  0.32501484 0.00000127  5000.26610  0.236  0.111 4.934  0.063 4.158
OGLE-BLG-RRLYR-00403  15.589 17.020  0.26786414 0.00000057  5000.08494  0.241  0.110 4.973  0.055 3.667
OGLE-BLG-RRLYR-00407  16.006 17.147  0.31192447 0.00000080  5000.22708  0.234  0.104 4.949  0.058 3.634
OGLE-BLG-RRLYR-00408  16.777 18.371  0.24889635 0.00000116  5000.14037  0.187  0.126 4.804  0.000   -  
OGLE-BLG-RRLYR-00411  16.704 18.188  0.33256531 0.00000118  5000.14308  0.282  0.128 5.195  0.075 3.200
OGLE-BLG-RRLYR-00416  16.525 18.340  0.31992525 0.00000120  5000.00103  0.175  0.145 5.545  0.000   -  
OGLE-BLG-RRLYR-00419  16.799 18.503  0.28211452 0.00000145  5000.27103  0.272  0.188 4.833  0.076 3.541
OGLE-BLG-RRLYR-00420  16.696 18.162  0.28121128 0.00000084  5000.24460  0.271  0.166 4.771  0.071 2.843
OGLE-BLG-RRLYR-00426  16.581 18.042  0.26661373 0.00000059  5000.06582  0.310  0.188 4.907  0.065 2.753
OGLE-BLG-RRLYR-00434  16.686 18.472  0.32261717 0.00000224  5000.27865  0.262  0.089 4.584  0.000   -  
OGLE-BLG-RRLYR-00435  16.485 18.137  0.41186553 0.00000168  5000.40876  0.274  0.093 5.460  0.092 4.752
OGLE-BLG-RRLYR-00436  16.581 18.238  0.38817048 0.00000170  5000.12059  0.293  0.027 4.756  0.092 4.660
OGLE-BLG-RRLYR-00437  15.680 17.013  0.32696627 0.00000102  5000.12610  0.162  0.091 4.780  0.063 3.772
OGLE-BLG-RRLYR-00441  16.521 18.166  0.32714529 0.00000108  5000.29829  0.267  0.097 5.052  0.041 4.494
OGLE-BLG-RRLYR-00442  16.261 17.648  0.28391716 0.00000050  5000.20895  0.285  0.171 4.840  0.087 3.324
OGLE-BLG-RRLYR-00450  16.591 18.156  0.27156178 0.00000080  5000.24289  0.279  0.185 4.882  0.105 2.959
OGLE-BLG-RRLYR-00457  17.016 18.827  0.27641183 0.00000086  5000.22193  0.292  0.172 4.643  0.082 3.220
OGLE-BLG-RRLYR-00459  16.451 18.021  0.32778047 0.00000134  5000.00246  0.242  0.091 5.115  0.070 4.259
OGLE-BLG-RRLYR-00462  16.514 18.053  0.28244321 0.00000092  5000.06661  0.324  0.198 4.796  0.123 3.182
OGLE-BLG-RRLYR-00465  15.807 17.121  0.38860870 0.00000204  5000.35043  0.252  0.044 5.400  0.039 4.496
OGLE-BLG-RRLYR-00469  16.800 18.533  0.26926915 0.00000082  5000.20239  0.245  0.114 4.987  0.102 3.776
OGLE-BLG-RRLYR-00470  15.608 16.931  0.41044275 0.00000291  5000.02075  0.281  0.093 0.748  0.112 5.862
OGLE-BLG-RRLYR-00472  17.221 19.224  0.31838172 0.00000217  5000.10113  0.259  0.087 5.447  0.097 4.951
OGLE-BLG-RRLYR-00475  16.342 17.587  0.32675150 0.00000234  5000.05907  0.290  0.154 5.116  0.103 4.114
OGLE-BLG-RRLYR-00477  16.990    -    0.26182079 0.00000197  5000.05884  0.297  0.134 4.973  0.077 3.542
OGLE-BLG-RRLYR-00478  16.464 18.003  0.30613981 0.00000109  5000.11366  0.261  0.102 5.222  0.086 4.421
OGLE-BLG-RRLYR-00481  16.490 18.481  0.26526170 0.00000116  5000.01829  0.260  0.086 4.046  0.000   -  
OGLE-BLG-RRLYR-00484  16.795 18.634  0.29261779 0.00000099  5000.11550  0.294  0.157 4.867  0.111 3.713
OGLE-BLG-RRLYR-00489  17.024 19.038  0.31393162 0.00000147  5000.05961  0.252  0.110 5.080  0.056 3.985
OGLE-BLG-RRLYR-00490  16.805 18.591  0.25619398 0.00000073  5000.02437  0.293  0.165 4.792  0.058 2.895
OGLE-BLG-RRLYR-00491  16.515 18.459  0.29032138 0.00000126  5000.18939  0.228  0.142 4.495  0.000   -  
OGLE-BLG-RRLYR-00495  17.257 19.176  0.37010753 0.00000199  5000.12101  0.342  0.198 4.584  0.083 2.790
OGLE-BLG-RRLYR-00496  16.656 18.057  0.30694003 0.00000104  5000.26088  0.261  0.134 5.069  0.000   -  
OGLE-BLG-RRLYR-00499  16.094 17.382  0.31188467 0.00000093  5000.11984  0.223  0.090 4.883  0.076 4.374
OGLE-BLG-RRLYR-00505  16.764 18.700  0.46637482 0.00000760  5000.28797  0.279  0.000   -    0.109 0.738
OGLE-BLG-RRLYR-00506  16.384 18.136  0.30499830 0.00000041  5000.16932  0.317  0.168 4.887  0.122 3.562
OGLE-BLG-RRLYR-00507  16.921 18.206  0.29107351 0.00000349  5000.27079  0.318  0.134 4.711  0.160 3.777
OGLE-BLG-RRLYR-00511  16.214 17.676  0.32342135 0.00000091  5000.28706  0.264  0.117 4.983  0.055 4.556
OGLE-BLG-RRLYR-00513  16.098 17.417  0.34069806 0.00000239  5000.16399  0.266  0.087 5.056  0.090 4.897
OGLE-BLG-RRLYR-00524  17.233 19.088  0.33250969 0.00000154  5000.33143  0.363  0.211 4.705  0.070 3.219
OGLE-BLG-RRLYR-00534  17.101 18.901  0.26416394 0.00000111  5000.18407  0.326  0.172 5.150  0.000   -  
OGLE-BLG-RRLYR-00539  16.898    -    0.30769105 0.00000193  5000.06250  0.266  0.089 4.706  0.078 3.998
OGLE-BLG-RRLYR-00549  16.268 17.834  0.26615700 0.00000054  5000.03012  0.340  0.211 5.053  0.000   -  
OGLE-BLG-RRLYR-00553  16.837 18.170  0.26059423 0.00000095  5000.22105  0.270  0.132 4.325  0.000   -  
OGLE-BLG-RRLYR-00561  16.891 18.373  0.29535238 0.00000072  5000.05172  0.253  0.160 4.481  0.056   -  
OGLE-BLG-RRLYR-00563  14.249 15.808  0.34867090 0.00000075  5000.12194  0.252  0.092 4.937  0.068 4.018
OGLE-BLG-RRLYR-00567  16.839 19.387  0.41366841 0.00000344  5000.29047  0.239  0.000   -    0.074 4.309
OGLE-BLG-RRLYR-00568  16.185 17.766  0.26791257 0.00000068  5000.02586  0.295  0.196 4.755  0.055 2.673
OGLE-BLG-RRLYR-00569  16.962 18.835  0.27255402 0.00000131  5000.19974  0.265  0.157 4.580  0.071 2.342
OGLE-BLG-RRLYR-00573  16.376 18.022  0.30992534 0.00000088  5000.11713  0.301  0.119 5.194  0.087 4.108
OGLE-BLG-RRLYR-00582  17.165 19.245  0.29710221 0.00000167  5000.25222  0.244  0.091 4.553  0.090 3.930
OGLE-BLG-RRLYR-00584  16.991 18.655  0.25246227 0.00000065  5000.13100  0.238  0.137 4.765  0.086 2.899
OGLE-BLG-RRLYR-00585  16.029 18.429  0.30578316 0.00000201  5000.13406  0.103  0.132 4.755  0.000   -  
OGLE-BLG-RRLYR-00586  16.665 17.978  0.27876980 0.00000038  5000.02854  0.286  0.152 5.014  0.109 3.462
OGLE-BLG-RRLYR-00587  17.865 20.232  0.31903122 0.00000316  5000.10876  0.388  0.000   -    0.000   -  
OGLE-BLG-RRLYR-00588  16.758 18.463  0.31307609 0.00000093  5000.07692  0.244  0.102 4.747  0.067 3.811
OGLE-BLG-RRLYR-00589  16.659 18.337  0.30558410 0.00000081  5000.18731  0.259  0.119 4.893  0.063 4.263
OGLE-BLG-RRLYR-00590  16.883 18.701  0.25473749 0.00000073  5000.00184  0.273  0.160 4.962  0.065 3.254
OGLE-BLG-RRLYR-00597  17.142 19.023  0.25391595 0.00000157  5000.06337  0.268  0.159 4.761  0.000   -  
OGLE-BLG-RRLYR-00599  16.315 18.117  0.33384729 0.00000134  5000.22572  0.266  0.092 5.111  0.117 4.038
OGLE-BLG-RRLYR-00604  16.529 18.211  0.28316822 0.00000074  5000.18176  0.294  0.135 4.891  0.069 3.592
OGLE-BLG-RRLYR-00612  17.267 19.178  0.26900720 0.00000124  5000.08820  0.207  0.101 4.830  0.000   -  
OGLE-BLG-RRLYR-00614  17.384 19.381  0.27264347 0.00000114  5000.00173  0.289  0.168 4.870  0.070 3.173
OGLE-BLG-RRLYR-00619  16.641 18.407  0.28925956 0.00000125  5000.14462  0.167  0.093 4.522  0.000   -  
OGLE-BLG-RRLYR-00623  17.053 18.665  0.27666022 0.00000095  5000.26136  0.311  0.198 4.774  0.057 3.197
OGLE-BLG-RRLYR-00628  17.354 19.806  0.33016645 0.00000232  5000.13075  0.261  0.071 4.443  0.000   -  
OGLE-BLG-RRLYR-00630  17.040 18.648  0.26239217 0.00000079  5000.06488  0.225  0.177 4.827  0.000   -  
OGLE-BLG-RRLYR-00636  16.500 17.843  0.22948501 0.00000040  5000.02315  0.262  0.154 4.840  0.048 2.979
OGLE-BLG-RRLYR-00647  15.978 17.294  0.31302421 0.00000344  5000.04242  0.247  0.113 5.397  0.077   -  
OGLE-BLG-RRLYR-00650  16.225 17.873  0.26363305 0.00000069  5000.05177  0.304  0.188 4.853  0.077 2.993
OGLE-BLG-RRLYR-00652  17.393 18.923  0.28641968 0.00000030  5000.24900  0.249  0.080 4.991  0.111 4.233
OGLE-BLG-RRLYR-00653  17.284 19.241  0.29059169 0.00000026  5000.02009  0.296  0.183 4.844  0.087 3.605
OGLE-BLG-RRLYR-00662  16.305 17.838  0.34287155 0.00000101  5000.23265  0.272  0.070 5.110  0.114 5.053
OGLE-BLG-RRLYR-00670  16.611 18.421  0.31845889 0.00000138  5000.25595  0.273  0.085 4.865  0.064 3.734
OGLE-BLG-RRLYR-00673  16.992 18.602  0.28633642 0.00000042  5000.10651  0.277  0.107 4.435  0.071 4.755
OGLE-BLG-RRLYR-00679  16.678 18.309  0.30903088 0.00000024  5000.19505  0.243  0.119 4.881  0.072 4.206
OGLE-BLG-RRLYR-00682  16.754 18.239  0.26287034 0.00000068  5000.16512  0.279  0.185 4.846  0.084 3.319
OGLE-BLG-RRLYR-00683  17.180 19.344  0.32146184 0.00000135  5000.11341  0.255  0.128 4.769  0.099 3.705
OGLE-BLG-RRLYR-00686  16.099 17.625  0.35079706 0.00000099  5000.06239  0.277  0.052 5.328  0.066 4.609
OGLE-BLG-RRLYR-00688  16.666    -    0.32011060 0.00000138  5000.07155  0.258  0.115 5.115  0.095 4.201
OGLE-BLG-RRLYR-00689  16.931 19.096  0.33642656 0.00000238  5000.14076  0.262  0.108 4.824  0.087 4.389
OGLE-BLG-RRLYR-00692  16.852 18.224  0.32427319 0.00000114  5000.31803  0.300  0.139 4.864  0.111 3.641
OGLE-BLG-RRLYR-00694  16.596 18.007  0.24776511 0.00000058  5000.17430  0.211  0.144 4.609  0.000   -  
OGLE-BLG-RRLYR-00696  16.718 18.189  0.26977594 0.00000060  5000.13627  0.231  0.113 4.622  0.075 4.223
OGLE-BLG-RRLYR-00699  16.768 18.756  0.25585183 0.00000119  5000.10434  0.242  0.213 4.831  0.066 3.281
OGLE-BLG-RRLYR-00704  16.525 18.265  0.30502554 0.00000253  5000.05504  0.332  0.225 4.972  0.000   -  
OGLE-BLG-RRLYR-00710  16.799 18.447  0.28749650 0.00000087  5000.27375  0.294  0.130 4.707  0.068 3.453
OGLE-BLG-RRLYR-00712  16.318 17.823  0.33719544 0.00000154  5000.12195  0.275  0.141 4.966  0.072 3.841
OGLE-BLG-RRLYR-00718  17.036 18.481  0.29131525 0.00000012  5000.21695  0.320  0.194 4.999  0.079 3.195
OGLE-BLG-RRLYR-00719  15.926 17.756  0.26569314 0.00000025  5000.06641  0.250  0.128 4.920  0.040 3.004
OGLE-BLG-RRLYR-00722  16.767 18.606  0.31336793 0.00000103  5000.01190  0.246  0.099 4.819  0.071 3.859
OGLE-BLG-RRLYR-00723  16.806 18.651  0.31761287 0.00000356  5000.11490  0.258  0.131 3.897  0.061 4.057
OGLE-BLG-RRLYR-00730  16.561 18.259  0.31912834 0.00000024  5000.10172  0.249  0.078 4.923  0.050 4.234
OGLE-BLG-RRLYR-00741  17.608 19.221  0.27006909 0.00000134  5000.15700  0.247  0.107 5.485  0.162 4.073
OGLE-BLG-RRLYR-00760  16.796 18.641  0.26952988 0.00000271  5000.16310  0.327  0.101 4.677  0.093 3.757
OGLE-BLG-RRLYR-00763  16.796 18.540  0.30070055 0.00000204  5000.27619  0.298  0.175 4.698  0.089 3.985
OGLE-BLG-RRLYR-00768  17.162 19.234  0.28896614 0.00000045  5000.07152  0.317  0.197 4.733  0.083 3.154
OGLE-BLG-RRLYR-00770  16.823 18.745  0.27007587 0.00000077  5000.11191  0.309  0.154 4.815  0.071 2.684
OGLE-BLG-RRLYR-00771  15.665 17.215  0.33772714 0.00000030  5000.05794  0.234  0.101 5.265  0.084 4.394
OGLE-BLG-RRLYR-00776  15.999 17.225  0.31268146 0.00000018  5000.30434  0.268  0.109 4.924  0.074 4.265
OGLE-BLG-RRLYR-00778  17.052 18.616  0.35529846 0.00000064  5000.10180  0.186  0.413 3.351  0.000   -  
OGLE-BLG-RRLYR-00781  16.397 18.339  0.40356484 0.00000281  5000.37379  0.176  0.198 4.505  0.116 2.699
OGLE-BLG-RRLYR-00782  16.860 18.872  0.30842229 0.00000136  5000.13595  0.256  0.115 4.881  0.095 4.372
OGLE-BLG-RRLYR-00783  16.230 17.740  0.29999402 0.00000048  5000.14148  0.237  0.109 5.027  0.034 3.990
OGLE-BLG-RRLYR-00794  17.160 19.367  0.25774135 0.00000070  5000.03524  0.251  0.184 4.736  0.000   -  
OGLE-BLG-RRLYR-00800  17.146 18.931  0.40560391 0.00000210  5000.28162  0.268  0.085 5.456  0.081 4.517
OGLE-BLG-RRLYR-00801  17.330 19.852  0.27521248 0.00000104  5000.07527  0.297  0.185 4.946  0.091 3.129
OGLE-BLG-RRLYR-00807  17.813 20.490  0.25918180 0.00000098  5000.03268  0.281  0.242 4.655  0.069 2.998
OGLE-BLG-RRLYR-00810  17.425 18.975  0.37406259 0.00000171  5000.02543  0.234  0.000   -    0.083 4.691
OGLE-BLG-RRLYR-00811  16.651 18.395  0.28724147 0.00000077  5000.01850  0.282  0.138 4.671  0.091 3.019
OGLE-BLG-RRLYR-00813  16.131 17.406  0.39370531 0.00000070  5000.17183  0.273  0.042 5.211  0.054 4.946
OGLE-BLG-RRLYR-00815  16.856 18.815  0.31172250 0.00000160  5000.25130  0.304  0.158 4.850  0.072 4.129
OGLE-BLG-RRLYR-00818  17.198 19.779  0.30504089 0.00000131  5000.23067  0.203  0.100 4.794  0.073 4.299
OGLE-BLG-RRLYR-00819  17.240 19.589  0.29705946 0.00000107  5000.29617  0.264  0.145 5.056  0.101 3.450
OGLE-BLG-RRLYR-00822  17.973 21.005  0.28670441 0.00000231  5000.26015  0.212  0.000   -    0.116 3.735
OGLE-BLG-RRLYR-00826  17.770 20.231  0.27703295 0.00000206  5000.19623  0.234  0.115 5.020  0.000   -  
OGLE-BLG-RRLYR-00832  16.925 18.957  0.33218583 0.00000143  5000.10834  0.278  0.086 4.834  0.127 3.969
OGLE-BLG-RRLYR-00833  16.922 18.874  0.32186706 0.00000152  5000.06586  0.249  0.092 4.560  0.000   -  
OGLE-BLG-RRLYR-00834  17.661 19.889  0.32029846 0.00000191  5000.23568  0.267  0.000   -    0.065 4.329
OGLE-BLG-RRLYR-00837  17.214 19.080  0.40367425 0.00000295  5000.08950  0.280  0.056 5.736  0.073 4.499
OGLE-BLG-RRLYR-00842  17.249 19.541  0.33922467 0.00000215  5000.18271  0.259  0.095 5.393  0.069 4.919
OGLE-BLG-RRLYR-00845  15.917 17.346  0.31139057 0.00000041  5000.13613  0.238  0.104 4.947  0.074 4.021
OGLE-BLG-RRLYR-00849  16.090 17.807  0.38317632 0.00000150  5000.35140  0.239  0.000   -    0.057 5.635
OGLE-BLG-RRLYR-00851  17.460 19.714  0.30362195 0.00000268  5000.20193  0.260  0.131 4.933  0.103 3.701
OGLE-BLG-RRLYR-00854  17.096 18.575  0.29193585 0.00000023  5000.11701  0.266  0.149 4.955  0.084 3.267
OGLE-BLG-RRLYR-00855  16.566 17.746  0.29794007 0.00000046  5000.17838  0.257  0.113 4.896  0.073 3.658
OGLE-BLG-RRLYR-00861  17.300    -    0.29847103 0.00000446  5000.02965  0.314  0.228 4.343  0.000   -  
OGLE-BLG-RRLYR-00862  16.901 18.386  0.30493444 0.00000031  5000.17027  0.286  0.118 4.989  0.095 3.944
OGLE-BLG-RRLYR-00870  16.596 17.991  0.26458666 0.00000015  5000.10531  0.255  0.167 4.769  0.046 3.154
OGLE-BLG-RRLYR-00878  17.426 19.483  0.25982619 0.00000135  5000.16197  0.287  0.227 5.074  0.000   -  
OGLE-BLG-RRLYR-00880  15.757 17.730  0.32557231 0.00000135  5000.23820  0.254  0.128 4.864  0.058 4.783
OGLE-BLG-RRLYR-00881  16.376 18.184  0.36362467 0.00000283  5000.03972  0.256  0.078 5.482  0.093 4.941
OGLE-BLG-RRLYR-00885  16.389 18.049  0.34802199 0.00000117  5000.08138  0.250  0.093 5.238  0.053 4.380
OGLE-BLG-RRLYR-00886  15.254 16.675  0.26189401 0.00000040  5000.00619  0.283  0.172 4.803  0.054 3.115
OGLE-BLG-RRLYR-00890  16.434 18.046  0.32144329 0.00000120  5000.16088  0.276  0.138 4.893  0.102 3.349
OGLE-BLG-RRLYR-00895  16.387 17.650  0.32918720 0.00000110  5000.08641  0.321  0.207 5.055  0.092 3.418
OGLE-BLG-RRLYR-00898  17.185 19.076  0.27046597 0.00000069  5000.15044  0.276  0.158 4.722  0.100 3.451
OGLE-BLG-RRLYR-00899  17.281 19.071  0.35208173 0.00000124  5000.11190  0.287  0.127 4.922  0.068 3.308
OGLE-BLG-RRLYR-00908  16.276 17.635  0.27694860 0.00000074  5000.03782  0.230  0.109 4.619  0.078 4.253
OGLE-BLG-RRLYR-00912  16.245 17.740  0.32847874 0.00000123  5000.00689  0.265  0.097 4.825  0.084 4.587
OGLE-BLG-RRLYR-00918  16.307 17.682  0.32864305 0.00000138  5000.07838  0.257  0.076 4.592  0.054 4.453
OGLE-BLG-RRLYR-00925  16.122 17.683  0.37111094 0.00000050  5000.07986  0.332  0.190 4.960  0.090 3.077
OGLE-BLG-RRLYR-00932  17.754 19.709  0.29454222 0.00000059  5000.29202  0.300  0.151 4.805  0.114 3.472
OGLE-BLG-RRLYR-00934  16.168 17.429  0.28506235 0.00000097  5000.07652  0.291  0.141 4.620  0.096 3.137
OGLE-BLG-RRLYR-00936  17.298 19.530  0.27780626 0.00000074  5000.03681  0.258  0.126 4.485  0.054 3.047
OGLE-BLG-RRLYR-00943  17.082 18.882  0.31070491 0.00000079  5000.01993  0.284  0.108 4.721  0.062 4.267
OGLE-BLG-RRLYR-00944  17.421 18.840  0.22754534 0.00000049  5000.09479  0.218  0.111 5.161  0.000   -  
OGLE-BLG-RRLYR-00947  18.097 20.837  0.31205317 0.00000520  5000.03333  0.232  0.000   -    0.000   -  
OGLE-BLG-RRLYR-00948  17.120 19.483  0.38972035 0.00000159  5000.01648  0.244  0.138 5.084  0.000   -  
OGLE-BLG-RRLYR-00953  17.909 20.302  0.28907132 0.00000081  5000.07004  0.228  0.110 4.978  0.136 4.298
OGLE-BLG-RRLYR-00957  17.334 18.577  0.21776294 0.00000075  5000.07823  0.235  0.168 4.771  0.000   -  
OGLE-BLG-RRLYR-00959  16.358 17.789  0.27026222 0.00000070  5000.03535  0.179  0.077 4.612  0.063 5.151
OGLE-BLG-RRLYR-00960  17.238 19.285  0.28974903 0.00000049  5000.02666  0.270  0.139 4.856  0.078 3.428
OGLE-BLG-RRLYR-00961  16.035 17.467  0.36436212 0.00000119  5000.02758  0.302  0.095 5.454  0.078 4.218
OGLE-BLG-RRLYR-00962  16.800 18.626  0.29646721 0.00000048  5000.02297  0.286  0.143 4.943  0.096 3.231
OGLE-BLG-RRLYR-00963  17.254 19.299  0.32020940 0.00000065  5000.03364  0.260  0.082 5.076  0.083 4.162
OGLE-BLG-RRLYR-00964  16.264 17.658  0.27624883 0.00000018  5000.03998  0.326  0.165 4.835  0.097 3.276
OGLE-BLG-RRLYR-00965  16.605 18.233  0.30698871 0.00000047  5000.07948  0.262  0.109 5.054  0.074 3.704
OGLE-BLG-RRLYR-00968  16.275 18.153  0.32586595 0.00000051  5000.27988  0.258  0.125 5.236  0.084 4.620
OGLE-BLG-RRLYR-00973  16.069 17.455  0.28494702 0.00000184  5000.27538  0.312  0.129 5.018  0.109 3.588
OGLE-BLG-RRLYR-00975  16.582 18.412  0.29145138 0.00000027  5000.06409  0.269  0.143 4.740  0.093 3.574
OGLE-BLG-RRLYR-00985  17.763 20.545  0.28337213 0.00000022  5000.20302  0.227  0.080 4.752  0.064 4.512
OGLE-BLG-RRLYR-00987  15.979 17.338  0.25492495 0.00000045  5000.17464  0.265  0.190 4.760  0.047 3.061
OGLE-BLG-RRLYR-00991  16.808 18.719  0.29776158 0.00000010  5000.19087  0.250  0.122 3.981  0.000   -  
OGLE-BLG-RRLYR-01000  17.718 20.667  0.26013170 0.00000009  5000.20982  0.303  0.176 4.705  0.068 3.112
OGLE-BLG-RRLYR-01005  17.914 20.539  0.32954821 0.00000090  5000.20550  0.256  0.105 5.131  0.068 4.318
OGLE-BLG-RRLYR-01011  15.053 16.481  0.32341140 0.00000130  5000.17003  0.246  0.096 4.877  0.059 4.095
OGLE-BLG-RRLYR-01014  17.508 19.974  0.30330376 0.00000052  5000.13164  0.242  0.139 4.880  0.106 3.891
OGLE-BLG-RRLYR-01018  17.024 18.841  0.27167675 0.00000009  5000.22151  0.313  0.174 4.735  0.087 3.169
OGLE-BLG-RRLYR-01021  16.962 18.878  0.27440032 0.00000007  5000.11691  0.274  0.106 4.779  0.056 3.433
OGLE-BLG-RRLYR-01024  17.705 19.639  0.35476632 0.00000099  5000.03556  0.197  0.126 3.839  0.150 3.425
OGLE-BLG-RRLYR-01025  16.952 18.499  0.27111474 0.00000047  5000.15795  0.276  0.172 4.691  0.072 2.927
OGLE-BLG-RRLYR-01026  16.838 19.545  0.37868845 0.00000160  5000.34433  0.180  0.160 0.688  0.093 0.958
OGLE-BLG-RRLYR-01030  18.203 21.239  0.31073510 0.00000038  5000.03623  0.228  0.128 4.705  0.000   -  
OGLE-BLG-RRLYR-01031  16.407 18.024  0.31755820 0.00000106  5000.16942  0.241  0.102 5.145  0.080 4.553
OGLE-BLG-RRLYR-01032  16.175 18.400  0.47590990 0.00000067  5000.24925  0.275  0.072 3.905  0.072 5.161
OGLE-BLG-RRLYR-01038  16.592 18.159  0.26075375 0.00000044  5000.18220  0.215  0.117 4.508  0.041 3.437
OGLE-BLG-RRLYR-01041  15.782 17.084  0.28177243 0.00000047  5000.18484  0.294  0.162 4.753  0.117 3.082
OGLE-BLG-RRLYR-01045  16.300 18.177  0.30832357 0.00000042  5000.29974  0.256  0.106 4.676  0.060 4.073
OGLE-BLG-RRLYR-01046  17.174 19.387  0.32801511 0.00000017  5000.23439  0.265  0.090 4.923  0.067 4.148
OGLE-BLG-RRLYR-01052  16.956 18.844  0.24744622 0.00000015  5000.14114  0.179  0.121 4.723  0.000   -  
OGLE-BLG-RRLYR-01053  16.440 18.018  0.25453397 0.00000012  5000.20994  0.274  0.166 4.659  0.093 3.043
OGLE-BLG-RRLYR-01054  16.279 18.014  0.26390649 0.00000059  5000.17719  0.279  0.137 4.445  0.059 3.324
OGLE-BLG-RRLYR-01055  16.916 18.772  0.33779341 0.00000036  5000.01784  0.238  0.084 4.871  0.082 4.524
OGLE-BLG-RRLYR-01059  16.597 18.634  0.35719881 0.00000063  5000.20160  0.295  0.049 4.862  0.049 4.985
OGLE-BLG-RRLYR-01064  16.756 18.741  0.31485816 0.00000011  5000.04196  0.242  0.094 5.014  0.047 3.690
OGLE-BLG-RRLYR-01067  16.657 18.481  0.28294758 0.00000027  5000.22969  0.266  0.146 4.685  0.099 3.338
OGLE-BLG-RRLYR-01070  17.134 18.744  0.35593432 0.00000222  5000.00083  0.299  0.100 5.308  0.042 3.986
OGLE-BLG-RRLYR-01079  16.439 17.827  0.24735556 0.00000106  5000.07855  0.167  0.103 5.199  0.084 5.029
OGLE-BLG-RRLYR-01088  17.167 18.936  0.29471866 0.00000012  5000.00071  0.262  0.139 4.833  0.078 3.673
OGLE-BLG-RRLYR-01090  17.196 19.527  0.31322139 0.00000017  5000.27422  0.266  0.115 5.035  0.075 3.974
OGLE-BLG-RRLYR-01097  17.452 19.599  0.29230851 0.00000012  5000.09063  0.281  0.142 4.627  0.089 3.581
OGLE-BLG-RRLYR-01099  17.150 19.130  0.25533678 0.00000032  5000.03122  0.224  0.124 4.607  0.052 3.891
OGLE-BLG-RRLYR-01101  17.298 19.348  0.32974769 0.00000052  5000.19459  0.266  0.110 4.845  0.049 4.350
OGLE-BLG-RRLYR-01110  17.316 19.455  0.24593437 0.00000021  5000.12097  0.149  0.108 4.879  0.000   -  
OGLE-BLG-RRLYR-01113  17.206 19.463  0.35878500 0.00000031  5000.17570  0.225  0.042 0.236  0.044 5.051
OGLE-BLG-RRLYR-01115  17.101 19.393  0.33355264 0.00000066  5000.27552  0.257  0.115 4.757  0.074 4.190
OGLE-BLG-RRLYR-01117  17.113 19.261  0.29099443 0.00000041  5000.27921  0.264  0.115 4.735  0.105 3.562
OGLE-BLG-RRLYR-01118  16.952 18.959  0.29082339 0.00000035  5000.03529  0.267  0.135 4.799  0.093 3.491
OGLE-BLG-RRLYR-01121  17.258 18.721  0.24752438 0.00000030  5000.07406  0.234  0.122 4.696  0.071 3.686
OGLE-BLG-RRLYR-01122  16.930 19.233  0.37848823 0.00000111  5000.27856  0.243  0.062 6.149  0.000   -  
OGLE-BLG-RRLYR-01123  17.565 20.045  0.29288082 0.00000052  5000.24639  0.283  0.169 4.991  0.104 3.359
OGLE-BLG-RRLYR-01133  16.736 18.378  0.31058302 0.00000038  5000.28484  0.261  0.106 4.652  0.075 4.144
OGLE-BLG-RRLYR-01147  17.078 19.245  0.32408564 0.00000056  5000.30281  0.271  0.099 4.823  0.073 4.471
OGLE-BLG-RRLYR-01152  16.875 18.941  0.34757980 0.00000109  5000.25056  0.215  0.084 5.128  0.065 3.562
OGLE-BLG-RRLYR-01156  17.232 19.356  0.36641234 0.00000078  5000.20029  0.284  0.063 5.591  0.092 4.780
OGLE-BLG-RRLYR-01168  16.441 18.970  0.27880748 0.00000029  5000.17710  0.298  0.193 4.630  0.116 3.225
OGLE-BLG-RRLYR-01176  16.223 17.716  0.31549122 0.00000098  5000.30412  0.248  0.106 4.966  0.069 4.577
OGLE-BLG-RRLYR-01181  16.173 17.601  0.28218267 0.00000074  5000.22049  0.223  0.116 5.063  0.051 3.089
OGLE-BLG-RRLYR-01182  15.978 17.528  0.38861670 0.00000122  5000.20036  0.291  0.094 5.667  0.097 4.747
OGLE-BLG-RRLYR-01183  17.417 19.737  0.30478771 0.00000052  5000.23887  0.272  0.126 5.159  0.074 4.371
OGLE-BLG-RRLYR-01186  17.481 19.992  0.30942242 0.00000055  5000.25238  0.244  0.078 4.823  0.062 3.989
OGLE-BLG-RRLYR-01191  17.796 20.118  0.26716878 0.00000065  5000.17430  0.212  0.151 5.035  0.101 4.432
OGLE-BLG-RRLYR-01192  17.319 19.632  0.32025340 0.00000061  5000.17981  0.249  0.100 4.874  0.095 4.152
OGLE-BLG-RRLYR-01195  16.305 17.923  0.38765600 0.00000124  5000.03825  0.262  0.156 4.918  0.077 2.979
OGLE-BLG-RRLYR-01196  16.219 17.739  0.27588136 0.00000053  5000.08658  0.285  0.151 4.660  0.080 3.244
OGLE-BLG-RRLYR-01198  17.587 20.312  0.29141384 0.00000057  5000.28994  0.232  0.121 4.870  0.069 4.355
OGLE-BLG-RRLYR-01201  16.420 18.118  0.28798792 0.00000127  5000.10939  0.267  0.182 4.828  0.099 3.518
OGLE-BLG-RRLYR-01206  17.446 19.875  0.30964166 0.00000056  5000.23732  0.259  0.108 4.961  0.072 4.162
OGLE-BLG-RRLYR-01209  17.556 19.992  0.31927546 0.00000065  5000.19947  0.245  0.091 5.400  0.000   -  
OGLE-BLG-RRLYR-01213  17.370 19.728  0.25507439 0.00000045  5000.20859  0.197  0.083 4.659  0.000   -  
OGLE-BLG-RRLYR-01216  17.290 19.508  0.24961812 0.00000029  5000.05852  0.262  0.201 4.743  0.087 3.084
OGLE-BLG-RRLYR-01221  17.640 20.584  0.34304821 0.00000194  5000.29714  0.257  0.000   -    0.000   -  
OGLE-BLG-RRLYR-01224  16.155 17.706  0.31915512 0.00000096  5000.30426  0.251  0.103 5.151  0.069 4.251
OGLE-BLG-RRLYR-01226  16.570 18.179  0.34584167 0.00000203  5000.06196  0.269  0.088 5.081  0.104 4.303
OGLE-BLG-RRLYR-01227  15.790 17.382  0.42901579 0.00000197  5000.33665  0.260  0.033 4.103  0.052 4.917
OGLE-BLG-RRLYR-01231  16.300 17.873  0.36418241 0.00000270  5000.06043  0.296  0.140 5.314  0.114 4.142
OGLE-BLG-RRLYR-01238  16.854 18.454  0.26990808 0.00000109  5000.24325  0.340  0.190 4.818  0.080 2.926
OGLE-BLG-RRLYR-01243  15.794 17.365  0.32249100 0.00000091  5000.27897  0.246  0.097 4.850  0.062 3.903
OGLE-BLG-RRLYR-01247  17.069 18.926  0.41970807 0.00000283  5000.00364  0.234  0.063 0.068  0.069 4.862
OGLE-BLG-RRLYR-01248  17.266 19.504  0.39429622 0.00000327  5000.04460  0.250  0.000   -    0.082 5.184
OGLE-BLG-RRLYR-01256  16.861 18.307  0.30469937 0.00000052  5000.20984  0.252  0.129 4.962  0.075 3.578
OGLE-BLG-RRLYR-01257  16.171 17.476  0.27671506 0.00000027  5000.02672  0.294  0.155 4.757  0.088 3.297
OGLE-BLG-RRLYR-01261  16.256 17.936  0.31842170 0.00000083  5000.17108  0.265  0.105 5.003  0.079 4.312
OGLE-BLG-RRLYR-01265  16.439 18.280  0.32358338 0.00000224  5000.19600  0.258  0.059 4.831  0.111 4.861
OGLE-BLG-RRLYR-01267  16.156 17.506  0.40396244 0.00000076  5000.32399  0.284  0.027 4.143  0.042 5.217
OGLE-BLG-RRLYR-01269  15.594 17.280  0.39051633 0.00000104  5000.25058  0.246  0.036 5.758  0.053 4.828
OGLE-BLG-RRLYR-01271  15.558 16.857  0.28967568 0.00000043  5000.14023  0.294  0.148 4.884  0.084 3.361
OGLE-BLG-RRLYR-01272  15.234    -    0.23448808 0.00000142  5000.09235  0.239  0.158 4.658  0.075 3.526
OGLE-BLG-RRLYR-01276  15.271 16.707  0.28068445 0.00000023  5000.13664  0.296  0.163 4.815  0.109 3.099
OGLE-BLG-RRLYR-01278  15.757 17.041  0.35574743 0.00000259  5000.04649  0.297  0.072 4.975  0.054 5.170
OGLE-BLG-RRLYR-01281  16.268 17.743  0.27417507 0.00000261  5000.02862  0.343  0.172 4.754  0.057 4.463
OGLE-BLG-RRLYR-01283  15.843 17.467  0.31583534 0.00000135  5000.28725  0.207  0.130 4.922  0.078 2.855
OGLE-BLG-RRLYR-01286  16.283    -    0.25796593 0.00000128  5000.16529  0.237  0.129 4.885  0.064 4.382
OGLE-BLG-RRLYR-01288  16.523    -    0.31744892 0.00000138  5000.15811  0.261  0.116 4.702  0.103 4.205
OGLE-BLG-RRLYR-01290  16.052 17.397  0.35396382 0.00000059  5000.04754  0.280  0.069 4.736  0.072 4.889
OGLE-BLG-RRLYR-01292  16.001    -    0.31848041 0.00000062  5000.14949  0.241  0.073 5.224  0.047 4.228
OGLE-BLG-RRLYR-01294  16.224 17.855  0.30822539 0.00000158  5000.15139  0.250  0.085 4.900  0.000   -  
OGLE-BLG-RRLYR-01295  16.109 17.260  0.32588710 0.00000075  5000.19264  0.266  0.086 4.914  0.063 3.962
OGLE-BLG-RRLYR-01298  17.557 19.744  0.35731567 0.00000280  5000.00039  0.221  0.000   -    0.000   -  
OGLE-BLG-RRLYR-01299  16.228 17.637  0.31541450 0.00000057  5000.06675  0.251  0.093 4.902  0.091 4.089
OGLE-BLG-RRLYR-01306  15.629 16.612  0.29340950 0.00000029  5000.21886  0.271  0.127 4.836  0.085 3.848
OGLE-BLG-RRLYR-01313  16.164 17.737  0.31149868 0.00000087  5000.22719  0.214  0.112 5.282  0.061 3.821
OGLE-BLG-RRLYR-01316  17.978 19.720  0.25558072 0.00000166  5000.16272  0.258  0.161 4.721  0.000   -  
OGLE-BLG-RRLYR-01317  16.340 18.069  0.25994365 0.00000071  5000.22346  0.297  0.204 4.671  0.057 2.692
OGLE-BLG-RRLYR-01322  16.733 18.486  0.26587510 0.00000077  5000.05261  0.221  0.076 4.700  0.094 3.824
OGLE-BLG-RRLYR-01331  16.256 17.530  0.27838916 0.00000026  5000.03853  0.287  0.172 4.819  0.098 3.107
OGLE-BLG-RRLYR-01337  16.862 18.666  0.32970301 0.00000200  5000.31762  0.166  0.084 5.170  0.000   -  
OGLE-BLG-RRLYR-01339  16.760 18.420  0.28248952 0.00000062  5000.04341  0.276  0.149 4.774  0.098 3.401
OGLE-BLG-RRLYR-01343  17.024 19.470  0.33178901 0.00000158  5000.12281  0.273  0.000   -    0.107 4.953
OGLE-BLG-RRLYR-01353  17.481 19.794  0.28612005 0.00000122  5000.17066  0.280  0.162 4.905  0.158 3.585
OGLE-BLG-RRLYR-01354  15.991 17.509  0.24775999 0.00000050  5000.19982  0.206  0.088 5.003  0.085 4.244
OGLE-BLG-RRLYR-01355  17.209 19.602  0.31263776 0.00000145  5000.03345  0.259  0.105 5.035  0.094 4.348
OGLE-BLG-RRLYR-01356  17.186 19.479  0.28497775 0.00000109  5000.17472  0.264  0.140 4.923  0.083 3.530
OGLE-BLG-RRLYR-01358  16.535 18.464  0.34149616 0.00000223  5000.04675  0.154  0.000   -    0.096 4.381
OGLE-BLG-RRLYR-01359  16.411 18.141  0.33116833 0.00000045  5000.00225  0.279  0.090 5.232  0.079 4.308
OGLE-BLG-RRLYR-01365  16.761 18.599  0.31667689 0.00000033  5000.20049  0.285  0.105 4.774  0.080 4.205
OGLE-BLG-RRLYR-01366  16.680 18.280  0.29947515 0.00000080  5000.13426  0.226  0.090 4.783  0.050 3.693
OGLE-BLG-RRLYR-01369  16.444 18.573  0.39989105 0.00000349  5000.27403  0.263  0.037 3.523  0.000   -  
OGLE-BLG-RRLYR-01370  17.248 19.199  0.23043704 0.00000045  5000.03989  0.224  0.172 4.733  0.055 3.221
OGLE-BLG-RRLYR-01374  17.542 19.254  0.31723201 0.00000268  5000.27494  0.240  0.122 4.854  0.083 3.331
OGLE-BLG-RRLYR-01378  16.582 18.195  0.26597600 0.00000077  5000.01912  0.276  0.168 4.801  0.095 3.135
OGLE-BLG-RRLYR-01379  16.312 18.026  0.33612598 0.00000290  5000.21583  0.275  0.128 5.519  0.000   -  
OGLE-BLG-RRLYR-01384  16.914 18.678  0.26499401 0.00000032  5000.18901  0.293  0.203 4.797  0.068 2.924
OGLE-BLG-RRLYR-01385  17.112 19.407  0.32307640 0.00000169  5000.25819  0.266  0.112 5.398  0.051 4.315
OGLE-BLG-RRLYR-01387  16.518 18.241  0.34084059 0.00000129  5000.24547  0.268  0.052 5.305  0.098 4.710
OGLE-BLG-RRLYR-01391  17.152 19.001  0.29237616 0.00000049  5000.10734  0.292  0.155 4.994  0.078 3.768
OGLE-BLG-RRLYR-01392  15.684 17.171  0.34493436 0.00000104  5000.20156  0.261  0.041 5.705  0.075 4.641
OGLE-BLG-RRLYR-01395  17.297 19.555  0.27931776 0.00000141  5000.20179  0.239  0.158 4.646  0.000   -  
OGLE-BLG-RRLYR-01398  16.807 18.461  0.21429333 0.00000032  5000.03352  0.186  0.129 4.430  0.000   -  
OGLE-BLG-RRLYR-01400  16.441 18.026  0.30435456 0.00000045  5000.23711  0.273  0.127 5.034  0.087 3.607
OGLE-BLG-RRLYR-01403  17.159 19.450  0.36589969 0.00000363  5000.04150  0.277  0.090 5.233  0.000   -  
OGLE-BLG-RRLYR-01408  16.978 18.852  0.38535853 0.00000104  5000.09675  0.234  0.000   -    0.086 4.289
OGLE-BLG-RRLYR-01410  17.237 18.622  0.23991110 0.00000092  5000.23111  0.295  0.142 4.891  0.068 3.476
OGLE-BLG-RRLYR-01415  17.842 19.492  0.36863314 0.00000390  5000.33774  0.272  0.171 5.333  0.126 4.559
OGLE-BLG-RRLYR-01416  16.871 18.896  0.25153809 0.00000103  5000.16969  0.209  0.132 4.568  0.000   -  
OGLE-BLG-RRLYR-01422  16.607 18.502  0.40743576 0.00000077  5000.08280  0.215  0.039 1.534  0.065 5.442
OGLE-BLG-RRLYR-01423  17.223 19.590  0.38384647 0.00000493  5000.18674  0.316  0.000   -    0.067 6.014
OGLE-BLG-RRLYR-01430  16.898 18.610  0.28198609 0.00000053  5000.09096  0.270  0.124 5.106  0.094 4.384
OGLE-BLG-RRLYR-01436  16.351 18.223  0.32430709 0.00000081  5000.08037  0.282  0.174 4.876  0.074 3.260
OGLE-BLG-RRLYR-01437  17.244 19.375  0.27965953 0.00000153  5000.21071  0.182  0.097 4.563  0.000   -  
OGLE-BLG-RRLYR-01438  16.239 18.051  0.31847278 0.00000123  5000.07670  0.252  0.102 4.831  0.070 3.988
OGLE-BLG-RRLYR-01439  17.048 19.012  0.33270948 0.00000061  5000.30668  0.250  0.086 4.910  0.075 4.499
OGLE-BLG-RRLYR-01441  16.563    -    0.26738730 0.00000137  5000.14581  0.338  0.172 4.840  0.000   -  
OGLE-BLG-RRLYR-01443  15.821 17.385  0.23924476 0.00000151  5000.07083  0.246  0.165 4.903  0.085 3.948
OGLE-BLG-RRLYR-01450  16.896 18.609  0.25060743 0.00000137  5000.02714  0.152  0.121 5.126  0.000   -  
OGLE-BLG-RRLYR-01451  16.584 18.310  0.31831824 0.00000093  5000.29352  0.252  0.098 4.891  0.051 4.314
OGLE-BLG-RRLYR-01453  16.490 18.009  0.26696776 0.00000032  5000.07741  0.294  0.180 4.787  0.071 3.187
OGLE-BLG-RRLYR-01461  16.597 18.019  0.26816774 0.00000085  5000.24590  0.226  0.089 4.724  0.057 4.345
OGLE-BLG-RRLYR-01462  17.183 19.159  0.29951497 0.00000158  5000.08968  0.289  0.148 4.810  0.052 3.864
OGLE-BLG-RRLYR-01468  16.531 18.547  0.29395974 0.00000121  5000.02384  0.204  0.132 4.591  0.050 3.432
OGLE-BLG-RRLYR-01473  16.801 18.882  0.30758682 0.00000120  5000.15361  0.259  0.111 4.727  0.078 4.078
OGLE-BLG-RRLYR-01474  16.334 17.988  0.28006867 0.00000019  5000.12353  0.305  0.160 4.784  0.097 3.060
OGLE-BLG-RRLYR-01476  16.973 19.130  0.30035442 0.00000157  5000.22740  0.273  0.130 5.132  0.098 4.380
OGLE-BLG-RRLYR-01481  16.501 18.101  0.30564040 0.00000039  5000.01496  0.221  0.121 4.932  0.084 3.824
OGLE-BLG-RRLYR-01482  16.058 17.541  0.30561701 0.00000030  5000.21388  0.273  0.123 4.818  0.077 4.004
OGLE-BLG-RRLYR-01487  16.579 18.075  0.29062850 0.00000081  5000.08163  0.285  0.145 4.819  0.083 3.312
OGLE-BLG-RRLYR-01489  16.355 18.005  0.30977937 0.00000041  5000.23911  0.275  0.128 4.882  0.069 3.680
OGLE-BLG-RRLYR-01494  17.221 19.126  0.32057282 0.00000060  5000.03086  0.293  0.109 5.432  0.101 4.247
OGLE-BLG-RRLYR-01495  16.988 19.089  0.35677737 0.00000178  5000.10485  0.281  0.076 4.977  0.049 4.936
OGLE-BLG-RRLYR-01496  17.091 19.166  0.31044975 0.00000218  5000.27209  0.276  0.079 4.774  0.072 4.122
OGLE-BLG-RRLYR-01497  16.539 18.530  0.30229790 0.00000142  5000.28325  0.264  0.109 4.614  0.071 4.909
OGLE-BLG-RRLYR-01498  16.385 17.953  0.31799402 0.00000046  5000.11206  0.245  0.100 5.011  0.080 3.982
OGLE-BLG-RRLYR-01500  16.814 18.756  0.31279591 0.00000034  5000.30317  0.241  0.115 5.089  0.081 4.311
OGLE-BLG-RRLYR-01501  17.248 19.561  0.28940242 0.00000122  5000.16625  0.248  0.146 5.003  0.081 3.249
OGLE-BLG-RRLYR-01515  15.820 17.370  0.31827367 0.00000223  5000.08390  0.322  0.120 5.179  0.060 3.599
OGLE-BLG-RRLYR-01517  16.721 18.934  0.31662005 0.00000132  5000.05172  0.268  0.148 5.091  0.050 3.605
OGLE-BLG-RRLYR-01519  17.208 19.013  0.26827269 0.00000029  5000.06284  0.285  0.183 4.698  0.101 2.785
OGLE-BLG-RRLYR-01521  16.182 17.699  0.30371116 0.00000105  5000.14330  0.297  0.131 5.024  0.082 3.740
OGLE-BLG-RRLYR-01526  16.577 18.468  0.37542921 0.00000267  5000.19754  0.242  0.056 5.864  0.065 5.480
OGLE-BLG-RRLYR-01528  17.260 19.320  0.28887116 0.00000102  5000.07384  0.282  0.116 4.511  0.114 3.755
OGLE-BLG-RRLYR-01530  16.686 18.197  0.29663492 0.00000099  5000.03099  0.284  0.110 4.993  0.098 3.506
OGLE-BLG-RRLYR-01531  16.993 18.817  0.27044185 0.00000060  5000.26366  0.182  0.053 5.619  0.088 3.989
OGLE-BLG-RRLYR-01532  17.727 20.243  0.24731208 0.00000023  5000.10887  0.171  0.154 4.623  0.000   -  
OGLE-BLG-RRLYR-01538  16.861 18.975  0.33567527 0.00000129  5000.29690  0.245  0.124 5.334  0.114 4.171
OGLE-BLG-RRLYR-01549  17.609 19.657  0.29159475 0.00000173  5000.06317  0.286  0.183 5.225  0.094 4.179
OGLE-BLG-RRLYR-01557  16.737 18.622  0.32660184 0.00000164  5000.23781  0.318  0.200 5.047  0.093 3.175
OGLE-BLG-RRLYR-01560  17.114 19.077  0.25429527 0.00000027  5000.06153  0.141  0.068 5.073  0.000   -  
OGLE-BLG-RRLYR-01561  15.880 17.519  0.33140240 0.00000177  5000.29712  0.273  0.061 5.052  0.095 4.239
OGLE-BLG-RRLYR-01562  16.590 18.513  0.32098178 0.00000043  5000.06856  0.248  0.100 4.863  0.070 4.136
OGLE-BLG-RRLYR-01568  17.157 19.314  0.33096779 0.00000020  5000.15883  0.278  0.087 5.297  0.066 4.621
OGLE-BLG-RRLYR-01576  17.010 19.035  0.27137997 0.00000097  5000.01321  0.264  0.130 4.454  0.060 3.159
OGLE-BLG-RRLYR-01578  16.713 18.498  0.32938697 0.00000229  5000.19181  0.235  0.105 5.609  0.000   -  
OGLE-BLG-RRLYR-01582  16.479 18.117  0.31884986 0.00000096  5000.03169  0.272  0.106 4.796  0.075 4.318
OGLE-BLG-RRLYR-01585  16.782 18.837  0.28973273 0.00000098  5000.22421  0.278  0.137 4.941  0.081 3.540
OGLE-BLG-RRLYR-01592  16.646 18.324  0.27392158 0.00000021  5000.02057  0.275  0.167 4.904  0.078 2.942
OGLE-BLG-RRLYR-01594  16.716 18.735  0.33325043 0.00000167  5000.16731  0.130  0.293 5.616  0.000   -  
OGLE-BLG-RRLYR-01597  16.542 17.848  0.25658768 0.00000110  5000.25202  0.251  0.181 4.869  0.099 2.147
OGLE-BLG-RRLYR-01608  16.572 18.342  0.30640924 0.00000037  5000.24064  0.291  0.121 5.008  0.085 3.748
OGLE-BLG-RRLYR-01613  17.413 19.589  0.25332624 0.00000030  5000.04653  0.198  0.070 4.855  0.063 4.333
OGLE-BLG-RRLYR-01615  17.441 18.941  0.37061495 0.00000345  5000.21263  0.258  0.123 5.139  0.000   -  
OGLE-BLG-RRLYR-01626  16.305 18.015  0.33748734 0.00000037  5000.15597  0.236  0.089 5.088  0.072 4.273
OGLE-BLG-RRLYR-01629  16.663 18.508  0.27509582 0.00000020  5000.05151  0.284  0.175 4.826  0.091 3.003
OGLE-BLG-RRLYR-01631  16.151 17.664  0.31078403 0.00000109  5000.13596  0.249  0.125 5.084  0.094 4.229
OGLE-BLG-RRLYR-01634  16.434 17.640  0.33107864 0.00000344  5000.01772  0.249  0.097 5.016  0.065 4.379
OGLE-BLG-RRLYR-01635  16.648 17.881  0.28589491 0.00000077  5000.04744  0.283  0.233 4.675  0.060 2.848
OGLE-BLG-RRLYR-01641  17.631 19.919  0.32915490 0.00000033  5000.12311  0.284  0.126 4.994  0.071 4.156
OGLE-BLG-RRLYR-01642  17.773 19.646  0.46362647 0.00000540  5000.32654  0.185  0.352 3.635  0.000   -  
OGLE-BLG-RRLYR-01652  17.549 20.098  0.27061046 0.00000030  5000.14468  0.145  0.119 4.920  0.000   -  
OGLE-BLG-RRLYR-01654  17.047 18.821  0.25523852 0.00000055  5000.07449  0.137  0.086 4.759  0.000   -  
OGLE-BLG-RRLYR-01658  17.344 19.358  0.40421109 0.00000298  5000.11656  0.248  0.056 1.103  0.000   -  
OGLE-BLG-RRLYR-01661  16.445 18.105  0.27452820 0.00000023  5000.25318  0.239  0.142 4.724  0.090 3.360
OGLE-BLG-RRLYR-01666  16.679 18.570  0.32160682 0.00000104  5000.27859  0.235  0.110 5.000  0.063 4.150
OGLE-BLG-RRLYR-01668  17.144 18.862  0.30121194 0.00000022  5000.08128  0.254  0.096 4.981  0.065 4.118
OGLE-BLG-RRLYR-01670  16.586 18.262  0.32300578 0.00000080  5000.30823  0.266  0.066 4.794  0.084 3.997
OGLE-BLG-RRLYR-01673  17.346 19.555  0.25707828 0.00000031  5000.03372  0.268  0.176 4.765  0.091 3.018
OGLE-BLG-RRLYR-01675  16.348 18.037  0.26346531 0.00000068  5000.09848  0.233  0.097 5.081  0.068 3.607
OGLE-BLG-RRLYR-01678  16.109 18.020  0.41156334 0.00000128  5000.13070  0.233  0.028 2.463  0.047 3.341
OGLE-BLG-RRLYR-01680  16.104 17.583  0.47856832 0.00000163  5000.15060  0.234  0.205 3.666  0.084 1.252
OGLE-BLG-RRLYR-01681  16.706 18.420  0.31968047 0.00000138  5000.30898  0.249  0.090 4.749  0.000   -  
OGLE-BLG-RRLYR-01684  16.587 18.392  0.27774173 0.00000007  5000.17979  0.313  0.156 4.836  0.097 3.213
OGLE-BLG-RRLYR-01687  16.295 17.923  0.31705093 0.00000063  5000.11315  0.266  0.118 4.826  0.099 3.534
OGLE-BLG-RRLYR-01690  16.520 18.105  0.25167991 0.00000188  5000.24737  0.217  0.219 4.791  0.080 3.944
OGLE-BLG-RRLYR-01691  17.002 19.168  0.30940455 0.00000045  5000.18335  0.243  0.105 4.944  0.066 4.143
OGLE-BLG-RRLYR-01696  16.497    -    0.29073445 0.00000198  5000.01350  0.273  0.119 5.054  0.081 3.738
OGLE-BLG-RRLYR-01700  16.547 18.211  0.33886488 0.00000064  5000.20794  0.287  0.071 5.301  0.095 4.332
OGLE-BLG-RRLYR-01701  16.682 18.077  0.26530263 0.00000066  5000.12013  0.272  0.202 4.801  0.085 3.231
OGLE-BLG-RRLYR-01705  16.851 18.611  0.26446383 0.00000068  5000.05852  0.306  0.196 4.594  0.053 3.226
OGLE-BLG-RRLYR-01707  17.551 20.092  0.30713249 0.00000022  5000.20566  0.239  0.108 4.964  0.078 3.838
OGLE-BLG-RRLYR-01709  16.645 18.414  0.27669141 0.00000044  5000.15572  0.189  0.084 5.252  0.067 5.344
OGLE-BLG-RRLYR-01712  17.434 19.020  0.21606545 0.00000015  5000.16013  0.227  0.107 4.853  0.067 3.215
OGLE-BLG-RRLYR-01714  16.044 17.514  0.33148624 0.00000113  5000.15599  0.260  0.116 4.758  0.048 4.288
OGLE-BLG-RRLYR-01719  17.425 19.257  0.26359518 0.00000017  5000.20307  0.253  0.165 4.738  0.000   -  
OGLE-BLG-RRLYR-01725  17.034 19.215  0.26238690 0.00000012  5000.10309  0.205  0.141 4.829  0.030 3.240
OGLE-BLG-RRLYR-01733  17.026 19.107  0.31281750 0.00000057  5000.12635  0.233  0.082 5.299  0.071 3.964
OGLE-BLG-RRLYR-01738  16.574 18.615  0.38524511 0.00000071  5000.13029  0.275  0.045 4.950  0.070 4.699
OGLE-BLG-RRLYR-01739  16.054 17.219  0.33018398 0.00000078  5000.17535  0.309  0.184 4.910  0.081 3.345
OGLE-BLG-RRLYR-01742  17.295 19.612  0.28729743 0.00000019  5000.16561  0.296  0.130 4.771  0.079 3.534
OGLE-BLG-RRLYR-01744  16.490 18.076  0.29585169 0.00000009  5000.03947  0.262  0.131 4.725  0.076 3.455
OGLE-BLG-RRLYR-01750  16.196 17.731  0.26374820 0.00000009  5000.00216  0.198  0.115 4.829  0.042 3.238
OGLE-BLG-RRLYR-01751  16.418 18.047  0.36861113 0.00000113  5000.35591  0.285  0.043 5.320  0.059 4.869
OGLE-BLG-RRLYR-01753  16.082 17.595  0.32998824 0.00000097  5000.08703  0.273  0.114 5.134  0.072 4.136
OGLE-BLG-RRLYR-01755  16.051 17.359  0.32372948 0.00000081  5000.12689  0.247  0.102 5.153  0.067 4.245
OGLE-BLG-RRLYR-01758  16.307 17.585  0.27219131 0.00000084  5000.05385  0.259  0.096 4.753  0.099 3.822
OGLE-BLG-RRLYR-01762  17.028    -    0.28206075 0.00000015  5000.19705  0.259  0.154 4.806  0.108 3.142
OGLE-BLG-RRLYR-01764  17.827 19.399  0.24208010 0.00000180  5000.22113  0.304  0.000   -    0.117 5.787
OGLE-BLG-RRLYR-01766  15.720    -    0.27495910 0.00000077  5000.12463  0.295  0.175 4.718  0.105 2.933
OGLE-BLG-RRLYR-01778  16.987 18.670  0.30642541 0.00000017  5000.16588  0.218  0.107 4.840  0.075 3.936
OGLE-BLG-RRLYR-01780  17.188 20.279  0.33384913 0.00000046  5000.13782  0.127  0.166 3.903  0.000   -  
OGLE-BLG-RRLYR-01781  16.199 17.834  0.32564822 0.00000093  5000.01109  0.248  0.096 5.055  0.000   -  
OGLE-BLG-RRLYR-01782  16.155 17.634  0.29985054 0.00000030  5000.11783  0.258  0.105 4.852  0.085 3.938
OGLE-BLG-RRLYR-01785  15.623 16.934  0.38530771 0.00000124  5000.03362  0.251  0.023 4.808  0.041 4.753
OGLE-BLG-RRLYR-01798  16.798 18.669  0.29217189 0.00000029  5000.10558  0.292  0.164 4.887  0.093 3.475
OGLE-BLG-RRLYR-01803  17.501 19.577  0.37949238 0.00000050  5000.28260  0.230  0.033 5.505  0.073 4.561
OGLE-BLG-RRLYR-01808  17.075 19.441  0.31615724 0.00000045  5000.22877  0.176  0.086 5.278  0.000   -  
OGLE-BLG-RRLYR-01811  16.373 18.090  0.39653969 0.00000164  5000.14764  0.263  0.060 5.645  0.090 5.170
OGLE-BLG-RRLYR-01812  16.571 18.264  0.32189742 0.00000073  5000.08262  0.278  0.090 4.981  0.082 4.228
OGLE-BLG-RRLYR-01818  16.360 18.007  0.28916931 0.00000050  5000.18204  0.155  0.094 4.602  0.000   -  
OGLE-BLG-RRLYR-01819  17.173 19.546  0.41900012 0.00000147  5000.35097  0.262  0.047 1.459  0.107 5.250
OGLE-BLG-RRLYR-01820  16.395 17.484  0.34943599 0.00000258  5000.19610  0.268  0.116 4.888  0.110 4.371
OGLE-BLG-RRLYR-01828  16.398 18.512  0.39325467 0.00000082  5000.28028  0.255  0.054 5.434  0.060 4.860
OGLE-BLG-RRLYR-01833  16.798 18.890  0.29440260 0.00000013  5000.02702  0.237  0.115 4.880  0.072 4.064
OGLE-BLG-RRLYR-01834  18.432 20.075  0.22402398 0.00000025  5000.14060  0.201  0.132 4.765  0.113 3.312
OGLE-BLG-RRLYR-01840  17.070 19.493  0.36226026 0.00000036  5000.05409  0.258  0.075 5.066  0.053 4.024
OGLE-BLG-RRLYR-01845  17.160 19.279  0.36482240 0.00000084  5000.26346  0.264  0.051 5.121  0.000   -  
OGLE-BLG-RRLYR-01853  16.931 18.563  0.21066136 0.00000019  5000.09351  0.094  0.177 4.487  0.000   -  
OGLE-BLG-RRLYR-01858  16.824 18.290  0.32762792 0.00000111  5000.15440  0.244  0.092 4.731  0.069 4.072
OGLE-BLG-RRLYR-01859  16.347 17.666  0.26630498 0.00000066  5000.03096  0.255  0.126 4.859  0.068 4.364
OGLE-BLG-RRLYR-01865  15.349 16.560  0.31678607 0.00000085  5000.12514  0.250  0.119 5.072  0.110 4.141
OGLE-BLG-RRLYR-01867  16.556 18.328  0.30481218 0.00000027  5000.23846  0.270  0.124 4.910  0.074 3.896
OGLE-BLG-RRLYR-01868  16.893 18.456  0.28762606 0.00000011  5000.25870  0.290  0.185 4.840  0.103 3.013
OGLE-BLG-RRLYR-01869  16.671 18.158  0.26326957 0.00000079  5000.11655  0.231  0.103 5.025  0.072 4.681
OGLE-BLG-RRLYR-01875  16.955 19.006  0.33095678 0.00000016  5000.08933  0.265  0.105 5.111  0.079 4.234
OGLE-BLG-RRLYR-01876  17.242 19.422  0.26342002 0.00000015  5000.02049  0.268  0.195 4.810  0.057 3.015
OGLE-BLG-RRLYR-01881  16.521 17.693  0.30568405 0.00000100  5000.17970  0.259  0.100 4.845  0.075 3.989
OGLE-BLG-RRLYR-01883  17.688 19.857  0.27828682 0.00000018  5000.00516  0.268  0.160 4.812  0.098 3.042
OGLE-BLG-RRLYR-01884  17.306 19.030  0.30699648 0.00000171  5000.04424  0.182  0.123 4.580  0.000   -  
OGLE-BLG-RRLYR-01891  16.053 17.107  0.28306858 0.00000110  5000.10465  0.261  0.118 4.664  0.115 3.285
OGLE-BLG-RRLYR-01895  17.216 18.623  0.26677426 0.00000133  5000.23373  0.313  0.205 4.756  0.121 3.188
OGLE-BLG-RRLYR-01899  16.436 18.191  0.34352488 0.00000038  5000.09078  0.258  0.077 5.020  0.068 4.518
OGLE-BLG-RRLYR-01901  16.530 18.198  0.29408104 0.00000039  5000.25961  0.280  0.156 4.855  0.092 3.497
OGLE-BLG-RRLYR-01902  16.925 18.840  0.25308074 0.00000015  5000.13159  0.205  0.130 4.697  0.000   -  
OGLE-BLG-RRLYR-01904  16.516    -    0.25823303 0.00000028  5000.20244  0.218  0.124 4.711  0.000   -  
OGLE-BLG-RRLYR-01913  16.656 17.866  0.25756279 0.00000090  5000.14009  0.235  0.150 4.370  0.060 3.462
OGLE-BLG-RRLYR-01914  16.077 17.270  0.37272434 0.00000100  5000.15776  0.343  0.220 4.743  0.111 2.968
OGLE-BLG-RRLYR-01917  16.240 17.650  0.25253043 0.00000009  5000.16547  0.227  0.146 4.707  0.034 3.006
OGLE-BLG-RRLYR-01920  16.363 18.055  0.34252358 0.00000092  5000.33131  0.278  0.077 5.482  0.082 4.572
OGLE-BLG-RRLYR-01926  17.007 18.720  0.28161167 0.00000015  5000.00042  0.239  0.097 4.757  0.063 4.530
OGLE-BLG-RRLYR-01928  16.513 18.418  0.33884760 0.00000055  5000.25323  0.238  0.074 4.874  0.087 4.598
OGLE-BLG-RRLYR-01930  17.101 18.749  0.21286525 0.00000021  5000.13577  0.170  0.112 4.606  0.065 3.146
OGLE-BLG-RRLYR-01932  16.761 18.274  0.25582927 0.00000007  5000.15192  0.303  0.169 4.801  0.064 2.961
OGLE-BLG-RRLYR-01935  16.949 19.166  0.30786420 0.00000043  5000.01718  0.257  0.118 4.788  0.088 4.090
OGLE-BLG-RRLYR-01944  16.532 18.443  0.35520296 0.00000198  5000.29018  0.174  0.095 6.172  0.069 4.314
OGLE-BLG-RRLYR-01947  15.840 17.189  0.31857046 0.00000094  5000.29782  0.231  0.080 5.236  0.082 4.248
OGLE-BLG-RRLYR-01955  17.111 19.303  0.34295230 0.00000017  5000.19701  0.278  0.058 5.134  0.069 4.624
OGLE-BLG-RRLYR-01956  16.722 18.479  0.27229328 0.00000019  5000.06511  0.261  0.177 4.739  0.070 3.116
OGLE-BLG-RRLYR-01958  16.253 17.407  0.32917943 0.00000087  5000.14023  0.269  0.123 5.135  0.069 4.249
OGLE-BLG-RRLYR-01960  17.059 19.205  0.30842596 0.00000037  5000.21985  0.299  0.169 4.770  0.109 3.266
OGLE-BLG-RRLYR-01962  16.954 19.082  0.34672407 0.00000059  5000.27818  0.273  0.085 5.484  0.070 4.467
OGLE-BLG-RRLYR-01963  17.131 19.076  0.29569162 0.00000062  5000.15842  0.243  0.063 5.124  0.065 5.133
OGLE-BLG-RRLYR-01965  16.241 17.686  0.27092842 0.00000055  5000.18200  0.280  0.179 4.825  0.079 2.689
OGLE-BLG-RRLYR-01966  16.583 18.125  0.30036012 0.00000013  5000.10932  0.247  0.128 5.029  0.089 3.661
OGLE-BLG-RRLYR-01967  15.135 16.476  0.28735405 0.00000046  5000.22370  0.285  0.150 4.777  0.094 3.262
OGLE-BLG-RRLYR-01970  16.346 17.725  0.26768344 0.00000016  5000.00465  0.122  0.066 4.800  0.000   -  
OGLE-BLG-RRLYR-01977  16.189 17.916  0.37341094 0.00000062  5000.07824  0.242  0.000   -    0.072 5.766
OGLE-BLG-RRLYR-01981  17.434 18.982  0.26670100 0.00000015  5000.18738  0.284  0.135 4.718  0.086 3.782
OGLE-BLG-RRLYR-01985  17.467 19.583  0.25758498 0.00000066  5000.25317  0.308  0.189 4.844  0.000   -  
OGLE-BLG-RRLYR-01987  17.005 18.952  0.29408716 0.00000027  5000.24165  0.284  0.206 4.827  0.096 3.014
OGLE-BLG-RRLYR-01990  16.987 18.983  0.26838258 0.00000011  5000.16056  0.215  0.199 4.717  0.094 2.928
OGLE-BLG-RRLYR-01991  16.946 19.293  0.35567623 0.00000084  5000.13575  0.275  0.053 5.236  0.066 4.812
OGLE-BLG-RRLYR-01992  15.483 16.813  0.31452084 0.00000087  5000.13255  0.246  0.098 4.797  0.071 4.312
OGLE-BLG-RRLYR-01995  15.437 16.582  0.25798262 0.00000276  5000.20259  0.202  0.202 4.600  0.120 4.146
OGLE-BLG-RRLYR-01997  16.245 17.604  0.27026783 0.00000008  5000.10595  0.277  0.186 4.737  0.085 2.859
OGLE-BLG-RRLYR-01998  17.241 19.373  0.25172977 0.00000047  5000.25045  0.240  0.146 4.664  0.000   -  
OGLE-BLG-RRLYR-01999  15.771 16.875  0.30695526 0.00000076  5000.07325  0.265  0.182 5.042  0.070 3.159
OGLE-BLG-RRLYR-02001  14.662 15.810  0.24447327 0.00000062  5000.05144  0.174  0.076 4.824  0.042 4.890
OGLE-BLG-RRLYR-02007  16.762 17.718  0.32797709 0.00000129  5000.04150  0.291  0.087 5.212  0.069 4.456
OGLE-BLG-RRLYR-02008  15.006 16.525  0.28289728 0.00000075  5000.18731  0.242  0.128 5.019  0.110 4.427
OGLE-BLG-RRLYR-02010  16.519 17.752  0.20704805 0.00000025  5000.16564  0.206  0.150 4.713  0.067 3.295
OGLE-BLG-RRLYR-02011  16.307 17.879  0.31652459 0.00000075  5000.26717  0.249  0.095 4.762  0.083 3.981
OGLE-BLG-RRLYR-02013  16.129 17.341  0.25088227 0.00000033  5000.16931  0.217  0.145 4.694  0.000   -  
OGLE-BLG-RRLYR-02029  17.223 19.707  0.31616745 0.00000050  5000.30366  0.245  0.101 5.020  0.067 4.190
OGLE-BLG-RRLYR-02032  17.613 19.341  0.33549761 0.00000186  5000.04034  0.240  0.044 5.882  0.000   -  
OGLE-BLG-RRLYR-02033  16.637 18.395  0.31895951 0.00000016  5000.14448  0.242  0.087 5.101  0.067 4.334
OGLE-BLG-RRLYR-02035  16.497 17.914  0.35893749 0.00000127  5000.18421  0.308  0.086 5.441  0.124 4.699
OGLE-BLG-RRLYR-02038  16.940 18.602  0.23130682 0.00000045  5000.22726  0.163  0.000   -    0.000   -  
OGLE-BLG-RRLYR-02045  16.262 17.676  0.28517492 0.00000008  5000.17577  0.283  0.152 4.747  0.092 3.411
OGLE-BLG-RRLYR-02047  18.487 20.318  0.33266976 0.00000133  5000.12795  0.315  0.228 4.527  0.000   -  
OGLE-BLG-RRLYR-02052  16.467 18.084  0.34443243 0.00000056  5000.12545  0.280  0.061 5.090  0.066 4.885
OGLE-BLG-RRLYR-02053  16.908 18.682  0.31959981 0.00000045  5000.12766  0.263  0.115 4.958  0.094 4.243
OGLE-BLG-RRLYR-02054  16.221 17.622  0.28708801 0.00000007  5000.01877  0.259  0.144 4.784  0.085 3.463
OGLE-BLG-RRLYR-02056  16.619 18.667  0.30233136 0.00000009  5000.20608  0.390  0.332 4.388  0.079 2.406
OGLE-BLG-RRLYR-02058  16.412 17.527  0.26899150 0.00000041  5000.17618  0.206  0.119 4.750  0.000   -  
OGLE-BLG-RRLYR-02059  15.972 17.477  0.27414275 0.00000054  5000.07911  0.304  0.201 4.850  0.088 2.986
OGLE-BLG-RRLYR-02063  17.206 19.817  0.41563174 0.00000103  5000.36175  0.268  0.070 5.802  0.077 5.323
OGLE-BLG-RRLYR-02066  16.869 18.468  0.33212424 0.00000019  5000.08476  0.264  0.095 5.138  0.067 4.152
OGLE-BLG-RRLYR-02068  16.668 18.192  0.31656672 0.00000180  5000.17177  0.266  0.095 5.030  0.000   -  
OGLE-BLG-RRLYR-02071  17.143 18.798  0.29172453 0.00000123  5000.07242  0.305  0.142 4.717  0.068 3.990
OGLE-BLG-RRLYR-02075  17.119 18.691  0.32642701 0.00000129  5000.25520  0.258  0.100 5.155  0.072 4.049
OGLE-BLG-RRLYR-02077  16.559 18.061  0.29234289 0.00000009  5000.01054  0.251  0.132 4.727  0.089 3.469
OGLE-BLG-RRLYR-02080  16.417 18.041  0.34118907 0.00000086  5000.24426  0.264  0.080 5.249  0.068 4.774
OGLE-BLG-RRLYR-02085  16.294 17.734  0.32253548 0.00000130  5000.05237  0.259  0.039 0.488  0.140 4.811
OGLE-BLG-RRLYR-02087  16.487 17.889  0.30496732 0.00000030  5000.06831  0.271  0.115 4.891  0.069 3.957
OGLE-BLG-RRLYR-02090  16.454 18.153  0.31320668 0.00000011  5000.22046  0.253  0.102 4.817  0.072 4.095
OGLE-BLG-RRLYR-02093  16.151 17.881  0.40102674 0.00000072  5000.11176  0.263  0.049 4.604  0.060 4.422
OGLE-BLG-RRLYR-02099  17.237 18.895  0.35537206 0.00000024  5000.10680  0.259  0.134 4.969  0.065 3.645
OGLE-BLG-RRLYR-02107  17.207 18.415  0.27316911 0.00000055  5000.14180  0.203  0.126 4.966  0.000   -  
OGLE-BLG-RRLYR-02108  16.038 17.565  0.35444815 0.00000012  5000.18932  0.265  0.049 5.084  0.061 5.064
OGLE-BLG-RRLYR-02111  17.387 19.099  0.32574701 0.00000227  5000.03319  0.253  0.074 5.354  0.000   -  
OGLE-BLG-RRLYR-02112  16.566 18.103  0.32151371 0.00000039  5000.00414  0.244  0.102 5.132  0.083 4.378
OGLE-BLG-RRLYR-02115  16.423 17.671  0.28282964 0.00000098  5000.25402  0.238  0.122 5.268  0.051 4.061
OGLE-BLG-RRLYR-02119  16.184 17.713  0.24239944 0.00000015  5000.12404  0.241  0.129 4.531  0.074 3.448
OGLE-BLG-RRLYR-02120  17.088 18.979  0.31876440 0.00000064  5000.26073  0.263  0.082 4.382  0.060 4.528
OGLE-BLG-RRLYR-02121  14.260 15.457  0.37587761 0.00000384  5000.06325  0.197  0.150 4.748  0.091 5.776
OGLE-BLG-RRLYR-02125  17.528 19.155  0.27708652 0.00000024  5000.11219  0.225  0.070 4.876  0.075 5.039
OGLE-BLG-RRLYR-02126  16.440 17.940  0.27635127 0.00000030  5000.25448  0.286  0.174 4.778  0.095 3.119
OGLE-BLG-RRLYR-02128  16.222 17.530  0.31367451 0.00000121  5000.19639  0.259  0.098 4.777  0.083 3.955
OGLE-BLG-RRLYR-02143  16.287 17.573  0.28213722 0.00000020  5000.05619  0.351  0.151 4.885  0.103 3.340
OGLE-BLG-RRLYR-02146  16.720    -    0.26544050 0.00000044  5000.24529  0.305  0.198 4.877  0.083 3.291
OGLE-BLG-RRLYR-02157  17.044 19.331  0.31683433 0.00000022  5000.29656  0.240  0.091 4.939  0.070 4.099
OGLE-BLG-RRLYR-02159  16.520 18.138  0.34534677 0.00000156  5000.01902  0.078  0.221 5.735  0.000   -  
OGLE-BLG-RRLYR-02160  16.976 18.543  0.30203701 0.00000045  5000.10011  0.154  0.035 4.744  0.036 2.903
OGLE-BLG-RRLYR-02161  15.891 17.361  0.39329787 0.00000147  5000.19249  0.269  0.054 5.437  0.085 4.975
OGLE-BLG-RRLYR-02163  16.847 18.476  0.33710393 0.00000139  5000.00554  0.273  0.114 5.211  0.064 3.944
OGLE-BLG-RRLYR-02167  16.443 18.096  0.31685891 0.00000035  5000.13597  0.252  0.102 4.877  0.070 4.269
OGLE-BLG-RRLYR-02168  17.416 19.790  0.32576767 0.00000024  5000.22826  0.259  0.094 5.038  0.058 4.521
OGLE-BLG-RRLYR-02172  16.176 17.641  0.40491162 0.00000030  5000.07186  0.256  0.026 4.943  0.056 5.049
OGLE-BLG-RRLYR-02173  17.298 19.402  0.26376310 0.00000019  5000.06359  0.266  0.178 4.637  0.077 3.016
OGLE-BLG-RRLYR-02178  16.393 18.087  0.31409467 0.00000042  5000.21036  0.237  0.091 5.223  0.056 4.131
OGLE-BLG-RRLYR-02179  16.011 17.343  0.31880570 0.00000123  5000.12439  0.253  0.117 4.869  0.068 4.577
OGLE-BLG-RRLYR-02187  16.318 17.820  0.31037450 0.00000013  5000.25280  0.230  0.105 4.900  0.071 3.993
OGLE-BLG-RRLYR-02194  16.615 18.216  0.33904872 0.00000019  5000.19849  0.289  0.113 5.153  0.071 3.778
OGLE-BLG-RRLYR-02198  16.983 18.547  0.27111649 0.00000019  5000.14842  0.288  0.181 4.697  0.065 2.795
OGLE-BLG-RRLYR-02208  17.446 19.676  0.21910199 0.00000038  5000.00627  0.184  0.123 4.906  0.000   -  
OGLE-BLG-RRLYR-02209  16.655 18.827  0.24736603 0.00000054  5000.23440  0.100  0.000   -    0.000   -  
OGLE-BLG-RRLYR-02219  16.603 18.252  0.28059351 0.00000076  5000.01948  0.148  0.182 4.613  0.042 2.422
OGLE-BLG-RRLYR-02222  16.665 18.398  0.32070956 0.00000018  5000.28165  0.234  0.110 4.986  0.064 4.166
OGLE-BLG-RRLYR-02223  16.725 18.171  0.29619500 0.00000042  5000.14884  0.266  0.131 4.900  0.080 3.763
OGLE-BLG-RRLYR-02226  15.965 17.292  0.28734913 0.00000012  5000.14045  0.231  0.124 4.817  0.065 3.482
OGLE-BLG-RRLYR-02230  16.649 18.427  0.32995823 0.00000019  5000.06229  0.269  0.073 5.385  0.099 4.371
OGLE-BLG-RRLYR-02242  17.243 19.252  0.33674920 0.00000074  5000.30066  0.266  0.106 4.943  0.063 4.667
OGLE-BLG-RRLYR-02243  14.373 16.460  0.32483306 0.00000028  5000.17679  0.053  0.094 4.932  0.063 4.185
OGLE-BLG-RRLYR-02244  15.564 16.944  0.38673158 0.00000113  5000.13010  0.263  0.041 5.331  0.082 5.025
OGLE-BLG-RRLYR-02251  16.145 17.738  0.24004590 0.00000016  5000.10345  0.109  0.111 4.111  0.000   -  
OGLE-BLG-RRLYR-02252  16.411 18.309  0.43623932 0.00000186  5000.03852  0.199  0.000   -    0.000   -  
OGLE-BLG-RRLYR-02255  16.724 18.579  0.33758458 0.00000039  5000.25161  0.289  0.050 5.099  0.078 4.783
OGLE-BLG-RRLYR-02263  16.497 18.427  0.33150448 0.00000035  5000.17740  0.278  0.074 5.166  0.091 4.734
OGLE-BLG-RRLYR-02265  15.798 17.227  0.39656774 0.00000139  5000.30011  0.274  0.091 5.100  0.086 4.079
OGLE-BLG-RRLYR-02266  16.250 17.650  0.27452760 0.00000023  5000.24376  0.293  0.184 4.814  0.114 3.030
OGLE-BLG-RRLYR-02269  17.350 19.862  0.32879829 0.00000018  5000.22685  0.279  0.066 5.222  0.073 4.355
OGLE-BLG-RRLYR-02274  16.322 17.746  0.29686605 0.00000010  5000.21676  0.255  0.078 5.029  0.063 4.545
OGLE-BLG-RRLYR-02275  16.583 18.086  0.32772444 0.00000013  5000.12113  0.261  0.086 4.930  0.079 4.026
OGLE-BLG-RRLYR-02279  17.080 18.759  0.28917774 0.00000195  5000.14699  0.311  0.079 4.532  0.157 3.027
OGLE-BLG-RRLYR-02285  16.698 18.489  0.30562092 0.00000044  5000.14667  0.256  0.097 4.746  0.063 3.954
OGLE-BLG-RRLYR-02289  16.702 18.121  0.23662393 0.00000008  5000.15558  0.230  0.147 4.660  0.065 3.037
OGLE-BLG-RRLYR-02299  17.359 19.715  0.28095079 0.00000011  5000.10434  0.284  0.155 4.755  0.109 3.224
OGLE-BLG-RRLYR-02302  16.933 18.296  0.26013150 0.00000010  5000.13517  0.213  0.145 4.724  0.026 3.246
OGLE-BLG-RRLYR-02305  16.316 17.841  0.29236506 0.00000053  5000.00832  0.235  0.131 5.155  0.066 4.016
OGLE-BLG-RRLYR-02307  16.092 17.883  0.37569159 0.00000171  5000.35349  0.290  0.078 5.282  0.034 4.955
OGLE-BLG-RRLYR-02309  16.288 17.880  0.32749603 0.00000033  5000.10379  0.260  0.113 5.071  0.074 4.069
OGLE-BLG-RRLYR-02316  17.225 18.674  0.27324982 0.00000036  5000.01300  0.342  0.186 4.750  0.059 2.987
OGLE-BLG-RRLYR-02317  15.979 17.333  0.33985712 0.00000057  5000.04808  0.144  0.055 5.326  0.000   -  
OGLE-BLG-RRLYR-02320  16.478 17.827  0.25237429 0.00000005  5000.14716  0.263  0.184 4.721  0.049 2.948
OGLE-BLG-RRLYR-02324  16.574 18.082  0.28035365 0.00000008  5000.07150  0.293  0.168 4.792  0.105 3.028
OGLE-BLG-RRLYR-02326  15.432 17.111  0.44317463 0.00000184  5000.40832  0.263  0.130 3.292  0.092 0.244
OGLE-BLG-RRLYR-02329  16.181 17.642  0.31948370 0.00000012  5000.16387  0.252  0.101 5.001  0.071 4.070
OGLE-BLG-RRLYR-02333  17.510 19.871  0.33398842 0.00000035  5000.00439  0.245  0.102 5.388  0.083 4.485
OGLE-BLG-RRLYR-02334  17.083 18.421  0.28039420 0.00000065  5000.06733  0.208  0.085 4.501  0.000   -  
OGLE-BLG-RRLYR-02340  17.978 20.812  0.31798884 0.00000037  5000.16655  0.246  0.086 4.706  0.075 4.017
OGLE-BLG-RRLYR-02341  17.887 21.153  0.37448493 0.00000076  5000.28963  0.241  0.114 5.283  0.000   -  
OGLE-BLG-RRLYR-02342  16.275 17.664  0.33688197 0.00000054  5000.33098  0.259  0.102 5.154  0.057 4.333
OGLE-BLG-RRLYR-02344  16.448 17.742  0.27487844 0.00000043  5000.24565  0.267  0.124 4.761  0.052 3.004
OGLE-BLG-RRLYR-02346  16.474 18.127  0.31494143 0.00000014  5000.28795  0.236  0.096 4.971  0.075 4.406
OGLE-BLG-RRLYR-02353  16.539 18.186  0.28176147 0.00000072  5000.07563  0.298  0.160 4.870  0.109 3.216
OGLE-BLG-RRLYR-02359  16.982 18.683  0.27498056 0.00000097  5000.23128  0.289  0.183 5.040  0.094 3.288
OGLE-BLG-RRLYR-02366  16.635 18.205  0.31843335 0.00000015  5000.06471  0.241  0.092 4.883  0.069 4.091
OGLE-BLG-RRLYR-02368  16.572 18.026  0.25313911 0.00000010  5000.02633  0.221  0.148 4.781  0.036 3.286
OGLE-BLG-RRLYR-02372  16.084 17.477  0.29862713 0.00000029  5000.02809  0.258  0.122 4.798  0.069 3.627
OGLE-BLG-RRLYR-02376  16.273 17.799  0.32905135 0.00000037  5000.07523  0.266  0.093 5.239  0.077 4.544
OGLE-BLG-RRLYR-02379  16.267 18.051  0.32171277 0.00000074  5000.14345  0.300  0.152 4.048  0.000   -  
OGLE-BLG-RRLYR-02381  16.634 18.717  0.31058653 0.00000068  5000.12705  0.262  0.115 5.016  0.094 4.395
OGLE-BLG-RRLYR-02382  16.421 18.122  0.33029326 0.00000147  5000.00430  0.259  0.097 5.067  0.047 4.011
OGLE-BLG-RRLYR-02388  16.613 18.367  0.31530859 0.00000095  5000.14191  0.245  0.097 4.759  0.062 3.975
OGLE-BLG-RRLYR-02389  15.987 17.490  0.28943562 0.00000065  5000.20111  0.282  0.128 4.905  0.088 3.604
OGLE-BLG-RRLYR-02393  16.008 17.651  0.46433467 0.00000200  5000.44120  0.253  0.033 2.723  0.090 5.626
OGLE-BLG-RRLYR-02399  16.574 18.084  0.29013755 0.00000024  5000.03205  0.279  0.147 4.784  0.080 3.483
OGLE-BLG-RRLYR-02404  16.789 18.453  0.44452577 0.00000047  5000.10519  0.210  0.049 1.887  0.098 5.427
OGLE-BLG-RRLYR-02406  15.877 17.417  0.35006084 0.00000044  5000.30515  0.278  0.094 5.080  0.090 4.292
OGLE-BLG-RRLYR-02409  16.432 17.888  0.32008055 0.00000013  5000.18960  0.239  0.104 5.075  0.072 4.309
OGLE-BLG-RRLYR-02419  17.195 18.570  0.32736493 0.00000312  5000.14235  0.344  0.189 4.624  0.000   -  
OGLE-BLG-RRLYR-02424  15.567    -    0.26517101 0.00000063  5000.14030  0.214  0.095 4.697  0.053 4.097
OGLE-BLG-RRLYR-02427  16.496 18.083  0.27187634 0.00000006  5000.22949  0.282  0.177 4.796  0.085 3.100
OGLE-BLG-RRLYR-02428  16.271 17.565  0.35835206 0.00000111  5000.27998  0.263  0.161 4.681  0.094 3.455
OGLE-BLG-RRLYR-02444  16.338    -    0.27641569 0.00000066  5000.05880  0.306  0.169 4.494  0.095 3.335
OGLE-BLG-RRLYR-02445  16.508 17.940  0.25002211 0.00000058  5000.04017  0.142  0.115 5.088  0.000   -  
OGLE-BLG-RRLYR-02449  16.828 18.876  0.33015717 0.00000158  5000.27226  0.271  0.144 4.860  0.045 3.951
OGLE-BLG-RRLYR-02451  16.145 17.668  0.23490162 0.00000005  5000.22983  0.261  0.161 4.850  0.061 2.944
OGLE-BLG-RRLYR-02452  16.594 17.938  0.22647958 0.00000009  5000.21131  0.240  0.168 4.662  0.030 3.157
OGLE-BLG-RRLYR-02458  16.129 17.343  0.26637195 0.00000023  5000.06334  0.295  0.189 4.677  0.072 2.738
OGLE-BLG-RRLYR-02459  16.317 17.763  0.30909630 0.00000089  5000.28391  0.133  0.061 4.314  0.000   -  
OGLE-BLG-RRLYR-02463  16.181 17.739  0.28937459 0.00000029  5000.22763  0.255  0.145 4.852  0.078 3.678
OGLE-BLG-RRLYR-02467  16.708 18.296  0.26274874 0.00000006  5000.19846  0.281  0.162 4.831  0.103 3.092
OGLE-BLG-RRLYR-02471  16.522 17.756  0.26400100 0.00000017  5000.23023  0.282  0.203 4.764  0.077 2.726
OGLE-BLG-RRLYR-02474  16.946 19.092  0.35742554 0.00000142  5000.20407  0.251  0.107 5.095  0.066 3.359
OGLE-BLG-RRLYR-02478  16.765 18.378  0.39035917 0.00000045  5000.07660  0.236  0.000   -    0.063 4.786
OGLE-BLG-RRLYR-02488  17.990 20.168  0.37894430 0.00000025  5000.03349  0.317  0.173 4.788  0.093 3.160
OGLE-BLG-RRLYR-02489  16.953 18.335  0.30947548 0.00000072  5000.08702  0.216  0.109 5.338  0.073 4.743
OGLE-BLG-RRLYR-02491  16.688 18.328  0.25068611 0.00000057  5000.17751  0.235  0.098 4.837  0.074 3.730
OGLE-BLG-RRLYR-02494  15.845 17.538  0.31477044 0.00000017  5000.10342  0.244  0.089 4.914  0.064 4.148
OGLE-BLG-RRLYR-02500  17.042 18.511  0.28886023 0.00000013  5000.09927  0.224  0.105 4.988  0.069 4.414
OGLE-BLG-RRLYR-02503  17.327 19.550  0.27573150 0.00000013  5000.00484  0.298  0.130 4.720  0.084 3.126
OGLE-BLG-RRLYR-02505  16.307 17.562  0.28099260 0.00000015  5000.18790  0.272  0.164 4.410  0.058 2.443
OGLE-BLG-RRLYR-02506  16.374 17.963  0.28549134 0.00000023  5000.21869  0.268  0.150 4.704  0.096 3.371
OGLE-BLG-RRLYR-02519  16.697 17.972  0.32707213 0.00000057  5000.27892  0.193  0.074 4.590  0.032 4.382
OGLE-BLG-RRLYR-02520  16.412 18.169  0.32261770 0.00000116  5000.16322  0.283  0.103 4.902  0.073 4.217
OGLE-BLG-RRLYR-02522  17.175 18.526  0.28846354 0.00000007  5000.19275  0.242  0.144 4.744  0.074 3.452
OGLE-BLG-RRLYR-02529  15.858 17.250  0.37943328 0.00000067  5000.30170  0.139  0.071 3.616  0.031 2.425
OGLE-BLG-RRLYR-02532  16.618 18.312  0.29698002 0.00000136  5000.06743  0.276  0.199 4.799  0.099 3.013
OGLE-BLG-RRLYR-02535  16.801 18.313  0.32663506 0.00000019  5000.22749  0.272  0.098 5.000  0.077 4.313
OGLE-BLG-RRLYR-02539  18.255 21.529  0.30426821 0.00000032  5000.26194  0.261  0.153 4.958  0.000   -  
OGLE-BLG-RRLYR-02545  16.552 17.817  0.31195497 0.00000019  5000.23965  0.273  0.103 4.799  0.072 4.600
OGLE-BLG-RRLYR-02546  16.338 17.540  0.20950587 0.00000063  5000.09804  0.157  0.000   -    0.072 5.203
OGLE-BLG-RRLYR-02547  15.674 16.862  0.39118049 0.00000007  5000.29336  0.246  0.028 4.518  0.044 4.896
OGLE-BLG-RRLYR-02549  16.439 17.617  0.27661226 0.00000026  5000.06692  0.240  0.137 4.908  0.070 3.278
OGLE-BLG-RRLYR-02555  16.726 18.387  0.30631907 0.00000143  5000.29252  0.178  0.070 4.988  0.062 3.601
OGLE-BLG-RRLYR-02556  16.329 17.369  0.25624669 0.00000029  5000.06464  0.266  0.146 4.710  0.082 3.357
OGLE-BLG-RRLYR-02561  16.950 18.935  0.29811439 0.00000097  5000.15143  0.283  0.134 4.895  0.088 3.854
OGLE-BLG-RRLYR-02568  16.660 18.043  0.26950867 0.00000039  5000.12534  0.175  0.148 4.873  0.053 3.053
OGLE-BLG-RRLYR-02570  16.194 17.581  0.35063082 0.00000026  5000.11698  0.269  0.036 4.910  0.075 4.949
OGLE-BLG-RRLYR-02574  16.499 18.060  0.28037832 0.00000029  5000.01909  0.244  0.075 5.092  0.082 3.387
OGLE-BLG-RRLYR-02576  16.521 18.142  0.39628588 0.00000056  5000.02155  0.233  0.041 5.944  0.050 5.709
OGLE-BLG-RRLYR-02577  16.574 18.190  0.31175227 0.00000020  5000.16804  0.249  0.106 4.884  0.069 4.094
OGLE-BLG-RRLYR-02579  16.303 17.808  0.31700045 0.00000012  5000.26167  0.250  0.098 5.048  0.077 4.493
OGLE-BLG-RRLYR-02583  16.245 17.376  0.33153962 0.00000018  5000.20341  0.180  0.102 4.877  0.000   -  
OGLE-BLG-RRLYR-02587  15.816 17.237  0.39041287 0.00000060  5000.19040  0.226  0.062 0.293  0.075 5.046
OGLE-BLG-RRLYR-02592  16.109 17.560  0.31349761 0.00000010  5000.27233  0.232  0.092 4.942  0.074 3.983
OGLE-BLG-RRLYR-02595  17.520 20.086  0.26454531 0.00000020  5000.18337  0.284  0.130 4.778  0.034 2.901
OGLE-BLG-RRLYR-02597  15.962 17.288  0.35208056 0.00000085  5000.25741  0.275  0.078 5.093  0.063 4.695
OGLE-BLG-RRLYR-02606  17.088 18.210  0.31066369 0.00000033  5000.18406  0.253  0.114 4.964  0.066 4.571
OGLE-BLG-RRLYR-02607  15.799 17.178  0.30213137 0.00000008  5000.29678  0.258  0.093 4.934  0.081 4.239
OGLE-BLG-RRLYR-02611  16.690 18.581  0.34016926 0.00000014  5000.26806  0.291  0.153 5.115  0.093 3.877
OGLE-BLG-RRLYR-02612  16.199 17.406  0.32543502 0.00000011  5000.00649  0.267  0.107 4.983  0.086 3.967
OGLE-BLG-RRLYR-02613  16.280 17.896  0.30577628 0.00000033  5000.01323  0.242  0.091 4.921  0.081 4.021
OGLE-BLG-RRLYR-02615  16.041 17.190  0.29402903 0.00000006  5000.27456  0.279  0.134 4.742  0.079 3.537
OGLE-BLG-RRLYR-02617  17.039 19.162  0.28434887 0.00000182  5000.14148  0.147  0.082 4.877  0.000   -  
OGLE-BLG-RRLYR-02618  16.810 18.251  0.32244808 0.00000056  5000.26159  0.264  0.101 4.936  0.083 4.344
OGLE-BLG-RRLYR-02623  16.509 17.848  0.28195701 0.00000004  5000.27117  0.285  0.145 4.829  0.082 3.263
OGLE-BLG-RRLYR-02624  15.802 17.109  0.33899815 0.00000017  5000.25624  0.240  0.094 4.911  0.063 4.055
OGLE-BLG-RRLYR-02625  16.752 18.464  0.27585602 0.00000020  5000.20134  0.242  0.114 5.004  0.043 4.401
OGLE-BLG-RRLYR-02626  16.265 18.305  0.40062276 0.00000196  5000.02627  0.281  0.052 5.135  0.064 5.221
OGLE-BLG-RRLYR-02627  16.917 18.099  0.36628722 0.00000013  5000.21452  0.265  0.066 5.193  0.065 4.567
OGLE-BLG-RRLYR-02629  18.016 20.563  0.31231566 0.00000224  5000.05312  0.224  0.164 5.631  0.000   -  
OGLE-BLG-RRLYR-02635  16.330 17.641  0.38894079 0.00000045  5000.38696  0.203  0.043 5.972  0.033 4.627
OGLE-BLG-RRLYR-02642  15.851 17.315  0.33653253 0.00000005  5000.31126  0.254  0.082 5.285  0.069 4.631
OGLE-BLG-RRLYR-02645  16.368 18.027  0.26813397 0.00000013  5000.09599  0.192  0.115 4.881  0.032 2.995
OGLE-BLG-RRLYR-02649  16.176 17.657  0.28870798 0.00000040  5000.17894  0.266  0.108 5.302  0.052 3.015
OGLE-BLG-RRLYR-02651  15.775 16.827  0.23220795 0.00000005  5000.12966  0.243  0.146 4.663  0.080 3.335
OGLE-BLG-RRLYR-02652  15.714 16.701  0.28271553 0.00000021  5000.00290  0.237  0.052 5.669  0.053 4.937
OGLE-BLG-RRLYR-02659  17.072 18.809  0.26919502 0.00000009  5000.04969  0.291  0.192 4.762  0.078 2.875
OGLE-BLG-RRLYR-02660  16.749 17.905  0.27948079 0.00000011  5000.12946  0.240  0.117 4.857  0.051 3.315
OGLE-BLG-RRLYR-02661  15.568 17.021  0.43895130 0.00000082  5000.17896  0.242  0.036 1.043  0.072 5.223
OGLE-BLG-RRLYR-02663  16.424 17.851  0.29043300 0.00000007  5000.03657  0.285  0.153 4.746  0.103 3.566
OGLE-BLG-RRLYR-02664  16.018 17.358  0.32832995 0.00000039  5000.28011  0.272  0.050 5.085  0.079 4.411
OGLE-BLG-RRLYR-02670  16.644 18.886  0.40584150 0.00000546  5000.18984  0.295  0.108 5.924  0.066 5.020
OGLE-BLG-RRLYR-02672  16.293 17.490  0.31552568 0.00000044  5000.02897  0.251  0.095 4.802  0.083 4.302
OGLE-BLG-RRLYR-02678  16.391 17.879  0.31264488 0.00000010  5000.28622  0.258  0.112 4.923  0.075 4.169
OGLE-BLG-RRLYR-02679  16.109 17.353  0.31731446 0.00000038  5000.10093  0.261  0.109 4.987  0.070 4.298
OGLE-BLG-RRLYR-02681  16.697 18.526  0.33679478 0.00000055  5000.23413  0.234  0.120 4.979  0.065 3.887
OGLE-BLG-RRLYR-02689  16.437 18.272  0.35067993 0.00000158  5000.08628  0.323  0.193 5.031  0.066 3.472
OGLE-BLG-RRLYR-02690  15.771 17.392  0.33601773 0.00000093  5000.22212  0.261  0.043 5.091  0.036 4.715
OGLE-BLG-RRLYR-02691  15.871 18.972  0.32029854 0.00000014  5000.25868  0.240  0.100 4.793  0.072 4.238
OGLE-BLG-RRLYR-02705  16.858 18.575  0.27375015 0.00000009  5000.08710  0.266  0.123 4.911  0.070 4.056
OGLE-BLG-RRLYR-02721  16.035 17.433  0.31963609 0.00000084  5000.31588  0.273  0.105 5.187  0.081 4.461
OGLE-BLG-RRLYR-02725  16.652 18.364  0.31430000 0.00000011  5000.05920  0.241  0.102 5.065  0.082 4.027
OGLE-BLG-RRLYR-02726  16.318 17.948  0.25672581 0.00000029  5000.00466  0.182  0.127 4.726  0.000   -  
OGLE-BLG-RRLYR-02727  16.656 18.673  0.33409778 0.00000033  5000.07193  0.235  0.096 5.396  0.036 4.212
OGLE-BLG-RRLYR-02728  16.092 17.988  0.29791149 0.00000019  5000.29322  0.237  0.134 4.776  0.076 3.947
OGLE-BLG-RRLYR-02730  16.808 18.428  0.25912674 0.00000010  5000.15245  0.228  0.145 4.847  0.032 3.000
OGLE-BLG-RRLYR-02739  15.839 17.427  0.30632575 0.00000020  5000.20573  0.248  0.101 4.900  0.101 3.692
OGLE-BLG-RRLYR-02741  17.145 18.895  0.23009414 0.00000036  5000.09171  0.237  0.124 4.715  0.051 2.939
OGLE-BLG-RRLYR-02756  18.814    -    0.29130118 0.00000051  5000.24886  0.317  0.174 4.728  0.070 3.755
OGLE-BLG-RRLYR-02758  16.601 18.730  0.41230120 0.00000056  5000.02871  0.265  0.074 5.200  0.024 3.628
OGLE-BLG-RRLYR-02759  16.181 17.635  0.27300074 0.00000045  5000.03658  0.275  0.152 4.639  0.106 3.545
OGLE-BLG-RRLYR-02761  16.465 18.108  0.31125225 0.00000040  5000.03474  0.243  0.102 4.988  0.066 4.066
OGLE-BLG-RRLYR-02768  17.935 19.817  0.36098424 0.00000068  5000.05190  0.221  0.000   -    0.000   -  
OGLE-BLG-RRLYR-02770  15.852 17.382  0.32809882 0.00000032  5000.05106  0.266  0.103 5.078  0.062 4.296
OGLE-BLG-RRLYR-02781  16.150 17.600  0.36157478 0.00000044  5000.22642  0.284  0.035 4.766  0.082 5.215
OGLE-BLG-RRLYR-02783  15.999 17.590  0.32036269 0.00000038  5000.20233  0.230  0.076 4.859  0.067 4.488
OGLE-BLG-RRLYR-02788  15.610 16.943  0.34101750 0.00000112  5000.19542  0.279  0.098 4.519  0.074 4.513
OGLE-BLG-RRLYR-02798  16.322 18.027  0.41351511 0.00000065  5000.07385  0.245  0.033 0.316  0.080 4.738
OGLE-BLG-RRLYR-02799  16.730 18.045  0.27134799 0.00000007  5000.19297  0.289  0.186 4.690  0.094 2.939
OGLE-BLG-RRLYR-02801  16.116 17.687  0.38101343 0.00000095  5000.16645  0.212  0.044 6.189  0.049 1.389
OGLE-BLG-RRLYR-02802  16.741 18.454  0.31840247 0.00000022  5000.29082  0.255  0.105 4.910  0.068 4.124
OGLE-BLG-RRLYR-02803  16.284 17.913  0.36144970 0.00000163  5000.21561  0.292  0.082 5.206  0.049 4.983
OGLE-BLG-RRLYR-02808  15.726 16.774  0.29523343 0.00000011  5000.20464  0.254  0.109 4.715  0.082 3.751
OGLE-BLG-RRLYR-02809  17.095 18.734  0.26150459 0.00000009  5000.23836  0.279  0.184 4.804  0.067 2.818
OGLE-BLG-RRLYR-02813  17.174 18.572  0.27209903 0.00000031  5000.06729  0.283  0.193 4.890  0.087 2.661
OGLE-BLG-RRLYR-02815  16.392 18.117  0.31485717 0.00000011  5000.21008  0.246  0.092 5.023  0.082 4.124
OGLE-BLG-RRLYR-02816  16.523 17.989  0.31542498 0.00000006  5000.09158  0.220  0.106 4.849  0.064 4.092
OGLE-BLG-RRLYR-02832  16.136 17.095  0.21082761 0.00000018  5000.18757  0.205  0.124 4.729  0.000   -  
OGLE-BLG-RRLYR-02836  16.477 17.960  0.29459722 0.00000026  5000.17032  0.249  0.138 4.666  0.078 3.839
OGLE-BLG-RRLYR-02841  15.628 16.677  0.30984219 0.00000049  5000.14849  0.238  0.114 4.882  0.090 3.987
OGLE-BLG-RRLYR-02842  16.640 18.202  0.25677616 0.00000009  5000.10172  0.235  0.122 4.821  0.066 3.744
OGLE-BLG-RRLYR-02848  14.183 15.596  0.33612804 0.00000027  5000.07705  0.236  0.088 5.140  0.056 4.095
OGLE-BLG-RRLYR-02849  15.940 16.913  0.29057756 0.00000014  5000.03854  0.194  0.077 4.845  0.000   -  
OGLE-BLG-RRLYR-02851  15.896 16.994  0.30717192 0.00000014  5000.06053  0.257  0.119 4.787  0.076 4.132
OGLE-BLG-RRLYR-02855  16.109 17.270  0.30667877 0.00000030  5000.24177  0.201  0.080 4.994  0.000   -  
OGLE-BLG-RRLYR-02856  16.278 17.326  0.25745231 0.00000004  5000.08597  0.283  0.191 4.758  0.059 2.920
OGLE-BLG-RRLYR-02858  16.768 18.461  0.34521305 0.00000046  5000.10919  0.287  0.092 5.390  0.070 4.096
OGLE-BLG-RRLYR-02864  15.940 16.728  0.34314152 0.00000102  5000.01560  0.238  0.090 5.012  0.065 3.931
OGLE-BLG-RRLYR-02866  16.131 17.124  0.30705624 0.00000033  5000.28534  0.244  0.130 5.161  0.088 3.926
OGLE-BLG-RRLYR-02869  17.358 19.657  0.25860952 0.00000017  5000.22539  0.185  0.075 5.016  0.062 4.091
OGLE-BLG-RRLYR-02870  16.279 17.991  0.34683235 0.00000079  5000.12867  0.269  0.052 5.167  0.050 4.633
OGLE-BLG-RRLYR-02877  16.913 18.479  0.24612188 0.00000008  5000.22129  0.201  0.122 4.687  0.037 3.061
OGLE-BLG-RRLYR-02881  16.469 18.317  0.43287535 0.00000064  5000.37674  0.242  0.035 2.512  0.038 5.404
OGLE-BLG-RRLYR-02890  16.281 17.907  0.30947899 0.00000016  5000.09041  0.226  0.098 4.942  0.061 4.097
OGLE-BLG-RRLYR-02895  15.983 17.251  0.36404873 0.00000312  5000.04463  0.267  0.103 5.352  0.050 2.949
OGLE-BLG-RRLYR-02896  17.492 19.260  0.43993140 0.00000319  5000.43833  0.245  0.000   -    0.000   -  
OGLE-BLG-RRLYR-02897  16.389 18.076  0.32661294 0.00000030  5000.15101  0.256  0.075 5.175  0.062 4.551
OGLE-BLG-RRLYR-02908  16.203 17.794  0.38774184 0.00000024  5000.20189  0.259  0.092 5.713  0.061 4.571
OGLE-BLG-RRLYR-02911  17.131 19.262  0.34216853 0.00000017  5000.30788  0.272  0.076 4.985  0.071 4.540
OGLE-BLG-RRLYR-02912  16.855 18.632  0.29352378 0.00000007  5000.09208  0.306  0.170 4.827  0.098 3.139
OGLE-BLG-RRLYR-02913  14.664 16.061  0.31302454 0.00000072  5000.12225  0.339  0.299 4.418  0.074 2.629
OGLE-BLG-RRLYR-02923  16.284 17.642  0.32980434 0.00000122  5000.17471  0.254  0.116 4.900  0.083 4.188
OGLE-BLG-RRLYR-02925  16.286 17.781  0.34850408 0.00000165  5000.19549  0.228  0.079 5.439  0.114 4.100
OGLE-BLG-RRLYR-02939  17.141 19.395  0.32119268 0.00000017  5000.19662  0.256  0.091 4.968  0.076 4.256
OGLE-BLG-RRLYR-02948  16.114 17.449  0.37033814 0.00000092  5000.15069  0.288  0.043 4.356  0.061 5.194
OGLE-BLG-RRLYR-02949  16.631 18.481  0.28623423 0.00000024  5000.18647  0.284  0.160 4.746  0.099 3.365
OGLE-BLG-RRLYR-02951  16.799 18.527  0.29806687 0.00000016  5000.10613  0.252  0.083 5.323  0.055 4.908
OGLE-BLG-RRLYR-02958  15.739 16.857  0.31613057 0.00000014  5000.26588  0.249  0.097 4.957  0.071 4.203
OGLE-BLG-RRLYR-02961  15.780 17.274  0.28056842 0.00000033  5000.07342  0.137  0.094 4.901  0.000   -  
OGLE-BLG-RRLYR-02962  17.122 19.342  0.35374707 0.00000028  5000.15427  0.229  0.076 4.986  0.032 3.961
OGLE-BLG-RRLYR-02963  16.087 17.765  0.30895965 0.00000037  5000.25648  0.196  0.111 4.743  0.077 3.885
OGLE-BLG-RRLYR-02966  16.404 17.661  0.36930118 0.00000241  5000.27511  0.278  0.146 5.738  0.137 4.184
OGLE-BLG-RRLYR-02970  15.993 17.225  0.30755684 0.00000031  5000.16829  0.305  0.096 4.916  0.072 4.264
OGLE-BLG-RRLYR-02971  15.955 17.603  0.31807634 0.00000009  5000.17402  0.262  0.110 5.116  0.098 4.151
OGLE-BLG-RRLYR-02974  17.767 20.033  0.37644943 0.00000281  5000.20281  0.164  0.313 4.472  0.000   -  
OGLE-BLG-RRLYR-02976  16.245 17.759  0.28191700 0.00000017  5000.21961  0.289  0.165 4.855  0.092 3.188
OGLE-BLG-RRLYR-02978  15.703 16.663  0.31153941 0.00000007  5000.09403  0.247  0.104 4.966  0.069 3.953
OGLE-BLG-RRLYR-02979  17.310 18.534  0.36062493 0.00000050  5000.21904  0.282  0.053 5.304  0.066 5.206
OGLE-BLG-RRLYR-02993  17.415 19.709  0.31445716 0.00000027  5000.31193  0.275  0.100 5.139  0.064 4.306
OGLE-BLG-RRLYR-02997  17.233 18.431  0.29365109 0.00000208  5000.20038  0.269  0.000   -    0.117 4.033
OGLE-BLG-RRLYR-03001  15.662 16.884  0.39596299 0.00000031  5000.34484  0.241  0.009 5.983  0.035 5.325
OGLE-BLG-RRLYR-03004  16.216 17.709  0.25374769 0.00000014  5000.21047  0.208  0.099 4.772  0.027 4.699
OGLE-BLG-RRLYR-03009  15.945 17.114  0.32027781 0.00000040  5000.00354  0.253  0.085 5.105  0.069 4.233
OGLE-BLG-RRLYR-03011  17.725 20.587  0.31536557 0.00000079  5000.25719  0.244  0.069 4.882  0.091 4.583
OGLE-BLG-RRLYR-03024  16.003 17.036  0.26610636 0.00000004  5000.23505  0.308  0.184 4.835  0.075 2.907
OGLE-BLG-RRLYR-03026  18.549 20.592  0.31174880 0.00000063  5000.03286  0.259  0.088 5.256  0.000   -  
OGLE-BLG-RRLYR-03036  15.769 16.981  0.31734230 0.00000013  5000.00951  0.243  0.090 5.035  0.072 4.266
OGLE-BLG-RRLYR-03037  16.840 19.138  0.44105457 0.00000213  5000.31456  0.193  0.061 1.090  0.036 0.821
OGLE-BLG-RRLYR-03044  16.821 18.315  0.26145491 0.00000025  5000.08607  0.292  0.194 4.752  0.054 3.241
OGLE-BLG-RRLYR-03046  18.313 20.543  0.27814144 0.00000039  5000.21518  0.295  0.141 5.157  0.103 3.493
OGLE-BLG-RRLYR-03049  17.574 18.788  0.24458510 0.00000020  5000.14160  0.231  0.123 4.797  0.000   -  
OGLE-BLG-RRLYR-03052  15.946 17.053  0.24061948 0.00000010  5000.16458  0.205  0.095 4.783  0.043 4.196
OGLE-BLG-RRLYR-03053  16.652 18.264  0.28984097 0.00000009  5000.27048  0.268  0.156 4.927  0.067 3.284
OGLE-BLG-RRLYR-03058  16.296 17.509  0.38629045 0.00000008  5000.09166  0.281  0.068 5.478  0.075 4.401
OGLE-BLG-RRLYR-03059  16.082 17.708  0.31550172 0.00000016  5000.27179  0.245  0.094 4.926  0.065 4.229
OGLE-BLG-RRLYR-03064  17.081 19.204  0.26495732 0.00000025  5000.13470  0.281  0.174 4.732  0.090 2.918
OGLE-BLG-RRLYR-03067  17.154 19.149  0.31210120 0.00000049  5000.26294  0.248  0.105 5.017  0.081 4.333
OGLE-BLG-RRLYR-03069  16.248 17.373  0.24957384 0.00000008  5000.14453  0.171  0.065 5.060  0.050 5.160
OGLE-BLG-RRLYR-03070  16.445 17.673  0.31889047 0.00000055  5000.12024  0.236  0.071 5.084  0.068 4.130
OGLE-BLG-RRLYR-03072  16.913 19.168  0.42447022 0.00000049  5000.09681  0.232  0.062 0.560  0.070 4.974
OGLE-BLG-RRLYR-03074  17.395 20.290  0.42881455 0.00000070  5000.14331  0.241  0.022 5.697  0.024 4.502
OGLE-BLG-RRLYR-03080  17.660 20.155  0.29005455 0.00000035  5000.14037  0.257  0.110 4.954  0.077 3.717
OGLE-BLG-RRLYR-03083  16.330 18.010  0.32205001 0.00000020  5000.22531  0.231  0.121 4.944  0.068 4.553
OGLE-BLG-RRLYR-03085  16.550 18.231  0.29129275 0.00000020  5000.17605  0.239  0.110 4.815  0.073 4.159
OGLE-BLG-RRLYR-03086  17.075 18.172  0.33545970 0.00000027  5000.08955  0.198  0.089 4.673  0.063 4.407
OGLE-BLG-RRLYR-03096  18.034 21.193  0.30328626 0.00000033  5000.10193  0.262  0.108 4.955  0.080 3.820
OGLE-BLG-RRLYR-03098  15.714 16.795  0.27631766 0.00000003  5000.15739  0.283  0.165 4.794  0.103 3.175
OGLE-BLG-RRLYR-03102  16.328 17.794  0.27468039 0.00000054  5000.08996  0.293  0.172 4.812  0.098 3.226
OGLE-BLG-RRLYR-03114  16.722 17.695  0.28718706 0.00000110  5000.24988  0.270  0.150 4.903  0.072 3.277
OGLE-BLG-RRLYR-03115  16.078 17.384  0.32293062 0.00000010  5000.28859  0.238  0.086 5.010  0.079 4.247
OGLE-BLG-RRLYR-03118  16.927 19.010  0.31118146 0.00000054  5000.03941  0.258  0.121 4.930  0.086 3.792
OGLE-BLG-RRLYR-03121  15.824 16.797  0.21490812 0.00000010  5000.06329  0.201  0.140 4.573  0.069 3.272
OGLE-BLG-RRLYR-03122  14.085 15.909  0.20932407 0.00000007  5000.10954  0.122  0.164 4.249  0.027 2.072
OGLE-BLG-RRLYR-03124  15.951 17.012  0.30139800 0.00000009  5000.26157  0.248  0.111 4.854  0.081 3.864
OGLE-BLG-RRLYR-03125  19.176    -    0.29066937 0.00000059  5000.02703  0.285  0.190 4.993  0.000   -  
OGLE-BLG-RRLYR-03131  16.125 17.321  0.35722808 0.00000071  5000.23693  0.247  0.072 5.306  0.059 4.412
OGLE-BLG-RRLYR-03133  16.090 17.427  0.35055174 0.00000198  5000.17988  0.268  0.055 4.886  0.063 4.836
OGLE-BLG-RRLYR-03135  18.037 20.972  0.31713083 0.00000060  5000.31184  0.157  0.071 4.696  0.000   -  
OGLE-BLG-RRLYR-03137  15.676 16.840  0.23361018 0.00000015  5000.01388  0.136  0.143 4.120  0.028 2.983
OGLE-BLG-RRLYR-03155  16.587 18.212  0.25129511 0.00000058  5000.14415  0.123  0.120 4.892  0.043 3.900
OGLE-BLG-RRLYR-03169  17.404 19.523  0.25380584 0.00000015  5000.18179  0.197  0.118 4.983  0.000   -  
OGLE-BLG-RRLYR-03172  16.400 17.592  0.31202429 0.00000130  5000.16007  0.271  0.133 5.293  0.068 3.873
OGLE-BLG-RRLYR-03173  16.770 17.978  0.34035040 0.00000145  5000.05920  0.271  0.119 5.294  0.066 4.643
OGLE-BLG-RRLYR-03175  16.745 18.494  0.28400464 0.00000008  5000.28106  0.285  0.150 4.710  0.098 3.156
OGLE-BLG-RRLYR-03186  15.295 16.312  0.28434294 0.00000004  5000.06176  0.281  0.147 4.794  0.094 3.345
OGLE-BLG-RRLYR-03195  17.768 20.178  0.30342182 0.00000038  5000.26675  0.254  0.100 4.837  0.052 3.578
OGLE-BLG-RRLYR-03196  16.722 17.816  0.22947352 0.00000027  5000.05174  0.131  0.105 4.291  0.000   -  
OGLE-BLG-RRLYR-03197  16.264 18.058  0.31556143 0.00000009  5000.18711  0.265  0.137 4.701  0.078 3.575
OGLE-BLG-RRLYR-03200  16.694 18.518  0.28793208 0.00000028  5000.01943  0.275  0.161 4.953  0.081 3.450
OGLE-BLG-RRLYR-03203  15.923 17.453  0.38000019 0.00000245  5000.03884  0.276  0.063 5.384  0.127 4.850
OGLE-BLG-RRLYR-03210  17.434 19.760  0.37116638 0.00000032  5000.25817  0.254  0.000   -    0.063 5.165
OGLE-BLG-RRLYR-03213  18.799    -    0.30127269 0.00000043  5000.09105  0.286  0.145 5.084  0.064 4.254
OGLE-BLG-RRLYR-03214  19.068    -    0.27938425 0.00000050  5000.09327  0.233  0.135 5.129  0.000   -  
OGLE-BLG-RRLYR-03221  16.823 18.520  0.27724476 0.00000029  5000.06274  0.307  0.138 4.845  0.082 3.331
OGLE-BLG-RRLYR-03222  16.231 17.583  0.24583668 0.00000006  5000.07317  0.259  0.142 4.713  0.073 3.297
OGLE-BLG-RRLYR-03223  16.998 18.348  0.28294484 0.00000020  5000.10925  0.218  0.092 4.854  0.069 4.738
OGLE-BLG-RRLYR-03225  16.355 17.693  0.31891115 0.00000012  5000.23931  0.249  0.095 5.059  0.070 4.271
OGLE-BLG-RRLYR-03233  16.528 18.076  0.31955375 0.00000034  5000.31682  0.251  0.103 4.794  0.067 4.367
OGLE-BLG-RRLYR-03234  17.151 18.399  0.39648539 0.00000016  5000.04876  0.276  0.165 4.920  0.070 3.528
OGLE-BLG-RRLYR-03236  16.779 17.988  0.26871430 0.00000065  5000.19064  0.244  0.130 4.980  0.068 4.499
OGLE-BLG-RRLYR-03239  18.308 22.046  0.31537050 0.00000042  5000.29937  0.194  0.094 5.051  0.076 4.160
OGLE-BLG-RRLYR-03240  16.757 18.249  0.26559572 0.00000022  5000.26127  0.277  0.152 4.858  0.072 3.357
OGLE-BLG-RRLYR-03243  18.949    -    0.27797093 0.00000015  5000.20564  0.276  0.124 4.748  0.131 3.392
OGLE-BLG-RRLYR-03250  17.978 20.163  0.36091509 0.00000056  5000.23309  0.183  0.060 5.717  0.056 5.625
OGLE-BLG-RRLYR-03257  16.670 18.358  0.27749945 0.00000009  5000.00963  0.272  0.173 4.687  0.105 2.877
OGLE-BLG-RRLYR-03264  15.818 17.383  0.32165068 0.00000086  5000.19502  0.256  0.108 4.910  0.073 4.183
OGLE-BLG-RRLYR-03265  18.775    -    0.26526263 0.00000038  5000.03485  0.213  0.113 4.796  0.063 2.974
OGLE-BLG-RRLYR-03266  17.492 19.645  0.25906223 0.00000019  5000.03810  0.188  0.106 4.761  0.000   -  
OGLE-BLG-RRLYR-03267  15.574    -    0.31687087 0.00000090  5000.13971  0.231  0.107 5.248  0.051 4.350
OGLE-BLG-RRLYR-03269  16.073 17.821  0.29086124 0.00000061  5000.16565  0.296  0.150 4.809  0.087 3.319
OGLE-BLG-RRLYR-03274  16.932 18.921  0.26058788 0.00000010  5000.04999  0.214  0.132 4.614  0.040 2.793
OGLE-BLG-RRLYR-03276  17.845 20.417  0.25094140 0.00000018  5000.23785  0.239  0.159 4.653  0.082 3.433
OGLE-BLG-RRLYR-03281  17.496 19.777  0.32134968 0.00000038  5000.05150  0.215  0.071 5.493  0.059 4.773
OGLE-BLG-RRLYR-03282  18.032 21.022  0.34056856 0.00000033  5000.08749  0.253  0.092 5.293  0.071 4.142
OGLE-BLG-RRLYR-03287  16.472 17.447  0.31926554 0.00000107  5000.29833  0.271  0.136 4.992  0.079 3.454
OGLE-BLG-RRLYR-03292  16.212 18.014  0.28555923 0.00000036  5000.06025  0.277  0.151 4.788  0.103 3.189
OGLE-BLG-RRLYR-03293  17.089 19.377  0.29285987 0.00000012  5000.23439  0.266  0.136 4.794  0.094 3.593
OGLE-BLG-RRLYR-03297  16.967 18.928  0.25481777 0.00000016  5000.08059  0.214  0.157 4.635  0.051 3.062
OGLE-BLG-RRLYR-03302  16.185 17.505  0.31384686 0.00000036  5000.01109  0.244  0.119 4.910  0.079 3.993
OGLE-BLG-RRLYR-03303  16.594 18.716  0.36895796 0.00000069  5000.11243  0.167  0.041 4.714  0.000   -  
OGLE-BLG-RRLYR-03304  19.038    -    0.26733306 0.00000155  5000.20053  0.267  0.227 4.462  0.000   -  
OGLE-BLG-RRLYR-03305  16.711 17.946  0.22512131 0.00000053  5000.14355  0.184  0.131 4.419  0.000   -  
OGLE-BLG-RRLYR-03309  15.877 16.701  0.33397020 0.00000113  5000.20619  0.261  0.058 5.394  0.085 4.561
OGLE-BLG-RRLYR-03310  16.983 18.938  0.26491973 0.00000011  5000.01766  0.256  0.184 4.752  0.056 3.239
OGLE-BLG-RRLYR-03321  18.785    -    0.26605159 0.00000023  5000.25501  0.315  0.164 4.814  0.086 2.916
OGLE-BLG-RRLYR-03337  16.169 17.385  0.31840002 0.00000012  5000.01428  0.230  0.089 5.010  0.074 4.213
OGLE-BLG-RRLYR-03339  18.872    -    0.25291130 0.00000031  5000.07833  0.264  0.160 4.817  0.000   -  
OGLE-BLG-RRLYR-03344  16.577 18.147  0.31371258 0.00000118  5000.12637  0.141  0.132 3.550  0.000   -  
OGLE-BLG-RRLYR-03349  19.120    -    0.29968351 0.00000023  5000.19840  0.285  0.128 4.819  0.100 4.395
OGLE-BLG-RRLYR-03353  16.501 17.935  0.25231238 0.00000023  5000.04827  0.253  0.144 4.746  0.105 3.422
OGLE-BLG-RRLYR-03355  16.219 17.067  0.31914088 0.00000108  5000.12366  0.298  0.127 5.011  0.048 4.476
OGLE-BLG-RRLYR-03370  18.839    -    0.32146002 0.00000055  5000.09604  0.230  0.083 5.137  0.077 4.117
OGLE-BLG-RRLYR-03377  18.525    -    0.32896772 0.00000026  5000.09084  0.253  0.076 4.958  0.057 5.263
OGLE-BLG-RRLYR-03379  16.099 17.470  0.34675284 0.00000044  5000.29899  0.265  0.105 5.121  0.068 4.077
OGLE-BLG-RRLYR-03385  17.737 19.151  0.29546642 0.00000106  5000.10180  0.182  0.000   -    0.000   -  
OGLE-BLG-RRLYR-03387  17.402 19.044  0.27606105 0.00000014  5000.22751  0.284  0.158 4.754  0.093 3.042
OGLE-BLG-RRLYR-03389  17.222 19.207  0.34633566 0.00000030  5000.03836  0.224  0.104 4.319  0.000   -  
OGLE-BLG-RRLYR-03397  18.724    -    0.31780214 0.00000021  5000.06978  0.233  0.096 5.471  0.081 4.212
OGLE-BLG-RRLYR-03398  15.912 17.148  0.30232569 0.00000096  5000.06443  0.276  0.109 4.759  0.103 3.692
OGLE-BLG-RRLYR-03401  16.995 18.905  0.28696021 0.00000038  5000.02312  0.226  0.089 4.880  0.077 4.177
OGLE-BLG-RRLYR-03402  15.917 17.048  0.35814465 0.00000094  5000.31963  0.265  0.067 5.157  0.068 4.598
OGLE-BLG-RRLYR-03408  15.690 16.677  0.25909688 0.00000052  5000.21618  0.204  0.139 4.982  0.000   -  
OGLE-BLG-RRLYR-03417  16.919 18.973  0.30092155 0.00000014  5000.08146  0.249  0.125 4.745  0.075 3.557
OGLE-BLG-RRLYR-03421  17.592 20.015  0.27272413 0.00000012  5000.22900  0.293  0.191 4.761  0.106 2.988
OGLE-BLG-RRLYR-03435  18.627    -    0.27414642 0.00000095  5000.18362  0.287  0.151 4.884  0.115 3.402
OGLE-BLG-RRLYR-03448  15.401 16.825  0.40249876 0.00000027  5000.07767  0.278  0.117 5.061  0.076 4.038
OGLE-BLG-RRLYR-03456  17.102 19.127  0.28648789 0.00000029  5000.11756  0.285  0.151 4.836  0.102 3.450
OGLE-BLG-RRLYR-03458  15.720 16.950  0.29479279 0.00000059  5000.06780  0.295  0.153 4.753  0.082 3.227
OGLE-BLG-RRLYR-03461  16.068 17.237  0.28668859 0.00000054  5000.06836  0.293  0.165 4.773  0.105 3.260
OGLE-BLG-RRLYR-03465  18.597    -    0.22156396 0.00000024  5000.06589  0.224  0.111 4.726  0.000   -  
OGLE-BLG-RRLYR-03472  16.712 18.460  0.27982893 0.00000006  5000.17419  0.303  0.159 4.767  0.089 3.246
OGLE-BLG-RRLYR-03481  18.370 21.115  0.32476425 0.00000064  5000.05686  0.355  0.000   -    0.090 5.186
OGLE-BLG-RRLYR-03485  18.820    -    0.30806000 0.00000046  5000.03604  0.259  0.121 5.058  0.000   -  
OGLE-BLG-RRLYR-03488  16.858 18.717  0.33316455 0.00000060  5000.12805  0.268  0.126 4.915  0.062 4.256
OGLE-BLG-RRLYR-03492  16.076 17.840  0.41204884 0.00000135  5000.31054  0.132  0.000   -    0.000   -  
OGLE-BLG-RRLYR-03499  16.366 17.428  0.32627663 0.00000034  5000.08334  0.278  0.120 4.934  0.062 3.609
OGLE-BLG-RRLYR-03500  18.499 22.017  0.32636772 0.00000038  5000.11702  0.269  0.073 5.208  0.074 4.564
OGLE-BLG-RRLYR-03501  18.112 21.729  0.31549993 0.00000016  5000.13534  0.214  0.080 4.931  0.066 4.540
OGLE-BLG-RRLYR-03503  16.746 18.245  0.28633276 0.00000011  5000.06049  0.283  0.148 4.713  0.098 3.549
OGLE-BLG-RRLYR-03504  16.520 18.194  0.32087259 0.00000015  5000.31132  0.263  0.101 4.828  0.057 4.035
OGLE-BLG-RRLYR-03507  16.577 18.340  0.28252164 0.00000033  5000.05911  0.238  0.093 4.774  0.069 4.154
OGLE-BLG-RRLYR-03511  18.029 20.906  0.27926350 0.00000030  5000.05635  0.213  0.152 4.774  0.098 2.916
OGLE-BLG-RRLYR-03516  18.191 21.240  0.32144252 0.00000035  5000.05831  0.288  0.105 5.617  0.072 4.847
OGLE-BLG-RRLYR-03518  15.792 16.857  0.40741193 0.00000261  5000.33235  0.285  0.080 5.450  0.063 4.386
OGLE-BLG-RRLYR-03533  18.525 21.946  0.27910526 0.00000030  5000.20693  0.264  0.131 4.912  0.081 3.397
OGLE-BLG-RRLYR-03543  15.967 17.103  0.26801202 0.00000152  5000.08845  0.144  0.079 5.401  0.053 3.398
OGLE-BLG-RRLYR-03546  18.673    -    0.30134217 0.00000034  5000.04854  0.275  0.127 4.868  0.090 3.902
OGLE-BLG-RRLYR-03553  17.130 18.997  0.26959599 0.00000029  5000.18104  0.281  0.149 4.896  0.092 2.980
OGLE-BLG-RRLYR-03556  18.033 20.660  0.31631367 0.00000044  5000.00363  0.226  0.081 4.648  0.000   -  
OGLE-BLG-RRLYR-03559  18.028 21.081  0.30014575 0.00000025  5000.23865  0.256  0.122 4.831  0.091 3.760
OGLE-BLG-RRLYR-03560  16.374 17.842  0.28766394 0.00000010  5000.12682  0.267  0.145 4.776  0.088 3.533
OGLE-BLG-RRLYR-03563  19.021    -    0.30071878 0.00000042  5000.11794  0.202  0.000   -    0.000   -  
OGLE-BLG-RRLYR-03568  16.647 17.750  0.27162875 0.00000036  5000.04687  0.303  0.186 4.852  0.072 2.889
OGLE-BLG-RRLYR-03570  16.721 18.193  0.31345015 0.00000011  5000.24829  0.250  0.105 4.925  0.069 4.123
OGLE-BLG-RRLYR-03579  16.067 17.401  0.26174730 0.00000012  5000.15219  0.150  0.087 4.792  0.000   -  
OGLE-BLG-RRLYR-03581  16.790 18.844  0.37640810 0.00000109  5000.21508  0.174  0.092 4.175  0.037 0.607
OGLE-BLG-RRLYR-03588  17.841 20.952  0.38068745 0.00000036  5000.12014  0.249  0.000   -    0.063 5.318
OGLE-BLG-RRLYR-03592  18.174 21.257  0.29297215 0.00000021  5000.25361  0.292  0.147 4.836  0.089 3.776
OGLE-BLG-RRLYR-03593  19.122    -    0.28135180 0.00000019  5000.16151  0.303  0.123 4.726  0.062 3.877
OGLE-BLG-RRLYR-03594  17.778 20.517  0.29518945 0.00000021  5000.06323  0.272  0.125 4.824  0.065 3.831
OGLE-BLG-RRLYR-03604  16.392 18.142  0.29444957 0.00000044  5000.17703  0.271  0.138 5.015  0.070 3.786
OGLE-BLG-RRLYR-03611  16.503 17.553  0.26730595 0.00000015  5000.23209  0.302  0.188 4.735  0.066 2.730
OGLE-BLG-RRLYR-03612  17.364 19.146  0.28203480 0.00000028  5000.02590  0.300  0.179 4.917  0.075 3.289
OGLE-BLG-RRLYR-03615  16.318 17.757  0.31293104 0.00000012  5000.06720  0.249  0.095 4.874  0.064 4.122
OGLE-BLG-RRLYR-03619  16.316 17.980  0.38001120 0.00000048  5000.00103  0.248  0.049 5.713  0.054 4.735
OGLE-BLG-RRLYR-03620  15.818 17.320  0.27196881 0.00000005  5000.03023  0.292  0.186 4.779  0.087 3.016
OGLE-BLG-RRLYR-03624  18.444 21.722  0.31995227 0.00000017  5000.07458  0.242  0.099 4.909  0.075 4.332
OGLE-BLG-RRLYR-03627  17.037 18.820  0.25511572 0.00000012  5000.22645  0.215  0.064 4.727  0.040 4.837
OGLE-BLG-RRLYR-03633  19.649    -    0.31863674 0.00000037  5000.20065  0.256  0.000   -    0.000   -  
OGLE-BLG-RRLYR-03634  18.611    -    0.29813192 0.00000020  5000.20486  0.243  0.123 4.714  0.088 3.547
OGLE-BLG-RRLYR-03640  17.288 19.607  0.34319063 0.00000060  5000.05551  0.241  0.085 5.573  0.068 4.181
OGLE-BLG-RRLYR-03647  15.116 16.022  0.25346352 0.00000122  5000.11327  0.144  0.000   -    0.000   -  
OGLE-BLG-RRLYR-03648  16.306 18.080  0.28160106 0.00000052  5000.01580  0.228  0.169 4.752  0.086 3.145
OGLE-BLG-RRLYR-03652  18.593    -    0.32422976 0.00000021  5000.11743  0.214  0.085 5.058  0.062 3.668
OGLE-BLG-RRLYR-03658  16.131 17.189  0.35129152 0.00000080  5000.17621  0.276  0.046 4.929  0.067 4.923
OGLE-BLG-RRLYR-03662  15.996 16.927  0.34379280 0.00000256  5000.01803  0.289  0.122 5.681  0.026 4.072
OGLE-BLG-RRLYR-03664  15.826 16.755  0.27279809 0.00000026  5000.21524  0.296  0.164 4.942  0.084 3.219
OGLE-BLG-RRLYR-03666  18.264    -    0.27930735 0.00000009  5000.06667  0.286  0.155 4.793  0.094 3.068
OGLE-BLG-RRLYR-03670  16.247 17.425  0.43104055 0.00000299  5000.25318  0.243  0.068 0.566  0.027 3.178
OGLE-BLG-RRLYR-03674  17.881 20.854  0.29092537 0.00000019  5000.05378  0.265  0.123 4.748  0.091 3.411
OGLE-BLG-RRLYR-03687  18.352 20.358  0.29633151 0.00000015  5000.27623  0.203  0.112 4.788  0.090 3.660
OGLE-BLG-RRLYR-03688  15.654 16.801  0.30392124 0.00000004  5000.19871  0.305  0.175 4.750  0.097 3.112
OGLE-BLG-RRLYR-03690  16.557 18.541  0.28045995 0.00000028  5000.08175  0.238  0.116 4.992  0.082 4.183
OGLE-BLG-RRLYR-03691  15.968 17.299  0.34577463 0.00000036  5000.10527  0.280  0.052 5.239  0.064 4.881
OGLE-BLG-RRLYR-03695  18.301    -    0.34396067 0.00000029  5000.04088  0.234  0.000   -    0.089 5.203
OGLE-BLG-RRLYR-03697  15.875 16.856  0.28596906 0.00000019  5000.22292  0.268  0.167 4.896  0.064 3.132
OGLE-BLG-RRLYR-03700  16.913 18.960  0.27399606 0.00000023  5000.24652  0.300  0.167 4.898  0.102 3.022
OGLE-BLG-RRLYR-03703  18.690    -    0.27900812 0.00000015  5000.26617  0.302  0.172 4.927  0.108 3.109
OGLE-BLG-RRLYR-03705  19.129    -    0.32110515 0.00000027  5000.04261  0.265  0.099 5.146  0.094 4.481
OGLE-BLG-RRLYR-03706  19.136    -    0.26470174 0.00000016  5000.04238  0.296  0.165 4.800  0.064 2.919
OGLE-BLG-RRLYR-03709  18.752    -    0.39047497 0.00000037  5000.17109  0.262  0.090 5.249  0.051 4.055
OGLE-BLG-RRLYR-03710  18.347 21.858  0.31940644 0.00000037  5000.06296  0.228  0.079 4.841  0.000   -  
OGLE-BLG-RRLYR-03718  17.212 19.186  0.29856078 0.00000016  5000.25523  0.282  0.118 4.850  0.078 3.530
OGLE-BLG-RRLYR-03726  19.063    -    0.39596555 0.00000069  5000.10854  0.160  0.246 4.627  0.000   -  
OGLE-BLG-RRLYR-03728  15.527 16.641  0.26326424 0.00000005  5000.06713  0.272  0.193 4.737  0.063 2.951
OGLE-BLG-RRLYR-03736  18.590 21.650  0.25594969 0.00000012  5000.21820  0.200  0.130 4.917  0.068 3.507
OGLE-BLG-RRLYR-03742  18.844    -    0.31450227 0.00000018  5000.12891  0.242  0.074 5.132  0.084 4.131
OGLE-BLG-RRLYR-03743  15.525 16.649  0.31636398 0.00000030  5000.16261  0.250  0.090 4.854  0.065 4.378
OGLE-BLG-RRLYR-03776  18.440    -    0.26907150 0.00000013  5000.22537  0.204  0.108 4.758  0.068 4.763
OGLE-BLG-RRLYR-03777  16.017 17.015  0.33210707 0.00000044  5000.11587  0.268  0.091 5.168  0.091 4.089
OGLE-BLG-RRLYR-03780  15.941 16.860  0.32358168 0.00000499  5000.03541  0.246  0.172 3.197  0.053 0.318
OGLE-BLG-RRLYR-03787  17.991 20.979  0.34644266 0.00000084  5000.21627  0.211  0.101 5.646  0.000   -  
OGLE-BLG-RRLYR-03788  15.613 16.686  0.34163090 0.00000102  5000.15759  0.258  0.099 5.327  0.070 4.369
OGLE-BLG-RRLYR-03795  16.840 18.901  0.36505725 0.00000072  5000.32794  0.265  0.082 5.302  0.084 4.638
OGLE-BLG-RRLYR-03796  18.143 20.802  0.26863925 0.00000007  5000.03224  0.294  0.168 4.858  0.073 2.889
OGLE-BLG-RRLYR-03797  16.348 18.274  0.26723997 0.00000007  5000.02498  0.206  0.148 4.666  0.099 3.271
OGLE-BLG-RRLYR-03798  19.378    -    0.31240319 0.00000023  5000.19478  0.265  0.126 5.263  0.089 4.447
OGLE-BLG-RRLYR-03800  18.713    -    0.31464451 0.00000017  5000.21814  0.253  0.096 4.820  0.066 3.857
OGLE-BLG-RRLYR-03801  13.055 13.826  0.37679720 0.00000233  5000.17367  0.283  0.057 5.491  0.081 4.935
OGLE-BLG-RRLYR-03803  16.177 17.483  0.28519002 0.00000007  5000.26340  0.263  0.131 4.966  0.078 3.451
OGLE-BLG-RRLYR-03807  18.198 21.624  0.27324970 0.00000009  5000.11814  0.286  0.153 4.683  0.100 3.212
OGLE-BLG-RRLYR-03808  17.098 19.095  0.26245705 0.00000085  5000.10237  0.237  0.127 4.809  0.053 3.068
OGLE-BLG-RRLYR-03816  14.960 16.009  0.32373315 0.00000062  5000.31041  0.261  0.093 4.945  0.054 4.143
OGLE-BLG-RRLYR-03825  17.298 20.595  0.27741147 0.00000009  5000.11663  0.277  0.172 4.822  0.071 3.360
OGLE-BLG-RRLYR-03826  17.418 19.935  0.28133824 0.00000016  5000.02813  0.293  0.164 4.922  0.091 3.231
OGLE-BLG-RRLYR-03828  17.752 20.380  0.26034411 0.00000012  5000.20131  0.289  0.162 4.814  0.053 3.178
OGLE-BLG-RRLYR-03831  18.469    -    0.32054585 0.00000017  5000.30986  0.246  0.092 5.133  0.046 4.199
OGLE-BLG-RRLYR-03834  17.930 20.435  0.28523086 0.00000064  5000.10882  0.271  0.149 4.765  0.075 3.355
OGLE-BLG-RRLYR-03852  16.638 17.457  0.31668402 0.00000071  5000.02464  0.318  0.101 4.553  0.052 4.591
OGLE-BLG-RRLYR-03853  15.901 17.036  0.30968512 0.00000038  5000.28841  0.280  0.109 5.113  0.067 4.148
OGLE-BLG-RRLYR-03858  16.724 19.784  0.25692837 0.00000055  5000.11423  0.093  0.217 4.450  0.000   -  
OGLE-BLG-RRLYR-03861  18.189 21.601  0.30192571 0.00000010  5000.19467  0.277  0.113 5.014  0.083 4.001
OGLE-BLG-RRLYR-03864  18.038 21.190  0.28689038 0.00000024  5000.24036  0.279  0.127 4.988  0.081 3.493
OGLE-BLG-RRLYR-03870  16.727 17.688  0.33975200 0.00000175  5000.04807  0.350  0.134 4.051  0.049 4.990
OGLE-BLG-RRLYR-03877  16.085 17.150  0.26577226 0.00000024  5000.09274  0.229  0.136 4.765  0.066 4.091
OGLE-BLG-RRLYR-03878  17.109 19.348  0.33690182 0.00000052  5000.22152  0.272  0.093 5.137  0.070 4.450
OGLE-BLG-RRLYR-03879  18.387 22.205  0.34807493 0.00000035  5000.18262  0.252  0.062 4.407  0.074 4.937
OGLE-BLG-RRLYR-03887  18.216 21.965  0.31557664 0.00000015  5000.01351  0.193  0.089 4.801  0.077 4.059
OGLE-BLG-RRLYR-03894  17.997 21.387  0.26154389 0.00000064  5000.15323  0.150  0.102 3.828  0.094 1.980
OGLE-BLG-RRLYR-03897  18.198 21.682  0.26354725 0.00000011  5000.18113  0.258  0.109 4.678  0.000   -  
OGLE-BLG-RRLYR-03898  18.594 21.927  0.26911954 0.00000013  5000.08665  0.214  0.115 4.708  0.080 3.453
OGLE-BLG-RRLYR-03905  18.338 22.017  0.41229959 0.00000025  5000.08380  0.248  0.040 3.416  0.047 5.066
OGLE-BLG-RRLYR-03908  17.219 19.713  0.32981942 0.00000022  5000.25054  0.244  0.070 5.199  0.066 4.553
OGLE-BLG-RRLYR-03913  16.754 18.098  0.31588389 0.00000333  5000.25551  0.391  0.141 3.924  0.117 4.680
OGLE-BLG-RRLYR-03919  15.637 16.687  0.26360708 0.00000026  5000.21458  0.287  0.163 4.800  0.063 3.203
OGLE-BLG-RRLYR-03921  16.017 17.437  0.36091725 0.00000182  5000.35397  0.171  0.071 4.112  0.083 6.055
OGLE-BLG-RRLYR-03924  16.573 18.339  0.27395583 0.00000030  5000.07997  0.272  0.150 4.878  0.065 3.620
OGLE-BLG-RRLYR-03932  15.884 17.003  0.28318735 0.00000011  5000.11384  0.274  0.171 4.904  0.097 3.321
OGLE-BLG-RRLYR-03936  17.884 20.999  0.33807688 0.00000018  5000.27696  0.193  0.092 4.760  0.066 3.960
OGLE-BLG-RRLYR-03940  16.337    -    0.38504899 0.00000277  5000.18828  0.240  0.000   -    0.129 5.910
OGLE-BLG-RRLYR-03947  15.308 16.355  0.34127013 0.00000140  5000.13795  0.256  0.086 5.094  0.067 4.590
OGLE-BLG-RRLYR-03951  16.912 20.312  0.38689495 0.00000042  5000.10716  0.071  0.000   -    0.000   -  
OGLE-BLG-RRLYR-03952  15.504 16.886  0.28734716 0.00000007  5000.02377  0.247  0.120 4.911  0.084 4.054
OGLE-BLG-RRLYR-03954  16.403 19.445  0.29617139 0.00000018  5000.05322  0.108  0.135 4.581  0.086 3.784
OGLE-BLG-RRLYR-03963  15.436 16.396  0.30115280 0.00000137  5000.11658  0.255  0.054 6.127  0.023 4.010
OGLE-BLG-RRLYR-03970  16.248 17.595  0.32662405 0.00000014  5000.14848  0.243  0.089 5.179  0.076 4.444
OGLE-BLG-RRLYR-03971  16.550 17.423  0.41721434 0.00000121  5000.20809  0.356  0.094 3.055  0.124 6.009
OGLE-BLG-RRLYR-03976  16.645 18.431  0.33234669 0.00000057  5000.18845  0.268  0.071 4.488  0.045 4.636
OGLE-BLG-RRLYR-03982  16.662 17.477  0.31167213 0.00000045  5000.24407  0.333  0.124 4.358  0.065 4.256
OGLE-BLG-RRLYR-03984  17.848 20.931  0.32542477 0.00000075  5000.17644  0.254  0.085 4.987  0.000   -  
OGLE-BLG-RRLYR-03996  16.621 17.612  0.36155206 0.00000103  5000.22400  0.300  0.062 4.205  0.076 6.239
OGLE-BLG-RRLYR-04001  18.399    -    0.28516048 0.00000016  5000.20022  0.197  0.088 4.837  0.085 4.190
OGLE-BLG-RRLYR-04007  17.251 19.535  0.25266300 0.00000076  5000.05070  0.265  0.148 4.475  0.097 3.060
OGLE-BLG-RRLYR-04015  16.645 17.607  0.31760676 0.00000066  5000.13285  0.294  0.121 4.198  0.058 4.219
OGLE-BLG-RRLYR-04018  16.843 18.709  0.31698999 0.00000015  5000.13954  0.238  0.107 4.712  0.079 4.272
OGLE-BLG-RRLYR-04019  16.309 17.493  0.37548387 0.00000034  5000.30042  0.246  0.049 5.136  0.083 4.825
OGLE-BLG-RRLYR-04021  16.571    -    0.34919538 0.00000148  5000.20202  0.320  0.087 5.146  0.099 4.045
OGLE-BLG-RRLYR-04024  16.085 17.085  0.29462157 0.00000045  5000.28420  0.281  0.163 5.139  0.099 3.754
OGLE-BLG-RRLYR-04031  16.105 17.963  0.31144821 0.00000010  5000.22262  0.255  0.097 4.901  0.071 4.311
OGLE-BLG-RRLYR-04033  16.030 17.171  0.26905488 0.00000199  5000.23069  0.235  0.061 4.416  0.090 1.534
OGLE-BLG-RRLYR-04035  17.414 20.210  0.36217359 0.00000013  5000.07626  0.231  0.041 5.354  0.087 5.003
OGLE-BLG-RRLYR-04036  17.967 19.774  0.32319318 0.00000067  5000.04980  0.208  0.126 4.789  0.067 4.764
OGLE-BLG-RRLYR-04039  17.181 19.435  0.26697586 0.00000014  5000.22367  0.185  0.091 4.913  0.000   -  
OGLE-BLG-RRLYR-04040  17.863 20.052  0.27775674 0.00000055  5000.17354  0.307  0.135 4.710  0.092 2.916
OGLE-BLG-RRLYR-04044  17.103 19.031  0.30706749 0.00000038  5000.03059  0.244  0.093 4.871  0.059 3.944
OGLE-BLG-RRLYR-04045  16.018 17.367  0.25034876 0.00000024  5000.10579  0.125  0.090 4.644  0.000   -  
OGLE-BLG-RRLYR-04050  17.595 20.174  0.26728111 0.00000012  5000.23246  0.280  0.172 4.785  0.082 3.009
OGLE-BLG-RRLYR-04055  16.693 17.780  0.47293477 0.00000239  5000.47274  0.227  0.159 2.688  0.080 0.356
OGLE-BLG-RRLYR-04061  15.677 16.591  0.24614736 0.00000055  5000.04273  0.170  0.116 4.654  0.000   -  
OGLE-BLG-RRLYR-04064  16.114 18.018  0.27008076 0.00000019  5000.19596  0.258  0.125 4.714  0.052 2.521
OGLE-BLG-RRLYR-04067  18.070 21.596  0.31991181 0.00000020  5000.16010  0.210  0.048 4.678  0.059 4.061
OGLE-BLG-RRLYR-04079  17.486 20.489  0.35354725 0.00000040  5000.33051  0.216  0.046 5.204  0.028 4.717
OGLE-BLG-RRLYR-04083  17.678 20.844  0.28947746 0.00000007  5000.19087  0.248  0.079 5.059  0.070 4.767
OGLE-BLG-RRLYR-04084  17.887    -    0.31411595 0.00000032  5000.04776  0.140  0.095 5.359  0.069 3.567
OGLE-BLG-RRLYR-04085  17.696 20.190  0.21130557 0.00000011  5000.20924  0.223  0.132 4.633  0.057 3.174
OGLE-BLG-RRLYR-04089  16.657 18.641  0.31544387 0.00000013  5000.02541  0.241  0.103 4.872  0.067 4.189
OGLE-BLG-RRLYR-04091  17.301 18.974  0.30293618 0.00000024  5000.21416  0.225  0.144 5.017  0.000   -  
OGLE-BLG-RRLYR-04096  17.650 20.369  0.26741805 0.00000046  5000.00671  0.257  0.149 4.668  0.000   -  
OGLE-BLG-RRLYR-04099  17.421 19.688  0.32419537 0.00000067  5000.22544  0.248  0.078 4.870  0.080 4.087
OGLE-BLG-RRLYR-04102  16.794 17.861  0.35099336 0.00000075  5000.19413  0.335  0.082 3.925  0.069 5.327
OGLE-BLG-RRLYR-04105  18.215 21.493  0.30581792 0.00000010  5000.16357  0.245  0.109 4.768  0.085 3.892
OGLE-BLG-RRLYR-04110  16.272 17.497  0.34170200 0.00000073  5000.31321  0.257  0.067 5.679  0.000   -  
OGLE-BLG-RRLYR-04123  18.061 20.428  0.32524388 0.00000010  5000.08289  0.342  0.114 5.097  0.081 4.350
OGLE-BLG-RRLYR-04132  17.518 20.056  0.38796536 0.00000043  5000.25145  0.215  0.000   -    0.076 5.397
OGLE-BLG-RRLYR-04134  15.245 16.493  0.31324660 0.00000088  5000.30768  0.251  0.090 5.013  0.058 4.113
OGLE-BLG-RRLYR-04137  16.561 17.511  0.37536507 0.00000112  5000.31580  0.304  0.131 3.376  0.062 6.190
OGLE-BLG-RRLYR-04141  17.281 19.575  0.28044100 0.00000017  5000.20435  0.239  0.094 4.889  0.076 4.475
OGLE-BLG-RRLYR-04144  17.718 20.680  0.36632284 0.00000101  5000.33330  0.273  0.078 5.794  0.053 4.985
OGLE-BLG-RRLYR-04148  17.017 19.448  0.36501051 0.00000029  5000.32599  0.252  0.034 4.778  0.067 5.021
OGLE-BLG-RRLYR-04149  16.381 17.386  0.25182976 0.00000010  5000.15980  0.206  0.093 4.772  0.051 4.305
OGLE-BLG-RRLYR-04151  18.284    -    0.32183183 0.00000011  5000.17858  0.277  0.084 5.153  0.070 4.495
OGLE-BLG-RRLYR-04158  18.349 21.362  0.37972486 0.00000025  5000.14641  0.225  0.039 0.893  0.073 5.710
OGLE-BLG-RRLYR-04164  17.330 20.022  0.25605802 0.00000039  5000.11375  0.185  0.080 5.081  0.058 5.655
OGLE-BLG-RRLYR-04165  18.059 20.742  0.25892663 0.00000016  5000.00494  0.304  0.177 4.802  0.058 3.036
OGLE-BLG-RRLYR-04168  15.681 16.656  0.32683343 0.00000035  5000.06065  0.246  0.100 4.975  0.076 4.214
OGLE-BLG-RRLYR-04175  15.403 16.585  0.39730434 0.00000089  5000.18771  0.266  0.172 5.121  0.081 3.482
OGLE-BLG-RRLYR-04180  18.445 21.542  0.29431496 0.00000012  5000.27897  0.285  0.174 5.096  0.101 3.818
OGLE-BLG-RRLYR-04186  17.444 20.341  0.32724968 0.00000006  5000.10169  0.307  0.084 3.927  0.056 5.290
OGLE-BLG-RRLYR-04188  16.433 17.989  0.26218954 0.00000004  5000.24542  0.255  0.198 4.803  0.062 2.933
OGLE-BLG-RRLYR-04192  15.852 16.869  0.33509110 0.00000049  5000.05415  0.210  0.095 5.235  0.034 3.756
OGLE-BLG-RRLYR-04198  17.294 19.763  0.32823240 0.00000018  5000.14301  0.257  0.079 5.013  0.079 4.358
OGLE-BLG-RRLYR-04199  17.083 19.449  0.32798478 0.00000023  5000.11802  0.182  0.078 5.073  0.061 4.632
OGLE-BLG-RRLYR-04203  17.440 19.973  0.26197357 0.00000011  5000.01937  0.255  0.132 4.729  0.053 2.955
OGLE-BLG-RRLYR-04206  15.151 16.115  0.32622738 0.00000086  5000.01621  0.183  0.090 5.150  0.047 4.013
OGLE-BLG-RRLYR-04209  15.100 16.238  0.28981753 0.00000026  5000.26660  0.263  0.147 4.784  0.107 3.488
OGLE-BLG-RRLYR-04212  18.070 21.158  0.28065596 0.00000005  5000.02315  0.300  0.149 4.844  0.098 3.279
OGLE-BLG-RRLYR-04215  17.988 21.270  0.36942410 0.00000017  5000.32866  0.226  0.036 3.900  0.066 5.080
OGLE-BLG-RRLYR-04218  16.990 18.936  0.28020228 0.00000005  5000.05083  0.286  0.173 4.916  0.100 3.224
OGLE-BLG-RRLYR-04223  16.585 17.576  0.24497730 0.00000009  5000.12538  0.192  0.100 4.719  0.059 4.042
OGLE-BLG-RRLYR-04227  17.054 18.962  0.25301991 0.00000005  5000.23570  0.241  0.158 4.741  0.034 3.014
OGLE-BLG-RRLYR-04236  17.817 21.067  0.45447155 0.00000070  5000.02472  0.239  0.095 4.858  0.055 4.825
OGLE-BLG-RRLYR-04237  17.840 21.135  0.35078505 0.00000041  5000.22370  0.175  0.060 5.343  0.066 4.108
OGLE-BLG-RRLYR-04241  18.048    -    0.29550102 0.00000012  5000.04834  0.231  0.071 4.856  0.052 4.505
OGLE-BLG-RRLYR-04242  16.448 18.117  0.31946306 0.00000007  5000.05832  0.241  0.089 5.029  0.079 4.273
OGLE-BLG-RRLYR-04243  15.768 16.834  0.32378908 0.00000075  5000.13716  0.250  0.110 5.279  0.083 4.252
OGLE-BLG-RRLYR-04244  18.037 21.470  0.31331796 0.00000013  5000.00316  0.243  0.085 4.947  0.061 4.089
OGLE-BLG-RRLYR-04249  15.517 16.533  0.29494682 0.00000027  5000.08316  0.279  0.132 4.733  0.066 3.506
OGLE-BLG-RRLYR-04258  17.558 20.286  0.26501582 0.00000004  5000.16272  0.310  0.164 4.848  0.066 2.975
OGLE-BLG-RRLYR-04259  16.759 18.502  0.27614582 0.00000028  5000.07941  0.107  0.156 4.644  0.119 3.752
OGLE-BLG-RRLYR-04260  17.629 20.685  0.30738542 0.00000015  5000.05509  0.241  0.143 4.937  0.071 3.890
OGLE-BLG-RRLYR-04264  17.563 20.794  0.25384302 0.00000006  5000.18035  0.250  0.151 4.675  0.041 3.202
OGLE-BLG-RRLYR-04266  16.159 17.343  0.28651756 0.00000006  5000.23232  0.280  0.155 4.778  0.101 3.221
OGLE-BLG-RRLYR-04270  17.614 18.920  0.35703190 0.00000019  5000.15899  0.289  0.159 4.901  0.081 3.555
OGLE-BLG-RRLYR-04271  16.660 17.671  0.23674353 0.00000125  5000.04198  0.180  0.136 4.646  0.000   -  
OGLE-BLG-RRLYR-04277  16.884 18.993  0.25944191 0.00000050  5000.01592  0.267  0.118 4.080  0.041 1.172
OGLE-BLG-RRLYR-04281  19.009    -    0.29170245 0.00000051  5000.19710  0.248  0.154 4.610  0.000   -  
OGLE-BLG-RRLYR-04284  15.654 16.825  0.38686781 0.00000025  5000.01337  0.242  0.057 5.863  0.075 4.872
OGLE-BLG-RRLYR-04285  16.374 17.831  0.25606564 0.00000005  5000.10317  0.203  0.057 4.299  0.009 4.680
OGLE-BLG-RRLYR-04286  17.776 20.678  0.27622480 0.00000006  5000.13390  0.305  0.146 5.003  0.072 3.383
OGLE-BLG-RRLYR-04289  17.074 19.408  0.33276434 0.00000017  5000.02018  0.251  0.093 4.932  0.066 4.411
OGLE-BLG-RRLYR-04290  17.970 21.258  0.30186666 0.00000005  5000.23616  0.338  0.151 4.906  0.098 3.397
OGLE-BLG-RRLYR-04296  15.760 16.991  0.29238850 0.00000043  5000.02610  0.286  0.162 4.884  0.110 3.359
OGLE-BLG-RRLYR-04297  17.360 20.737  0.30634779 0.00000028  5000.00387  0.204  0.066 5.034  0.000   -  
OGLE-BLG-RRLYR-04305  16.421 18.128  0.34223259 0.00000118  5000.33331  0.252  0.067 4.913  0.055 4.434
OGLE-BLG-RRLYR-04312  17.948 20.478  0.28061305 0.00000016  5000.09273  0.248  0.219 4.702  0.072 2.574
OGLE-BLG-RRLYR-04313  16.620 17.561  0.20696997 0.00000038  5000.04313  0.236  0.169 4.489  0.052 3.079
OGLE-BLG-RRLYR-04315  15.656 16.331  0.27492180 0.00000011  5000.26164  0.325  0.130 4.759  0.063 3.043
OGLE-BLG-RRLYR-04316  17.066 19.064  0.31352713 0.00000022  5000.26949  0.221  0.106 4.934  0.052 2.791
OGLE-BLG-RRLYR-04321  16.649 18.188  0.28197860 0.00000028  5000.11444  0.297  0.165 4.882  0.088 3.116
OGLE-BLG-RRLYR-04324  15.846 16.978  0.30833324 0.00000062  5000.27571  0.247  0.097 4.683  0.072 4.144
OGLE-BLG-RRLYR-04326  16.343 17.402  0.28382385 0.00000086  5000.01170  0.301  0.178 4.691  0.131 2.974
OGLE-BLG-RRLYR-04341  16.452 17.827  0.33294392 0.00000100  5000.13269  0.196  0.070 5.233  0.065 2.597
OGLE-BLG-RRLYR-04347  17.850 20.735  0.26884141 0.00000006  5000.06575  0.285  0.197 4.755  0.073 3.128
OGLE-BLG-RRLYR-04349  17.549 20.290  0.27521680 0.00000009  5000.01229  0.261  0.153 4.936  0.073 3.255
OGLE-BLG-RRLYR-04352  17.132 19.182  0.26188013 0.00000093  5000.10913  0.297  0.191 4.837  0.066 2.734
OGLE-BLG-RRLYR-04364  17.504 20.563  0.31594418 0.00000010  5000.20517  0.254  0.069 4.880  0.055 4.514
OGLE-BLG-RRLYR-04365  16.361 17.513  0.35581133 0.00000137  5000.08746  0.298  0.096 5.396  0.095 4.096
OGLE-BLG-RRLYR-04369  17.186    -    0.27046718 0.00000122  5000.23634  0.312  0.227 5.186  0.189 2.611
OGLE-BLG-RRLYR-04370  18.115 21.326  0.28975299 0.00000009  5000.00394  0.263  0.163 4.834  0.086 3.226
OGLE-BLG-RRLYR-04372  16.468 18.062  0.26452914 0.00000050  5000.10638  0.106  0.055 5.126  0.000   -  
OGLE-BLG-RRLYR-04373  18.838    -    0.27542207 0.00000037  5000.09333  0.298  0.203 4.921  0.000   -  
OGLE-BLG-RRLYR-04379  17.714 20.197  0.33526980 0.00000027  5000.05811  0.276  0.067 5.085  0.064 4.684
OGLE-BLG-RRLYR-04381  18.273    -    0.31830083 0.00000044  5000.13547  0.226  0.081 5.006  0.096 4.199
OGLE-BLG-RRLYR-04383  17.213 19.098  0.31511080 0.00000009  5000.16673  0.248  0.097 4.888  0.073 4.143
OGLE-BLG-RRLYR-04384  15.387 16.322  0.32217954 0.00000039  5000.25890  0.268  0.105 5.072  0.076 4.301
OGLE-BLG-RRLYR-04386  15.780 16.830  0.31339758 0.00000046  5000.30281  0.277  0.113 5.007  0.100 4.129
OGLE-BLG-RRLYR-04389  16.220 17.695  0.27396806 0.00000014  5000.16902  0.299  0.169 4.716  0.089 3.090
OGLE-BLG-RRLYR-04390  16.058 17.671  0.35449557 0.00000014  5000.15029  0.236  0.079 5.401  0.056 4.400
OGLE-BLG-RRLYR-04391  17.822 20.970  0.24590550 0.00000013  5000.17368  0.160  0.091 4.544  0.000   -  
OGLE-BLG-RRLYR-04393  16.880 18.867  0.28506459 0.00000085  5000.20665  0.299  0.155 4.733  0.105 3.182
OGLE-BLG-RRLYR-04394  17.908 21.144  0.31507358 0.00000011  5000.23822  0.265  0.082 4.849  0.059 4.303
OGLE-BLG-RRLYR-04396  18.319 21.430  0.31992582 0.00000018  5000.11360  0.250  0.109 4.859  0.101 4.415
OGLE-BLG-RRLYR-04399  17.919    -    0.38529365 0.00000124  5000.23346  0.206  0.000   -    0.000   -  
OGLE-BLG-RRLYR-04400  18.079 21.423  0.27311518 0.00000016  5000.06796  0.279  0.189 4.841  0.091 3.030
OGLE-BLG-RRLYR-04406  17.459 20.426  0.26969502 0.00000011  5000.03621  0.239  0.182 4.628  0.069 3.232
OGLE-BLG-RRLYR-04408  16.801 18.577  0.32200610 0.00000005  5000.04004  0.241  0.113 5.008  0.052 3.810
OGLE-BLG-RRLYR-04409  17.892 20.446  0.25952498 0.00000012  5000.01358  0.297  0.165 4.809  0.054 3.061
OGLE-BLG-RRLYR-04411  18.184 21.491  0.29236604 0.00000013  5000.15924  0.260  0.134 4.713  0.068 3.668
OGLE-BLG-RRLYR-04419  16.922 20.128  0.28144444 0.00000008  5000.10788  0.136  0.164 4.753  0.094 3.184
OGLE-BLG-RRLYR-04422  16.347 17.249  0.27530181 0.00000075  5000.04864  0.285  0.177 4.621  0.079 3.381
OGLE-BLG-RRLYR-04426  17.811 20.482  0.26308686 0.00000012  5000.21491  0.296  0.210 4.706  0.073 3.139
OGLE-BLG-RRLYR-04429  17.049 19.434  0.33127600 0.00000214  5000.20384  0.265  0.000   -    0.000   -  
OGLE-BLG-RRLYR-04434  17.760 20.814  0.31633629 0.00000025  5000.18223  0.251  0.099 4.973  0.068 4.265
OGLE-BLG-RRLYR-04436  18.343    -    0.32533669 0.00000085  5000.15101  0.266  0.120 4.951  0.000   -  
OGLE-BLG-RRLYR-04437  18.852    -    0.30255129 0.00000039  5000.19186  0.285  0.101 4.932  0.072 3.901
OGLE-BLG-RRLYR-04438  17.016 18.498  0.23267737 0.00000043  5000.00563  0.229  0.199 4.791  0.083 3.627
OGLE-BLG-RRLYR-04446  15.709 16.661  0.30449971 0.00000034  5000.14406  0.257  0.107 4.774  0.078 3.928
OGLE-BLG-RRLYR-04447  16.281 17.851  0.29699380 0.00000033  5000.13713  0.234  0.132 4.711  0.083 3.613
OGLE-BLG-RRLYR-04448  17.776 20.513  0.39313136 0.00000031  5000.15266  0.235  0.056 5.773  0.064 4.421
OGLE-BLG-RRLYR-04449  17.228 19.646  0.36569775 0.00000025  5000.05546  0.231  0.063 5.906  0.053 4.924
OGLE-BLG-RRLYR-04450  16.892 17.941  0.30034844 0.00000087  5000.02001  0.293  0.140 4.837  0.107 3.774
OGLE-BLG-RRLYR-04457  15.928 16.887  0.23786871 0.00000037  5000.21098  0.243  0.131 4.808  0.058 3.739
OGLE-BLG-RRLYR-04459  16.068 17.053  0.29774257 0.00000060  5000.10251  0.148  0.161 4.715  0.092 2.930
OGLE-BLG-RRLYR-04460  17.632 19.834  0.27692572 0.00000041  5000.20804  0.191  0.116 4.813  0.052 3.202
OGLE-BLG-RRLYR-04463  17.346 19.889  0.37904816 0.00000029  5000.11201  0.237  0.000   -    0.055 4.882
OGLE-BLG-RRLYR-04465  16.734 18.437  0.31558938 0.00000027  5000.08730  0.192  0.061 5.191  0.000   -  
OGLE-BLG-RRLYR-04466  17.142 19.520  0.29726247 0.00000013  5000.25132  0.251  0.097 4.832  0.087 4.058
OGLE-BLG-RRLYR-04467  17.253 19.581  0.31679733 0.00000017  5000.31395  0.258  0.077 4.912  0.074 4.398
OGLE-BLG-RRLYR-04469  16.664 18.599  0.31722212 0.00000006  5000.06617  0.247  0.092 4.986  0.073 4.304
OGLE-BLG-RRLYR-04472  18.747    -    0.29138898 0.00000048  5000.12013  0.221  0.158 4.863  0.087 3.297
OGLE-BLG-RRLYR-04473  18.082    -    0.27974479 0.00000031  5000.18009  0.217  0.188 4.781  0.124 3.235
OGLE-BLG-RRLYR-04476  17.636 20.647  0.35913851 0.00000030  5000.20882  0.258  0.043 5.037  0.088 4.916
OGLE-BLG-RRLYR-04478  17.316 19.782  0.26312908 0.00000018  5000.00046  0.226  0.106 4.851  0.060 3.846
OGLE-BLG-RRLYR-04479  15.740 16.748  0.32176693 0.00000058  5000.03001  0.263  0.097 4.978  0.072 4.523
OGLE-BLG-RRLYR-04481  15.785 16.757  0.37315344 0.00000141  5000.06764  0.272  0.050 5.233  0.078 5.289
OGLE-BLG-RRLYR-04485  16.879 20.136  0.32112068 0.00000034  5000.14703  0.101  0.110 4.920  0.061 4.695
OGLE-BLG-RRLYR-04486  16.852 18.519  0.25542519 0.00000004  5000.00694  0.284  0.180 4.814  0.060 3.067
OGLE-BLG-RRLYR-04489  16.570 18.121  0.29242145 0.00000031  5000.15012  0.290  0.137 4.733  0.074 3.583
OGLE-BLG-RRLYR-04491  17.447 20.082  0.32243785 0.00000012  5000.30307  0.265  0.100 5.050  0.080 4.439
OGLE-BLG-RRLYR-04494  18.079    -    0.30768553 0.00000024  5000.03769  0.269  0.104 4.812  0.087 4.196
OGLE-BLG-RRLYR-04502  17.786 20.664  0.28919185 0.00000023  5000.08313  0.261  0.124 4.743  0.089 3.450
OGLE-BLG-RRLYR-04506  17.587 20.219  0.27508154 0.00000005  5000.26865  0.306  0.143 4.975  0.083 3.330
OGLE-BLG-RRLYR-04508  17.374 19.798  0.33624674 0.00000011  5000.16138  0.262  0.099 5.016  0.059 4.009
OGLE-BLG-RRLYR-04512  17.144 19.209  0.31817980 0.00000007  5000.04471  0.277  0.105 5.033  0.074 4.323
OGLE-BLG-RRLYR-04514  18.024 21.216  0.25487445 0.00000027  5000.20517  0.234  0.157 4.707  0.000   -  
OGLE-BLG-RRLYR-04515  17.533    -    0.43710656 0.00000097  5000.00479  0.213  0.043 1.227  0.046 6.084
OGLE-BLG-RRLYR-04518  19.032    -    0.26053637 0.00000043  5000.01602  0.259  0.157 4.616  0.000   -  
OGLE-BLG-RRLYR-04519  17.481 19.860  0.29410926 0.00000136  5000.03108  0.279  0.103 5.031  0.107 4.312
OGLE-BLG-RRLYR-04521  19.096    -    0.28977337 0.00000042  5000.26566  0.276  0.130 4.771  0.096 2.962
OGLE-BLG-RRLYR-04524  17.360 19.802  0.28349101 0.00000009  5000.19441  0.244  0.149 5.041  0.075 3.607
OGLE-BLG-RRLYR-04528  16.671 18.810  0.29877033 0.00000007  5000.11735  0.302  0.161 4.777  0.096 3.205
OGLE-BLG-RRLYR-04531  17.624 20.211  0.29350480 0.00000023  5000.02400  0.230  0.098 5.083  0.068 4.579
OGLE-BLG-RRLYR-04533  15.879 17.445  0.42369782 0.00000021  5000.12726  0.231  0.068 3.085  0.078 5.927
OGLE-BLG-RRLYR-04534  17.906 21.061  0.28144490 0.00000021  5000.06702  0.251  0.105 4.673  0.084 3.610
OGLE-BLG-RRLYR-04536  15.709 17.350  0.31133232 0.00000006  5000.16998  0.211  0.069 5.289  0.055 5.019
OGLE-BLG-RRLYR-04537  17.080 19.655  0.30610784 0.00000018  5000.14327  0.196  0.109 4.705  0.088 4.134
OGLE-BLG-RRLYR-04545  17.005 18.934  0.33089225 0.00000019  5000.03624  0.262  0.091 5.030  0.078 4.135
OGLE-BLG-RRLYR-04547  18.941    -    0.28324733 0.00000040  5000.08014  0.280  0.158 4.639  0.125 3.297
OGLE-BLG-RRLYR-04549  17.685 20.578  0.29963865 0.00000010  5000.02522  0.241  0.099 4.939  0.076 4.551
OGLE-BLG-RRLYR-04560  17.347 18.370  0.29212339 0.00000048  5000.18637  0.332  0.246 4.807  0.081 2.887
OGLE-BLG-RRLYR-04561  16.422 17.629  0.31056807 0.00000092  5000.21489  0.250  0.044 0.085  0.162 4.048
OGLE-BLG-RRLYR-04564  17.527    -    0.33652431 0.00000033  5000.31147  0.165  0.048 5.154  0.089 4.460
OGLE-BLG-RRLYR-04572  16.701 17.758  0.30372561 0.00000057  5000.13818  0.251  0.137 4.736  0.086 3.887
OGLE-BLG-RRLYR-04575  17.866 20.741  0.31492472 0.00000023  5000.07805  0.235  0.091 4.917  0.069 3.981
OGLE-BLG-RRLYR-04576  16.739 17.671  0.27633151 0.00000083  5000.06490  0.210  0.086 5.148  0.000   -  
OGLE-BLG-RRLYR-04578  17.900 20.365  0.28319933 0.00000022  5000.02972  0.214  0.143 4.714  0.045 3.097
OGLE-BLG-RRLYR-04583  18.960    -    0.27500309 0.00000032  5000.11048  0.308  0.178 4.588  0.060 2.523
OGLE-BLG-RRLYR-04587  17.503 20.082  0.28214529 0.00000041  5000.15250  0.203  0.124 4.657  0.079 3.233
OGLE-BLG-RRLYR-04590  19.136    -    0.29947777 0.00000068  5000.13954  0.230  0.155 4.918  0.106 3.564
OGLE-BLG-RRLYR-04596  17.856    -    0.31676084 0.00000027  5000.06682  0.233  0.057 5.153  0.056 4.427
OGLE-BLG-RRLYR-04599  17.471 20.206  0.28939149 0.00000007  5000.07543  0.274  0.131 4.750  0.079 3.381
OGLE-BLG-RRLYR-04600  17.470 20.320  0.30772562 0.00000009  5000.25214  0.286  0.103 5.024  0.086 4.135
OGLE-BLG-RRLYR-04602  17.689 20.968  0.27167374 0.00000019  5000.10948  0.318  0.152 4.745  0.088 3.280
OGLE-BLG-RRLYR-04603  16.884 18.664  0.26993512 0.00000009  5000.18361  0.273  0.173 4.710  0.066 3.249
OGLE-BLG-RRLYR-04604  15.960 16.863  0.33283030 0.00000077  5000.10742  0.240  0.084 4.747  0.071 3.951
OGLE-BLG-RRLYR-04610  16.929 18.473  0.24725802 0.00000011  5000.00966  0.224  0.107 4.827  0.070 3.816
OGLE-BLG-RRLYR-04612  16.942 18.207  0.42608975 0.00000275  5000.07284  0.189  0.048 5.086  0.000   -  
OGLE-BLG-RRLYR-04615  18.012 20.966  0.27143970 0.00000013  5000.06896  0.287  0.179 4.793  0.094 2.911
OGLE-BLG-RRLYR-04622  18.917    -    0.32207368 0.00000051  5000.25547  0.267  0.115 5.307  0.080 4.248
OGLE-BLG-RRLYR-04631  18.055 20.703  0.23225126 0.00000008  5000.05398  0.239  0.149 4.588  0.088 3.248
OGLE-BLG-RRLYR-04633  17.841 21.150  0.32728665 0.00000027  5000.27120  0.265  0.102 4.948  0.073 4.422
OGLE-BLG-RRLYR-04639  15.201 16.257  0.33289466 0.00000076  5000.12573  0.261  0.077 4.913  0.065 4.438
OGLE-BLG-RRLYR-04641  17.574 20.135  0.28698607 0.00000013  5000.13611  0.285  0.159 4.868  0.103 3.368
OGLE-BLG-RRLYR-04642  19.195    -    0.27004255 0.00000053  5000.24563  0.232  0.122 4.856  0.000   -  
OGLE-BLG-RRLYR-04643  17.681 20.984  0.29145904 0.00000029  5000.05668  0.251  0.101 5.067  0.059 4.112
OGLE-BLG-RRLYR-04644  17.428 20.020  0.30984210 0.00000017  5000.27420  0.256  0.113 4.801  0.066 3.875
OGLE-BLG-RRLYR-04646  17.302 20.038  0.35391490 0.00000030  5000.07957  0.245  0.063 5.442  0.090 4.478
OGLE-BLG-RRLYR-04647  16.749 18.570  0.31927727 0.00000007  5000.27049  0.239  0.085 5.089  0.078 4.244
OGLE-BLG-RRLYR-04648  17.604    -    0.27474080 0.00000027  5000.23992  0.206  0.200 4.803  0.091 2.848
OGLE-BLG-RRLYR-04651  16.201 18.019  0.26268398 0.00000010  5000.02119  0.243  0.135 4.855  0.036 2.775
OGLE-BLG-RRLYR-04653  17.604 20.355  0.30212943 0.00000013  5000.20658  0.242  0.110 4.772  0.073 3.890
OGLE-BLG-RRLYR-04660  16.147 17.244  0.31632308 0.00000081  5000.27086  0.257  0.087 5.200  0.056 4.015
OGLE-BLG-RRLYR-04661  16.938 18.728  0.27946966 0.00000008  5000.10130  0.283  0.161 4.731  0.096 3.205
OGLE-BLG-RRLYR-04663  17.549 19.688  0.26125020 0.00000018  5000.17993  0.200  0.128 4.845  0.000   -  
OGLE-BLG-RRLYR-04668  17.681 19.893  0.29516993 0.00000027  5000.26148  0.269  0.147 4.978  0.088 3.533
OGLE-BLG-RRLYR-04672  17.956    -    0.27873498 0.00000052  5000.13598  0.308  0.138 5.248  0.088 3.176
OGLE-BLG-RRLYR-04673  17.168 19.627  0.29624253 0.00000031  5000.02471  0.256  0.112 4.683  0.114 3.470
OGLE-BLG-RRLYR-04674  17.754 20.568  0.27919736 0.00000006  5000.12659  0.274  0.169 4.791  0.105 3.158
OGLE-BLG-RRLYR-04676  17.028 19.099  0.31928478 0.00000015  5000.24568  0.257  0.113 4.832  0.076 4.142
OGLE-BLG-RRLYR-04678  17.206 19.834  0.32525396 0.00000015  5000.06114  0.245  0.102 5.030  0.068 4.205
OGLE-BLG-RRLYR-04681  18.317 21.355  0.31642624 0.00000020  5000.24225  0.231  0.082 5.123  0.071 4.000
OGLE-BLG-RRLYR-04688  16.869 18.900  0.32496896 0.00000007  5000.25341  0.258  0.110 4.924  0.084 4.125
OGLE-BLG-RRLYR-04695  17.194 19.717  0.31020465 0.00000028  5000.01504  0.235  0.097 4.772  0.071 3.872
OGLE-BLG-RRLYR-04698  17.530 20.980  0.43683566 0.00000063  5000.34791  0.231  0.077 2.260  0.078 5.922
OGLE-BLG-RRLYR-04703  17.990 20.970  0.29441547 0.00000026  5000.05190  0.265  0.136 4.998  0.082 3.650
OGLE-BLG-RRLYR-04704  17.177 19.989  0.36465665 0.00000020  5000.17727  0.259  0.039 4.907  0.049 4.880
OGLE-BLG-RRLYR-04708  18.481    -    0.29517653 0.00000027  5000.11602  0.315  0.160 4.932  0.096 3.834
OGLE-BLG-RRLYR-04710  17.573 20.103  0.25575548 0.00000006  5000.22839  0.295  0.188 4.764  0.050 3.017
OGLE-BLG-RRLYR-04711  16.587 18.200  0.26515024 0.00000004  5000.05808  0.287  0.171 4.871  0.077 3.251
OGLE-BLG-RRLYR-04713  17.903 20.544  0.30986059 0.00000029  5000.13697  0.265  0.093 5.071  0.064 4.058
OGLE-BLG-RRLYR-04714  16.674 18.445  0.28914991 0.00000005  5000.07204  0.246  0.154 4.929  0.090 3.411
OGLE-BLG-RRLYR-04735  17.033 19.561  0.32824648 0.00000011  5000.11702  0.225  0.072 5.356  0.075 4.643
OGLE-BLG-RRLYR-04739  17.222 19.530  0.25394747 0.00000005  5000.05582  0.219  0.124 4.832  0.067 3.374
OGLE-BLG-RRLYR-04742  17.183 19.504  0.34603846 0.00000009  5000.27036  0.264  0.041 5.344  0.076 5.208
OGLE-BLG-RRLYR-04746  17.699    -    0.28449946 0.00000108  5000.06458  0.259  0.124 4.755  0.106 3.366
OGLE-BLG-RRLYR-04754  17.312 19.890  0.28631194 0.00000006  5000.06069  0.255  0.133 4.739  0.085 3.613
OGLE-BLG-RRLYR-04756  18.676 22.139  0.30066592 0.00000035  5000.24875  0.300  0.139 4.737  0.075 3.275
OGLE-BLG-RRLYR-04758  18.052 21.289  0.29716007 0.00000030  5000.24627  0.252  0.108 4.795  0.078 3.841
OGLE-BLG-RRLYR-04759  17.715 20.320  0.32731881 0.00000026  5000.03614  0.272  0.101 4.941  0.088 4.357
OGLE-BLG-RRLYR-04762  18.389    -    0.29465640 0.00000031  5000.16508  0.254  0.122 4.739  0.099 3.967
OGLE-BLG-RRLYR-04764  18.268    -    0.33631703 0.00000043  5000.31474  0.311  0.120 5.095  0.084 4.122
OGLE-BLG-RRLYR-04769  17.761 20.811  0.37422410 0.00000043  5000.19427  0.214  0.000   -    0.059 5.317
OGLE-BLG-RRLYR-04775  17.578 20.194  0.28310625 0.00000014  5000.05469  0.307  0.157 4.802  0.092 3.330
OGLE-BLG-RRLYR-04777  17.571 20.409  0.31458593 0.00000023  5000.25646  0.206  0.088 5.189  0.000   -  
OGLE-BLG-RRLYR-04781  17.192 19.924  0.33266288 0.00000012  5000.32130  0.236  0.077 5.195  0.061 4.638
OGLE-BLG-RRLYR-04784  15.606    -    0.28998158 0.00000075  5000.14663  0.325  0.163 4.854  0.102 3.551
OGLE-BLG-RRLYR-04792  15.889 16.861  0.34974562 0.00007660  5000.24284  0.267  0.084 5.034  0.047 4.279
OGLE-BLG-RRLYR-04797  18.599 21.574  0.26348101 0.00000030  5000.17812  0.276  0.151 4.880  0.093 3.386
OGLE-BLG-RRLYR-04800  16.972 19.833  0.35864899 0.00000038  5000.19274  0.170  0.042 5.037  0.055 4.485
OGLE-BLG-RRLYR-04802  15.938 16.917  0.27424100 0.00000046  5000.22274  0.294  0.159 4.792  0.056 2.871
OGLE-BLG-RRLYR-04803  18.251    -    0.27172129 0.00000087  5000.18937  0.265  0.197 4.829  0.093 3.527
OGLE-BLG-RRLYR-04804  18.367    -    0.31313562 0.00000033  5000.29423  0.259  0.091 5.047  0.064 4.240
OGLE-BLG-RRLYR-04806  17.359 20.094  0.32211941 0.00000027  5000.20925  0.222  0.086 4.832  0.076 4.012
OGLE-BLG-RRLYR-04808  16.735 18.514  0.32649040 0.00000014  5000.01077  0.233  0.083 5.185  0.061 4.328
OGLE-BLG-RRLYR-04810  15.940 16.720  0.29077931 0.00000036  5000.06561  0.268  0.133 4.776  0.097 3.385
OGLE-BLG-RRLYR-04811  16.415 17.366  0.28573800 0.00000057  5000.09677  0.295  0.159 4.750  0.082 3.134
OGLE-BLG-RRLYR-04813  16.548 18.048  0.31905607 0.00000007  5000.26687  0.224  0.089 4.918  0.065 4.245
OGLE-BLG-RRLYR-04815  17.175 19.900  0.32906931 0.00000015  5000.12146  0.252  0.084 5.025  0.071 4.465
OGLE-BLG-RRLYR-04819  18.138    -    0.28223437 0.00000020  5000.15190  0.276  0.168 4.910  0.099 3.388
OGLE-BLG-RRLYR-04820  16.765 18.792  0.35790268 0.00000016  5000.10954  0.244  0.114 4.992  0.073 3.649
OGLE-BLG-RRLYR-04822  17.374 19.758  0.32890261 0.00000019  5000.00556  0.261  0.089 4.999  0.070 4.127
OGLE-BLG-RRLYR-04826  18.013 20.686  0.28695066 0.00000019  5000.19865  0.270  0.124 4.681  0.091 3.652
OGLE-BLG-RRLYR-04829  17.909    -    0.28314611 0.00000018  5000.11908  0.216  0.186 4.697  0.097 3.109
OGLE-BLG-RRLYR-04830  16.036 16.818  0.42803499 0.00000304  5000.10107  0.219  0.029 0.220  0.000   -  
OGLE-BLG-RRLYR-04831  15.604 16.632  0.32802757 0.00000030  5000.13766  0.287  0.087 4.870  0.075 4.230
OGLE-BLG-RRLYR-04836  16.730 19.174  0.31307123 0.00000015  5000.20000  0.229  0.095 5.013  0.050 3.747
OGLE-BLG-RRLYR-04839  18.349    -    0.31249197 0.00000033  5000.11272  0.246  0.125 4.985  0.066 4.605
OGLE-BLG-RRLYR-04844  15.447 16.418  0.41667096 0.00000068  5000.26149  0.248  0.025 4.248  0.076 4.760
OGLE-BLG-RRLYR-04847  16.770 18.676  0.31591283 0.00000018  5000.15668  0.262  0.092 4.824  0.062 4.027
OGLE-BLG-RRLYR-04850  16.349 17.776  0.31373570 0.00000045  5000.06944  0.183  0.062 4.888  0.030 4.538
OGLE-BLG-RRLYR-04861  17.164 19.466  0.39682826 0.00000040  5000.23141  0.238  0.045 0.449  0.051 4.626
OGLE-BLG-RRLYR-04864  16.030 17.508  0.27256651 0.00000010  5000.15257  0.105  0.134 3.891  0.033 1.724
OGLE-BLG-RRLYR-04868  17.607 20.534  0.26473355 0.00000005  5000.15629  0.280  0.194 4.755  0.076 2.946
OGLE-BLG-RRLYR-04874  16.316 17.837  0.28550162 0.00000005  5000.24027  0.253  0.148 4.878  0.101 3.412
OGLE-BLG-RRLYR-04879  17.464 20.318  0.31659966 0.00000008  5000.12494  0.282  0.105 4.902  0.082 4.203
OGLE-BLG-RRLYR-04882  17.533 19.908  0.26092091 0.00000101  5000.06597  0.252  0.176 4.749  0.096 3.659
OGLE-BLG-RRLYR-04899  17.009 19.540  0.33101302 0.00000032  5000.11643  0.298  0.065 4.949  0.072 4.798
OGLE-BLG-RRLYR-04902  17.477 20.340  0.32218862 0.00000009  5000.04614  0.243  0.092 5.025  0.073 4.219
OGLE-BLG-RRLYR-04903  15.654 17.720  0.29354239 0.00000025  5000.19679  0.288  0.151 4.976  0.088 3.668
OGLE-BLG-RRLYR-04904  15.119 16.095  0.30979819 0.00000032  5000.16202  0.287  0.126 5.018  0.085 3.932
OGLE-BLG-RRLYR-04905  17.370 20.245  0.34183147 0.00000009  5000.03999  0.295  0.044 5.033  0.071 4.836
OGLE-BLG-RRLYR-04907  18.734 21.674  0.28047127 0.00000032  5000.08288  0.273  0.193 4.867  0.117 2.733
OGLE-BLG-RRLYR-04909  17.665 19.960  0.31610671 0.00000011  5000.29831  0.256  0.092 5.026  0.067 4.297
OGLE-BLG-RRLYR-04911  16.801 18.272  0.26938992 0.00000010  5000.03872  0.222  0.121 4.789  0.071 3.780
OGLE-BLG-RRLYR-04912  16.497 18.366  0.34160617 0.00000171  5000.18153  0.276  0.091 4.984  0.112 4.356
OGLE-BLG-RRLYR-04918  17.377 19.554  0.21911376 0.00000011  5000.14481  0.203  0.130 4.684  0.076 3.677
OGLE-BLG-RRLYR-04924  17.239 19.870  0.31423368 0.00000011  5000.17315  0.257  0.100 4.976  0.074 4.272
OGLE-BLG-RRLYR-04926  16.954 19.510  0.38237570 0.00000034  5000.04335  0.229  0.045 5.797  0.074 5.060
OGLE-BLG-RRLYR-04928  18.006 21.394  0.36396817 0.00000042  5000.23573  0.246  0.056 5.749  0.058 4.766
OGLE-BLG-RRLYR-04932  16.054 17.277  0.31066820 0.00000031  5000.22370  0.246  0.097 4.866  0.064 4.130
OGLE-BLG-RRLYR-04936  16.928 18.884  0.32349559 0.00000013  5000.22487  0.262  0.108 4.865  0.079 4.046
OGLE-BLG-RRLYR-04937  15.719 16.436  0.20890005 0.00000015  5000.12220  0.227  0.145 4.701  0.032 4.088
OGLE-BLG-RRLYR-04942  17.148 19.838  0.31855139 0.00000008  5000.30404  0.216  0.099 4.928  0.079 4.297
OGLE-BLG-RRLYR-04951  16.998 19.644  0.39479508 0.00000035  5000.32533  0.226  0.043 0.152  0.060 4.800
OGLE-BLG-RRLYR-04965  15.881 16.835  0.39073183 0.00000233  5000.02133  0.255  0.030 5.956  0.090 5.636
OGLE-BLG-RRLYR-04969  16.306 19.500  0.27645472 0.00000006  5000.02305  0.108  0.121 4.568  0.055 3.086
OGLE-BLG-RRLYR-04971  15.744 16.700  0.25517317 0.00000021  5000.09469  0.273  0.182 4.697  0.053 3.237
OGLE-BLG-RRLYR-04972  16.225 17.379  0.25799113 0.00000223  5000.10720  0.204  0.133 4.745  0.052 4.857
OGLE-BLG-RRLYR-04974  17.610 20.348  0.29665369 0.00000009  5000.09573  0.249  0.119 4.775  0.085 3.808
OGLE-BLG-RRLYR-04982  15.836 17.085  0.33627091 0.00000056  5000.18068  0.266  0.110 5.150  0.083 3.792
OGLE-BLG-RRLYR-04983  17.306 19.454  0.30117045 0.00000017  5000.05084  0.271  0.111 4.682  0.084 3.727
OGLE-BLG-RRLYR-04986  17.746 20.260  0.24816879 0.00000022  5000.20857  0.173  0.155 4.577  0.000   -  
OGLE-BLG-RRLYR-04987  16.027 17.072  0.27719254 0.00000170  5000.05163  0.177  0.071 3.975  0.130 3.773
OGLE-BLG-RRLYR-04988  16.719 18.637  0.39576629 0.00000021  5000.07899  0.264  0.035 0.470  0.087 5.304
OGLE-BLG-RRLYR-04989  17.498 20.246  0.30668616 0.00000020  5000.14214  0.258  0.086 4.947  0.088 4.393
OGLE-BLG-RRLYR-04990  16.262 17.635  0.29136183 0.00000023  5000.18103  0.232  0.081 4.826  0.047 3.808
OGLE-BLG-RRLYR-04991  16.168 17.179  0.28802659 0.00000023  5000.23029  0.290  0.140 4.850  0.082 3.832
OGLE-BLG-RRLYR-04994  17.109 20.071  0.36239801 0.00000210  5000.19802  0.189  0.065 4.670  0.000   -  
OGLE-BLG-RRLYR-05005  17.333 19.986  0.31632208 0.00000013  5000.03930  0.229  0.059 5.136  0.072 5.222
OGLE-BLG-RRLYR-05006  17.399 19.845  0.27381067 0.00000017  5000.24370  0.322  0.162 4.725  0.076 2.913
OGLE-BLG-RRLYR-05008  17.144 19.760  0.39582747 0.00000010  5000.13606  0.253  0.064 5.773  0.064 4.735
OGLE-BLG-RRLYR-05009  17.449 19.952  0.39032706 0.00000034  5000.17149  0.221  0.063 4.946  0.038 4.030
OGLE-BLG-RRLYR-05010  17.113 19.317  0.28887274 0.00000030  5000.08937  0.275  0.128 4.673  0.087 3.540
OGLE-BLG-RRLYR-05018  17.388 19.846  0.26672465 0.00000010  5000.07718  0.302  0.188 4.794  0.086 3.104
OGLE-BLG-RRLYR-05021  17.777 20.957  0.30176854 0.00000020  5000.12554  0.248  0.097 4.766  0.070 3.862
OGLE-BLG-RRLYR-05023  17.652    -    0.32837854 0.00000028  5000.21889  0.180  0.094 4.787  0.079 3.991
OGLE-BLG-RRLYR-05024  16.352 18.361  0.39923106 0.00000020  5000.34868  0.336  0.103 3.450  0.058 6.277
OGLE-BLG-RRLYR-05026  16.421 17.970  0.31346999 0.00000033  5000.23875  0.239  0.097 5.200  0.050 4.458
OGLE-BLG-RRLYR-05027  17.213    -    0.32924674 0.00000045  5000.26528  0.262  0.106 5.235  0.052 4.403
OGLE-BLG-RRLYR-05028  16.950 19.004  0.32454800 0.00000068  5000.14223  0.284  0.087 5.370  0.077 4.318
OGLE-BLG-RRLYR-05030  17.244 19.813  0.27615058 0.00000006  5000.05171  0.267  0.168 4.776  0.105 3.071
OGLE-BLG-RRLYR-05032  17.514 20.457  0.25688008 0.00000014  5000.01052  0.228  0.154 4.835  0.053 3.012
OGLE-BLG-RRLYR-05042  17.648 20.170  0.27245656 0.00000017  5000.03012  0.262  0.194 4.696  0.098 3.045
OGLE-BLG-RRLYR-05044  17.739 20.598  0.36188395 0.00000031  5000.31228  0.213  0.078 6.128  0.000   -  
OGLE-BLG-RRLYR-05045  16.574 18.130  0.24576940 0.00000010  5000.05219  0.153  0.110 4.807  0.000   -  
OGLE-BLG-RRLYR-05049  16.027 16.963  0.33697035 0.00000088  5000.31154  0.300  0.055 4.840  0.077 4.470
OGLE-BLG-RRLYR-05062  18.196    -    0.37331664 0.00000053  5000.05138  0.258  0.000   -    0.073 4.759
OGLE-BLG-RRLYR-05071  17.492 20.376  0.33468153 0.00000018  5000.17675  0.262  0.052 5.021  0.079 4.724
OGLE-BLG-RRLYR-05072  16.781 19.102  0.36046488 0.00000010  5000.34664  0.243  0.048 4.892  0.043 4.526
OGLE-BLG-RRLYR-05073  15.974 17.443  0.28573743 0.00000009  5000.25661  0.213  0.141 4.648  0.084 3.486
OGLE-BLG-RRLYR-05074  17.108 18.926  0.25872607 0.00000006  5000.07340  0.236  0.168 4.715  0.040 3.218
OGLE-BLG-RRLYR-05076  16.583 18.562  0.36359626 0.00000551  5000.30784  0.234  0.084 5.737  0.000   -  
OGLE-BLG-RRLYR-05080  17.296 19.919  0.29969447 0.00000014  5000.10808  0.268  0.146 5.032  0.075 3.660
OGLE-BLG-RRLYR-05083  15.872 17.414  0.28271352 0.00000012  5000.05267  0.329  0.116 4.204  0.039 4.733
OGLE-BLG-RRLYR-05086  16.411 18.145  0.29433504 0.00000013  5000.17254  0.280  0.155 5.075  0.101 3.708
OGLE-BLG-RRLYR-05088  16.862 18.519  0.26822652 0.00000007  5000.07449  0.278  0.178 4.858  0.068 2.938
OGLE-BLG-RRLYR-05090  17.586 20.617  0.30166541 0.00000016  5000.01412  0.253  0.133 5.053  0.093 3.877
OGLE-BLG-RRLYR-05098  16.402 18.210  0.31079100 0.00000036  5000.00712  0.277  0.104 4.916  0.094 4.122
OGLE-BLG-RRLYR-05103  16.935 18.800  0.28739942 0.00000010  5000.08642  0.287  0.159 4.782  0.103 3.289
OGLE-BLG-RRLYR-05105  18.517    -    0.28619472 0.00000054  5000.10443  0.238  0.142 4.719  0.103 3.413
OGLE-BLG-RRLYR-05110  18.108 20.438  0.26281067 0.00000022  5000.11476  0.335  0.194 5.040  0.000   -  
OGLE-BLG-RRLYR-05112  17.671 19.929  0.25415682 0.00000019  5000.21861  0.249  0.144 4.649  0.044 3.003
OGLE-BLG-RRLYR-05124  17.368 19.743  0.31339645 0.00000042  5000.20328  0.258  0.119 5.195  0.079 3.634
OGLE-BLG-RRLYR-05137  18.214    -    0.31968289 0.00000034  5000.20591  0.248  0.087 4.943  0.077 4.163
OGLE-BLG-RRLYR-05138  16.316 17.206  0.26888220 0.00000028  5000.04226  0.293  0.185 4.725  0.090 2.952
OGLE-BLG-RRLYR-05139  16.683 18.218  0.39530903 0.00000061  5000.38726  0.309  0.132 4.832  0.065 3.868
OGLE-BLG-RRLYR-05140  15.414 16.106  0.29274659 0.00000035  5000.00167  0.284  0.102 4.811  0.095 3.820
OGLE-BLG-RRLYR-05141  17.628 20.686  0.29274262 0.00000023  5000.28552  0.252  0.102 4.803  0.070 3.743
OGLE-BLG-RRLYR-05142  17.514 19.973  0.29146991 0.00000036  5000.25553  0.255  0.164 4.828  0.097 3.634
OGLE-BLG-RRLYR-05145  17.778 20.128  0.27200256 0.00000029  5000.12808  0.271  0.154 4.825  0.069 3.631
OGLE-BLG-RRLYR-05148  17.002 19.245  0.33851742 0.00000022  5000.08530  0.264  0.068 5.151  0.057 4.915
OGLE-BLG-RRLYR-05153  17.105 19.016  0.27055929 0.00000040  5000.25497  0.197  0.101 4.439  0.112 1.775
OGLE-BLG-RRLYR-05160  15.319 16.227  0.34350185 0.00000049  5000.14101  0.279  0.063 5.119  0.078 4.918
OGLE-BLG-RRLYR-05162  16.862 18.675  0.27658195 0.00000009  5000.01957  0.238  0.163 4.719  0.103 3.257
OGLE-BLG-RRLYR-05168  16.461 18.085  0.29369175 0.00000005  5000.24100  0.280  0.139 4.774  0.094 3.446
OGLE-BLG-RRLYR-05170  15.845 17.128  0.31468141 0.00000078  5000.14918  0.204  0.055 5.236  0.076 4.333
OGLE-BLG-RRLYR-05172  17.050 19.384  0.30850150 0.00000010  5000.19568  0.249  0.107 4.945  0.072 4.261
OGLE-BLG-RRLYR-05173  18.095    -    0.34863919 0.00000031  5000.15056  0.330  0.062 3.731  0.065 5.721
OGLE-BLG-RRLYR-05178  17.109 19.383  0.37063247 0.00000023  5000.25749  0.258  0.032 5.891  0.060 5.110
OGLE-BLG-RRLYR-05179  17.431 19.696  0.26498563 0.00000015  5000.20594  0.208  0.102 5.356  0.084 4.919
OGLE-BLG-RRLYR-05181  16.157 18.761  0.31174174 0.00000041  5000.16027  0.133  0.072 4.496  0.094 4.060
OGLE-BLG-RRLYR-05182  16.672 18.691  0.34069296 0.00000038  5000.32585  0.261  0.082 5.227  0.097 4.663
OGLE-BLG-RRLYR-05186  16.913 18.904  0.33119226 0.00000022  5000.02524  0.258  0.074 5.159  0.069 4.585
OGLE-BLG-RRLYR-05187  15.477 16.373  0.32046898 0.00000037  5000.31632  0.270  0.083 4.996  0.072 4.434
OGLE-BLG-RRLYR-05188  17.117 18.096  0.34177132 0.00000086  5000.21573  0.254  0.107 5.285  0.077 4.027
OGLE-BLG-RRLYR-05190  17.911 20.949  0.28290863 0.00000011  5000.26604  0.285  0.155 4.647  0.109 3.284
OGLE-BLG-RRLYR-05198  16.649 18.273  0.28578179 0.00000003  5000.15143  0.303  0.146 4.803  0.090 3.313
OGLE-BLG-RRLYR-05199  17.688 20.716  0.27156301 0.00000023  5000.04775  0.177  0.096 4.694  0.000   -  
OGLE-BLG-RRLYR-05201  17.871 21.041  0.29693014 0.00000019  5000.18609  0.248  0.120 4.681  0.086 3.829
OGLE-BLG-RRLYR-05202  17.063 19.393  0.31385869 0.00000006  5000.12382  0.246  0.104 4.939  0.069 4.089
OGLE-BLG-RRLYR-05205  16.916 19.141  0.30982454 0.00000008  5000.09535  0.254  0.098 4.878  0.067 4.433
OGLE-BLG-RRLYR-05206  17.050 18.851  0.25690492 0.00000005  5000.09817  0.249  0.190 4.713  0.046 2.940
OGLE-BLG-RRLYR-05209  16.330 18.469  0.25452511 0.00000004  5000.05401  0.307  0.183 4.790  0.056 3.090
OGLE-BLG-RRLYR-05214  18.005 20.835  0.31809101 0.00000032  5000.26047  0.206  0.098 4.907  0.074 4.306
OGLE-BLG-RRLYR-05221  16.728 18.502  0.30698192 0.00000015  5000.30134  0.244  0.101 4.863  0.069 4.004
OGLE-BLG-RRLYR-05222  16.907 19.139  0.28905409 0.00000010  5000.03591  0.292  0.146 4.916  0.101 3.350
OGLE-BLG-RRLYR-05227  16.794 18.686  0.28068391 0.00000012  5000.01128  0.241  0.160 4.822  0.092 3.243
OGLE-BLG-RRLYR-05228  15.770 16.820  0.30735809 0.00000034  5000.24250  0.257  0.108 4.952  0.065 4.005
OGLE-BLG-RRLYR-05231  16.868 19.360  0.28600942 0.00000003  5000.16306  0.252  0.141 4.794  0.102 3.553
OGLE-BLG-RRLYR-05234  17.915 20.649  0.31588565 0.00000044  5000.09178  0.346  0.090 4.912  0.062 4.098
OGLE-BLG-RRLYR-05236  18.147 21.258  0.28557661 0.00000022  5000.04495  0.303  0.160 4.732  0.100 3.395
OGLE-BLG-RRLYR-05237  16.823 19.101  0.32701348 0.00000007  5000.14365  0.241  0.091 5.220  0.049 3.966
OGLE-BLG-RRLYR-05243  15.710 16.821  0.33054411 0.00000074  5000.30126  0.267  0.096 5.245  0.084 4.412
OGLE-BLG-RRLYR-05247  16.420 18.033  0.28210718 0.00000005  5000.12216  0.274  0.145 4.831  0.092 3.594
OGLE-BLG-RRLYR-05248  16.099 18.538  0.26155639 0.00000004  5000.06501  0.101  0.196 4.657  0.064 2.935
OGLE-BLG-RRLYR-05250  17.933 20.479  0.26683196 0.00000016  5000.02859  0.283  0.176 4.686  0.075 3.018
OGLE-BLG-RRLYR-05253  17.978 21.057  0.33331935 0.00000058  5000.12979  0.238  0.102 4.668  0.108 4.769
OGLE-BLG-RRLYR-05256  15.859 16.745  0.27831166 0.00000032  5000.14888  0.334  0.254 4.650  0.064 2.772
OGLE-BLG-RRLYR-05257  17.012 18.751  0.26627759 0.00000010  5000.21569  0.302  0.191 4.789  0.083 2.992
OGLE-BLG-RRLYR-05262  16.618 18.326  0.33328930 0.00000021  5000.08752  0.296  0.153 5.003  0.078 3.439
OGLE-BLG-RRLYR-05265  17.376 19.996  0.35182768 0.00000010  5000.18634  0.282  0.074 5.467  0.067 4.592
OGLE-BLG-RRLYR-05266  17.031 19.039  0.30484660 0.00000038  5000.13791  0.254  0.098 4.981  0.077 4.487
OGLE-BLG-RRLYR-05267  17.079    -    0.32976282 0.00000018  5000.11435  0.270  0.096 5.023  0.076 4.169
OGLE-BLG-RRLYR-05268  15.975 17.618  0.40980369 0.00000124  5000.28560  0.147  0.113 6.195  0.058 2.925
OGLE-BLG-RRLYR-05271  18.092 20.767  0.25323848 0.00000025  5000.19106  0.287  0.221 4.767  0.000   -  
OGLE-BLG-RRLYR-05282  17.203 19.139  0.28928374 0.00000026  5000.03880  0.226  0.149 4.894  0.084 3.557
OGLE-BLG-RRLYR-05290  16.841 18.976  0.35983186 0.00000180  5000.22617  0.269  0.126 4.999  0.064 3.184
OGLE-BLG-RRLYR-05291  16.762 18.817  0.32073043 0.00000009  5000.23955  0.229  0.072 4.946  0.053 4.365
OGLE-BLG-RRLYR-05292  16.716 18.651  0.31900937 0.00000039  5000.19197  0.231  0.087 4.946  0.085 3.999
OGLE-BLG-RRLYR-05294  17.590 20.257  0.26883406 0.00000021  5000.10323  0.297  0.160 5.178  0.075 3.695
OGLE-BLG-RRLYR-05295  17.176 19.216  0.32340314 0.00000037  5000.26711  0.233  0.081 5.002  0.052 3.459
OGLE-BLG-RRLYR-05296  16.818 19.078  0.31873415 0.00000005  5000.28958  0.253  0.095 5.105  0.068 4.308
OGLE-BLG-RRLYR-05301  17.043 19.462  0.30561195 0.00000005  5000.29736  0.246  0.111 4.855  0.081 3.950
OGLE-BLG-RRLYR-05303  15.724 16.653  0.31397558 0.00000045  5000.30612  0.263  0.101 5.182  0.085 4.482
OGLE-BLG-RRLYR-05308  16.243 18.337  0.29559448 0.00000026  5000.10816  0.253  0.145 4.943  0.082 3.654
OGLE-BLG-RRLYR-05309  16.040 16.893  0.22459726 0.00000126  5000.09215  0.152  0.000   -    0.116 5.106
OGLE-BLG-RRLYR-05310  17.327 19.898  0.33022777 0.00000013  5000.27158  0.240  0.078 4.898  0.053 4.019
OGLE-BLG-RRLYR-05311  16.888 19.189  0.29733316 0.00000008  5000.22521  0.237  0.134 4.753  0.091 3.707
OGLE-BLG-RRLYR-05312  17.204 19.261  0.29145745 0.00000012  5000.13643  0.276  0.130 4.761  0.086 3.410
OGLE-BLG-RRLYR-05315  17.087 19.140  0.29958473 0.00000005  5000.23813  0.248  0.119 4.840  0.078 3.791
OGLE-BLG-RRLYR-05316  17.590 20.387  0.27746622 0.00000010  5000.07384  0.304  0.173 4.791  0.093 2.992
OGLE-BLG-RRLYR-05318  16.640 20.047  0.32071997 0.00000047  5000.24930  0.114  0.101 4.862  0.054 4.136
OGLE-BLG-RRLYR-05328  17.177 19.606  0.30228304 0.00000006  5000.27587  0.280  0.104 4.925  0.072 4.040
OGLE-BLG-RRLYR-05329  17.293 19.482  0.31765929 0.00000177  5000.20394  0.272  0.118 4.880  0.108 3.494
OGLE-BLG-RRLYR-05330  17.195 19.404  0.31787191 0.00000019  5000.21859  0.231  0.094 4.927  0.060 4.119
OGLE-BLG-RRLYR-05333  15.575 16.498  0.32069315 0.00000036  5000.07899  0.233  0.067 5.051  0.065 4.454
OGLE-BLG-RRLYR-05339  17.874 20.886  0.26667700 0.00000015  5000.01584  0.313  0.183 4.829  0.073 3.073
OGLE-BLG-RRLYR-05341  17.464 20.005  0.38209503 0.00000016  5000.20797  0.248  0.051 5.617  0.067 4.925
OGLE-BLG-RRLYR-05343  17.196 19.379  0.31877157 0.00000021  5000.09349  0.221  0.089 5.000  0.062 4.119
OGLE-BLG-RRLYR-05348  15.721 16.503  0.25613063 0.00000061  5000.05788  0.273  0.165 4.865  0.059 2.977
OGLE-BLG-RRLYR-05354  16.001 16.927  0.28972163 0.00000022  5000.18664  0.285  0.145 4.710  0.084 3.382
OGLE-BLG-RRLYR-05359  17.055 18.976  0.25302544 0.00000004  5000.00674  0.223  0.158 4.834  0.049 3.110
OGLE-BLG-RRLYR-05363  15.231 16.803  0.37480538 0.00000085  5000.21338  0.273  0.050 4.687  0.061 4.648
OGLE-BLG-RRLYR-05365  17.348 19.997  0.36548496 0.00000042  5000.09645  0.216  0.055 4.722  0.000   -  
OGLE-BLG-RRLYR-05378  16.371 17.781  0.33007040 0.00000005  5000.01980  0.280  0.094 4.850  0.060 3.889
OGLE-BLG-RRLYR-05380  17.132 19.351  0.35483081 0.00000025  5000.28877  0.286  0.027 4.499  0.055 5.275
OGLE-BLG-RRLYR-05385  16.985 18.956  0.33154946 0.00000118  5000.06189  0.287  0.077 5.484  0.048 4.871
OGLE-BLG-RRLYR-05393  16.806 18.344  0.23753068 0.00000013  5000.18663  0.193  0.117 5.029  0.000   -  
OGLE-BLG-RRLYR-05396  17.066 20.318  0.42799386 0.00000022  5000.04785  0.248  0.163 5.150  0.074 3.795
OGLE-BLG-RRLYR-05397  17.132 18.953  0.27955336 0.00000012  5000.21405  0.293  0.174 4.843  0.110 3.193
OGLE-BLG-RRLYR-05398  16.648 18.535  0.32376708 0.00000016  5000.26486  0.252  0.110 5.050  0.076 3.897
OGLE-BLG-RRLYR-05401  16.972 18.856  0.30961186 0.00000022  5000.02360  0.248  0.112 4.914  0.071 3.982
OGLE-BLG-RRLYR-05403  15.965 16.785  0.22972115 0.00000051  5000.01714  0.125  0.100 4.681  0.000   -  
OGLE-BLG-RRLYR-05404  15.253 16.153  0.32344664 0.00000124  5000.18751  0.268  0.086 5.257  0.077 4.571
OGLE-BLG-RRLYR-05405  16.439 18.182  0.32158455 0.00000015  5000.28158  0.242  0.098 4.951  0.073 4.223
OGLE-BLG-RRLYR-05407  17.079 19.583  0.29957119 0.00000019  5000.28755  0.206  0.117 4.658  0.069 3.463
OGLE-BLG-RRLYR-05408  16.928 19.254  0.32690587 0.00000006  5000.20925  0.208  0.028 5.707  0.054 5.006
OGLE-BLG-RRLYR-05412  17.135 19.128  0.30722652 0.00000018  5000.00207  0.247  0.108 4.929  0.081 4.109
OGLE-BLG-RRLYR-05414  15.392 16.276  0.31275249 0.00000058  5000.03104  0.247  0.097 4.799  0.079 3.922
OGLE-BLG-RRLYR-05418  16.681 18.558  0.25925566 0.00000012  5000.13547  0.204  0.106 4.919  0.071 4.003
OGLE-BLG-RRLYR-05419  17.201 19.281  0.28872816 0.00000029  5000.13033  0.286  0.167 4.712  0.112 3.458
OGLE-BLG-RRLYR-05428  16.981 19.482  0.35478305 0.00000013  5000.10624  0.254  0.072 4.987  0.034 4.329
OGLE-BLG-RRLYR-05430  16.931 18.857  0.25187230 0.00000009  5000.11782  0.223  0.088 4.999  0.055 3.856
OGLE-BLG-RRLYR-05438  15.443 16.451  0.28264387 0.00000032  5000.16206  0.253  0.143 4.961  0.081 3.248
OGLE-BLG-RRLYR-05439  15.845 16.782  0.31136721 0.00000044  5000.21962  0.230  0.087 4.845  0.073 4.451
OGLE-BLG-RRLYR-05442  16.498 18.420  0.41372596 0.00000140  5000.12732  0.311  0.232 4.969  0.135 3.389
OGLE-BLG-RRLYR-05443  16.746 18.942  0.34911890 0.00000008  5000.24564  0.250  0.060 5.123  0.076 4.736
OGLE-BLG-RRLYR-05444  17.412 20.111  0.32158032 0.00000022  5000.20148  0.311  0.060 4.824  0.056 4.492
OGLE-BLG-RRLYR-05447  16.712 17.718  0.31826459 0.00000096  5000.18167  0.235  0.092 4.755  0.086 3.926
OGLE-BLG-RRLYR-05453  16.439 18.410  0.35500428 0.00000259  5000.18740  0.248  0.053 5.407  0.000   -  
OGLE-BLG-RRLYR-05454  16.676 18.100  0.31019769 0.00000048  5000.09338  0.262  0.107 4.644  0.113 4.252
OGLE-BLG-RRLYR-05462  16.897 18.731  0.31296518 0.00000017  5000.21534  0.241  0.094 4.951  0.059 4.054
OGLE-BLG-RRLYR-05466  17.750 20.982  0.30118030 0.00000021  5000.26434  0.265  0.113 4.813  0.068 4.429
OGLE-BLG-RRLYR-05467  16.885 19.083  0.31223311 0.00000043  5000.08188  0.240  0.084 5.241  0.076 4.147
OGLE-BLG-RRLYR-05473  17.945 20.967  0.33102564 0.00000037  5000.15535  0.280  0.135 5.189  0.081 3.605
OGLE-BLG-RRLYR-05474  16.306 17.269  0.31570768 0.00000047  5000.25321  0.238  0.119 4.999  0.065 3.825
OGLE-BLG-RRLYR-05477  16.576 18.532  0.30325388 0.00000027  5000.10394  0.240  0.131 4.785  0.067 3.801
OGLE-BLG-RRLYR-05479  17.679 20.518  0.26413522 0.00000012  5000.09743  0.306  0.160 4.783  0.075 3.389
OGLE-BLG-RRLYR-05480  17.580 20.021  0.34186444 0.00000031  5000.15978  0.249  0.058 5.357  0.061 4.691
OGLE-BLG-RRLYR-05482  16.771 18.937  0.26048781 0.00000004  5000.07323  0.198  0.130 4.816  0.033 3.464
OGLE-BLG-RRLYR-05486  16.524 17.950  0.33439442 0.00000042  5000.22180  0.271  0.091 5.167  0.059 4.459
OGLE-BLG-RRLYR-05490  17.200 18.852  0.34662172 0.00000080  5000.17544  0.278  0.103 5.362  0.040 4.589
OGLE-BLG-RRLYR-05493  17.324 20.698  0.30328849 0.00000028  5000.11963  0.160  0.069 4.879  0.096 4.074
OGLE-BLG-RRLYR-05494  17.275 20.378  0.31429607 0.00000012  5000.06915  0.239  0.114 5.098  0.047 4.657
OGLE-BLG-RRLYR-05495  17.370 20.014  0.33447911 0.00000034  5000.08177  0.247  0.107 5.055  0.097 4.614
OGLE-BLG-RRLYR-05496  16.574 18.306  0.27952570 0.00000008  5000.06688  0.297  0.180 4.804  0.113 3.223
OGLE-BLG-RRLYR-05501  17.519 20.121  0.24739312 0.00000011  5000.24417  0.203  0.150 4.675  0.000   -  
OGLE-BLG-RRLYR-05504  16.979 19.122  0.31484636 0.00000018  5000.01921  0.235  0.094 4.886  0.075 4.121
OGLE-BLG-RRLYR-05508  17.535 19.826  0.33070379 0.00000042  5000.30474  0.268  0.100 5.261  0.080 4.260
OGLE-BLG-RRLYR-05510  15.701 16.460  0.27450092 0.00000032  5000.14289  0.306  0.181 4.819  0.111 3.017
OGLE-BLG-RRLYR-05514  17.000 19.171  0.27448668 0.00000026  5000.15979  0.194  0.164 4.897  0.044 3.927
OGLE-BLG-RRLYR-05520  17.386 19.211  0.23660311 0.00000017  5000.02376  0.229  0.118 4.972  0.037 3.502
OGLE-BLG-RRLYR-05522  17.226 19.641  0.29887364 0.00000037  5000.12680  0.258  0.103 5.210  0.030 2.882
OGLE-BLG-RRLYR-05527  16.457 18.209  0.28715430 0.00000006  5000.06429  0.259  0.159 4.781  0.085 3.450
OGLE-BLG-RRLYR-05529  16.132 17.555  0.34545898 0.00000014  5000.02411  0.269  0.063 5.175  0.072 4.990
OGLE-BLG-RRLYR-05531  17.355 19.613  0.30808096 0.00000012  5000.03873  0.229  0.100 4.927  0.072 3.893
OGLE-BLG-RRLYR-05535  18.056 21.294  0.30311133 0.00000027  5000.29724  0.238  0.115 4.949  0.055 3.826
OGLE-BLG-RRLYR-05538  16.728 18.287  0.30440375 0.00000040  5000.24642  0.261  0.102 4.804  0.075 4.396
OGLE-BLG-RRLYR-05541  16.657 18.568  0.32329050 0.00000015  5000.13010  0.257  0.086 5.048  0.080 4.113
OGLE-BLG-RRLYR-05542  16.266 18.132  0.28751170 0.00000014  5000.28002  0.287  0.159 4.822  0.104 3.353
OGLE-BLG-RRLYR-05545  17.628 20.432  0.27295215 0.00000011  5000.08234  0.288  0.173 4.786  0.102 3.127
OGLE-BLG-RRLYR-05546  18.054 20.583  0.26382274 0.00000169  5000.03361  0.319  0.148 5.073  0.000   -  
OGLE-BLG-RRLYR-05550  16.062 17.386  0.24910500 0.00000002  5000.13646  0.266  0.148 4.682  0.095 3.187
OGLE-BLG-RRLYR-05552  17.386 20.163  0.27099444 0.00000004  5000.24948  0.310  0.171 4.839  0.089 3.214
OGLE-BLG-RRLYR-05555  16.757 18.495  0.30892494 0.00000014  5000.06376  0.242  0.099 4.840  0.071 3.952
OGLE-BLG-RRLYR-05566  17.724 20.042  0.32314216 0.00000028  5000.32182  0.255  0.104 5.151  0.086 4.160
OGLE-BLG-RRLYR-05584  15.599 17.093  0.42303146 0.00000067  5000.08187  0.281  0.037 5.828  0.067 4.730
OGLE-BLG-RRLYR-05586  17.166 19.857  0.26680017 0.00000006  5000.14360  0.240  0.110 4.647  0.033 3.090
OGLE-BLG-RRLYR-05590  17.167 19.628  0.25766397 0.00000009  5000.18034  0.280  0.181 4.752  0.052 2.939
OGLE-BLG-RRLYR-05594  16.766 19.157  0.39823179 0.00000031  5000.35114  0.183  0.043 1.184  0.073 5.185
OGLE-BLG-RRLYR-05595  17.369 19.558  0.29628370 0.00000021  5000.16749  0.221  0.108 4.749  0.075 3.892
OGLE-BLG-RRLYR-05600  16.577 18.952  0.30881770 0.00000005  5000.19624  0.249  0.101 4.935  0.070 4.245
OGLE-BLG-RRLYR-05606  17.816 21.120  0.31268976 0.00000032  5000.10324  0.231  0.125 5.061  0.084 3.906
OGLE-BLG-RRLYR-05612  16.497 18.453  0.32530863 0.00000007  5000.12515  0.302  0.074 4.960  0.076 4.498
OGLE-BLG-RRLYR-05614  16.641 18.540  0.25530423 0.00000011  5000.18042  0.144  0.042 4.669  0.000   -  
OGLE-BLG-RRLYR-05619  17.250 19.465  0.28861230 0.00000012  5000.06366  0.281  0.147 4.820  0.097 3.353
OGLE-BLG-RRLYR-05620  17.079 18.975  0.31294363 0.00000019  5000.19786  0.248  0.101 4.924  0.063 4.255
OGLE-BLG-RRLYR-05621  16.799 18.784  0.26445206 0.00000003  5000.08297  0.284  0.174 4.842  0.061 3.104
OGLE-BLG-RRLYR-05631  16.130 17.934  0.44211922 0.00000066  5000.24366  0.246  0.024 2.067  0.056 5.746
OGLE-BLG-RRLYR-05639  16.351 17.999  0.33565277 0.00000014  5000.09416  0.252  0.093 5.207  0.084 4.400
OGLE-BLG-RRLYR-05640  17.711 20.836  0.29801762 0.00000020  5000.24151  0.239  0.127 4.805  0.095 3.831
OGLE-BLG-RRLYR-05647  17.675 20.665  0.28900649 0.00000032  5000.21173  0.238  0.120 4.953  0.103 3.612
OGLE-BLG-RRLYR-05650  17.186 19.309  0.29725534 0.00000015  5000.06638  0.271  0.131 4.714  0.084 3.708
OGLE-BLG-RRLYR-05651  16.591 18.027  0.39151869 0.00000060  5000.18370  0.125  0.046 3.638  0.000   -  
OGLE-BLG-RRLYR-05654  16.500 17.871  0.23844194 0.00000007  5000.18696  0.262  0.162 4.691  0.066 3.221
OGLE-BLG-RRLYR-05664  16.917 19.041  0.34814840 0.00000164  5000.27979  0.202  0.000   -    0.000   -  
OGLE-BLG-RRLYR-05665  16.577 18.250  0.31715915 0.00000015  5000.04290  0.239  0.091 4.998  0.074 4.114
OGLE-BLG-RRLYR-05666  17.854 20.813  0.30623673 0.00000026  5000.10766  0.283  0.100 5.157  0.086 4.008
OGLE-BLG-RRLYR-05672  17.771 21.212  0.28434583 0.00000012  5000.19342  0.215  0.144 4.512  0.117 3.459
OGLE-BLG-RRLYR-05673  17.627 20.069  0.29563550 0.00000022  5000.19175  0.269  0.141 4.885  0.094 3.572
OGLE-BLG-RRLYR-05678  16.985 17.313  0.26839903 0.00000045  5000.00085  0.244  0.172 4.757  0.119 3.280
OGLE-BLG-RRLYR-05679  16.495 18.031  0.30649479 0.00000010  5000.26513  0.256  0.090 4.830  0.082 4.051
OGLE-BLG-RRLYR-05681  16.685 18.715  0.31134636 0.00000008  5000.12669  0.202  0.081 4.837  0.039 4.178
OGLE-BLG-RRLYR-05685  16.595 18.301  0.31761877 0.00000006  5000.09349  0.240  0.090 5.011  0.065 4.207
OGLE-BLG-RRLYR-05687  15.600 16.646  0.28519683 0.00000061  5000.20805  0.279  0.153 4.735  0.091 3.328
OGLE-BLG-RRLYR-05688  17.434 20.425  0.31810520 0.00000024  5000.07002  0.252  0.084 5.047  0.100 4.450
OGLE-BLG-RRLYR-05689  17.120 19.128  0.23641716 0.00000014  5000.03042  0.139  0.083 4.905  0.000   -  
OGLE-BLG-RRLYR-05690  16.339 17.788  0.38617238 0.00000153  5000.32931  0.246  0.093 5.650  0.000   -  
OGLE-BLG-RRLYR-05693  16.304 17.305  0.23199160 0.00000017  5000.02909  0.241  0.151 4.669  0.080 3.269
OGLE-BLG-RRLYR-05694  15.784 17.125  0.32912131 0.00000035  5000.16787  0.029  0.199 4.462  0.000   -  
OGLE-BLG-RRLYR-05701  15.791 17.425  0.29426926 0.00000005  5000.23472  0.279  0.130 5.066  0.088 3.774
OGLE-BLG-RRLYR-05708  16.588 18.147  0.29303386 0.00000069  5000.05580  0.319  0.096 4.846  0.095 3.870
OGLE-BLG-RRLYR-05709  16.998 19.359  0.41046861 0.00000041  5000.20796  0.166  0.106 2.107  0.059 5.224
OGLE-BLG-RRLYR-05713  16.810 18.290  0.33232100 0.00000008  5000.22630  0.251  0.093 4.894  0.073 4.051
OGLE-BLG-RRLYR-05716  16.915 19.061  0.30570397 0.00000015  5000.26039  0.240  0.102 4.857  0.069 4.079
OGLE-BLG-RRLYR-05726  17.129 19.126  0.30483098 0.00000019  5000.25170  0.246  0.153 5.116  0.097 3.799
OGLE-BLG-RRLYR-05740  17.150 19.285  0.34336080 0.00000021  5000.02751  0.270  0.107 5.204  0.076 4.642
OGLE-BLG-RRLYR-05741  16.548 17.968  0.28879047 0.00000012  5000.06645  0.272  0.155 4.873  0.078 3.492
OGLE-BLG-RRLYR-05746  17.144 19.392  0.32689628 0.00000016  5000.22878  0.264  0.094 5.073  0.085 4.542
OGLE-BLG-RRLYR-05751  17.352 19.230  0.25435583 0.00000014  5000.21131  0.215  0.167 4.726  0.046 2.858
OGLE-BLG-RRLYR-05755  16.758 18.545  0.31038069 0.00000056  5000.22325  0.251  0.115 4.856  0.057 4.168
OGLE-BLG-RRLYR-05756  16.158 17.426  0.31071803 0.00000038  5000.18580  0.249  0.118 4.907  0.086 3.916
OGLE-BLG-RRLYR-05761  15.868 16.704  0.26175320 0.00000019  5000.13082  0.235  0.123 4.762  0.045 3.541
OGLE-BLG-RRLYR-05765  16.880 18.824  0.30791747 0.00000019  5000.20930  0.235  0.105 5.022  0.072 4.086
OGLE-BLG-RRLYR-05766  16.944 18.567  0.30570181 0.00000006  5000.26943  0.264  0.119 5.058  0.066 3.849
OGLE-BLG-RRLYR-05770  17.191 19.446  0.30322866 0.00000018  5000.12897  0.280  0.114 4.959  0.086 3.919
OGLE-BLG-RRLYR-05776  16.662 18.004  0.23624293 0.00000007  5000.05497  0.262  0.165 4.736  0.083 2.870
OGLE-BLG-RRLYR-05780  17.997 20.255  0.21300735 0.00000015  5000.04413  0.239  0.151 4.519  0.063 3.362
OGLE-BLG-RRLYR-05784  17.182 19.151  0.29754385 0.00000015  5000.02327  0.248  0.132 4.800  0.077 3.637
OGLE-BLG-RRLYR-05794  16.969 19.263  0.40334548 0.00000160  5000.30758  0.253  0.071 4.685  0.064 4.692
OGLE-BLG-RRLYR-05801  16.821 18.862  0.29472450 0.00000030  5000.00771  0.247  0.080 4.734  0.068 4.514
OGLE-BLG-RRLYR-05802  16.796 18.561  0.30664103 0.00000019  5000.28975  0.252  0.122 4.798  0.077 4.014
OGLE-BLG-RRLYR-05805  15.613 16.635  0.28299790 0.00000014  5000.14322  0.280  0.163 4.697  0.110 3.203
OGLE-BLG-RRLYR-05816  16.374 18.074  0.30428989 0.00000010  5000.17471  0.242  0.114 4.763  0.077 3.937
OGLE-BLG-RRLYR-05818  17.228 19.371  0.32119426 0.00000020  5000.15413  0.279  0.047 5.138  0.070 4.540
OGLE-BLG-RRLYR-05819  15.532 16.368  0.32953368 0.00000071  5000.00651  0.266  0.098 4.736  0.071 4.024
OGLE-BLG-RRLYR-05820  16.876 19.169  0.33504195 0.00000024  5000.15664  0.265  0.058 5.111  0.082 5.070
OGLE-BLG-RRLYR-05821  17.575 20.100  0.24924757 0.00000018  5000.00713  0.193  0.123 4.739  0.000   -  
OGLE-BLG-RRLYR-05823  17.147    -    0.30501904 0.00000053  5000.06519  0.322  0.197 4.836  0.101 3.466
OGLE-BLG-RRLYR-05831  16.455 18.402  0.31680142 0.00000006  5000.30981  0.217  0.104 4.809  0.067 4.020
OGLE-BLG-RRLYR-05833  17.865 20.712  0.25601321 0.00000030  5000.18282  0.189  0.121 5.095  0.064 4.697
OGLE-BLG-RRLYR-05837  16.031 17.715  0.30154015 0.00000003  5000.12364  0.234  0.119 4.788  0.077 3.797
OGLE-BLG-RRLYR-05840  17.035 19.046  0.25541590 0.00000044  5000.07507  0.098  0.145 4.437  0.000   -  
OGLE-BLG-RRLYR-05852  15.588 17.045  0.34270810 0.00000005  5000.17895  0.181  0.104 4.905  0.034 3.102
OGLE-BLG-RRLYR-05855  16.800 18.625  0.31178202 0.00000028  5000.08751  0.273  0.093 4.967  0.079 4.285
OGLE-BLG-RRLYR-05861  16.787 18.283  0.26227164 0.00000005  5000.22337  0.255  0.108 4.960  0.074 4.096
OGLE-BLG-RRLYR-05862  16.848 19.225  0.41771647 0.00000029  5000.02840  0.246  0.029 0.912  0.061 5.017
OGLE-BLG-RRLYR-05864  16.430 18.236  0.31268293 0.00000004  5000.04313  0.266  0.094 4.933  0.073 4.266
OGLE-BLG-RRLYR-05868  16.980 19.740  0.38485846 0.00000021  5000.07828  0.308  0.203 4.804  0.092 2.886
OGLE-BLG-RRLYR-05871  16.375 18.761  0.43375133 0.00000085  5000.30655  0.222  0.019 0.215  0.023 0.091
OGLE-BLG-RRLYR-05872  16.071 17.494  0.28532101 0.00000002  5000.07823  0.315  0.159 4.876  0.066 3.184
OGLE-BLG-RRLYR-05876  17.281 19.601  0.26707477 0.00000013  5000.04358  0.276  0.185 4.764  0.065 3.115
OGLE-BLG-RRLYR-05882  15.741 16.784  0.37816014 0.00000150  5000.01179  0.291  0.064 5.113  0.080 4.845
OGLE-BLG-RRLYR-05883  16.104 17.578  0.43399127 0.00000067  5000.33117  0.247  0.036 3.038  0.045 5.344
OGLE-BLG-RRLYR-05884  17.249 19.540  0.28087303 0.00000006  5000.21734  0.266  0.167 4.690  0.105 3.086
OGLE-BLG-RRLYR-05886  15.777 17.599  0.30361428 0.00000024  5000.08315  0.089  0.095 4.716  0.079 4.123
OGLE-BLG-RRLYR-05893  16.781 18.586  0.32602143 0.00000013  5000.02338  0.238  0.101 5.147  0.077 4.173
OGLE-BLG-RRLYR-05894  17.003 19.201  0.38261434 0.00000037  5000.13053  0.257  0.024 5.590  0.062 4.845
OGLE-BLG-RRLYR-05895  17.423 19.628  0.30326052 0.00000016  5000.07303  0.254  0.095 4.839  0.082 4.095
OGLE-BLG-RRLYR-05896  16.573 18.162  0.26625686 0.00000002  5000.11366  0.293  0.176 4.806  0.082 2.995
OGLE-BLG-RRLYR-05897  16.443 18.716  0.35122511 0.00000029  5000.08036  0.217  0.062 5.424  0.053 5.128
OGLE-BLG-RRLYR-05898  17.630 20.408  0.32687149 0.00000096  5000.01525  0.303  0.100 5.125  0.092 4.288
OGLE-BLG-RRLYR-05903  16.999 19.044  0.31487042 0.00000018  5000.22738  0.239  0.087 5.090  0.075 4.008
OGLE-BLG-RRLYR-05904  15.288 18.436  0.28685164 0.00000038  5000.23468  0.036  0.087 4.837  0.105 4.342
OGLE-BLG-RRLYR-05916  16.260 17.667  0.27984770 0.00000019  5000.17106  0.293  0.157 4.734  0.095 3.211
OGLE-BLG-RRLYR-05918  16.772 18.765  0.26641140 0.00000008  5000.17224  0.292  0.192 4.774  0.071 2.937
OGLE-BLG-RRLYR-05920  17.248 19.542  0.27358967 0.00000014  5000.01372  0.265  0.162 4.693  0.092 2.987
OGLE-BLG-RRLYR-05923  16.565 18.370  0.35584643 0.00000142  5000.09155  0.266  0.056 5.316  0.068 4.859
OGLE-BLG-RRLYR-05924  16.937 18.871  0.29996642 0.00000004  5000.29714  0.252  0.111 4.963  0.068 3.945
OGLE-BLG-RRLYR-05928  16.525 18.828  0.31042627 0.00000007  5000.17093  0.170  0.106 4.801  0.066 3.845
OGLE-BLG-RRLYR-05931  16.828 19.064  0.30140799 0.00000011  5000.11508  0.255  0.107 4.832  0.087 4.121
OGLE-BLG-RRLYR-05933  15.687 16.784  0.35227708 0.00000077  5000.21127  0.272  0.076 5.457  0.087 4.922
OGLE-BLG-RRLYR-05934  16.868 19.007  0.29263187 0.00000012  5000.07894  0.262  0.114 4.742  0.088 3.947
OGLE-BLG-RRLYR-05935  16.731 19.105  0.31601402 0.00000036  5000.19933  0.139  0.090 4.966  0.058 4.025
OGLE-BLG-RRLYR-05937  16.572 18.269  0.31421017 0.00000005  5000.08210  0.244  0.100 4.921  0.062 4.075
OGLE-BLG-RRLYR-05938  17.234    -    0.27298407 0.00000076  5000.24672  0.276  0.152 4.643  0.074 3.445
OGLE-BLG-RRLYR-05939  15.568 16.417  0.30814810 0.00000035  5000.04424  0.250  0.113 4.944  0.077 3.847
OGLE-BLG-RRLYR-05940  17.380 19.756  0.25554294 0.00000010  5000.13556  0.284  0.152 4.729  0.044 3.094
OGLE-BLG-RRLYR-05942  17.353 18.741  0.30064964 0.00000030  5000.04084  0.348  0.273 4.719  0.108 2.731
OGLE-BLG-RRLYR-05945  16.539 18.053  0.25331116 0.00000004  5000.15587  0.207  0.131 4.715  0.031 3.075
OGLE-BLG-RRLYR-05947  17.203 19.336  0.28953710 0.00000018  5000.16642  0.199  0.097 4.836  0.053 3.435
OGLE-BLG-RRLYR-05951  16.773 18.844  0.28479624 0.00000006  5000.14359  0.151  0.073 4.989  0.020 3.545
OGLE-BLG-RRLYR-05955  15.967 16.943  0.29181708 0.00000017  5000.14056  0.291  0.150 4.738  0.098 3.644
OGLE-BLG-RRLYR-05956  17.272 19.535  0.29174361 0.00000011  5000.18234  0.254  0.136 4.768  0.086 3.414
OGLE-BLG-RRLYR-05961  16.224 18.339  0.43492616 0.00000093  5000.21529  0.222  0.074 2.175  0.095 5.612
OGLE-BLG-RRLYR-05964  16.955 19.170  0.29994243 0.00000004  5000.20741  0.259  0.114 4.850  0.070 3.868
OGLE-BLG-RRLYR-05965  16.748 18.721  0.31396191 0.00000031  5000.09576  0.215  0.100 4.940  0.079 4.231
OGLE-BLG-RRLYR-05968  17.025 19.462  0.31755841 0.00000007  5000.28835  0.211  0.087 5.013  0.064 4.189
OGLE-BLG-RRLYR-05970  17.527 20.363  0.31341607 0.00000022  5000.00381  0.234  0.085 4.774  0.067 4.098
OGLE-BLG-RRLYR-05971  17.278 19.946  0.33854593 0.00000039  5000.12186  0.264  0.060 5.408  0.068 4.670
OGLE-BLG-RRLYR-05973  15.920 17.474  0.37930731 0.00000012  5000.09059  0.389  0.279 4.607  0.117 2.468
OGLE-BLG-RRLYR-05979  16.286 17.860  0.35651765 0.00000005  5000.17734  0.327  0.084 5.067  0.084 4.354
OGLE-BLG-RRLYR-05985  17.265 19.402  0.26854794 0.00000008  5000.25035  0.247  0.115 4.858  0.090 4.498
OGLE-BLG-RRLYR-05991  16.770 18.289  0.30881043 0.00000005  5000.23449  0.233  0.102 4.820  0.074 3.981
OGLE-BLG-RRLYR-05992  16.994 19.175  0.28046687 0.00000021  5000.03044  0.181  0.074 4.815  0.000   -  
OGLE-BLG-RRLYR-05995  16.520 18.055  0.29034843 0.00000015  5000.26080  0.196  0.028 5.381  0.056 4.968
OGLE-BLG-RRLYR-06006  16.050 17.495  0.34585271 0.00000011  5000.21003  0.250  0.099 5.362  0.060 4.023
OGLE-BLG-RRLYR-06010  17.031 19.320  0.27806361 0.00000020  5000.18100  0.264  0.158 5.068  0.071 3.329
OGLE-BLG-RRLYR-06027  16.363 18.011  0.33878499 0.00000012  5000.03729  0.287  0.059 4.993  0.058 4.599
OGLE-BLG-RRLYR-06028  16.493 18.320  0.28433664 0.00000012  5000.18014  0.243  0.169 4.738  0.096 3.277
OGLE-BLG-RRLYR-06033  16.779 18.803  0.35767538 0.00000023  5000.16203  0.204  0.036 5.831  0.064 4.981
OGLE-BLG-RRLYR-06041  16.918 18.747  0.28898771 0.00000012  5000.13227  0.280  0.140 4.747  0.093 3.481
OGLE-BLG-RRLYR-06043  16.066 16.880  0.22479210 0.00000019  5000.07836  0.236  0.158 4.684  0.078 3.129
OGLE-BLG-RRLYR-06044  17.025 19.145  0.32082075 0.00000040  5000.28515  0.225  0.087 4.990  0.077 4.412
OGLE-BLG-RRLYR-06046  16.937 19.438  0.38409277 0.00000027  5000.13858  0.259  0.076 5.362  0.064 4.729
OGLE-BLG-RRLYR-06053  16.603 18.256  0.28193524 0.00000007  5000.07867  0.311  0.181 4.863  0.080 3.121
OGLE-BLG-RRLYR-06054  16.995 19.124  0.28038887 0.00000009  5000.06382  0.282  0.159 4.769  0.097 3.253
OGLE-BLG-RRLYR-06056  16.794 18.995  0.33643033 0.00000008  5000.08002  0.297  0.051 4.418  0.053 5.069
OGLE-BLG-RRLYR-06057  16.402 18.379  0.34840484 0.00000048  5000.01372  0.191  0.073 5.335  0.075 4.361
OGLE-BLG-RRLYR-06058  16.492 17.938  0.30957876 0.00000022  5000.28036  0.235  0.077 5.110  0.052 4.278
OGLE-BLG-RRLYR-06061  16.921 18.769  0.24192609 0.00000036  5000.04601  0.276  0.148 4.772  0.079 3.281
OGLE-BLG-RRLYR-06062  16.595 18.243  0.33407739 0.00000027  5000.24953  0.267  0.125 4.845  0.063 4.317
OGLE-BLG-RRLYR-06065  17.129 19.538  0.32416603 0.00000026  5000.30681  0.255  0.107 5.099  0.074 4.464
OGLE-BLG-RRLYR-06073  16.924 18.363  0.22221591 0.00000007  5000.11569  0.235  0.156 4.813  0.050 3.620
OGLE-BLG-RRLYR-06075  16.394 17.971  0.33816883 0.00000043  5000.20027  0.256  0.064 5.456  0.085 4.300
OGLE-BLG-RRLYR-06080  16.843 18.364  0.32770832 0.00000041  5000.11547  0.278  0.095 4.795  0.074 4.320
OGLE-BLG-RRLYR-06082  17.347 19.662  0.27326911 0.00000023  5000.12717  0.211  0.120 4.556  0.065 4.105
OGLE-BLG-RRLYR-06083  16.547 18.182  0.30647299 0.00000026  5000.06689  0.249  0.112 4.920  0.070 3.978
OGLE-BLG-RRLYR-06084  16.972 19.223  0.31017583 0.00000010  5000.05983  0.329  0.057 4.891  0.063 4.300
OGLE-BLG-RRLYR-06085  17.055 19.072  0.30688358 0.00000010  5000.28622  0.260  0.111 4.819  0.079 4.073
OGLE-BLG-RRLYR-06091  16.781 18.857  0.30050647 0.00000017  5000.24576  0.242  0.084 5.052  0.041 3.925
OGLE-BLG-RRLYR-06096  17.311 19.659  0.34363668 0.00000022  5000.20888  0.266  0.079 5.369  0.072 4.119
OGLE-BLG-RRLYR-06097  17.273 19.812  0.25387796 0.00000021  5000.17663  0.202  0.110 4.604  0.047 3.319
OGLE-BLG-RRLYR-06098  16.941 19.042  0.32589436 0.00000015  5000.03956  0.263  0.104 4.925  0.068 4.050
OGLE-BLG-RRLYR-06102  17.232 19.665  0.29033363 0.00000012  5000.03909  0.297  0.145 4.917  0.083 3.426
OGLE-BLG-RRLYR-06108  16.491 17.767  0.22076221 0.00000064  5000.20206  0.239  0.175 4.684  0.045 3.381
OGLE-BLG-RRLYR-06112  16.248 17.964  0.32241337 0.00000040  5000.16529  0.245  0.084 5.190  0.079 4.774
OGLE-BLG-RRLYR-06113  16.467 18.652  0.40954465 0.00000028  5000.40047  0.242  0.027 3.207  0.051 5.262
OGLE-BLG-RRLYR-06115  16.953 19.172  0.31080195 0.00000028  5000.03731  0.232  0.091 4.967  0.077 4.297
OGLE-BLG-RRLYR-06130  17.194 19.202  0.30383595 0.00000016  5000.25185  0.267  0.107 4.845  0.063 4.071
OGLE-BLG-RRLYR-06140  16.171 16.876  0.29514051 0.00000215  5000.09013  0.274  0.138 5.092  0.154 3.621
OGLE-BLG-RRLYR-06141  16.743 18.675  0.27895528 0.00000004  5000.06166  0.282  0.171 4.755  0.101 3.106
OGLE-BLG-RRLYR-06143  16.731 18.832  0.30875117 0.00000006  5000.14051  0.235  0.101 4.915  0.066 4.053
OGLE-BLG-RRLYR-06149  16.527 18.787  0.27853965 0.00000004  5000.16019  0.205  0.165 4.713  0.103 3.049
OGLE-BLG-RRLYR-06154  16.310 18.306  0.35661400 0.00000014  5000.17067  0.254  0.062 5.233  0.061 4.732
OGLE-BLG-RRLYR-06156  16.293 17.303  0.32488363 0.00000051  5000.18523  0.170  0.087 5.007  0.052 3.479
OGLE-BLG-RRLYR-06159  17.188 19.354  0.27627950 0.00000023  5000.17375  0.200  0.108 4.835  0.037 3.445
OGLE-BLG-RRLYR-06160  15.932 16.815  0.26527943 0.00000022  5000.19298  0.250  0.134 4.512  0.093 3.440
OGLE-BLG-RRLYR-06161  16.480 18.317  0.36490034 0.00000018  5000.01942  0.269  0.030 5.401  0.071 5.244
OGLE-BLG-RRLYR-06162  17.322 20.040  0.34119882 0.00000030  5000.04882  0.240  0.091 5.272  0.066 4.375
OGLE-BLG-RRLYR-06163  17.242 19.207  0.32623534 0.00000017  5000.10166  0.263  0.108 5.008  0.086 4.204
OGLE-BLG-RRLYR-06167  16.429 18.175  0.35905750 0.00000053  5000.08033  0.241  0.058 5.300  0.067 4.426
OGLE-BLG-RRLYR-06168  16.591 17.730  0.29571357 0.00000024  5000.24301  0.261  0.075 4.824  0.051 4.343
OGLE-BLG-RRLYR-06170  16.548 18.501  0.37682867 0.00000021  5000.28484  0.249  0.046 5.528  0.067 4.786
OGLE-BLG-RRLYR-06174  16.037 16.915  0.22406612 0.00000019  5000.06319  0.176  0.125 4.789  0.035 2.871
OGLE-BLG-RRLYR-06177  17.760 20.031  0.31831737 0.00000023  5000.08461  0.264  0.101 5.044  0.080 4.283
OGLE-BLG-RRLYR-06182  16.988 19.056  0.25752520 0.00000010  5000.11178  0.234  0.159 4.735  0.043 3.099
OGLE-BLG-RRLYR-06183  15.757 18.057  0.26453743 0.00000052  5000.18353  0.102  0.209 4.404  0.034 2.935
OGLE-BLG-RRLYR-06185  15.440 16.410  0.35231010 0.00000099  5000.22865  0.278  0.076 5.266  0.061 4.524
OGLE-BLG-RRLYR-06188  17.084 19.378  0.32419532 0.00000021  5000.28451  0.234  0.104 5.067  0.075 4.185
OGLE-BLG-RRLYR-06189  16.840 18.809  0.26068932 0.00000008  5000.01634  0.316  0.178 4.853  0.034 3.077
OGLE-BLG-RRLYR-06193  16.325 17.948  0.30289278 0.00000011  5000.29186  0.212  0.092 4.936  0.043 3.814
OGLE-BLG-RRLYR-06194  16.810 18.658  0.30450382 0.00000007  5000.01998  0.251  0.068 5.080  0.070 4.702
OGLE-BLG-RRLYR-06200  16.679 18.622  0.28698698 0.00000003  5000.07472  0.285  0.149 4.730  0.092 3.348
OGLE-BLG-RRLYR-06202  17.056 18.480  0.28251366 0.00000024  5000.27823  0.292  0.156 4.928  0.082 3.203
OGLE-BLG-RRLYR-06204  16.735 18.758  0.26529208 0.00000012  5000.08875  0.278  0.177 4.909  0.061 3.480
OGLE-BLG-RRLYR-06207  16.605 18.350  0.25827171 0.00000003  5000.23368  0.279  0.185 4.736  0.056 3.118
OGLE-BLG-RRLYR-06210  16.876 18.668  0.25663591 0.00000010  5000.19653  0.212  0.131 4.715  0.030 3.739
OGLE-BLG-RRLYR-06220  16.438 17.996  0.27071220 0.00000040  5000.05079  0.047  0.166 4.707  0.000   -  
OGLE-BLG-RRLYR-06226  16.655 18.410  0.26727477 0.00000002  5000.07524  0.276  0.199 4.750  0.079 2.943
OGLE-BLG-RRLYR-06230  17.583 20.308  0.29461752 0.00000022  5000.25553  0.183  0.074 4.994  0.000   -  
OGLE-BLG-RRLYR-06237  14.855 15.739  0.41066658 0.00000477  5000.34463  0.254  0.078 5.594  0.091 4.284
OGLE-BLG-RRLYR-06238  17.139 19.286  0.23357373 0.00000012  5000.15127  0.244  0.153 4.627  0.085 3.232
OGLE-BLG-RRLYR-06240  16.004 16.919  0.30689485 0.00000025  5000.10801  0.284  0.123 5.142  0.079 4.014
OGLE-BLG-RRLYR-06252  16.774 18.365  0.30491658 0.00000006  5000.26527  0.239  0.114 4.876  0.072 3.911
OGLE-BLG-RRLYR-06254  17.678 20.316  0.32006063 0.00000033  5000.00832  0.256  0.090 4.899  0.072 4.386
OGLE-BLG-RRLYR-06261  17.137    -    0.25789748 0.00000044  5000.03685  0.324  0.200 5.113  0.080 2.538
OGLE-BLG-RRLYR-06265  16.664 18.449  0.32974026 0.00000005  5000.10360  0.255  0.104 4.962  0.081 4.081
OGLE-BLG-RRLYR-06268  17.851 20.118  0.33541954 0.00000037  5000.24340  0.231  0.089 5.088  0.075 4.226
OGLE-BLG-RRLYR-06270  16.550 18.678  0.37857499 0.00000007  5000.17813  0.238  0.054 5.104  0.059 4.153
OGLE-BLG-RRLYR-06272  16.112 17.992  0.35552013 0.00000034  5000.03051  0.266  0.036 5.369  0.073 5.295
OGLE-BLG-RRLYR-06273  17.006 19.552  0.31514058 0.00000035  5000.31499  0.237  0.089 5.032  0.083 4.125
OGLE-BLG-RRLYR-06279  17.290 19.449  0.31561796 0.00000027  5000.15088  0.254  0.088 4.937  0.073 4.092
OGLE-BLG-RRLYR-06285  16.468 18.408  0.26709938 0.00000003  5000.16184  0.275  0.189 4.774  0.079 2.997
OGLE-BLG-RRLYR-06293  16.872 18.882  0.34008288 0.00000023  5000.04013  0.242  0.082 5.209  0.064 4.602
OGLE-BLG-RRLYR-06297  16.789 18.572  0.26166209 0.00000002  5000.20332  0.291  0.195 4.768  0.069 2.955
OGLE-BLG-RRLYR-06298  16.491 18.017  0.31627739 0.00000058  5000.30846  0.230  0.119 4.982  0.059 4.082
OGLE-BLG-RRLYR-06301  16.950 18.867  0.28261462 0.00000010  5000.09700  0.266  0.148 4.735  0.095 3.241
OGLE-BLG-RRLYR-06307  16.480 18.017  0.31610310 0.00000039  5000.00409  0.246  0.083 5.084  0.058 4.119
OGLE-BLG-RRLYR-06311  16.541 18.300  0.33949341 0.00000015  5000.28598  0.256  0.099 5.119  0.076 4.296
OGLE-BLG-RRLYR-06317  17.328 18.555  0.33654932 0.00000050  5000.18474  0.207  0.135 4.557  0.000   -  
OGLE-BLG-RRLYR-06318  16.538 18.218  0.26769601 0.00000011  5000.07733  0.179  0.060 4.885  0.000   -  
OGLE-BLG-RRLYR-06320  17.312 19.238  0.26311330 0.00000012  5000.13714  0.289  0.200 4.815  0.065 2.991
OGLE-BLG-RRLYR-06326  16.547 18.283  0.26834761 0.00000004  5000.12397  0.275  0.177 4.913  0.074 3.166
OGLE-BLG-RRLYR-06329  16.549 18.252  0.27112253 0.00000014  5000.18873  0.290  0.183 4.776  0.065 3.052
OGLE-BLG-RRLYR-06331  16.898 18.721  0.29312721 0.00000011  5000.17759  0.275  0.133 4.843  0.088 3.700
OGLE-BLG-RRLYR-06333  16.683 18.616  0.33280388 0.00000013  5000.24799  0.267  0.081 4.962  0.088 4.429
OGLE-BLG-RRLYR-06335  16.526 18.320  0.31467065 0.00000012  5000.26001  0.242  0.095 5.018  0.082 4.172
OGLE-BLG-RRLYR-06338  17.794 19.509  0.25756122 0.00000007  5000.00496  0.254  0.154 4.814  0.047 2.862
OGLE-BLG-RRLYR-06341  16.385 18.137  0.32839786 0.00000005  5000.31195  0.268  0.105 5.107  0.076 4.289
OGLE-BLG-RRLYR-06344  16.090 17.828  0.27979912 0.00000007  5000.07808  0.279  0.172 4.741  0.110 3.131
OGLE-BLG-RRLYR-06345  15.847 17.238  0.20143779 0.00000004  5000.11762  0.178  0.119 4.470  0.031 2.807
OGLE-BLG-RRLYR-06346  16.490 18.193  0.29111893 0.00000009  5000.26164  0.274  0.140 4.779  0.095 3.557
OGLE-BLG-RRLYR-06347  16.383 17.905  0.27992571 0.00000006  5000.22638  0.279  0.160 4.663  0.084 3.046
OGLE-BLG-RRLYR-06349  16.589 18.448  0.30870998 0.00000035  5000.12276  0.241  0.096 4.883  0.087 4.028
OGLE-BLG-RRLYR-06351  16.179 17.633  0.31648022 0.00000006  5000.13326  0.243  0.094 5.130  0.046 3.801
OGLE-BLG-RRLYR-06352  15.758 17.477  0.31626672 0.00000004  5000.24491  0.233  0.099 5.001  0.066 4.403
OGLE-BLG-RRLYR-06353  15.496 17.388  0.45071936 0.00000201  5000.09539  0.149  0.030 1.857  0.081 5.606
OGLE-BLG-RRLYR-06356  16.960 18.468  0.25295976 0.00000026  5000.09231  0.162  0.000   -    0.000   -  
OGLE-BLG-RRLYR-06359  16.740 18.537  0.28202255 0.00000010  5000.13839  0.276  0.160 4.730  0.089 3.131
OGLE-BLG-RRLYR-06360  16.841 18.711  0.26273242 0.00000012  5000.02984  0.302  0.149 4.854  0.060 3.317
OGLE-BLG-RRLYR-06364  17.449 19.177  0.37205751 0.00000088  5000.32403  0.285  0.088 5.135  0.082 4.118
OGLE-BLG-RRLYR-06374  16.786 18.590  0.27296066 0.00000011  5000.00178  0.218  0.089 4.871  0.051 4.391
OGLE-BLG-RRLYR-06378  16.225 17.796  0.31653593 0.00000014  5000.02348  0.233  0.121 5.045  0.069 4.215
OGLE-BLG-RRLYR-06380  17.020 18.899  0.25315662 0.00000008  5000.00517  0.263  0.175 4.750  0.098 3.105
OGLE-BLG-RRLYR-06383  16.208 18.028  0.31355108 0.00000005  5000.31251  0.248  0.095 4.982  0.070 4.128
OGLE-BLG-RRLYR-06384  16.494 18.562  0.31706008 0.00000023  5000.14401  0.190  0.091 5.055  0.036 3.876
OGLE-BLG-RRLYR-06387  16.188 17.969  0.27175590 0.00000015  5000.12730  0.179  0.043 2.726  0.104 4.244
OGLE-BLG-RRLYR-06391  15.982 17.269  0.36029442 0.00000158  5000.29333  0.307  0.104 5.148  0.056 4.139
OGLE-BLG-RRLYR-06394  16.313 18.279  0.40181692 0.00000022  5000.32197  0.300  0.121 5.222  0.073 4.085
OGLE-BLG-RRLYR-06398  16.281 17.879  0.31577507 0.00000006  5000.16112  0.278  0.115 5.239  0.077 4.141
OGLE-BLG-RRLYR-06399  16.358 17.853  0.26937010 0.00000014  5000.17471  0.275  0.178 4.842  0.085 2.859
OGLE-BLG-RRLYR-06401  16.967 18.772  0.27054144 0.00000014  5000.23887  0.233  0.095 4.928  0.037 4.388
OGLE-BLG-RRLYR-06402  15.532 17.889  0.40749656 0.00000012  5000.32659  0.095  0.032 3.259  0.038 4.830
OGLE-BLG-RRLYR-06405  17.282 18.877  0.25991791 0.00000008  5000.05846  0.220  0.106 4.833  0.055 4.052
OGLE-BLG-RRLYR-06407  15.968 16.829  0.29347878 0.00000099  5000.12228  0.254  0.136 4.720  0.082 3.465
OGLE-BLG-RRLYR-06416  16.579 18.047  0.27881755 0.00000003  5000.06859  0.297  0.165 4.785  0.096 3.018
OGLE-BLG-RRLYR-06418  16.255 17.664  0.30591817 0.00000005  5000.02492  0.249  0.101 4.939  0.075 4.146
OGLE-BLG-RRLYR-06420  17.127 18.728  0.31401147 0.00000007  5000.25116  0.229  0.095 4.824  0.071 4.083
OGLE-BLG-RRLYR-06421  15.814 16.742  0.29457003 0.00000056  5000.05806  0.264  0.126 4.649  0.093 3.631
OGLE-BLG-RRLYR-06422  16.924 18.791  0.25441802 0.00000018  5000.09345  0.118  0.079 4.715  0.000   -  
OGLE-BLG-RRLYR-06423  16.710 18.453  0.25987710 0.00000004  5000.15600  0.212  0.138 4.633  0.042 2.758
OGLE-BLG-RRLYR-06427  16.787 18.596  0.33376818 0.00000019  5000.01433  0.192  0.079 4.924  0.036 3.701
OGLE-BLG-RRLYR-06428  15.669 16.583  0.32686546 0.00000075  5000.20049  0.263  0.112 5.052  0.077 3.909
OGLE-BLG-RRLYR-06433  16.689 18.698  0.43192456 0.00000056  5000.05184  0.301  0.092 5.567  0.086 4.575
OGLE-BLG-RRLYR-06437  16.829 18.510  0.27735326 0.00000008  5000.22395  0.294  0.177 4.764  0.105 3.041
OGLE-BLG-RRLYR-06439  16.703 18.566  0.30499251 0.00000012  5000.28636  0.242  0.105 4.824  0.058 4.091
OGLE-BLG-RRLYR-06444  17.128 18.724  0.25322841 0.00000026  5000.06275  0.233  0.142 5.040  0.051 2.928
OGLE-BLG-RRLYR-06446  16.260 18.156  0.35820757 0.00000082  5000.17191  0.185  0.091 4.835  0.000   -  
OGLE-BLG-RRLYR-06453  16.304 17.809  0.31122629 0.00000026  5000.22037  0.253  0.050 4.391  0.085 5.645
OGLE-BLG-RRLYR-06456  16.835 18.548  0.29828814 0.00000014  5000.26444  0.248  0.112 4.841  0.080 3.768
OGLE-BLG-RRLYR-06458  16.353 17.615  0.32377424 0.00000084  5000.08210  0.260  0.120 5.104  0.059 4.282
OGLE-BLG-RRLYR-06459  16.104 17.714  0.41346347 0.00000011  5000.07708  0.235  0.035 0.978  0.083 5.049
OGLE-BLG-RRLYR-06461  16.599 18.298  0.29650605 0.00000005  5000.24588  0.252  0.103 4.917  0.069 4.218
OGLE-BLG-RRLYR-06465  17.202 19.063  0.26031964 0.00000024  5000.15644  0.268  0.150 4.711  0.026 2.543
OGLE-BLG-RRLYR-06470  15.798 16.990  0.25661463 0.00000032  5000.02435  0.173  0.089 4.205  0.000   -  
OGLE-BLG-RRLYR-06476  16.320 17.946  0.24926495 0.00000007  5000.06926  0.202  0.143 4.722  0.036 3.129
OGLE-BLG-RRLYR-06478  17.317 18.833  0.33418899 0.00000034  5000.18722  0.241  0.084 5.237  0.000   -  
OGLE-BLG-RRLYR-06484  15.387 16.345  0.27154945 0.00000015  5000.26454  0.303  0.178 4.831  0.076 3.072
OGLE-BLG-RRLYR-06486  16.529 18.280  0.26109511 0.00000011  5000.11616  0.238  0.154 4.758  0.038 3.060
OGLE-BLG-RRLYR-06487  16.021 17.452  0.35583899 0.00000021  5000.18397  0.243  0.043 5.542  0.067 5.026
OGLE-BLG-RRLYR-06488  16.738 18.631  0.38362436 0.00000019  5000.04759  0.258  0.026 4.084  0.051 4.770
OGLE-BLG-RRLYR-06495  15.675 16.606  0.39510210 0.00000361  5000.17945  0.192  0.135 0.009  0.076 3.249
OGLE-BLG-RRLYR-06496  16.365 17.736  0.27464519 0.00000002  5000.09575  0.304  0.176 4.778  0.100 3.026
OGLE-BLG-RRLYR-06497  17.110 18.755  0.28118548 0.00000005  5000.04355  0.281  0.173 4.696  0.092 3.183
OGLE-BLG-RRLYR-06500  18.279 20.528  0.29357492 0.00000024  5000.15715  0.264  0.135 4.749  0.088 3.413
OGLE-BLG-RRLYR-06501  16.713 18.676  0.32537755 0.00000017  5000.22126  0.228  0.079 5.525  0.070 4.698
OGLE-BLG-RRLYR-06505  16.278 17.671  0.30189441 0.00000036  5000.21071  0.252  0.123 4.922  0.064 3.630
OGLE-BLG-RRLYR-06512  17.185 19.539  0.26460541 0.00000013  5000.11104  0.263  0.125 4.774  0.077 3.830
OGLE-BLG-RRLYR-06515  16.806 18.573  0.25913460 0.00000017  5000.18463  0.229  0.123 4.839  0.093 3.768
OGLE-BLG-RRLYR-06517  16.591 18.306  0.30342785 0.00000018  5000.25134  0.235  0.114 4.890  0.069 4.130
OGLE-BLG-RRLYR-06522  16.474 18.514  0.35358608 0.00000030  5000.25940  0.270  0.057 5.498  0.042 4.919
OGLE-BLG-RRLYR-06539  16.825 18.576  0.24835385 0.00000005  5000.23861  0.198  0.141 4.642  0.032 3.105
OGLE-BLG-RRLYR-06540  15.488 16.510  0.29764885 0.00000078  5000.01606  0.276  0.143 5.091  0.096 3.533
OGLE-BLG-RRLYR-06542  16.398 17.384  0.34007352 0.00000122  5000.14201  0.211  0.098 5.320  0.058 3.554
OGLE-BLG-RRLYR-06549  15.636 16.684  0.36550077 0.00000085  5000.12477  0.310  0.092 5.277  0.080 4.483
OGLE-BLG-RRLYR-06551  16.988 19.290  0.36391069 0.00000014  5000.03532  0.274  0.069 5.146  0.073 4.712
OGLE-BLG-RRLYR-06554  16.877 17.710  0.26153016 0.00000085  5000.06014  0.229  0.099 4.599  0.078 4.222
OGLE-BLG-RRLYR-06555  16.828 18.719  0.30732632 0.00000021  5000.15923  0.220  0.087 4.960  0.084 4.185
OGLE-BLG-RRLYR-06556  15.890 17.734  0.45045669 0.00000094  5000.23781  0.129  0.073 1.141  0.073 5.808
OGLE-BLG-RRLYR-06562  14.750 15.627  0.30378629 0.00000050  5000.20362  0.228  0.147 4.960  0.046 2.625
OGLE-BLG-RRLYR-06565  16.807 18.610  0.34957351 0.00000061  5000.12893  0.273  0.057 5.235  0.069 4.765
OGLE-BLG-RRLYR-06566  15.706 17.003  0.44839362 0.00000085  5000.30699  0.257  0.082 3.315  0.071 5.859
OGLE-BLG-RRLYR-06569  16.195 17.650  0.28175296 0.00000089  5000.25234  0.300  0.167 4.814  0.070 3.365
OGLE-BLG-RRLYR-06571  16.689 18.629  0.29408341 0.00000005  5000.26715  0.263  0.123 4.791  0.083 3.620
OGLE-BLG-RRLYR-06574  16.198 17.794  0.33262666 0.00000059  5000.29513  0.234  0.200 5.260  0.069 4.955
OGLE-BLG-RRLYR-06575  16.686 18.761  0.30262645 0.00000017  5000.11777  0.216  0.045 4.396  0.048 5.345
OGLE-BLG-RRLYR-06576  16.654 18.693  0.34250404 0.00000011  5000.18829  0.287  0.098 5.232  0.075 4.281
OGLE-BLG-RRLYR-06584  15.827 17.206  0.30017642 0.00000006  5000.21384  0.262  0.105 4.779  0.071 3.881
OGLE-BLG-RRLYR-06587  16.318 17.962  0.37232452 0.00000014  5000.11891  0.210  0.034 0.797  0.065 5.726
OGLE-BLG-RRLYR-06588  16.197 18.230  0.43544751 0.00000135  5000.03449  0.246  0.043 2.016  0.065 5.623
OGLE-BLG-RRLYR-06589  16.397 18.151  0.32800376 0.00000012  5000.08327  0.270  0.108 4.924  0.074 4.156
OGLE-BLG-RRLYR-06590  16.966 18.955  0.33660853 0.00000016  5000.07020  0.269  0.108 5.089  0.075 4.283
OGLE-BLG-RRLYR-06591  15.692 16.911  0.25785689 0.00000058  5000.12150  0.168  0.134 4.373  0.040 3.646
OGLE-BLG-RRLYR-06595  16.685 18.566  0.31974076 0.00000020  5000.13783  0.240  0.073 4.745  0.070 4.402
OGLE-BLG-RRLYR-06596  16.221 18.080  0.29223385 0.00000006  5000.07539  0.265  0.138 4.756  0.091 3.531
OGLE-BLG-RRLYR-06597  17.001 18.922  0.32494212 0.00000014  5000.22442  0.260  0.095 5.020  0.076 4.523
OGLE-BLG-RRLYR-06601  16.606 18.164  0.30276809 0.00000012  5000.24022  0.247  0.111 4.828  0.070 3.939
OGLE-BLG-RRLYR-06604  17.112 19.187  0.26042096 0.00000004  5000.18278  0.224  0.135 4.784  0.037 3.291
OGLE-BLG-RRLYR-06608  16.136 17.933  0.30187720 0.00000009  5000.00053  0.256  0.116 4.875  0.082 3.825
OGLE-BLG-RRLYR-06609  16.772 18.505  0.25720596 0.00000007  5000.22861  0.209  0.132 4.756  0.034 3.203
OGLE-BLG-RRLYR-06610  16.999 18.746  0.31623334 0.00000006  5000.14263  0.242  0.101 4.910  0.072 4.075
OGLE-BLG-RRLYR-06617  16.489 18.057  0.32633214 0.00000005  5000.22565  0.267  0.111 5.021  0.080 4.194
OGLE-BLG-RRLYR-06618  16.914 19.256  0.30117373 0.00000007  5000.07746  0.175  0.065 5.001  0.019 3.640
OGLE-BLG-RRLYR-06625  16.071 18.067  0.25709809 0.00000016  5000.03946  0.128  0.160 4.549  0.026 3.195
OGLE-BLG-RRLYR-06627  16.620 18.073  0.29820421 0.00000028  5000.04138  0.231  0.052 4.551  0.060 5.349
OGLE-BLG-RRLYR-06637  15.547 16.573  0.29090099 0.00000021  5000.14903  0.267  0.138 4.844  0.092 3.506
OGLE-BLG-RRLYR-06645  15.822 16.632  0.29084528 0.00000018  5000.10251  0.279  0.131 4.672  0.072 3.426
OGLE-BLG-RRLYR-06647  16.751 19.020  0.31113293 0.00000019  5000.18983  0.243  0.109 4.963  0.073 4.090
OGLE-BLG-RRLYR-06653  16.590 18.610  0.34233942 0.00000016  5000.22582  0.282  0.040 4.519  0.065 4.795
OGLE-BLG-RRLYR-06657  16.385 18.331  0.43203906 0.00000027  5000.08675  0.270  0.047 2.337  0.104 5.512
OGLE-BLG-RRLYR-06659  16.631 18.832  0.28983832 0.00000005  5000.10911  0.233  0.066 4.865  0.057 4.888
OGLE-BLG-RRLYR-06660  16.715 18.572  0.32452684 0.00000019  5000.30712  0.227  0.118 5.153  0.051 3.818
OGLE-BLG-RRLYR-06663  16.063 17.102  0.27233130 0.00000029  5000.24281  0.301  0.175 4.886  0.076 3.265
OGLE-BLG-RRLYR-06667  17.301 19.027  0.25482724 0.00000015  5000.18757  0.199  0.093 5.230  0.066 4.964
OGLE-BLG-RRLYR-06670  16.382 18.262  0.41489655 0.00000032  5000.37356  0.234  0.022 0.779  0.064 5.101
OGLE-BLG-RRLYR-06672  17.120 19.492  0.25473298 0.00000024  5000.17410  0.097  0.107 4.415  0.050 3.555
OGLE-BLG-RRLYR-06673  16.643 18.494  0.41617370 0.00000208  5000.11282  0.232  0.070 0.440  0.000   -  
OGLE-BLG-RRLYR-06677  16.149 17.635  0.42491428 0.00000048  5000.14007  0.221  0.022 2.013  0.081 5.064
OGLE-BLG-RRLYR-06679  16.022 17.196  0.29417741 0.00000098  5000.03647  0.292  0.145 4.739  0.090 3.346
OGLE-BLG-RRLYR-06682  16.330 18.166  0.31607371 0.00000011  5000.13072  0.228  0.100 4.816  0.073 4.084
OGLE-BLG-RRLYR-06689  16.596 18.409  0.31229583 0.00000012  5000.10796  0.286  0.111 5.123  0.083 4.030
OGLE-BLG-RRLYR-06693  16.294 17.913  0.29236049 0.00000017  5000.02867  0.294  0.154 4.954  0.096 3.637
OGLE-BLG-RRLYR-06695  16.152 17.598  0.35152919 0.00000039  5000.33046  0.272  0.068 5.056  0.073 4.873
OGLE-BLG-RRLYR-06702  16.914 18.372  0.28491067 0.00000007  5000.14104  0.242  0.096 4.852  0.076 3.869
OGLE-BLG-RRLYR-06705  16.314 17.872  0.28064460 0.00000003  5000.17438  0.232  0.130 4.902  0.074 3.351
OGLE-BLG-RRLYR-06714  16.684 18.414  0.27057783 0.00000009  5000.20586  0.298  0.177 4.866  0.065 3.118
OGLE-BLG-RRLYR-06716  15.651 16.782  0.36282363 0.00000071  5000.35241  0.287  0.078 4.988  0.087 4.258
OGLE-BLG-RRLYR-06720  16.874 18.297  0.24409487 0.00000032  5000.02345  0.172  0.097 5.052  0.000   -  
OGLE-BLG-RRLYR-06731  16.770 18.386  0.29615483 0.00000014  5000.19653  0.186  0.089 5.060  0.032 3.962
OGLE-BLG-RRLYR-06737  16.319 17.244  0.30351391 0.00000061  5000.06584  0.249  0.098 5.172  0.062 4.290
OGLE-BLG-RRLYR-06738  17.116 19.036  0.27259486 0.00000010  5000.01678  0.301  0.177 4.865  0.071 3.125
OGLE-BLG-RRLYR-06740  15.530 17.667  0.28427865 0.00000009  5000.12456  0.118  0.162 4.638  0.097 3.308
OGLE-BLG-RRLYR-06744  16.796 19.057  0.32082563 0.00000013  5000.17483  0.261  0.083 5.272  0.064 4.294
OGLE-BLG-RRLYR-06746  16.828 18.776  0.28781869 0.00000007  5000.06017  0.296  0.159 4.781  0.105 3.367
OGLE-BLG-RRLYR-06749  16.342 17.978  0.43626414 0.00000030  5000.29466  0.189  0.044 3.264  0.033 5.395
OGLE-BLG-RRLYR-06752  15.940 17.109  0.32880512 0.00000128  5000.27280  0.328  0.128 4.586  0.000   -  
OGLE-BLG-RRLYR-06753  15.784 17.134  0.38831320 0.00000005  5000.15637  0.346  0.053 3.716  0.069 5.041
OGLE-BLG-RRLYR-06754  17.319 19.010  0.35308249 0.00000023  5000.26420  0.274  0.099 5.117  0.057 4.109
OGLE-BLG-RRLYR-06755  16.541 18.212  0.27343940 0.00000004  5000.03436  0.285  0.172 4.937  0.074 3.235
OGLE-BLG-RRLYR-06762  16.189 17.637  0.26841926 0.00000003  5000.23491  0.293  0.195 4.773  0.066 3.015
OGLE-BLG-RRLYR-06768  16.089 16.910  0.31416957 0.00000097  5000.31044  0.260  0.141 4.757  0.080 3.973
OGLE-BLG-RRLYR-06770  16.373 18.026  0.32832482 0.00000013  5000.18168  0.258  0.112 5.056  0.080 4.241
OGLE-BLG-RRLYR-06771  16.171 17.476  0.26315228 0.00000070  5000.20128  0.259  0.142 4.956  0.096 3.867
OGLE-BLG-RRLYR-06773  16.288 17.897  0.40179653 0.00000028  5000.08859  0.278  0.067 5.574  0.073 4.809
OGLE-BLG-RRLYR-06776  15.924 16.893  0.36429126 0.00000072  5000.13791  0.279  0.063 5.174  0.034 4.734
OGLE-BLG-RRLYR-06778  16.889 18.659  0.26220440 0.00000004  5000.06953  0.274  0.200 4.753  0.068 2.909
OGLE-BLG-RRLYR-06780  16.176 18.016  0.40634223 0.00000049  5000.32526  0.229  0.038 0.583  0.055 5.004
OGLE-BLG-RRLYR-06783  15.426 17.848  0.27192489 0.00000012  5000.01936  0.068  0.171 4.799  0.079 3.154
OGLE-BLG-RRLYR-06789  16.777 18.358  0.24593422 0.00000015  5000.16401  0.148  0.100 4.766  0.000   -  
OGLE-BLG-RRLYR-06791  16.502 18.199  0.31127754 0.00000010  5000.12736  0.164  0.123 5.000  0.023 3.504
OGLE-BLG-RRLYR-06793  16.644 18.204  0.27102411 0.00000025  5000.06563  0.265  0.104 4.711  0.077 2.625
OGLE-BLG-RRLYR-06796  16.446 18.114  0.33183670 0.00000006  5000.00564  0.260  0.096 5.098  0.070 4.104
OGLE-BLG-RRLYR-06797  16.234 17.563  0.26832960 0.00000006  5000.13141  0.280  0.184 4.797  0.074 2.992
OGLE-BLG-RRLYR-06798  17.313 19.881  0.32886724 0.00000057  5000.22925  0.127  0.000   -    0.000   -  
OGLE-BLG-RRLYR-06801  16.419 18.131  0.29606945 0.00000011  5000.14912  0.234  0.092 4.926  0.073 4.214
OGLE-BLG-RRLYR-06802  16.143 17.676  0.31829892 0.00000005  5000.01867  0.223  0.094 5.019  0.071 4.182
OGLE-BLG-RRLYR-06803  16.396 17.767  0.26560229 0.00000004  5000.18886  0.317  0.169 4.832  0.077 2.987
OGLE-BLG-RRLYR-06806  16.604 18.468  0.31001448 0.00000023  5000.25533  0.272  0.111 4.939  0.082 3.973
OGLE-BLG-RRLYR-06807  16.805 18.700  0.22588274 0.00000005  5000.17788  0.224  0.146 4.707  0.061 2.989
OGLE-BLG-RRLYR-06813  16.280 17.992  0.30283435 0.00000014  5000.26528  0.268  0.110 5.061  0.073 3.946
OGLE-BLG-RRLYR-06815  16.176 17.622  0.33243343 0.00000033  5000.10154  0.261  0.102 5.300  0.088 4.211
OGLE-BLG-RRLYR-06817  16.216 17.683  0.28705156 0.00000004  5000.00439  0.278  0.153 4.773  0.090 3.420
OGLE-BLG-RRLYR-06823  16.355 17.676  0.28569143 0.00000003  5000.21465  0.302  0.115 4.831  0.079 3.711
OGLE-BLG-RRLYR-06824  16.456 18.104  0.31922853 0.00000012  5000.29650  0.247  0.095 4.982  0.070 4.135
OGLE-BLG-RRLYR-06830  16.935 18.936  0.32532366 0.00000017  5000.20295  0.256  0.106 4.874  0.061 3.968
OGLE-BLG-RRLYR-06836  15.941 17.753  0.34482409 0.00000010  5000.12682  0.256  0.057 5.216  0.074 4.879
OGLE-BLG-RRLYR-06843  16.623 18.428  0.30889472 0.00000010  5000.15410  0.255  0.101 4.944  0.053 3.859
OGLE-BLG-RRLYR-06844  16.060 17.621  0.31294639 0.00000006  5000.20389  0.262  0.135 5.083  0.077 3.928
OGLE-BLG-RRLYR-06846  16.841 18.933  0.32116958 0.00000053  5000.30400  0.274  0.109 4.970  0.071 4.022
OGLE-BLG-RRLYR-06849  16.777 18.659  0.34115730 0.00000038  5000.09547  0.285  0.078 5.590  0.119 4.695
OGLE-BLG-RRLYR-06858  17.083 18.539  0.36277186 0.00000024  5000.03548  0.282  0.080 5.725  0.089 4.279
OGLE-BLG-RRLYR-06861  16.921 18.624  0.28913377 0.00000004  5000.14589  0.280  0.142 4.709  0.093 3.451
OGLE-BLG-RRLYR-06862  16.936 18.341  0.30842279 0.00000006  5000.16885  0.272  0.101 4.955  0.065 4.295
OGLE-BLG-RRLYR-06867  16.128 17.620  0.27238932 0.00000003  5000.09593  0.298  0.168 4.797  0.097 2.999
OGLE-BLG-RRLYR-06871  16.993 18.757  0.25209016 0.00000034  5000.12581  0.128  0.102 4.212  0.000   -  
OGLE-BLG-RRLYR-06872  16.405 17.965  0.33690877 0.00000021  5000.01581  0.263  0.069 4.993  0.093 4.922
OGLE-BLG-RRLYR-06874  16.974 18.768  0.26189423 0.00000011  5000.24479  0.235  0.112 4.747  0.084 4.057
OGLE-BLG-RRLYR-06878  16.248 17.550  0.31812457 0.00000059  5000.30479  0.237  0.111 5.095  0.096 4.238
OGLE-BLG-RRLYR-06885  16.307 17.727  0.28524508 0.00000003  5000.12731  0.287  0.143 4.779  0.094 3.440
OGLE-BLG-RRLYR-06891  16.563 18.316  0.31527007 0.00000010  5000.02865  0.282  0.119 4.975  0.073 3.979
OGLE-BLG-RRLYR-06895  16.209 17.842  0.25267270 0.00000005  5000.08757  0.209  0.139 4.689  0.032 3.234
OGLE-BLG-RRLYR-06898  16.332 17.928  0.32547512 0.00000023  5000.27625  0.243  0.099 4.991  0.086 4.186
OGLE-BLG-RRLYR-06900  15.766 17.243  0.32180183 0.00000015  5000.13623  0.275  0.108 4.939  0.075 4.023
OGLE-BLG-RRLYR-06903  16.267 17.708  0.29579119 0.00000026  5000.17128  0.216  0.118 4.738  0.081 4.218
OGLE-BLG-RRLYR-06904  16.403 17.997  0.27497200 0.00000024  5000.13707  0.088  0.105 4.613  0.000   -  
OGLE-BLG-RRLYR-06905  16.642 18.180  0.25839039 0.00000003  5000.05219  0.252  0.173 4.751  0.052 2.925
OGLE-BLG-RRLYR-06908  16.097 17.188  0.38031418 0.00000136  5000.37214  0.269  0.087 5.359  0.105 4.094
OGLE-BLG-RRLYR-06912  17.321 20.226  0.20837085 0.00000009  5000.16606  0.192  0.157 4.510  0.047 3.324
OGLE-BLG-RRLYR-06913  15.714 17.332  0.30010996 0.00000009  5000.04313  0.247  0.131 4.850  0.084 3.763
OGLE-BLG-RRLYR-06917  15.915 17.651  0.37025856 0.00000017  5000.18166  0.269  0.049 5.623  0.073 4.826
OGLE-BLG-RRLYR-06919  16.821 18.360  0.25110792 0.00000011  5000.20056  0.193  0.123 4.573  0.024 3.147
OGLE-BLG-RRLYR-06920  16.308 17.668  0.31817098 0.00000010  5000.03076  0.252  0.104 4.983  0.067 4.198
OGLE-BLG-RRLYR-06922  16.418 18.006  0.30877775 0.00000005  5000.16448  0.242  0.093 4.798  0.081 4.056
OGLE-BLG-RRLYR-06924  16.791 18.782  0.31630856 0.00000013  5000.15052  0.232  0.086 4.980  0.071 4.122
OGLE-BLG-RRLYR-06925  16.092 17.488  0.32046625 0.00000043  5000.06595  0.129  0.066 4.730  0.056 4.741
OGLE-BLG-RRLYR-06929  16.671 18.244  0.26202956 0.00000004  5000.23596  0.264  0.180 4.716  0.078 2.890
OGLE-BLG-RRLYR-06934  16.523 18.420  0.41137677 0.00000024  5000.09176  0.249  0.031 3.212  0.039 5.438
OGLE-BLG-RRLYR-06937  17.102 18.851  0.41346464 0.00000031  5000.30082  0.219  0.000   -    0.051 4.772
OGLE-BLG-RRLYR-06941  15.981 17.495  0.33014075 0.00000009  5000.05443  0.255  0.097 5.233  0.069 4.463
OGLE-BLG-RRLYR-06943  16.538 18.312  0.32633862 0.00000007  5000.26889  0.263  0.102 4.978  0.067 4.178
OGLE-BLG-RRLYR-06946  16.711 18.226  0.33318371 0.00000014  5000.23772  0.238  0.099 5.168  0.056 4.278
OGLE-BLG-RRLYR-06947  16.757 17.908  0.20938126 0.00000022  5000.18393  0.194  0.140 4.522  0.067 3.480
OGLE-BLG-RRLYR-06950  16.085 17.615  0.37502862 0.00000023  5000.34091  0.236  0.050 5.867  0.057 4.917
OGLE-BLG-RRLYR-06963  15.827 17.182  0.37008699 0.00000048  5000.26893  0.241  0.000   -    0.026 5.106
OGLE-BLG-RRLYR-06970  15.150 16.757  0.42989282 0.00000018  5000.07183  0.259  0.041 3.133  0.062 5.400
OGLE-BLG-RRLYR-06979  16.631 18.358  0.32176640 0.00000016  5000.04891  0.240  0.096 4.929  0.065 4.181
OGLE-BLG-RRLYR-06986  16.652 18.086  0.35375192 0.00000053  5000.16318  0.140  0.053 0.091  0.059 0.684
OGLE-BLG-RRLYR-06988  16.496 17.893  0.26235377 0.00000005  5000.21548  0.273  0.159 4.919  0.052 3.267
OGLE-BLG-RRLYR-06994  15.920 17.524  0.38407969 0.00000031  5000.16538  0.206  0.041 5.807  0.038 4.718
OGLE-BLG-RRLYR-06995  16.680 18.080  0.26611153 0.00000027  5000.08782  0.121  0.171 3.898  0.068 2.384
OGLE-BLG-RRLYR-06999  16.076 17.387  0.27913128 0.00000002  5000.25696  0.295  0.140 4.880  0.090 3.517
OGLE-BLG-RRLYR-07000  16.035 18.363  0.28168044 0.00000058  5000.24448  0.142  0.120 4.836  0.033 3.385
OGLE-BLG-RRLYR-07002  17.848 20.429  0.28419308 0.00000054  5000.24664  0.222  0.041 1.501  0.000   -  
OGLE-BLG-RRLYR-07012  17.533 20.155  0.27511531 0.00000013  5000.19512  0.272  0.169 4.856  0.097 3.300
OGLE-BLG-RRLYR-07017  16.159 17.697  0.29725562 0.00000004  5000.28922  0.276  0.138 4.847  0.090 3.742
OGLE-BLG-RRLYR-07018  17.109 18.782  0.33784182 0.00000009  5000.01028  0.189  0.122 4.860  0.039 3.198
OGLE-BLG-RRLYR-07023  14.684 15.627  0.31847012 0.00000032  5000.09901  0.265  0.095 4.980  0.086 4.240
OGLE-BLG-RRLYR-07027  16.567 18.015  0.30649959 0.00000006  5000.10906  0.245  0.108 4.814  0.075 4.050
OGLE-BLG-RRLYR-07028  18.181 19.975  0.24416173 0.00000033  5000.20036  0.075  0.000   -    0.000   -  
OGLE-BLG-RRLYR-07032  16.903 18.501  0.29565588 0.00000012  5000.28340  0.278  0.127 4.750  0.100 3.851
OGLE-BLG-RRLYR-07033  16.290 17.781  0.31443879 0.00000020  5000.16713  0.230  0.113 5.033  0.078 4.085
OGLE-BLG-RRLYR-07034  16.639 18.535  0.32661838 0.00000020  5000.26727  0.240  0.075 4.914  0.061 4.288
OGLE-BLG-RRLYR-07035  16.695 18.736  0.32392979 0.00000016  5000.13497  0.230  0.100 4.848  0.067 4.277
OGLE-BLG-RRLYR-07039  15.849 16.837  0.31798063 0.00000042  5000.23297  0.271  0.086 4.869  0.070 4.055
OGLE-BLG-RRLYR-07040  16.492 18.075  0.31346022 0.00000018  5000.21244  0.236  0.105 4.920  0.071 4.193
OGLE-BLG-RRLYR-07042  16.278 17.788  0.26606436 0.00000004  5000.00297  0.194  0.123 4.700  0.030 3.040
OGLE-BLG-RRLYR-07044  16.547 17.957  0.25687720 0.00000008  5000.21693  0.225  0.146 4.757  0.046 2.907
OGLE-BLG-RRLYR-07046  16.502 17.938  0.31306324 0.00000008  5000.25713  0.230  0.105 4.819  0.062 4.096
OGLE-BLG-RRLYR-07047  16.055 17.645  0.30496375 0.00000009  5000.26778  0.271  0.113 4.835  0.058 3.944
OGLE-BLG-RRLYR-07052  16.690 18.203  0.26415992 0.00000007  5000.00469  0.305  0.191 4.789  0.067 2.951
OGLE-BLG-RRLYR-07053  18.126 21.111  0.25185641 0.00000024  5000.03155  0.217  0.136 4.733  0.000   -  
OGLE-BLG-RRLYR-07054  16.652 18.666  0.35226880 0.00000019  5000.23136  0.237  0.103 5.338  0.047 4.208
OGLE-BLG-RRLYR-07055  16.905 18.810  0.26311418 0.00000014  5000.19295  0.183  0.097 4.545  0.028 2.908
OGLE-BLG-RRLYR-07061  15.949 16.960  0.33873338 0.00000138  5000.14488  0.276  0.191 5.091  0.054 2.745
OGLE-BLG-RRLYR-07062  15.800 16.962  0.32170678 0.00000083  5000.24582  0.289  0.103 4.944  0.055 3.974
OGLE-BLG-RRLYR-07065  17.599 19.955  0.25889560 0.00000015  5000.17969  0.260  0.154 4.791  0.060 3.012
OGLE-BLG-RRLYR-07066  17.270 19.725  0.29332917 0.00000017  5000.19478  0.275  0.128 4.940  0.073 3.623
OGLE-BLG-RRLYR-07067  15.517 16.444  0.28890626 0.00000075  5000.17212  0.291  0.158 4.849  0.086 3.330
OGLE-BLG-RRLYR-07072  15.536 16.604  0.29866075 0.00000080  5000.01757  0.190  0.185 5.004  0.078 4.298
OGLE-BLG-RRLYR-07075  17.025 18.529  0.32692477 0.00000020  5000.24823  0.258  0.126 5.162  0.082 4.577
OGLE-BLG-RRLYR-07076  16.883 18.921  0.29637981 0.00000004  5000.06414  0.247  0.134 4.840  0.084 3.608
OGLE-BLG-RRLYR-07084  16.680 18.023  0.27190253 0.00000007  5000.05799  0.295  0.189 4.827  0.088 2.924
OGLE-BLG-RRLYR-07085  16.375 17.321  0.29191709 0.00000077  5000.10954  0.239  0.095 4.889  0.108 3.885
OGLE-BLG-RRLYR-07088  17.458 19.154  0.32661923 0.00000037  5000.31685  0.235  0.096 5.055  0.069 4.335
OGLE-BLG-RRLYR-07091  16.795 18.766  0.27902829 0.00000016  5000.02496  0.269  0.164 4.773  0.103 3.132
OGLE-BLG-RRLYR-07094  16.863 18.744  0.26796714 0.00000006  5000.03879  0.220  0.092 4.744  0.068 4.108
OGLE-BLG-RRLYR-07095  16.021 17.308  0.32644009 0.00000075  5000.12572  0.268  0.108 4.791  0.086 4.085
OGLE-BLG-RRLYR-07096  16.422 18.784  0.31879345 0.00000023  5000.19072  0.249  0.078 4.658  0.059 4.495
OGLE-BLG-RRLYR-07098  16.560 17.964  0.26103159 0.00000006  5000.24710  0.294  0.175 4.835  0.046 3.224
OGLE-BLG-RRLYR-07099  16.147 17.850  0.34083434 0.00000014  5000.18353  0.248  0.098 5.209  0.079 3.975
OGLE-BLG-RRLYR-07101  16.937 18.490  0.37277212 0.00000054  5000.14351  0.276  0.075 5.294  0.082 4.588
OGLE-BLG-RRLYR-07103  16.056 17.375  0.30453274 0.00000005  5000.25646  0.246  0.117 4.768  0.074 3.913
OGLE-BLG-RRLYR-07112  16.268 17.679  0.37000529 0.00000618  5000.12610  0.272  0.070 5.715  0.000   -  
OGLE-BLG-RRLYR-07114  16.276 17.135  0.30505445 0.00000136  5000.21503  0.231  0.120 5.507  0.035 3.642
OGLE-BLG-RRLYR-07115  16.232 17.606  0.37109629 0.00000033  5000.06613  0.264  0.060 5.610  0.087 4.657
OGLE-BLG-RRLYR-07116  16.549 17.961  0.35200679 0.00000024  5000.25673  0.261  0.073 5.310  0.086 4.570
OGLE-BLG-RRLYR-07117  16.491 17.840  0.27478200 0.00000033  5000.16724  0.177  0.087 4.431  0.022 3.905
OGLE-BLG-RRLYR-07118  16.373 18.082  0.31577696 0.00000004  5000.28660  0.236  0.106 4.867  0.073 4.121
OGLE-BLG-RRLYR-07122  16.075 17.412  0.36781003 0.00000162  5000.02912  0.276  0.000   -    0.088 4.208
OGLE-BLG-RRLYR-07127  17.700 19.788  0.37792234 0.00000025  5000.25774  0.202  0.067 6.268  0.076 4.436
OGLE-BLG-RRLYR-07133  15.675 16.877  0.25760226 0.00000010  5000.22522  0.152  0.068 4.538  0.000   -  
OGLE-BLG-RRLYR-07135  16.104 18.275  0.35977919 0.00000007  5000.25534  0.213  0.041 5.242  0.074 4.708
OGLE-BLG-RRLYR-07137  16.599 17.998  0.28820524 0.00000006  5000.17960  0.236  0.118 4.900  0.071 3.495
OGLE-BLG-RRLYR-07149  17.036 19.223  0.33165251 0.00000012  5000.28263  0.261  0.080 5.118  0.068 4.512
OGLE-BLG-RRLYR-07150  16.837 18.369  0.26562058 0.00000008  5000.20695  0.286  0.203 4.743  0.075 2.843
OGLE-BLG-RRLYR-07151  16.259 17.729  0.27154057 0.00000002  5000.16452  0.302  0.157 4.844  0.077 3.224
OGLE-BLG-RRLYR-07153  15.334 16.223  0.37160825 0.00000099  5000.06512  0.158  0.047 5.285  0.066 5.642
OGLE-BLG-RRLYR-07154  15.974 17.532  0.34164577 0.00000015  5000.18188  0.235  0.055 4.724  0.062 4.655
OGLE-BLG-RRLYR-07155  16.470 18.019  0.40526910 0.00000081  5000.28517  0.221  0.037 0.403  0.028 0.234
OGLE-BLG-RRLYR-07163  16.101 17.588  0.31555004 0.00000005  5000.28149  0.240  0.094 4.867  0.060 4.174
OGLE-BLG-RRLYR-07169  15.571 16.923  0.22563290 0.00000002  5000.02802  0.232  0.141 4.729  0.059 3.184
OGLE-BLG-RRLYR-07172  17.445 19.536  0.27561156 0.00000046  5000.19785  0.289  0.139 4.740  0.079 2.893
OGLE-BLG-RRLYR-07173  16.308 17.732  0.26349506 0.00000026  5000.08298  0.182  0.128 4.953  0.052 3.714
OGLE-BLG-RRLYR-07184  16.170 17.299  0.24337510 0.00000021  5000.10755  0.247  0.129 4.595  0.089 3.464
OGLE-BLG-RRLYR-07186  16.352 17.832  0.26788108 0.00000005  5000.14573  0.254  0.182 4.865  0.067 3.040
OGLE-BLG-RRLYR-07187  16.689 18.467  0.31469520 0.00000014  5000.28948  0.233  0.090 4.896  0.067 4.074
OGLE-BLG-RRLYR-07188  16.930 19.130  0.31002010 0.00000013  5000.16893  0.255  0.098 4.948  0.069 4.290
OGLE-BLG-RRLYR-07189  16.562 18.262  0.31411134 0.00000013  5000.09734  0.237  0.105 4.908  0.076 3.977
OGLE-BLG-RRLYR-07190  16.861 19.081  0.32942094 0.00000018  5000.21887  0.276  0.089 5.269  0.083 4.449
OGLE-BLG-RRLYR-07192  15.485 16.890  0.38911345 0.00000088  5000.24885  0.260  0.052 6.027  0.071 5.233
OGLE-BLG-RRLYR-07196  15.813 17.190  0.32328055 0.00000016  5000.00923  0.162  0.074 4.700  0.079 4.170
OGLE-BLG-RRLYR-07199  15.714 16.470  0.40849181 0.00000075  5000.06505  0.269  0.038 5.145  0.046 5.009
OGLE-BLG-RRLYR-07209  16.116 17.571  0.26490911 0.00000002  5000.26311  0.292  0.191 4.758  0.076 2.923
OGLE-BLG-RRLYR-07210  15.535 16.587  0.29658977 0.00000045  5000.24004  0.229  0.128 4.776  0.054 3.920
OGLE-BLG-RRLYR-07213  16.493 18.186  0.27489960 0.00000005  5000.12744  0.300  0.173 4.758  0.098 3.004
OGLE-BLG-RRLYR-07222  16.224 17.836  0.37263610 0.00000040  5000.11378  0.271  0.066 5.544  0.061 4.594
OGLE-BLG-RRLYR-07228  16.335 17.819  0.25677069 0.00000002  5000.19088  0.248  0.128 4.860  0.072 3.807
OGLE-BLG-RRLYR-07231  16.111 17.703  0.37185339 0.00000027  5000.08190  0.301  0.060 5.283  0.069 4.877
OGLE-BLG-RRLYR-07232  16.367 17.983  0.30927232 0.00000004  5000.19798  0.267  0.097 4.970  0.077 4.161
OGLE-BLG-RRLYR-07240  16.207 17.594  0.24735597 0.00000003  5000.24390  0.182  0.098 4.761  0.023 3.304
OGLE-BLG-RRLYR-07243  16.616 18.183  0.28892934 0.00000026  5000.04561  0.296  0.174 4.881  0.121 3.639
OGLE-BLG-RRLYR-07245  16.116 17.533  0.25948887 0.00000028  5000.22730  0.279  0.143 4.682  0.028 3.573
OGLE-BLG-RRLYR-07246  16.923 19.203  0.33657373 0.00000016  5000.19572  0.291  0.068 5.036  0.082 4.724
OGLE-BLG-RRLYR-07250  16.856 18.864  0.31758249 0.00000020  5000.07322  0.245  0.083 5.105  0.077 4.280
OGLE-BLG-RRLYR-07254  16.035 17.575  0.36207514 0.00000023  5000.27804  0.283  0.027 4.958  0.056 5.076
OGLE-BLG-RRLYR-07256  16.976 18.575  0.25100723 0.00000004  5000.13608  0.205  0.114 4.682  0.076 3.924
OGLE-BLG-RRLYR-07258  15.996 17.008  0.28481741 0.00000035  5000.12327  0.236  0.108 4.713  0.074 4.310
OGLE-BLG-RRLYR-07262  15.823 16.754  0.31602464 0.00000076  5000.01353  0.241  0.115 4.964  0.073 4.259
OGLE-BLG-RRLYR-07264  16.372 17.860  0.31565412 0.00000013  5000.27466  0.277  0.108 4.971  0.075 4.242
OGLE-BLG-RRLYR-07265  16.361 18.743  0.28097494 0.00000004  5000.03880  0.237  0.137 4.702  0.090 3.308
OGLE-BLG-RRLYR-07266  15.407 16.291  0.42326332 0.00000268  5000.29424  0.243  0.088 0.303  0.119 5.179
OGLE-BLG-RRLYR-07267  16.394 18.000  0.31434128 0.00000012  5000.11594  0.269  0.126 5.180  0.092 4.007
OGLE-BLG-RRLYR-07268  16.475 18.180  0.43527424 0.00000099  5000.04320  0.210  0.032 0.838  0.088 5.732
OGLE-BLG-RRLYR-07270  16.067 17.338  0.31107706 0.00000012  5000.13194  0.238  0.103 4.947  0.061 4.011
OGLE-BLG-RRLYR-07272  16.594 18.083  0.25460042 0.00000009  5000.22436  0.231  0.156 4.753  0.035 3.313
OGLE-BLG-RRLYR-07280  15.931 16.949  0.34308320 0.00000069  5000.08487  0.326  0.046 4.113  0.080 4.987
OGLE-BLG-RRLYR-07281  16.551 18.101  0.27938427 0.00000008  5000.01790  0.290  0.168 4.740  0.109 3.133
OGLE-BLG-RRLYR-07288  15.691 16.706  0.37530448 0.00000043  5000.05533  0.257  0.045 5.861  0.072 5.060
OGLE-BLG-RRLYR-07291  15.016 17.415  0.27497804 0.00000012  5000.20640  0.032  0.178 4.672  0.094 2.937
OGLE-BLG-RRLYR-07292  16.303 17.741  0.32492746 0.00000006  5000.10811  0.276  0.104 4.984  0.079 4.062
OGLE-BLG-RRLYR-07293  16.387 17.892  0.37119049 0.00000041  5000.07674  0.225  0.088 5.863  0.078 4.643
OGLE-BLG-RRLYR-07303  16.479 18.372  0.32196292 0.00000010  5000.02948  0.250  0.107 4.863  0.068 4.057
OGLE-BLG-RRLYR-07307  16.424 18.039  0.39166697 0.00000183  5000.31329  0.240  0.122 5.663  0.108 4.604
OGLE-BLG-RRLYR-07311  16.265 17.860  0.36758704 0.00000014  5000.00900  0.257  0.024 4.264  0.052 4.668
OGLE-BLG-RRLYR-07314  16.550 18.246  0.31623108 0.00000012  5000.03442  0.247  0.096 4.948  0.072 3.936
OGLE-BLG-RRLYR-07320  17.074 19.133  0.32203762 0.00000006  5000.09102  0.225  0.076 4.926  0.038 3.820
OGLE-BLG-RRLYR-07324  16.931 18.882  0.42327492 0.00000190  5000.39957  0.164  0.071 5.529  0.035 3.909
OGLE-BLG-RRLYR-07327  15.715 16.862  0.26277497 0.00000216  5000.02740  0.170  0.208 3.972  0.081 2.856
OGLE-BLG-RRLYR-07328  16.323 18.272  0.29130548 0.00000009  5000.19709  0.240  0.128 4.825  0.079 3.805
OGLE-BLG-RRLYR-07333  16.615 18.181  0.26543782 0.00000010  5000.25754  0.213  0.141 4.720  0.029 3.222
OGLE-BLG-RRLYR-07334  15.812 17.250  0.30852087 0.00000038  5000.16854  0.255  0.132 5.065  0.065 4.228
OGLE-BLG-RRLYR-07338  16.113 17.563  0.28788590 0.00000009  5000.01719  0.201  0.094 4.977  0.044 3.829
OGLE-BLG-RRLYR-07339  18.501 21.707  0.26821822 0.00000023  5000.23500  0.278  0.172 4.876  0.100 3.334
OGLE-BLG-RRLYR-07347  16.357 17.775  0.27279058 0.00000006  5000.27255  0.299  0.183 4.732  0.092 3.028
OGLE-BLG-RRLYR-07350  16.934 18.488  0.26258142 0.00000043  5000.02810  0.187  0.077 5.491  0.000   -  
OGLE-BLG-RRLYR-07351  16.481 18.212  0.31626490 0.00000012  5000.17561  0.232  0.104 4.919  0.067 4.162
OGLE-BLG-RRLYR-07353  16.310 17.792  0.30100764 0.00000014  5000.04828  0.241  0.108 5.110  0.080 4.049
OGLE-BLG-RRLYR-07354  17.696 20.466  0.30390039 0.00000020  5000.02687  0.255  0.119 4.905  0.097 3.848
OGLE-BLG-RRLYR-07356  16.488 18.236  0.26669624 0.00000006  5000.12489  0.258  0.182 4.666  0.083 2.927
OGLE-BLG-RRLYR-07357  15.281 16.256  0.39643761 0.00000050  5000.29093  0.246  0.000   -    0.052 5.259
OGLE-BLG-RRLYR-07358  17.864 20.586  0.28948756 0.00000019  5000.23684  0.285  0.118 4.790  0.091 3.650
OGLE-BLG-RRLYR-07365  15.818 16.874  0.27091693 0.00000035  5000.21992  0.298  0.165 4.864  0.078 2.880
OGLE-BLG-RRLYR-07368  16.609 18.481  0.31902577 0.00000012  5000.14420  0.242  0.099 5.010  0.086 4.284
OGLE-BLG-RRLYR-07371  15.968 17.514  0.28722509 0.00000017  5000.04907  0.285  0.163 4.905  0.091 3.419
OGLE-BLG-RRLYR-07374  16.711 18.275  0.25595695 0.00000025  5000.23386  0.243  0.105 4.668  0.067 4.400
OGLE-BLG-RRLYR-07375  15.943 17.545  0.32464825 0.00000010  5000.07866  0.260  0.090 4.886  0.075 4.264
OGLE-BLG-RRLYR-07376  16.278 17.169  0.26514131 0.00000038  5000.26372  0.209  0.089 4.716  0.075 3.902
OGLE-BLG-RRLYR-07378  16.171 17.465  0.31895336 0.00000012  5000.01608  0.253  0.095 4.934  0.073 4.196
OGLE-BLG-RRLYR-07380  16.025 17.551  0.30624696 0.00000007  5000.27684  0.283  0.123 5.178  0.074 3.894
OGLE-BLG-RRLYR-07394  16.887 18.501  0.23358968 0.00000029  5000.07786  0.266  0.169 4.727  0.043 3.760
OGLE-BLG-RRLYR-07396  16.689 18.187  0.26682671 0.00000006  5000.13421  0.317  0.158 4.881  0.085 3.142
OGLE-BLG-RRLYR-07399  17.522 20.136  0.32066389 0.00000027  5000.22650  0.196  0.086 4.877  0.059 4.386
OGLE-BLG-RRLYR-07418  16.539 17.807  0.31310189 0.00000015  5000.29288  0.252  0.095 5.118  0.067 4.163
OGLE-BLG-RRLYR-07421  15.864 17.323  0.49418110 0.00000093  5000.02919  0.246  0.080 2.834  0.107 5.546
OGLE-BLG-RRLYR-07423  16.304 17.296  0.32889290 0.00000035  5000.04295  0.224  0.113 4.782  0.084 3.881
OGLE-BLG-RRLYR-07425  16.845 18.064  0.31520000 0.00000017  5000.22297  0.308  0.192 4.877  0.069 3.071
OGLE-BLG-RRLYR-07427  16.641 17.593  0.26112137 0.00000034  5000.23954  0.217  0.135 4.541  0.054 2.806
OGLE-BLG-RRLYR-07428  15.831 16.799  0.32687342 0.00000036  5000.05964  0.220  0.086 4.994  0.032 3.629
OGLE-BLG-RRLYR-07433  15.940 17.115  0.30346198 0.00000073  5000.24368  0.255  0.094 4.726  0.046 3.734
OGLE-BLG-RRLYR-07434  17.594 19.132  0.24240902 0.00000016  5000.15232  0.196  0.112 4.735  0.052 3.863
OGLE-BLG-RRLYR-07437  16.698 18.602  0.27539957 0.00000007  5000.15148  0.273  0.166 4.761  0.105 3.057
OGLE-BLG-RRLYR-07439  16.241 17.715  0.27489067 0.00000025  5000.14680  0.258  0.122 4.778  0.048 2.920
OGLE-BLG-RRLYR-07440  16.944 17.904  0.34277778 0.00000063  5000.20236  0.296  0.038 4.708  0.076 4.932
OGLE-BLG-RRLYR-07444  16.625 18.462  0.30717187 0.00000021  5000.27714  0.241  0.104 5.251  0.042 3.963
OGLE-BLG-RRLYR-07445  16.151 17.694  0.26250210 0.00000015  5000.19218  0.177  0.146 4.734  0.015 3.430
OGLE-BLG-RRLYR-07446  17.343 18.606  0.22198963 0.00000077  5000.19253  0.235  0.161 4.643  0.094 2.982
OGLE-BLG-RRLYR-07448  16.736 19.231  0.37015008 0.00000016  5000.25745  0.141  0.033 0.940  0.057 5.682
OGLE-BLG-RRLYR-07450  16.209 17.794  0.27498337 0.00000003  5000.11862  0.248  0.173 4.714  0.089 2.976
OGLE-BLG-RRLYR-07454  16.093 17.662  0.32236951 0.00000015  5000.16775  0.245  0.068 4.983  0.079 4.710
OGLE-BLG-RRLYR-07455  16.242 18.215  0.43503106 0.00000027  5000.04549  0.252  0.093 5.563  0.069 4.456
OGLE-BLG-RRLYR-07456  17.511 19.183  0.28798916 0.00000013  5000.07490  0.306  0.205 4.797  0.069 3.047
OGLE-BLG-RRLYR-07459  16.277 17.618  0.34735814 0.00000071  5000.27271  0.300  0.044 5.238  0.069 5.456
OGLE-BLG-RRLYR-07466  15.692 16.657  0.31988990 0.00000027  5000.04582  0.213  0.117 4.845  0.028 3.387
OGLE-BLG-RRLYR-07467  16.019 17.368  0.27344531 0.00000015  5000.08274  0.178  0.115 4.768  0.000   -  
OGLE-BLG-RRLYR-07469  15.949 17.295  0.31586817 0.00000011  5000.08959  0.240  0.098 4.957  0.069 4.242
OGLE-BLG-RRLYR-07470  17.487 18.717  0.32378417 0.00000132  5000.32300  0.262  0.110 5.167  0.000   -  
OGLE-BLG-RRLYR-07473  16.054 17.426  0.30340331 0.00000032  5000.02747  0.265  0.134 4.936  0.097 3.707
OGLE-BLG-RRLYR-07477  16.912 18.822  0.31644206 0.00000013  5000.23446  0.243  0.099 4.938  0.075 4.198
OGLE-BLG-RRLYR-07484  16.356 17.880  0.33895631 0.00000022  5000.03792  0.247  0.086 4.976  0.052 4.184
OGLE-BLG-RRLYR-07486  16.352 17.968  0.31702951 0.00000004  5000.13169  0.287  0.087 4.996  0.081 4.403
OGLE-BLG-RRLYR-07487  16.255 17.758  0.31804827 0.00000014  5000.06938  0.241  0.091 4.947  0.073 4.190
OGLE-BLG-RRLYR-07489  16.970 18.793  0.34861835 0.00000039  5000.17957  0.252  0.057 5.318  0.074 4.483
OGLE-BLG-RRLYR-07500  16.250 17.885  0.32307615 0.00000006  5000.04447  0.250  0.097 4.957  0.065 4.184
OGLE-BLG-RRLYR-07506  15.614 16.573  0.31367372 0.00000050  5000.03287  0.234  0.090 4.945  0.077 4.315
OGLE-BLG-RRLYR-07508  16.145 17.707  0.29537539 0.00000003  5000.15248  0.266  0.124 4.783  0.079 3.543
OGLE-BLG-RRLYR-07510  16.290 17.855  0.37186864 0.00000082  5000.29362  0.239  0.060 5.315  0.000   -  
OGLE-BLG-RRLYR-07517  16.108 17.522  0.32565225 0.00000007  5000.04635  0.250  0.072 5.019  0.068 4.692
OGLE-BLG-RRLYR-07518  16.671 18.359  0.29360702 0.00000003  5000.15197  0.271  0.128 4.826  0.085 3.681
OGLE-BLG-RRLYR-07521  16.558    -    0.27931688 0.00000014  5000.11948  0.253  0.186 4.644  0.112 3.185
OGLE-BLG-RRLYR-07522  15.997 17.559  0.38029898 0.00000101  5000.04537  0.132  0.048 5.046  0.072 4.973
OGLE-BLG-RRLYR-07530  16.485 18.122  0.32562047 0.00000013  5000.12152  0.276  0.098 5.193  0.078 4.323
OGLE-BLG-RRLYR-07536  16.786 18.462  0.26758472 0.00000016  5000.12159  0.202  0.054 3.973  0.024 0.913
OGLE-BLG-RRLYR-07543  14.714 15.499  0.27775163 0.00000033  5000.09364  0.298  0.172 4.791  0.096 2.971
OGLE-BLG-RRLYR-07544  16.498 18.381  0.37827820 0.00000022  5000.16721  0.246  0.070 5.780  0.073 4.831
OGLE-BLG-RRLYR-07546  16.003 17.824  0.28154853 0.00000009  5000.01441  0.183  0.167 4.857  0.090 3.186
OGLE-BLG-RRLYR-07548  16.897 18.638  0.25744609 0.00000022  5000.22106  0.156  0.094 4.812  0.047 4.300
OGLE-BLG-RRLYR-07552  15.171 16.802  0.35715775 0.00000052  5000.18156  0.154  0.057 4.848  0.049 5.214
OGLE-BLG-RRLYR-07556  15.503 16.866  0.31412517 0.00000013  5000.00156  0.238  0.088 4.870  0.063 4.124
OGLE-BLG-RRLYR-07557  16.506 17.911  0.32225426 0.00000028  5000.07656  0.277  0.062 5.120  0.066 4.218
OGLE-BLG-RRLYR-07559  15.952 17.446  0.32052142 0.00000004  5000.24186  0.219  0.090 4.987  0.070 4.151
OGLE-BLG-RRLYR-07564  17.602 19.977  0.27633256 0.00000018  5000.02859  0.232  0.109 4.985  0.071 4.586
OGLE-BLG-RRLYR-07565  16.338 17.815  0.25974597 0.00000007  5000.08421  0.270  0.167 4.775  0.048 3.077
OGLE-BLG-RRLYR-07569  16.426 17.449  0.23918116 0.00000018  5000.07946  0.248  0.141 4.815  0.075 3.637
OGLE-BLG-RRLYR-07571  16.079 17.507  0.34871095 0.00000010  5000.12683  0.280  0.057 5.088  0.073 4.870
OGLE-BLG-RRLYR-07573  16.561 18.235  0.27696151 0.00000009  5000.14888  0.279  0.141 4.899  0.077 3.593
OGLE-BLG-RRLYR-07586  16.501 18.238  0.27952153 0.00000011  5000.10502  0.264  0.173 4.812  0.099 3.150
OGLE-BLG-RRLYR-07588  15.175 16.480  0.32165816 0.00000009  5000.19018  0.244  0.096 4.994  0.067 4.156
OGLE-BLG-RRLYR-07592  16.674 18.061  0.26726140 0.00000005  5000.23881  0.215  0.114 4.842  0.076 4.294
OGLE-BLG-RRLYR-07595  16.229 17.780  0.34731244 0.00000015  5000.12878  0.249  0.033 5.397  0.073 4.845
OGLE-BLG-RRLYR-07599  16.177 17.912  0.31312175 0.00000010  5000.02230  0.233  0.097 4.848  0.072 4.232
OGLE-BLG-RRLYR-07601  17.316 19.850  0.27906679 0.00000061  5000.01883  0.258  0.144 4.862  0.076 3.917
OGLE-BLG-RRLYR-07602  16.641 18.211  0.30329525 0.00000040  5000.10584  0.232  0.208 4.591  0.037 3.060
OGLE-BLG-RRLYR-07604  16.290 17.733  0.27132953 0.00000006  5000.02949  0.289  0.185 4.800  0.088 3.017
OGLE-BLG-RRLYR-07607  16.639 18.201  0.27217581 0.00000050  5000.16495  0.188  0.159 4.445  0.037 6.001
OGLE-BLG-RRLYR-07608  16.447 18.015  0.31669929 0.00000014  5000.08162  0.272  0.096 5.120  0.080 4.164
OGLE-BLG-RRLYR-07611  16.917 18.128  0.28727950 0.00000143  5000.27602  0.200  0.224 4.982  0.154 3.313
OGLE-BLG-RRLYR-07613  16.536 18.320  0.30348781 0.00000011  5000.29006  0.262  0.109 4.851  0.071 3.860
OGLE-BLG-RRLYR-07620  16.265 17.548  0.24898475 0.00000008  5000.03198  0.185  0.131 4.690  0.025 2.934
OGLE-BLG-RRLYR-07621  16.259 17.586  0.28504136 0.00000011  5000.05642  0.287  0.140 4.805  0.089 3.575
OGLE-BLG-RRLYR-07622  15.778 16.857  0.32243552 0.00000050  5000.04101  0.301  0.102 5.000  0.091 4.043
OGLE-BLG-RRLYR-07623  15.975 17.019  0.33152336 0.00000196  5000.20886  0.267  0.058 4.787  0.049 3.949
OGLE-BLG-RRLYR-07626  16.650 18.438  0.30171410 0.00000005  5000.27195  0.225  0.097 4.904  0.065 4.215
OGLE-BLG-RRLYR-07627  16.425 18.009  0.30159626 0.00000004  5000.00272  0.226  0.097 4.897  0.046 3.616
OGLE-BLG-RRLYR-07630  16.523 18.081  0.25212482 0.00000010  5000.21953  0.248  0.153 4.786  0.041 2.738
OGLE-BLG-RRLYR-07631  16.356 17.695  0.33242004 0.00000018  5000.14182  0.203  0.053 5.630  0.075 4.949
OGLE-BLG-RRLYR-07636  16.122 17.234  0.25695875 0.00000019  5000.22852  0.266  0.177 4.744  0.051 2.891
OGLE-BLG-RRLYR-07644  16.454 17.848  0.25948029 0.00000004  5000.12664  0.281  0.198 4.736  0.065 2.890
OGLE-BLG-RRLYR-07647  16.294 18.530  0.32241366 0.00000031  5000.15653  0.291  0.170 5.077  0.111 3.380
OGLE-BLG-RRLYR-07649  16.583 18.321  0.29700496 0.00000010  5000.16375  0.249  0.129 4.803  0.080 3.545
OGLE-BLG-RRLYR-07650  16.165 17.590  0.32044214 0.00000013  5000.02338  0.250  0.102 5.048  0.086 4.293
OGLE-BLG-RRLYR-07653  16.423 18.119  0.31118182 0.00000012  5000.26033  0.219  0.104 5.097  0.051 3.994
OGLE-BLG-RRLYR-07660  15.487 16.740  0.23257873 0.00000005  5000.21753  0.244  0.142 4.722  0.042 3.091
OGLE-BLG-RRLYR-07665  14.486 15.681  0.26829453 0.00000006  5000.13955  0.206  0.091 4.877  0.056 4.379
OGLE-BLG-RRLYR-07667  16.669 18.413  0.24910459 0.00000003  5000.14233  0.219  0.146 4.751  0.031 3.176
OGLE-BLG-RRLYR-07673  16.037 17.435  0.36628703 0.00000014  5000.01527  0.242  0.014 5.115  0.051 4.667
OGLE-BLG-RRLYR-07677  16.469 18.117  0.29485502 0.00000005  5000.17872  0.236  0.123 4.773  0.079 3.825
OGLE-BLG-RRLYR-07680  16.034 17.596  0.43512004 0.00000023  5000.15345  0.245  0.020 2.835  0.058 5.953
OGLE-BLG-RRLYR-07682  15.916 16.638  0.27057564 0.00000040  5000.22443  0.274  0.178 4.746  0.077 3.023
OGLE-BLG-RRLYR-07691  15.892 17.006  0.31911634 0.00000035  5000.18958  0.255  0.089 5.026  0.067 4.463
OGLE-BLG-RRLYR-07700  15.923    -    0.32402885 0.00000107  5000.26463  0.210  0.044 5.625  0.112 4.296
OGLE-BLG-RRLYR-07701  16.776    -    0.29795452 0.00000050  5000.00901  0.305  0.104 4.926  0.098 3.999
OGLE-BLG-RRLYR-07705  16.896 18.612  0.26114101 0.00000054  5000.01366  0.125  0.132 4.566  0.058 0.790
OGLE-BLG-RRLYR-07710  17.213 19.134  0.26706473 0.00000015  5000.15560  0.197  0.084 4.958  0.074 4.134
OGLE-BLG-RRLYR-07714  15.944 17.667  0.36978195 0.00000036  5000.13808  0.252  0.049 5.199  0.074 4.921
OGLE-BLG-RRLYR-07716  16.446 17.996  0.26236948 0.00000031  5000.07414  0.237  0.071 4.152  0.037 2.173
OGLE-BLG-RRLYR-07718  16.805 18.492  0.38325912 0.00000036  5000.35739  0.252  0.040 5.219  0.031 5.159
OGLE-BLG-RRLYR-07720  15.434 16.293  0.28962900 0.00000055  5000.00585  0.273  0.152 4.706  0.088 3.466
OGLE-BLG-RRLYR-07722  16.179 17.844  0.32054542 0.00000004  5000.05308  0.313  0.047 4.593  0.073 4.859
OGLE-BLG-RRLYR-07723  16.413 18.190  0.35599964 0.00000006  5000.02115  0.259  0.053 5.055  0.070 4.919
OGLE-BLG-RRLYR-07737  16.820 18.580  0.31821789 0.00000022  5000.09648  0.264  0.092 5.518  0.073 4.635
OGLE-BLG-RRLYR-07740  16.180 17.704  0.37152190 0.00000242  5000.28795  0.087  0.172 3.070  0.078 1.002
OGLE-BLG-RRLYR-07741  16.782 18.621  0.30472866 0.00000025  5000.27897  0.230  0.114 4.788  0.075 3.961
OGLE-BLG-RRLYR-07757  16.563 18.512  0.39650140 0.00000020  5000.13264  0.240  0.061 2.571  0.079 6.196
OGLE-BLG-RRLYR-07758  16.726 18.322  0.27590633 0.00000020  5000.20993  0.270  0.168 4.798  0.054 2.828
OGLE-BLG-RRLYR-07759  16.893 18.676  0.23819845 0.00000013  5000.20952  0.223  0.139 4.637  0.092 3.751
OGLE-BLG-RRLYR-07762  16.303 17.776  0.32433367 0.00000030  5000.28763  0.258  0.098 5.310  0.076 4.623
OGLE-BLG-RRLYR-07764  16.854 18.795  0.30888182 0.00000012  5000.06029  0.242  0.107 4.899  0.064 4.288
OGLE-BLG-RRLYR-07768  16.130 17.438  0.33467534 0.00000010  5000.29451  0.244  0.109 4.955  0.042 3.634
OGLE-BLG-RRLYR-07772  16.701 18.356  0.25497460 0.00000009  5000.15225  0.255  0.157 4.741  0.045 3.075
OGLE-BLG-RRLYR-07778  15.722 17.028  0.34527677 0.00000037  5000.18613  0.247  0.114 5.279  0.095 4.418
OGLE-BLG-RRLYR-07781  16.982 19.163  0.42918881 0.00000042  5000.14998  0.247  0.098 5.509  0.069 3.970
OGLE-BLG-RRLYR-07782  16.344 17.808  0.34500642 0.00000483  5000.12713  0.247  0.000   -    0.059 3.889
OGLE-BLG-RRLYR-07783  16.691 17.834  0.26444723 0.00000013  5000.24269  0.229  0.103 4.801  0.068 4.200
OGLE-BLG-RRLYR-07787  13.879 15.721  0.33789189 0.00000047  5000.04068  0.026  0.080 4.983  0.110 4.666
OGLE-BLG-RRLYR-07788  16.354 17.916  0.29508669 0.00000008  5000.17935  0.254  0.138 4.802  0.094 3.513
OGLE-BLG-RRLYR-07790  15.931 16.968  0.32056791 0.00000026  5000.04417  0.251  0.102 4.872  0.077 4.138
OGLE-BLG-RRLYR-07793  16.482 17.925  0.33921445 0.00000016  5000.08106  0.244  0.106 5.081  0.057 4.266
OGLE-BLG-RRLYR-07795  16.789 18.787  0.28501273 0.00000014  5000.09494  0.253  0.152 4.893  0.086 3.240
OGLE-BLG-RRLYR-07796  16.299 17.671  0.28006407 0.00000018  5000.08215  0.268  0.150 4.676  0.092 2.872
OGLE-BLG-RRLYR-07800  16.154 17.579  0.31733285 0.00000020  5000.09542  0.236  0.103 5.003  0.055 4.303
OGLE-BLG-RRLYR-07803  16.358 17.942  0.31390091 0.00000004  5000.00834  0.244  0.107 4.931  0.073 4.024
OGLE-BLG-RRLYR-07806  16.354 18.004  0.31899303 0.00000012  5000.28521  0.243  0.087 5.035  0.075 4.254
OGLE-BLG-RRLYR-07811  16.761 18.510  0.29302603 0.00000009  5000.18694  0.265  0.128 4.943  0.073 3.546
OGLE-BLG-RRLYR-07815  16.769 18.450  0.23248605 0.00000009  5000.10644  0.182  0.137 4.103  0.029 2.391
OGLE-BLG-RRLYR-07821  15.702 16.678  0.25661097 0.00000013  5000.24186  0.288  0.192 4.746  0.063 3.045
OGLE-BLG-RRLYR-07825  16.440 17.991  0.31691351 0.00000012  5000.13379  0.247  0.089 4.927  0.078 4.222
OGLE-BLG-RRLYR-07831  16.619 18.571  0.31314020 0.00000005  5000.02478  0.226  0.094 4.894  0.070 4.107
OGLE-BLG-RRLYR-07832  16.685 18.180  0.25529341 0.00000018  5000.01450  0.232  0.142 4.753  0.073 3.583
OGLE-BLG-RRLYR-07835  16.792 18.672  0.24811736 0.00000010  5000.01147  0.170  0.097 4.676  0.000   -  
OGLE-BLG-RRLYR-07836  16.407 18.031  0.32262871 0.00000007  5000.02114  0.295  0.102 5.087  0.082 4.373
OGLE-BLG-RRLYR-07840  16.109 17.901  0.39469124 0.00000133  5000.11701  0.157  0.051 5.981  0.032 3.010
OGLE-BLG-RRLYR-07843  17.566 19.019  0.29122706 0.00000017  5000.21578  0.251  0.151 4.794  0.107 3.042
OGLE-BLG-RRLYR-07849  16.766 18.685  0.30681744 0.00000013  5000.17307  0.247  0.084 5.067  0.054 3.946
OGLE-BLG-RRLYR-07850  16.614 18.493  0.32184907 0.00000013  5000.02668  0.247  0.096 5.065  0.071 4.326
OGLE-BLG-RRLYR-07851  16.546 18.069  0.26516813 0.00000006  5000.03039  0.300  0.186 4.798  0.055 3.045
OGLE-BLG-RRLYR-07852  16.198 17.714  0.32657534 0.00000008  5000.17102  0.116  0.048 4.910  0.000   -  
OGLE-BLG-RRLYR-07856  16.573 18.058  0.29454124 0.00000057  5000.02403  0.301  0.130 4.863  0.103 3.498
OGLE-BLG-RRLYR-07857  16.304 17.844  0.32087703 0.00000006  5000.12501  0.243  0.097 5.116  0.069 4.376
OGLE-BLG-RRLYR-07860  17.094 19.172  0.24792857 0.00000016  5000.11324  0.189  0.135 4.644  0.020 3.325
OGLE-BLG-RRLYR-07863  16.394 18.103  0.32475621 0.00000017  5000.07207  0.236  0.119 5.132  0.070 3.916
OGLE-BLG-RRLYR-07867  15.566 16.538  0.32014056 0.00000071  5000.12741  0.310  0.199 4.851  0.114 3.080
OGLE-BLG-RRLYR-07871  16.517 18.116  0.31928622 0.00000020  5000.00121  0.240  0.099 4.935  0.069 4.274
OGLE-BLG-RRLYR-07874  15.924 16.847  0.29002829 0.00000060  5000.01138  0.278  0.122 4.821  0.080 3.473
OGLE-BLG-RRLYR-07879  16.428 18.211  0.32349230 0.00000021  5000.11378  0.252  0.098 5.028  0.068 4.311
OGLE-BLG-RRLYR-07887  16.172 17.472  0.30227792 0.00000009  5000.21956  0.254  0.109 4.868  0.072 3.970
OGLE-BLG-RRLYR-07892  17.161 19.503  0.27158741 0.00000015  5000.26385  0.295  0.181 4.930  0.063 2.830
OGLE-BLG-RRLYR-07893  16.171 17.898  0.38871075 0.00000026  5000.28194  0.258  0.041 5.790  0.062 4.896
OGLE-BLG-RRLYR-07894  16.520 18.294  0.29324004 0.00000008  5000.03346  0.306  0.088 4.778  0.055 4.034
OGLE-BLG-RRLYR-07903  16.379 17.995  0.25965663 0.00000005  5000.00347  0.294  0.170 4.792  0.088 2.956
OGLE-BLG-RRLYR-07905  17.075 19.517  0.34072291 0.00000010  5000.30476  0.282  0.090 5.212  0.079 4.428
OGLE-BLG-RRLYR-07906  15.966 17.660  0.29639095 0.00000020  5000.12789  0.285  0.134 5.038  0.072 3.842
OGLE-BLG-RRLYR-07907  17.434 19.637  0.28778744 0.00000011  5000.06109  0.296  0.155 4.839  0.082 3.544
OGLE-BLG-RRLYR-07909  15.871 16.700  0.28320869 0.00000037  5000.23668  0.286  0.157 4.936  0.108 3.268
OGLE-BLG-RRLYR-07910  16.479 17.477  0.20624435 0.00000038  5000.06883  0.119  0.062 4.523  0.000   -  
OGLE-BLG-RRLYR-07922  16.819 18.877  0.27116491 0.00000014  5000.13216  0.281  0.185 4.779  0.073 2.901
OGLE-BLG-RRLYR-07925  17.240 19.163  0.32484779 0.00000030  5000.28947  0.250  0.089 4.791  0.073 4.290
OGLE-BLG-RRLYR-07928  17.118 18.464  0.26103957 0.00000007  5000.04470  0.197  0.113 4.821  0.080 4.067
OGLE-BLG-RRLYR-07932  17.414 19.340  0.28309499 0.00000005  5000.03916  0.279  0.152 4.734  0.099 3.146
OGLE-BLG-RRLYR-07933  16.759 18.641  0.32321827 0.00000023  5000.19264  0.153  0.073 4.752  0.066 4.349
OGLE-BLG-RRLYR-07937  16.333 17.751  0.28029757 0.00000003  5000.09190  0.262  0.175 4.705  0.105 3.116
OGLE-BLG-RRLYR-07938  16.598 18.120  0.37037155 0.00000047  5000.19483  0.222  0.066 5.413  0.047 4.746
OGLE-BLG-RRLYR-07941  15.059 16.155  0.33885056 0.00000052  5000.13835  0.283  0.086 5.175  0.074 4.233
OGLE-BLG-RRLYR-07947  16.179 17.536  0.26879996 0.00000008  5000.13604  0.261  0.188 4.790  0.092 2.936
OGLE-BLG-RRLYR-07950  16.150 17.516  0.36156648 0.00000265  5000.19729  0.294  0.093 4.889  0.134 4.791
OGLE-BLG-RRLYR-07952  13.663 14.585  0.37129400 0.00000039  5000.33635  0.046  0.601 4.351  0.316 2.219
OGLE-BLG-RRLYR-07960  16.773 18.347  0.22753691 0.00000013  5000.21611  0.235  0.162 4.785  0.053 3.048
OGLE-BLG-RRLYR-07961  17.084 19.395  0.31580947 0.00000020  5000.13933  0.234  0.104 4.908  0.086 3.975
OGLE-BLG-RRLYR-07962  17.409 19.679  0.24462756 0.00000017  5000.14520  0.223  0.157 4.703  0.097 3.331
OGLE-BLG-RRLYR-07964  16.546 18.577  0.32793165 0.00000014  5000.15568  0.265  0.071 5.236  0.080 4.477
OGLE-BLG-RRLYR-07965  17.007 19.093  0.27619468 0.00000010  5000.08696  0.292  0.179 4.797  0.097 3.151
OGLE-BLG-RRLYR-07968  16.899 19.028  0.29743057 0.00000015  5000.08025  0.242  0.099 4.813  0.079 4.169
OGLE-BLG-RRLYR-07970  17.374    -    0.30401625 0.00000024  5000.29560  0.322  0.128 5.124  0.084 3.878
OGLE-BLG-RRLYR-07977  17.226 18.566  0.21697596 0.00000004  5000.03347  0.198  0.151 4.583  0.060 3.172
OGLE-BLG-RRLYR-07980  15.610 17.025  0.29528658 0.00000003  5000.27918  0.242  0.132 4.789  0.084 3.627
OGLE-BLG-RRLYR-07985  16.309 17.796  0.24873877 0.00000004  5000.12153  0.162  0.104 4.700  0.000   -  
OGLE-BLG-RRLYR-07986  16.929 18.767  0.24867735 0.00000013  5000.01302  0.261  0.156 4.685  0.111 3.053
OGLE-BLG-RRLYR-07991  15.758 16.689  0.28500599 0.00000016  5000.20224  0.275  0.157 4.880  0.093 3.399
OGLE-BLG-RRLYR-07993  17.101 19.028  0.30041397 0.00000009  5000.24577  0.280  0.149 5.142  0.098 3.742
OGLE-BLG-RRLYR-07994  15.714 16.905  0.32337045 0.00000095  5000.22350  0.271  0.134 4.906  0.093 4.049
OGLE-BLG-RRLYR-07996  16.736 18.622  0.31787135 0.00000006  5000.06802  0.249  0.089 5.013  0.067 4.343
OGLE-BLG-RRLYR-07999  16.616 18.903  0.32641466 0.00000017  5000.08667  0.206  0.089 4.905  0.065 4.032
OGLE-BLG-RRLYR-08001  15.394 16.723  0.31799235 0.00000004  5000.24650  0.208  0.091 5.039  0.046 3.853
OGLE-BLG-RRLYR-08002  16.470 18.280  0.30879324 0.00000007  5000.03102  0.228  0.103 4.771  0.067 3.951
OGLE-BLG-RRLYR-08005  15.571 16.600  0.34047340 0.00000035  5000.13350  0.280  0.078 4.924  0.056 4.903
OGLE-BLG-RRLYR-08006  15.803 16.595  0.30059440 0.00000036  5000.17372  0.281  0.151 4.918  0.077 3.568
OGLE-BLG-RRLYR-08008  15.807 16.832  0.33620574 0.00000081  5000.27609  0.309  0.138 5.108  0.069 3.509
OGLE-BLG-RRLYR-08013  16.061 17.413  0.30059180 0.00000009  5000.05279  0.260  0.130 4.934  0.100 3.921
OGLE-BLG-RRLYR-08015  16.582 17.972  0.28092831 0.00000007  5000.24083  0.283  0.156 4.728  0.091 3.166
OGLE-BLG-RRLYR-08018  16.329 17.900  0.38551099 0.00000257  5000.10127  0.184  0.178 5.354  0.000   -  
OGLE-BLG-RRLYR-08020  15.857 16.893  0.29193578 0.00000023  5000.25761  0.256  0.147 4.814  0.094 3.576
OGLE-BLG-RRLYR-08022  17.666 19.136  0.22017361 0.00000007  5000.05670  0.226  0.120 4.689  0.051 3.613
OGLE-BLG-RRLYR-08023  16.186 17.759  0.32145714 0.00000010  5000.29759  0.189  0.076 4.742  0.063 4.275
OGLE-BLG-RRLYR-08028  16.599 18.289  0.28384287 0.00000007  5000.28356  0.271  0.142 4.805  0.089 3.585
OGLE-BLG-RRLYR-08033  16.881 18.870  0.27782739 0.00000009  5000.00658  0.281  0.163 4.750  0.108 3.216
OGLE-BLG-RRLYR-08043  16.902 19.206  0.31912324 0.00000020  5000.11855  0.276  0.120 5.010  0.068 3.959
OGLE-BLG-RRLYR-08047  17.231 19.629  0.33708356 0.00000018  5000.07037  0.297  0.044 5.317  0.083 4.790
OGLE-BLG-RRLYR-08048  16.270 17.989  0.31430031 0.00000005  5000.26766  0.261  0.084 5.052  0.075 4.343
OGLE-BLG-RRLYR-08049  16.022 17.103  0.31866493 0.00000021  5000.05298  0.296  0.121 4.967  0.087 3.826
OGLE-BLG-RRLYR-08053  17.425 19.355  0.25299785 0.00000006  5000.02653  0.234  0.153 4.747  0.033 2.836
OGLE-BLG-RRLYR-08054  17.180 19.494  0.25633554 0.00000022  5000.08051  0.212  0.071 3.727  0.000   -  
OGLE-BLG-RRLYR-08059  16.558 17.963  0.26298022 0.00000006  5000.07462  0.287  0.145 4.846  0.040 3.225
OGLE-BLG-RRLYR-08060  16.531 18.288  0.29801867 0.00000028  5000.18334  0.254  0.105 5.021  0.040 3.626
OGLE-BLG-RRLYR-08061  17.065 18.754  0.26274485 0.00000011  5000.00172  0.234  0.097 4.883  0.054 4.451
OGLE-BLG-RRLYR-08074  16.511 18.006  0.30825803 0.00000012  5000.18461  0.241  0.097 4.826  0.071 3.877
OGLE-BLG-RRLYR-08076  16.041 18.221  0.28448072 0.00000011  5000.17813  0.262  0.132 4.887  0.066 3.170
OGLE-BLG-RRLYR-08079  16.682 18.681  0.31870738 0.00000021  5000.17012  0.211  0.103 4.843  0.072 4.133
OGLE-BLG-RRLYR-08083  16.469 18.019  0.31138695 0.00000016  5000.01898  0.238  0.098 4.995  0.073 3.961
OGLE-BLG-RRLYR-08084  16.655 18.560  0.31469807 0.00000011  5000.02825  0.249  0.105 4.902  0.073 4.108
OGLE-BLG-RRLYR-08087  17.112 18.800  0.31632019 0.00000020  5000.22586  0.220  0.080 5.007  0.076 4.296
OGLE-BLG-RRLYR-08097  15.631 16.655  0.31846519 0.00000058  5000.23953  0.240  0.095 5.022  0.070 3.910
OGLE-BLG-RRLYR-08103  15.441 16.492  0.33641078 0.00000058  5000.08798  0.268  0.084 4.875  0.055 4.436
OGLE-BLG-RRLYR-08106  16.698 18.778  0.37962489 0.00000045  5000.32325  0.227  0.088 5.554  0.075 4.869
OGLE-BLG-RRLYR-08107  18.171 19.779  0.36534840 0.00000028  5000.20946  0.280  0.111 5.547  0.000   -  
OGLE-BLG-RRLYR-08108  17.179 19.648  0.31320258 0.00000017  5000.00822  0.256  0.093 4.924  0.068 4.233
OGLE-BLG-RRLYR-08111  16.436 18.269  0.38888780 0.00000065  5000.14867  0.274  0.077 5.276  0.076 4.444
OGLE-BLG-RRLYR-08112  16.069 17.519  0.34833142 0.00000011  5000.27129  0.156  0.032 5.459  0.028 4.242
OGLE-BLG-RRLYR-08115  15.496 16.408  0.33473826 0.00000099  5000.03887  0.293  0.143 4.948  0.077 3.908
OGLE-BLG-RRLYR-08116  15.532 16.785  0.30760631 0.00000002  5000.23621  0.374  0.256 4.771  0.062 2.969
OGLE-BLG-RRLYR-08123  16.912 18.927  0.28759474 0.00000025  5000.09521  0.237  0.058 4.847  0.022 4.344
OGLE-BLG-RRLYR-08125  16.813 18.474  0.27681181 0.00000006  5000.04568  0.206  0.094 4.780  0.058 4.320
OGLE-BLG-RRLYR-08126  17.108 19.318  0.27433662 0.00000009  5000.17466  0.282  0.167 4.865  0.089 3.051
OGLE-BLG-RRLYR-08129  15.827 17.357  0.36422057 0.00000014  5000.15579  0.277  0.051 5.020  0.070 5.025
OGLE-BLG-RRLYR-08137  17.156 19.290  0.30799590 0.00000018  5000.09605  0.256  0.102 4.920  0.084 4.139
OGLE-BLG-RRLYR-08138  16.787 18.747  0.31864321 0.00000010  5000.06920  0.227  0.096 4.883  0.059 4.171
OGLE-BLG-RRLYR-08139  16.761 18.846  0.45744671 0.00000068  5000.16319  0.150  0.096 3.844  0.000   -  
OGLE-BLG-RRLYR-08144  16.361 17.643  0.26902390 0.00000009  5000.19118  0.233  0.132 4.930  0.030 3.401
OGLE-BLG-RRLYR-08145  16.065 17.577  0.29034995 0.00000007  5000.06665  0.317  0.194 4.841  0.069 2.847
OGLE-BLG-RRLYR-08148  16.257 17.699  0.28819593 0.00000008  5000.08034  0.266  0.158 4.721  0.085 3.564
OGLE-BLG-RRLYR-08151  16.620 18.589  0.33179072 0.00000007  5000.25054  0.252  0.095 5.021  0.071 3.853
OGLE-BLG-RRLYR-08156  17.104 19.061  0.28051806 0.00000012  5000.07553  0.263  0.158 4.711  0.085 3.092
OGLE-BLG-RRLYR-08158  16.623 18.392  0.32744255 0.00000020  5000.06729  0.259  0.087 5.173  0.080 4.297
OGLE-BLG-RRLYR-08159  17.048 19.177  0.31507873 0.00000005  5000.22456  0.232  0.101 4.921  0.064 4.236
OGLE-BLG-RRLYR-08160  16.216 17.281  0.27604042 0.00000025  5000.08967  0.224  0.137 4.978  0.063 4.390
OGLE-BLG-RRLYR-08162  17.269 19.838  0.39355098 0.00000036  5000.03898  0.225  0.043 0.550  0.067 5.252
OGLE-BLG-RRLYR-08163  15.642 16.513  0.27983444 0.00000029  5000.09428  0.279  0.161 4.696  0.085 3.119
OGLE-BLG-RRLYR-08164  15.423 16.362  0.37955352 0.00000172  5000.05086  0.267  0.052 5.341  0.068 4.990
OGLE-BLG-RRLYR-08166  17.242 19.280  0.26623615 0.00000007  5000.11020  0.183  0.142 4.652  0.037 2.653
OGLE-BLG-RRLYR-08167  16.054 17.486  0.34459386 0.00000021  5000.01902  0.267  0.065 4.923  0.075 4.750
OGLE-BLG-RRLYR-08170  16.734 18.836  0.32306370 0.00000015  5000.26311  0.238  0.084 5.020  0.071 4.588
OGLE-BLG-RRLYR-08173  16.155 17.738  0.32404654 0.00000012  5000.12195  0.250  0.099 4.972  0.067 4.245
OGLE-BLG-RRLYR-08175  16.306 17.582  0.26946740 0.00000021  5000.22606  0.176  0.055 3.297  0.034 4.614
OGLE-BLG-RRLYR-08177  16.932 19.006  0.28513325 0.00000023  5000.17936  0.282  0.132 4.788  0.108 3.459
OGLE-BLG-RRLYR-08183  16.396 17.916  0.29385843 0.00000009  5000.17503  0.272  0.133 4.744  0.084 3.597
OGLE-BLG-RRLYR-08186  16.700 18.588  0.29419812 0.00000014  5000.04163  0.239  0.097 4.980  0.066 4.575
OGLE-BLG-RRLYR-08187  16.196 17.801  0.32334251 0.00000011  5000.20492  0.250  0.082 5.068  0.069 4.318
OGLE-BLG-RRLYR-08189  16.352 17.825  0.24915848 0.00000023  5000.12302  0.106  0.037 4.477  0.000   -  
OGLE-BLG-RRLYR-08196  15.928 17.379  0.42944104 0.00000153  5000.23679  0.229  0.054 0.699  0.054 5.390
OGLE-BLG-RRLYR-08197  16.313 17.797  0.32330288 0.00000011  5000.13201  0.242  0.092 5.017  0.070 4.290
OGLE-BLG-RRLYR-08201  16.509 18.111  0.28273841 0.00000006  5000.12526  0.304  0.165 4.772  0.095 3.048
OGLE-BLG-RRLYR-08209  16.485 17.733  0.25811701 0.00000004  5000.03274  0.188  0.076 4.757  0.052 4.601
OGLE-BLG-RRLYR-08214  15.990 17.419  0.31067572 0.00000009  5000.22590  0.244  0.103 4.916  0.070 4.157
OGLE-BLG-RRLYR-08219  17.306 19.479  0.29413974 0.00000042  5000.26388  0.288  0.113 4.900  0.105 3.477
OGLE-BLG-RRLYR-08221  15.489    -    0.39403708 0.00000210  5000.23744  0.260  0.068 6.068  0.078 4.937
OGLE-BLG-RRLYR-08222  17.336 18.869  0.39469494 0.00000059  5000.29059  0.286  0.045 5.411  0.072 4.997
OGLE-BLG-RRLYR-08225  16.165 17.936  0.49084278 0.00000027  5000.07818  0.202  0.099 3.269  0.079 6.072
OGLE-BLG-RRLYR-08229  17.074 19.078  0.26536017 0.00000020  5000.01456  0.267  0.166 4.858  0.067 3.321
OGLE-BLG-RRLYR-08230  16.620 18.506  0.34219588 0.00000022  5000.28055  0.235  0.035 5.662  0.067 4.882
OGLE-BLG-RRLYR-08232  17.176 19.299  0.25911873 0.00000004  5000.20629  0.265  0.160 4.694  0.087 3.090
OGLE-BLG-RRLYR-08233  16.526 18.403  0.26688500 0.00000014  5000.08984  0.202  0.122 4.683  0.021 2.781
OGLE-BLG-RRLYR-08237  16.212 17.744  0.31763364 0.00000010  5000.11281  0.231  0.092 4.943  0.063 4.188
OGLE-BLG-RRLYR-08243  16.361 17.897  0.32507287 0.00000007  5000.05070  0.235  0.143 4.871  0.039 2.999
OGLE-BLG-RRLYR-08248  16.610 18.291  0.28521796 0.00000007  5000.26234  0.263  0.155 4.753  0.084 3.297
OGLE-BLG-RRLYR-08252  15.919 17.108  0.34687834 0.00000012  5000.32938  0.269  0.090 4.995  0.074 4.317
OGLE-BLG-RRLYR-08255  16.586 18.408  0.26891726 0.00000085  5000.23608  0.165  0.154 3.984  0.096 2.623
OGLE-BLG-RRLYR-08257  16.462 17.855  0.26797289 0.00000006  5000.15776  0.285  0.183 4.842  0.068 3.084
OGLE-BLG-RRLYR-08260  15.754 16.743  0.31597390 0.00000058  5000.11903  0.232  0.080 4.792  0.068 4.207
OGLE-BLG-RRLYR-08261  16.501 18.407  0.36067654 0.00000011  5000.16508  0.234  0.042 5.551  0.048 4.997
OGLE-BLG-RRLYR-08277  16.500 18.168  0.26124736 0.00000003  5000.15961  0.264  0.186 4.773  0.065 2.962
OGLE-BLG-RRLYR-08285  16.130 17.467  0.24828345 0.00000003  5000.21964  0.269  0.158 4.755  0.085 3.119
OGLE-BLG-RRLYR-08287  16.395 17.920  0.27242123 0.00000003  5000.01637  0.267  0.180 4.741  0.042 2.931
OGLE-BLG-RRLYR-08290  15.644 16.554  0.29767888 0.00000016  5000.24342  0.285  0.123 4.894  0.081 3.516
OGLE-BLG-RRLYR-08293  19.113 21.905  0.38108554 0.00000045  5000.19687  0.317  0.143 4.976  0.090 4.723
OGLE-BLG-RRLYR-08296  16.881 18.829  0.29463793 0.00000011  5000.22040  0.254  0.093 5.134  0.052 3.988
OGLE-BLG-RRLYR-08300  16.874 18.665  0.31744924 0.00000015  5000.29602  0.232  0.095 4.918  0.051 3.715
OGLE-BLG-RRLYR-08302  16.617 18.278  0.29945424 0.00000006  5000.01435  0.265  0.119 4.810  0.081 3.730
OGLE-BLG-RRLYR-08306  16.520 18.267  0.26661182 0.00000003  5000.10732  0.258  0.156 4.821  0.053 3.055
OGLE-BLG-RRLYR-08311  17.194 18.988  0.26917497 0.00000009  5000.16837  0.152  0.140 4.710  0.000   -  
OGLE-BLG-RRLYR-08314  18.902 20.363  0.31409202 0.00000042  5000.09081  0.398  0.181 4.725  0.080 3.032
OGLE-BLG-RRLYR-08316  17.089 18.134  0.28744702 0.00000010  5000.26971  0.290  0.153 4.673  0.096 3.351
OGLE-BLG-RRLYR-08318  16.884 19.064  0.30412837 0.00000005  5000.15881  0.264  0.099 4.893  0.085 4.250
OGLE-BLG-RRLYR-08321  16.654 18.176  0.33110170 0.00000015  5000.24304  0.266  0.106 5.101  0.071 4.162
OGLE-BLG-RRLYR-08323  15.736 17.981  0.38092244 0.00000034  5000.21738  0.106  0.037 5.646  0.068 4.604
OGLE-BLG-RRLYR-08326  16.383 18.406  0.30849515 0.00000011  5000.15318  0.291  0.132 5.024  0.077 3.933
OGLE-BLG-RRLYR-08329  17.027 19.119  0.29539694 0.00000040  5000.29225  0.263  0.113 4.838  0.041 3.303
OGLE-BLG-RRLYR-08334  16.731 18.483  0.27195611 0.00000005  5000.13543  0.296  0.181 4.821  0.088 3.112
OGLE-BLG-RRLYR-08337  16.093 17.454  0.37462918 0.00000022  5000.36589  0.265  0.070 5.120  0.055 4.903
OGLE-BLG-RRLYR-08347  15.705 16.678  0.30245625 0.00000029  5000.22419  0.302  0.117 4.537  0.056 4.136
OGLE-BLG-RRLYR-08349  16.442 18.008  0.29708737 0.00000004  5000.23955  0.253  0.129 4.819  0.075 3.646
OGLE-BLG-RRLYR-08350  18.166 21.415  0.28192584 0.00000036  5000.14872  0.309  0.154 4.874  0.062 3.318
OGLE-BLG-RRLYR-08351  16.603 18.501  0.33767947 0.00000019  5000.06210  0.259  0.093 4.950  0.065 4.443
OGLE-BLG-RRLYR-08358  16.608 18.529  0.41779855 0.00000050  5000.06420  0.239  0.020 0.630  0.038 5.397
OGLE-BLG-RRLYR-08361  16.525 18.337  0.30775863 0.00000024  5000.25130  0.240  0.090 4.846  0.076 4.103
OGLE-BLG-RRLYR-08363  16.401 18.056  0.27414900 0.00000006  5000.07148  0.278  0.182 4.768  0.098 3.075
OGLE-BLG-RRLYR-08364  17.639 20.017  0.29081210 0.00000279  5000.26114  0.244  0.148 4.871  0.000   -  
OGLE-BLG-RRLYR-08368  16.474 18.194  0.28905924 0.00000015  5000.02168  0.256  0.152 4.821  0.095 3.255
OGLE-BLG-RRLYR-08370  16.513 17.820  0.25628551 0.00000006  5000.25093  0.225  0.105 4.782  0.019 2.481
OGLE-BLG-RRLYR-08374  16.591 17.822  0.43005075 0.00000026  5000.34616  0.258  0.089 5.663  0.066 4.599
OGLE-BLG-RRLYR-08385  16.429 17.914  0.32197747 0.00000010  5000.03169  0.200  0.084 5.053  0.034 3.903
OGLE-BLG-RRLYR-08387  16.907 18.957  0.30161796 0.00000018  5000.08446  0.233  0.114 4.740  0.088 3.793
OGLE-BLG-RRLYR-08390  16.737 18.501  0.29068813 0.00000013  5000.03066  0.270  0.089 4.855  0.081 4.175
OGLE-BLG-RRLYR-08395  16.336 18.063  0.27681513 0.00000008  5000.19917  0.186  0.113 4.747  0.067 4.139
OGLE-BLG-RRLYR-08396  16.888 19.024  0.29395338 0.00000004  5000.17374  0.263  0.133 4.756  0.074 3.560
OGLE-BLG-RRLYR-08401  16.606 18.077  0.26904985 0.00000007  5000.11955  0.300  0.160 4.809  0.078 3.120
OGLE-BLG-RRLYR-08407  16.064 18.153  0.29252238 0.00000058  5000.01597  0.306  0.147 4.777  0.077 3.224
OGLE-BLG-RRLYR-08410  16.190 17.841  0.32373981 0.00000006  5000.15239  0.244  0.095 4.972  0.072 4.530
OGLE-BLG-RRLYR-08412  16.668 18.338  0.27348213 0.00000009  5000.25563  0.264  0.191 4.773  0.089 3.079
OGLE-BLG-RRLYR-08421  16.880 18.916  0.30188356 0.00000016  5000.09729  0.254  0.126 4.809  0.069 3.856
OGLE-BLG-RRLYR-08429  16.066 16.992  0.26957068 0.00000038  5000.09160  0.222  0.093 4.960  0.049 4.587
OGLE-BLG-RRLYR-08433  16.341 17.886  0.31833043 0.00000008  5000.07010  0.290  0.114 5.149  0.086 4.130
OGLE-BLG-RRLYR-08434  16.199 17.264  0.27193699 0.00000006  5000.04393  0.292  0.176 4.842  0.082 2.983
OGLE-BLG-RRLYR-08435  16.843 18.931  0.28638902 0.00000010  5000.26672  0.275  0.134 4.744  0.091 3.312
OGLE-BLG-RRLYR-08436  15.685 16.817  0.31618169 0.00000009  5000.10683  0.250  0.103 4.994  0.073 4.232
OGLE-BLG-RRLYR-08443  15.246 16.189  0.30693626 0.00000005  5000.24597  0.299  0.149 4.867  0.101 3.486
OGLE-BLG-RRLYR-08445  15.593 16.608  0.39760361 0.00000384  5000.21347  0.196  0.066 3.947  0.050 5.607
OGLE-BLG-RRLYR-08447  16.325 17.781  0.27066124 0.00000005  5000.00177  0.299  0.170 4.840  0.073 2.991
OGLE-BLG-RRLYR-08448  15.774 16.836  0.32018275 0.00000135  5000.30268  0.271  0.076 5.222  0.071 3.883
OGLE-BLG-RRLYR-08453  16.593 18.054  0.30799122 0.00000011  5000.28479  0.257  0.108 4.806  0.061 4.016
OGLE-BLG-RRLYR-08458  15.727 16.681  0.27669370 0.00000041  5000.03761  0.298  0.160 4.752  0.102 3.327
OGLE-BLG-RRLYR-08460  16.062 17.724  0.36490146 0.00000013  5000.31222  0.228  0.023 5.675  0.075 5.331
OGLE-BLG-RRLYR-08463  16.460 17.724  0.34095553 0.00000005  5000.24141  0.279  0.053 5.101  0.071 4.694
OGLE-BLG-RRLYR-08466  16.339 17.792  0.30185184 0.00000037  5000.14741  0.265  0.137 4.882  0.062 3.686
OGLE-BLG-RRLYR-08470  16.548 18.495  0.35560434 0.00000023  5000.23895  0.257  0.055 5.492  0.081 4.899
OGLE-BLG-RRLYR-08472  16.695 18.618  0.30573213 0.00000017  5000.23758  0.274  0.134 4.971  0.095 3.897
OGLE-BLG-RRLYR-08475  15.250 17.081  0.31094791 0.00000014  5000.11953  0.226  0.090 4.867  0.076 4.128
OGLE-BLG-RRLYR-08481  15.233 16.502  0.25723719 0.00000075  5000.13440  0.201  0.088 5.507  0.037 3.425
OGLE-BLG-RRLYR-08482  16.807 18.661  0.32461558 0.00000041  5000.16804  0.250  0.107 4.929  0.070 4.463
OGLE-BLG-RRLYR-08484  16.121 16.973  0.30637139 0.00000064  5000.26084  0.252  0.092 4.886  0.079 4.219
OGLE-BLG-RRLYR-08494  15.965 16.884  0.29291716 0.00000021  5000.09000  0.251  0.102 4.906  0.081 4.591
OGLE-BLG-RRLYR-08495  16.877 18.972  0.31432364 0.00000086  5000.08295  0.235  0.053 4.575  0.057 4.227
OGLE-BLG-RRLYR-08496  16.927 18.766  0.25948024 0.00000004  5000.09173  0.286  0.184 4.742  0.059 3.212
OGLE-BLG-RRLYR-08498  16.125    -    0.31636956 0.00000090  5000.05865  0.162  0.069 4.812  0.076 3.760
OGLE-BLG-RRLYR-08503  17.504 19.720  0.26016035 0.00000014  5000.22203  0.298  0.180 4.759  0.044 2.818
OGLE-BLG-RRLYR-08510  15.676 17.813  0.27281039 0.00000022  5000.09573  0.060  0.121 4.388  0.064 3.820
OGLE-BLG-RRLYR-08511  16.601 18.406  0.42876814 0.00000031  5000.20450  0.255  0.109 5.605  0.064 4.386
OGLE-BLG-RRLYR-08515  16.608 18.300  0.26773980 0.00000051  5000.03474  0.219  0.100 4.711  0.029 2.563
OGLE-BLG-RRLYR-08521  16.700 18.618  0.29705379 0.00000031  5000.05165  0.233  0.113 4.735  0.106 3.926
OGLE-BLG-RRLYR-08526  15.807 16.596  0.34956589 0.00000045  5000.21175  0.253  0.056 4.743  0.052 4.808
OGLE-BLG-RRLYR-08527  17.086 18.737  0.25635304 0.00000010  5000.00210  0.271  0.143 4.735  0.028 3.473
OGLE-BLG-RRLYR-08534  18.992 20.853  0.30064919 0.00000083  5000.22126  0.209  0.236 4.498  0.000   -  
OGLE-BLG-RRLYR-08536  16.601 18.145  0.24275213 0.00000005  5000.06603  0.193  0.085 4.624  0.069 4.274
OGLE-BLG-RRLYR-08540  16.536 17.989  0.26396317 0.00000003  5000.23390  0.274  0.197 4.758  0.074 2.873
OGLE-BLG-RRLYR-08541  15.952 17.186  0.30727091 0.00000067  5000.04948  0.245  0.105 4.986  0.050 4.479
OGLE-BLG-RRLYR-08543  17.294 18.875  0.27668415 0.00000028  5000.08568  0.298  0.165 4.800  0.090 3.115
OGLE-BLG-RRLYR-08544  15.995 17.042  0.33209287 0.00000023  5000.10592  0.288  0.086 5.173  0.058 4.309
OGLE-BLG-RRLYR-08550  16.561 18.378  0.33042355 0.00000016  5000.19453  0.268  0.083 5.146  0.082 4.521
OGLE-BLG-RRLYR-08552  16.476 17.849  0.32403633 0.00000013  5000.02954  0.256  0.093 5.030  0.062 4.045
OGLE-BLG-RRLYR-08557  16.969 18.722  0.30162370 0.00000051  5000.08332  0.172  0.111 5.186  0.029 3.062
OGLE-BLG-RRLYR-08576  16.750 18.374  0.24146004 0.00000034  5000.21775  0.238  0.113 4.662  0.079 3.670
OGLE-BLG-RRLYR-08578  16.336 17.971  0.31518238 0.00000016  5000.15304  0.282  0.133 5.246  0.097 4.034
OGLE-BLG-RRLYR-08584  17.711 19.850  0.31624913 0.00000045  5000.27881  0.242  0.089 5.028  0.080 4.546
OGLE-BLG-RRLYR-08588  16.237 17.975  0.31199800 0.00000027  5000.10243  0.252  0.116 5.100  0.087 3.832
OGLE-BLG-RRLYR-08589  17.155 19.174  0.24835200 0.00000017  5000.21890  0.137  0.091 4.574  0.000   -  
OGLE-BLG-RRLYR-08590  16.619 18.139  0.24166436 0.00000014  5000.10971  0.173  0.084 4.855  0.049 4.709
OGLE-BLG-RRLYR-08591  16.802 18.789  0.30220100 0.00000014  5000.02783  0.255  0.122 4.796  0.074 3.990
OGLE-BLG-RRLYR-08593  15.924 17.590  0.44688440 0.00000113  5000.17802  0.232  0.031 1.452  0.094 5.248
OGLE-BLG-RRLYR-08594  16.443 18.092  0.29978551 0.00000004  5000.12428  0.256  0.122 4.782  0.076 3.689
OGLE-BLG-RRLYR-08595  16.231 17.694  0.31069074 0.00000010  5000.17547  0.287  0.131 4.824  0.080 3.751
OGLE-BLG-RRLYR-08597  16.463 18.111  0.32092971 0.00000012  5000.13549  0.272  0.100 5.169  0.079 4.276
OGLE-BLG-RRLYR-08602  16.029 17.527  0.33232877 0.00000007  5000.32881  0.244  0.113 5.069  0.063 4.073
OGLE-BLG-RRLYR-08604  16.507    -    0.27141579 0.00000104  5000.11020  0.329  0.147 4.948  0.059 4.029
OGLE-BLG-RRLYR-08609  16.622 18.442  0.30859638 0.00000033  5000.13901  0.268  0.120 5.029  0.075 3.957
OGLE-BLG-RRLYR-08612  16.433 18.269  0.39315404 0.00000073  5000.20142  0.260  0.039 5.692  0.058 5.277
OGLE-BLG-RRLYR-08615  16.847 18.821  0.31726334 0.00000021  5000.05229  0.242  0.112 4.949  0.085 4.237
OGLE-BLG-RRLYR-08623  16.796 18.677  0.30822832 0.00000010  5000.04284  0.238  0.098 4.700  0.074 4.127
OGLE-BLG-RRLYR-08628  16.596 17.831  0.25098216 0.00000004  5000.07566  0.244  0.131 4.846  0.072 3.647
OGLE-BLG-RRLYR-08635  15.719 17.516  0.40391176 0.00000171  5000.22198  0.268  0.063 5.777  0.054 4.231
OGLE-BLG-RRLYR-08636  16.435 17.995  0.26276393 0.00000040  5000.08791  0.236  0.084 4.458  0.021 6.087
OGLE-BLG-RRLYR-08637  16.704 17.946  0.29545594 0.00000013  5000.02893  0.272  0.141 4.836  0.084 3.622
OGLE-BLG-RRLYR-08638  16.412 17.852  0.26128731 0.00000003  5000.04226  0.279  0.168 4.803  0.077 3.038
OGLE-BLG-RRLYR-08640  16.776 18.611  0.28459742 0.00000010  5000.10214  0.257  0.173 4.939  0.105 3.583
OGLE-BLG-RRLYR-08642  17.081 18.792  0.30110716 0.00000036  5000.27324  0.130  0.122 5.080  0.000   -  
OGLE-BLG-RRLYR-08645  16.983 18.569  0.25442326 0.00000024  5000.04982  0.229  0.153 4.778  0.054 3.044
OGLE-BLG-RRLYR-08649  16.485 17.314  0.31312172 0.00000070  5000.06851  0.286  0.117 5.080  0.029 4.608
OGLE-BLG-RRLYR-08653  15.860 17.399  0.36015389 0.00000012  5000.21919  0.275  0.057 5.094  0.069 4.908
OGLE-BLG-RRLYR-08656  16.334 17.950  0.24921076 0.00000004  5000.20466  0.196  0.094 4.877  0.062 4.312
OGLE-BLG-RRLYR-08657  16.776 18.668  0.30987473 0.00000028  5000.17794  0.281  0.100 4.870  0.074 4.311
OGLE-BLG-RRLYR-08660  15.693 16.780  0.35173782 0.00000017  5000.21303  0.259  0.050 5.322  0.053 5.068
OGLE-BLG-RRLYR-08662  16.603 18.489  0.32229258 0.00000014  5000.31953  0.277  0.090 5.005  0.078 4.235
OGLE-BLG-RRLYR-08666  16.311 17.877  0.32685724 0.00000015  5000.22349  0.252  0.088 5.076  0.077 4.253
OGLE-BLG-RRLYR-08671  16.290 17.658  0.31310987 0.00000011  5000.26430  0.251  0.102 4.914  0.073 4.210
OGLE-BLG-RRLYR-08673  15.599 17.261  0.50369869 0.00000032  5000.46742  0.185  0.226 3.906  0.074 1.690
OGLE-BLG-RRLYR-08674  16.040 17.593  0.31691927 0.00000011  5000.08464  0.235  0.093 5.015  0.067 4.160
OGLE-BLG-RRLYR-08679  17.716 19.836  0.26918121 0.00000020  5000.23795  0.214  0.111 5.140  0.072 4.792
OGLE-BLG-RRLYR-08680  16.330 17.866  0.34770324 0.00000017  5000.17968  0.308  0.229 4.758  0.097 2.673
OGLE-BLG-RRLYR-08682  16.291 17.794  0.25416869 0.00000005  5000.07973  0.173  0.110 4.804  0.025 3.824
OGLE-BLG-RRLYR-08683  15.895 17.511  0.39034783 0.00000022  5000.33947  0.230  0.040 5.786  0.067 4.899
OGLE-BLG-RRLYR-08685  16.363 18.069  0.36753175 0.00000022  5000.15995  0.215  0.076 5.665  0.000   -  
OGLE-BLG-RRLYR-08686  16.017 17.360  0.31949306 0.00000012  5000.22445  0.235  0.070 4.856  0.073 4.333
OGLE-BLG-RRLYR-08690  16.121 17.306  0.32102962 0.00000025  5000.21702  0.298  0.094 5.406  0.075 4.289
OGLE-BLG-RRLYR-08691  16.060 17.360  0.31687126 0.00000011  5000.05832  0.238  0.095 4.847  0.068 4.129
OGLE-BLG-RRLYR-08692  16.239 17.553  0.27143915 0.00000028  5000.07909  0.209  0.088 4.934  0.063 4.728
OGLE-BLG-RRLYR-08696  16.236 17.654  0.32764429 0.00000011  5000.06065  0.261  0.108 5.064  0.074 4.388
OGLE-BLG-RRLYR-08698  17.166 18.992  0.25439250 0.00000012  5000.19713  0.199  0.104 4.756  0.062 4.237
OGLE-BLG-RRLYR-08709  16.237 17.731  0.31485199 0.00000006  5000.06188  0.252  0.106 4.910  0.074 4.106
OGLE-BLG-RRLYR-08710  16.592 18.436  0.32845093 0.00000060  5000.00196  0.262  0.049 5.105  0.048 4.739
OGLE-BLG-RRLYR-08714  15.868 17.435  0.34099340 0.00000027  5000.13250  0.267  0.064 5.298  0.082 4.895
OGLE-BLG-RRLYR-08715  16.262 17.759  0.36985853 0.00000015  5000.21128  0.255  0.038 5.664  0.067 4.986
OGLE-BLG-RRLYR-08716  16.172 17.556  0.28834218 0.00000003  5000.16160  0.273  0.135 4.738  0.088 3.376
OGLE-BLG-RRLYR-08718  16.418 18.071  0.32753899 0.00000007  5000.04808  0.252  0.095 5.123  0.080 4.349
OGLE-BLG-RRLYR-08720  15.904 17.065  0.27941460 0.00000004  5000.01074  0.301  0.178 4.804  0.098 3.110
OGLE-BLG-RRLYR-08721  16.837 18.417  0.24131757 0.00000006  5000.17829  0.158  0.089 4.939  0.032 4.585
OGLE-BLG-RRLYR-08724  16.556 18.401  0.35807157 0.00000044  5000.13250  0.221  0.062 5.623  0.027 3.858
OGLE-BLG-RRLYR-08725  16.572 18.003  0.27624202 0.00000006  5000.20648  0.289  0.186 4.815  0.072 2.971
OGLE-BLG-RRLYR-08726  16.954 19.260  0.32277146 0.00000102  5000.29136  0.186  0.065 5.219  0.102 4.145
OGLE-BLG-RRLYR-08727  16.656 18.524  0.25894206 0.00000007  5000.11349  0.271  0.194 4.754  0.068 2.907
OGLE-BLG-RRLYR-08731  15.669 16.554  0.25808294 0.00000025  5000.17964  0.291  0.190 4.683  0.054 3.442
OGLE-BLG-RRLYR-08732  16.484 18.457  0.37773145 0.00000031  5000.11619  0.252  0.065 5.518  0.048 5.267
OGLE-BLG-RRLYR-08733  16.430 17.671  0.27733435 0.00000011  5000.19905  0.296  0.173 4.804  0.101 3.107
OGLE-BLG-RRLYR-08734  16.608 18.468  0.30813771 0.00000013  5000.19568  0.251  0.101 4.809  0.073 4.010
OGLE-BLG-RRLYR-08741  16.361 18.084  0.34200136 0.00000249  5000.25461  0.235  0.158 5.167  0.079 3.794
OGLE-BLG-RRLYR-08743  16.415 17.892  0.27750307 0.00000003  5000.00383  0.301  0.177 4.767  0.101 3.048
OGLE-BLG-RRLYR-08745  16.166 17.521  0.29344525 0.00000004  5000.24792  0.259  0.127 4.782  0.085 3.572
OGLE-BLG-RRLYR-08748  16.487 18.116  0.29154895 0.00000022  5000.04469  0.232  0.129 5.021  0.074 3.761
OGLE-BLG-RRLYR-08757  16.530 18.123  0.30533386 0.00000013  5000.16919  0.256  0.116 4.858  0.076 4.110
OGLE-BLG-RRLYR-08759  17.226 19.425  0.29707719 0.00000013  5000.21764  0.256  0.130 4.818  0.074 3.634
OGLE-BLG-RRLYR-08761  17.101 19.298  0.29737857 0.00000011  5000.18487  0.272  0.133 4.735  0.084 3.602
OGLE-BLG-RRLYR-08762  16.285 17.542  0.32794817 0.00000010  5000.01227  0.257  0.108 5.167  0.050 3.968
OGLE-BLG-RRLYR-08765  16.839 18.850  0.28219827 0.00000011  5000.24459  0.285  0.152 4.747  0.098 3.305
OGLE-BLG-RRLYR-08772  16.410 18.075  0.32409558 0.00000016  5000.20431  0.276  0.074 5.121  0.058 4.647
OGLE-BLG-RRLYR-08773  17.033 18.889  0.23020914 0.00000020  5000.19504  0.182  0.105 4.794  0.030 4.191
OGLE-BLG-RRLYR-08775  16.671 18.588  0.34112112 0.00000036  5000.26731  0.261  0.103 5.173  0.086 4.497
OGLE-BLG-RRLYR-08776  16.391 17.709  0.25962115 0.00000011  5000.06731  0.266  0.201 4.738  0.054 3.020
OGLE-BLG-RRLYR-08782  16.463 18.191  0.26814671 0.00000012  5000.10220  0.275  0.187 4.782  0.069 3.182
OGLE-BLG-RRLYR-08783  16.073 17.454  0.36362885 0.00000041  5000.20668  0.229  0.061 5.119  0.068 4.327
OGLE-BLG-RRLYR-08784  17.597 19.801  0.34060521 0.00000025  5000.13094  0.280  0.144 4.927  0.081 3.505
OGLE-BLG-RRLYR-08785  17.250 19.982  0.32769428 0.00000036  5000.21152  0.279  0.089 5.105  0.066 4.388
OGLE-BLG-RRLYR-08787  16.580 18.297  0.31911472 0.00000008  5000.09120  0.236  0.093 5.039  0.062 4.184
OGLE-BLG-RRLYR-08788  17.031 19.072  0.28739169 0.00000009  5000.09963  0.273  0.151 4.805  0.091 3.401
OGLE-BLG-RRLYR-08790  16.327 18.123  0.37719678 0.00000030  5000.20830  0.231  0.075 5.900  0.048 4.655
OGLE-BLG-RRLYR-08791  16.386 17.601  0.31098624 0.00000015  5000.09699  0.236  0.102 4.975  0.070 3.961
OGLE-BLG-RRLYR-08792  16.610 18.470  0.33121843 0.00000012  5000.15183  0.277  0.102 5.139  0.077 4.455
OGLE-BLG-RRLYR-08799  16.233 17.601  0.31734872 0.00000005  5000.08829  0.244  0.102 5.042  0.079 4.182
OGLE-BLG-RRLYR-08805  17.234 19.584  0.30857046 0.00000021  5000.28949  0.233  0.046 4.536  0.067 5.256
OGLE-BLG-RRLYR-08806  16.024 17.495  0.35863735 0.00000011  5000.14149  0.255  0.055 5.767  0.073 4.808
OGLE-BLG-RRLYR-08808  16.691 18.676  0.34780291 0.00000033  5000.12517  0.257  0.094 5.212  0.062 3.682
OGLE-BLG-RRLYR-08809  16.572 18.027  0.27646484 0.00000036  5000.07192  0.197  0.090 5.098  0.065 4.344
OGLE-BLG-RRLYR-08813  16.071 17.600  0.24703798 0.00000122  5000.00731  0.138  0.171 4.538  0.086 2.141
OGLE-BLG-RRLYR-08815  16.257 17.966  0.29680725 0.00000008  5000.14547  0.245  0.113 4.812  0.080 3.787
OGLE-BLG-RRLYR-08818  16.315 17.811  0.31261155 0.00000005  5000.08088  0.256  0.099 4.873  0.080 4.051
OGLE-BLG-RRLYR-08822  16.304 18.324  0.34305522 0.00000016  5000.25402  0.170  0.139 4.897  0.078 3.541
OGLE-BLG-RRLYR-08824  16.660 18.525  0.30035895 0.00000013  5000.19185  0.249  0.112 4.731  0.081 3.866
OGLE-BLG-RRLYR-08826  15.723 17.218  0.31251079 0.00000012  5000.14422  0.232  0.086 4.887  0.063 4.331
OGLE-BLG-RRLYR-08827  16.136 17.531  0.34356187 0.00000023  5000.14691  0.287  0.075 4.937  0.071 4.610
OGLE-BLG-RRLYR-08828  17.760 19.456  0.25671193 0.00000020  5000.21591  0.256  0.173 4.751  0.000   -  
OGLE-BLG-RRLYR-08832  16.351 17.739  0.30361240 0.00000007  5000.00134  0.253  0.136 5.209  0.091 3.852
OGLE-BLG-RRLYR-08835  16.590 18.076  0.28843261 0.00000010  5000.22684  0.304  0.139 4.917  0.079 3.501
OGLE-BLG-RRLYR-08836  16.880 18.786  0.31737179 0.00000016  5000.03710  0.239  0.091 4.957  0.061 4.161
OGLE-BLG-RRLYR-08844  16.269 17.780  0.28957126 0.00000006  5000.21420  0.267  0.115 4.718  0.080 3.839
OGLE-BLG-RRLYR-08846  16.218 17.508  0.32865504 0.00000014  5000.06888  0.233  0.109 4.953  0.068 4.216
OGLE-BLG-RRLYR-08847  16.349 18.353  0.26403186 0.00000005  5000.22743  0.140  0.113 4.619  0.055 3.953
OGLE-BLG-RRLYR-08854  15.930 17.295  0.33107886 0.00000097  5000.10071  0.274  0.090 5.206  0.071 4.510
OGLE-BLG-RRLYR-08856  16.181 17.560  0.26488505 0.00000004  5000.07938  0.283  0.187 4.877  0.071 3.101
OGLE-BLG-RRLYR-08857  17.128 19.312  0.27122934 0.00000012  5000.24517  0.280  0.171 4.756  0.083 3.041
OGLE-BLG-RRLYR-08862  16.464 18.116  0.28893995 0.00000030  5000.08351  0.295  0.149 4.872  0.103 3.598
OGLE-BLG-RRLYR-08863  16.325 17.702  0.28169027 0.00000011  5000.23986  0.281  0.152 4.857  0.098 3.285
OGLE-BLG-RRLYR-08864  16.778 18.712  0.31455685 0.00000011  5000.24484  0.287  0.151 4.729  0.089 3.197
OGLE-BLG-RRLYR-08865  16.733 18.792  0.28142676 0.00000009  5000.21206  0.254  0.164 4.687  0.103 3.057
OGLE-BLG-RRLYR-08866  16.571 17.904  0.24141924 0.00000010  5000.20566  0.259  0.148 4.661  0.088 2.970
OGLE-BLG-RRLYR-08871  15.592 16.561  0.33876579 0.00000071  5000.26192  0.283  0.093 5.147  0.056 4.273
OGLE-BLG-RRLYR-08873  16.013 16.967  0.32349855 0.00000032  5000.05985  0.249  0.086 5.027  0.061 4.224
OGLE-BLG-RRLYR-08874  16.361 18.107  0.34429710 0.00000022  5000.30111  0.250  0.095 5.367  0.072 4.405
OGLE-BLG-RRLYR-08877  16.878 18.412  0.29017329 0.00000005  5000.20951  0.277  0.147 4.710  0.087 3.438
OGLE-BLG-RRLYR-08878  16.293 17.740  0.26553574 0.00000005  5000.00364  0.292  0.193 4.781  0.072 2.871
OGLE-BLG-RRLYR-08879  15.927 17.241  0.32433842 0.00000008  5000.25311  0.241  0.106 5.262  0.045 3.966
OGLE-BLG-RRLYR-08884  16.868 18.483  0.30405999 0.00000011  5000.12258  0.197  0.095 5.083  0.035 3.738
OGLE-BLG-RRLYR-08891  15.616 16.607  0.34903594 0.00000293  5000.16327  0.312  0.126 6.013  0.095 0.004
OGLE-BLG-RRLYR-08893  17.528 19.546  0.26249500 0.00000022  5000.12838  0.304  0.191 4.832  0.047 2.522
OGLE-BLG-RRLYR-08896  16.489 18.000  0.28189147 0.00000003  5000.02259  0.287  0.165 4.732  0.099 3.262
OGLE-BLG-RRLYR-08898  16.430 18.072  0.27934168 0.00000003  5000.24455  0.293  0.171 4.782  0.112 2.994
OGLE-BLG-RRLYR-08908  16.184 17.649  0.33382285 0.00000050  5000.07284  0.253  0.100 5.019  0.031 4.725
OGLE-BLG-RRLYR-08911  15.421 17.367  0.32161636 0.00000016  5000.15721  0.122  0.099 3.930  0.052 5.204
OGLE-BLG-RRLYR-08914  16.184 17.556  0.33794006 0.00000047  5000.27265  0.277  0.062 5.004  0.079 4.479
OGLE-BLG-RRLYR-08916  16.579 18.205  0.28214624 0.00000020  5000.03853  0.285  0.156 4.762  0.098 3.378
OGLE-BLG-RRLYR-08917  17.775 19.075  0.22179181 0.00000079  5000.10457  0.270  0.000   -    0.000   -  
OGLE-BLG-RRLYR-08918  16.444 18.273  0.31322683 0.00000013  5000.03714  0.277  0.083 4.862  0.072 4.388
OGLE-BLG-RRLYR-08920  16.641 18.422  0.31501012 0.00000018  5000.12146  0.233  0.098 4.946  0.091 4.170
OGLE-BLG-RRLYR-08928  16.194 17.599  0.26651723 0.00000003  5000.03024  0.240  0.145 4.847  0.048 3.246
OGLE-BLG-RRLYR-08930  16.304 17.547  0.27450517 0.00000012  5000.09622  0.244  0.181 4.673  0.074 2.853
OGLE-BLG-RRLYR-08933  16.276 17.902  0.34053715 0.00000025  5000.14753  0.237  0.075 5.429  0.045 4.566
OGLE-BLG-RRLYR-08939  16.935 18.623  0.35776426 0.00000007  5000.20640  0.281  0.080 5.326  0.080 4.249
OGLE-BLG-RRLYR-08944  16.120 17.598  0.33991826 0.00000070  5000.04636  0.266  0.068 5.039  0.074 4.942
OGLE-BLG-RRLYR-08945  16.235 17.774  0.28842693 0.00000003  5000.21104  0.274  0.138 4.745  0.091 3.475
OGLE-BLG-RRLYR-08946  16.582 18.082  0.26510529 0.00000005  5000.19337  0.297  0.190 4.759  0.073 2.925
OGLE-BLG-RRLYR-08951  16.358 18.334  0.37286618 0.00000172  5000.14684  0.279  0.053 5.475  0.068 4.784
OGLE-BLG-RRLYR-08956  17.165 19.481  0.33009337 0.00000019  5000.28983  0.225  0.087 5.420  0.049 4.958
OGLE-BLG-RRLYR-08958  16.925 19.101  0.29293341 0.00000012  5000.23945  0.285  0.145 4.887  0.101 3.579
OGLE-BLG-RRLYR-08961  16.829 18.952  0.31875071 0.00000022  5000.19835  0.252  0.089 4.911  0.076 4.221
OGLE-BLG-RRLYR-08962  16.327 18.125  0.31587711 0.00000008  5000.07145  0.217  0.093 4.971  0.047 3.847
OGLE-BLG-RRLYR-08968  16.572 18.100  0.29176441 0.00000004  5000.24608  0.257  0.129 4.768  0.082 3.676
OGLE-BLG-RRLYR-08973  16.503 18.358  0.30873514 0.00000017  5000.28671  0.251  0.110 4.781  0.058 3.934
OGLE-BLG-RRLYR-08975  16.267 17.795  0.30467655 0.00000005  5000.03760  0.217  0.098 5.115  0.058 4.080
OGLE-BLG-RRLYR-08977  16.482 18.082  0.31347499 0.00000014  5000.23918  0.250  0.068 5.268  0.079 4.443
OGLE-BLG-RRLYR-08978  16.442 18.141  0.27296967 0.00000003  5000.21858  0.280  0.170 4.783  0.096 3.068
OGLE-BLG-RRLYR-08980  16.263 17.905  0.31355972 0.00000012  5000.30926  0.250  0.098 4.939  0.074 4.104
OGLE-BLG-RRLYR-08986  16.411 18.144  0.30559738 0.00000057  5000.21080  0.277  0.087 4.858  0.072 4.689
OGLE-BLG-RRLYR-08996  16.956 19.354  0.29011020 0.00000015  5000.24354  0.279  0.165 4.765  0.107 3.300
OGLE-BLG-RRLYR-09004  16.240 17.966  0.33255541 0.00000008  5000.08060  0.272  0.123 4.774  0.035 3.918
OGLE-BLG-RRLYR-09006  15.905 16.908  0.37445763 0.00000128  5000.06458  0.243  0.097 4.866  0.070 4.933
OGLE-BLG-RRLYR-09008  16.254 17.829  0.35216545 0.00000018  5000.29784  0.268  0.074 5.305  0.083 4.678
OGLE-BLG-RRLYR-09009  16.494 18.496  0.36564414 0.00000027  5000.24996  0.253  0.058 5.296  0.064 4.590
OGLE-BLG-RRLYR-09011  16.669 18.527  0.32328475 0.00000018  5000.04216  0.256  0.073 4.856  0.071 4.156
OGLE-BLG-RRLYR-09013  16.522 18.072  0.25344297 0.00000003  5000.24164  0.266  0.171 4.751  0.043 3.093
OGLE-BLG-RRLYR-09014  16.832 19.137  0.31553663 0.00000044  5000.19775  0.233  0.082 5.055  0.083 4.177
OGLE-BLG-RRLYR-09016  16.951 19.257  0.27498289 0.00000028  5000.22971  0.192  0.115 4.760  0.031 2.632
OGLE-BLG-RRLYR-09017  16.994 18.823  0.27365950 0.00000035  5000.15414  0.274  0.145 4.750  0.097 3.197
OGLE-BLG-RRLYR-09018  15.946 17.369  0.38836372 0.00000065  5000.33002  0.239  0.046 0.400  0.030 1.834
OGLE-BLG-RRLYR-09026  17.577 20.297  0.38818440 0.00000203  5000.24653  0.170  0.086 0.230  0.000   -  
OGLE-BLG-RRLYR-09028  16.021 17.920  0.38191082 0.00000032  5000.10996  0.251  0.029 5.387  0.045 4.907
OGLE-BLG-RRLYR-09030  16.043 17.385  0.32348695 0.00000017  5000.23867  0.259  0.094 4.951  0.066 4.097
OGLE-BLG-RRLYR-09039  15.775 16.711  0.28745984 0.00000058  5000.00129  0.261  0.121 4.904  0.066 4.405
OGLE-BLG-RRLYR-09041  17.233 19.577  0.32006252 0.00000017  5000.09202  0.281  0.137 4.887  0.080 3.812
OGLE-BLG-RRLYR-09043  16.345 17.871  0.32486953 0.00000013  5000.10017  0.252  0.084 4.954  0.083 4.322
OGLE-BLG-RRLYR-09046  16.836 18.885  0.27983899 0.00000027  5000.21813  0.132  0.070 4.984  0.031 3.828
OGLE-BLG-RRLYR-09047  16.246 17.950  0.36821948 0.00000027  5000.28796  0.265  0.037 5.412  0.072 4.887
OGLE-BLG-RRLYR-09048  16.424 17.844  0.25040519 0.00000006  5000.16423  0.166  0.115 4.732  0.037 3.328
OGLE-BLG-RRLYR-09056  18.050 20.668  0.29471318 0.00000036  5000.01924  0.274  0.135 4.644  0.093 3.769
OGLE-BLG-RRLYR-09062  16.482 17.977  0.25949368 0.00000015  5000.15945  0.120  0.000   -    0.000   -  
OGLE-BLG-RRLYR-09065  17.277 19.538  0.31636648 0.00000009  5000.24971  0.243  0.105 5.025  0.067 4.105
OGLE-BLG-RRLYR-09066  17.525 18.966  0.20724798 0.00000020  5000.05295  0.183  0.143 5.061  0.000   -  
OGLE-BLG-RRLYR-09069  16.501 18.033  0.32822492 0.00000021  5000.03459  0.265  0.053 4.773  0.051 4.682
OGLE-BLG-RRLYR-09074  16.412 17.988  0.25419413 0.00000003  5000.18631  0.261  0.173 4.699  0.071 3.092
OGLE-BLG-RRLYR-09076  16.178 17.822  0.26946228 0.00000024  5000.19037  0.228  0.121 4.707  0.048 3.786
OGLE-BLG-RRLYR-09077  16.455 18.028  0.27160410 0.00000006  5000.17562  0.275  0.178 4.706  0.089 3.015
OGLE-BLG-RRLYR-09084  16.263 17.525  0.25171016 0.00000008  5000.14334  0.246  0.166 4.686  0.040 3.114
OGLE-BLG-RRLYR-09087  16.194 17.488  0.26497757 0.00000005  5000.17216  0.251  0.185 4.756  0.074 2.987
OGLE-BLG-RRLYR-09094  17.157 19.152  0.26456345 0.00000031  5000.05448  0.185  0.114 4.635  0.034 3.394
OGLE-BLG-RRLYR-09095  16.570 18.270  0.40291100 0.00000183  5000.21575  0.082  0.200 5.356  0.128 4.595
OGLE-BLG-RRLYR-09108  16.092 17.194  0.32204310 0.00000075  5000.04549  0.211  0.085 5.084  0.089 4.387
OGLE-BLG-RRLYR-09114  17.145 19.246  0.26837553 0.00000016  5000.02222  0.178  0.103 4.825  0.000   -  
OGLE-BLG-RRLYR-09121  16.314 17.706  0.31915133 0.00000011  5000.25201  0.243  0.088 4.984  0.052 4.146
OGLE-BLG-RRLYR-09126  16.227 17.660  0.32398898 0.00000007  5000.25573  0.244  0.089 5.037  0.063 4.151
OGLE-BLG-RRLYR-09132  16.285 18.037  0.29401011 0.00000043  5000.03231  0.286  0.153 4.932  0.081 3.569
OGLE-BLG-RRLYR-09133  16.738 18.454  0.27662854 0.00000007  5000.10057  0.292  0.176 4.800  0.097 3.088
OGLE-BLG-RRLYR-09134  16.511 18.222  0.29693219 0.00000004  5000.02131  0.249  0.126 4.836  0.080 3.717
OGLE-BLG-RRLYR-09142  18.168 21.033  0.24539970 0.00000027  5000.17185  0.220  0.119 4.901  0.000   -  
OGLE-BLG-RRLYR-09146  16.089 17.523  0.35215680 0.00000004  5000.00416  0.291  0.177 4.896  0.085 3.054
OGLE-BLG-RRLYR-09149  16.137 17.197  0.33559726 0.00000057  5000.19368  0.259  0.118 4.920  0.075 3.543
OGLE-BLG-RRLYR-09152  16.017 16.828  0.29423119 0.00000019  5000.26197  0.283  0.170 4.759  0.085 3.401
OGLE-BLG-RRLYR-09153  16.854 19.000  0.28929562 0.00000019  5000.20417  0.255  0.146 4.872  0.072 3.475
OGLE-BLG-RRLYR-09155  16.357 17.513  0.27312314 0.00000042  5000.12996  0.262  0.184 4.907  0.091 3.024
OGLE-BLG-RRLYR-09158  16.440 17.951  0.31218432 0.00000009  5000.08243  0.289  0.152 5.025  0.091 3.370
OGLE-BLG-RRLYR-09160  15.712 16.674  0.30304518 0.00000061  5000.29696  0.263  0.114 5.084  0.087 3.923
OGLE-BLG-RRLYR-09163  16.680 18.623  0.29552103 0.00000016  5000.27043  0.230  0.094 4.831  0.072 3.980
OGLE-BLG-RRLYR-09164  16.072 17.370  0.28639271 0.00000004  5000.28329  0.280  0.150 4.784  0.094 3.321
OGLE-BLG-RRLYR-09166  16.476 18.189  0.32693649 0.00000007  5000.04009  0.215  0.047 5.569  0.057 5.043
OGLE-BLG-RRLYR-09167  16.309 17.894  0.23155403 0.00000035  5000.14277  0.053  0.079 4.628  0.098 4.868
OGLE-BLG-RRLYR-09170  16.780 18.162  0.31712977 0.00000013  5000.14576  0.243  0.091 5.064  0.075 4.232
OGLE-BLG-RRLYR-09171  17.080 19.009  0.25355169 0.00000014  5000.12950  0.224  0.152 4.652  0.035 3.231
OGLE-BLG-RRLYR-09174  15.942 17.571  0.40825670 0.00000062  5000.30330  0.268  0.032 5.026  0.040 5.116
OGLE-BLG-RRLYR-09176  16.413 17.863  0.25876910 0.00000007  5000.22022  0.196  0.108 4.782  0.034 3.457
OGLE-BLG-RRLYR-09177  15.955 17.526  0.43039340 0.00000040  5000.12542  0.233  0.036 1.627  0.072 5.247
OGLE-BLG-RRLYR-09178  15.902 17.155  0.31682726 0.00000058  5000.22042  0.258  0.110 4.634  0.078 4.559
OGLE-BLG-RRLYR-09180  15.924 17.279  0.36156182 0.00000005  5000.28897  0.262  0.051 5.105  0.062 4.417
OGLE-BLG-RRLYR-09181  16.142 17.619  0.35049662 0.00000020  5000.21747  0.275  0.054 5.050  0.070 5.051
OGLE-BLG-RRLYR-09185  15.576 17.637  0.33268866 0.00000033  5000.13043  0.136  0.102 5.330  0.066 4.324
OGLE-BLG-RRLYR-09187  17.435 18.259  0.22428420 0.00000063  5000.21446  0.214  0.142 4.855  0.092 3.360
OGLE-BLG-RRLYR-09191  15.708 16.847  0.39096695 0.00000495  5000.06437  0.160  0.290 3.535  0.109 3.320
OGLE-BLG-RRLYR-09199  16.253 18.047  0.36215652 0.00000023  5000.31193  0.215  0.079 5.275  0.052 4.461
OGLE-BLG-RRLYR-09200  16.270 17.609  0.27203385 0.00000008  5000.20459  0.276  0.182 4.819  0.091 2.952
OGLE-BLG-RRLYR-09201  16.974 19.103  0.30160726 0.00000017  5000.11069  0.266  0.115 4.812  0.078 3.843
OGLE-BLG-RRLYR-09205  17.162 19.315  0.32121358 0.00000017  5000.07113  0.237  0.093 5.001  0.064 4.174
OGLE-BLG-RRLYR-09206  16.920 19.108  0.29500436 0.00000021  5000.21424  0.258  0.124 4.741  0.076 3.670
OGLE-BLG-RRLYR-09207  17.901 19.648  0.26438297 0.00000018  5000.05462  0.300  0.211 4.842  0.073 2.893
OGLE-BLG-RRLYR-09212  16.421 17.785  0.23495313 0.00000004  5000.16409  0.242  0.139 4.719  0.076 3.249
OGLE-BLG-RRLYR-09216  16.471 17.981  0.31039579 0.00000010  5000.25981  0.257  0.120 4.876  0.075 3.878
OGLE-BLG-RRLYR-09217  16.003 17.227  0.29391126 0.00000004  5000.06457  0.214  0.096 4.958  0.057 3.834
OGLE-BLG-RRLYR-09225  15.833 17.246  0.39696197 0.00000027  5000.18883  0.214  0.028 5.905  0.048 5.212
OGLE-BLG-RRLYR-09228  16.052 17.089  0.28794391 0.00000051  5000.15117  0.287  0.156 4.858  0.097 3.368
OGLE-BLG-RRLYR-09231  16.603 18.454  0.29382456 0.00000016  5000.27083  0.280  0.136 4.908  0.091 3.734
OGLE-BLG-RRLYR-09237  16.405 17.847  0.28813640 0.00000080  5000.01981  0.206  0.114 4.835  0.037 2.898
OGLE-BLG-RRLYR-09239  16.274 18.080  0.26124070 0.00000007  5000.26114  0.230  0.196 4.724  0.069 3.021
OGLE-BLG-RRLYR-09241  17.187 19.364  0.29447524 0.00000009  5000.10988  0.277  0.136 4.996  0.076 3.560
OGLE-BLG-RRLYR-09242  15.810 17.082  0.35537172 0.00000056  5000.35309  0.284  0.088 5.143  0.072 4.298
OGLE-BLG-RRLYR-09249  16.506 18.376  0.30475540 0.00000015  5000.01710  0.222  0.116 4.775  0.072 3.898
OGLE-BLG-RRLYR-09250  17.348 18.325  0.28863011 0.00000039  5000.04824  0.453  0.165 4.848  0.098 3.219
OGLE-BLG-RRLYR-09252  16.493 18.476  0.26742883 0.00000041  5000.13953  0.129  0.117 4.110  0.000   -  
OGLE-BLG-RRLYR-09260  17.113 19.132  0.28411209 0.00000010  5000.22877  0.280  0.144 4.685  0.104 3.267
OGLE-BLG-RRLYR-09264  16.730 18.710  0.30322403 0.00000016  5000.00775  0.262  0.095 4.923  0.078 4.136
OGLE-BLG-RRLYR-09267  16.904 18.678  0.24987617 0.00000008  5000.03476  0.245  0.135 4.729  0.078 3.521
OGLE-BLG-RRLYR-09268  16.288 17.928  0.26544310 0.00000005  5000.12620  0.267  0.189 4.745  0.078 2.919
OGLE-BLG-RRLYR-09270  15.845 17.236  0.37028864 0.00000158  5000.15193  0.229  0.070 5.989  0.103 4.809
OGLE-BLG-RRLYR-09274  16.692 18.987  0.31513508 0.00000055  5000.11701  0.200  0.104 4.773  0.071 4.079
OGLE-BLG-RRLYR-09277  16.332 17.796  0.25146719 0.00000007  5000.12939  0.213  0.148 4.699  0.029 2.518
OGLE-BLG-RRLYR-09278  17.567 19.907  0.27352216 0.00000021  5000.10930  0.218  0.097 4.693  0.065 3.872
OGLE-BLG-RRLYR-09281  16.555 18.289  0.32572093 0.00000010  5000.19069  0.272  0.085 5.117  0.062 4.092
OGLE-BLG-RRLYR-09288  16.043 17.158  0.28565002 0.00000053  5000.19230  0.258  0.149 4.702  0.102 3.489
OGLE-BLG-RRLYR-09290  16.747 18.546  0.24871471 0.00000016  5000.09242  0.170  0.095 4.546  0.030 3.317
OGLE-BLG-RRLYR-09291  15.966 17.076  0.34986181 0.00000085  5000.19713  0.287  0.053 4.799  0.056 4.882
OGLE-BLG-RRLYR-09292  16.639 18.646  0.30442083 0.00000016  5000.17383  0.243  0.096 4.852  0.074 4.207
OGLE-BLG-RRLYR-09297  16.428 17.989  0.34967920 0.00000067  5000.02046  0.243  0.094 5.555  0.022 4.156
OGLE-BLG-RRLYR-09298  16.596 18.743  0.31963138 0.00000018  5000.30187  0.222  0.099 4.954  0.069 4.435
OGLE-BLG-RRLYR-09299  16.086 16.901  0.27624638 0.00000048  5000.14092  0.138  0.091 4.910  0.000   -  
OGLE-BLG-RRLYR-09300  15.176 16.509  0.32739786 0.00000020  5000.28124  0.110  0.079 4.937  0.080 4.530
OGLE-BLG-RRLYR-09305  16.096 17.443  0.30294954 0.00000004  5000.27541  0.251  0.105 4.916  0.074 3.986
OGLE-BLG-RRLYR-09306  16.797 18.839  0.29495504 0.00000012  5000.24600  0.279  0.113 4.916  0.080 3.565
OGLE-BLG-RRLYR-09312  16.870 18.769  0.34715556 0.00000061  5000.25357  0.235  0.103 5.100  0.037 4.295
OGLE-BLG-RRLYR-09313  16.705 18.712  0.29389082 0.00000017  5000.16611  0.225  0.070 4.836  0.058 4.927
OGLE-BLG-RRLYR-09314  16.595 18.279  0.27220898 0.00000017  5000.06804  0.255  0.147 4.789  0.086 3.205
OGLE-BLG-RRLYR-09315  16.513 18.103  0.35667096 0.00000018  5000.30332  0.218  0.059 4.969  0.022 4.294
OGLE-BLG-RRLYR-09319  16.360 17.985  0.34192353 0.00000037  5000.21460  0.255  0.108 5.143  0.070 4.294
OGLE-BLG-RRLYR-09323  17.185 19.506  0.32622627 0.00000026  5000.11434  0.243  0.172 4.809  0.074 3.136
OGLE-BLG-RRLYR-09324  16.627 18.345  0.25213249 0.00000011  5000.12381  0.195  0.133 4.749  0.029 3.138
OGLE-BLG-RRLYR-09325  15.869 17.102  0.36521836 0.00000043  5000.12642  0.279  0.052 5.139  0.066 4.358
OGLE-BLG-RRLYR-09331  16.147 17.598  0.29290095 0.00000020  5000.21994  0.262  0.162 5.036  0.089 3.509
OGLE-BLG-RRLYR-09333  15.521    -    0.26365086 0.00000124  5000.10018  0.291  0.184 4.889  0.080 3.100
OGLE-BLG-RRLYR-09334  16.375 18.252  0.39923461 0.00000144  5000.04147  0.216  0.000   -    0.102 0.491
OGLE-BLG-RRLYR-09335  16.535 18.117  0.25614686 0.00000008  5000.12982  0.245  0.143 4.774  0.038 3.005
OGLE-BLG-RRLYR-09337  15.668 16.584  0.32278222 0.00000101  5000.20004  0.286  0.142 4.899  0.063 4.348
OGLE-BLG-RRLYR-09341  15.601 17.039  0.31542633 0.00000007  5000.05137  0.265  0.101 4.925  0.064 4.101
OGLE-BLG-RRLYR-09347  16.342 17.770  0.27017960 0.00000013  5000.15250  0.222  0.141 4.467  0.035 2.306
OGLE-BLG-RRLYR-09349  15.988 17.381  0.24916615 0.00000002  5000.00587  0.224  0.128 4.703  0.075 3.755
OGLE-BLG-RRLYR-09350  16.658 18.643  0.30318733 0.00000063  5000.08344  0.257  0.122 4.777  0.068 3.749
OGLE-BLG-RRLYR-09351  16.799 18.704  0.27314040 0.00000008  5000.02203  0.255  0.152 4.897  0.061 3.138
OGLE-BLG-RRLYR-09352  16.153 17.594  0.28699992 0.00000015  5000.06369  0.148  0.040 5.155  0.027 4.715
OGLE-BLG-RRLYR-09359  16.551 18.450  0.33555067 0.00000025  5000.15401  0.245  0.087 5.226  0.058 4.487
OGLE-BLG-RRLYR-09361  16.418 18.031  0.30777948 0.00000020  5000.28454  0.272  0.128 5.008  0.080 3.965
OGLE-BLG-RRLYR-09364  16.967 19.182  0.33050665 0.00000014  5000.04742  0.272  0.106 4.978  0.078 4.071
OGLE-BLG-RRLYR-09365  16.595 18.497  0.31714993 0.00000013  5000.03894  0.269  0.101 4.955  0.082 4.302
OGLE-BLG-RRLYR-09366  16.372 17.820  0.26293617 0.00000010  5000.19227  0.281  0.191 4.746  0.071 2.975
OGLE-BLG-RRLYR-09368  16.539 18.212  0.33206344 0.00000017  5000.10431  0.251  0.101 5.118  0.073 4.191
OGLE-BLG-RRLYR-09375  16.872 18.758  0.28790995 0.00000009  5000.09478  0.278  0.154 4.732  0.100 3.364
OGLE-BLG-RRLYR-09377  16.609 18.369  0.32491323 0.00000017  5000.31766  0.238  0.092 4.996  0.069 4.165
OGLE-BLG-RRLYR-09378  16.127 17.367  0.25832437 0.00000028  5000.15787  0.167  0.116 4.954  0.000   -  
OGLE-BLG-RRLYR-09387  16.051 17.446  0.27857903 0.00000002  5000.18895  0.295  0.169 4.753  0.107 3.120
OGLE-BLG-RRLYR-09389  16.974 18.959  0.32831415 0.00000031  5000.30479  0.237  0.101 5.087  0.067 4.610
OGLE-BLG-RRLYR-09390  16.133 17.421  0.35274629 0.00000018  5000.17125  0.263  0.077 5.249  0.062 4.652
OGLE-BLG-RRLYR-09395  16.675 18.524  0.28279125 0.00000006  5000.04263  0.270  0.193 4.968  0.127 3.341
OGLE-BLG-RRLYR-09403  15.681 16.800  0.28965050 0.00000016  5000.20603  0.279  0.139 4.787  0.096 3.626
OGLE-BLG-RRLYR-09409  18.046    -    0.29554016 0.00000063  5000.28610  0.232  0.082 5.131  0.139 3.268
OGLE-BLG-RRLYR-09412  17.038    -    0.27862307 0.00000020  5000.25965  0.304  0.122 4.649  0.059 3.190
OGLE-BLG-RRLYR-09413  17.241    -    0.27415994 0.00000013  5000.06734  0.301  0.163 4.857  0.093 3.153
OGLE-BLG-RRLYR-09414  16.166 17.662  0.32614555 0.00000020  5000.26476  0.283  0.050 5.179  0.082 4.484
OGLE-BLG-RRLYR-09416  16.326 17.300  0.28598262 0.00000028  5000.20777  0.241  0.093 4.768  0.070 4.345
OGLE-BLG-RRLYR-09420  16.082 17.364  0.33845961 0.00000086  5000.22829  0.257  0.104 5.186  0.068 4.654
OGLE-BLG-RRLYR-09424  17.691 19.533  0.32001950 0.00000118  5000.08071  0.283  0.091 5.592  0.094 3.958
OGLE-BLG-RRLYR-09426  16.165 17.680  0.22338700 0.00000008  5000.13833  0.129  0.162 4.513  0.047 2.893
OGLE-BLG-RRLYR-09433  16.569 18.527  0.27294685 0.00000013  5000.20641  0.239  0.127 4.750  0.075 3.841
OGLE-BLG-RRLYR-09435  17.027 18.812  0.24962900 0.00000060  5000.13555  0.192  0.074 4.839  0.000   -  
OGLE-BLG-RRLYR-09436  15.760 16.944  0.33014123 0.00000008  5000.06841  0.258  0.086 5.056  0.068 4.460
OGLE-BLG-RRLYR-09440  17.102 18.993  0.31125337 0.00000028  5000.12570  0.267  0.089 5.171  0.076 4.435
OGLE-BLG-RRLYR-09441  17.325 18.738  0.26474674 0.00000022  5000.26125  0.191  0.123 4.698  0.000   -  
OGLE-BLG-RRLYR-09444  16.565 18.510  0.32376741 0.00000011  5000.31235  0.249  0.098 5.040  0.072 4.030
OGLE-BLG-RRLYR-09447  16.965 18.771  0.20564398 0.00000007  5000.17889  0.199  0.131 4.615  0.048 3.337
OGLE-BLG-RRLYR-09448  15.880 17.030  0.30415377 0.00000027  5000.13616  0.270  0.098 4.994  0.086 4.187
OGLE-BLG-RRLYR-09449  16.543 18.045  0.34921257 0.00000041  5000.05273  0.290  0.072 5.296  0.082 4.528
OGLE-BLG-RRLYR-09451  17.378 18.992  0.26692509 0.00000041  5000.10810  0.255  0.124 4.860  0.075 3.527
OGLE-BLG-RRLYR-09454  16.194 17.637  0.28280697 0.00000008  5000.12654  0.285  0.156 4.767  0.097 3.324
OGLE-BLG-RRLYR-09462  16.380 18.194  0.35637795 0.00000082  5000.17128  0.271  0.067 5.124  0.059 4.696
OGLE-BLG-RRLYR-09466  16.196 18.183  0.26319364 0.00000011  5000.17633  0.286  0.194 4.768  0.076 2.985
OGLE-BLG-RRLYR-09471  16.941 18.724  0.27544968 0.00000009  5000.24176  0.233  0.118 4.835  0.049 3.225
OGLE-BLG-RRLYR-09474  15.779 16.691  0.31996228 0.00000043  5000.22187  0.264  0.118 5.180  0.041 4.025
OGLE-BLG-RRLYR-09480  16.871 18.848  0.30490902 0.00000011  5000.11111  0.267  0.094 5.170  0.071 3.952
OGLE-BLG-RRLYR-09481  17.275 19.810  0.31771908 0.00000021  5000.31258  0.248  0.098 4.959  0.060 4.284
OGLE-BLG-RRLYR-09482  16.260 17.525  0.25387299 0.00000047  5000.06715  0.128  0.000   -    0.057 4.381
OGLE-BLG-RRLYR-09486  17.623 20.502  0.27942770 0.00000016  5000.03168  0.259  0.147 4.703  0.101 3.399
OGLE-BLG-RRLYR-09495  15.130 16.255  0.38132481 0.00000080  5000.32241  0.236  0.085 5.308  0.060 4.431
OGLE-BLG-RRLYR-09497  16.979 19.045  0.29119437 0.00000011  5000.27693  0.284  0.141 4.729  0.089 3.525
OGLE-BLG-RRLYR-09501  16.688 18.193  0.31301233 0.00000042  5000.11666  0.263  0.107 4.966  0.093 4.133
OGLE-BLG-RRLYR-09503  15.831 17.059  0.31040551 0.00000020  5000.26788  0.214  0.078 4.648  0.037 4.558
OGLE-BLG-RRLYR-09506  17.679 20.308  0.32692654 0.00000050  5000.31564  0.233  0.051 4.718  0.054 3.819
OGLE-BLG-RRLYR-09510  17.408 19.907  0.31504317 0.00000023  5000.16553  0.230  0.095 4.968  0.072 4.110
OGLE-BLG-RRLYR-09511  15.832 17.086  0.30283591 0.00000015  5000.21216  0.217  0.083 4.978  0.076 4.400
OGLE-BLG-RRLYR-09515  17.357 20.080  0.33570593 0.00000026  5000.14352  0.247  0.102 5.162  0.071 4.250
OGLE-BLG-RRLYR-09516  16.796 18.951  0.40034185 0.00000030  5000.04598  0.250  0.022 3.844  0.062 4.917
OGLE-BLG-RRLYR-09520  17.071 18.556  0.24892982 0.00000011  5000.18525  0.231  0.155 4.657  0.096 3.180
OGLE-BLG-RRLYR-09521  16.210 17.660  0.32317531 0.00000006  5000.03697  0.235  0.102 5.008  0.069 4.139
OGLE-BLG-RRLYR-09529  15.781 16.908  0.30693235 0.00000004  5000.10291  0.249  0.110 4.820  0.078 3.930
OGLE-BLG-RRLYR-09535  16.419 17.694  0.26205745 0.00000041  5000.21206  0.258  0.122 4.807  0.032 3.039
OGLE-BLG-RRLYR-09537  17.783 20.673  0.29051018 0.00000026  5000.06319  0.291  0.161 4.636  0.090 3.553
OGLE-BLG-RRLYR-09538  16.183 18.203  0.33205670 0.00000053  5000.02260  0.259  0.073 5.500  0.074 4.660
OGLE-BLG-RRLYR-09540  14.695 15.689  0.32318312 0.00000041  5000.10758  0.266  0.105 5.015  0.086 4.362
OGLE-BLG-RRLYR-09542  16.607 18.353  0.26144451 0.00000035  5000.06480  0.184  0.135 3.931  0.000   -  
OGLE-BLG-RRLYR-09546  17.115 19.857  0.31927978 0.00000017  5000.12829  0.260  0.102 4.865  0.074 4.220
OGLE-BLG-RRLYR-09556  17.502 19.643  0.26774962 0.00000044  5000.09608  0.220  0.160 4.403  0.000   -  
OGLE-BLG-RRLYR-09562  16.052 16.872  0.22837617 0.00000032  5000.03195  0.200  0.110 4.448  0.034 4.707
OGLE-BLG-RRLYR-09565  16.476 18.311  0.28652828 0.00000019  5000.17303  0.246  0.134 4.695  0.083 3.341
OGLE-BLG-RRLYR-09578  16.608 18.341  0.30527657 0.00000034  5000.23677  0.275  0.098 4.878  0.071 4.268
OGLE-BLG-RRLYR-09583  16.360 18.384  0.30497266 0.00000014  5000.01702  0.148  0.079 4.981  0.063 4.446
OGLE-BLG-RRLYR-09584  16.761 18.832  0.28437457 0.00000085  5000.08180  0.263  0.162 4.635  0.099 3.300
OGLE-BLG-RRLYR-09587  17.322 19.756  0.35077414 0.00000027  5000.17325  0.297  0.109 5.256  0.068 4.142
OGLE-BLG-RRLYR-09593  15.487 16.396  0.38054383 0.00000200  5000.19553  0.253  0.083 5.785  0.085 4.719
OGLE-BLG-RRLYR-09594  16.823 19.022  0.32046447 0.00000019  5000.13858  0.240  0.099 4.870  0.062 3.988
OGLE-BLG-RRLYR-09595  16.003 17.125  0.27531623 0.00000006  5000.15354  0.297  0.176 4.743  0.097 2.908
OGLE-BLG-RRLYR-09597  16.201 17.342  0.35136808 0.00000114  5000.33100  0.246  0.099 5.269  0.065 4.234
OGLE-BLG-RRLYR-09598  15.946 17.178  0.32927995 0.00000013  5000.07778  0.219  0.047 5.728  0.062 5.092
OGLE-BLG-RRLYR-09599  16.181 17.460  0.32068256 0.00000013  5000.23177  0.250  0.092 5.016  0.067 4.327
OGLE-BLG-RRLYR-09601  16.603 17.846  0.20621410 0.00000012  5000.02873  0.203  0.127 4.746  0.055 3.476
OGLE-BLG-RRLYR-09604  16.294 17.469  0.27741783 0.00000035  5000.05025  0.291  0.168 4.649  0.099 3.137
OGLE-BLG-RRLYR-09605  16.358 17.747  0.25572102 0.00000036  5000.17766  0.208  0.084 4.815  0.000   -  
OGLE-BLG-RRLYR-09609  16.216 17.717  0.27688845 0.00000004  5000.14786  0.255  0.153 4.914  0.075 3.132
OGLE-BLG-RRLYR-09610  18.038 21.035  0.33937493 0.00000033  5000.32499  0.293  0.096 5.154  0.069 4.737
OGLE-BLG-RRLYR-09611  16.552 18.407  0.34050628 0.00000050  5000.14816  0.282  0.058 5.321  0.057 4.542
OGLE-BLG-RRLYR-09612  17.042 19.128  0.29362806 0.00000021  5000.07560  0.231  0.071 4.865  0.056 3.884
OGLE-BLG-RRLYR-09613  16.133 17.703  0.38630284 0.00000141  5000.06369  0.266  0.033 6.018  0.077 4.978
OGLE-BLG-RRLYR-09615  15.755 17.067  0.32740097 0.00000023  5000.14614  0.270  0.105 4.832  0.074 4.072
OGLE-BLG-RRLYR-09616  17.170 19.865  0.34284874 0.00000035  5000.17498  0.190  0.056 5.001  0.032 3.905
OGLE-BLG-RRLYR-09617  15.464 16.335  0.27614796 0.00000151  5000.14959  0.289  0.192 5.029  0.140 3.105
OGLE-BLG-RRLYR-09618  16.350 17.899  0.26151246 0.00000014  5000.04564  0.232  0.138 4.711  0.076 3.768
OGLE-BLG-RRLYR-09620  17.293 19.433  0.29163323 0.00000014  5000.27195  0.269  0.126 4.843  0.086 3.950
OGLE-BLG-RRLYR-09621  15.727 16.856  0.32596948 0.00000038  5000.31491  0.259  0.094 5.033  0.056 4.051
OGLE-BLG-RRLYR-09631  16.003 17.252  0.28027248 0.00000002  5000.16668  0.284  0.163 4.771  0.096 3.143
OGLE-BLG-RRLYR-09632  15.818 16.849  0.27912785 0.00000071  5000.06439  0.298  0.194 4.574  0.105 3.061
OGLE-BLG-RRLYR-09633  16.938 18.877  0.27771090 0.00000017  5000.24047  0.247  0.119 4.664  0.055 3.705
OGLE-BLG-RRLYR-09637  15.594 16.506  0.29648275 0.00000017  5000.22606  0.274  0.133 4.868  0.089 3.767
OGLE-BLG-RRLYR-09638  16.334 18.023  0.32945921 0.00000032  5000.12031  0.290  0.106 5.126  0.055 4.052
OGLE-BLG-RRLYR-09639  16.865 19.172  0.33591633 0.00000025  5000.08943  0.275  0.076 4.876  0.084 4.591
OGLE-BLG-RRLYR-09644  16.435 17.858  0.21743491 0.00000023  5000.13531  0.179  0.097 4.646  0.051 3.248
OGLE-BLG-RRLYR-09646  16.113 17.163  0.23126486 0.00000005  5000.07032  0.268  0.167 4.856  0.049 3.391
OGLE-BLG-RRLYR-09647  17.030 18.853  0.26891563 0.00000018  5000.18650  0.187  0.111 5.267  0.051 4.912
OGLE-BLG-RRLYR-09649  15.909 17.162  0.30892706 0.00000008  5000.15722  0.261  0.142 4.742  0.077 3.445
OGLE-BLG-RRLYR-09653  16.769 18.411  0.24264104 0.00000012  5000.23068  0.161  0.104 4.849  0.042 4.262
OGLE-BLG-RRLYR-09655  15.857 17.095  0.39610174 0.00000137  5000.12872  0.292  0.039 5.563  0.076 5.042
OGLE-BLG-RRLYR-09656  16.030 17.679  0.42506635 0.00000036  5000.00245  0.221  0.077 1.667  0.096 5.777
OGLE-BLG-RRLYR-09660  17.646 20.019  0.26348387 0.00000026  5000.03143  0.263  0.197 4.712  0.088 3.213
OGLE-BLG-RRLYR-09664  16.300 17.246  0.30925477 0.00000023  5000.29377  0.246  0.101 4.881  0.072 4.093
OGLE-BLG-RRLYR-09665  17.389 18.743  0.29925302 0.00000052  5000.00298  0.231  0.123 5.062  0.068 4.218
OGLE-BLG-RRLYR-09671  16.266 17.680  0.28266446 0.00000011  5000.27494  0.317  0.139 4.892  0.073 3.524
OGLE-BLG-RRLYR-09673  17.092 19.303  0.28366121 0.00000012  5000.07538  0.277  0.154 4.905  0.082 3.293
OGLE-BLG-RRLYR-09682  17.836 20.440  0.38325017 0.00000066  5000.08379  0.160  0.101 3.500  0.000   -  
OGLE-BLG-RRLYR-09684  16.246 17.662  0.30376612 0.00000011  5000.13019  0.177  0.117 4.776  0.023 3.323
OGLE-BLG-RRLYR-09685  17.365 20.099  0.28139773 0.00000014  5000.06151  0.274  0.153 4.760  0.096 3.200
OGLE-BLG-RRLYR-09691  16.223 17.473  0.27019272 0.00000013  5000.23186  0.281  0.187 4.791  0.085 3.097
OGLE-BLG-RRLYR-09696  14.675 15.787  0.30838329 0.00000004  5000.17718  0.220  0.044 4.511  0.021 5.273
OGLE-BLG-RRLYR-09697  15.563 16.512  0.26682188 0.00000069  5000.21834  0.279  0.196 4.752  0.047 3.309
OGLE-BLG-RRLYR-09703  17.117 18.863  0.29850908 0.00000014  5000.10195  0.251  0.117 4.808  0.081 3.842
OGLE-BLG-RRLYR-09706  16.029 17.119  0.25252838 0.00000012  5000.16896  0.110  0.043 4.764  0.030 3.421
OGLE-BLG-RRLYR-09708  15.762 17.260  0.35932715 0.00000048  5000.16625  0.208  0.048 5.633  0.028 5.074
OGLE-BLG-RRLYR-09712  15.393 16.532  0.31873457 0.00000064  5000.21354  0.232  0.113 4.863  0.086 4.111
OGLE-BLG-RRLYR-09715  17.767    -    0.32624691 0.00000059  5000.32230  0.172  0.145 4.815  0.073 4.405
OGLE-BLG-RRLYR-09720  16.922 18.649  0.27907835 0.00000027  5000.00023  0.255  0.194 4.821  0.094 3.070
OGLE-BLG-RRLYR-09733  16.104 17.601  0.31378095 0.00000005  5000.29365  0.237  0.094 4.910  0.071 4.264
OGLE-BLG-RRLYR-09736  16.878 18.974  0.32184571 0.00000025  5000.31347  0.276  0.068 5.167  0.081 4.695
OGLE-BLG-RRLYR-09737  15.918 17.053  0.25649667 0.00000006  5000.19220  0.249  0.118 4.791  0.036 3.645
OGLE-BLG-RRLYR-09741  16.312 17.854  0.33577293 0.00000120  5000.27771  0.260  0.087 5.049  0.056 4.273
OGLE-BLG-RRLYR-09746  16.466 18.053  0.32744935 0.00000159  5000.04039  0.198  0.160 5.071  0.054 5.105
OGLE-BLG-RRLYR-09749  15.888 17.107  0.32133325 0.00000012  5000.24791  0.254  0.050 4.934  0.063 5.150
OGLE-BLG-RRLYR-09752  16.364 18.168  0.33274067 0.00000008  5000.31586  0.271  0.124 5.124  0.070 3.804
OGLE-BLG-RRLYR-09754  18.604 21.261  0.36632161 0.00000077  5000.20768  0.297  0.100 5.298  0.107 4.644
OGLE-BLG-RRLYR-09758  16.587 17.872  0.26021789 0.00000044  5000.19815  0.204  0.076 4.931  0.101 2.902
OGLE-BLG-RRLYR-09769  17.207 19.687  0.25795497 0.00000021  5000.03533  0.151  0.100 4.803  0.000   -  
OGLE-BLG-RRLYR-09771  16.888 18.816  0.26098327 0.00000011  5000.06297  0.253  0.150 4.750  0.081 3.582
OGLE-BLG-RRLYR-09774  16.299 18.273  0.42594648 0.00000254  5000.37425  0.151  0.115 4.635  0.000   -  
OGLE-BLG-RRLYR-09775  16.786 18.571  0.23540456 0.00000013  5000.03337  0.204  0.177 4.662  0.086 3.387
OGLE-BLG-RRLYR-09783  17.453 20.013  0.28304765 0.00000027  5000.10749  0.194  0.000   -    0.058 4.935
OGLE-BLG-RRLYR-09787  16.590 18.629  0.35050692 0.00000016  5000.23104  0.194  0.033 5.973  0.064 5.017
OGLE-BLG-RRLYR-09788  15.469 16.210  0.28212458 0.00000046  5000.03769  0.282  0.158 5.061  0.077 3.206
OGLE-BLG-RRLYR-09790  17.244 19.270  0.32156158 0.00000075  5000.15277  0.266  0.049 5.132  0.070 5.075
OGLE-BLG-RRLYR-09791  16.263 17.411  0.32394658 0.00000087  5000.22209  0.274  0.068 5.255  0.071 3.849
OGLE-BLG-RRLYR-09795  15.846 16.996  0.31618865 0.00000004  5000.28319  0.308  0.176 4.887  0.105 3.334
OGLE-BLG-RRLYR-09798  16.171 17.822  0.31717995 0.00000065  5000.21400  0.281  0.125 5.172  0.083 4.436
OGLE-BLG-RRLYR-09800  15.682 16.671  0.31856599 0.00000080  5000.31007  0.263  0.094 4.796  0.076 4.118
OGLE-BLG-RRLYR-09804  18.203 21.320  0.26388416 0.00000022  5000.05500  0.286  0.162 4.892  0.000   -  
OGLE-BLG-RRLYR-09809  16.264 17.755  0.29856585 0.00000012  5000.27618  0.277  0.127 5.050  0.082 3.938
OGLE-BLG-RRLYR-09811  15.942 17.307  0.31326528 0.00000005  5000.11244  0.254  0.099 4.962  0.078 4.099
OGLE-BLG-RRLYR-09812  16.573 17.806  0.38838081 0.00000068  5000.18362  0.214  0.039 5.727  0.060 4.213
OGLE-BLG-RRLYR-09813  16.131 17.553  0.30360557 0.00000013  5000.03078  0.247  0.110 4.803  0.060 3.910
OGLE-BLG-RRLYR-09816  17.529 19.942  0.31950525 0.00000027  5000.12219  0.222  0.101 4.729  0.062 4.126
OGLE-BLG-RRLYR-09817  17.190 18.527  0.22516460 0.00000056  5000.11209  0.257  0.138 4.366  0.081 3.080
OGLE-BLG-RRLYR-09820  17.274 19.767  0.32884454 0.00000023  5000.32733  0.262  0.102 5.036  0.071 4.121
OGLE-BLG-RRLYR-09825  15.729 16.919  0.34397801 0.00000013  5000.19264  0.248  0.094 4.931  0.062 4.098
OGLE-BLG-RRLYR-09832  16.062 17.037  0.31692852 0.00000059  5000.05218  0.252  0.114 4.974  0.066 4.229
OGLE-BLG-RRLYR-09834  16.890 18.860  0.26054993 0.00000014  5000.17086  0.264  0.150 4.775  0.055 3.216
OGLE-BLG-RRLYR-09836  16.071 17.366  0.31287191 0.00000009  5000.07689  0.245  0.102 4.933  0.078 4.168
OGLE-BLG-RRLYR-09844  16.554 18.474  0.34621558 0.00000017  5000.05326  0.281  0.085 5.192  0.071 4.449
OGLE-BLG-RRLYR-09846  17.410 20.011  0.31792837 0.00000028  5000.05053  0.244  0.107 4.843  0.087 4.108
OGLE-BLG-RRLYR-09858  16.492 17.892  0.30456899 0.00000024  5000.26195  0.291  0.159 4.763  0.097 3.308
OGLE-BLG-RRLYR-09860  16.107 17.493  0.33042063 0.00000010  5000.06915  0.274  0.087 5.314  0.048 4.308
OGLE-BLG-RRLYR-09863  16.574 18.107  0.28549559 0.00000018  5000.24652  0.274  0.167 4.829  0.081 3.618
OGLE-BLG-RRLYR-09868  16.861 18.713  0.29430149 0.00000014  5000.00157  0.271  0.143 4.819  0.083 3.650
OGLE-BLG-RRLYR-09878  16.403 18.386  0.31737915 0.00000022  5000.20918  0.271  0.114 5.107  0.091 4.012
OGLE-BLG-RRLYR-09883  16.040 18.261  0.30409526 0.00000019  5000.09549  0.123  0.096 4.719  0.086 3.692
OGLE-BLG-RRLYR-09891  16.821 18.782  0.31103882 0.00000022  5000.03220  0.267  0.116 4.910  0.090 3.949
OGLE-BLG-RRLYR-09892  16.684 18.694  0.35422617 0.00000019  5000.05220  0.273  0.054 5.227  0.064 4.819
OGLE-BLG-RRLYR-09897  16.629 18.500  0.30978828 0.00000014  5000.26146  0.238  0.103 4.943  0.075 4.079
OGLE-BLG-RRLYR-09902  16.660 18.360  0.27176030 0.00000096  5000.12661  0.266  0.155 4.923  0.072 2.977
OGLE-BLG-RRLYR-09907  15.965 17.305  0.32715010 0.00000019  5000.14199  0.248  0.082 4.913  0.069 4.524
OGLE-BLG-RRLYR-09910  16.243 17.919  0.35408018 0.00000033  5000.20811  0.247  0.082 5.464  0.077 4.595
OGLE-BLG-RRLYR-09914  16.190 18.191  0.32426421 0.00000085  5000.26130  0.188  0.085 5.224  0.073 3.727
OGLE-BLG-RRLYR-09920  16.379 17.978  0.32704700 0.00000070  5000.02249  0.287  0.102 5.082  0.092 4.218
OGLE-BLG-RRLYR-09921  18.283 20.312  0.32493367 0.00000054  5000.29693  0.247  0.152 5.342  0.088 3.373
OGLE-BLG-RRLYR-09922  15.599 16.452  0.32817749 0.00000140  5000.04807  0.266  0.076 5.099  0.081 4.508
OGLE-BLG-RRLYR-09926  15.460 16.588  0.38239008 0.00000010  5000.17177  0.230  0.034 5.982  0.066 4.911
OGLE-BLG-RRLYR-09927  16.827 18.783  0.29450638 0.00000016  5000.18377  0.266  0.132 4.856  0.097 3.660
OGLE-BLG-RRLYR-09929  15.823 17.070  0.29916719 0.00000007  5000.22630  0.254  0.121 4.832  0.075 3.770
OGLE-BLG-RRLYR-09930  18.122 21.136  0.32297691 0.00000035  5000.04856  0.254  0.095 5.323  0.099 4.518
OGLE-BLG-RRLYR-09933  16.147 17.565  0.27950224 0.00000064  5000.17345  0.230  0.113 4.989  0.080 4.160
OGLE-BLG-RRLYR-09942  16.889 18.846  0.27777129 0.00000020  5000.03370  0.274  0.142 4.664  0.099 3.546
OGLE-BLG-RRLYR-09944  16.028 17.364  0.32686520 0.00000010  5000.16544  0.211  0.104 5.061  0.075 4.135
OGLE-BLG-RRLYR-09949  16.302 18.056  0.28326866 0.00000007  5000.02099  0.298  0.193 4.835  0.086 3.027
OGLE-BLG-RRLYR-09952  16.589 18.384  0.37673380 0.00000025  5000.14785  0.289  0.065 5.153  0.073 4.737
OGLE-BLG-RRLYR-09955  16.583 18.231  0.34352414 0.00000036  5000.07787  0.256  0.065 5.018  0.048 5.034
OGLE-BLG-RRLYR-09961  16.063 17.329  0.38939537 0.00000018  5000.13567  0.272  0.022 3.063  0.045 5.685
OGLE-BLG-RRLYR-09967  16.146 17.464  0.25635362 0.00000005  5000.02018  0.198  0.119 4.884  0.078 3.643
OGLE-BLG-RRLYR-09968  16.467 17.894  0.38345519 0.00000097  5000.28205  0.249  0.084 5.989  0.049 4.586
OGLE-BLG-RRLYR-09973  16.935 18.209  0.26950941 0.00000026  5000.22731  0.312  0.160 4.861  0.060 2.680
OGLE-BLG-RRLYR-09976  16.191 17.755  0.41277875 0.00000051  5000.41137  0.253  0.046 3.125  0.051 5.448
OGLE-BLG-RRLYR-09977  16.252 17.635  0.28851436 0.00000004  5000.21607  0.276  0.147 4.851  0.091 3.624
OGLE-BLG-RRLYR-09978  16.643 18.282  0.25881594 0.00000015  5000.18912  0.151  0.096 4.762  0.000   -  
OGLE-BLG-RRLYR-09985  16.672    -    0.31675390 0.00000017  5000.30660  0.248  0.088 4.970  0.063 4.279
OGLE-BLG-RRLYR-09987  16.548 18.375  0.28091321 0.00000009  5000.18719  0.286  0.158 4.725  0.099 3.019
OGLE-BLG-RRLYR-09988  16.277 18.059  0.30615988 0.00000108  5000.02724  0.256  0.084 5.063  0.079 4.050
OGLE-BLG-RRLYR-09991  16.262 17.618  0.26607376 0.00000005  5000.16846  0.173  0.099 4.730  0.021 2.866
OGLE-BLG-RRLYR-09992  16.035 17.426  0.26964834 0.00000008  5000.25729  0.237  0.136 4.089  0.037 1.885
OGLE-BLG-RRLYR-09995  16.352 18.065  0.43454888 0.00000051  5000.28562  0.235  0.150 5.390  0.064 4.010
OGLE-BLG-RRLYR-09998  16.207 17.407  0.36033951 0.00000051  5000.14056  0.269  0.055 5.539  0.069 4.450
OGLE-BLG-RRLYR-09999  16.109 17.493  0.31761565 0.00000013  5000.01973  0.242  0.078 5.185  0.053 4.168
OGLE-BLG-RRLYR-10000  15.823 17.056  0.29739140 0.00000006  5000.21035  0.244  0.120 4.679  0.068 3.744
OGLE-BLG-RRLYR-10006  17.847 21.094  0.37833287 0.00000098  5000.31834  0.263  0.062 5.201  0.054 5.098
OGLE-BLG-RRLYR-10008  16.050 17.355  0.30434812 0.00000008  5000.04444  0.254  0.107 4.731  0.061 3.846
OGLE-BLG-RRLYR-10016  16.301 17.634  0.27597823 0.00000012  5000.15699  0.193  0.112 4.881  0.032 2.892
OGLE-BLG-RRLYR-10021  16.724 18.876  0.38723416 0.00000121  5000.26570  0.194  0.036 4.958  0.047 5.420
OGLE-BLG-RRLYR-10022  16.612 18.362  0.28678235 0.00000011  5000.13145  0.268  0.171 4.961  0.106 3.330
OGLE-BLG-RRLYR-10023  16.511 18.101  0.41432634 0.00000086  5000.36873  0.209  0.000   -    0.047 5.133
OGLE-BLG-RRLYR-10024  16.366 17.794  0.24829801 0.00000010  5000.08838  0.182  0.105 4.656  0.000   -  
OGLE-BLG-RRLYR-10027  15.566 17.042  0.36394080 0.00000046  5000.33414  0.085  0.045 4.960  0.072 4.463
OGLE-BLG-RRLYR-10035  16.025 17.488  0.32746697 0.00000016  5000.25988  0.245  0.085 4.984  0.077 4.383
OGLE-BLG-RRLYR-10037  15.604 16.830  0.32979652 0.00000004  5000.32034  0.261  0.082 5.194  0.071 4.551
OGLE-BLG-RRLYR-10040  16.421 17.985  0.31351215 0.00000011  5000.25801  0.260  0.104 4.937  0.066 4.015
OGLE-BLG-RRLYR-10043  16.390 17.694  0.25417639 0.00000032  5000.22440  0.250  0.144 4.867  0.083 3.645
OGLE-BLG-RRLYR-10050  14.264 15.700  0.25831184 0.00000037  5000.02202  0.043  0.177 4.385  0.050 2.737
OGLE-BLG-RRLYR-10054  17.070 19.283  0.23323663 0.00000019  5000.19769  0.228  0.114 4.916  0.067 3.045
OGLE-BLG-RRLYR-10056  17.018 18.472  0.29856410 0.00000016  5000.12713  0.247  0.123 4.809  0.066 3.590
OGLE-BLG-RRLYR-10058  16.428 17.777  0.32181957 0.00000019  5000.30525  0.250  0.093 5.003  0.080 4.247
OGLE-BLG-RRLYR-10060  17.928    -    0.35996304 0.00000064  5000.09498  0.322  0.123 4.904  0.114 3.668
OGLE-BLG-RRLYR-10061  16.248 17.933  0.26254404 0.00000022  5000.05783  0.120  0.103 4.664  0.083 3.843
OGLE-BLG-RRLYR-10064  15.247 16.334  0.27370607 0.00000031  5000.20318  0.293  0.195 4.756  0.085 3.082
OGLE-BLG-RRLYR-10066  17.206 20.055  0.41327896 0.00000111  5000.34369  0.247  0.048 0.867  0.114 5.349
OGLE-BLG-RRLYR-10067  16.611 18.302  0.24810051 0.00000029  5000.05132  0.254  0.159 4.619  0.078 3.565
OGLE-BLG-RRLYR-10075  15.791 17.467  0.33899638 0.00000034  5000.15189  0.234  0.090 5.313  0.081 4.413
OGLE-BLG-RRLYR-10076  16.160 17.911  0.32133583 0.00000032  5000.20450  0.250  0.107 4.961  0.069 3.883
OGLE-BLG-RRLYR-10081  16.002 17.140  0.29049708 0.00000009  5000.13453  0.230  0.104 4.916  0.051 3.467
OGLE-BLG-RRLYR-10083  16.745 18.490  0.25728653 0.00000008  5000.10951  0.274  0.176 4.736  0.053 2.954
OGLE-BLG-RRLYR-10087  16.800 18.843  0.29580891 0.00000010  5000.26033  0.275  0.098 4.769  0.086 4.033
OGLE-BLG-RRLYR-10093  17.289 18.946  0.41849761 0.00000188  5000.11505  0.164  0.056 5.064  0.000   -  
OGLE-BLG-RRLYR-10096  16.065 17.501  0.28596003 0.00000015  5000.04795  0.269  0.165 4.834  0.107 3.302
OGLE-BLG-RRLYR-10098  17.252 18.869  0.31507026 0.00000073  5000.20258  0.242  0.117 4.642  0.082 4.070
OGLE-BLG-RRLYR-10100  15.259 16.531  0.41743143 0.00000078  5000.09928  0.269  0.015 5.088  0.067 5.089
OGLE-BLG-RRLYR-10111  14.778 15.871  0.42958551 0.00000110  5000.05665  0.286  0.039 0.493  0.086 4.895
OGLE-BLG-RRLYR-10114  16.261 17.549  0.26908018 0.00000032  5000.15272  0.279  0.163 4.918  0.046 3.050
OGLE-BLG-RRLYR-10116  17.017 18.979  0.27567404 0.00000016  5000.10925  0.253  0.106 4.793  0.072 3.890
OGLE-BLG-RRLYR-10119  16.120 17.434  0.31539988 0.00000013  5000.18424  0.225  0.093 4.900  0.062 4.213
OGLE-BLG-RRLYR-10121  16.301 17.573  0.31593679 0.00000033  5000.23219  0.246  0.091 5.151  0.062 4.190
OGLE-BLG-RRLYR-10126  16.335 17.796  0.25334743 0.00000010  5000.11151  0.186  0.085 4.812  0.050 4.437
OGLE-BLG-RRLYR-10127  16.187 17.310  0.28186415 0.00000005  5000.23747  0.280  0.151 4.692  0.092 3.223
OGLE-BLG-RRLYR-10133  15.391 16.323  0.25941081 0.00000040  5000.06650  0.197  0.121 4.696  0.000   -  
OGLE-BLG-RRLYR-10134  15.978 17.131  0.31201109 0.00000010  5000.23193  0.258  0.093 4.793  0.074 4.113
OGLE-BLG-RRLYR-10136  16.595 18.390  0.32315173 0.00000018  5000.11671  0.210  0.076 5.148  0.039 4.353
OGLE-BLG-RRLYR-10140  16.345 17.688  0.28182618 0.00000008  5000.27612  0.258  0.165 4.815  0.083 3.287
OGLE-BLG-RRLYR-10143  16.162 17.592  0.32991382 0.00000050  5000.15421  0.244  0.082 5.015  0.083 4.358
OGLE-BLG-RRLYR-10145  16.092 17.607  0.32229154 0.00000105  5000.13428  0.264  0.061 5.261  0.105 4.193
OGLE-BLG-RRLYR-10150  16.368 17.869  0.32643247 0.00000029  5000.21139  0.255  0.095 4.984  0.059 4.429
OGLE-BLG-RRLYR-10153  16.202 17.644  0.34635029 0.00000027  5000.16152  0.292  0.188 4.902  0.090 3.044
OGLE-BLG-RRLYR-10154  17.362 19.393  0.23528010 0.00000017  5000.02739  0.177  0.124 4.857  0.094 4.322
OGLE-BLG-RRLYR-10157  16.424 18.084  0.33081421 0.00000035  5000.15606  0.264  0.103 5.094  0.071 4.035
OGLE-BLG-RRLYR-10162  15.875 17.122  0.32714323 0.00000010  5000.19240  0.233  0.110 4.946  0.067 4.234
OGLE-BLG-RRLYR-10164  16.292 17.847  0.35413089 0.00000048  5000.10791  0.249  0.075 5.710  0.057 4.826
OGLE-BLG-RRLYR-10169  16.874 19.045  0.31644816 0.00000018  5000.08930  0.266  0.101 5.028  0.086 4.117
OGLE-BLG-RRLYR-10177  16.837 18.811  0.32605220 0.00000064  5000.00334  0.261  0.070 5.038  0.090 4.326
OGLE-BLG-RRLYR-10179  16.236 17.638  0.31828021 0.00000024  5000.13908  0.210  0.062 5.143  0.043 4.246
OGLE-BLG-RRLYR-10180  16.512 18.012  0.30417111 0.00000032  5000.00308  0.250  0.113 4.806  0.071 3.768
OGLE-BLG-RRLYR-10184  16.022 17.407  0.31114649 0.00000008  5000.03071  0.280  0.082 4.994  0.083 4.378
OGLE-BLG-RRLYR-10186  16.736 18.924  0.38472129 0.00000030  5000.20839  0.211  0.044 1.542  0.084 5.772
OGLE-BLG-RRLYR-10187  16.707 18.604  0.35272178 0.00000020  5000.02001  0.235  0.058 5.815  0.073 4.888
OGLE-BLG-RRLYR-10191  16.617 18.756  0.32843316 0.00000011  5000.27142  0.284  0.103 5.227  0.077 4.216
OGLE-BLG-RRLYR-10192  17.170 19.430  0.24551356 0.00000011  5000.12660  0.233  0.150 4.785  0.056 3.171
OGLE-BLG-RRLYR-10193  15.995 17.202  0.27463729 0.00000002  5000.22217  0.300  0.157 4.816  0.091 3.287
OGLE-BLG-RRLYR-10194  16.962 17.922  0.23216656 0.00000023  5000.09215  0.338  0.168 4.722  0.042 3.463
OGLE-BLG-RRLYR-10197  16.998 19.257  0.31738180 0.00000020  5000.16431  0.240  0.105 4.798  0.057 4.172
OGLE-BLG-RRLYR-10199  16.605    -    0.31218189 0.00000054  5000.12014  0.243  0.072 5.142  0.076 4.626
OGLE-BLG-RRLYR-10200  16.695 18.502  0.24537325 0.00000033  5000.08867  0.249  0.156 4.801  0.094 3.221
OGLE-BLG-RRLYR-10207  16.743 18.742  0.33436213 0.00000020  5000.19922  0.249  0.093 4.967  0.077 4.367
OGLE-BLG-RRLYR-10212  16.675 18.929  0.26997111 0.00000017  5000.17783  0.179  0.157 4.625  0.099 3.248
OGLE-BLG-RRLYR-10213  17.002 18.868  0.29597950 0.00000013  5000.03586  0.264  0.122 4.910  0.087 3.693
OGLE-BLG-RRLYR-10219  16.248 17.668  0.29383501 0.00000003  5000.00108  0.278  0.112 4.937  0.087 4.084
OGLE-BLG-RRLYR-10224  17.528 19.457  0.37205952 0.00000313  5000.05043  0.176  0.112 5.672  0.000   -  
OGLE-BLG-RRLYR-10229  16.166 18.010  0.29527179 0.00000028  5000.07112  0.191  0.114 4.787  0.064 3.594
OGLE-BLG-RRLYR-10230  16.205 17.640  0.31077998 0.00000014  5000.04111  0.241  0.101 4.867  0.072 4.196
OGLE-BLG-RRLYR-10231  16.186 17.227  0.25432580 0.00000054  5000.05973  0.264  0.205 4.735  0.029 3.061
OGLE-BLG-RRLYR-10235  17.179 19.513  0.33226927 0.00000026  5000.27692  0.277  0.112 5.346  0.077 4.312
OGLE-BLG-RRLYR-10240  15.824 17.930  0.32058227 0.00000033  5000.07226  0.120  0.089 5.017  0.052 4.123
OGLE-BLG-RRLYR-10241  16.404 17.877  0.31803545 0.00000012  5000.23068  0.248  0.094 4.860  0.065 4.242
OGLE-BLG-RRLYR-10243  16.342 17.945  0.37129083 0.00000237  5000.07381  0.177  0.342 2.592  0.112 2.207
OGLE-BLG-RRLYR-10244  16.052 17.251  0.31346223 0.00000007  5000.04664  0.255  0.101 4.929  0.071 4.137
OGLE-BLG-RRLYR-10251  17.380    -    0.49670852 0.00000243  5000.17863  0.287  0.132 3.344  0.133 5.720
OGLE-BLG-RRLYR-10253  15.984 17.233  0.29658055 0.00000003  5000.14694  0.294  0.098 4.750  0.077 4.145
OGLE-BLG-RRLYR-10257  15.860 17.131  0.31197955 0.00000005  5000.03303  0.245  0.089 4.919  0.076 4.171
OGLE-BLG-RRLYR-10262  15.666 17.468  0.31622269 0.00000016  5000.06076  0.223  0.093 4.873  0.058 3.993
OGLE-BLG-RRLYR-10264  16.612 18.513  0.25571591 0.00000017  5000.01094  0.123  0.088 4.893  0.000   -  
OGLE-BLG-RRLYR-10268  16.145 18.737  0.40904007 0.00000147  5000.05406  0.096  0.000   -    0.058 0.428
OGLE-BLG-RRLYR-10271  15.201 16.137  0.33565074 0.00000230  5000.23294  0.287  0.121 5.312  0.063 4.362
OGLE-BLG-RRLYR-10273  16.970 18.262  0.22085211 0.00000017  5000.01882  0.135  0.124 4.525  0.000   -  
OGLE-BLG-RRLYR-10275  16.333 18.073  0.28162821 0.00000014  5000.14426  0.288  0.116 4.269  0.062 4.974
OGLE-BLG-RRLYR-10285  16.519 18.066  0.27549460 0.00000006  5000.25709  0.299  0.173 4.801  0.096 3.054
OGLE-BLG-RRLYR-10288  15.895 17.865  0.25730425 0.00000027  5000.17948  0.139  0.159 4.683  0.000   -  
OGLE-BLG-RRLYR-10289  16.367 17.996  0.30849952 0.00000031  5000.11819  0.256  0.101 4.924  0.077 4.333
OGLE-BLG-RRLYR-10290  15.844 17.026  0.31906789 0.00000009  5000.27328  0.241  0.102 5.074  0.072 4.083
OGLE-BLG-RRLYR-10292  15.855 17.218  0.29674159 0.00000038  5000.01072  0.300  0.202 4.810  0.086 3.046
OGLE-BLG-RRLYR-10296  16.452 18.372  0.37241883 0.00000028  5000.31921  0.255  0.000   -    0.066 5.182
OGLE-BLG-RRLYR-10304  16.249 17.542  0.43463274 0.00000255  5000.32727  0.217  0.000   -    0.037 4.073
OGLE-BLG-RRLYR-10306  15.907 17.559  0.45017394 0.00000109  5000.15386  0.266  0.024 2.692  0.041 5.788
OGLE-BLG-RRLYR-10308  16.276 17.566  0.30965863 0.00000018  5000.17949  0.244  0.107 4.990  0.070 3.999
OGLE-BLG-RRLYR-10309  15.630 16.639  0.33227014 0.00000084  5000.04006  0.233  0.076 5.210  0.068 4.650
OGLE-BLG-RRLYR-10313  17.472 20.123  0.31188996 0.00000019  5000.14519  0.252  0.081 5.081  0.077 4.157
OGLE-BLG-RRLYR-10316  16.076 17.084  0.24231401 0.00000019  5000.05596  0.229  0.138 4.605  0.076 3.457
OGLE-BLG-RRLYR-10318  16.361 17.671  0.36482255 0.00000010  5000.09175  0.195  0.027 4.990  0.042 5.091
OGLE-BLG-RRLYR-10319  16.313 17.990  0.33140223 0.00000055  5000.01457  0.251  0.066 5.436  0.072 4.554
OGLE-BLG-RRLYR-10320  16.666 18.389  0.32335690 0.00000029  5000.01183  0.226  0.086 5.039  0.079 4.044
OGLE-BLG-RRLYR-10323  16.427 18.168  0.31555364 0.00000013  5000.24628  0.239  0.091 4.933  0.069 4.178
OGLE-BLG-RRLYR-10324  15.972 17.087  0.28514993 0.00000034  5000.00472  0.274  0.153 4.714  0.101 3.414
OGLE-BLG-RRLYR-10325  14.969 16.148  0.33457472 0.00000007  5000.26851  0.293  0.124 5.095  0.080 3.977
OGLE-BLG-RRLYR-10330  16.294 17.601  0.39110947 0.00000117  5000.07793  0.243  0.072 4.782  0.027 3.291
OGLE-BLG-RRLYR-10338  16.103 17.574  0.33789813 0.00000006  5000.04834  0.241  0.087 5.034  0.072 4.509
OGLE-BLG-RRLYR-10339  16.061 17.229  0.30675397 0.00000140  5000.21561  0.281  0.130 4.855  0.066 4.229
OGLE-BLG-RRLYR-10340  16.493 18.509  0.33900230 0.00000019  5000.03395  0.247  0.052 4.964  0.069 5.108
OGLE-BLG-RRLYR-10343  17.100 19.177  0.29005448 0.00000094  5000.21563  0.282  0.127 4.829  0.095 3.163
OGLE-BLG-RRLYR-10350  16.403 18.077  0.30033606 0.00000029  5000.17110  0.222  0.095 4.982  0.080 4.576
OGLE-BLG-RRLYR-10351  16.990 18.805  0.23441905 0.00000022  5000.21945  0.236  0.095 4.743  0.073 3.223
OGLE-BLG-RRLYR-10352  16.154 17.363  0.29856951 0.00000011  5000.10754  0.254  0.118 4.782  0.075 3.683
OGLE-BLG-RRLYR-10355  16.609 18.261  0.40513456 0.00000082  5000.29633  0.262  0.000   -    0.057 4.900
OGLE-BLG-RRLYR-10358  16.060 17.541  0.25982452 0.00000026  5000.24262  0.274  0.188 4.735  0.052 3.408
OGLE-BLG-RRLYR-10361  15.460 16.688  0.31361516 0.00000006  5000.13359  0.244  0.087 5.010  0.072 4.305
OGLE-BLG-RRLYR-10365  15.182 16.294  0.30653219 0.00000040  5000.15198  0.287  0.141 5.012  0.084 3.871
OGLE-BLG-RRLYR-10366  16.518 17.994  0.29588362 0.00000011  5000.14186  0.263  0.127 4.815  0.083 3.637
OGLE-BLG-RRLYR-10367  15.801 16.997  0.25283415 0.00000008  5000.07900  0.227  0.165 4.747  0.027 2.729
OGLE-BLG-RRLYR-10371  15.652 16.665  0.28934395 0.00000002  5000.03783  0.260  0.124 4.785  0.079 3.811
OGLE-BLG-RRLYR-10372  16.570 18.709  0.37785189 0.00000041  5000.19959  0.272  0.034 5.380  0.064 5.051
OGLE-BLG-RRLYR-10378  15.429 16.626  0.25471396 0.00000009  5000.18425  0.189  0.080 4.883  0.039 4.668
OGLE-BLG-RRLYR-10379  16.044 17.365  0.34217978 0.00000024  5000.04599  0.249  0.081 5.010  0.069 4.497
OGLE-BLG-RRLYR-10380  15.851 17.217  0.28001543 0.00000014  5000.17671  0.285  0.160 4.734  0.099 3.115
OGLE-BLG-RRLYR-10389  15.602 16.472  0.31663817 0.00000080  5000.06995  0.242  0.118 4.867  0.096 4.432
OGLE-BLG-RRLYR-10390  15.909 17.457  0.28293969 0.00000028  5000.03092  0.221  0.120 5.131  0.078 4.030
OGLE-BLG-RRLYR-10392  16.435 17.687  0.24759541 0.00000010  5000.07313  0.232  0.123 4.716  0.070 3.716
OGLE-BLG-RRLYR-10396  15.885 17.196  0.32215571 0.00000023  5000.24370  0.237  0.098 5.065  0.072 4.093
OGLE-BLG-RRLYR-10398  16.056 17.487  0.30264707 0.00000028  5000.24471  0.254  0.094 4.849  0.074 4.159
OGLE-BLG-RRLYR-10401  16.956 18.734  0.27063069 0.00000013  5000.00750  0.258  0.121 4.927  0.059 3.786
OGLE-BLG-RRLYR-10403  16.273 17.819  0.30535571 0.00000010  5000.17026  0.305  0.083 4.733  0.066 4.374
OGLE-BLG-RRLYR-10405  16.867 18.406  0.20766068 0.00000014  5000.19263  0.213  0.128 4.813  0.000   -  
OGLE-BLG-RRLYR-10408  15.922 17.239  0.30722392 0.00000026  5000.24957  0.146  0.073 4.798  0.028 3.632
OGLE-BLG-RRLYR-10413  16.138 17.703  0.34605599 0.00000014  5000.10399  0.270  0.077 5.076  0.069 4.399
OGLE-BLG-RRLYR-10416  16.490 17.927  0.30684424 0.00000037  5000.24021  0.272  0.115 5.037  0.092 4.376
OGLE-BLG-RRLYR-10419  16.379 17.893  0.47052291 0.00000032  5000.45709  0.247  0.079 2.937  0.053 5.618
OGLE-BLG-RRLYR-10425  16.532 17.811  0.32015949 0.00000011  5000.22971  0.249  0.119 4.777  0.072 3.761
OGLE-BLG-RRLYR-10426  16.761 18.733  0.30200460 0.00000015  5000.19141  0.246  0.106 4.777  0.078 4.062
OGLE-BLG-RRLYR-10427  16.530 17.583  0.34423507 0.00000012  5000.16126  0.218  0.081 5.115  0.037 3.948
OGLE-BLG-RRLYR-10438  16.006 17.473  0.33260281 0.00000011  5000.02166  0.262  0.096 5.168  0.076 4.310
OGLE-BLG-RRLYR-10439  16.554 17.819  0.31986257 0.00000037  5000.09196  0.241  0.061 5.084  0.058 4.298
OGLE-BLG-RRLYR-10441  16.202 17.451  0.28301071 0.00000005  5000.18697  0.280  0.163 4.742  0.098 3.169
OGLE-BLG-RRLYR-10444  16.727 18.438  0.28278544 0.00000011  5000.27363  0.300  0.170 4.823  0.086 3.202
OGLE-BLG-RRLYR-10445  16.147 17.593  0.30371903 0.00000047  5000.10959  0.290  0.144 4.768  0.086 3.774
OGLE-BLG-RRLYR-10447  16.028 17.605  0.31186952 0.00000011  5000.18679  0.234  0.101 5.141  0.069 4.201
OGLE-BLG-RRLYR-10448  15.956 17.419  0.37655995 0.00000060  5000.35607  0.222  0.036 0.023  0.068 4.772
OGLE-BLG-RRLYR-10450  16.032 17.407  0.33362546 0.00000086  5000.06393  0.248  0.109 5.286  0.086 4.305
OGLE-BLG-RRLYR-10456  17.314 19.167  0.31838351 0.00000031  5000.14394  0.240  0.093 4.965  0.060 4.293
OGLE-BLG-RRLYR-10458  15.931 17.300  0.32413365 0.00000017  5000.32275  0.235  0.098 5.053  0.074 4.149
OGLE-BLG-RRLYR-10464  15.779 17.232  0.34847105 0.00000039  5000.18324  0.265  0.053 5.021  0.083 4.961
OGLE-BLG-RRLYR-10467  16.536 18.203  0.28446869 0.00000011  5000.02797  0.273  0.139 4.677  0.091 3.291
OGLE-BLG-RRLYR-10470  17.805 18.907  0.23325074 0.00000016  5000.20231  0.262  0.156 4.695  0.062 2.730
OGLE-BLG-RRLYR-10473  16.022 17.187  0.31637559 0.00000103  5000.13431  0.241  0.113 5.116  0.054 4.259
OGLE-BLG-RRLYR-10474  15.610 17.017  0.28900562 0.00000016  5000.17748  0.259  0.115 4.927  0.073 3.392
OGLE-BLG-RRLYR-10476  16.777 18.333  0.32060396 0.00000017  5000.01140  0.241  0.102 4.972  0.061 4.398
OGLE-BLG-RRLYR-10486  16.718 18.670  0.30113236 0.00000018  5000.03463  0.276  0.159 4.977  0.104 3.856
OGLE-BLG-RRLYR-10492  18.537 20.093  0.38013781 0.00000031  5000.36678  0.262  0.168 4.991  0.086 3.064
OGLE-BLG-RRLYR-10498  16.549 18.160  0.28465755 0.00000015  5000.20324  0.285  0.164 4.779  0.111 3.192
OGLE-BLG-RRLYR-10500  16.742 18.698  0.26108453 0.00000009  5000.07756  0.242  0.160 4.798  0.030 3.110
OGLE-BLG-RRLYR-10501  16.163 17.699  0.39033327 0.00000022  5000.24473  0.269  0.034 5.313  0.045 4.821
OGLE-BLG-RRLYR-10502  15.806 17.144  0.34177276 0.00000138  5000.04022  0.147  0.086 4.218  0.033 1.329
OGLE-BLG-RRLYR-10505  15.946 17.503  0.35843953 0.00000083  5000.30111  0.244  0.058 5.132  0.060 4.439
OGLE-BLG-RRLYR-10506  16.325 17.271  0.31045856 0.00000110  5000.30801  0.327  0.192 4.829  0.100 3.744
OGLE-BLG-RRLYR-10508  15.043 16.255  0.35423038 0.00000027  5000.32923  0.220  0.058 4.985  0.062 4.852
OGLE-BLG-RRLYR-10511  16.230 18.208  0.37342680 0.00000024  5000.13088  0.217  0.024 0.695  0.075 4.962
OGLE-BLG-RRLYR-10517  16.511 18.934  0.39473449 0.00000024  5000.36966  0.272  0.069 5.302  0.061 4.691
OGLE-BLG-RRLYR-10520  15.727 16.725  0.32180798 0.00000082  5000.24115  0.242  0.112 4.903  0.092 4.300
OGLE-BLG-RRLYR-10523  16.929 18.926  0.23165827 0.00000016  5000.05741  0.215  0.161 4.479  0.041 3.196
OGLE-BLG-RRLYR-10524  15.898 17.117  0.31225978 0.00000010  5000.18835  0.270  0.105 5.018  0.059 3.835
OGLE-BLG-RRLYR-10530  16.011 17.186  0.29818238 0.00000200  5000.27985  0.338  0.117 4.967  0.051 4.078
OGLE-BLG-RRLYR-10531  16.681 18.548  0.32901397 0.00000020  5000.06639  0.258  0.109 4.959  0.072 4.129
OGLE-BLG-RRLYR-10534  15.538 16.643  0.31530219 0.00000005  5000.27073  0.219  0.096 4.975  0.067 4.156
OGLE-BLG-RRLYR-10537  16.231 17.682  0.36660239 0.00000057  5000.24578  0.229  0.075 5.313  0.041 4.502
OGLE-BLG-RRLYR-10541  15.909 17.228  0.32542070 0.00000011  5000.11754  0.259  0.115 5.038  0.079 4.129
OGLE-BLG-RRLYR-10542  16.595 18.022  0.31676945 0.00000015  5000.21534  0.268  0.101 4.841  0.078 4.198
OGLE-BLG-RRLYR-10543  14.602 15.981  0.34334840 0.00000011  5000.22167  0.274  0.061 5.114  0.067 4.699
OGLE-BLG-RRLYR-10549  16.601 18.419  0.28611058 0.00000009  5000.21846  0.273  0.143 4.741  0.091 3.302
OGLE-BLG-RRLYR-10554  16.099 17.537  0.29965706 0.00000071  5000.16481  0.283  0.124 5.080  0.069 3.868
OGLE-BLG-RRLYR-10565  15.952 16.993  0.24596502 0.00000007  5000.23042  0.203  0.094 4.647  0.058 4.068
OGLE-BLG-RRLYR-10566  16.224 17.659  0.31183356 0.00000011  5000.17310  0.247  0.097 5.023  0.075 4.257
OGLE-BLG-RRLYR-10567  15.959 16.824  0.26355752 0.00000062  5000.00521  0.277  0.168 4.882  0.072 3.209
OGLE-BLG-RRLYR-10570  15.658 16.816  0.27402214 0.00000006  5000.19107  0.279  0.157 4.841  0.091 3.401
OGLE-BLG-RRLYR-10571  16.175 17.375  0.25360912 0.00000015  5000.14697  0.291  0.174 4.722  0.050 2.885
OGLE-BLG-RRLYR-10574  16.180 17.625  0.28617583 0.00000012  5000.02377  0.244  0.114 4.936  0.063 3.853
OGLE-BLG-RRLYR-10580  16.953 18.214  0.26026882 0.00000015  5000.15814  0.239  0.115 4.920  0.061 4.168
OGLE-BLG-RRLYR-10585  17.089 19.247  0.29121785 0.00000020  5000.12105  0.167  0.124 4.816  0.000   -  
OGLE-BLG-RRLYR-10587  15.709 16.675  0.28296382 0.00000012  5000.25127  0.287  0.155 4.759  0.093 3.264
OGLE-BLG-RRLYR-10594  16.897 18.804  0.28924339 0.00000018  5000.26849  0.191  0.083 4.967  0.042 3.859
OGLE-BLG-RRLYR-10596  18.073 20.592  0.32031523 0.00000037  5000.04070  0.229  0.070 5.138  0.000   -  
OGLE-BLG-RRLYR-10597  16.658 18.177  0.29134258 0.00000010  5000.11868  0.268  0.133 4.788  0.093 3.573
OGLE-BLG-RRLYR-10598  15.399 16.607  0.25743440 0.00000025  5000.03236  0.310  0.197 4.814  0.066 3.169
OGLE-BLG-RRLYR-10599  16.122 17.489  0.31873627 0.00000036  5000.08389  0.252  0.116 4.966  0.072 4.168
OGLE-BLG-RRLYR-10602  16.727 18.287  0.26060590 0.00000055  5000.11509  0.158  0.081 0.051  0.000   -  
OGLE-BLG-RRLYR-10610  16.121 17.205  0.28098947 0.00000005  5000.13951  0.320  0.178 4.803  0.097 3.048
OGLE-BLG-RRLYR-10611  15.866 16.901  0.31312039 0.00000138  5000.10603  0.258  0.088 5.323  0.047 4.161
OGLE-BLG-RRLYR-10614  16.322 18.073  0.31448610 0.00000013  5000.00553  0.230  0.104 5.012  0.077 4.092
OGLE-BLG-RRLYR-10615  15.650 16.880  0.38751364 0.00000008  5000.06675  0.230  0.039 0.891  0.078 5.428
OGLE-BLG-RRLYR-10617  15.152 15.940  0.27912944 0.00000034  5000.13042  0.320  0.215 4.770  0.076 2.823
OGLE-BLG-RRLYR-10622  15.187 15.865  0.33426067 0.00000060  5000.02411  0.224  0.067 5.491  0.073 4.509
OGLE-BLG-RRLYR-10623  16.390 18.078  0.35430470 0.00000044  5000.12219  0.280  0.076 5.075  0.078 4.817
OGLE-BLG-RRLYR-10624  15.737 16.895  0.33306436 0.00000027  5000.21949  0.285  0.096 5.109  0.061 4.114
OGLE-BLG-RRLYR-10625  16.734 18.867  0.33951510 0.00000014  5000.06726  0.295  0.113 5.317  0.083 4.247
OGLE-BLG-RRLYR-10627  16.181 17.444  0.29039487 0.00000012  5000.00671  0.278  0.145 4.847  0.097 3.682
OGLE-BLG-RRLYR-10628  15.963 17.597  0.31834334 0.00000044  5000.17135  0.190  0.091 5.011  0.089 4.428
OGLE-BLG-RRLYR-10634  16.384 17.994  0.27440823 0.00000010  5000.20661  0.267  0.179 4.854  0.082 3.030
OGLE-BLG-RRLYR-10639  16.515 17.667  0.22641821 0.00000013  5000.17304  0.172  0.077 4.808  0.040 4.823
OGLE-BLG-RRLYR-10640  16.147 17.973  0.43144503 0.00000037  5000.03746  0.235  0.047 1.618  0.080 5.259
OGLE-BLG-RRLYR-10642  15.985 16.993  0.33529515 0.00000099  5000.33140  0.267  0.088 5.077  0.082 4.748
OGLE-BLG-RRLYR-10643  15.887 17.088  0.30572156 0.00000018  5000.27623  0.239  0.086 5.056  0.057 4.241
OGLE-BLG-RRLYR-10644  15.899 17.267  0.32333752 0.00000018  5000.26654  0.248  0.097 4.882  0.071 4.113
OGLE-BLG-RRLYR-10653  16.566 17.779  0.32732646 0.00000191  5000.18252  0.241  0.087 5.078  0.056 4.321
OGLE-BLG-RRLYR-10654  16.093 17.397  0.26487267 0.00000019  5000.14949  0.115  0.091 4.745  0.000   -  
OGLE-BLG-RRLYR-10662  15.683 16.876  0.31470851 0.00000066  5000.02976  0.278  0.091 5.074  0.081 4.152
OGLE-BLG-RRLYR-10663  15.648 16.860  0.27699708 0.00000010  5000.09718  0.173  0.100 4.813  0.060 3.969
OGLE-BLG-RRLYR-10665  16.337 17.799  0.31954799 0.00000032  5000.30472  0.255  0.104 4.946  0.097 4.339
OGLE-BLG-RRLYR-10669  15.528 16.339  0.32104345 0.00000058  5000.23642  0.260  0.113 5.109  0.050 4.510
OGLE-BLG-RRLYR-10674  15.070 16.216  0.29316241 0.00000008  5000.17577  0.280  0.144 4.990  0.082 3.613
OGLE-BLG-RRLYR-10675  17.939 20.749  0.31939802 0.00000034  5000.11347  0.242  0.092 4.853  0.058 3.842
OGLE-BLG-RRLYR-10680  15.868 16.895  0.27537260 0.00000003  5000.21939  0.295  0.137 4.956  0.076 3.482
OGLE-BLG-RRLYR-10683  16.419 17.613  0.31522148 0.00000096  5000.18791  0.280  0.121 4.766  0.068 4.135
OGLE-BLG-RRLYR-10685  16.108 17.968  0.30007289 0.00000012  5000.01704  0.259  0.106 4.784  0.077 3.882
OGLE-BLG-RRLYR-10688  16.216 17.698  0.32028896 0.00000017  5000.06773  0.262  0.107 4.906  0.049 3.726
OGLE-BLG-RRLYR-10689  16.152 17.655  0.34953037 0.00000081  5000.08207  0.276  0.085 5.380  0.064 4.655
OGLE-BLG-RRLYR-10697  16.460 17.889  0.29222178 0.00000023  5000.21588  0.274  0.144 4.964  0.087 3.776
OGLE-BLG-RRLYR-10701  15.950 17.227  0.32072572 0.00000015  5000.17990  0.230  0.080 4.934  0.068 4.295
OGLE-BLG-RRLYR-10704  16.243 18.003  0.41737769 0.00000085  5000.26387  0.234  0.000   -    0.062 4.076
OGLE-BLG-RRLYR-10706  16.084 17.290  0.32189068 0.00000040  5000.28488  0.249  0.086 5.214  0.069 4.273
OGLE-BLG-RRLYR-10707  16.167 18.096  0.26620449 0.00000007  5000.15908  0.209  0.168 4.736  0.070 2.926
OGLE-BLG-RRLYR-10709  15.821 17.109  0.33357087 0.00000044  5000.05802  0.269  0.059 4.949  0.072 4.715
OGLE-BLG-RRLYR-10714  16.841 18.321  0.31664936 0.00000014  5000.11556  0.251  0.086 4.918  0.075 4.213
OGLE-BLG-RRLYR-10717  15.921 17.321  0.30800142 0.00000010  5000.21355  0.260  0.093 4.848  0.075 4.264
OGLE-BLG-RRLYR-10718  16.171 17.495  0.32648357 0.00000078  5000.12672  0.270  0.105 5.065  0.092 4.126
OGLE-BLG-RRLYR-10723  16.800 18.058  0.24038631 0.00000047  5000.01111  0.277  0.139 4.696  0.071 2.902
OGLE-BLG-RRLYR-10724  16.317 17.615  0.28130514 0.00000060  5000.11720  0.285  0.148 4.585  0.102 3.384
OGLE-BLG-RRLYR-10725  15.170 15.941  0.28939208 0.00000042  5000.02528  0.284  0.150 4.704  0.097 3.362
OGLE-BLG-RRLYR-10726  16.755 18.277  0.27240725 0.00000011  5000.02734  0.295  0.177 4.754  0.092 3.125
OGLE-BLG-RRLYR-10729  15.329 16.874  0.33186659 0.00000013  5000.26144  0.276  0.111 4.964  0.065 4.179
OGLE-BLG-RRLYR-10733  16.179 17.599  0.29313786 0.00000027  5000.16965  0.270  0.137 4.776  0.088 3.445
OGLE-BLG-RRLYR-10738  15.908 17.325  0.34108459 0.00000038  5000.29499  0.252  0.096 5.315  0.059 4.510
OGLE-BLG-RRLYR-10741  17.888 19.027  0.26760152 0.00000053  5000.13991  0.223  0.127 4.995  0.084 3.689
OGLE-BLG-RRLYR-10747  16.618 18.086  0.31793303 0.00000008  5000.07649  0.250  0.085 5.120  0.063 4.500
OGLE-BLG-RRLYR-10748  16.431 17.848  0.31639905 0.00000015  5000.18230  0.214  0.067 5.663  0.064 4.945
OGLE-BLG-RRLYR-10754  16.256 17.714  0.28126244 0.00000020  5000.18140  0.274  0.144 4.894  0.081 3.259
OGLE-BLG-RRLYR-10756  16.159 17.429  0.29659372 0.00000009  5000.09945  0.281  0.132 4.953  0.095 3.712
OGLE-BLG-RRLYR-10758  15.933 17.117  0.26644600 0.00000213  5000.02826  0.215  0.245 4.064  0.076 4.290
OGLE-BLG-RRLYR-10760  16.218 17.731  0.30134293 0.00000005  5000.03582  0.272  0.099 4.870  0.080 4.187
OGLE-BLG-RRLYR-10761  16.124 17.741  0.31272001 0.00000094  5000.03595  0.258  0.102 4.572  0.049 4.343
OGLE-BLG-RRLYR-10762  16.056 17.490  0.28997536 0.00000011  5000.14369  0.188  0.096 4.836  0.055 3.632
OGLE-BLG-RRLYR-10763  16.561 18.347  0.26873245 0.00000027  5000.14882  0.223  0.120 5.260  0.062 3.632
OGLE-BLG-RRLYR-10764  15.440 16.628  0.28835851 0.00000033  5000.10111  0.292  0.149 4.875  0.104 3.768
OGLE-BLG-RRLYR-10766  15.694 16.764  0.31435598 0.00000005  5000.29694  0.214  0.076 5.305  0.049 3.967
OGLE-BLG-RRLYR-10767  15.771 17.308  0.26524078 0.00000008  5000.04116  0.177  0.197 4.736  0.079 2.907
OGLE-BLG-RRLYR-10769  15.846 17.287  0.34396978 0.00000022  5000.23332  0.251  0.109 5.230  0.073 4.263
OGLE-BLG-RRLYR-10771  15.749 17.070  0.31628698 0.00000010  5000.29468  0.250  0.100 4.852  0.056 4.375
OGLE-BLG-RRLYR-10778  16.150 17.390  0.24577282 0.00000009  5000.21318  0.136  0.095 4.782  0.000   -  
OGLE-BLG-RRLYR-10781  16.360 18.136  0.31020452 0.00000033  5000.12903  0.233  0.109 4.754  0.077 4.162
OGLE-BLG-RRLYR-10785  16.730 18.132  0.26453707 0.00000075  5000.15829  0.285  0.173 4.792  0.073 2.774
OGLE-BLG-RRLYR-10787  15.955 17.080  0.27650816 0.00000005  5000.13248  0.227  0.107 4.737  0.065 4.157
OGLE-BLG-RRLYR-10789  16.158 17.367  0.31145582 0.00000034  5000.27045  0.238  0.090 5.060  0.074 4.213
OGLE-BLG-RRLYR-10791  16.060 17.049  0.26596828 0.00000077  5000.08655  0.136  0.109 4.929  0.046 3.792
OGLE-BLG-RRLYR-10792  16.052 17.342  0.32246952 0.00000055  5000.27453  0.272  0.101 4.806  0.052 4.185
OGLE-BLG-RRLYR-10793  15.250 16.435  0.28357282 0.00000014  5000.27821  0.279  0.156 4.688  0.088 3.206
OGLE-BLG-RRLYR-10795  16.540 18.304  0.30200915 0.00000026  5000.18941  0.249  0.107 4.740  0.077 4.085
OGLE-BLG-RRLYR-10797  16.428 17.931  0.32722743 0.00000029  5000.15176  0.274  0.119 4.892  0.096 4.163
OGLE-BLG-RRLYR-10799  16.730 18.467  0.41253026 0.00000067  5000.16673  0.240  0.000   -    0.062 5.735
OGLE-BLG-RRLYR-10802  18.401 19.934  0.28052871 0.00000045  5000.06967  0.300  0.217 4.701  0.000   -  
OGLE-BLG-RRLYR-10803  15.657 16.915  0.36543553 0.00000043  5000.23074  0.264  0.041 4.644  0.056 4.870
OGLE-BLG-RRLYR-10814  16.670 18.020  0.32756230 0.00000045  5000.32680  0.305  0.177 4.923  0.090 3.324
OGLE-BLG-RRLYR-10815  16.229 17.585  0.28620003 0.00000025  5000.04752  0.210  0.085 4.926  0.045 3.571
OGLE-BLG-RRLYR-10816  15.594 16.566  0.36700393 0.00000375  5000.14207  0.295  0.046 2.664  0.126 5.664
OGLE-BLG-RRLYR-10817  16.114 17.148  0.24215391 0.00000053  5000.22088  0.075  0.000   -    0.079 3.045
OGLE-BLG-RRLYR-10818  15.417 16.555  0.26327506 0.00000005  5000.17924  0.220  0.115 4.946  0.076 4.006
OGLE-BLG-RRLYR-10820  15.821 16.949  0.35793635 0.00000036  5000.21493  0.274  0.050 4.902  0.076 4.863
OGLE-BLG-RRLYR-10825  16.235 17.872  0.31695793 0.00000014  5000.19166  0.225  0.096 4.934  0.074 4.080
OGLE-BLG-RRLYR-10832  15.764 17.002  0.40203042 0.00000027  5000.26901  0.294  0.027 4.622  0.050 4.829
OGLE-BLG-RRLYR-10833  16.978 19.135  0.30622886 0.00000014  5000.02770  0.262  0.099 4.938  0.084 4.153
OGLE-BLG-RRLYR-10836  15.882 17.195  0.28888980 0.00000025  5000.09794  0.207  0.126 4.894  0.067 3.436
OGLE-BLG-RRLYR-10837  16.206 17.730  0.25754180 0.00000007  5000.09586  0.270  0.199 4.722  0.060 2.969
OGLE-BLG-RRLYR-10838  15.863 17.487  0.31326108 0.00000026  5000.15777  0.214  0.097 5.057  0.061 4.027
OGLE-BLG-RRLYR-10839  16.067 17.374  0.36722851 0.00000030  5000.02726  0.254  0.038 5.259  0.036 5.079
OGLE-BLG-RRLYR-10846  15.798 16.975  0.32007697 0.00000007  5000.25609  0.247  0.104 4.895  0.062 3.956
OGLE-BLG-RRLYR-10848  15.594 16.609  0.33205957 0.00000118  5000.27545  0.278  0.104 5.083  0.049 3.475
OGLE-BLG-RRLYR-10851  16.491 17.725  0.29511884 0.00000035  5000.28511  0.255  0.137 4.514  0.080 3.706
OGLE-BLG-RRLYR-10852  16.048 17.541  0.31678654 0.00000026  5000.09886  0.251  0.107 5.138  0.070 4.416
OGLE-BLG-RRLYR-10853  16.203 17.482  0.28120062 0.00000018  5000.22931  0.293  0.235 4.746  0.068 2.814
OGLE-BLG-RRLYR-10856  16.075 17.248  0.31930550 0.00000006  5000.23658  0.242  0.097 4.994  0.073 4.171
OGLE-BLG-RRLYR-10857  16.570 18.025  0.24375542 0.00000016  5000.11994  0.241  0.138 4.641  0.097 3.738
OGLE-BLG-RRLYR-10863  16.444 17.912  0.31547993 0.00000036  5000.13785  0.243  0.089 5.098  0.069 3.901
OGLE-BLG-RRLYR-10866  15.587 16.412  0.28045792 0.00000051  5000.01161  0.278  0.159 4.762  0.103 3.147
OGLE-BLG-RRLYR-10867  15.596 17.072  0.30670993 0.00000040  5000.19860  0.257  0.092 4.945  0.071 4.393
OGLE-BLG-RRLYR-10869  16.098 17.457  0.30187822 0.00000028  5000.16449  0.267  0.099 4.949  0.074 3.912
OGLE-BLG-RRLYR-10870  15.979 17.433  0.31917161 0.00000016  5000.26850  0.230  0.105 4.930  0.073 4.137
OGLE-BLG-RRLYR-10872  17.919 19.305  0.30429152 0.00000300  5000.09723  0.215  0.232 5.559  0.000   -  
OGLE-BLG-RRLYR-10874  16.028 17.307  0.28575397 0.00000012  5000.28149  0.230  0.098 4.793  0.065 4.103
OGLE-BLG-RRLYR-10880  17.119 19.167  0.24888824 0.00000013  5000.18381  0.216  0.143 4.778  0.038 3.199
OGLE-BLG-RRLYR-10883  15.774 17.173  0.44468689 0.00000076  5000.21098  0.242  0.110 5.840  0.058 4.655
OGLE-BLG-RRLYR-10885  14.641 15.808  0.36814128 0.00000034  5000.29169  0.282  0.053 5.273  0.061 4.295
OGLE-BLG-RRLYR-10888  15.904 16.694  0.38958588 0.00000073  5000.36859  0.279  0.111 5.293  0.069 3.868
OGLE-BLG-RRLYR-10893  15.898 17.143  0.29964274 0.00000004  5000.07145  0.213  0.097 4.872  0.044 4.068
OGLE-BLG-RRLYR-10899  16.212 17.781  0.27743543 0.00000009  5000.09479  0.251  0.148 4.881  0.075 3.255
OGLE-BLG-RRLYR-10902  15.808 17.010  0.33176801 0.00000005  5000.02695  0.274  0.098 5.054  0.068 4.131
OGLE-BLG-RRLYR-10909  16.776 19.016  0.31672738 0.00000016  5000.13590  0.214  0.092 4.980  0.069 4.179
OGLE-BLG-RRLYR-10910  16.078 17.322  0.40812540 0.00000074  5000.02114  0.226  0.052 0.030  0.060 5.072
OGLE-BLG-RRLYR-10913  16.224 17.791  0.36776135 0.00000074  5000.05021  0.247  0.081 5.628  0.088 4.697
OGLE-BLG-RRLYR-10914  15.823 16.933  0.33143244 0.00000006  5000.03655  0.321  0.050 4.307  0.069 5.052
OGLE-BLG-RRLYR-10915  17.214 18.427  0.21654154 0.00000008  5000.01856  0.223  0.155 4.754  0.034 3.080
OGLE-BLG-RRLYR-10916  15.734 16.984  0.27783611 0.00000006  5000.09168  0.224  0.066 4.875  0.043 4.431
OGLE-BLG-RRLYR-10919  15.178 15.836  0.31402038 0.00000069  5000.06349  0.265  0.099 5.032  0.085 4.160
OGLE-BLG-RRLYR-10922  15.691 16.888  0.36635333 0.00000009  5000.17281  0.249  0.124 4.899  0.080 3.979
OGLE-BLG-RRLYR-10924  15.681 16.820  0.39507016 0.00000012  5000.39322  0.294  0.022 4.461  0.056 4.504
OGLE-BLG-RRLYR-10932  16.368 17.662  0.38795045 0.00000021  5000.33145  0.249  0.038 5.830  0.065 4.902
OGLE-BLG-RRLYR-10934  15.834 17.204  0.38560180 0.00000010  5000.07503  0.266  0.060 5.453  0.066 4.609
OGLE-BLG-RRLYR-10936  15.962 17.516  0.20562964 0.00000011  5000.08048  0.112  0.142 4.318  0.000   -  
OGLE-BLG-RRLYR-10937  16.583 18.207  0.33018664 0.00000023  5000.16081  0.239  0.093 5.040  0.062 4.145
OGLE-BLG-RRLYR-10938  15.639 16.816  0.35543196 0.00000005  5000.18432  0.359  0.102 3.680  0.043 0.482
OGLE-BLG-RRLYR-10940  16.813 18.482  0.30578105 0.00000031  5000.10710  0.265  0.127 4.988  0.086 3.748
OGLE-BLG-RRLYR-10942  17.444 20.038  0.29373060 0.00000017  5000.28379  0.273  0.128 4.797  0.091 3.560
OGLE-BLG-RRLYR-10943  16.560 18.003  0.28987796 0.00000015  5000.04865  0.271  0.151 4.836  0.099 3.357
OGLE-BLG-RRLYR-10946  15.795 16.490  0.25668638 0.00000031  5000.24500  0.266  0.146 4.722  0.090 3.203
OGLE-BLG-RRLYR-10951  16.015 17.128  0.30552662 0.00000004  5000.23414  0.281  0.086 4.995  0.087 4.380
OGLE-BLG-RRLYR-10954  16.848 18.622  0.23666091 0.00000012  5000.07941  0.179  0.095 4.774  0.045 4.142
OGLE-BLG-RRLYR-10960  16.399 18.059  0.27924689 0.00000007  5000.04796  0.303  0.174 4.775  0.095 3.141
OGLE-BLG-RRLYR-10968  16.743 18.801  0.32060408 0.00000017  5000.30795  0.244  0.091 4.897  0.066 4.261
OGLE-BLG-RRLYR-10972  16.236 17.705  0.32741564 0.00000018  5000.03821  0.258  0.098 5.005  0.067 4.245
OGLE-BLG-RRLYR-10974  16.542 18.119  0.31495979 0.00000014  5000.23096  0.242  0.108 4.816  0.074 4.116
OGLE-BLG-RRLYR-10975  15.619 16.774  0.25828595 0.00000003  5000.15465  0.237  0.178 4.725  0.049 3.115
OGLE-BLG-RRLYR-10978  15.991 17.253  0.35450533 0.00000232  5000.32049  0.274  0.060 4.827  0.057 5.245
OGLE-BLG-RRLYR-10980  17.619 19.693  0.29690887 0.00000048  5000.25792  0.304  0.170 4.858  0.088 3.166
OGLE-BLG-RRLYR-10981  16.099 16.903  0.28387094 0.00000063  5000.07256  0.337  0.218 4.699  0.060 2.951
OGLE-BLG-RRLYR-10984  16.373 17.573  0.29935777 0.00000062  5000.29824  0.236  0.121 4.832  0.078 3.887
OGLE-BLG-RRLYR-10985  16.035 17.345  0.36403632 0.00000078  5000.29339  0.216  0.047 5.060  0.033 3.894
OGLE-BLG-RRLYR-10986  15.605 16.918  0.43168351 0.00000113  5000.40420  0.165  0.044 5.852  0.023 5.201
OGLE-BLG-RRLYR-10988  15.662 16.805  0.28179290 0.00000003  5000.07472  0.299  0.181 4.774  0.098 2.966
OGLE-BLG-RRLYR-10991  16.308 17.514  0.25101476 0.00000007  5000.23579  0.233  0.153 4.776  0.037 3.312
OGLE-BLG-RRLYR-10993  16.453 18.199  0.32945263 0.00000010  5000.28301  0.199  0.104 4.869  0.058 4.141
OGLE-BLG-RRLYR-10996  16.338 17.585  0.25579554 0.00000112  5000.01246  0.188  0.091 4.433  0.038 5.175
OGLE-BLG-RRLYR-10997  15.830 17.035  0.36671261 0.00000050  5000.26988  0.270  0.102 5.253  0.067 4.136
OGLE-BLG-RRLYR-11002  16.741 18.144  0.25941890 0.00000123  5000.17588  0.138  0.000   -    0.000   -  
OGLE-BLG-RRLYR-11005  16.034 17.266  0.28139706 0.00000011  5000.04570  0.271  0.163 4.888  0.106 3.104
OGLE-BLG-RRLYR-11011  16.490 17.637  0.26688527 0.00000052  5000.23256  0.222  0.120 4.861  0.030 2.844
OGLE-BLG-RRLYR-11015  15.825 17.066  0.28957502 0.00000003  5000.22481  0.258  0.142 4.748  0.089 3.563
OGLE-BLG-RRLYR-11016  15.929 17.068  0.27606237 0.00000006  5000.11650  0.225  0.129 4.860  0.062 3.261
OGLE-BLG-RRLYR-11017  16.124 17.352  0.26183411 0.00000003  5000.08372  0.283  0.153 4.675  0.089 3.154
OGLE-BLG-RRLYR-11021  16.912 18.507  0.26037214 0.00000008  5000.16546  0.290  0.195 4.743  0.064 3.313
OGLE-BLG-RRLYR-11031  16.332 17.749  0.26914088 0.00000016  5000.03918  0.284  0.167 4.858  0.065 3.180
OGLE-BLG-RRLYR-11035  16.708 18.287  0.27042479 0.00000007  5000.17878  0.286  0.167 4.742  0.090 3.016
OGLE-BLG-RRLYR-11036  15.589 16.621  0.32138652 0.00000081  5000.18866  0.255  0.087 4.949  0.054 4.471
OGLE-BLG-RRLYR-11039  16.189 17.778  0.33873730 0.00000010  5000.08040  0.271  0.095 5.214  0.067 4.085
OGLE-BLG-RRLYR-11040  15.813 16.747  0.32195312 0.00000088  5000.08544  0.245  0.065 5.001  0.063 4.417
OGLE-BLG-RRLYR-11043  15.929 17.018  0.30033274 0.00000035  5000.26134  0.271  0.099 4.936  0.078 4.028
OGLE-BLG-RRLYR-11044  16.082 17.403  0.26666200 0.00000006  5000.19418  0.262  0.183 4.760  0.079 2.897
OGLE-BLG-RRLYR-11053  16.005 17.119  0.31745447 0.00000006  5000.12399  0.232  0.100 4.941  0.080 4.080
OGLE-BLG-RRLYR-11062  16.143 17.796  0.33751728 0.00000040  5000.28246  0.260  0.101 4.966  0.080 4.410
OGLE-BLG-RRLYR-11063  16.156 17.559  0.28947342 0.00000008  5000.22634  0.268  0.149 4.766  0.081 3.484
OGLE-BLG-RRLYR-11068  16.391 18.122  0.29720655 0.00000012  5000.28023  0.244  0.114 4.822  0.075 3.790
OGLE-BLG-RRLYR-11072  17.072    -    0.31601654 0.00000038  5000.26747  0.263  0.109 4.865  0.073 4.756
OGLE-BLG-RRLYR-11085  18.050    -    0.28521193 0.00000064  5000.00416  0.279  0.166 4.722  0.128 3.350
OGLE-BLG-RRLYR-11087  15.839 17.124  0.30959725 0.00000011  5000.02650  0.218  0.089 4.949  0.032 4.282
OGLE-BLG-RRLYR-11091  16.617 18.918  0.36413716 0.00000129  5000.18988  0.277  0.066 5.383  0.086 4.851
OGLE-BLG-RRLYR-11092  15.445 16.371  0.37592074 0.00000516  5000.11476  0.273  0.078 5.611  0.066 4.132
OGLE-BLG-RRLYR-11093  16.373 17.797  0.39661798 0.00000959  5000.24806  0.296  0.130 4.931  0.078 5.046
OGLE-BLG-RRLYR-11097  15.934 17.214  0.30816318 0.00000007  5000.24822  0.238  0.110 4.959  0.080 3.969
OGLE-BLG-RRLYR-11099  16.003 17.510  0.29329371 0.00000011  5000.08981  0.281  0.143 4.795  0.069 3.628
OGLE-BLG-RRLYR-11101  16.740 18.382  0.28021362 0.00000006  5000.07002  0.275  0.162 5.035  0.081 3.259
OGLE-BLG-RRLYR-11107  16.194 17.434  0.30865497 0.00000005  5000.13678  0.252  0.111 4.878  0.075 4.029
OGLE-BLG-RRLYR-11109  15.804 17.001  0.31716109 0.00000007  5000.13886  0.225  0.092 4.925  0.063 4.250
OGLE-BLG-RRLYR-11110  16.198 18.241  0.32081907 0.00000007  5000.11159  0.250  0.099 4.900  0.067 4.035
OGLE-BLG-RRLYR-11111  17.565 20.967  0.44717435 0.00000158  5000.44172  0.223  0.043 4.703  0.000   -  
OGLE-BLG-RRLYR-11112  15.676 16.893  0.33175036 0.00000008  5000.09681  0.265  0.099 5.029  0.070 4.262
OGLE-BLG-RRLYR-11119  16.138 17.508  0.27956134 0.00000007  5000.01952  0.274  0.168 4.781  0.104 3.116
OGLE-BLG-RRLYR-11123  16.547 17.910  0.32874484 0.00000010  5000.31642  0.246  0.088 4.918  0.059 4.101
OGLE-BLG-RRLYR-11125  16.013 17.424  0.30950347 0.00000012  5000.12501  0.243  0.096 4.814  0.067 4.128
OGLE-BLG-RRLYR-11126  16.040 17.444  0.30215242 0.00000025  5000.00420  0.247  0.113 4.885  0.071 3.825
OGLE-BLG-RRLYR-11127  16.542 18.163  0.36616941 0.00000067  5000.33984  0.317  0.128 5.093  0.082 3.975
OGLE-BLG-RRLYR-11136  16.087 17.421  0.31712350 0.00000005  5000.12189  0.246  0.105 4.974  0.066 4.178
OGLE-BLG-RRLYR-11140  18.182 20.081  0.29103991 0.00000022  5000.00509  0.184  0.235 4.871  0.000   -  
OGLE-BLG-RRLYR-11144  16.090 17.215  0.32297795 0.00000100  5000.25554  0.243  0.051 4.960  0.082 4.265
OGLE-BLG-RRLYR-11145  16.019 17.388  0.28281711 0.00000010  5000.22837  0.292  0.154 4.825  0.110 3.242
OGLE-BLG-RRLYR-11151  15.944 17.158  0.29670380 0.00000004  5000.25121  0.252  0.131 4.747  0.077 3.644
OGLE-BLG-RRLYR-11153  16.889 19.059  0.28868346 0.00000027  5000.16725  0.275  0.164 4.666  0.091 3.455
OGLE-BLG-RRLYR-11154  16.682 18.255  0.31115355 0.00000014  5000.02250  0.284  0.132 5.089  0.078 4.017
OGLE-BLG-RRLYR-11159  16.306    -    0.32043879 0.00000025  5000.04221  0.268  0.116 5.352  0.079 4.273
OGLE-BLG-RRLYR-11162  15.774 17.376  0.29134325 0.00000027  5000.27088  0.270  0.143 4.955  0.106 3.643
OGLE-BLG-RRLYR-11163  16.375 18.057  0.31484104 0.00000011  5000.30283  0.246  0.106 5.072  0.059 3.980
OGLE-BLG-RRLYR-11166  15.880 18.145  0.37168778 0.00000035  5000.25487  0.154  0.042 4.960  0.064 5.037
OGLE-BLG-RRLYR-11167  15.885 17.106  0.26610049 0.00000016  5000.04970  0.176  0.115 4.852  0.072 2.766
OGLE-BLG-RRLYR-11169  16.186 17.577  0.28447603 0.00000015  5000.14189  0.292  0.179 4.783  0.091 3.378
OGLE-BLG-RRLYR-11172  16.582 17.806  0.27013821 0.00000011  5000.15650  0.294  0.222 4.779  0.068 3.152
OGLE-BLG-RRLYR-11174  16.177 17.460  0.35217975 0.00000029  5000.13463  0.271  0.065 4.922  0.070 4.674
OGLE-BLG-RRLYR-11184  15.826 16.521  0.27981287 0.00000044  5000.13378  0.299  0.166 4.804  0.107 3.272
OGLE-BLG-RRLYR-11186  16.469 18.021  0.30101414 0.00000026  5000.24235  0.250  0.105 4.780  0.102 3.690
OGLE-BLG-RRLYR-11188  15.544 16.719  0.45949262 0.00000010  5000.22572  0.254  0.055 2.933  0.060 5.523
OGLE-BLG-RRLYR-11189  15.994 17.265  0.35300031 0.00000060  5000.19040  0.275  0.047 5.062  0.072 4.692
OGLE-BLG-RRLYR-11193  15.102 16.209  0.36259477 0.00000006  5000.20802  0.309  0.102 4.002  0.051 6.024
OGLE-BLG-RRLYR-11197  15.736 16.062  0.32275930 0.00000008  5000.23012  0.286  0.088 4.850  0.064 4.470
OGLE-BLG-RRLYR-11198  16.055 17.250  0.30685986 0.00000048  5000.14205  0.290  0.160 4.991  0.078 3.826
OGLE-BLG-RRLYR-11207  15.828 16.949  0.25442515 0.00000023  5000.11798  0.103  0.030 3.998  0.000   -  
OGLE-BLG-RRLYR-11212  15.762 16.933  0.25319078 0.00000007  5000.15246  0.207  0.136 4.754  0.038 3.313
OGLE-BLG-RRLYR-11219  15.461 16.588  0.34797411 0.00000025  5000.00442  0.191  0.068 5.403  0.058 4.214
OGLE-BLG-RRLYR-11220  16.063 17.192  0.27469746 0.00000006  5000.04685  0.282  0.140 4.698  0.087 3.270
OGLE-BLG-RRLYR-11225  16.483 18.009  0.30255231 0.00000015  5000.08662  0.262  0.114 4.935  0.076 3.980
OGLE-BLG-RRLYR-11228  15.995 17.189  0.25753968 0.00000033  5000.13617  0.191  0.134 4.795  0.034 2.703
OGLE-BLG-RRLYR-11231  17.030 18.358  0.26153916 0.00000028  5000.03191  0.174  0.103 4.202  0.000   -  
OGLE-BLG-RRLYR-11232  15.579 16.607  0.28788155 0.00000018  5000.26123  0.300  0.127 5.031  0.087 3.736
OGLE-BLG-RRLYR-11236  16.061 17.509  0.34947528 0.00000022  5000.11515  0.250  0.050 5.082  0.075 4.749
OGLE-BLG-RRLYR-11237  17.174    -    0.27466486 0.00000137  5000.26233  0.307  0.200 4.506  0.103 3.051
OGLE-BLG-RRLYR-11239  17.033 18.642  0.32629274 0.00000008  5000.12331  0.285  0.106 5.014  0.069 4.085
OGLE-BLG-RRLYR-11249  16.282 17.813  0.30350284 0.00000012  5000.10135  0.272  0.115 4.920  0.077 4.049
OGLE-BLG-RRLYR-11253  16.595 18.059  0.25800484 0.00000007  5000.21724  0.250  0.138 4.759  0.045 3.213
OGLE-BLG-RRLYR-11254  15.224 16.514  0.38433634 0.00000006  5000.31970  0.259  0.036 4.979  0.052 4.571
OGLE-BLG-RRLYR-11257  16.531 18.171  0.31696154 0.00000018  5000.16190  0.236  0.096 5.080  0.078 4.146
OGLE-BLG-RRLYR-11259  16.242 17.602  0.30877656 0.00000064  5000.08911  0.302  0.157 4.769  0.084 3.550
OGLE-BLG-RRLYR-11260  15.825 17.160  0.30636159 0.00000066  5000.12568  0.258  0.083 4.615  0.070 3.916
OGLE-BLG-RRLYR-11263  15.675 16.915  0.35804777 0.00000010  5000.12861  0.289  0.028 4.352  0.061 5.470
OGLE-BLG-RRLYR-11266  15.689 17.064  0.35821740 0.00000021  5000.32710  0.244  0.032 5.107  0.068 5.009
OGLE-BLG-RRLYR-11268  16.389 18.158  0.25742399 0.00000011  5000.25009  0.245  0.165 4.804  0.033 2.861
OGLE-BLG-RRLYR-11270  17.992 21.025  0.29310694 0.00000033  5000.21747  0.266  0.122 4.696  0.078 3.360
OGLE-BLG-RRLYR-11275  17.021 19.579  0.37533406 0.00000056  5000.36367  0.240  0.049 5.129  0.060 4.581
OGLE-BLG-RRLYR-11278  17.260 18.518  0.31586223 0.00000059  5000.06912  0.238  0.106 4.720  0.092 4.116
OGLE-BLG-RRLYR-11281  16.058    -    0.31537098 0.00000031  5000.05117  0.239  0.095 5.068  0.092 3.962
OGLE-BLG-RRLYR-11284  16.129 17.673  0.33592043 0.00000042  5000.18319  0.255  0.119 4.761  0.052 4.350
OGLE-BLG-RRLYR-11285  18.590 20.025  0.28720237 0.00000065  5000.20293  0.171  0.267 4.271  0.163 3.239
OGLE-BLG-RRLYR-11290  15.065 15.859  0.29311192 0.00000045  5000.01320  0.293  0.120 4.877  0.081 3.671
OGLE-BLG-RRLYR-11293  16.087 17.272  0.28490926 0.00000017  5000.18009  0.286  0.159 4.764  0.089 3.230
OGLE-BLG-RRLYR-11295  17.627 20.461  0.34910623 0.00000080  5000.26302  0.218  0.044 5.304  0.000   -  
OGLE-BLG-RRLYR-11299  16.053 17.259  0.31962953 0.00000005  5000.02120  0.253  0.096 4.931  0.075 4.290
OGLE-BLG-RRLYR-11300  15.570 16.384  0.28113447 0.00000125  5000.08220  0.097  0.108 4.416  0.000   -  
OGLE-BLG-RRLYR-11305  15.864 17.508  0.33487761 0.00000019  5000.11516  0.238  0.080 5.014  0.064 4.488
OGLE-BLG-RRLYR-11308  16.633 18.073  0.25384788 0.00000056  5000.08606  0.254  0.135 4.858  0.000   -  
OGLE-BLG-RRLYR-11309  15.417 17.425  0.38528215 0.00000377  5000.10657  0.101  0.212 5.380  0.254 4.079
OGLE-BLG-RRLYR-11312  15.799 16.914  0.31821766 0.00000091  5000.07731  0.253  0.104 4.917  0.077 4.215
OGLE-BLG-RRLYR-11314  16.383 18.534  0.29969370 0.00000020  5000.01602  0.170  0.123 4.872  0.077 3.640
OGLE-BLG-RRLYR-11317  15.739 16.935  0.33921125 0.00000039  5000.08728  0.248  0.099 5.126  0.055 3.706
OGLE-BLG-RRLYR-11318  16.210    -    0.28426104 0.00000039  5000.22720  0.297  0.160 4.833  0.091 3.288
OGLE-BLG-RRLYR-11324  16.328 17.698  0.29416741 0.00000078  5000.04682  0.294  0.195 4.918  0.065 3.105
OGLE-BLG-RRLYR-11326  16.265 17.577  0.27542142 0.00000024  5000.09158  0.285  0.168 4.789  0.083 3.267
OGLE-BLG-RRLYR-11332  16.512 17.571  0.27559899 0.00000024  5000.16591  0.277  0.135 4.962  0.087 3.593
OGLE-BLG-RRLYR-11339  16.469 18.222  0.30943119 0.00000013  5000.18424  0.246  0.095 4.968  0.074 4.125
OGLE-BLG-RRLYR-11340  15.805 17.016  0.37903667 0.00000113  5000.09279  0.280  0.042 5.099  0.060 5.278
OGLE-BLG-RRLYR-11341  16.297 17.873  0.35161964 0.00000036  5000.06749  0.262  0.040 4.914  0.067 5.023
OGLE-BLG-RRLYR-11344  16.512 18.402  0.31792592 0.00000030  5000.20652  0.270  0.125 5.349  0.084 4.210
OGLE-BLG-RRLYR-11347  16.254 18.603  0.35125513 0.00000056  5000.28147  0.170  0.029 4.677  0.043 4.572
OGLE-BLG-RRLYR-11348  15.812 17.122  0.30751134 0.00000018  5000.10419  0.283  0.123 5.077  0.077 4.082
OGLE-BLG-RRLYR-11351  15.796 17.144  0.28926463 0.00000016  5000.19523  0.303  0.105 4.682  0.051 3.558
OGLE-BLG-RRLYR-11352  16.830 19.087  0.27998002 0.00000066  5000.00900  0.238  0.035 0.160  0.056 4.272
OGLE-BLG-RRLYR-11355  15.992    -    0.34140508 0.00000026  5000.12765  0.279  0.074 5.210  0.079 4.260
OGLE-BLG-RRLYR-11356  16.777 18.159  0.32856709 0.00000013  5000.25495  0.254  0.090 5.152  0.070 3.885
OGLE-BLG-RRLYR-11357  17.075 19.083  0.25797734 0.00000024  5000.04269  0.284  0.176 4.734  0.068 2.832
OGLE-BLG-RRLYR-11360  16.613 18.083  0.30232720 0.00000069  5000.12818  0.285  0.138 5.164  0.117 3.983
OGLE-BLG-RRLYR-11365  15.672 16.604  0.28235414 0.00000034  5000.13919  0.307  0.159 4.752  0.087 3.047
OGLE-BLG-RRLYR-11370  15.647 16.919  0.39316565 0.00000033  5000.36965  0.272  0.030 4.864  0.050 4.515
OGLE-BLG-RRLYR-11371  15.666 16.900  0.30844873 0.00000031  5000.27170  0.268  0.130 4.858  0.082 3.739
OGLE-BLG-RRLYR-11373  15.987 17.480  0.29477375 0.00000039  5000.22678  0.327  0.193 4.886  0.081 2.978
OGLE-BLG-RRLYR-11375  15.450 16.539  0.50782512 0.00000033  5000.34861  0.260  0.079 2.694  0.076 5.603
OGLE-BLG-RRLYR-11378  15.663 16.604  0.24983835 0.00000010  5000.20438  0.129  0.099 4.548  0.025 2.258
OGLE-BLG-RRLYR-11382  16.178 17.357  0.27912157 0.00000014  5000.04192  0.304  0.178 4.804  0.094 3.089
OGLE-BLG-RRLYR-11384  17.006 18.241  0.35041233 0.00000012  5000.34007  0.253  0.119 4.852  0.069 3.590
OGLE-BLG-RRLYR-11386  15.694 16.981  0.33983329 0.00000099  5000.32327  0.276  0.087 5.443  0.070 4.392
OGLE-BLG-RRLYR-11389  15.676 16.837  0.41653507 0.00000015  5000.33847  0.265  0.037 6.072  0.059 4.983
OGLE-BLG-RRLYR-11394  15.311 16.570  0.39402512 0.00000009  5000.17915  0.309  0.199 4.812  0.100 2.944
OGLE-BLG-RRLYR-11402  16.371 17.641  0.29955387 0.00000109  5000.28287  0.230  0.095 4.789  0.064 4.425
OGLE-BLG-RRLYR-11407  16.299 17.754  0.20912344 0.00000021  5000.00329  0.173  0.107 4.565  0.000   -  
OGLE-BLG-RRLYR-11408  16.706 18.120  0.30881259 0.00000006  5000.30478  0.252  0.117 4.830  0.069 3.985
OGLE-BLG-RRLYR-11417  17.624 18.964  0.33679495 0.00000032  5000.25325  0.146  0.111 4.273  0.085 3.978
OGLE-BLG-RRLYR-11429  16.274 17.409  0.24796457 0.00000002  5000.03445  0.267  0.163 4.773  0.079 3.111
OGLE-BLG-RRLYR-11432  16.214 17.905  0.34775663 0.00000156  5000.20358  0.268  0.051 4.526  0.056 4.109
OGLE-BLG-RRLYR-11437  16.429 17.876  0.34652200 0.00000024  5000.03687  0.227  0.066 4.877  0.028 5.120
OGLE-BLG-RRLYR-11440  15.847 16.968  0.29243090 0.00000003  5000.18039  0.249  0.142 4.727  0.087 3.532
OGLE-BLG-RRLYR-11441  15.786 16.886  0.28498709 0.00000003  5000.27933  0.303  0.209 4.742  0.087 2.783
OGLE-BLG-RRLYR-11450  16.293 18.298  0.46830156 0.00000030  5000.35503  0.269  0.084 2.975  0.066 5.785
OGLE-BLG-RRLYR-11451  15.974 17.488  0.32962878 0.00000016  5000.13445  0.257  0.064 5.026  0.061 4.677
OGLE-BLG-RRLYR-11455  15.937 16.942  0.31776459 0.00000076  5000.06374  0.255  0.123 4.736  0.072 4.221
OGLE-BLG-RRLYR-11456  16.254 17.353  0.27376033 0.00000004  5000.10724  0.296  0.169 4.918  0.082 3.164
OGLE-BLG-RRLYR-11457  15.721 16.761  0.31576557 0.00000003  5000.09060  0.272  0.107 5.276  0.087 4.080
OGLE-BLG-RRLYR-11461  16.937 19.773  0.39859339 0.00000212  5000.04440  0.156  0.000   -    0.100 2.270
OGLE-BLG-RRLYR-11466  16.041 17.297  0.30935574 0.00000027  5000.15015  0.248  0.099 4.984  0.063 3.988
OGLE-BLG-RRLYR-11468  15.865 17.000  0.28107511 0.00000003  5000.06139  0.240  0.171 4.775  0.102 3.068
OGLE-BLG-RRLYR-11472  15.292 16.256  0.29921807 0.00000069  5000.19943  0.235  0.078 4.826  0.068 4.191
OGLE-BLG-RRLYR-11474  16.027 17.241  0.32585754 0.00000008  5000.06015  0.248  0.091 4.912  0.061 4.309
OGLE-BLG-RRLYR-11480  16.145 17.223  0.34297702 0.00000122  5000.33225  0.384  0.292 4.776  0.071 2.542
OGLE-BLG-RRLYR-11483  16.538 17.842  0.29479675 0.00000031  5000.27880  0.237  0.048 4.493  0.060 5.149
OGLE-BLG-RRLYR-11490  16.829 18.437  0.30007816 0.00000092  5000.19977  0.264  0.103 4.710  0.078 3.959
OGLE-BLG-RRLYR-11496  16.064 17.279  0.37877923 0.00000086  5000.29717  0.212  0.046 4.974  0.000   -  
OGLE-BLG-RRLYR-11497  16.142 17.648  0.30793485 0.00000031  5000.23588  0.247  0.106 4.882  0.068 4.093
OGLE-BLG-RRLYR-11500  17.347 19.294  0.30510957 0.00000117  5000.10821  0.254  0.098 4.914  0.075 4.404
OGLE-BLG-RRLYR-11503  15.897 17.140  0.31097703 0.00000004  5000.11228  0.257  0.109 4.806  0.074 4.071
OGLE-BLG-RRLYR-11504  16.529 17.925  0.30098155 0.00000074  5000.09594  0.247  0.104 4.730  0.084 3.939
OGLE-BLG-RRLYR-11505  15.664 16.851  0.50603408 0.00000300  5000.48949  0.275  0.134 3.940  0.000   -  
OGLE-BLG-RRLYR-11506  15.826 17.586  0.44991562 0.00000201  5000.25579  0.171  0.070 6.133  0.069 0.940
OGLE-BLG-RRLYR-11508  15.925 17.070  0.29317297 0.00000006  5000.15443  0.213  0.097 4.972  0.052 3.621
OGLE-BLG-RRLYR-11510  15.065 16.141  0.24473748 0.00000027  5000.10897  0.171  0.050 5.507  0.042 5.269
OGLE-BLG-RRLYR-11524  16.037 17.130  0.26450958 0.00000057  5000.15583  0.243  0.151 4.842  0.034 2.893
OGLE-BLG-RRLYR-11527  16.334 18.065  0.33007749 0.00000406  5000.13818  0.224  0.144 5.290  0.052 1.738
OGLE-BLG-RRLYR-11533  16.122 17.357  0.27108960 0.00000004  5000.15639  0.181  0.062 5.084  0.062 4.466
OGLE-BLG-RRLYR-11534  13.472 14.563  0.43280607 0.00000165  5000.32800  0.257  0.039 0.489  0.070 5.346
OGLE-BLG-RRLYR-11537  15.923 17.082  0.35753723 0.00000045  5000.27738  0.215  0.121 5.621  0.075 4.646
OGLE-BLG-RRLYR-11538  15.529 16.259  0.32548300 0.00000091  5000.26634  0.281  0.100 5.023  0.066 3.775
OGLE-BLG-RRLYR-11539  16.253 17.932  0.33389181 0.00000015  5000.26036  0.264  0.095 5.087  0.070 4.245
OGLE-BLG-RRLYR-11547  15.957 17.123  0.30619345 0.00000005  5000.21192  0.266  0.088 5.021  0.072 4.291
OGLE-BLG-RRLYR-11549  15.849 17.002  0.34306597 0.00000032  5000.17242  0.273  0.071 5.379  0.072 4.484
OGLE-BLG-RRLYR-11557  15.885 17.331  0.39307240 0.00000018  5000.06189  0.225  0.066 5.938  0.064 5.009
OGLE-BLG-RRLYR-11558  16.242 17.686  0.31016831 0.00000087  5000.21565  0.270  0.130 5.060  0.110 3.882
OGLE-BLG-RRLYR-11559  15.711 16.666  0.30529080 0.00000004  5000.28786  0.262  0.099 4.842  0.083 4.183
OGLE-BLG-RRLYR-11560  15.970 17.210  0.29291016 0.00000029  5000.15939  0.257  0.112 4.828  0.077 4.117
OGLE-BLG-RRLYR-11561  17.805 20.702  0.30343896 0.00000041  5000.17967  0.225  0.112 4.764  0.078 3.896
OGLE-BLG-RRLYR-11562  15.424 16.357  0.31129412 0.00000081  5000.02093  0.272  0.108 4.869  0.052 4.018
OGLE-BLG-RRLYR-11564  16.350 17.850  0.28032454 0.00000009  5000.07278  0.235  0.108 4.816  0.065 3.966
OGLE-BLG-RRLYR-11570  16.061 17.267  0.32649507 0.00000034  5000.18540  0.266  0.096 5.123  0.070 4.115
OGLE-BLG-RRLYR-11573  14.861 15.919  0.35312697 0.00000077  5000.16783  0.239  0.095 4.971  0.043 3.737
OGLE-BLG-RRLYR-11575  16.028 17.322  0.29661301 0.00000022  5000.08300  0.253  0.135 4.831  0.081 3.626
OGLE-BLG-RRLYR-11578  17.359 20.217  0.34150473 0.00000047  5000.04335  0.269  0.132 5.138  0.057 3.890
OGLE-BLG-RRLYR-11583  15.964 17.302  0.30206857 0.00000085  5000.08994  0.222  0.130 4.866  0.061 3.633
OGLE-BLG-RRLYR-11584  16.086 17.708  0.26606723 0.00000006  5000.15791  0.280  0.191 4.730  0.076 2.901
OGLE-BLG-RRLYR-11586  17.368 19.734  0.26330722 0.00000022  5000.10354  0.232  0.153 4.809  0.039 2.618
OGLE-BLG-RRLYR-11590  17.106 19.951  0.34809828 0.00000041  5000.09659  0.160  0.063 5.049  0.072 4.810
OGLE-BLG-RRLYR-11591  14.573 16.169  0.39405534 0.00000042  5000.13882  0.135  0.069 5.378  0.079 4.100
OGLE-BLG-RRLYR-11593  15.600    -    0.36852214 0.00000118  5000.00703  0.242  0.023 4.912  0.000   -  
OGLE-BLG-RRLYR-11594  15.903 17.336  0.30000410 0.00000014  5000.14508  0.230  0.109 4.934  0.085 4.129
OGLE-BLG-RRLYR-11599  15.757 16.776  0.35038073 0.00000008  5000.28291  0.225  0.072 5.789  0.067 4.924
OGLE-BLG-RRLYR-11611  16.100 17.399  0.26419063 0.00000008  5000.06799  0.221  0.137 4.748  0.048 3.155
OGLE-BLG-RRLYR-11612  16.883 18.205  0.40329497 0.00000480  5000.09899  0.225  0.055 0.116  0.103 3.232
OGLE-BLG-RRLYR-11614  15.683 16.986  0.39982137 0.00000054  5000.02680  0.248  0.018 0.259  0.076 4.813
OGLE-BLG-RRLYR-11615  16.239 17.541  0.36804789 0.00000039  5000.11550  0.295  0.134 5.052  0.082 3.726
OGLE-BLG-RRLYR-11617  15.541 16.610  0.38858627 0.00000047  5000.13930  0.207  0.000   -    0.036 4.917
OGLE-BLG-RRLYR-11618  15.982 17.139  0.26731084 0.00000024  5000.18091  0.187  0.099 4.606  0.047 2.360
OGLE-BLG-RRLYR-11621  16.171 17.676  0.31723258 0.00000012  5000.31184  0.238  0.092 4.944  0.076 4.178
OGLE-BLG-RRLYR-11622  15.364 16.050  0.31453549 0.00000065  5000.25009  0.264  0.133 4.820  0.078 4.028
OGLE-BLG-RRLYR-11624  17.462 19.825  0.30983916 0.00000044  5000.00176  0.281  0.128 4.914  0.087 4.465
OGLE-BLG-RRLYR-11626  15.882    -    0.32336495 0.00000123  5000.17047  0.283  0.086 4.853  0.069 4.088
OGLE-BLG-RRLYR-11632  15.980 17.350  0.22397478 0.00000007  5000.19448  0.140  0.110 4.848  0.033 5.311
OGLE-BLG-RRLYR-11641  15.844 17.062  0.32269177 0.00000004  5000.23011  0.275  0.082 5.025  0.079 4.451
OGLE-BLG-RRLYR-11645  15.654 16.854  0.45287669 0.00000050  5000.16047  0.253  0.024 1.796  0.080 5.336
OGLE-BLG-RRLYR-11646  15.805 16.996  0.26449210 0.00000003  5000.16619  0.299  0.175 4.784  0.053 2.862
OGLE-BLG-RRLYR-11647  16.223 17.482  0.32167248 0.00000034  5000.11256  0.263  0.095 4.946  0.085 4.207
OGLE-BLG-RRLYR-11649  16.551 18.010  0.27268090 0.00000007  5000.23934  0.276  0.155 4.804  0.065 3.135
OGLE-BLG-RRLYR-11651  16.407 17.510  0.28954337 0.00000007  5000.25368  0.285  0.171 4.943  0.081 3.422
OGLE-BLG-RRLYR-11652  16.697 18.645  0.29389302 0.00000016  5000.11941  0.249  0.086 4.903  0.051 3.641
OGLE-BLG-RRLYR-11655  15.815 17.104  0.33367006 0.00000051  5000.19243  0.267  0.080 5.315  0.079 4.534
OGLE-BLG-RRLYR-11663  15.580 16.808  0.37286067 0.00000029  5000.13747  0.263  0.059 5.337  0.061 4.627
OGLE-BLG-RRLYR-11665  15.887 17.268  0.37187823 0.00000271  5000.00971  0.279  0.177 4.944  0.097 4.242
OGLE-BLG-RRLYR-11671  15.956 17.101  0.31992399 0.00000006  5000.12684  0.203  0.096 5.091  0.073 4.001
OGLE-BLG-RRLYR-11673  16.269 17.570  0.25312701 0.00000003  5000.05451  0.256  0.151 4.718  0.086 3.306
OGLE-BLG-RRLYR-11675  16.048 17.180  0.25764853 0.00000003  5000.01195  0.259  0.176 4.747  0.051 3.105
OGLE-BLG-RRLYR-11682  15.216 16.357  0.32843276 0.00000013  5000.05762  0.270  0.101 5.111  0.084 4.287
OGLE-BLG-RRLYR-11684  16.375 17.662  0.30178724 0.00000004  5000.06902  0.256  0.117 4.780  0.074 3.833
OGLE-BLG-RRLYR-11687  16.522 18.029  0.29671469 0.00000005  5000.11677  0.280  0.133 4.866  0.087 3.627
OGLE-BLG-RRLYR-11688  16.914 18.502  0.32657123 0.00000276  5000.32180  0.234  0.065 5.241  0.074 3.822
OGLE-BLG-RRLYR-11691  16.798 18.703  0.33135324 0.00000039  5000.05847  0.249  0.055 5.034  0.048 5.266
OGLE-BLG-RRLYR-11701  16.635 17.770  0.29900424 0.00000030  5000.29496  0.117  0.073 4.492  0.046 4.906
OGLE-BLG-RRLYR-11702  16.796    -    0.26352905 0.00000030  5000.22832  0.267  0.164 4.743  0.053 3.201
OGLE-BLG-RRLYR-11704  16.531 18.310  0.33957352 0.00000033  5000.29200  0.259  0.084 5.399  0.088 4.438
OGLE-BLG-RRLYR-11706  17.299 18.411  0.34525016 0.00000075  5000.10611  0.257  0.109 5.518  0.088 4.398
OGLE-BLG-RRLYR-11709  16.027 17.221  0.28370480 0.00000080  5000.04024  0.291  0.142 4.681  0.102 3.236
OGLE-BLG-RRLYR-11711  16.749 18.368  0.30466081 0.00000015  5000.03549  0.245  0.098 4.856  0.067 4.012
OGLE-BLG-RRLYR-11716  15.859 16.993  0.28835685 0.00000016  5000.21111  0.279  0.145 4.781  0.087 3.502
OGLE-BLG-RRLYR-11717  15.544 16.635  0.42779994 0.00000018  5000.28354  0.236  0.028 0.507  0.076 4.944
OGLE-BLG-RRLYR-11718  16.424 17.886  0.28138909 0.00000013  5000.15859  0.182  0.080 4.762  0.036 3.439
OGLE-BLG-RRLYR-11719  16.463 17.974  0.29440890 0.00000023  5000.16861  0.288  0.144 4.819  0.083 3.386
OGLE-BLG-RRLYR-11720  16.272 17.832  0.34042768 0.00000014  5000.28476  0.271  0.067 5.015  0.080 4.737
OGLE-BLG-RRLYR-11726  15.917 16.888  0.30194616 0.00000033  5000.12391  0.252  0.106 4.974  0.057 3.937
OGLE-BLG-RRLYR-11727  15.635 16.871  0.30724853 0.00000051  5000.08101  0.157  0.000   -    0.023 4.827
OGLE-BLG-RRLYR-11728  15.981 16.968  0.31518390 0.00000004  5000.29574  0.245  0.094 4.938  0.073 4.239
OGLE-BLG-RRLYR-11733  16.024 17.758  0.37443527 0.00000022  5000.04079  0.313  0.139 5.258  0.093 3.929
OGLE-BLG-RRLYR-11737  16.978 19.205  0.29636120 0.00000033  5000.07021  0.281  0.125 4.872  0.084 3.723
OGLE-BLG-RRLYR-11738  15.938 17.090  0.32164861 0.00000078  5000.17258  0.264  0.098 5.097  0.077 4.557
OGLE-BLG-RRLYR-11739  15.749 17.483  0.49096885 0.00000101  5000.04098  0.262  0.101 2.892  0.058 5.882
OGLE-BLG-RRLYR-11740  15.907 17.065  0.35994788 0.00000029  5000.11868  0.272  0.078 5.297  0.056 4.641
OGLE-BLG-RRLYR-11742  15.473 16.545  0.27929129 0.00000002  5000.11856  0.267  0.168 4.683  0.096 3.004
OGLE-BLG-RRLYR-11743  15.848 17.167  0.36918053 0.00000035  5000.05628  0.220  0.060 6.163  0.040 5.079
OGLE-BLG-RRLYR-11744  15.833 17.054  0.33668215 0.00000010  5000.31448  0.252  0.095 4.920  0.065 4.093
OGLE-BLG-RRLYR-11745  15.505 16.495  0.34205341 0.00000010  5000.22881  0.250  0.079 5.157  0.064 4.392
OGLE-BLG-RRLYR-11749  16.605 18.323  0.30598485 0.00000013  5000.03222  0.238  0.114 4.786  0.073 4.031
OGLE-BLG-RRLYR-11750  15.936 17.066  0.34285930 0.00000086  5000.24569  0.300  0.079 5.213  0.058 4.742
OGLE-BLG-RRLYR-11753  16.053 17.268  0.25910011 0.00000005  5000.08183  0.194  0.124 4.803  0.024 3.533
OGLE-BLG-RRLYR-11754  17.345 19.812  0.26573551 0.00000083  5000.02417  0.161  0.053 3.780  0.000   -  
OGLE-BLG-RRLYR-11755  16.212 17.537  0.30975771 0.00000121  5000.17353  0.198  0.089 5.006  0.043 3.661
OGLE-BLG-RRLYR-11756  15.647 16.737  0.31093004 0.00000011  5000.06702  0.255  0.119 5.200  0.100 4.146
OGLE-BLG-RRLYR-11757  15.695 16.745  0.38016819 0.00000043  5000.24121  0.275  0.050 5.410  0.069 4.617
OGLE-BLG-RRLYR-11761  15.994 17.264  0.30881084 0.00000006  5000.02505  0.251  0.111 4.883  0.077 3.830
OGLE-BLG-RRLYR-11762  15.586 16.505  0.31201202 0.00000012  5000.15417  0.237  0.094 4.723  0.074 3.987
OGLE-BLG-RRLYR-11772  15.709 16.763  0.28246535 0.00000025  5000.03279  0.167  0.035 3.615  0.000   -  
OGLE-BLG-RRLYR-11775  15.854 16.854  0.27780973 0.00000011  5000.02143  0.264  0.186 4.885  0.075 2.951
OGLE-BLG-RRLYR-11779  15.988 17.144  0.30063902 0.00000008  5000.24189  0.158  0.070 5.062  0.027 3.711
OGLE-BLG-RRLYR-11780  16.021 17.423  0.30307204 0.00000020  5000.14993  0.120  0.064 4.780  0.000   -  
OGLE-BLG-RRLYR-11781  15.893 17.051  0.24870857 0.00000049  5000.15281  0.170  0.119 4.650  0.000   -  
OGLE-BLG-RRLYR-11784  16.267 17.636  0.25338561 0.00000020  5000.04517  0.244  0.173 4.228  0.020 0.219
OGLE-BLG-RRLYR-11787  16.603 17.875  0.32201078 0.00000007  5000.05838  0.249  0.088 4.993  0.073 4.179
OGLE-BLG-RRLYR-11788  15.756 16.853  0.37136325 0.00000040  5000.24364  0.280  0.031 4.555  0.075 5.638
OGLE-BLG-RRLYR-11789  16.224 17.419  0.26796351 0.00000004  5000.19712  0.230  0.113 4.794  0.078 3.875
OGLE-BLG-RRLYR-11801  16.203 18.146  0.29143576 0.00000010  5000.06768  0.337  0.267 4.659  0.081 2.643
OGLE-BLG-RRLYR-11806  16.142 17.385  0.31313949 0.00000069  5000.06491  0.235  0.094 4.965  0.072 4.094
OGLE-BLG-RRLYR-11807  16.197 17.382  0.49140250 0.00000215  5000.08828  0.260  0.064 2.978  0.076 5.284
OGLE-BLG-RRLYR-11816  15.754 16.796  0.27619867 0.00000041  5000.05663  0.294  0.166 4.759  0.109 3.028
OGLE-BLG-RRLYR-11818  15.786 16.848  0.28282610 0.00000011  5000.10100  0.189  0.067 4.879  0.029 3.885
OGLE-BLG-RRLYR-11819  17.566 20.347  0.28544195 0.00000029  5000.00956  0.253  0.157 4.785  0.130 3.159
OGLE-BLG-RRLYR-11834  16.568 18.042  0.26442680 0.00000047  5000.23593  0.275  0.127 4.916  0.098 3.693
OGLE-BLG-RRLYR-11836  16.500 18.241  0.30710132 0.00000017  5000.25383  0.236  0.085 5.110  0.046 4.242
OGLE-BLG-RRLYR-11838  17.090 19.370  0.34251011 0.00000033  5000.05580  0.264  0.065 5.418  0.052 4.108
OGLE-BLG-RRLYR-11840  16.279 17.532  0.25713853 0.00000013  5000.10008  0.289  0.187 4.699  0.061 3.152
OGLE-BLG-RRLYR-11841  15.997 17.094  0.24855250 0.00000003  5000.19080  0.202  0.138 4.680  0.025 3.106
OGLE-BLG-RRLYR-11843  16.189 17.341  0.29510553 0.00000004  5000.27851  0.272  0.128 4.801  0.085 3.750
OGLE-BLG-RRLYR-11845  16.889 18.880  0.25589592 0.00000011  5000.00328  0.220  0.120 4.653  0.027 2.999
OGLE-BLG-RRLYR-11851  16.053 17.191  0.36991881 0.00000138  5000.34045  0.275  0.036 4.907  0.068 4.745
OGLE-BLG-RRLYR-11853  15.595 16.588  0.33634435 0.00000073  5000.13544  0.288  0.138 4.786  0.087 3.504
OGLE-BLG-RRLYR-11856  15.906 16.797  0.29623793 0.00000022  5000.24838  0.277  0.140 5.014  0.079 3.795
OGLE-BLG-RRLYR-11861  16.015    -    0.26515575 0.00000013  5000.09395  0.294  0.194 4.771  0.072 3.019
OGLE-BLG-RRLYR-11862  15.787 17.011  0.27567068 0.00000010  5000.18786  0.273  0.167 4.820  0.094 3.190
OGLE-BLG-RRLYR-11866  15.913 17.066  0.37736584 0.00000094  5000.15024  0.242  0.077 5.526  0.086 4.481
OGLE-BLG-RRLYR-11873  15.892 16.710  0.28611528 0.00000013  5000.10934  0.310  0.149 4.858  0.101 3.344
OGLE-BLG-RRLYR-11874  17.136 18.259  0.20716914 0.00000004  5000.13140  0.217  0.145 4.646  0.041 2.570
OGLE-BLG-RRLYR-11875  15.920 17.319  0.34680223 0.00000019  5000.12698  0.192  0.081 5.379  0.047 4.126
OGLE-BLG-RRLYR-11880  15.608 16.567  0.32650842 0.00000075  5000.14179  0.265  0.080 4.881  0.046 4.573
OGLE-BLG-RRLYR-11882  16.420 18.133  0.33676760 0.00000016  5000.21573  0.245  0.074 5.215  0.064 4.693
OGLE-BLG-RRLYR-11886  16.775 18.366  0.36239286 0.00000033  5000.04145  0.248  0.064 4.958  0.044 4.513
OGLE-BLG-RRLYR-11888  17.305 19.811  0.29085815 0.00000029  5000.04819  0.239  0.137 4.870  0.109 3.889
OGLE-BLG-RRLYR-11894  16.873 18.615  0.23024578 0.00000007  5000.15638  0.243  0.154 4.754  0.052 3.175
OGLE-BLG-RRLYR-11899  15.737 16.731  0.32036464 0.00000016  5000.28599  0.256  0.092 4.752  0.072 4.132
OGLE-BLG-RRLYR-11900  15.642 16.882  0.44788903 0.00000124  5000.03094  0.241  0.058 2.066  0.097 5.624
OGLE-BLG-RRLYR-11906  17.170 18.758  0.25924901 0.00000052  5000.04145  0.182  0.089 4.077  0.000   -  
OGLE-BLG-RRLYR-11910  17.074 19.439  0.30387871 0.00000032  5000.03482  0.286  0.094 4.952  0.053 3.836
OGLE-BLG-RRLYR-11911  16.759 18.372  0.27015658 0.00000013  5000.19692  0.237  0.119 4.804  0.082 4.015
OGLE-BLG-RRLYR-11912  15.717 16.785  0.27368938 0.00000002  5000.20917  0.262  0.184 4.918  0.082 3.210
OGLE-BLG-RRLYR-11913  16.012 17.265  0.31835630 0.00000012  5000.17758  0.246  0.096 4.860  0.072 4.087
OGLE-BLG-RRLYR-11917  15.807 16.949  0.31332803 0.00000006  5000.26235  0.246  0.093 4.902  0.072 4.262
OGLE-BLG-RRLYR-11918  15.971 17.001  0.32336706 0.00000007  5000.28006  0.246  0.080 5.151  0.058 4.338
OGLE-BLG-RRLYR-11920  16.019 17.226  0.27232797 0.00000007  5000.22030  0.235  0.113 4.756  0.066 4.032
OGLE-BLG-RRLYR-11921  17.223 18.545  0.28118264 0.00000047  5000.15295  0.225  0.087 4.803  0.063 4.228
OGLE-BLG-RRLYR-11924  16.739 18.352  0.39768740 0.00000057  5000.23233  0.267  0.137 5.040  0.062 3.364
OGLE-BLG-RRLYR-11929  15.968 17.205  0.31588754 0.00000006  5000.06209  0.234  0.093 4.965  0.076 4.320
OGLE-BLG-RRLYR-11932  15.918 16.979  0.32068823 0.00000007  5000.27740  0.240  0.095 4.884  0.066 4.207
OGLE-BLG-RRLYR-11934  16.102 17.202  0.30941831 0.00000007  5000.27653  0.214  0.089 4.954  0.037 3.866
OGLE-BLG-RRLYR-11937  16.908 19.068  0.29158899 0.00000016  5000.05279  0.275  0.130 4.675  0.081 3.531
OGLE-BLG-RRLYR-11940  15.776 16.891  0.29745402 0.00000062  5000.07516  0.253  0.132 4.767  0.091 3.597
OGLE-BLG-RRLYR-11942  16.173 17.322  0.22410772 0.00000006  5000.00267  0.155  0.077 4.931  0.032 4.668
OGLE-BLG-RRLYR-11943  15.980 17.562  0.25845672 0.00000015  5000.07260  0.219  0.180 4.256  0.049 2.274
OGLE-BLG-RRLYR-11944  15.607 16.949  0.32851851 0.00000009  5000.13096  0.260  0.097 5.093  0.080 4.170
OGLE-BLG-RRLYR-11945  15.770 16.942  0.33396820 0.00000005  5000.08952  0.233  0.076 5.229  0.071 4.832
OGLE-BLG-RRLYR-11946  16.328 17.394  0.27819492 0.00000003  5000.08921  0.290  0.177 4.774  0.099 3.017
OGLE-BLG-RRLYR-11950  15.884 17.005  0.30609738 0.00000007  5000.06120  0.256  0.110 4.947  0.076 3.874
OGLE-BLG-RRLYR-11951  16.095 17.414  0.33149532 0.00000013  5000.07087  0.265  0.100 5.051  0.074 4.277
OGLE-BLG-RRLYR-11953  15.471 16.570  0.36624533 0.00000030  5000.30464  0.260  0.049 5.324  0.075 4.823
OGLE-BLG-RRLYR-11960  16.041 17.084  0.23461181 0.00000024  5000.18193  0.196  0.067 4.533  0.047 4.918
OGLE-BLG-RRLYR-11971  15.695 16.691  0.27064397 0.00000004  5000.22981  0.275  0.188 4.786  0.077 3.149
OGLE-BLG-RRLYR-11975  14.709 16.625  0.30655159 0.00000055  5000.13169  0.037  0.095 4.734  0.069 3.958
OGLE-BLG-RRLYR-11976  16.208 17.648  0.31581056 0.00000010  5000.26129  0.226  0.099 4.965  0.074 4.108
OGLE-BLG-RRLYR-11977  16.156 17.243  0.35912426 0.00000069  5000.18604  0.313  0.079 5.273  0.064 4.499
OGLE-BLG-RRLYR-11979  15.721 16.979  0.37092185 0.00000082  5000.33977  0.251  0.033 5.459  0.053 4.737
OGLE-BLG-RRLYR-11980  15.304 16.865  0.31660417 0.00000028  5000.19557  0.232  0.096 4.901  0.075 4.196
OGLE-BLG-RRLYR-11984  16.004 17.168  0.31351686 0.00000080  5000.25198  0.291  0.117 4.907  0.088 4.153
OGLE-BLG-RRLYR-11991  15.444 16.435  0.27883429 0.00000033  5000.20108  0.312  0.158 4.751  0.094 3.099
OGLE-BLG-RRLYR-11999  16.228 17.793  0.30943982 0.00000010  5000.11971  0.297  0.141 5.135  0.084 3.989
OGLE-BLG-RRLYR-12003  15.597 17.238  0.39481571 0.00000099  5000.02787  0.159  0.056 5.479  0.000   -  
OGLE-BLG-RRLYR-12007  15.818 16.921  0.33544940 0.00000018  5000.08388  0.248  0.078 5.184  0.067 4.481
OGLE-BLG-RRLYR-12013  16.292 17.939  0.50071422 0.00000509  5000.37027  0.251  0.066 2.989  0.101 5.840
OGLE-BLG-RRLYR-12014  15.997 17.349  0.35494677 0.00000041  5000.23315  0.283  0.107 5.333  0.070 4.391
OGLE-BLG-RRLYR-12015  15.789 16.992  0.31763061 0.00000008  5000.02566  0.192  0.069 4.890  0.026 4.196
OGLE-BLG-RRLYR-12016  15.903 17.049  0.31169333 0.00000009  5000.09351  0.246  0.094 4.985  0.074 4.378
OGLE-BLG-RRLYR-12018  15.484 16.589  0.26995632 0.00000005  5000.24248  0.283  0.180 4.789  0.079 2.817
OGLE-BLG-RRLYR-12020  15.922 16.646  0.25562074 0.00000037  5000.10433  0.247  0.114 4.805  0.053 3.974
OGLE-BLG-RRLYR-12025  16.416 17.995  0.26441551 0.00000024  5000.17588  0.259  0.152 4.747  0.095 3.548
OGLE-BLG-RRLYR-12026  15.024 16.030  0.33288440 0.00000100  5000.09031  0.273  0.050 6.139  0.076 4.547
OGLE-BLG-RRLYR-12029  15.818 17.102  0.32052664 0.00000014  5000.22262  0.246  0.097 4.983  0.067 4.355
OGLE-BLG-RRLYR-12037  16.050 17.201  0.31908908 0.00000010  5000.17765  0.268  0.097 5.068  0.077 4.308
OGLE-BLG-RRLYR-12040  15.682 16.706  0.25134701 0.00000008  5000.09007  0.139  0.080 4.653  0.035 3.965
OGLE-BLG-RRLYR-12043  15.619 16.887  0.29038103 0.00000097  5000.07659  0.241  0.103 4.809  0.071 4.696
OGLE-BLG-RRLYR-12045  17.588 20.216  0.23208563 0.00000033  5000.02473  0.242  0.157 4.970  0.093 3.154
OGLE-BLG-RRLYR-12047  15.894 17.124  0.39234217 0.00000012  5000.35280  0.253  0.040 5.654  0.074 5.100
OGLE-BLG-RRLYR-12050  15.105 16.285  0.32933808 0.00000009  5000.25891  0.247  0.107 4.964  0.075 4.197
OGLE-BLG-RRLYR-12053  15.602 16.816  0.35464076 0.00000013  5000.01511  0.215  0.063 5.515  0.057 4.475
OGLE-BLG-RRLYR-12057  16.965 18.034  0.31729572 0.00000138  5000.29302  0.266  0.104 4.915  0.067 3.477
OGLE-BLG-RRLYR-12059  15.907 17.012  0.32025887 0.00000007  5000.24026  0.240  0.087 5.054  0.073 4.203
OGLE-BLG-RRLYR-12065  15.700 16.909  0.34051409 0.00000027  5000.27057  0.233  0.055 4.922  0.073 4.831
OGLE-BLG-RRLYR-12071  15.668 16.662  0.33048019 0.00000008  5000.14886  0.242  0.078 5.108  0.069 4.687
OGLE-BLG-RRLYR-12072  15.769 16.636  0.25692595 0.00000023  5000.02736  0.142  0.101 3.954  0.021 3.159
OGLE-BLG-RRLYR-12073  15.915 16.813  0.26995721 0.00000004  5000.10340  0.307  0.187 4.835  0.082 3.012
OGLE-BLG-RRLYR-12074  15.779 16.565  0.32628615 0.00000080  5000.15023  0.284  0.072 4.922  0.075 4.709
OGLE-BLG-RRLYR-12075  16.135 17.846  0.34627218 0.00000008  5000.16370  0.283  0.063 5.196  0.061 4.522
OGLE-BLG-RRLYR-12076  18.100 21.510  0.26967988 0.00000043  5000.01501  0.310  0.207 4.896  0.044 2.794
OGLE-BLG-RRLYR-12078  16.006 17.300  0.33055514 0.00000190  5000.24362  0.184  0.118 5.384  0.056 4.356
OGLE-BLG-RRLYR-12084  17.564 18.801  0.32951173 0.00000045  5000.19254  0.247  0.097 5.012  0.069 4.237
OGLE-BLG-RRLYR-12086  16.500 18.057  0.27799903 0.00000022  5000.25441  0.250  0.147 5.005  0.083 3.193
OGLE-BLG-RRLYR-12096  16.134 17.534  0.36764813 0.00000071  5000.26981  0.225  0.047 5.306  0.049 4.880
OGLE-BLG-RRLYR-12099  15.362 16.324  0.29871744 0.00000006  5000.00982  0.257  0.116 4.781  0.079 3.665
OGLE-BLG-RRLYR-12100  16.502 18.317  0.27446467 0.00000010  5000.24325  0.302  0.176 4.826  0.088 2.991
OGLE-BLG-RRLYR-12101  15.838 16.972  0.32369925 0.00000021  5000.30067  0.279  0.068 5.022  0.076 4.558
OGLE-BLG-RRLYR-12110  15.481 16.689  0.31440461 0.00000041  5000.20639  0.145  0.091 5.060  0.060 4.348
OGLE-BLG-RRLYR-12113  15.466 16.672  0.31058907 0.00000006  5000.05931  0.255  0.106 4.828  0.080 3.962
OGLE-BLG-RRLYR-12118  16.156 17.121  0.34928112 0.00000076  5000.11481  0.308  0.182 4.870  0.103 3.192
OGLE-BLG-RRLYR-12120  15.615 16.659  0.29900036 0.00000069  5000.24561  0.280  0.095 4.777  0.082 3.897
OGLE-BLG-RRLYR-12121  15.713 17.369  0.43006710 0.00000243  5000.02074  0.244  0.074 5.900  0.075 4.465
OGLE-BLG-RRLYR-12124  15.897 17.090  0.31224905 0.00000011  5000.15177  0.231  0.096 5.207  0.046 4.453
OGLE-BLG-RRLYR-12127  15.904 16.886  0.28870386 0.00000004  5000.23883  0.290  0.144 4.792  0.091 3.399
OGLE-BLG-RRLYR-12135  15.259 16.419  0.39194454 0.00000037  5000.36298  0.235  0.025 5.497  0.064 4.887
OGLE-BLG-RRLYR-12140  16.816 17.983  0.25833047 0.00000024  5000.24885  0.219  0.124 4.941  0.000   -  
OGLE-BLG-RRLYR-12147  15.573 16.557  0.33238906 0.00000004  5000.31495  0.221  0.086 5.855  0.052 4.085
OGLE-BLG-RRLYR-12148  16.346 17.537  0.31867013 0.00000034  5000.22132  0.250  0.106 5.066  0.065 4.057
OGLE-BLG-RRLYR-12153  15.479 16.658  0.41790945 0.00000067  5000.19122  0.263  0.088 5.204  0.066 4.221
OGLE-BLG-RRLYR-12154  15.921 16.990  0.28682592 0.00000004  5000.22098  0.268  0.142 4.712  0.091 3.481
OGLE-BLG-RRLYR-12155  15.575 16.454  0.37378341 0.00000068  5000.00332  0.267  0.066 4.955  0.101 4.842
OGLE-BLG-RRLYR-12160  15.873 17.081  0.30122516 0.00000005  5000.11248  0.254  0.120 4.814  0.081 3.692
OGLE-BLG-RRLYR-12164  16.105 17.468  0.24684788 0.00000016  5000.05877  0.143  0.093 4.834  0.023 3.643
OGLE-BLG-RRLYR-12167  17.164 18.790  0.30929115 0.00000063  5000.08729  0.234  0.099 4.852  0.048 4.482
OGLE-BLG-RRLYR-12169  16.545 18.019  0.25410972 0.00000015  5000.18267  0.208  0.117 4.860  0.029 3.456
OGLE-BLG-RRLYR-12175  16.007 17.055  0.26715211 0.00000004  5000.25184  0.277  0.182 4.737  0.083 2.929
OGLE-BLG-RRLYR-12176  15.384 16.366  0.43425747 0.00000010  5000.04898  0.230  0.035 3.192  0.055 5.323
OGLE-BLG-RRLYR-12179  15.891 16.929  0.26163803 0.00000003  5000.24159  0.242  0.148 4.815  0.042 3.093
OGLE-BLG-RRLYR-12182  16.066 17.224  0.29601867 0.00000065  5000.17965  0.256  0.112 4.881  0.077 3.803
OGLE-BLG-RRLYR-12184  15.664 16.645  0.33377317 0.00000061  5000.00299  0.275  0.104 5.049  0.073 4.385
OGLE-BLG-RRLYR-12185  15.767 16.850  0.32383856 0.00000014  5000.08717  0.236  0.097 5.133  0.078 4.216
OGLE-BLG-RRLYR-12191  15.770 16.924  0.33434709 0.00000017  5000.24257  0.258  0.103 5.198  0.072 4.228
OGLE-BLG-RRLYR-12194  15.735 16.702  0.27681984 0.00000038  5000.15117  0.155  0.143 5.156  0.045 4.303
OGLE-BLG-RRLYR-12196  15.538 16.528  0.33762233 0.00000023  5000.20714  0.244  0.023 4.582  0.057 4.483
OGLE-BLG-RRLYR-12198  16.133 17.313  0.25072965 0.00000007  5000.14215  0.184  0.131 4.712  0.018 3.151
OGLE-BLG-RRLYR-12199  16.277 17.364  0.29727134 0.00000091  5000.27121  0.317  0.177 4.742  0.089 3.384
OGLE-BLG-RRLYR-12204  15.017 16.253  0.37481242 0.00000130  5000.03898  0.269  0.028 5.764  0.088 5.832
OGLE-BLG-RRLYR-12206  16.340 17.903  0.28833032 0.00000053  5000.07879  0.282  0.169 4.908  0.077 3.177
OGLE-BLG-RRLYR-12211  16.603 18.642  0.31467335 0.00000020  5000.20122  0.229  0.084 5.210  0.046 3.669
OGLE-BLG-RRLYR-12212  15.440 16.475  0.34402499 0.00000014  5000.23989  0.261  0.082 5.337  0.071 4.507
OGLE-BLG-RRLYR-12213  16.203 17.521  0.28032963 0.00000014  5000.18618  0.303  0.179 4.895  0.102 3.165
OGLE-BLG-RRLYR-12216  15.322 16.674  0.30558702 0.00000007  5000.27232  0.276  0.160 5.108  0.085 3.847
OGLE-BLG-RRLYR-12218  15.499 16.433  0.35076316 0.00000026  5000.10343  0.365  0.258 4.738  0.104 2.690
OGLE-BLG-RRLYR-12222  15.550 16.362  0.27120722 0.00000039  5000.03988  0.292  0.200 4.913  0.074 3.675
OGLE-BLG-RRLYR-12225  16.368    -    0.35397230 0.00000119  5000.12793  0.254  0.060 5.803  0.106 4.513
OGLE-BLG-RRLYR-12226  16.290 17.692  0.29940957 0.00000022  5000.05850  0.253  0.120 4.662  0.060 3.681
OGLE-BLG-RRLYR-12234  15.819 17.361  0.38353409 0.00000040  5000.17865  0.268  0.018 5.715  0.060 5.414
OGLE-BLG-RRLYR-12235  16.327 17.505  0.30416681 0.00000164  5000.00782  0.243  0.111 4.108  0.130 3.961
OGLE-BLG-RRLYR-12239  15.672 16.650  0.24636934 0.00000017  5000.21316  0.136  0.061 3.380  0.040 0.226
OGLE-BLG-RRLYR-12240  16.347 17.948  0.34458599 0.00000061  5000.10478  0.300  0.099 5.182  0.043 4.176
OGLE-BLG-RRLYR-12242  15.843 16.891  0.32702462 0.00000008  5000.20064  0.276  0.078 4.994  0.078 4.506
OGLE-BLG-RRLYR-12247  15.686 16.835  0.27994400 0.00000022  5000.24485  0.294  0.156 4.677  0.105 3.137
OGLE-BLG-RRLYR-12254  16.598 17.713  0.26045567 0.00000103  5000.09418  0.300  0.192 4.667  0.043 2.748
OGLE-BLG-RRLYR-12256  16.272 17.748  0.31849363 0.00000016  5000.27139  0.262  0.106 4.835  0.082 3.946
OGLE-BLG-RRLYR-12257  15.874 16.992  0.31832670 0.00000007  5000.12859  0.261  0.099 5.011  0.077 4.288
OGLE-BLG-RRLYR-12260  16.301 17.823  0.37456969 0.00000055  5000.14470  0.216  0.024 4.660  0.045 4.638
OGLE-BLG-RRLYR-12261  15.527 16.496  0.30506839 0.00000003  5000.15363  0.254  0.110 4.864  0.076 4.006
OGLE-BLG-RRLYR-12263  15.666 16.970  0.32622499 0.00000013  5000.11572  0.231  0.093 4.915  0.062 4.279
OGLE-BLG-RRLYR-12264  16.048 17.090  0.27767027 0.00000004  5000.24936  0.224  0.115 4.877  0.066 3.558
OGLE-BLG-RRLYR-12267  15.700 16.932  0.33840840 0.00000013  5000.21702  0.253  0.091 5.185  0.079 4.326
OGLE-BLG-RRLYR-12272  16.696 18.231  0.29478110 0.00000033  5000.22066  0.249  0.084 5.118  0.058 4.533
OGLE-BLG-RRLYR-12277  15.300 16.601  0.45383410 0.00002189  5000.05222  0.240  0.033 2.792  0.085 5.780
OGLE-BLG-RRLYR-12286  16.072 17.531  0.30979948 0.00000025  5000.26963  0.255  0.103 4.832  0.056 3.925
OGLE-BLG-RRLYR-12289  15.667 16.680  0.24757050 0.00000004  5000.13968  0.197  0.143 4.683  0.031 3.112
OGLE-BLG-RRLYR-12294  16.125 17.340  0.28609933 0.00000006  5000.02474  0.211  0.101 4.968  0.047 3.621
OGLE-BLG-RRLYR-12295  15.163 16.636  0.29322764 0.00000013  5000.04242  0.275  0.136 4.853  0.091 3.631
OGLE-BLG-RRLYR-12296  16.223 17.101  0.28503721 0.00000016  5000.01064  0.312  0.157 4.880  0.105 3.301
OGLE-BLG-RRLYR-12297  16.781 18.114  0.32188841 0.00000088  5000.29264  0.179  0.101 5.380  0.000   -  
OGLE-BLG-RRLYR-12299  15.202 16.134  0.28241740 0.00000004  5000.10877  0.283  0.162 4.864  0.101 3.209
OGLE-BLG-RRLYR-12305  15.537 16.698  0.37487974 0.00000064  5000.33116  0.259  0.068 5.484  0.082 4.564
OGLE-BLG-RRLYR-12306  16.910 18.612  0.29727142 0.00000028  5000.13503  0.267  0.115 4.821  0.081 3.944
OGLE-BLG-RRLYR-12307  15.227 16.141  0.40763670 0.00000202  5000.34791  0.278  0.000   -    0.063 4.568
OGLE-BLG-RRLYR-12308  15.969 17.034  0.33769621 0.00000031  5000.19184  0.212  0.077 5.114  0.053 3.756
OGLE-BLG-RRLYR-12311  16.199 17.642  0.28550011 0.00000004  5000.23406  0.266  0.150 4.740  0.087 3.261
OGLE-BLG-RRLYR-12314  16.474 17.595  0.27014960 0.00000024  5000.04420  0.305  0.180 4.767  0.095 3.026
OGLE-BLG-RRLYR-12315  15.846 16.906  0.28681066 0.00000002  5000.24162  0.282  0.155 4.795  0.105 3.346
OGLE-BLG-RRLYR-12318  15.147 15.800  0.39101803 0.00000766  5000.04858  0.309  0.167 2.224  0.059 4.362
OGLE-BLG-RRLYR-12319  17.379 19.462  0.31153628 0.00000057  5000.11689  0.256  0.117 4.967  0.068 4.341
OGLE-BLG-RRLYR-12320  16.560 18.372  0.31849682 0.00000092  5000.19010  0.222  0.114 4.939  0.064 3.805
OGLE-BLG-RRLYR-12324  15.432 16.396  0.29531326 0.00000050  5000.29098  0.268  0.128 4.780  0.090 3.617
OGLE-BLG-RRLYR-12326  16.929 18.558  0.31317626 0.00000072  5000.20583  0.247  0.110 4.964  0.070 4.531
OGLE-BLG-RRLYR-12328  16.512 18.440  0.27867759 0.00000028  5000.15908  0.228  0.105 4.918  0.070 4.029
OGLE-BLG-RRLYR-12329  15.744 16.966  0.27918687 0.00000003  5000.27337  0.258  0.167 4.708  0.046 2.847
OGLE-BLG-RRLYR-12332  15.954 17.023  0.26497968 0.00000061  5000.05317  0.270  0.129 4.770  0.081 3.558
OGLE-BLG-RRLYR-12334  15.332 16.532  0.26799157 0.00000017  5000.26398  0.177  0.129 4.723  0.031 2.994
OGLE-BLG-RRLYR-12335  15.716 17.222  0.46064804 0.00000097  5000.17433  0.200  0.031 3.518  0.043 5.429
OGLE-BLG-RRLYR-12338  16.068 17.337  0.34464159 0.00000029  5000.23916  0.251  0.045 5.435  0.078 4.577
OGLE-BLG-RRLYR-12341  15.440 16.429  0.41265000 0.00000697  5000.28495  0.261  0.068 0.234  0.112 1.672
OGLE-BLG-RRLYR-12345  15.786 16.776  0.32803254 0.00000024  5000.06924  0.126  0.084 4.902  0.035 4.866
OGLE-BLG-RRLYR-12354  16.124 17.102  0.26255441 0.00000003  5000.24120  0.302  0.197 4.759  0.059 2.897
OGLE-BLG-RRLYR-12355  14.918 15.978  0.35181034 0.00000110  5000.25020  0.301  0.110 4.960  0.057 4.357
OGLE-BLG-RRLYR-12363  15.111 16.351  0.31900430 0.00000006  5000.00892  0.242  0.102 4.924  0.059 4.236
OGLE-BLG-RRLYR-12367  15.433 16.612  0.36127843 0.00000554  5000.17616  0.258  0.075 3.480  0.000   -  
OGLE-BLG-RRLYR-12369  16.364 17.628  0.26545392 0.00000010  5000.11493  0.224  0.124 4.756  0.073 3.915
OGLE-BLG-RRLYR-12371  16.678 17.707  0.31745628 0.00000042  5000.04799  0.218  0.095 4.866  0.063 3.704
OGLE-BLG-RRLYR-12375  16.499 17.767  0.31915708 0.00000013  5000.20713  0.248  0.099 4.967  0.068 4.169
OGLE-BLG-RRLYR-12378  18.766 20.240  0.38007664 0.00000035  5000.13490  0.318  0.173 5.076  0.066 2.623
OGLE-BLG-RRLYR-12383  15.881 17.348  0.38108081 0.00000118  5000.25657  0.153  0.119 5.720  0.056 5.034
OGLE-BLG-RRLYR-12384  17.041 18.419  0.27640739 0.00000103  5000.14304  0.272  0.175 4.577  0.103 3.325
OGLE-BLG-RRLYR-12392  15.351 16.259  0.33080333 0.00000144  5000.07129  0.293  0.070 4.771  0.062 4.303
OGLE-BLG-RRLYR-12393  16.317 17.898  0.42698521 0.00000203  5000.23532  0.234  0.120 2.939  0.105 6.004
OGLE-BLG-RRLYR-12402  17.699 19.230  0.27377658 0.00000055  5000.20634  0.302  0.113 4.395  0.116 2.905
OGLE-BLG-RRLYR-12405  15.723 17.035  0.35251016 0.00000023  5000.28768  0.254  0.083 5.005  0.066 4.463
OGLE-BLG-RRLYR-12406  15.853 16.867  0.28154536 0.00000051  5000.15323  0.214  0.128 5.015  0.060 4.533
OGLE-BLG-RRLYR-12407  15.823 16.782  0.27651841 0.00000033  5000.25567  0.282  0.201 4.770  0.105 2.969
OGLE-BLG-RRLYR-12414  16.223 17.638  0.27819959 0.00000003  5000.10976  0.291  0.139 4.784  0.091 3.415
OGLE-BLG-RRLYR-12417  15.457 16.497  0.38721332 0.00000012  5000.35391  0.208  0.037 5.089  0.036 4.588
OGLE-BLG-RRLYR-12419  15.748 17.100  0.29632796 0.00000052  5000.01525  0.248  0.112 4.921  0.074 4.102
OGLE-BLG-RRLYR-12421  15.795 17.100  0.33805420 0.00000006  5000.16269  0.252  0.081 5.381  0.067 4.552
OGLE-BLG-RRLYR-12427  16.914 18.304  0.26314955 0.00000008  5000.18849  0.217  0.142 4.773  0.021 3.356
OGLE-BLG-RRLYR-12428  16.304 18.120  0.40498927 0.00000046  5000.01938  0.240  0.018 0.048  0.073 5.142
OGLE-BLG-RRLYR-12432  15.103 16.281  0.28715640 0.00000003  5000.16742  0.173  0.146 4.774  0.100 3.302
OGLE-BLG-RRLYR-12434  15.967 17.085  0.29426880 0.00000004  5000.11936  0.243  0.121 4.765  0.076 3.703
OGLE-BLG-RRLYR-12439  15.612 16.557  0.29558456 0.00000003  5000.05310  0.262  0.137 4.802  0.077 3.629
OGLE-BLG-RRLYR-12441  16.399 17.463  0.26646869 0.00000041  5000.25570  0.239  0.178 4.867  0.071 3.137
OGLE-BLG-RRLYR-12445  15.933 17.360  0.34376772 0.00000045  5000.05450  0.258  0.066 5.051  0.061 4.446
OGLE-BLG-RRLYR-12446  16.810 18.406  0.30313880 0.00000084  5000.20402  0.257  0.119 4.824  0.094 3.786
OGLE-BLG-RRLYR-12448  15.088 16.207  0.31995149 0.00000012  5000.22300  0.100  0.097 4.932  0.077 3.943
OGLE-BLG-RRLYR-12450  15.821 16.861  0.29190539 0.00000008  5000.11844  0.244  0.094 4.948  0.063 4.316
OGLE-BLG-RRLYR-12451  16.679 18.195  0.24935581 0.00000086  5000.07370  0.197  0.130 4.690  0.000   -  
OGLE-BLG-RRLYR-12457  16.072 17.329  0.29025524 0.00000003  5000.15198  0.273  0.140 4.832  0.086 3.558
OGLE-BLG-RRLYR-12463  16.143 17.465  0.25366248 0.00000049  5000.16489  0.243  0.171 4.672  0.059 3.119
OGLE-BLG-RRLYR-12465  15.180 16.284  0.33892966 0.00000066  5000.00688  0.272  0.117 4.917  0.053 4.226
OGLE-BLG-RRLYR-12467  16.000 17.424  0.32028082 0.00000007  5000.22000  0.235  0.086 4.971  0.072 4.351
OGLE-BLG-RRLYR-12475  16.167 17.454  0.34490170 0.00000007  5000.27882  0.224  0.038 4.878  0.052 4.543
OGLE-BLG-RRLYR-12477  16.045 17.151  0.27923481 0.00000041  5000.05770  0.301  0.154 4.777  0.089 3.261
OGLE-BLG-RRLYR-12479  14.454 15.701  0.24374714 0.00000058  5000.09936  0.258  0.149 4.757  0.074 3.046
OGLE-BLG-RRLYR-12481  16.188 17.526  0.30570676 0.00000128  5000.23372  0.269  0.102 4.784  0.084 3.917
OGLE-BLG-RRLYR-12483  16.741 18.450  0.26030943 0.00000030  5000.15315  0.279  0.155 4.791  0.046 2.961
OGLE-BLG-RRLYR-12486  15.800 17.039  0.26612433 0.00000004  5000.19214  0.195  0.116 4.796  0.029 3.453
OGLE-BLG-RRLYR-12490  16.290 17.190  0.29085353 0.00000010  5000.24168  0.228  0.105 5.052  0.059 3.656
OGLE-BLG-RRLYR-12492  15.752 16.817  0.32190670 0.00000008  5000.24435  0.259  0.099 5.094  0.064 4.261
OGLE-BLG-RRLYR-12494  16.247 17.436  0.27327539 0.00000003  5000.13730  0.287  0.182 4.832  0.086 3.061
OGLE-BLG-RRLYR-12495  16.207 17.244  0.32114252 0.00000038  5000.07494  0.246  0.082 4.968  0.066 4.155
OGLE-BLG-RRLYR-12499  15.668 16.619  0.35312278 0.00000058  5000.12808  0.286  0.049 5.109  0.079 4.890
OGLE-BLG-RRLYR-12500  15.557 16.607  0.35853921 0.00000033  5000.14705  0.181  0.039 4.914  0.000   -  
OGLE-BLG-RRLYR-12509  15.978 17.269  0.34521380 0.00000008  5000.27552  0.258  0.065 5.249  0.077 4.799
OGLE-BLG-RRLYR-12514  16.019 17.418  0.32292385 0.00000014  5000.27994  0.238  0.100 5.058  0.067 4.180
OGLE-BLG-RRLYR-12515  16.059 17.181  0.26262371 0.00000005  5000.17896  0.278  0.196 4.775  0.061 2.994
OGLE-BLG-RRLYR-12517  17.239 18.546  0.25399011 0.00000060  5000.23384  0.231  0.171 4.912  0.114 3.646
OGLE-BLG-RRLYR-12519  15.686 16.693  0.30361670 0.00000054  5000.22073  0.209  0.063 5.223  0.049 3.912
OGLE-BLG-RRLYR-12525  15.703 16.786  0.25599852 0.00000024  5000.17187  0.167  0.108 4.841  0.025 3.271
OGLE-BLG-RRLYR-12527  15.911 17.252  0.26673547 0.00000004  5000.20412  0.269  0.184 4.801  0.066 3.092
OGLE-BLG-RRLYR-12528  16.465 17.646  0.32415570 0.00000007  5000.26555  0.241  0.088 4.966  0.071 4.119
OGLE-BLG-RRLYR-12534  16.558 18.206  0.26477574 0.00000015  5000.16207  0.246  0.133 4.832  0.068 3.863
OGLE-BLG-RRLYR-12539  15.940 17.299  0.30798993 0.00000009  5000.11723  0.233  0.096 4.875  0.066 3.987
OGLE-BLG-RRLYR-12543  15.974 17.060  0.29292500 0.00000058  5000.07498  0.282  0.139 4.811  0.087 3.766
OGLE-BLG-RRLYR-12545  15.827 16.728  0.27761557 0.00000067  5000.25679  0.298  0.169 4.932  0.083 3.120
OGLE-BLG-RRLYR-12547  15.990 17.240  0.26122197 0.00000006  5000.17522  0.292  0.195 4.759  0.064 2.950
OGLE-BLG-RRLYR-12549  16.089 17.310  0.31012864 0.00000044  5000.20997  0.264  0.115 4.791  0.075 4.301
OGLE-BLG-RRLYR-12550  16.572 18.247  0.26961996 0.00000066  5000.10060  0.274  0.195 5.090  0.067 3.304
OGLE-BLG-RRLYR-12552  15.810 17.272  0.32020535 0.00000014  5000.00718  0.214  0.094 4.867  0.072 4.232
OGLE-BLG-RRLYR-12554  15.420 16.441  0.27523708 0.00000036  5000.22894  0.294  0.169 4.656  0.104 2.904
OGLE-BLG-RRLYR-12555  15.416 16.078  0.26218083 0.00000039  5000.02333  0.248  0.181 4.667  0.036 2.629
OGLE-BLG-RRLYR-12557  15.680 16.817  0.37807468 0.00000069  5000.32347  0.277  0.042 4.798  0.059 4.912
OGLE-BLG-RRLYR-12558  15.984 17.291  0.29032357 0.00000009  5000.26995  0.266  0.142 4.826  0.087 3.609
OGLE-BLG-RRLYR-12559  16.080 16.949  0.28663761 0.00000084  5000.21073  0.218  0.115 4.810  0.061 3.397
OGLE-BLG-RRLYR-12561  15.709 16.919  0.37803381 0.00000013  5000.10937  0.215  0.025 4.979  0.044 4.922
OGLE-BLG-RRLYR-12564  15.739 16.901  0.33552815 0.00000017  5000.29568  0.283  0.079 5.178  0.066 4.397
OGLE-BLG-RRLYR-12565  15.978 16.936  0.22011245 0.00000028  5000.16766  0.113  0.069 3.589  0.089 2.627
OGLE-BLG-RRLYR-12567  15.763 16.952  0.32335819 0.00000010  5000.24905  0.251  0.102 5.020  0.067 4.183
OGLE-BLG-RRLYR-12568  15.708 16.701  0.25778580 0.00000076  5000.02481  0.140  0.069 5.242  0.000   -  
OGLE-BLG-RRLYR-12570  16.028    -    0.29167665 0.00000024  5000.07230  0.278  0.121 4.786  0.078 3.647
OGLE-BLG-RRLYR-12574  16.086 17.247  0.24534984 0.00000003  5000.04135  0.241  0.143 4.706  0.084 3.498
OGLE-BLG-RRLYR-12576  16.436 17.660  0.29102953 0.00000008  5000.27473  0.263  0.110 4.883  0.086 4.122
OGLE-BLG-RRLYR-12582  16.503 18.023  0.31322087 0.00000019  5000.04398  0.248  0.094 4.939  0.080 4.205
OGLE-BLG-RRLYR-12583  16.200 17.713  0.36111690 0.00000096  5000.24689  0.260  0.059 5.819  0.054 5.391
OGLE-BLG-RRLYR-12596  14.586 15.545  0.27010446 0.00000005  5000.15386  0.297  0.190 4.802  0.070 2.919
OGLE-BLG-RRLYR-12597  16.414 17.860  0.27802134 0.00000006  5000.25127  0.297  0.165 4.736  0.096 3.146
OGLE-BLG-RRLYR-12600  16.256 17.682  0.31385857 0.00000037  5000.05657  0.270  0.083 4.944  0.075 4.313
OGLE-BLG-RRLYR-12603  17.936    -    0.26160826 0.00000071  5000.16301  0.322  0.184 4.601  0.063 2.831
OGLE-BLG-RRLYR-12604  15.216 16.258  0.34744113 0.00000037  5000.18618  0.185  0.085 4.037  0.030 1.626
OGLE-BLG-RRLYR-12620  15.128 16.109  0.31581201 0.00000084  5000.10214  0.244  0.100 4.607  0.083 4.491
OGLE-BLG-RRLYR-12622  15.940    -    0.29698776 0.00000031  5000.21357  0.291  0.138 4.885  0.085 3.491
OGLE-BLG-RRLYR-12626  15.519 16.931  0.37225106 0.00000042  5000.08105  0.262  0.049 5.687  0.082 4.799
OGLE-BLG-RRLYR-12633  17.049 18.659  0.33229725 0.00000043  5000.26413  0.232  0.085 4.221  0.041 4.364
OGLE-BLG-RRLYR-12636  15.894 17.005  0.35093156 0.00000127  5000.12771  0.284  0.048 4.886  0.074 4.706
OGLE-BLG-RRLYR-12640  15.860 16.977  0.31421907 0.00000004  5000.01188  0.231  0.100 4.902  0.071 4.131
OGLE-BLG-RRLYR-12641  15.594 16.756  0.32436346 0.00000023  5000.12893  0.295  0.138 5.055  0.105 3.844
OGLE-BLG-RRLYR-12646  15.845 17.272  0.31687422 0.00000017  5000.29969  0.235  0.094 5.003  0.061 4.318
OGLE-BLG-RRLYR-12649  18.110 21.303  0.29839262 0.00000033  5000.17820  0.225  0.093 5.068  0.054 3.907
OGLE-BLG-RRLYR-12653  16.235 17.434  0.27194264 0.00000005  5000.01864  0.236  0.120 4.974  0.078 4.205
OGLE-BLG-RRLYR-12657  16.252 17.585  0.27215590 0.00000013  5000.17623  0.292  0.166 4.787  0.082 2.853
OGLE-BLG-RRLYR-12659  16.937 18.065  0.26445512 0.00000046  5000.26169  0.211  0.075 4.632  0.000   -  
OGLE-BLG-RRLYR-12663  16.118 17.289  0.31303289 0.00000016  5000.02928  0.243  0.086 4.859  0.071 4.219
OGLE-BLG-RRLYR-12672  15.190 16.199  0.23540167 0.00000008  5000.07853  0.197  0.095 4.827  0.052 4.251
OGLE-BLG-RRLYR-12674  15.642 16.597  0.31226943 0.00000016  5000.18415  0.256  0.102 4.890  0.066 4.099
OGLE-BLG-RRLYR-12675  15.620 16.787  0.26901687 0.00000003  5000.15740  0.272  0.158 4.745  0.098 3.133
OGLE-BLG-RRLYR-12682  16.305 17.453  0.38154225 0.00000030  5000.34046  0.284  0.178 4.849  0.093 3.195
OGLE-BLG-RRLYR-12686  15.683 16.759  0.29624029 0.00000004  5000.17406  0.255  0.127 4.777  0.076 3.680
OGLE-BLG-RRLYR-12688  16.060 17.546  0.34050852 0.00000046  5000.23778  0.152  0.076 5.635  0.031 1.708
OGLE-BLG-RRLYR-12692  15.618 16.838  0.32501894 0.00000052  5000.11993  0.223  0.044 4.868  0.064 4.210
OGLE-BLG-RRLYR-12696  14.752 15.464  0.25612489 0.00000049  5000.10803  0.227  0.154 4.749  0.025 3.692
OGLE-BLG-RRLYR-12697  15.436 16.499  0.37628728 0.00000026  5000.03436  0.229  0.019 4.932  0.066 5.294
OGLE-BLG-RRLYR-12703  15.600 16.699  0.33835816 0.00000041  5000.29614  0.256  0.096 5.242  0.069 4.370
OGLE-BLG-RRLYR-12705  15.278 16.184  0.26065666 0.00000042  5000.07976  0.314  0.164 4.933  0.054 2.942
OGLE-BLG-RRLYR-12706  17.430 19.665  0.23431540 0.00000012  5000.17438  0.249  0.151 4.731  0.076 3.394
OGLE-BLG-RRLYR-12718  15.849 17.038  0.25463337 0.00000003  5000.02227  0.251  0.160 4.781  0.042 3.165
OGLE-BLG-RRLYR-12719  15.690 16.833  0.35976695 0.00000101  5000.27786  0.268  0.117 4.947  0.068 3.931
OGLE-BLG-RRLYR-12723  15.911 17.017  0.24918749 0.00000002  5000.22048  0.239  0.137 4.706  0.088 3.502
OGLE-BLG-RRLYR-12726  17.234 19.883  0.26440074 0.00000060  5000.12977  0.221  0.188 4.788  0.040 3.180
OGLE-BLG-RRLYR-12728  15.776 16.676  0.28700278 0.00000037  5000.16290  0.275  0.115 5.060  0.071 4.042
OGLE-BLG-RRLYR-12731  15.363 16.245  0.25827553 0.00000016  5000.11231  0.289  0.179 4.708  0.061 2.983
OGLE-BLG-RRLYR-12736  16.794 18.524  0.26910840 0.00000009  5000.03250  0.281  0.184 4.708  0.081 2.837
OGLE-BLG-RRLYR-12740  16.255 17.364  0.26610461 0.00000072  5000.10742  0.236  0.176 4.786  0.074 2.775
OGLE-BLG-RRLYR-12743  16.341 17.731  0.28655283 0.00000020  5000.27923  0.300  0.131 4.770  0.068 3.747
OGLE-BLG-RRLYR-12744  15.906 16.818  0.34723519 0.00000091  5000.08974  0.265  0.066 5.488  0.054 4.854
OGLE-BLG-RRLYR-12747  16.246 17.644  0.32253902 0.00000006  5000.18952  0.274  0.112 5.235  0.076 4.071
OGLE-BLG-RRLYR-12754  15.491 16.660  0.21253749 0.00000009  5000.17568  0.061  0.111 4.479  0.000   -  
OGLE-BLG-RRLYR-12762  16.738 18.160  0.31063428 0.00000028  5000.12606  0.300  0.123 5.046  0.087 3.917
OGLE-BLG-RRLYR-12765  15.875 16.729  0.24508051 0.00000071  5000.08812  0.281  0.131 4.529  0.089 3.027
OGLE-BLG-RRLYR-12769  15.869 16.941  0.31341002 0.00000005  5000.30585  0.249  0.108 4.877  0.076 4.135
OGLE-BLG-RRLYR-12770  16.504 18.142  0.34074998 0.00000012  5000.23732  0.257  0.092 5.442  0.075 4.329
OGLE-BLG-RRLYR-12771  15.485 16.299  0.27805313 0.00000071  5000.10424  0.257  0.107 4.825  0.079 4.201
OGLE-BLG-RRLYR-12775  15.697 16.699  0.29591750 0.00000010  5000.23052  0.275  0.095 5.079  0.068 4.279
OGLE-BLG-RRLYR-12776  15.789 16.866  0.31534924 0.00000004  5000.06668  0.252  0.105 4.898  0.071 4.052
OGLE-BLG-RRLYR-12780  16.565 17.804  0.25044309 0.00000006  5000.15980  0.206  0.146 4.657  0.032 2.756
OGLE-BLG-RRLYR-12782  15.961 17.340  0.33351461 0.00000015  5000.02303  0.261  0.129 5.057  0.053 3.927
OGLE-BLG-RRLYR-12783  15.747 17.129  0.36406354 0.00000043  5000.13079  0.240  0.075 5.095  0.061 4.169
OGLE-BLG-RRLYR-12785  15.789 16.906  0.33133316 0.00000086  5000.18493  0.279  0.125 5.110  0.080 4.622
OGLE-BLG-RRLYR-12787  16.723 18.095  0.26518599 0.00000073  5000.01058  0.277  0.173 4.808  0.095 3.335
OGLE-BLG-RRLYR-12794  15.681 16.821  0.30070906 0.00000004  5000.12070  0.224  0.114 4.887  0.047 3.364
OGLE-BLG-RRLYR-12796  15.742 16.683  0.26025875 0.00000003  5000.19406  0.295  0.195 4.750  0.062 2.923
OGLE-BLG-RRLYR-12798  15.186 16.058  0.41163205 0.00000156  5000.38891  0.268  0.030 1.575  0.071 5.378
OGLE-BLG-RRLYR-12800  16.110 17.232  0.30992037 0.00000050  5000.08691  0.127  0.061 4.935  0.033 5.050
OGLE-BLG-RRLYR-12801  17.995 21.181  0.26037706 0.00000021  5000.11952  0.284  0.178 4.595  0.070 3.388
OGLE-BLG-RRLYR-12802  15.971 17.328  0.22140802 0.00000007  5000.02116  0.215  0.168 4.552  0.079 3.234
OGLE-BLG-RRLYR-12803  16.506 18.083  0.25686798 0.00000013  5000.11345  0.243  0.144 4.793  0.088 3.751
OGLE-BLG-RRLYR-12805  15.742 16.966  0.35284596 0.00000149  5000.10342  0.245  0.065 5.347  0.074 4.664
OGLE-BLG-RRLYR-12811  15.434 16.650  0.38441299 0.00000065  5000.15709  0.286  0.037 5.362  0.073 4.998
OGLE-BLG-RRLYR-12823  16.119 18.089  0.29009119 0.00000007  5000.21433  0.289  0.166 4.774  0.100 3.300
OGLE-BLG-RRLYR-12828  16.485 17.787  0.32729725 0.00000033  5000.11762  0.246  0.081 5.222  0.079 4.459
OGLE-BLG-RRLYR-12829  15.765 17.255  0.32213383 0.00000032  5000.25853  0.245  0.083 4.899  0.063 4.196
OGLE-BLG-RRLYR-12831  16.308 17.642  0.28804126 0.00000030  5000.22759  0.258  0.150 4.685  0.086 3.321
OGLE-BLG-RRLYR-12836  16.361 17.511  0.20684935 0.00000005  5000.07709  0.183  0.112 4.670  0.027 3.212
OGLE-BLG-RRLYR-12839  15.444 16.393  0.39751313 0.00000347  5000.08237  0.248  0.041 3.530  0.054 5.222
OGLE-BLG-RRLYR-12845  15.393 16.305  0.27438550 0.00000005  5000.24503  0.272  0.198 4.899  0.094 3.057
OGLE-BLG-RRLYR-12853  16.159 17.034  0.27334870 0.00000077  5000.24251  0.228  0.113 4.807  0.071 3.956
OGLE-BLG-RRLYR-12855  16.066 17.305  0.28975470 0.00000021  5000.20929  0.201  0.099 4.974  0.000   -  
OGLE-BLG-RRLYR-12863  17.472 19.822  0.24862886 0.00000014  5000.02533  0.208  0.175 4.793  0.000   -  
OGLE-BLG-RRLYR-12864  15.485 16.393  0.21852760 0.00000007  5000.18103  0.166  0.112 4.758  0.022 3.367
OGLE-BLG-RRLYR-12868  17.398 19.247  0.34504126 0.00000041  5000.05042  0.275  0.070 5.124  0.079 4.548
OGLE-BLG-RRLYR-12878  16.183 17.344  0.26871904 0.00000006  5000.15567  0.302  0.198 4.814  0.081 3.066
OGLE-BLG-RRLYR-12882  16.407 18.018  0.27469862 0.00000015  5000.14271  0.227  0.182 4.678  0.078 3.011
OGLE-BLG-RRLYR-12883  15.742 16.968  0.28626698 0.00000068  5000.20693  0.254  0.124 4.668  0.064 3.306
OGLE-BLG-RRLYR-12884  16.695 18.870  0.30415413 0.00000030  5000.00367  0.304  0.213 4.757  0.095 2.797
OGLE-BLG-RRLYR-12891  15.893 16.924  0.32483509 0.00000009  5000.26810  0.246  0.099 4.957  0.065 4.204
OGLE-BLG-RRLYR-12896  15.713 16.721  0.34347758 0.00000008  5000.17308  0.255  0.076 5.312  0.074 4.668
OGLE-BLG-RRLYR-12901  16.709 18.615  0.31573111 0.00000046  5000.15102  0.247  0.114 4.959  0.052 4.658
OGLE-BLG-RRLYR-12902  15.699 16.732  0.32775542 0.00000010  5000.19260  0.253  0.100 4.979  0.073 4.125
OGLE-BLG-RRLYR-12907  15.401 16.304  0.32947933 0.00000088  5000.08019  0.252  0.083 5.118  0.091 4.400
OGLE-BLG-RRLYR-12909  15.990 16.978  0.26227512 0.00000004  5000.15510  0.295  0.132 4.557  0.051 2.742
OGLE-BLG-RRLYR-12910  15.582 16.768  0.44622300 0.00000131  5000.20572  0.135  0.000   -    0.044 3.509
OGLE-BLG-RRLYR-12916  15.477    -    0.45234145 0.00000422  5000.06564  0.299  0.110 4.988  0.050 4.792
OGLE-BLG-RRLYR-12921  16.500 17.799  0.28454980 0.00000027  5000.05136  0.260  0.144 4.997  0.079 3.536
OGLE-BLG-RRLYR-12923  15.082 16.079  0.38017360 0.00000150  5000.09681  0.290  0.085 5.325  0.087 3.903
OGLE-BLG-RRLYR-12924  16.382 17.776  0.30341994 0.00000029  5000.10334  0.261  0.112 4.807  0.071 3.763
OGLE-BLG-RRLYR-12927  17.231 19.801  0.39112874 0.00000031  5000.07582  0.260  0.026 4.695  0.032 4.755
OGLE-BLG-RRLYR-12933  16.976 18.507  0.30571880 0.00000023  5000.08672  0.234  0.093 4.992  0.071 3.933
OGLE-BLG-RRLYR-12941  15.940 17.241  0.31667446 0.00000036  5000.21262  0.271  0.106 4.809  0.068 4.240
OGLE-BLG-RRLYR-12942  15.408    -    0.30667021 0.00000083  5000.05226  0.271  0.109 4.833  0.078 4.118
OGLE-BLG-RRLYR-12944  15.728 16.818  0.30277358 0.00000011  5000.20335  0.251  0.120 4.820  0.077 3.923
OGLE-BLG-RRLYR-12951  16.583 17.907  0.23228738 0.00000003  5000.08478  0.235  0.140 4.647  0.076 3.447
OGLE-BLG-RRLYR-12955  15.315 16.594  0.37127180 0.00000151  5000.17739  0.265  0.052 5.589  0.032 4.034
OGLE-BLG-RRLYR-12960  16.346 17.487  0.26964947 0.00000010  5000.06870  0.251  0.168 4.762  0.056 2.976
OGLE-BLG-RRLYR-12961  15.131 16.230  0.46762028 0.00000012  5000.19366  0.168  0.154 3.809  0.055 1.667
OGLE-BLG-RRLYR-12965  15.935 17.009  0.28512902 0.00000011  5000.08773  0.263  0.133 5.025  0.071 3.573
OGLE-BLG-RRLYR-12970  15.394 16.098  0.31014409 0.00000055  5000.02946  0.271  0.111 4.738  0.056 3.929
OGLE-BLG-RRLYR-12972  15.779 16.981  0.32094843 0.00000008  5000.01830  0.238  0.089 4.975  0.055 4.197
OGLE-BLG-RRLYR-12976  16.169 17.079  0.30836837 0.00000092  5000.14289  0.238  0.104 4.862  0.090 4.280
OGLE-BLG-RRLYR-12980  15.971 17.151  0.28068889 0.00000004  5000.04368  0.293  0.158 4.928  0.081 3.221
OGLE-BLG-RRLYR-12981  15.698 16.921  0.34056892 0.00000009  5000.11991  0.177  0.047 4.910  0.017 3.945
OGLE-BLG-RRLYR-12984  15.353 16.468  0.36127174 0.00000011  5000.30949  0.262  0.024 0.034  0.077 5.339
OGLE-BLG-RRLYR-12989  15.826 16.968  0.30678688 0.00000026  5000.23962  0.259  0.108 5.045  0.082 4.251
OGLE-BLG-RRLYR-12993  15.947 17.184  0.25528703 0.00000035  5000.15808  0.237  0.182 4.756  0.053 3.458
OGLE-BLG-RRLYR-12995  16.459 17.760  0.25538545 0.00000087  5000.01918  0.105  0.096 4.412  0.000   -  
OGLE-BLG-RRLYR-12997  15.506 16.310  0.29983873 0.00000049  5000.26032  0.281  0.127 4.886  0.072 3.462
OGLE-BLG-RRLYR-13001  16.259 17.239  0.27168570 0.00000006  5000.10083  0.192  0.108 4.909  0.040 3.400
OGLE-BLG-RRLYR-13003  15.537 16.596  0.30888291 0.00000004  5000.14420  0.234  0.104 4.857  0.071 4.035
OGLE-BLG-RRLYR-13004  15.937 17.214  0.28566925 0.00000016  5000.26720  0.231  0.104 4.987  0.076 4.451
OGLE-BLG-RRLYR-13005  16.181 17.226  0.26132580 0.00000072  5000.04604  0.251  0.134 4.772  0.032 3.274
OGLE-BLG-RRLYR-13008  15.263 16.420  0.34044017 0.00000006  5000.18697  0.246  0.092 5.032  0.063 4.139
OGLE-BLG-RRLYR-13012  15.913 17.097  0.32982710 0.00000033  5000.00803  0.243  0.074 4.974  0.033 4.621
OGLE-BLG-RRLYR-13016  15.979 17.180  0.25742564 0.00000005  5000.04604  0.226  0.105 4.974  0.059 4.000
OGLE-BLG-RRLYR-13017  15.738 16.958  0.41761607 0.00000081  5000.18169  0.250  0.049 5.734  0.063 5.158
OGLE-BLG-RRLYR-13021  15.726 16.854  0.28572870 0.00000004  5000.12549  0.252  0.083 5.004  0.057 4.520
OGLE-BLG-RRLYR-13024  15.615 16.684  0.43596773 0.00000054  5000.06957  0.233  0.046 0.883  0.075 5.056
OGLE-BLG-RRLYR-13026  15.343 16.358  0.37602409 0.00000050  5000.35967  0.282  0.037 4.707  0.060 5.126
OGLE-BLG-RRLYR-13028  15.049 16.038  0.40501801 0.00000246  5000.17909  0.268  0.045 5.535  0.051 4.995
OGLE-BLG-RRLYR-13035  16.455 17.526  0.25466173 0.00000074  5000.11076  0.240  0.142 4.795  0.067 3.934
OGLE-BLG-RRLYR-13037  16.490 17.531  0.29755350 0.00000274  5000.18294  0.161  0.094 0.092  0.148 1.652
OGLE-BLG-RRLYR-13038  15.616 16.765  0.31706049 0.00000006  5000.21405  0.232  0.093 5.027  0.071 4.240
OGLE-BLG-RRLYR-13042  15.234 16.358  0.38068735 0.00000072  5000.15220  0.270  0.042 5.645  0.065 5.022
OGLE-BLG-RRLYR-13044  17.770 19.987  0.24406643 0.00000024  5000.23648  0.158  0.000   -    0.057 3.915
OGLE-BLG-RRLYR-13048  17.630 18.914  0.28404275 0.00000009  5000.07789  0.259  0.134 4.578  0.090 3.327
OGLE-BLG-RRLYR-13049  15.950 16.893  0.28444184 0.00000073  5000.26296  0.238  0.137 4.900  0.059 3.765
OGLE-BLG-RRLYR-13050  16.794 18.039  0.27782040 0.00000021  5000.09290  0.297  0.182 4.785  0.090 2.980
OGLE-BLG-RRLYR-13062  16.344 17.195  0.32164379 0.00000068  5000.16987  0.248  0.137 4.837  0.052 3.156
OGLE-BLG-RRLYR-13067  16.338 17.625  0.31724543 0.00000047  5000.03405  0.230  0.054 4.720  0.031 5.161
OGLE-BLG-RRLYR-13071  15.376 16.200  0.31253640 0.00000053  5000.21199  0.252  0.106 4.875  0.071 4.119
OGLE-BLG-RRLYR-13077  15.664 16.608  0.32118791 0.00000020  5000.26409  0.227  0.124 4.897  0.056 3.956
OGLE-BLG-RRLYR-13078  15.478 16.301  0.28232623 0.00000032  5000.00354  0.286  0.150 4.755  0.104 3.408
OGLE-BLG-RRLYR-13082  15.202 16.117  0.33208850 0.00000116  5000.32315  0.268  0.032 4.766  0.050 4.371
OGLE-BLG-RRLYR-13089  18.210 20.545  0.21155510 0.00000025  5000.06531  0.216  0.172 4.603  0.058 3.400
OGLE-BLG-RRLYR-13092  16.158 17.111  0.30956050 0.00000059  5000.25924  0.289  0.134 5.073  0.095 3.830
OGLE-BLG-RRLYR-13093  15.801 16.965  0.33621957 0.00000012  5000.04642  0.224  0.053 4.910  0.030 4.234
OGLE-BLG-RRLYR-13096  16.202 18.216  0.41147377 0.00000134  5000.27285  0.253  0.028 0.201  0.086 5.044
OGLE-BLG-RRLYR-13099  15.520 16.549  0.28071540 0.00000002  5000.16015  0.288  0.168 4.702  0.100 3.118
OGLE-BLG-RRLYR-13102  16.786 18.412  0.27173741 0.00000030  5000.00876  0.297  0.209 4.891  0.103 3.034
OGLE-BLG-RRLYR-13103  15.762 16.802  0.27909011 0.00000004  5000.16296  0.299  0.171 4.781  0.107 3.117
OGLE-BLG-RRLYR-13104  16.136 17.157  0.27736407 0.00000005  5000.08615  0.282  0.166 4.788  0.097 2.965
OGLE-BLG-RRLYR-13111  15.997 17.290  0.35435282 0.00000028  5000.27717  0.284  0.094 5.335  0.069 4.450
OGLE-BLG-RRLYR-13113  17.646 19.141  0.32445097 0.00000591  5000.24364  0.102  0.323 4.996  0.000   -  
OGLE-BLG-RRLYR-13117  15.684 16.915  0.32160795 0.00000006  5000.18316  0.237  0.096 5.052  0.069 4.223
OGLE-BLG-RRLYR-13119  16.491 17.631  0.21473965 0.00000011  5000.02622  0.180  0.132 4.547  0.000   -  
OGLE-BLG-RRLYR-13129  15.727 16.923  0.31144094 0.00000005  5000.04694  0.231  0.103 4.808  0.075 4.027
OGLE-BLG-RRLYR-13132  16.462 17.726  0.22320140 0.00000005  5000.19819  0.238  0.147 4.169  0.058 1.989
OGLE-BLG-RRLYR-13134  16.036 17.255  0.31107625 0.00000008  5000.14917  0.248  0.138 4.938  0.055 3.180
OGLE-BLG-RRLYR-13135  16.303 17.741  0.31592168 0.00000011  5000.19929  0.227  0.090 5.020  0.071 4.270
OGLE-BLG-RRLYR-13136  15.898 16.962  0.27939699 0.00000006  5000.21355  0.222  0.104 4.749  0.066 3.975
OGLE-BLG-RRLYR-13138  15.954 17.307  0.31058003 0.00000013  5000.21407  0.244  0.094 4.962  0.086 4.148
OGLE-BLG-RRLYR-13139  16.458 17.608  0.32941643 0.00000030  5000.04039  0.264  0.084 5.090  0.073 4.368
OGLE-BLG-RRLYR-13145  17.640 18.959  0.33786100 0.00000261  5000.16602  0.249  0.153 4.862  0.099 3.993
OGLE-BLG-RRLYR-13148  16.311 17.611  0.31094249 0.00000005  5000.01291  0.254  0.117 4.922  0.056 3.694
OGLE-BLG-RRLYR-13153  16.230 17.705  0.32256730 0.00000034  5000.18516  0.139  0.088 4.541  0.027 0.789
OGLE-BLG-RRLYR-13155  16.419 17.822  0.29972803 0.00000030  5000.04817  0.272  0.117 5.094  0.081 4.106
OGLE-BLG-RRLYR-13156  15.613 16.763  0.31633722 0.00000013  5000.23061  0.236  0.102 4.923  0.069 4.080
OGLE-BLG-RRLYR-13160  15.890 17.189  0.29281368 0.00000071  5000.25928  0.267  0.120 4.970  0.095 3.879
OGLE-BLG-RRLYR-13161  15.912 16.985  0.25375814 0.00000022  5000.19029  0.110  0.113 4.089  0.028 2.275
OGLE-BLG-RRLYR-13166  15.698 16.845  0.38806158 0.00000037  5000.34596  0.278  0.099 5.121  0.065 4.315
OGLE-BLG-RRLYR-13169  15.695 16.784  0.29192441 0.00000019  5000.25398  0.268  0.125 4.872  0.083 3.492
OGLE-BLG-RRLYR-13172  15.977 17.037  0.34356850 0.00000013  5000.27457  0.293  0.079 5.246  0.079 4.412
OGLE-BLG-RRLYR-13173  16.366 17.538  0.27217947 0.00000032  5000.23459  0.210  0.056 4.571  0.020 2.104
OGLE-BLG-RRLYR-13174  16.137 17.459  0.25944364 0.00000008  5000.16894  0.290  0.199 4.752  0.065 3.082
OGLE-BLG-RRLYR-13180  15.650 16.615  0.34824364 0.00000045  5000.27222  0.300  0.112 5.331  0.087 4.289
OGLE-BLG-RRLYR-13184  15.772 16.964  0.31028069 0.00000028  5000.11873  0.259  0.108 4.941  0.086 4.203
OGLE-BLG-RRLYR-13186  16.373 17.091  0.30225988 0.00000098  5000.30176  0.326  0.161 4.951  0.067 3.558
OGLE-BLG-RRLYR-13187  17.525 18.912  0.27505934 0.00000017  5000.02274  0.331  0.194 4.863  0.092 2.971
OGLE-BLG-RRLYR-13190  16.363 17.253  0.32037068 0.00000110  5000.29814  0.258  0.099 4.933  0.053 4.199
OGLE-BLG-RRLYR-13192  16.578 18.445  0.29958229 0.00000040  5000.26959  0.226  0.129 5.248  0.100 3.956
OGLE-BLG-RRLYR-13194  16.436 17.566  0.22781364 0.00000007  5000.16884  0.184  0.121 4.604  0.033 3.928
OGLE-BLG-RRLYR-13201  15.763 16.726  0.27068756 0.00000005  5000.11203  0.323  0.138 4.814  0.067 3.044
OGLE-BLG-RRLYR-13204  15.511 16.671  0.27435068 0.00000003  5000.27179  0.269  0.178 4.757  0.091 2.927
OGLE-BLG-RRLYR-13216  15.543 16.525  0.32161572 0.00000079  5000.25383  0.283  0.098 5.053  0.089 4.435
OGLE-BLG-RRLYR-13221  15.873 17.056  0.24198346 0.00000008  5000.22886  0.242  0.166 4.703  0.067 2.888
OGLE-BLG-RRLYR-13226  16.081 17.108  0.22877847 0.00000014  5000.08095  0.253  0.146 4.728  0.066 3.124
OGLE-BLG-RRLYR-13227  16.039 17.311  0.28514550 0.00000042  5000.28481  0.281  0.139 4.783  0.074 3.528
OGLE-BLG-RRLYR-13229  16.197 17.750  0.32062109 0.00000021  5000.29107  0.245  0.088 4.969  0.056 4.259
OGLE-BLG-RRLYR-13233  15.869 16.787  0.25302621 0.00000042  5000.08264  0.270  0.165 4.727  0.024 2.151
OGLE-BLG-RRLYR-13235  16.418 18.544  0.35447187 0.00000025  5000.28802  0.273  0.059 4.978  0.072 4.610
OGLE-BLG-RRLYR-13240  15.536 16.432  0.33746896 0.00000070  5000.14732  0.262  0.097 5.129  0.091 4.115
OGLE-BLG-RRLYR-13242  15.601 16.324  0.27783942 0.00000013  5000.09593  0.314  0.240 4.696  0.064 2.720
OGLE-BLG-RRLYR-13247  15.577 16.554  0.29538401 0.00000085  5000.04710  0.265  0.124 4.678  0.070 4.005
OGLE-BLG-RRLYR-13248  16.035 17.140  0.28598317 0.00000012  5000.10847  0.246  0.099 4.898  0.082 4.173
OGLE-BLG-RRLYR-13250  15.925 17.026  0.25082068 0.00000010  5000.24245  0.256  0.154 4.771  0.034 2.885
OGLE-BLG-RRLYR-13253  15.916 17.270  0.32589773 0.00000055  5000.17679  0.247  0.107 5.017  0.095 4.136
OGLE-BLG-RRLYR-13256  16.144 17.824  0.28843908 0.00000009  5000.13433  0.266  0.131 4.758  0.094 3.399
OGLE-BLG-RRLYR-13259  16.338    -    0.40356777 0.00000098  5000.26157  0.231  0.000   -    0.114 4.588
OGLE-BLG-RRLYR-13264  15.225 16.262  0.29300408 0.00000029  5000.25676  0.267  0.111 5.117  0.070 4.208
OGLE-BLG-RRLYR-13267  16.086 16.996  0.27438282 0.00000094  5000.01523  0.308  0.177 5.003  0.118 2.574
OGLE-BLG-RRLYR-13269  16.053 17.355  0.29716061 0.00000011  5000.18570  0.248  0.120 4.819  0.070 3.634
OGLE-BLG-RRLYR-13272  18.150 21.913  0.31519955 0.00000035  5000.12100  0.209  0.174 4.809  0.066 4.267
OGLE-BLG-RRLYR-13277  15.996 17.446  0.36651157 0.00000187  5000.32725  0.244  0.095 6.076  0.097 4.724
OGLE-BLG-RRLYR-13280  15.849 17.060  0.30258650 0.00000050  5000.04943  0.113  0.071 4.700  0.000   -  
OGLE-BLG-RRLYR-13287  15.697 16.904  0.37756413 0.00000243  5000.04083  0.253  0.059 5.606  0.098 4.785
OGLE-BLG-RRLYR-13291  17.748 19.886  0.33358393 0.00000083  5000.11557  0.259  0.153 3.917  0.000   -  
OGLE-BLG-RRLYR-13293  15.721 16.632  0.31926563 0.00000085  5000.12709  0.248  0.104 5.314  0.089 3.977
OGLE-BLG-RRLYR-13295  15.719 16.892  0.29311184 0.00000099  5000.23622  0.127  0.103 4.529  0.048 2.026
OGLE-BLG-RRLYR-13297  15.149 16.059  0.25406418 0.00000006  5000.10331  0.280  0.257 4.519  0.066 2.700
OGLE-BLG-RRLYR-13301  15.970 17.333  0.28200944 0.00000006  5000.25669  0.270  0.161 4.810  0.098 3.206
OGLE-BLG-RRLYR-13303  16.471 17.679  0.33195213 0.00000045  5000.02712  0.259  0.057 5.001  0.093 4.436
OGLE-BLG-RRLYR-13305  15.913 17.276  0.30881497 0.00000071  5000.26696  0.260  0.097 4.854  0.061 4.204
OGLE-BLG-RRLYR-13308  15.765 16.824  0.25959128 0.00000006  5000.16325  0.269  0.142 4.714  0.100 3.530
OGLE-BLG-RRLYR-13310  15.752 16.878  0.31969641 0.00000018  5000.21205  0.260  0.096 5.161  0.081 4.381
OGLE-BLG-RRLYR-13311  17.593 20.188  0.31497543 0.00000023  5000.01571  0.246  0.096 4.746  0.065 3.991
OGLE-BLG-RRLYR-13312  16.117 17.228  0.27847976 0.00000419  5000.17838  0.235  0.063 0.728  0.076 2.860
OGLE-BLG-RRLYR-13318  16.991 18.770  0.31580885 0.00000022  5000.23716  0.269  0.099 4.972  0.070 4.263
OGLE-BLG-RRLYR-13319  15.569 17.200  0.31954245 0.00000078  5000.15938  0.123  0.085 4.282  0.020 2.010
OGLE-BLG-RRLYR-13320  15.909 16.920  0.29301917 0.00000063  5000.15922  0.288  0.134 4.846  0.099 3.667
OGLE-BLG-RRLYR-13323  15.190 16.222  0.35999006 0.00000207  5000.35311  0.218  0.065 5.205  0.000   -  
OGLE-BLG-RRLYR-13324  15.539 16.669  0.31809852 0.00000115  5000.16384  0.259  0.104 4.651  0.088 4.369
OGLE-BLG-RRLYR-13328  15.920 17.120  0.31801353 0.00000018  5000.00789  0.237  0.095 4.983  0.064 4.215
OGLE-BLG-RRLYR-13330  15.986 16.935  0.26220615 0.00000026  5000.23491  0.211  0.135 4.770  0.036 2.900
OGLE-BLG-RRLYR-13331  16.873 19.046  0.29377676 0.00000013  5000.06896  0.258  0.143 4.774  0.083 3.635
OGLE-BLG-RRLYR-13332  16.541 17.549  0.22839428 0.00000006  5000.05713  0.247  0.165 4.680  0.065 3.092
OGLE-BLG-RRLYR-13336  15.660 16.735  0.31736237 0.00000008  5000.08837  0.242  0.098 4.920  0.067 4.219
OGLE-BLG-RRLYR-13340  16.311 17.371  0.29206377 0.00000011  5000.02632  0.275  0.138 4.781  0.078 3.503
OGLE-BLG-RRLYR-13341  15.541 17.302  0.31952052 0.00000015  5000.11085  0.231  0.112 5.213  0.081 3.780
OGLE-BLG-RRLYR-13342  16.418 17.329  0.28186286 0.00000042  5000.09015  0.165  0.096 3.938  0.025 1.002
OGLE-BLG-RRLYR-13343  17.718 18.907  0.26878840 0.00000029  5000.10653  0.241  0.117 4.700  0.057 4.007
OGLE-BLG-RRLYR-13344  16.053 17.503  0.32275381 0.00000017  5000.13986  0.251  0.081 4.952  0.065 4.094
OGLE-BLG-RRLYR-13345  17.840 18.853  0.32295395 0.00000094  5000.25649  0.226  0.075 4.748  0.074 3.837
OGLE-BLG-RRLYR-13349  15.971 17.267  0.26710463 0.00000008  5000.21665  0.286  0.168 4.733  0.092 3.138
OGLE-BLG-RRLYR-13354  15.851 16.737  0.22381849 0.00000005  5000.05900  0.212  0.139 4.699  0.037 3.120
OGLE-BLG-RRLYR-13355  17.990 19.206  0.28587135 0.00000034  5000.07626  0.233  0.244 4.660  0.000   -  
OGLE-BLG-RRLYR-13358  15.419 16.337  0.31973074 0.00000059  5000.16935  0.290  0.099 5.228  0.078 3.617
OGLE-BLG-RRLYR-13364  15.376 15.988  0.32130325 0.00000087  5000.13675  0.243  0.092 4.826  0.060 3.734
OGLE-BLG-RRLYR-13368  16.137 17.231  0.22379429 0.00000015  5000.20956  0.244  0.174 4.754  0.062 3.034
OGLE-BLG-RRLYR-13369  14.736 15.453  0.26438217 0.00000026  5000.14755  0.290  0.195 4.718  0.077 2.836
OGLE-BLG-RRLYR-13370  17.228 19.346  0.21530297 0.00000015  5000.05069  0.173  0.138 4.707  0.046 3.088
OGLE-BLG-RRLYR-13378  15.700 16.454  0.30133526 0.00000049  5000.10867  0.325  0.181 4.959  0.089 3.259
OGLE-BLG-RRLYR-13379  16.800 18.001  0.26369919 0.00000013  5000.04343  0.293  0.203 4.760  0.075 2.973
OGLE-BLG-RRLYR-13382  15.650 16.872  0.26963119 0.00000011  5000.15777  0.286  0.189 4.772  0.085 2.926
OGLE-BLG-RRLYR-13384  16.676 17.796  0.25539832 0.00000009  5000.13170  0.272  0.158 4.752  0.088 3.188
OGLE-BLG-RRLYR-13386  15.045    -    0.30862358 0.00000061  5000.24964  0.222  0.132 4.794  0.051 3.470
OGLE-BLG-RRLYR-13388  15.777 16.863  0.34122774 0.00000049  5000.11329  0.258  0.100 5.101  0.066 4.402
OGLE-BLG-RRLYR-13389  16.728 18.043  0.26732512 0.00000059  5000.10655  0.183  0.000   -    0.000   -  
OGLE-BLG-RRLYR-13390  16.302 17.760  0.32151178 0.00000016  5000.08449  0.248  0.088 5.120  0.049 4.210
OGLE-BLG-RRLYR-13396  15.718 16.787  0.24708626 0.00000004  5000.07343  0.182  0.125 4.648  0.020 3.168
OGLE-BLG-RRLYR-13397  15.719 16.706  0.33217754 0.00000015  5000.28971  0.268  0.094 5.116  0.082 4.296
OGLE-BLG-RRLYR-13398  15.782 16.462  0.32532674 0.00000250  5000.01388  0.366  0.226 5.210  0.087 4.251
OGLE-BLG-RRLYR-13400  16.078 17.272  0.31895966 0.00000014  5000.08942  0.244  0.099 5.046  0.073 4.196
OGLE-BLG-RRLYR-13401  15.929 17.250  0.30024596 0.00000011  5000.10433  0.262  0.097 4.829  0.074 4.146
OGLE-BLG-RRLYR-13402  15.843    -    0.28578585 0.00000097  5000.15424  0.277  0.170 4.700  0.114 3.342
OGLE-BLG-RRLYR-13404  16.545 17.712  0.21225461 0.00000011  5000.09300  0.205  0.133 4.585  0.044 3.416
OGLE-BLG-RRLYR-13408  16.434 17.681  0.31792796 0.00000107  5000.21098  0.249  0.173 4.929  0.052 3.108
OGLE-BLG-RRLYR-13409  15.152 16.338  0.36726205 0.00000035  5000.03771  0.309  0.081 4.942  0.082 4.456
OGLE-BLG-RRLYR-13410  16.098 17.162  0.33318197 0.00000015  5000.24790  0.292  0.131 5.176  0.088 3.808
OGLE-BLG-RRLYR-13412  15.786 17.085  0.37259208 0.00000020  5000.33338  0.238  0.042 6.238  0.077 5.403
OGLE-BLG-RRLYR-13414  16.511 17.634  0.29900742 0.00000061  5000.15352  0.267  0.138 4.854  0.100 3.744
OGLE-BLG-RRLYR-13416  16.248 17.089  0.24758060 0.00000013  5000.01196  0.159  0.100 4.618  0.022 3.204
OGLE-BLG-RRLYR-13417  16.860 18.164  0.32584814 0.00000021  5000.01058  0.262  0.097 4.992  0.056 4.063
OGLE-BLG-RRLYR-13421  15.716 17.151  0.43658189 0.00000122  5000.04162  0.246  0.079 1.923  0.095 5.899
OGLE-BLG-RRLYR-13422  15.537 16.656  0.30211554 0.00000005  5000.25347  0.271  0.106 4.877  0.085 4.170
OGLE-BLG-RRLYR-13426  15.638 16.722  0.33706270 0.00000045  5000.19855  0.269  0.095 5.073  0.082 4.193
OGLE-BLG-RRLYR-13430  15.810 16.757  0.31157015 0.00000012  5000.07506  0.274  0.127 5.207  0.094 4.040
OGLE-BLG-RRLYR-13436  15.852 17.025  0.26281963 0.00000006  5000.11520  0.282  0.184 4.717  0.066 2.833
OGLE-BLG-RRLYR-13439  16.093 17.051  0.25805474 0.00000022  5000.22529  0.202  0.141 4.685  0.000   -  
OGLE-BLG-RRLYR-13445  17.053 19.289  0.30110008 0.00000012  5000.19633  0.251  0.133 4.811  0.074 3.406
OGLE-BLG-RRLYR-13451  15.985 17.472  0.33514917 0.00000129  5000.26771  0.266  0.081 4.989  0.086 4.460
OGLE-BLG-RRLYR-13452  15.536 16.713  0.27851702 0.00000053  5000.14539  0.301  0.164 4.756  0.099 2.986
OGLE-BLG-RRLYR-13455  15.300 16.231  0.31186027 0.00000056  5000.03984  0.238  0.118 4.985  0.086 4.121
OGLE-BLG-RRLYR-13456  16.128 17.423  0.28333713 0.00000007  5000.07431  0.293  0.131 4.939  0.087 3.620
OGLE-BLG-RRLYR-13458  15.515 16.587  0.25774920 0.00000035  5000.01857  0.286  0.187 4.678  0.065 3.079
OGLE-BLG-RRLYR-13459  15.920 17.182  0.28662718 0.00000006  5000.27296  0.256  0.150 4.680  0.097 3.365
OGLE-BLG-RRLYR-13460  16.528 17.696  0.31857766 0.00000041  5000.24855  0.259  0.082 4.891  0.094 4.299
OGLE-BLG-RRLYR-13462  15.442 16.717  0.41214414 0.00000097  5000.37485  0.260  0.019 4.180  0.051 4.805
OGLE-BLG-RRLYR-13463  15.273 16.138  0.29773376 0.00000052  5000.13571  0.257  0.128 4.714  0.079 3.662
OGLE-BLG-RRLYR-13464  15.957 17.200  0.31442120 0.00000010  5000.18494  0.269  0.111 5.123  0.078 3.987
OGLE-BLG-RRLYR-13470  15.436 16.528  0.36364787 0.00000082  5000.12107  0.217  0.065 5.066  0.032 4.042
OGLE-BLG-RRLYR-13471  15.536 16.885  0.40280044 0.00000199  5000.17955  0.277  0.100 5.901  0.066 5.056
OGLE-BLG-RRLYR-13472  16.538 17.777  0.28587945 0.00000087  5000.20320  0.278  0.162 4.891  0.090 3.325
OGLE-BLG-RRLYR-13473  15.407 16.323  0.28416900 0.00000011  5000.24406  0.202  0.128 4.951  0.050 3.504
OGLE-BLG-RRLYR-13478  16.311 17.496  0.29418300 0.00000234  5000.10686  0.192  0.134 3.689  0.041 0.939
OGLE-BLG-RRLYR-13479  17.546 18.747  0.28044678 0.00000043  5000.02052  0.238  0.154 4.781  0.000   -  
OGLE-BLG-RRLYR-13486  15.403 16.359  0.33478536 0.00000032  5000.19556  0.284  0.091 5.115  0.070 4.286
OGLE-BLG-RRLYR-13491  16.324 17.440  0.32644182 0.00000048  5000.16275  0.294  0.076 4.787  0.094 4.398
OGLE-BLG-RRLYR-13492  15.230 16.210  0.37569170 0.00000074  5000.18096  0.126  0.000   -    0.044 4.372
OGLE-BLG-RRLYR-13495  15.591 16.693  0.34300842 0.00000122  5000.26519  0.263  0.051 5.251  0.076 4.416
OGLE-BLG-RRLYR-13499  15.643 16.797  0.32061149 0.00000014  5000.00693  0.251  0.097 4.933  0.072 4.250
OGLE-BLG-RRLYR-13501  16.051 17.127  0.32924885 0.00000127  5000.06275  0.134  0.096 4.634  0.038 5.009
OGLE-BLG-RRLYR-13505  16.166 17.465  0.39710144 0.00000029  5000.30761  0.230  0.166 5.019  0.069 3.495
OGLE-BLG-RRLYR-13511  15.836 16.763  0.24535196 0.00000063  5000.00060  0.142  0.109 4.616  0.033 1.910
OGLE-BLG-RRLYR-13517  15.926 16.900  0.31640334 0.00000024  5000.31075  0.250  0.090 4.866  0.082 4.371
OGLE-BLG-RRLYR-13518  14.793 15.795  0.28585570 0.00000011  5000.11915  0.279  0.152 4.720  0.105 3.343
OGLE-BLG-RRLYR-13520  15.981 17.042  0.26190995 0.00000007  5000.23422  0.279  0.193 4.794  0.064 2.868
OGLE-BLG-RRLYR-13521  16.017 17.340  0.30535669 0.00000007  5000.15652  0.280  0.087 4.891  0.079 4.280
OGLE-BLG-RRLYR-13522  15.073 15.826  0.37140426 0.00000073  5000.20549  0.208  0.083 4.911  0.043 3.987
OGLE-BLG-RRLYR-13523  15.812 17.189  0.33854552 0.00000204  5000.02387  0.268  0.064 5.768  0.047 4.807
OGLE-BLG-RRLYR-13524  15.915 16.911  0.22877540 0.00000050  5000.14134  0.174  0.098 4.719  0.065 3.163
OGLE-BLG-RRLYR-13525  17.793 19.608  0.37729970 0.00000130  5000.34325  0.164  0.192 4.857  0.099 2.790
OGLE-BLG-RRLYR-13526  15.698 16.932  0.27941053 0.00000034  5000.15592  0.237  0.174 4.579  0.093 3.394
OGLE-BLG-RRLYR-13528  15.742 16.656  0.29746917 0.00000016  5000.13044  0.295  0.181 4.800  0.097 3.015
OGLE-BLG-RRLYR-13532  15.844 16.936  0.26882337 0.00000031  5000.21022  0.211  0.072 4.778  0.058 4.318
OGLE-BLG-RRLYR-13535  15.508 16.299  0.28799831 0.00000054  5000.12504  0.286  0.145 4.684  0.096 3.322
OGLE-BLG-RRLYR-13536  15.891 17.032  0.23176826 0.00000004  5000.10386  0.201  0.125 4.635  0.073 3.571
OGLE-BLG-RRLYR-13540  15.626 16.736  0.31699019 0.00000005  5000.03219  0.283  0.098 5.058  0.086 4.347
OGLE-BLG-RRLYR-13541  15.314 16.443  0.35136917 0.00000182  5000.22937  0.269  0.089 5.796  0.119 4.521
OGLE-BLG-RRLYR-13546  16.359 17.543  0.22592571 0.00000033  5000.11372  0.153  0.034 4.190  0.037 3.002
OGLE-BLG-RRLYR-13550  14.736 15.628  0.32116802 0.00000005  5000.06740  0.254  0.099 4.958  0.071 4.164
OGLE-BLG-RRLYR-13551  16.062 17.232  0.33509178 0.00000044  5000.00116  0.264  0.104 4.999  0.060 4.317
OGLE-BLG-RRLYR-13560  15.151 16.192  0.28941432 0.00000061  5000.04813  0.322  0.211 4.820  0.096 2.955
OGLE-BLG-RRLYR-13564  15.478 16.879  0.31107121 0.00000015  5000.07799  0.208  0.076 5.375  0.057 4.745
OGLE-BLG-RRLYR-13567  15.715 16.852  0.30632070 0.00000009  5000.12143  0.264  0.095 4.807  0.074 4.187
OGLE-BLG-RRLYR-13572  16.173 17.825  0.33827497 0.00000021  5000.20270  0.272  0.079 5.163  0.065 4.457
OGLE-BLG-RRLYR-13573  15.945 17.260  0.31379859 0.00000013  5000.11783  0.265  0.102 5.005  0.079 4.177
OGLE-BLG-RRLYR-13575  18.830 21.290  0.29087946 0.00000047  5000.25726  0.292  0.210 4.811  0.000   -  
OGLE-BLG-RRLYR-13580  16.603 18.543  0.30567035 0.00000011  5000.27302  0.256  0.094 5.023  0.084 4.221
OGLE-BLG-RRLYR-13586  15.924 17.039  0.26698262 0.00000046  5000.07718  0.149  0.094 5.058  0.072 2.610
OGLE-BLG-RRLYR-13588  15.433 16.360  0.26957980 0.00000017  5000.04969  0.113  0.078 4.824  0.040 5.291
OGLE-BLG-RRLYR-13592  16.109    -    0.27205607 0.00000026  5000.12138  0.307  0.135 4.935  0.046 3.321
OGLE-BLG-RRLYR-13593  15.923 17.063  0.26930287 0.00000006  5000.05104  0.299  0.190 4.833  0.084 2.923
OGLE-BLG-RRLYR-13595  15.797 16.885  0.23929119 0.00000010  5000.18338  0.258  0.140 4.694  0.080 3.304
OGLE-BLG-RRLYR-13596  15.435 16.427  0.39511751 0.00000037  5000.07158  0.245  0.044 6.145  0.072 4.726
OGLE-BLG-RRLYR-13597  16.719 18.472  0.25360401 0.00000010  5000.01653  0.263  0.173 4.709  0.047 3.093
OGLE-BLG-RRLYR-13600  16.227 17.388  0.20443852 0.00000058  5000.01800  0.212  0.161 4.563  0.073 3.311
OGLE-BLG-RRLYR-13610  15.947 17.037  0.29061630 0.00000071  5000.09445  0.278  0.118 5.030  0.117 3.880
OGLE-BLG-RRLYR-13613  15.226 16.184  0.39692981 0.00000164  5000.02028  0.245  0.020   -    0.066 4.935
OGLE-BLG-RRLYR-13614  15.645 17.181  0.34553794 0.00000017  5000.22415  0.301  0.152 5.023  0.091 3.722
OGLE-BLG-RRLYR-13620  15.947 16.992  0.25751678 0.00000044  5000.07804  0.266  0.181 4.821  0.061 2.999
OGLE-BLG-RRLYR-13626  15.951 16.938  0.25677302 0.00000012  5000.11649  0.235  0.136 4.557  0.049 2.727
OGLE-BLG-RRLYR-13630  16.362 18.285  0.27352524 0.00000012  5000.18099  0.215  0.129 4.740  0.020 2.602
OGLE-BLG-RRLYR-13631  15.712 16.716  0.32494188 0.00000094  5000.09152  0.317  0.085 4.509  0.115 4.536
OGLE-BLG-RRLYR-13637  15.857 16.937  0.28481348 0.00000009  5000.08761  0.282  0.163 4.746  0.095 3.049
OGLE-BLG-RRLYR-13641  16.688 18.686  0.32143663 0.00000022  5000.30766  0.251  0.105 4.965  0.063 4.210
OGLE-BLG-RRLYR-13644  15.562 16.542  0.31710967 0.00000087  5000.29019  0.240  0.099 4.992  0.078 4.270
OGLE-BLG-RRLYR-13648  15.245 16.343  0.30635683 0.00000005  5000.15580  0.268  0.118 4.955  0.087 3.908
OGLE-BLG-RRLYR-13649  16.073 17.104  0.28090162 0.00000012  5000.25422  0.269  0.144 4.919  0.081 3.405
OGLE-BLG-RRLYR-13652  15.232 16.191  0.28671206 0.00000029  5000.24129  0.312  0.151 4.816  0.080 3.371
OGLE-BLG-RRLYR-13656  15.572 16.640  0.35174126 0.00000028  5000.13770  0.251  0.083 5.176  0.068 4.534
OGLE-BLG-RRLYR-13664  15.322 16.721  0.32247342 0.00000037  5000.16175  0.377  0.314 4.544  0.082 2.647
OGLE-BLG-RRLYR-13668  14.874 15.906  0.33244094 0.00000097  5000.22536  0.264  0.098 4.988  0.080 4.006
OGLE-BLG-RRLYR-13679  15.751 16.811  0.38328542 0.00000253  5000.06816  0.273  0.109 4.934  0.064 4.167
OGLE-BLG-RRLYR-13682  15.603 16.690  0.34476431 0.00000350  5000.09370  0.279  0.059 5.290  0.055 4.467
OGLE-BLG-RRLYR-13684  15.986 17.129  0.34569703 0.00000082  5000.01387  0.273  0.096 5.076  0.067 4.852
OGLE-BLG-RRLYR-13685  16.129 17.076  0.28819007 0.00000083  5000.19096  0.269  0.132 4.853  0.106 3.763
OGLE-BLG-RRLYR-13689  15.513 16.510  0.37963300 0.00000164  5000.02675  0.303  0.165 4.980  0.087 3.378
OGLE-BLG-RRLYR-13694  16.383    -    0.24204872 0.00000038  5000.03483  0.201  0.114 4.456  0.052 3.167
OGLE-BLG-RRLYR-13697  15.940 17.078  0.27703305 0.00000074  5000.26513  0.238  0.082 4.725  0.055 4.936
OGLE-BLG-RRLYR-13701  16.047 17.328  0.31298287 0.00000018  5000.29195  0.253  0.096 5.032  0.077 4.153
OGLE-BLG-RRLYR-13708  15.227 16.584  0.31371459 0.00000011  5000.24120  0.249  0.101 4.964  0.072 4.120
OGLE-BLG-RRLYR-13715  15.123 16.038  0.43710449 0.00000104  5000.32965  0.258  0.047 3.026  0.039 0.199
OGLE-BLG-RRLYR-13716  16.397 18.277  0.41316557 0.00000036  5000.24382  0.254  0.067 5.802  0.077 4.851
OGLE-BLG-RRLYR-13717  16.543 17.751  0.24396535 0.00000004  5000.19535  0.207  0.119 4.695  0.067 3.599
OGLE-BLG-RRLYR-13722  15.636 16.677  0.36324862 0.00000478  5000.02134  0.268  0.040 5.898  0.089 4.854
OGLE-BLG-RRLYR-13724  14.397 15.095  0.28331524 0.00000051  5000.19480  0.290  0.156 4.740  0.097 3.241
OGLE-BLG-RRLYR-13726  16.359 18.476  0.32752058 0.00000022  5000.08220  0.262  0.075 4.899  0.070 4.224
OGLE-BLG-RRLYR-13727  16.533 18.132  0.32989442 0.00000054  5000.15575  0.259  0.099 5.008  0.054 4.189
OGLE-BLG-RRLYR-13740  16.489 18.168  0.32459542 0.00000012  5000.27569  0.251  0.092 5.168  0.076 4.409
OGLE-BLG-RRLYR-13748  15.687 16.861  0.31433893 0.00000005  5000.29388  0.236  0.094 4.973  0.069 4.147
OGLE-BLG-RRLYR-13758  15.867 16.967  0.29702361 0.00000004  5000.19670  0.251  0.128 4.813  0.090 3.715
OGLE-BLG-RRLYR-13765  15.990 17.307  0.32063402 0.00000008  5000.07860  0.221  0.095 4.986  0.072 4.149
OGLE-BLG-RRLYR-13766  17.841 20.792  0.32030311 0.00000392  5000.02430  0.308  0.099 4.678  0.000   -  
OGLE-BLG-RRLYR-13768  15.987 16.826  0.36146826 0.00000273  5000.11087  0.238  0.038 4.027  0.077 4.392
OGLE-BLG-RRLYR-13771  15.990 17.410  0.35470877 0.00000085  5000.14228  0.274  0.051 4.997  0.078 5.325
OGLE-BLG-RRLYR-13773  15.386 16.818  0.34963057 0.00000033  5000.03269  0.155  0.085 5.262  0.078 4.486
OGLE-BLG-RRLYR-13776  15.725 16.629  0.31417269 0.00000028  5000.05221  0.252  0.098 5.084  0.081 4.113
OGLE-BLG-RRLYR-13787  16.547 18.598  0.32893354 0.00000011  5000.02503  0.242  0.085 5.107  0.089 4.377
OGLE-BLG-RRLYR-13789  16.149 17.635  0.34103339 0.00000018  5000.33470  0.241  0.085 5.318  0.058 4.787
OGLE-BLG-RRLYR-13794  16.057 17.163  0.27476683 0.00000027  5000.05647  0.301  0.176 4.732  0.092 3.163
OGLE-BLG-RRLYR-13798  15.905 17.267  0.28015978 0.00000128  5000.12639  0.270  0.149 4.956  0.070 3.628
OGLE-BLG-RRLYR-13801  15.585    -    0.31821101 0.00000213  5000.11697  0.237  0.073 5.083  0.065 4.098
OGLE-BLG-RRLYR-13810  16.413 17.706  0.26360840 0.00000006  5000.00487  0.196  0.120 4.717  0.000   -  
OGLE-BLG-RRLYR-13813  15.942 16.976  0.32340678 0.00000076  5000.14076  0.290  0.140 4.729  0.093 2.901
OGLE-BLG-RRLYR-13816  16.023 17.490  0.29974661 0.00000017  5000.01487  0.240  0.120 4.737  0.077 3.647
OGLE-BLG-RRLYR-13818  15.781 16.871  0.25309852 0.00000006  5000.14554  0.244  0.161 4.709  0.037 2.965
OGLE-BLG-RRLYR-13821  15.711 16.894  0.31254339 0.00000013  5000.09411  0.177  0.064 4.813  0.020 4.105
OGLE-BLG-RRLYR-13824  16.054 17.396  0.32232847 0.00000017  5000.31665  0.258  0.095 5.077  0.062 4.342
OGLE-BLG-RRLYR-13826  15.556 16.794  0.30892087 0.00000100  5000.14286  0.250  0.090 4.658  0.082 3.598
OGLE-BLG-RRLYR-13829  15.961 17.311  0.34810626 0.00000046  5000.07208  0.290  0.073 4.935  0.056 4.564
OGLE-BLG-RRLYR-13833  15.912 16.885  0.28859039 0.00000055  5000.16934  0.282  0.159 4.771  0.094 3.663
OGLE-BLG-RRLYR-13835  16.762 18.030  0.26917683 0.00000015  5000.08022  0.362  0.186 4.869  0.077 2.961
OGLE-BLG-RRLYR-13842  15.817 17.020  0.41963758 0.00000528  5000.32312  0.267  0.049 2.309  0.093 5.304
OGLE-BLG-RRLYR-13844  17.014 19.332  0.25629518 0.00000225  5000.00248  0.227  0.164 5.087  0.084 3.667
OGLE-BLG-RRLYR-13848  16.315 18.259  0.31392286 0.00000012  5000.03941  0.215  0.117 4.972  0.083 3.849
OGLE-BLG-RRLYR-13849  16.471 18.300  0.34593744 0.00000072  5000.31344  0.144  0.096 4.686  0.000   -  
OGLE-BLG-RRLYR-13850  15.947 16.811  0.28050286 0.00000025  5000.25005  0.243  0.170 4.919  0.073 2.908
OGLE-BLG-RRLYR-13856  16.658 18.035  0.28897047 0.00000019  5000.10391  0.261  0.204 4.566  0.039 3.070
OGLE-BLG-RRLYR-13860  16.814 18.415  0.27154926 0.00000009  5000.22470  0.292  0.187 4.755  0.072 2.992
OGLE-BLG-RRLYR-13862  15.868 16.879  0.33805732 0.00000069  5000.31561  0.300  0.113 5.286  0.077 4.396
OGLE-BLG-RRLYR-13864  16.641 18.350  0.29895440 0.00000007  5000.17590  0.267  0.113 4.743  0.076 3.733
OGLE-BLG-RRLYR-13865  17.074 19.231  0.27643351 0.00000013  5000.04421  0.288  0.161 4.722  0.093 3.188
OGLE-BLG-RRLYR-13869  15.119 16.050  0.40780113 0.00000390  5000.07560  0.338  0.093 4.890  0.069 3.476
OGLE-BLG-RRLYR-13870  15.046 16.117  0.37661814 0.00000011  5000.13730  0.320  0.076 5.163  0.067 4.633
OGLE-BLG-RRLYR-13871  15.761 16.877  0.32942744 0.00000021  5000.15763  0.274  0.077 5.066  0.087 4.446
OGLE-BLG-RRLYR-13880  16.074 17.202  0.21244243 0.00000006  5000.07012  0.130  0.125 4.566  0.046 3.277
OGLE-BLG-RRLYR-13884  16.408 17.694  0.22229080 0.00000018  5000.14860  0.180  0.141 4.687  0.000   -  
OGLE-BLG-RRLYR-13885  16.138 17.543  0.25128586 0.00000046  5000.22915  0.213  0.124 4.726  0.034 2.419
OGLE-BLG-RRLYR-13886  16.482 17.939  0.32792609 0.00000115  5000.17858  0.285  0.119 5.096  0.112 3.941
OGLE-BLG-RRLYR-13888  15.665 16.750  0.25709520 0.00000006  5000.20028  0.231  0.125 4.658  0.083 3.624
OGLE-BLG-RRLYR-13889  15.853 17.105  0.28088022 0.00000007  5000.26332  0.286  0.158 4.733  0.101 3.288
OGLE-BLG-RRLYR-13890  15.220 15.996  0.26376497 0.00000037  5000.18477  0.199  0.102 4.546  0.057 4.019
OGLE-BLG-RRLYR-13892  16.099 17.206  0.28729120 0.00000060  5000.06780  0.267  0.132 4.886  0.104 3.658
OGLE-BLG-RRLYR-13898  15.135 16.199  0.31553959 0.00000074  5000.30588  0.237  0.115 4.938  0.057 4.657
OGLE-BLG-RRLYR-13907  16.052 17.465  0.32900501 0.00000016  5000.17160  0.258  0.098 4.970  0.067 4.204
OGLE-BLG-RRLYR-13911  15.812 16.651  0.24995642 0.00000006  5000.13006  0.252  0.140 4.766  0.083 3.611
OGLE-BLG-RRLYR-13917  16.041 17.189  0.31209203 0.00000013  5000.16066  0.229  0.088 5.013  0.037 3.828
OGLE-BLG-RRLYR-13918  15.940 16.947  0.26729508 0.00000042  5000.01196  0.277  0.168 4.909  0.093 3.183
OGLE-BLG-RRLYR-13924  16.869 17.624  0.37190187 0.00000153  5000.06545  0.311  0.070 4.638  0.000   -  
OGLE-BLG-RRLYR-13925  14.859 15.795  0.33837082 0.00000077  5000.20450  0.226  0.058 5.085  0.039 4.411
OGLE-BLG-RRLYR-13932  16.270 17.318  0.22731012 0.00000007  5000.07293  0.237  0.144 4.628  0.089 3.309
OGLE-BLG-RRLYR-13941  16.239 17.378  0.30638048 0.00000016  5000.16882  0.250  0.093 5.262  0.071 4.457
OGLE-BLG-RRLYR-13946  16.010 17.052  0.36600014 0.00000034  5000.27985  0.134  0.078 5.109  0.037 3.814
OGLE-BLG-RRLYR-13952  16.439 17.843  0.24704218 0.00000015  5000.10575  0.204  0.131 4.777  0.020 3.148
OGLE-BLG-RRLYR-13955  15.831 17.265  0.38727442 0.00000026  5000.31376  0.262  0.027 5.802  0.081 5.104
OGLE-BLG-RRLYR-13957  16.157 17.878  0.38939089 0.00000039  5000.19336  0.246  0.032 5.960  0.046 4.710
OGLE-BLG-RRLYR-13960  15.238 16.329  0.32747944 0.00000005  5000.14170  0.288  0.102 5.182  0.068 4.082
OGLE-BLG-RRLYR-13961  15.450 16.151  0.30980287 0.00000051  5000.22007  0.188  0.058 4.926  0.047 3.939
OGLE-BLG-RRLYR-13962  16.682 17.873  0.31747054 0.00000029  5000.30584  0.260  0.104 5.054  0.072 4.553
OGLE-BLG-RRLYR-13963  16.450    -    0.23664899 0.00000009  5000.22817  0.224  0.159 4.699  0.093 3.305
OGLE-BLG-RRLYR-13966  15.915 17.099  0.32365034 0.00000524  5000.28330  0.423  0.135 4.603  0.153 3.897
OGLE-BLG-RRLYR-13969  16.204 17.407  0.24373525 0.00000017  5000.01088  0.260  0.149 4.796  0.085 3.446
OGLE-BLG-RRLYR-13970  15.696 16.550  0.31549238 0.00000103  5000.28444  0.258  0.126 4.797  0.052 4.196
OGLE-BLG-RRLYR-13974  16.202 17.282  0.23929263 0.00000070  5000.06392  0.168  0.090 4.539  0.086 3.966
OGLE-BLG-RRLYR-13975  15.890 17.424  0.43649767 0.00000195  5000.35979  0.252  0.047 6.039  0.109 5.762
OGLE-BLG-RRLYR-13981  15.579 16.714  0.30351119 0.00000066  5000.20569  0.257  0.142 4.843  0.067 3.957
OGLE-BLG-RRLYR-13983  17.316 19.304  0.36378170 0.00000393  5000.17594  0.308  0.123 4.310  0.111 4.084
OGLE-BLG-RRLYR-13984  16.231 17.495  0.31809018 0.00000020  5000.13415  0.236  0.090 4.906  0.063 3.827
OGLE-BLG-RRLYR-13987  15.951 17.001  0.26813469 0.00000005  5000.05173  0.286  0.188 4.729  0.084 2.878
OGLE-BLG-RRLYR-13988  16.158 17.227  0.28400889 0.00000029  5000.21275  0.303  0.182 4.979  0.071 3.404
OGLE-BLG-RRLYR-13989  15.940 17.377  0.28837383 0.00000072  5000.23516  0.262  0.164 4.793  0.107 3.283
OGLE-BLG-RRLYR-13993  15.917 16.832  0.25648309 0.00000040  5000.00151  0.306  0.172 4.746  0.044 2.576
OGLE-BLG-RRLYR-14000  15.675 16.707  0.31287797 0.00000012  5000.11916  0.238  0.101 4.914  0.077 4.061
OGLE-BLG-RRLYR-14007  15.216 16.078  0.35050829 0.00000079  5000.22747  0.272  0.059 5.069  0.064 4.872
OGLE-BLG-RRLYR-14013  16.042 17.546  0.31991703 0.00000005  5000.23198  0.211  0.092 4.996  0.072 4.211
OGLE-BLG-RRLYR-14014  15.634 16.606  0.32149870 0.00000015  5000.13203  0.249  0.078 5.184  0.078 4.362
OGLE-BLG-RRLYR-14016  16.857 17.917  0.37921718 0.00000025  5000.06595  0.290  0.095 5.089  0.078 4.239
OGLE-BLG-RRLYR-14018  15.517 16.702  0.30711144 0.00000077  5000.14893  0.311  0.174 4.841  0.065 2.940
OGLE-BLG-RRLYR-14019  15.872 17.183  0.26796544 0.00000005  5000.04823  0.294  0.187 4.762  0.074 2.924
OGLE-BLG-RRLYR-14024  16.434 18.007  0.23479043 0.00000008  5000.18419  0.200  0.152 4.715  0.038 2.885
OGLE-BLG-RRLYR-14030  15.785 17.022  0.33366000 0.00000089  5000.33228  0.260  0.086 5.049  0.044 3.705
OGLE-BLG-RRLYR-14035  15.142 16.212  0.30548184 0.00000041  5000.26663  0.321  0.219 4.689  0.109 2.697
OGLE-BLG-RRLYR-14037  17.390 19.267  0.22830991 0.00000013  5000.19670  0.243  0.148 4.728  0.052 3.332
OGLE-BLG-RRLYR-14040  15.964 17.296  0.25704415 0.00000005  5000.18105  0.262  0.185 4.741  0.058 3.095
OGLE-BLG-RRLYR-14046  15.467 16.436  0.27932885 0.00000031  5000.26061  0.312  0.170 4.884  0.082 2.995
OGLE-BLG-RRLYR-14047  16.048 17.314  0.33628444 0.00000031  5000.18139  0.244  0.086 5.085  0.022 4.478
OGLE-BLG-RRLYR-14048  15.191 15.957  0.38292672 0.00000328  5000.03530  0.259  0.029 4.286  0.084 5.051
OGLE-BLG-RRLYR-14051  15.948 17.564  0.35644387 0.00000075  5000.11395  0.239  0.078 5.476  0.065 4.464
OGLE-BLG-RRLYR-14053  16.356 17.668  0.27043927 0.00000005  5000.07608  0.227  0.117 4.733  0.072 4.142
OGLE-BLG-RRLYR-14060  16.051 17.165  0.33141513 0.00000018  5000.08605  0.249  0.085 5.191  0.070 4.283
OGLE-BLG-RRLYR-14075  16.280 17.937  0.34975468 0.00000017  5000.23306  0.285  0.041 4.733  0.070 5.083
OGLE-BLG-RRLYR-14076  15.884 16.969  0.31171737 0.00000172  5000.28276  0.249  0.107 5.050  0.078 4.108
OGLE-BLG-RRLYR-14081  15.726 16.626  0.25314662 0.00000048  5000.17879  0.238  0.152 4.819  0.057 3.040
OGLE-BLG-RRLYR-14084  16.476 17.508  0.40712196 0.00000216  5000.31033  0.281  0.112 6.190  0.053 5.762
OGLE-BLG-RRLYR-14089  15.615 16.715  0.27519305 0.00000005  5000.05809  0.296  0.178 4.757  0.098 3.022
OGLE-BLG-RRLYR-14092  16.269 17.177  0.33954306 0.00000127  5000.02613  0.229  0.116 4.968  0.060 3.985
OGLE-BLG-RRLYR-14098  15.808 16.805  0.31356649 0.00000082  5000.16782  0.273  0.111 4.614  0.063 4.272
OGLE-BLG-RRLYR-14104  15.831 17.069  0.25426286 0.00000027  5000.07642  0.195  0.035 3.618  0.036 5.445
OGLE-BLG-RRLYR-14105  15.808 17.302  0.32235421 0.00000033  5000.01929  0.260  0.090 4.861  0.064 4.150
OGLE-BLG-RRLYR-14111  15.699 16.650  0.32736974 0.00000141  5000.10601  0.269  0.064 5.038  0.075 4.576
OGLE-BLG-RRLYR-14115  16.821 18.499  0.26363023 0.00000012  5000.13593  0.299  0.189 4.716  0.063 2.728
OGLE-BLG-RRLYR-14120  17.206 18.973  0.29647390 0.00000017  5000.19499  0.252  0.117 4.877  0.069 3.792
OGLE-BLG-RRLYR-14121  15.294 16.426  0.31790287 0.00000093  5000.21390  0.208  0.091 4.957  0.064 4.436
OGLE-BLG-RRLYR-14125  15.251 16.230  0.32504990 0.00000063  5000.00831  0.255  0.103 5.066  0.075 3.960
OGLE-BLG-RRLYR-14126  15.694 16.811  0.32435362 0.00000020  5000.05371  0.245  0.106 4.987  0.063 3.860
OGLE-BLG-RRLYR-14128  15.377 16.419  0.36797290 0.00000010  5000.16482  0.280  0.069 5.100  0.083 4.796
OGLE-BLG-RRLYR-14130  16.437 18.099  0.26985197 0.00000018  5000.24213  0.120  0.085 4.708  0.030 3.243
OGLE-BLG-RRLYR-14131  17.376 20.168  0.31050569 0.00000449  5000.24119  0.312  0.093 5.661  0.108 4.502
OGLE-BLG-RRLYR-14133  17.198 18.942  0.31847462 0.00000023  5000.18673  0.241  0.099 5.016  0.068 4.207
OGLE-BLG-RRLYR-14134  16.729 18.813  0.31581310 0.00000023  5000.01611  0.268  0.101 4.958  0.088 4.433
OGLE-BLG-RRLYR-14136  16.100 17.420  0.32004133 0.00000007  5000.00106  0.235  0.101 4.943  0.070 4.227
OGLE-BLG-RRLYR-14139  17.084 18.184  0.33697848 0.00000115  5000.09139  0.261  0.095 5.422  0.065 4.805
OGLE-BLG-RRLYR-14143  15.556 16.697  0.40970749 0.00000209  5000.08681  0.267  0.054 5.134  0.040 4.862
OGLE-BLG-RRLYR-14144  15.639 16.719  0.25850564 0.00000089  5000.17942  0.175  0.143 4.731  0.000   -  
OGLE-BLG-RRLYR-14147  15.477 16.303  0.22821970 0.00000008  5000.06913  0.250  0.154 4.759  0.050 2.756
OGLE-BLG-RRLYR-14151  17.411 19.503  0.23265173 0.00000121  5000.08984  0.227  0.169 4.867  0.091 4.431
OGLE-BLG-RRLYR-14152  16.255 17.381  0.30057144 0.00000068  5000.13913  0.268  0.128 4.845  0.073 3.983
OGLE-BLG-RRLYR-14159  16.052 17.359  0.26946782 0.00000014  5000.17488  0.289  0.169 4.875  0.087 3.118
OGLE-BLG-RRLYR-14162  15.498 17.013  0.28050194 0.00000005  5000.16178  0.169  0.138 4.683  0.055 3.168
OGLE-BLG-RRLYR-14166  15.842 16.641  0.31566075 0.00000076  5000.27269  0.254  0.103 4.789  0.073 4.251
OGLE-BLG-RRLYR-14175  16.302 18.282  0.34507958 0.00000080  5000.13771  0.261  0.159 4.972  0.066 2.895
OGLE-BLG-RRLYR-14180  15.905 16.841  0.31924613 0.00000433  5000.19293  0.254  0.109 0.230  0.157 5.075
OGLE-BLG-RRLYR-14181  14.524 15.740  0.27905846 0.00000077  5000.14860  0.105  0.232 4.705  0.104 3.173
OGLE-BLG-RRLYR-14190  16.051 17.503  0.31324431 0.00000013  5000.25929  0.244  0.088 4.894  0.072 4.267
OGLE-BLG-RRLYR-14198  16.391 17.381  0.35129923 0.00000023  5000.28040  0.263  0.072 4.955  0.052 4.414
OGLE-BLG-RRLYR-14200  15.966 17.057  0.29082538 0.00000008  5000.07173  0.262  0.113 4.873  0.073 4.020
OGLE-BLG-RRLYR-14202  15.256 16.120  0.35355224 0.00000072  5000.33694  0.284  0.118 4.821  0.023 4.085
OGLE-BLG-RRLYR-14209  15.730 16.915  0.31625880 0.00000077  5000.05698  0.258  0.107 5.127  0.069 4.147
OGLE-BLG-RRLYR-14211  16.758 19.070  0.32770075 0.00000018  5000.06837  0.204  0.095 5.158  0.072 4.546
OGLE-BLG-RRLYR-14216  16.548 18.534  0.31583590 0.00000152  5000.20186  0.241  0.090 4.609  0.058 4.241
OGLE-BLG-RRLYR-14220  16.462 17.756  0.28737749 0.00000006  5000.22162  0.292  0.146 4.814  0.081 3.444
OGLE-BLG-RRLYR-14229  16.197 17.508  0.32488428 0.00000008  5000.20421  0.246  0.084 5.205  0.070 4.283
OGLE-BLG-RRLYR-14233  15.041    -    0.34063275 0.00000458  5000.06460  0.264  0.144 4.785  0.105 3.009
OGLE-BLG-RRLYR-14234  15.456 16.296  0.37366959 0.00000015  5000.05315  0.236  0.022 4.940  0.051 4.617
OGLE-BLG-RRLYR-14240  15.252 16.343  0.32280215 0.00000098  5000.25445  0.258  0.088 4.815  0.069 4.542
OGLE-BLG-RRLYR-14244  15.020 16.343  0.29111464 0.00000011  5000.13902  0.149  0.154 4.744  0.101 3.382
OGLE-BLG-RRLYR-14245  15.667 16.728  0.31651645 0.00000078  5000.05325  0.237  0.083 5.194  0.073 4.225
OGLE-BLG-RRLYR-14249  16.191 17.540  0.32716449 0.00000117  5000.14797  0.246  0.130 5.077  0.042 3.874
OGLE-BLG-RRLYR-14256  16.037 17.236  0.31097645 0.00000009  5000.08524  0.222  0.086 5.027  0.046 3.888
OGLE-BLG-RRLYR-14257  15.656 16.854  0.33401450 0.00000015  5000.25336  0.274  0.078 4.998  0.071 4.518
OGLE-BLG-RRLYR-14259  14.159 15.053  0.23117664 0.00000019  5000.03800  0.236  0.119 4.617  0.049 3.109
OGLE-BLG-RRLYR-14260  15.816 16.883  0.26044005 0.00000054  5000.21866  0.309  0.197 4.764  0.033 2.784
OGLE-BLG-RRLYR-14263  15.746 16.779  0.31251017 0.00000080  5000.06483  0.264  0.116 4.747  0.063 4.284
OGLE-BLG-RRLYR-14265  16.347 18.000  0.31651173 0.00000155  5000.31339  0.255  0.119 5.303  0.114 4.347
OGLE-BLG-RRLYR-14273  13.987 15.106  0.38848613 0.00000024  5000.35710  0.259  0.040 5.537  0.076 4.707
OGLE-BLG-RRLYR-14276  15.874 17.018  0.25701347 0.00000005  5000.02439  0.290  0.193 4.743  0.051 2.889
OGLE-BLG-RRLYR-14277  16.573 18.373  0.28249173 0.00000012  5000.10151  0.288  0.159 4.778  0.103 3.226
OGLE-BLG-RRLYR-14283  15.973 16.708  0.24377710 0.00000037  5000.16907  0.248  0.130 4.610  0.095 3.333
OGLE-BLG-RRLYR-14286  15.896 17.043  0.33953593 0.00000043  5000.32665  0.275  0.070 5.020  0.067 4.474
OGLE-BLG-RRLYR-14290  16.084 17.107  0.31413269 0.00000079  5000.10440  0.244  0.083 4.905  0.086 3.844
OGLE-BLG-RRLYR-14291  16.271 17.425  0.33005631 0.00000045  5000.10509  0.170  0.159 4.884  0.105 3.306
OGLE-BLG-RRLYR-14292  15.743 16.690  0.31277092 0.00000009  5000.29920  0.256  0.102 4.924  0.080 4.033
OGLE-BLG-RRLYR-14294  14.157 14.985  0.41560009 0.00000170  5000.01062  0.283  0.077 5.702  0.065 4.845
OGLE-BLG-RRLYR-14297  15.574 16.496  0.36546328 0.00000130  5000.19725  0.243  0.038 5.558  0.070 4.878
OGLE-BLG-RRLYR-14301  16.155 17.405  0.31423522 0.00000014  5000.02466  0.240  0.108 4.973  0.071 4.150
OGLE-BLG-RRLYR-14303  15.700 16.830  0.32015930 0.00000086  5000.01039  0.268  0.095 4.935  0.071 4.288
OGLE-BLG-RRLYR-14305  15.752 16.643  0.29112012 0.00000066  5000.19267  0.277  0.134 4.686  0.080 3.648
OGLE-BLG-RRLYR-14307  15.736 16.680  0.34214973 0.00000016  5000.21878  0.281  0.088 4.975  0.084 4.165
OGLE-BLG-RRLYR-14308  16.052 17.226  0.27589612 0.00000024  5000.25341  0.272  0.162 4.725  0.054 3.317
OGLE-BLG-RRLYR-14309  15.009 15.822  0.28981480 0.00000018  5000.19106  0.288  0.210 4.760  0.066 2.914
OGLE-BLG-RRLYR-14312  16.272 17.163  0.27512926 0.00000009  5000.16237  0.238  0.202 4.517  0.037 2.896
OGLE-BLG-RRLYR-14314  15.933 17.432  0.33638277 0.00000043  5000.15071  0.295  0.072 4.945  0.061 4.699
OGLE-BLG-RRLYR-14315  15.704 16.643  0.31915284 0.00000092  5000.29138  0.264  0.083 4.789  0.065 4.354
OGLE-BLG-RRLYR-14328  17.630 19.396  0.25002635 0.00000186  5000.03667  0.238  0.129 4.501  0.000   -  
OGLE-BLG-RRLYR-14330  15.725 16.599  0.33801716 0.00000101  5000.07999  0.265  0.085 5.239  0.075 4.440
OGLE-BLG-RRLYR-14332  15.342 16.437  0.39433929 0.00000028  5000.15750  0.226  0.030 5.619  0.061 4.915
OGLE-BLG-RRLYR-14336  15.967 16.980  0.29959776 0.00000070  5000.07132  0.280  0.143 4.941  0.131 3.237
OGLE-BLG-RRLYR-14337  16.132 17.171  0.27856755 0.00000039  5000.15065  0.223  0.084 4.934  0.034 3.173
OGLE-BLG-RRLYR-14342  15.521 16.449  0.28645996 0.00000075  5000.24757  0.286  0.175 4.883  0.094 3.416
OGLE-BLG-RRLYR-14344  16.367 17.929  0.30933107 0.00000014  5000.21088  0.242  0.098 4.843  0.067 3.928
OGLE-BLG-RRLYR-14346  16.105 17.568  0.36016967 0.00000014  5000.09644  0.276  0.033 5.126  0.069 4.995
OGLE-BLG-RRLYR-14348  15.219 16.224  0.45998521 0.00000245  5000.13078  0.259  0.062 2.710  0.064 0.562
OGLE-BLG-RRLYR-14352  15.878 17.143  0.22674242 0.00000012  5000.00998  0.194  0.131 4.658  0.040 3.965
OGLE-BLG-RRLYR-14353  15.664 16.605  0.32252209 0.00000018  5000.17577  0.260  0.110 4.813  0.061 3.639
OGLE-BLG-RRLYR-14355  15.905 16.928  0.30234866 0.00000013  5000.11266  0.243  0.096 5.020  0.069 4.085
OGLE-BLG-RRLYR-14356  15.864 16.778  0.28429419 0.00000058  5000.14358  0.278  0.138 4.715  0.081 3.383
OGLE-BLG-RRLYR-14358  15.635 16.709  0.27175370 0.00000056  5000.22040  0.238  0.111 4.414  0.027 1.447
OGLE-BLG-RRLYR-14359  15.583 16.497  0.34989579 0.00000077  5000.06827  0.290  0.047 5.391  0.108 4.762
OGLE-BLG-RRLYR-14361  16.400 17.553  0.36652329 0.00000190  5000.10619  0.262  0.077 5.232  0.048 4.485
OGLE-BLG-RRLYR-14362  15.857    -    0.31479108 0.00000222  5000.15650  0.254  0.056 4.473  0.000   -  
OGLE-BLG-RRLYR-14363  16.981 18.188  0.28494563 0.00000062  5000.11556  0.193  0.238 5.663  0.155 4.145
OGLE-BLG-RRLYR-14364  15.688 16.688  0.33917433 0.00000016  5000.15151  0.219  0.058 5.380  0.045 3.924
OGLE-BLG-RRLYR-14367  16.017 17.596  0.30448000 0.00000103  5000.17560  0.287  0.146 4.986  0.098 4.003
OGLE-BLG-RRLYR-14380  16.370 17.806  0.33218957 0.00000007  5000.32989  0.286  0.078 5.428  0.071 4.178
OGLE-BLG-RRLYR-14384  15.895 17.439  0.31210390 0.00000040  5000.28671  0.292  0.146 5.015  0.097 3.823
OGLE-BLG-RRLYR-14385  17.356 19.473  0.29667593 0.00000125  5000.11090  0.267  0.144 4.755  0.111 3.797
OGLE-BLG-RRLYR-14387  16.497 18.170  0.30274203 0.00000132  5000.13245  0.272  0.151 4.872  0.113 3.606
OGLE-BLG-RRLYR-14388  15.412 16.324  0.37675825 0.00000186  5000.10631  0.304  0.025 5.205  0.070 4.836
OGLE-BLG-RRLYR-14392  16.232 17.513  0.34160760 0.00000016  5000.20594  0.287  0.158 4.794  0.083 3.462
OGLE-BLG-RRLYR-14393  16.400 17.972  0.29465972 0.00000011  5000.14426  0.241  0.110 4.789  0.085 4.087
OGLE-BLG-RRLYR-14399  15.646 16.773  0.28515283 0.00000043  5000.09680  0.314  0.149 4.842  0.084 3.251
OGLE-BLG-RRLYR-14402  15.176 16.540  0.22033511 0.00000018  5000.20464  0.082  0.151 5.390  0.061 1.954
OGLE-BLG-RRLYR-14404  16.401 17.644  0.24538381 0.00000005  5000.19937  0.183  0.101 4.746  0.047 4.381
OGLE-BLG-RRLYR-14407  16.077 17.257  0.30443294 0.00000012  5000.30206  0.230  0.113 4.928  0.052 3.646
OGLE-BLG-RRLYR-14409  15.581 16.704  0.35463472 0.00000014  5000.01536  0.276  0.062 5.290  0.069 4.220
OGLE-BLG-RRLYR-14411  16.215 17.422  0.31929217 0.00000107  5000.19116  0.261  0.094 4.907  0.089 4.330
OGLE-BLG-RRLYR-14412  16.818 18.002  0.28490196 0.00000008  5000.26924  0.267  0.143 4.927  0.069 3.452
OGLE-BLG-RRLYR-14426  15.512 16.650  0.32084346 0.00000022  5000.27945  0.262  0.086 5.094  0.072 4.251
OGLE-BLG-RRLYR-14429  15.761 16.671  0.25593814 0.00000080  5000.17575  0.178  0.112 5.000  0.052 2.988
OGLE-BLG-RRLYR-14430  15.675 16.730  0.30559955 0.00000180  5000.15211  0.239  0.137 4.552  0.151 3.891
OGLE-BLG-RRLYR-14431  15.951 17.034  0.31606901 0.00000169  5000.00755  0.269  0.124 4.836  0.075 4.485
OGLE-BLG-RRLYR-14433  17.454 19.469  0.30772719 0.00000024  5000.10916  0.251  0.073 5.050  0.086 4.181
OGLE-BLG-RRLYR-14435  15.876 17.007  0.32115032 0.00000015  5000.20725  0.253  0.078 4.968  0.062 4.500
OGLE-BLG-RRLYR-14446  16.410 17.451  0.25141404 0.00000009  5000.22695  0.244  0.163 4.824  0.037 2.978
OGLE-BLG-RRLYR-14454  15.232 16.254  0.34417789 0.00000093  5000.07367  0.281  0.060 5.278  0.048 4.379
OGLE-BLG-RRLYR-14455  15.753 16.763  0.25645498 0.00000206  5000.10473  0.237  0.053 3.775  0.058 5.476
OGLE-BLG-RRLYR-14459  15.873 17.101  0.28188240 0.00000060  5000.04974  0.259  0.113 4.767  0.069 4.427
OGLE-BLG-RRLYR-14462  14.441 15.807  0.27733347 0.00000006  5000.21954  0.298  0.175 4.743  0.105 3.040
OGLE-BLG-RRLYR-14463  16.191 17.903  0.34877504 0.00000019  5000.19013  0.274  0.083 5.114  0.050 4.075
OGLE-BLG-RRLYR-14467  15.980 17.117  0.26591262 0.00000010  5000.12662  0.240  0.124 4.739  0.066 4.069
OGLE-BLG-RRLYR-14469  15.831 16.790  0.27107655 0.00000071  5000.20860  0.285  0.175 4.736  0.105 2.906
OGLE-BLG-RRLYR-14471  16.418 17.462  0.32218563 0.00000026  5000.27142  0.271  0.094 4.947  0.084 4.449
OGLE-BLG-RRLYR-14472  15.538 16.433  0.25695020 0.00000006  5000.16573  0.277  0.170 4.724  0.042 2.949
OGLE-BLG-RRLYR-14474  16.030 17.421  0.26142166 0.00000003  5000.12972  0.276  0.191 4.782  0.065 3.019
OGLE-BLG-RRLYR-14479  15.723 16.792  0.25216298 0.00000007  5000.02992  0.213  0.079 4.762  0.044 4.594
OGLE-BLG-RRLYR-14483  16.001 17.364  0.31953304 0.00000009  5000.17450  0.235  0.092 5.085  0.066 4.349
OGLE-BLG-RRLYR-14487  16.409 17.677  0.25798834 0.00000052  5000.07498  0.169  0.048 4.631  0.000   -  
OGLE-BLG-RRLYR-14488  16.837 18.257  0.26612712 0.00000004  5000.01308  0.289  0.202 4.768  0.078 2.976
OGLE-BLG-RRLYR-14495  16.180 17.481  0.28983379 0.00000004  5000.22304  0.288  0.143 4.775  0.095 3.428
OGLE-BLG-RRLYR-14498  15.717 16.706  0.29350193 0.00000049  5000.09273  0.263  0.135 4.636  0.094 3.587
OGLE-BLG-RRLYR-14501  16.414 17.998  0.24433635 0.00000040  5000.22669  0.213  0.167 4.516  0.062 3.166
OGLE-BLG-RRLYR-14502  14.951 15.789  0.29470640 0.00000007  5000.04605  0.249  0.120 4.693  0.082 3.679
OGLE-BLG-RRLYR-14503  15.551 16.612  0.32637984 0.00000091  5000.13889  0.274  0.202 4.610  0.044 2.853
OGLE-BLG-RRLYR-14504  16.160 17.786  0.31298558 0.00000015  5000.01777  0.227  0.096 4.943  0.065 4.015
OGLE-BLG-RRLYR-14509  15.875 16.649  0.32231816 0.00000084  5000.09808  0.242  0.084 5.204  0.037 3.750
OGLE-BLG-RRLYR-14510  17.061 18.655  0.29828198 0.00000007  5000.12420  0.252  0.122 4.864  0.086 3.788
OGLE-BLG-RRLYR-14512  14.951 15.963  0.40720935 0.00000177  5000.22906  0.143  0.030 3.353  0.081 2.958
OGLE-BLG-RRLYR-14518  16.397 17.468  0.33683854 0.00000023  5000.11627  0.277  0.104 5.204  0.051 4.279
OGLE-BLG-RRLYR-14520  16.166 17.170  0.24992359 0.00000012  5000.07366  0.187  0.130 4.718  0.026 2.995
OGLE-BLG-RRLYR-14521  15.911 16.847  0.37061739 0.00000080  5000.03488  0.224  0.060 4.530  0.000   -  
OGLE-BLG-RRLYR-14527  17.821 19.174  0.20917983 0.00000116  5000.00405  0.214  0.000   -    0.000   -  
OGLE-BLG-RRLYR-14529  15.542 16.922  0.32719978 0.00000014  5000.18470  0.262  0.103 5.048  0.079 4.252
OGLE-BLG-RRLYR-14533  16.453 17.783  0.35347385 0.00000023  5000.29483  0.251  0.063 5.186  0.073 4.742
OGLE-BLG-RRLYR-14541  15.685 16.687  0.39314273 0.00000173  5000.24985  0.119  0.063 5.077  0.040 5.400
OGLE-BLG-RRLYR-14542  15.869 17.023  0.31023447 0.00000058  5000.06947  0.285  0.169 4.982  0.053 3.452
OGLE-BLG-RRLYR-14547  15.739 16.568  0.29877136 0.00000072  5000.07159  0.218  0.143 4.839  0.034 3.134
OGLE-BLG-RRLYR-14549  15.954 16.933  0.26781545 0.00000040  5000.24432  0.294  0.170 4.925  0.066 3.067
OGLE-BLG-RRLYR-14553  15.616 17.040  0.32580876 0.00000009  5000.18010  0.236  0.110 5.023  0.079 3.981
OGLE-BLG-RRLYR-14554  16.183 17.511  0.32352627 0.00000011  5000.26055  0.205  0.081 5.057  0.000   -  
OGLE-BLG-RRLYR-14555  15.730 16.847  0.35436457 0.00000058  5000.13027  0.271  0.055 5.610  0.076 4.746
OGLE-BLG-RRLYR-14557  15.876 16.977  0.25280961 0.00000005  5000.14867  0.254  0.167 4.703  0.051 2.989
OGLE-BLG-RRLYR-14560  15.694 16.654  0.31160161 0.00000061  5000.24560  0.260  0.219 4.364  0.045 2.402
OGLE-BLG-RRLYR-14562  15.568 16.517  0.36772481 0.00000150  5000.13868  0.254  0.071 5.461  0.071 4.694
OGLE-BLG-RRLYR-14564  16.513 17.958  0.30496770 0.00000018  5000.20916  0.231  0.096 4.890  0.060 4.106
OGLE-BLG-RRLYR-14572  15.023 16.008  0.22249742 0.00000019  5000.11081  0.093  0.139 4.421  0.026 1.819
OGLE-BLG-RRLYR-14574  15.126 16.426  0.25164432 0.00000004  5000.20133  0.211  0.142 4.700  0.029 2.866
OGLE-BLG-RRLYR-14575  16.089 17.011  0.31541457 0.00000098  5000.13108  0.260  0.105 5.021  0.050 4.160
OGLE-BLG-RRLYR-14576  16.611 18.529  0.35192687 0.00000173  5000.22789  0.277  0.147 5.095  0.047 3.960
OGLE-BLG-RRLYR-14579  14.848 15.730  0.34750944 0.00000091  5000.02103  0.184  0.101 4.964  0.030 3.960
OGLE-BLG-RRLYR-14580  15.588 17.007  0.36857721 0.00000139  5000.14169  0.251  0.048 5.772  0.079 5.185
OGLE-BLG-RRLYR-14581  15.878 17.212  0.31787575 0.00000010  5000.12708  0.243  0.097 4.898  0.061 4.192
OGLE-BLG-RRLYR-14582  15.722 16.621  0.33298826 0.00000115  5000.18139  0.270  0.108 4.971  0.076 3.976
OGLE-BLG-RRLYR-14588  14.740 15.868  0.34296330 0.00000082  5000.16645  0.285  0.060 4.978  0.051 4.774
OGLE-BLG-RRLYR-14594  15.941 17.878  0.45304141 0.00000147  5000.11909  0.232  0.100 3.515  0.073 1.120
OGLE-BLG-RRLYR-14603  15.476 16.531  0.35181677 0.00000011  5000.18089  0.290  0.101 5.283  0.068 4.072
OGLE-BLG-RRLYR-14604  15.564 16.457  0.31438566 0.00000077  5000.27692  0.245  0.109 4.901  0.052 4.326
OGLE-BLG-RRLYR-14608  17.281 19.199  0.29375966 0.00000111  5000.05978  0.317  0.153 5.113  0.070 3.862
OGLE-BLG-RRLYR-14609  16.011 16.858  0.30157471 0.00000012  5000.06306  0.259  0.118 4.820  0.086 3.697
OGLE-BLG-RRLYR-14610  15.677 16.804  0.31525549 0.00000086  5000.20623  0.238  0.099 4.850  0.070 4.159
OGLE-BLG-RRLYR-14616  15.715 16.493  0.34993702 0.00000057  5000.11590  0.250  0.074 5.556  0.073 4.478
OGLE-BLG-RRLYR-14619  15.973 17.032  0.23474851 0.00000007  5000.10269  0.193  0.117 4.662  0.017 3.047
OGLE-BLG-RRLYR-14620  16.425 17.373  0.22280177 0.00000009  5000.14807  0.219  0.137 4.512  0.069 3.266
OGLE-BLG-RRLYR-14624  16.458 18.211  0.31407388 0.00000014  5000.09303  0.272  0.116 4.853  0.073 4.194
OGLE-BLG-RRLYR-14632  16.651 18.218  0.29903522 0.00000026  5000.22203  0.284  0.117 4.843  0.100 3.809
OGLE-BLG-RRLYR-14639  16.434 17.474  0.23022157 0.00000009  5000.18842  0.261  0.173 4.761  0.048 3.106
OGLE-BLG-RRLYR-14641  16.124 17.445  0.25722399 0.00000006  5000.17810  0.278  0.155 4.789  0.087 3.217
OGLE-BLG-RRLYR-14643  14.817 15.792  0.31802896 0.00000032  5000.26213  0.221  0.061 5.154  0.034 4.653
OGLE-BLG-RRLYR-14651  16.708 18.110  0.31659892 0.00000070  5000.04006  0.307  0.191 4.930  0.075 3.217
OGLE-BLG-RRLYR-14658  15.280 16.333  0.44601465 0.00000156  5000.38798  0.239  0.030 3.212  0.045 5.163
OGLE-BLG-RRLYR-14660  15.875 17.166  0.35433925 0.00000026  5000.25847  0.254  0.022 0.043  0.068 5.382
OGLE-BLG-RRLYR-14661  15.442 16.427  0.28632293 0.00000008  5000.13412  0.230  0.100 4.869  0.069 4.317
OGLE-BLG-RRLYR-14665  16.249 17.102  0.31676624 0.00000095  5000.15618  0.243  0.098 4.913  0.084 4.028
OGLE-BLG-RRLYR-14667  15.556 16.595  0.26663102 0.00000004  5000.11733  0.265  0.187 4.756  0.079 2.903
OGLE-BLG-RRLYR-14669  15.742 16.616  0.30056774 0.00000068  5000.21547  0.259  0.117 4.920  0.085 4.162
OGLE-BLG-RRLYR-14672  15.233 16.015  0.32386596 0.00000056  5000.03735  0.241  0.075 4.645  0.020 3.529
OGLE-BLG-RRLYR-14674  15.506 16.554  0.35669100 0.00001253  5000.15624  0.212  0.000   -    0.045 4.015
OGLE-BLG-RRLYR-14675  15.969 17.069  0.31582065 0.00000015  5000.15295  0.255  0.106 4.999  0.078 4.295
OGLE-BLG-RRLYR-14677  15.796 16.947  0.29520408 0.00000009  5000.18593  0.240  0.125 4.724  0.078 3.654
OGLE-BLG-RRLYR-14679  15.315 16.176  0.37163506 0.00000255  5000.07475  0.225  0.096 0.821  0.099 4.416
OGLE-BLG-RRLYR-14680  15.248 16.503  0.32210194 0.00000007  5000.05328  0.241  0.105 4.988  0.067 4.235
OGLE-BLG-RRLYR-14685  15.191 16.091  0.25926968 0.00000049  5000.14091  0.130  0.074 4.528  0.030 2.629
OGLE-BLG-RRLYR-14686  16.224 17.596  0.27007451 0.00000005  5000.08932  0.229  0.090 5.002  0.047 4.437
OGLE-BLG-RRLYR-14687  16.610 18.157  0.27104124 0.00000006  5000.15735  0.229  0.110 4.815  0.062 3.825
OGLE-BLG-RRLYR-14691  15.606 16.512  0.34003101 0.00000090  5000.24593  0.169  0.049 5.064  0.000   -  
OGLE-BLG-RRLYR-14696  15.715 16.597  0.33833583 0.00000471  5000.11626  0.269  0.107 5.292  0.000   -  
OGLE-BLG-RRLYR-14698  14.315 15.204  0.33536360 0.00000070  5000.28564  0.253  0.097 5.110  0.084 4.073
OGLE-BLG-RRLYR-14701  15.134    -    0.42804599 0.00000565  5000.03394  0.273  0.034 2.414  0.074 5.912
OGLE-BLG-RRLYR-14709  14.720 15.498  0.36003491 0.00000178  5000.00829  0.273  0.105 5.157  0.060 3.919
OGLE-BLG-RRLYR-14710  16.118 17.025  0.23298538 0.00000034  5000.04914  0.241  0.161 4.654  0.052 3.050
OGLE-BLG-RRLYR-14712  15.107 16.195  0.31592660 0.00000069  5000.30993  0.259  0.160 4.852  0.073 3.327
OGLE-BLG-RRLYR-14714  15.236 16.065  0.36117648 0.00000216  5000.26909  0.244  0.095 5.008  0.047 3.968
OGLE-BLG-RRLYR-14721  15.897 16.956  0.25807583 0.00000005  5000.13156  0.280  0.194 4.759  0.054 2.952
OGLE-BLG-RRLYR-14723  15.955 17.205  0.40057951 0.00000141  5000.09366  0.235  0.071 5.322  0.087 4.567
OGLE-BLG-RRLYR-14728  16.170 17.118  0.25342454 0.00000011  5000.05915  0.182  0.096 4.906  0.049 4.549
OGLE-BLG-RRLYR-14730  16.958 18.771  0.27061307 0.00000091  5000.02818  0.250  0.113 4.687  0.074 4.209
OGLE-BLG-RRLYR-14731  14.833 15.773  0.33148812 0.00000008  5000.04547  0.279  0.128 4.787  0.070 3.661
OGLE-BLG-RRLYR-14735  15.746 16.756  0.31390965 0.00000012  5000.09958  0.254  0.102 4.926  0.064 4.089
OGLE-BLG-RRLYR-14737  15.711 16.827  0.26737390 0.00000027  5000.21621  0.236  0.115 4.907  0.088 4.310
OGLE-BLG-RRLYR-14738  15.790 16.648  0.28075611 0.00000035  5000.01685  0.294  0.169 4.799  0.109 3.171
OGLE-BLG-RRLYR-14744  16.053 17.277  0.29256441 0.00000007  5000.23324  0.270  0.122 4.774  0.080 3.741
OGLE-BLG-RRLYR-14751  15.526 16.598  0.33825868 0.00000058  5000.13139  0.259  0.104 5.250  0.057 4.368
OGLE-BLG-RRLYR-14753  15.955 17.565  0.42368912 0.00000057  5000.33869  0.216  0.044 0.857  0.080 5.169
OGLE-BLG-RRLYR-14765  15.072 16.036  0.32263042 0.00000040  5000.26537  0.258  0.123 5.138  0.087 3.625
OGLE-BLG-RRLYR-14769  15.179 16.031  0.33117877 0.00000084  5000.23129  0.258  0.109 5.066  0.074 4.168
OGLE-BLG-RRLYR-14770  17.638 18.512  0.29482805 0.00000130  5000.20624  0.261  0.100 4.841  0.078 3.435
OGLE-BLG-RRLYR-14773  16.546 18.137  0.30655670 0.00000022  5000.15439  0.272  0.144 4.958  0.080 3.757
OGLE-BLG-RRLYR-14775  15.968 17.243  0.33467113 0.00000010  5000.03962  0.279  0.127 5.117  0.082 3.833
OGLE-BLG-RRLYR-14777  15.641 16.501  0.31097866 0.00000070  5000.16054  0.255  0.103 4.913  0.076 3.823
OGLE-BLG-RRLYR-14781  16.012 17.451  0.35405880 0.00000016  5000.28303  0.292  0.130 5.084  0.074 4.100
OGLE-BLG-RRLYR-14785  16.262 17.224  0.34250829 0.00000146  5000.30692  0.294  0.180 4.926  0.083 3.382
OGLE-BLG-RRLYR-14792  15.571 16.614  0.31861888 0.00000068  5000.02321  0.229  0.086 5.032  0.067 4.439
OGLE-BLG-RRLYR-14793  15.754 16.854  0.29169582 0.00000010  5000.18854  0.281  0.192 5.041  0.069 3.155
OGLE-BLG-RRLYR-14796  15.446 16.240  0.32726320 0.00000104  5000.01668  0.262  0.108 5.010  0.079 3.601
OGLE-BLG-RRLYR-14801  15.049 15.961  0.38638360 0.00000240  5000.00534  0.276  0.043 3.754  0.046 4.749
OGLE-BLG-RRLYR-14807  17.758 19.061  0.28064144 0.00000035  5000.07352  0.161  0.193 4.536  0.000   -  
OGLE-BLG-RRLYR-14808  16.063 17.208  0.28193391 0.00000016  5000.22130  0.220  0.041 4.312  0.012 4.747
OGLE-BLG-RRLYR-14809  15.561 16.505  0.36098437 0.00000223  5000.17942  0.247  0.089 5.130  0.049 4.529
OGLE-BLG-RRLYR-14810  16.148 17.005  0.25225989 0.00000043  5000.01933  0.124  0.085 3.926  0.000   -  
OGLE-BLG-RRLYR-14812  15.802 17.041  0.31942983 0.00000006  5000.24251  0.258  0.097 4.944  0.069 4.272
OGLE-BLG-RRLYR-14819  15.931 17.053  0.32207429 0.00000012  5000.12027  0.243  0.093 5.065  0.063 4.254
OGLE-BLG-RRLYR-14824  16.216 17.421  0.32770532 0.00000108  5000.29310  0.252  0.091 5.003  0.071 4.512
OGLE-BLG-RRLYR-14825  15.296 16.448  0.41746499 0.00000025  5000.37817  0.238  0.033 3.317  0.038 5.740
OGLE-BLG-RRLYR-14826  15.912 16.860  0.29329528 0.00000076  5000.07722  0.278  0.133 4.597  0.091 3.517
OGLE-BLG-RRLYR-14837  15.913 16.825  0.24916821 0.00000007  5000.02825  0.177  0.117 4.741  0.030 3.155
OGLE-BLG-RRLYR-14839  16.252 17.365  0.29050183 0.00000008  5000.01012  0.275  0.149 4.970  0.082 3.588
OGLE-BLG-RRLYR-14840  15.563 16.575  0.26389960 0.00000004  5000.16756  0.281  0.168 4.881  0.057 3.197
OGLE-BLG-RRLYR-14842  15.574 16.498  0.30788860 0.00000125  5000.02742  0.320  0.133 5.042  0.056 4.376
OGLE-BLG-RRLYR-14844  15.368 16.329  0.28180252 0.00000043  5000.01933  0.242  0.116 4.936  0.110 3.215
OGLE-BLG-RRLYR-14853  17.318 18.932  0.31551531 0.00000029  5000.04482  0.252  0.088 4.638  0.085 4.081
OGLE-BLG-RRLYR-14863  15.713 16.667  0.38060186 0.00000027  5000.14426  0.259  0.057 5.179  0.071 4.666
OGLE-BLG-RRLYR-14869  16.092 17.361  0.22073100 0.00000004  5000.20013  0.165  0.109 4.830  0.027 3.751
OGLE-BLG-RRLYR-14877  16.525 17.965  0.26827925 0.00000083  5000.00236  0.334  0.186 4.716  0.000   -  
OGLE-BLG-RRLYR-14888  15.599 16.500  0.31248693 0.00000069  5000.30361  0.244  0.088 5.035  0.051 4.014
OGLE-BLG-RRLYR-14889  15.640 16.739  0.27218216 0.00000007  5000.26757  0.281  0.182 4.860  0.075 3.065
OGLE-BLG-RRLYR-14890  15.966 17.313  0.32848106 0.00000017  5000.04231  0.287  0.076 4.999  0.072 4.342
OGLE-BLG-RRLYR-14899  15.591 16.508  0.29192642 0.00000008  5000.10770  0.237  0.102 4.958  0.076 4.176
OGLE-BLG-RRLYR-14902  15.852 16.765  0.25619596 0.00000004  5000.02308  0.283  0.159 4.728  0.091 3.021
OGLE-BLG-RRLYR-14903  15.612 16.608  0.29645868 0.00000058  5000.15288  0.261  0.069 4.691  0.032 3.782
OGLE-BLG-RRLYR-14904  15.182 16.499  0.27601704 0.00000042  5000.24273  0.155  0.149 4.790  0.082 3.411
OGLE-BLG-RRLYR-14910  14.916 15.748  0.36609519 0.00000161  5000.20981  0.300  0.054 5.464  0.057 4.501
OGLE-BLG-RRLYR-14911  15.495 16.380  0.29699581 0.00000058  5000.19297  0.271  0.128 4.943  0.064 3.785
OGLE-BLG-RRLYR-14917  15.783 16.876  0.30481407 0.00000011  5000.26486  0.249  0.108 4.906  0.081 3.942
OGLE-BLG-RRLYR-14920  16.195 17.279  0.23417699 0.00000015  5000.00416  0.207  0.118 4.668  0.056 3.864
OGLE-BLG-RRLYR-14921  17.019 17.897  0.25749463 0.00000016  5000.13070  0.179  0.081 4.930  0.070 4.579
OGLE-BLG-RRLYR-14924  15.140 16.056  0.31685518 0.00000088  5000.17070  0.159  0.119 4.845  0.069 3.963
OGLE-BLG-RRLYR-14926  15.996 17.546  0.24858118 0.00000016  5000.13450  0.183  0.068 3.490  0.022 0.769
OGLE-BLG-RRLYR-14932  15.672 16.888  0.31705645 0.00000011  5000.20729  0.172  0.087 5.104  0.019 3.733
OGLE-BLG-RRLYR-14933  15.633 16.947  0.31667067 0.00000084  5000.27010  0.243  0.073 5.019  0.067 3.943
OGLE-BLG-RRLYR-14936  16.211 17.747  0.22258115 0.00000021  5000.20366  0.107  0.237 3.917  0.113 3.199
OGLE-BLG-RRLYR-14939  15.624 16.688  0.36280131 0.00000015  5000.07205  0.191  0.051 5.298  0.033 4.243
OGLE-BLG-RRLYR-14942  15.657 16.894  0.33675552 0.00000111  5000.24312  0.248  0.077 5.123  0.073 4.769
OGLE-BLG-RRLYR-14948  16.192 17.429  0.26345779 0.00000013  5000.18732  0.277  0.181 4.811  0.074 2.957
OGLE-BLG-RRLYR-14952  17.420 18.214  0.32979673 0.00000335  5000.16033  0.272  0.000   -    0.079 3.319
OGLE-BLG-RRLYR-14954  16.736    -    0.31809567 0.00000417  5000.00007  0.273  0.084 5.497  0.129 4.405
OGLE-BLG-RRLYR-14957  15.955 17.189  0.29433385 0.00000009  5000.11825  0.209  0.100 4.926  0.037 3.778
OGLE-BLG-RRLYR-14962  15.599 16.711  0.31750534 0.00000095  5000.27791  0.244  0.095 5.054  0.056 4.426
OGLE-BLG-RRLYR-14967  14.927 15.411  0.35071541 0.00000280  5000.33178  0.316  0.135 4.929  0.082 3.766
OGLE-BLG-RRLYR-14972  15.147 16.152  0.40275830 0.00000225  5000.37611  0.226  0.034 4.639  0.097 5.765
OGLE-BLG-RRLYR-14973  15.595 16.546  0.34949414 0.00000085  5000.29549  0.274  0.055 5.114  0.076 4.716
OGLE-BLG-RRLYR-14977  16.006 17.516  0.39579691 0.00000027  5000.13204  0.211  0.034 5.927  0.070 4.275
OGLE-BLG-RRLYR-14981  15.728 16.686  0.32054042 0.00000076  5000.27386  0.261  0.102 5.027  0.079 4.150
OGLE-BLG-RRLYR-14991  15.423 16.486  0.34352835 0.00000086  5000.17828  0.280  0.081 5.410  0.080 4.653
OGLE-BLG-RRLYR-14994  15.612 16.629  0.31177026 0.00000066  5000.23173  0.252  0.099 4.975  0.082 4.052
OGLE-BLG-RRLYR-14998  16.195 17.492  0.28782369 0.00000006  5000.08928  0.276  0.153 4.757  0.100 3.417
OGLE-BLG-RRLYR-15003  16.646 18.642  0.28343657 0.00000049  5000.18978  0.296  0.164 4.908  0.110 3.386
OGLE-BLG-RRLYR-15015  18.044 19.084  0.31579224 0.00000032  5000.26270  0.315  0.199 4.829  0.091 2.916
OGLE-BLG-RRLYR-15020  16.403 17.292  0.31412313 0.00000105  5000.23911  0.272  0.117 5.022  0.075 3.930
OGLE-BLG-RRLYR-15031  15.577 16.785  0.27584394 0.00000006  5000.07577  0.287  0.185 4.747  0.089 3.088
OGLE-BLG-RRLYR-15035  15.576 16.602  0.40667602 0.00000212  5000.37489  0.235  0.038 6.256  0.055 5.097
OGLE-BLG-RRLYR-15036  15.674 16.761  0.32000202 0.00000106  5000.14854  0.245  0.095 4.650  0.083 3.801
OGLE-BLG-RRLYR-15041  15.742 16.692  0.36615785 0.00000036  5000.20478  0.249  0.026 5.619  0.048 4.929
OGLE-BLG-RRLYR-15045  15.855 16.864  0.31763635 0.00000078  5000.24571  0.255  0.087 4.557  0.064 4.629
OGLE-BLG-RRLYR-15047  15.739 16.907  0.29429334 0.00000078  5000.02731  0.253  0.144 4.865  0.088 3.847
OGLE-BLG-RRLYR-15051  16.762 17.725  0.40661344 0.00000071  5000.26179  0.215  0.000   -    0.000   -  
OGLE-BLG-RRLYR-15052  15.624 16.637  0.33298884 0.00000257  5000.07031  0.242  0.038 3.183  0.074 2.193
OGLE-BLG-RRLYR-15053  15.938 17.408  0.29611419 0.00000010  5000.02557  0.279  0.138 4.848  0.098 3.671
OGLE-BLG-RRLYR-15057  15.501 16.437  0.26504134 0.00000025  5000.25250  0.298  0.183 4.722  0.070 2.939
OGLE-BLG-RRLYR-15059  15.777 16.968  0.26587822 0.00000166  5000.11927  0.196  0.134 5.534  0.000   -  
OGLE-BLG-RRLYR-15065  15.569 16.519  0.30114658 0.00000144  5000.10418  0.287  0.178 4.941  0.104 4.080
OGLE-BLG-RRLYR-15070  15.281 16.032  0.38512136 0.00000142  5000.23522  0.278  0.038 6.204  0.064 5.190
OGLE-BLG-RRLYR-15072  15.743 16.729  0.31749394 0.00000041  5000.07508  0.257  0.107 4.831  0.052 4.576
OGLE-BLG-RRLYR-15082  17.040 18.278  0.27498619 0.00000015  5000.24387  0.218  0.090 4.944  0.000   -  
OGLE-BLG-RRLYR-15086  16.448 17.368  0.26459980 0.00000045  5000.15364  0.180  0.116 4.091  0.000   -  
OGLE-BLG-RRLYR-15087  15.427 16.738  0.31771113 0.00000008  5000.14738  0.228  0.102 4.914  0.068 4.142
OGLE-BLG-RRLYR-15091  17.202 18.572  0.30789457 0.00000009  5000.04122  0.282  0.230 4.575  0.000   -  
OGLE-BLG-RRLYR-15093  15.874 16.861  0.25615904 0.00000006  5000.00888  0.259  0.147 4.695  0.083 3.419
OGLE-BLG-RRLYR-15100  15.969 17.080  0.31412594 0.00000067  5000.13988  0.287  0.097 4.891  0.101 4.328
OGLE-BLG-RRLYR-15101  16.113 17.159  0.22759144 0.00000002  5000.19683  0.245  0.147 4.717  0.075 3.359
OGLE-BLG-RRLYR-15102  15.182 16.393  0.41765174 0.00000142  5000.16402  0.293  0.066 5.370  0.087 4.499
OGLE-BLG-RRLYR-15106  15.662 16.691  0.28231007 0.00000005  5000.01323  0.276  0.167 4.797  0.103 3.271
OGLE-BLG-RRLYR-15121  16.457 17.674  0.29284885 0.00000012  5000.17765  0.189  0.082 5.045  0.061 4.078
OGLE-BLG-RRLYR-15123  15.906 16.802  0.26208497 0.00000055  5000.16137  0.233  0.112 4.709  0.081 4.202
OGLE-BLG-RRLYR-15126  15.121 16.300  0.42690694 0.00000844  5000.32883  0.292  0.165 0.106  0.206 4.413
OGLE-BLG-RRLYR-15127  15.207 15.972  0.40205967 0.00000131  5000.21735  0.242  0.037 0.067  0.065 5.213
OGLE-BLG-RRLYR-15130  16.183 17.588  0.28628449 0.00000034  5000.17505  0.290  0.143 4.816  0.096 3.175
OGLE-BLG-RRLYR-15133  15.778 16.744  0.27933620 0.00000006  5000.21849  0.297  0.169 4.778  0.104 3.048
OGLE-BLG-RRLYR-15138  16.020 16.773  0.21533383 0.00000014  5000.15666  0.220  0.113 4.571  0.057 2.858
OGLE-BLG-RRLYR-15142  17.404 19.290  0.29351781 0.00000471  5000.16129  0.268  0.099 4.668  0.000   -  
OGLE-BLG-RRLYR-15144  16.103 17.081  0.31104408 0.00000108  5000.14435  0.237  0.118 4.921  0.114 3.972
OGLE-BLG-RRLYR-15149  16.836 18.937  0.31955408 0.00000307  5000.23831  0.254  0.166 4.862  0.075 4.423
OGLE-BLG-RRLYR-15150  14.814 15.616  0.27604394 0.00000005  5000.04394  0.275  0.160 4.900  0.070 3.186
OGLE-BLG-RRLYR-15152  15.491 16.236  0.32977299 0.00000067  5000.02535  0.290  0.098 5.051  0.068 4.301
OGLE-BLG-RRLYR-15154  15.623 16.391  0.25831782 0.00000048  5000.15816  0.279  0.178 4.814  0.041 3.202
OGLE-BLG-RRLYR-15159  15.451 16.373  0.32636318 0.00000327  5000.25815  0.158  0.153 4.329  0.116 5.767
OGLE-BLG-RRLYR-15165  15.383 16.003  0.35936979 0.00000175  5000.17364  0.258  0.081 5.146  0.033 3.506
OGLE-BLG-RRLYR-15167  16.029 16.975  0.21497332 0.00000046  5000.02684  0.249  0.158 4.612  0.084 3.545
OGLE-BLG-RRLYR-15172  15.438 16.337  0.28736881 0.00000031  5000.03428  0.296  0.164 4.907  0.099 3.400
OGLE-BLG-RRLYR-15173  15.750 16.535  0.32763929 0.00000230  5000.14501  0.259  0.098 5.571  0.079 5.184
OGLE-BLG-RRLYR-15175  15.629 16.464  0.23175663 0.00000006  5000.18068  0.204  0.120 4.661  0.051 3.648
OGLE-BLG-RRLYR-15176  16.982 18.505  0.27469322 0.00000072  5000.13800  0.287  0.169 4.722  0.057 3.104
OGLE-BLG-RRLYR-15178  15.651 16.426  0.36272593 0.00000161  5000.00412  0.225  0.083 5.361  0.058 4.127
OGLE-BLG-RRLYR-15179  14.725 15.777  0.44360184 0.00000175  5000.31756  0.282  0.073 5.667  0.088 5.079
OGLE-BLG-RRLYR-15182  16.529 17.930  0.26851724 0.00000042  5000.13391  0.308  0.153 4.758  0.078 3.292
OGLE-BLG-RRLYR-15185  15.463 16.443  0.32578246 0.00000071  5000.03786  0.257  0.085 4.961  0.092 3.795
OGLE-BLG-RRLYR-15191  14.982 15.729  0.32178389 0.00000088  5000.02975  0.284  0.081 5.016  0.081 4.504
OGLE-BLG-RRLYR-15193  15.531 16.432  0.38146056 0.00000096  5000.28984  0.228  0.023 4.825  0.056 4.815
OGLE-BLG-RRLYR-15195  16.209 18.125  0.40230694 0.00000478  5000.34313  0.189  0.058 0.421  0.200 4.041
OGLE-BLG-RRLYR-15198  16.107 17.343  0.33080733 0.00000023  5000.30346  0.241  0.075 5.071  0.019 4.517
OGLE-BLG-RRLYR-15200  16.204 17.474  0.24847293 0.00000081  5000.24694  0.196  0.137 4.524  0.000   -  
OGLE-BLG-RRLYR-15212  15.324 16.575  0.28443069 0.00000021  5000.21197  0.260  0.115 4.606  0.097 3.288
OGLE-BLG-RRLYR-15213  14.208 15.022  0.33080064 0.00000097  5000.14678  0.303  0.162 4.690  0.074 3.608
OGLE-BLG-RRLYR-15216  15.715 17.203  0.37228113 0.00000075  5000.13484  0.279  0.058 5.147  0.086 5.174
OGLE-BLG-RRLYR-15218  18.020 19.114  0.32875376 0.00000206  5000.18345  0.253  0.159 4.747  0.145 3.755
OGLE-BLG-RRLYR-15220  15.685 16.508  0.29835616 0.00000041  5000.23150  0.247  0.112 4.974  0.072 4.114
OGLE-BLG-RRLYR-15221  16.120 17.279  0.25341085 0.00000010  5000.07434  0.244  0.163 4.721  0.038 3.143
OGLE-BLG-RRLYR-15226  15.345 16.203  0.34853290 0.00000095  5000.18961  0.268  0.053 5.125  0.074 4.590
OGLE-BLG-RRLYR-15228  15.188 16.161  0.28294363 0.00000040  5000.22407  0.270  0.124 4.846  0.061 3.922
OGLE-BLG-RRLYR-15229  16.759 18.519  0.41805739 0.00000493  5000.36439  0.277  0.000   -    0.000   -  
OGLE-BLG-RRLYR-15237  15.323 16.154  0.28124188 0.00000026  5000.04480  0.274  0.166 4.712  0.097 3.241
OGLE-BLG-RRLYR-15238  14.981 15.788  0.36922856 0.00000080  5000.33443  0.311  0.169 5.222  0.097 3.840
OGLE-BLG-RRLYR-15252  15.393 16.291  0.40529842 0.00000804  5000.12430  0.302  0.092 5.905  0.080 4.639
OGLE-BLG-RRLYR-15258  15.527 16.355  0.27513246 0.00000006  5000.24609  0.298  0.176 4.762  0.095 2.946
OGLE-BLG-RRLYR-15259  15.762 16.969  0.28675032 0.00000004  5000.10642  0.251  0.160 4.780  0.095 3.494
OGLE-BLG-RRLYR-15264  15.824 16.799  0.33421927 0.00000127  5000.10833  0.282  0.143 4.774  0.076 4.023
OGLE-BLG-RRLYR-15265  15.715 16.663  0.28193200 0.00000023  5000.13830  0.281  0.162 4.812  0.080 2.993
OGLE-BLG-RRLYR-15270  16.047 17.300  0.29979971 0.00000041  5000.11239  0.239  0.102 4.560  0.043 3.611
OGLE-BLG-RRLYR-15271  15.445 16.148  0.28990939 0.00000006  5000.14373  0.293  0.140 4.787  0.099 3.461
OGLE-BLG-RRLYR-15272  15.559 16.479  0.32277806 0.00000032  5000.28269  0.301  0.157 4.838  0.100 3.484
OGLE-BLG-RRLYR-15273  15.251 16.188  0.34359522 0.00000251  5000.27237  0.258  0.106 4.972  0.080 3.792
OGLE-BLG-RRLYR-15277  16.305 17.746  0.27997938 0.00000011  5000.19647  0.205  0.104 4.903  0.051 3.077
OGLE-BLG-RRLYR-15279  16.601 18.671  0.31019072 0.00000136  5000.00908  0.238  0.122 5.155  0.069 4.370
OGLE-BLG-RRLYR-15283  16.176 17.407  0.27540008 0.00000010  5000.22596  0.214  0.091 4.996  0.074 4.317
OGLE-BLG-RRLYR-15291  15.233 16.122  0.30672130 0.00000029  5000.02143  0.239  0.098 4.600  0.054 3.668
OGLE-BLG-RRLYR-15292  15.789 16.607  0.31023705 0.00000100  5000.26624  0.216  0.073 5.342  0.050 3.424
OGLE-BLG-RRLYR-15294  15.866 16.815  0.28639000 0.00000009  5000.02761  0.235  0.091 4.800  0.066 4.229
OGLE-BLG-RRLYR-15295  15.183 15.990  0.31811871 0.00000060  5000.04033  0.238  0.104 5.048  0.086 4.096
OGLE-BLG-RRLYR-15297  15.622 16.729  0.31303583 0.00000025  5000.25046  0.287  0.183 4.818  0.062 2.877
OGLE-BLG-RRLYR-15299  15.781 16.992  0.25637375 0.00000150  5000.01804  0.283  0.193 4.829  0.079 3.187
OGLE-BLG-RRLYR-15305  15.746 16.521  0.23206237 0.00000067  5000.06313  0.245  0.162 4.528  0.063 3.282
OGLE-BLG-RRLYR-15306  14.795 15.488  0.29835897 0.00000051  5000.24255  0.216  0.109 5.100  0.046 3.804
OGLE-BLG-RRLYR-15314  15.610 16.654  0.28516846 0.00000076  5000.20356  0.221  0.051 4.462  0.044 5.125
OGLE-BLG-RRLYR-15316  15.394 16.264  0.30597860 0.00000009  5000.00117  0.244  0.118 5.212  0.078 4.068
OGLE-BLG-RRLYR-15323  15.465 16.257  0.33185231 0.00000079  5000.17975  0.273  0.107 5.092  0.090 4.223
OGLE-BLG-RRLYR-15330  15.846 17.213  0.30257222 0.00000076  5000.14767  0.285  0.123 4.864  0.099 4.074
OGLE-BLG-RRLYR-15338  16.736 18.406  0.34846022 0.00000159  5000.12860  0.261  0.131 4.697  0.000   -  
OGLE-BLG-RRLYR-15340  16.148 17.615  0.30458166 0.00000054  5000.21466  0.230  0.133 4.881  0.066 3.772
OGLE-BLG-RRLYR-15342  16.537 18.128  0.25662643 0.00000072  5000.04898  0.183  0.000   -    0.000   -  
OGLE-BLG-RRLYR-15345  14.138 14.935  0.30991463 0.00000042  5000.19985  0.298  0.156 4.822  0.095 3.415
OGLE-BLG-RRLYR-15347  15.923 16.680  0.25801413 0.00000076  5000.03643  0.301  0.173 4.772  0.088 3.164
OGLE-BLG-RRLYR-15351  15.987 17.286  0.33242890 0.00000013  5000.20859  0.246  0.097 5.093  0.070 4.253
OGLE-BLG-RRLYR-15353  16.153 17.386  0.25982686 0.00000007  5000.08741  0.241  0.141 4.772  0.030 2.947
OGLE-BLG-RRLYR-15356  14.357 15.578  0.31203715 0.00000081  5000.11909  0.081  0.084 4.707  0.069 4.168
OGLE-BLG-RRLYR-15358  15.168 16.184  0.44262062 0.00000231  5000.35968  0.228  0.030 3.050  0.130 5.487
OGLE-BLG-RRLYR-15359  18.020 18.867  0.31467387 0.00000122  5000.00312  0.280  0.000   -    0.081 3.355
OGLE-BLG-RRLYR-15361  14.325 15.128  0.25242096 0.00000034  5000.14960  0.210  0.135 4.684  0.033 3.243
OGLE-BLG-RRLYR-15365  14.160 15.089  0.25192554 0.00000066  5000.23704  0.176  0.071 4.997  0.068 4.562
OGLE-BLG-RRLYR-15368  15.714 16.571  0.34863514 0.00000034  5000.18558  0.285  0.113 5.218  0.091 4.123
OGLE-BLG-RRLYR-15371  15.885 16.751  0.35398428 0.00000067  5000.11627  0.277  0.181 4.712  0.077 3.208
OGLE-BLG-RRLYR-15374  15.945 16.791  0.28525718 0.00000041  5000.08544  0.274  0.155 4.796  0.097 3.231
OGLE-BLG-RRLYR-15378  17.420 18.192  0.29838873 0.00000160  5000.10815  0.293  0.155 4.923  0.084 3.568
OGLE-BLG-RRLYR-15379  15.170 15.937  0.28788244 0.00000059  5000.04882  0.289  0.141 4.856  0.099 3.533
OGLE-BLG-RRLYR-15383  16.725 18.496  0.31589678 0.00000193  5000.01733  0.213  0.116 5.248  0.089 3.723
OGLE-BLG-RRLYR-15387  15.618 16.485  0.26443506 0.00000059  5000.15814  0.293  0.185 4.589  0.097 2.428
OGLE-BLG-RRLYR-15398  15.490 16.283  0.38104457 0.00000129  5000.21853  0.213  0.035 5.733  0.051 4.688
OGLE-BLG-RRLYR-15402  16.141 17.311  0.28123149 0.00000008  5000.12604  0.212  0.121 4.796  0.030 3.380
OGLE-BLG-RRLYR-15404  18.474 19.876  0.30306884 0.00000038  5000.05975  0.279  0.197 4.783  0.113 2.544
OGLE-BLG-RRLYR-15408  16.465 17.773  0.32600880 0.00000058  5000.25403  0.276  0.095 5.056  0.069 3.946
OGLE-BLG-RRLYR-15409  15.053 15.918  0.30823116 0.00000066  5000.07592  0.268  0.116 4.966  0.053 4.022
OGLE-BLG-RRLYR-15417  15.534 16.444  0.32393912 0.00000036  5000.22996  0.304  0.107 4.922  0.059 4.062
OGLE-BLG-RRLYR-15420  17.143 18.026  0.24774002 0.00000117  5000.23618  0.199  0.120 4.909  0.118 4.214
OGLE-BLG-RRLYR-15423  15.563 16.286  0.24441501 0.00000043  5000.04313  0.137  0.058 3.364  0.000   -  
OGLE-BLG-RRLYR-15425  15.581 16.746  0.38064771 0.00000244  5000.11340  0.265  0.040 4.898  0.070 5.031
OGLE-BLG-RRLYR-15427  14.588 15.333  0.33192332 0.00000030  5000.32975  0.284  0.081 5.102  0.067 4.279
OGLE-BLG-RRLYR-15431  15.671 16.753  0.36755451 0.00000111  5000.13364  0.279  0.037 4.953  0.055 5.145
OGLE-BLG-RRLYR-15437  15.796 16.491  0.32812277 0.00000194  5000.02925  0.253  0.102 5.380  0.048 4.639
OGLE-BLG-RRLYR-15438  15.265 16.009  0.35611013 0.00000071  5000.09902  0.272  0.066 5.240  0.063 4.744
OGLE-BLG-RRLYR-15450  15.451 16.277  0.27022682 0.00000058  5000.23939  0.298  0.197 4.816  0.088 3.045
OGLE-BLG-RRLYR-15451  15.542 16.241  0.29277082 0.00000023  5000.07535  0.264  0.120 4.738  0.074 3.869
OGLE-BLG-RRLYR-15452  15.555 16.280  0.24906889 0.00000056  5000.21424  0.203  0.132 4.768  0.036 3.441
OGLE-BLG-RRLYR-15453  16.359 17.638  0.31208557 0.00000098  5000.25034  0.169  0.075 4.604  0.057 4.208
OGLE-BLG-RRLYR-15457  15.351 16.246  0.37040513 0.00000210  5000.10555  0.277  0.042 4.920  0.084 5.147
OGLE-BLG-RRLYR-15458  15.498 16.417  0.31162295 0.00000149  5000.09124  0.291  0.152 4.915  0.108 3.962
OGLE-BLG-RRLYR-15462  15.353 16.427  0.26483648 0.00000063  5000.07958  0.286  0.189 4.748  0.064 2.898
OGLE-BLG-RRLYR-15469  16.210 17.696  0.30814343 0.00000012  5000.28192  0.266  0.122 4.822  0.080 3.908
OGLE-BLG-RRLYR-15470  16.650 17.530  0.33030431 0.00000076  5000.00570  0.290  0.123 5.353  0.066 4.095
OGLE-BLG-RRLYR-15472  15.404 16.154  0.26930444 0.00000021  5000.16307  0.269  0.172 4.875  0.060 3.202
OGLE-BLG-RRLYR-15476  17.882 19.012  0.21329633 0.00000081  5000.17536  0.183  0.000   -    0.000   -  
OGLE-BLG-RRLYR-15478  15.797 17.058  0.35747944 0.00000193  5000.08721  0.207  0.121 5.272  0.061 4.565
OGLE-BLG-RRLYR-15479  16.121 16.890  0.32074715 0.00000100  5000.10375  0.243  0.056 4.646  0.057 3.589
OGLE-BLG-RRLYR-15480  17.541 18.840  0.38393653 0.00000275  5000.02331  0.288  0.149 4.535  0.000   -  
OGLE-BLG-RRLYR-15488  15.946 16.880  0.25705772 0.00000064  5000.00019  0.212  0.111 4.790  0.072 4.180
OGLE-BLG-RRLYR-15489  15.680 16.426  0.31462057 0.00000087  5000.13768  0.153  0.092 5.356  0.000   -  
OGLE-BLG-RRLYR-15491  14.812 15.356  0.38434829 0.00000184  5000.09503  0.257  0.027 5.805  0.042 4.745
OGLE-BLG-RRLYR-15496  15.132 16.039  0.32606579 0.00000079  5000.21547  0.265  0.108 4.869  0.070 4.493
OGLE-BLG-RRLYR-15497  15.076 16.026  0.26720287 0.00000019  5000.14538  0.285  0.179 4.872  0.079 3.004
OGLE-BLG-RRLYR-15498  15.657 16.441  0.33297118 0.00000292  5000.08788  0.254  0.061 5.346  0.039 5.937
OGLE-BLG-RRLYR-15507  15.574 16.626  0.39810197 0.00000223  5000.39787  0.283  0.068 5.392  0.074 4.620
OGLE-BLG-RRLYR-15510  17.017 18.807  0.26921239 0.00000152  5000.02036  0.322  0.204 4.636  0.000   -  
OGLE-BLG-RRLYR-15511  15.771 16.728  0.35481550 0.00000109  5000.14187  0.274  0.052 5.005  0.074 5.091
OGLE-BLG-RRLYR-15516  15.515 16.081  0.26126786 0.00000064  5000.08092  0.276  0.153 4.748  0.016 0.129
OGLE-BLG-RRLYR-15518  15.336 16.167  0.27648889 0.00000141  5000.08662  0.317  0.173 4.532  0.119 3.895
OGLE-BLG-RRLYR-15521  15.709 16.577  0.33059422 0.00000049  5000.13769  0.272  0.096 5.101  0.082 4.294
OGLE-BLG-RRLYR-15524  17.354 19.300  0.21672248 0.00000072  5000.19038  0.243  0.144 4.772  0.000   -  
OGLE-BLG-RRLYR-15525  15.224 16.138  0.38376881 0.00000433  5000.27748  0.267  0.081 3.267  0.095 4.023
OGLE-BLG-RRLYR-15529  17.292 18.101  0.24712239 0.00000152  5000.07508  0.205  0.129 4.755  0.000   -  
OGLE-BLG-RRLYR-15534  15.986 16.905  0.29206016 0.00000063  5000.11284  0.268  0.140 4.698  0.101 3.352
OGLE-BLG-RRLYR-15536  16.318 17.691  0.32324137 0.00000147  5000.26231  0.270  0.108 4.841  0.000   -  
OGLE-BLG-RRLYR-15539  15.464 16.145  0.26258950 0.00000118  5000.17872  0.263  0.181 4.402  0.124 3.701
OGLE-BLG-RRLYR-15544  16.953 18.386  0.31902967 0.00000082  5000.05271  0.261  0.137 4.641  0.076 3.123
OGLE-BLG-RRLYR-15553  15.707 16.446  0.28472649 0.00000032  5000.17807  0.264  0.144 4.700  0.085 3.534
OGLE-BLG-RRLYR-15555  15.785 16.470  0.27589460 0.00000029  5000.01577  0.242  0.128 4.862  0.052 3.125
OGLE-BLG-RRLYR-15562  15.661 16.486  0.25957091 0.00000050  5000.12265  0.276  0.193 4.758  0.065 2.777
OGLE-BLG-RRLYR-15566  15.681 16.469  0.31279227 0.00000065  5000.10379  0.248  0.100 4.971  0.102 4.510
OGLE-BLG-RRLYR-15574  15.093 16.006  0.38120498 0.00000128  5000.37550  0.323  0.109 5.231  0.083 4.400
OGLE-BLG-RRLYR-15575  15.280 16.151  0.33691074 0.00000130  5000.32743  0.274  0.095 5.390  0.069 4.798
OGLE-BLG-RRLYR-15577  15.658 16.581  0.25883838 0.00000079  5000.20605  0.280  0.198 4.570  0.076 3.022
OGLE-BLG-RRLYR-15582  15.723 16.670  0.30491613 0.00000033  5000.14777  0.256  0.112 4.734  0.078 3.960
OGLE-BLG-RRLYR-15586  16.928 20.302  0.30317412 0.00000092  5000.29316  0.306  0.135 4.804  0.080 3.400
OGLE-BLG-RRLYR-15589  18.472 19.671  0.30379070 0.00000162  5000.19079  0.372  0.290 4.730  0.000   -  
OGLE-BLG-RRLYR-15593  15.928 17.177  0.39594020 0.00000091  5000.23052  0.251  0.036 5.117  0.045 4.992
OGLE-BLG-RRLYR-15594  15.217 15.841  0.47416915 0.00000192  5000.00923  0.263  0.058 2.627  0.088 5.723
OGLE-BLG-RRLYR-15595  15.316 16.187  0.31674026 0.00000068  5000.17602  0.232  0.085 4.854  0.076 4.133
OGLE-BLG-RRLYR-15600  15.623 16.461  0.27671384 0.00000035  5000.18869  0.171  0.092 5.055  0.000   -  
OGLE-BLG-RRLYR-15608  16.175 17.367  0.25115787 0.00000032  5000.13389  0.241  0.161 4.581  0.052 3.193
OGLE-BLG-RRLYR-15618  15.811    -    0.27632670 0.00000096  5000.09935  0.319  0.168 4.694  0.121 3.223
OGLE-BLG-RRLYR-15623  16.740 17.512  0.31720950 0.00000080  5000.13974  0.296  0.161 4.569  0.075 3.240
OGLE-BLG-RRLYR-15624  14.794 15.574  0.30180073 0.00000073  5000.09929  0.251  0.103 4.740  0.066 3.939
OGLE-BLG-RRLYR-15627  16.027 17.499  0.37729608 0.00000125  5000.12873  0.302  0.084 5.113  0.085 4.270
OGLE-BLG-RRLYR-15629  15.862 16.972  0.34689835 0.00000120  5000.33165  0.272  0.064 5.077  0.071 4.586
OGLE-BLG-RRLYR-15631  14.839 15.691  0.34648431 0.00000154  5000.01510  0.221  0.162 5.112  0.060 4.076
OGLE-BLG-RRLYR-15632  16.752 19.057  0.31954823 0.00000189  5000.18454  0.143  0.141 3.047  0.083 2.569
OGLE-BLG-RRLYR-15633  15.668 16.436  0.27190327 0.00000023  5000.19471  0.309  0.186 4.768  0.075 2.952
OGLE-BLG-RRLYR-15634  14.391 15.297  0.36094097 0.00000175  5000.34792  0.282  0.070 5.540  0.077 4.705
OGLE-BLG-RRLYR-15635  14.844 15.719  0.33518341 0.00000055  5000.26348  0.229  0.068 5.140  0.059 4.813
OGLE-BLG-RRLYR-15638  15.651 16.673  0.33711889 0.00000131  5000.13374  0.300  0.157 4.796  0.047 4.343
OGLE-BLG-RRLYR-15649  15.556 16.365  0.33198417 0.00000056  5000.30375  0.269  0.087 5.358  0.075 4.356
OGLE-BLG-RRLYR-15664  15.046 15.964  0.40233566 0.00000203  5000.06680  0.247  0.044 6.222  0.066 5.272
OGLE-BLG-RRLYR-15665  18.489 20.401  0.22415320 0.00000149  5000.14503  0.275  0.264 4.723  0.169 3.208
OGLE-BLG-RRLYR-15666  15.553 16.480  0.31961130 0.00000046  5000.24015  0.244  0.087 4.844  0.070 4.043
OGLE-BLG-RRLYR-15669  16.484 17.624  0.23470324 0.00000036  5000.10387  0.248  0.144 4.582  0.052 3.305
OGLE-BLG-RRLYR-15672  16.056 16.907  0.25924402 0.00000030  5000.08663  0.234  0.105 4.815  0.072 3.871
OGLE-BLG-RRLYR-15674  16.374 17.187  0.24655020 0.00000037  5000.00935  0.189  0.132 4.728  0.000   -  
OGLE-BLG-RRLYR-15677  15.579 16.389  0.26765495 0.00000080  5000.24669  0.299  0.224 4.582  0.062 3.214
OGLE-BLG-RRLYR-15678  15.506 16.155  0.27075068 0.00000064  5000.00831  0.102  0.089 4.287  0.045 3.906
OGLE-BLG-RRLYR-15680  16.675 18.310  0.27824935 0.00000070  5000.13746  0.295  0.192 4.743  0.083 2.935
OGLE-BLG-RRLYR-15682  15.451 16.148  0.32965947 0.00000167  5000.32274  0.278  0.109 4.523  0.088 3.711
OGLE-BLG-RRLYR-15686  15.511 16.592  0.41574167 0.00000126  5000.31172  0.263  0.142 5.155  0.079 3.966
OGLE-BLG-RRLYR-15689  17.003 18.433  0.24826859 0.00000110  5000.17551  0.228  0.121 4.436  0.084 4.163
OGLE-BLG-RRLYR-15692  17.154 18.895  0.23902099 0.00000182  5000.14020  0.193  0.152 4.052  0.000   -  
OGLE-BLG-RRLYR-15697  17.043 19.181  0.31881919 0.00000146  5000.08673  0.230  0.101 5.261  0.067 4.865
OGLE-BLG-RRLYR-15701  15.717 16.590  0.31866153 0.00000025  5000.27562  0.288  0.102 4.973  0.084 4.183
OGLE-BLG-RRLYR-15708  16.308 17.774  0.25759976 0.00000103  5000.19222  0.148  0.088 4.767  0.000   -  
OGLE-BLG-RRLYR-15709  16.744 18.567  0.27385490 0.00000104  5000.25893  0.287  0.158 5.101  0.064 2.755
OGLE-BLG-RRLYR-15713  15.477 16.200  0.35929860 0.00000363  5000.11613  0.332  0.065 5.196  0.076 4.617
OGLE-BLG-RRLYR-15721  16.047 17.126  0.30011748 0.00000048  5000.02959  0.273  0.109 4.900  0.078 4.103
OGLE-BLG-RRLYR-15722  16.545 18.401  0.30724320 0.00000111  5000.22267  0.182  0.095 5.042  0.000   -  
OGLE-BLG-RRLYR-15723  15.323 16.256  0.42387313 0.00000225  5000.38117  0.247  0.019 2.380  0.065 4.828
OGLE-BLG-RRLYR-15730  15.780 16.878  0.28447712 0.00000068  5000.09865  0.285  0.152 4.832  0.107 3.602
OGLE-BLG-RRLYR-15731  18.291 19.512  0.31743331 0.00000428  5000.15831  0.280  0.240 5.158  0.000   -  
OGLE-BLG-RRLYR-15732  18.011 18.621  0.27486887 0.00000138  5000.10930  0.336  0.226 4.489  0.000   -  
OGLE-BLG-RRLYR-15734  15.713 16.880  0.28877527 0.00000031  5000.18500  0.271  0.133 4.646  0.102 3.181
OGLE-BLG-RRLYR-15735  15.813 16.793  0.31731917 0.00000094  5000.19130  0.262  0.086 5.051  0.059 4.336
OGLE-BLG-RRLYR-15737  16.039 17.516  0.38164577 0.00000372  5000.10627  0.202  0.082 0.167  0.044 0.591
OGLE-BLG-RRLYR-15739  16.035 17.632  0.40422713 0.00000193  5000.15217  0.249  0.032 0.084  0.082 5.542
OGLE-BLG-RRLYR-15741  14.688 15.615  0.31581208 0.00000038  5000.15360  0.245  0.081 5.066  0.071 4.309
OGLE-BLG-RRLYR-15742  15.805 16.886  0.26479454 0.00000020  5000.10392  0.288  0.204 4.806  0.074 3.137
OGLE-BLG-RRLYR-15746  16.081 17.344  0.25260975 0.00000440  5000.22965  0.153  0.136 3.765  0.206 4.935
OGLE-BLG-RRLYR-15758  16.421 17.573  0.28727697 0.00000115  5000.16740  0.207  0.053 5.031  0.047 3.582
OGLE-BLG-RRLYR-15759  15.832 16.628  0.34155117 0.00000061  5000.27418  0.246  0.143 4.734  0.045 2.988
OGLE-BLG-RRLYR-15762  15.665 16.606  0.25731947 0.00000051  5000.16994  0.323  0.190 4.740  0.037 2.972
OGLE-BLG-RRLYR-15763  15.907 17.171  0.33190472 0.00000061  5000.03060  0.273  0.070 5.434  0.072 4.856
OGLE-BLG-RRLYR-15766  15.976 16.861  0.32880431 0.00000085  5000.17265  0.262  0.076 4.845  0.068 3.793
OGLE-BLG-RRLYR-15772  15.278 15.997  0.27982468 0.00000078  5000.01422  0.299  0.172 4.880  0.110 3.130
OGLE-BLG-RRLYR-15774  15.159 15.577  0.34206472 0.00000143  5000.09340  0.275  0.081 5.326  0.056 4.471
OGLE-BLG-RRLYR-15776  16.141 17.389  0.30405241 0.00000083  5000.13797  0.243  0.139 4.911  0.075 4.008
OGLE-BLG-RRLYR-15781  17.748 18.534  0.32642831 0.00000296  5000.29006  0.239  0.166 5.089  0.097 2.807
OGLE-BLG-RRLYR-15786  15.796 16.922  0.31547344 0.00000089  5000.15231  0.280  0.121 5.045  0.093 3.956
OGLE-BLG-RRLYR-15789  15.488 16.234  0.27674088 0.00000026  5000.04711  0.323  0.168 4.891  0.069 3.057
OGLE-BLG-RRLYR-15791  15.409 16.215  0.30512756 0.00000044  5000.05569  0.235  0.125 4.870  0.080 3.975
OGLE-BLG-RRLYR-15792  16.591 17.525  0.23963079 0.00000066  5000.22716  0.244  0.157 4.632  0.113 3.458
OGLE-BLG-RRLYR-15794  15.589 16.767  0.34489763 0.00000084  5000.30060  0.262  0.056 5.682  0.090 4.811
OGLE-BLG-RRLYR-15796  15.239 16.005  0.31538134 0.00000128  5000.19471  0.238  0.082 5.144  0.070 4.562
OGLE-BLG-RRLYR-15797  16.422 17.776  0.25879628 0.00000075  5000.11159  0.261  0.186 4.621  0.045 2.511
OGLE-BLG-RRLYR-15799  15.810 16.535  0.30432963 0.00000040  5000.13650  0.278  0.132 4.863  0.081 3.853
OGLE-BLG-RRLYR-15802  15.681 16.891  0.26217354 0.00000036  5000.18633  0.292  0.186 4.749  0.077 2.908
OGLE-BLG-RRLYR-15803  16.451 17.701  0.29045472 0.00000050  5000.19551  0.262  0.118 4.669  0.084 3.568
OGLE-BLG-RRLYR-15811  16.786 18.474  0.30515338 0.00000126  5000.15882  0.318  0.113 5.088  0.089 3.897
OGLE-BLG-RRLYR-15812  15.435 16.708  0.32555395 0.00000100  5000.18525  0.260  0.088 5.074  0.036 4.296
OGLE-BLG-RRLYR-15814  16.329 17.662  0.27604625 0.00000075  5000.15312  0.253  0.109 4.959  0.078 4.282
OGLE-BLG-RRLYR-15818  17.862 18.851  0.40020288 0.00000264  5000.38367  0.266  0.095 5.875  0.000   -  
OGLE-BLG-RRLYR-15819  17.419 19.767  0.26012992 0.00000107  5000.04917  0.313  0.181 4.744  0.065 2.101
OGLE-BLG-RRLYR-15823  15.750 16.686  0.30450427 0.00000069  5000.07919  0.274  0.108 3.691  0.000   -  
OGLE-BLG-RRLYR-15826  17.003 18.109  0.28845383 0.00000070  5000.00901  0.254  0.114 5.612  0.000   -  
OGLE-BLG-RRLYR-15840  15.791 17.407  0.42104435 0.00000719  5000.38218  0.255  0.065 3.572  0.067 0.261
OGLE-BLG-RRLYR-15845  15.205 16.066  0.29956623 0.00000091  5000.25445  0.291  0.153 4.780  0.071 3.567
OGLE-BLG-RRLYR-15848  15.288 16.556  0.39111917 0.00000067  5000.10843  0.267  0.062 5.800  0.072 4.583
OGLE-BLG-RRLYR-15854  16.347 17.729  0.37471171 0.00000114  5000.31966  0.297  0.185 4.815  0.096 3.180
OGLE-BLG-RRLYR-15855  15.766 16.674  0.33020710 0.00000114  5000.11113  0.232  0.131 4.894  0.046 3.612
OGLE-BLG-RRLYR-15862  14.530 15.484  0.31470123 0.00000087  5000.02517  0.262  0.233 4.719  0.030 3.499
OGLE-BLG-RRLYR-15863  15.637 16.635  0.26819431 0.00000019  5000.13775  0.292  0.169 4.756  0.063 2.728
OGLE-BLG-RRLYR-15872  15.679 16.925  0.36172937 0.00000037  5000.35794  0.231  0.034 4.903  0.042 4.633
OGLE-BLG-RRLYR-15873  15.268 16.068  0.29989743 0.00000056  5000.02588  0.268  0.105 4.850  0.094 3.779
OGLE-BLG-RRLYR-15874  14.569 15.207  0.30396558 0.00000100  5000.25236  0.274  0.135 5.306  0.094 3.978
OGLE-BLG-RRLYR-15875  16.195 17.373  0.26642706 0.00000018  5000.15979  0.302  0.166 4.799  0.083 3.009
OGLE-BLG-RRLYR-15881  15.093 15.730  0.36732615 0.00000592  5000.16458  0.428  0.176 4.602  0.169 2.864
OGLE-BLG-RRLYR-15884  16.052 17.501  0.41085007 0.00000388  5000.06169  0.256  0.036 5.532  0.047 5.323
OGLE-BLG-RRLYR-15885  16.272 17.527  0.29307381 0.00000034  5000.18321  0.222  0.128 4.984  0.089 3.625
OGLE-BLG-RRLYR-15889  15.318 16.008  0.26728797 0.00000030  5000.14466  0.282  0.191 4.681  0.091 2.980
OGLE-BLG-RRLYR-15894  15.840 17.246  0.28673786 0.00000070  5000.20864  0.269  0.163 4.727  0.098 3.345
OGLE-BLG-RRLYR-15900  15.692 16.916  0.27306465 0.00000073  5000.01732  0.211  0.118 4.644  0.000   -  
OGLE-BLG-RRLYR-15906  14.929 15.713  0.31385070 0.00000071  5000.12811  0.250  0.098 4.971  0.075 4.264
OGLE-BLG-RRLYR-15908  16.290 17.613  0.26455676 0.00000142  5000.11369  0.118  0.000   -    0.000   -  
OGLE-BLG-RRLYR-15919  14.459 15.406  0.31958792 0.00000096  5000.14908  0.177  0.152 4.678  0.084 4.545
OGLE-BLG-RRLYR-15921  15.869 17.323  0.32266803 0.00000025  5000.02608  0.339  0.292 4.590  0.078 2.600
OGLE-BLG-RRLYR-15930  15.623 16.735  0.33674396 0.00000188  5000.18927  0.235  0.056 5.488  0.061 4.825
OGLE-BLG-RRLYR-15931  15.173 16.067  0.45545724 0.00000524  5000.21454  0.238  0.057 4.401  0.055 5.959
OGLE-BLG-RRLYR-15933  15.837 17.162  0.31069755 0.00000069  5000.00494  0.270  0.078 4.871  0.072 4.440
OGLE-BLG-RRLYR-15938  15.395 16.133  0.32110904 0.00000092  5000.14068  0.260  0.107 4.711  0.110 3.812
OGLE-BLG-RRLYR-15942  16.632 17.273  0.30734276 0.00000089  5000.23821  0.246  0.185 4.909  0.051 2.985
OGLE-BLG-RRLYR-15951  15.224 16.395  0.35473100 0.00000044  5000.28675  0.301  0.073 5.440  0.083 4.496
OGLE-BLG-RRLYR-15961  14.543 15.249  0.43463084 0.00000694  5000.38466  0.215  0.049 5.691  0.067 1.978
OGLE-BLG-RRLYR-15967  15.140 15.685  0.27419369 0.00000030  5000.01980  0.301  0.181 4.797  0.088 3.194
OGLE-BLG-RRLYR-15968  16.843 18.433  0.33157671 0.00000101  5000.08218  0.255  0.129 4.838  0.088 4.267
OGLE-BLG-RRLYR-15969  15.797 17.391  0.32253310 0.00000119  5000.22910  0.256  0.109 4.730  0.083 4.000
OGLE-BLG-RRLYR-15971  15.607 16.625  0.38166965 0.00000263  5000.11245  0.234  0.080 6.091  0.080 4.553
OGLE-BLG-RRLYR-15977  15.436    -    0.29201192 0.00000071  5000.24823  0.262  0.130 5.011  0.079 3.570
OGLE-BLG-RRLYR-15978  15.812 16.976  0.28687566 0.00000051  5000.11769  0.289  0.159 4.782  0.094 3.148
OGLE-BLG-RRLYR-15983  15.342 16.179  0.27762893 0.00000040  5000.10616  0.256  0.150 4.795  0.049 3.003
OGLE-BLG-RRLYR-15984  15.940 16.795  0.25803137 0.00000096  5000.02258  0.326  0.154 4.617  0.000   -  
OGLE-BLG-RRLYR-15987  15.938 17.106  0.27521396 0.00000067  5000.01735  0.297  0.210 4.785  0.081 2.901
OGLE-BLG-RRLYR-15992  16.475 17.462  0.22382332 0.00000047  5000.08813  0.245  0.168 4.690  0.047 3.264
OGLE-BLG-RRLYR-15997  15.533 16.202  0.29335147 0.00000091  5000.15257  0.260  0.098 4.989  0.050 4.158
OGLE-BLG-RRLYR-16002  15.761 16.591  0.31423467 0.00000079  5000.20608  0.260  0.101 5.010  0.077 4.054
OGLE-BLG-RRLYR-16003  18.114 19.037  0.30359100 0.00000234  5000.10645  0.339  0.279 4.667  0.000   -  
OGLE-BLG-RRLYR-16006  15.848 17.343  0.45125655 0.00000201  5000.37999  0.255  0.030 3.689  0.041 5.452
OGLE-BLG-RRLYR-16011  17.396 18.989  0.33090932 0.00000284  5000.28820  0.287  0.105 4.406  0.138 4.051
OGLE-BLG-RRLYR-16013  16.163 17.343  0.29963706 0.00000115  5000.23137  0.261  0.120 4.729  0.088 3.952
OGLE-BLG-RRLYR-16015  15.625 16.955  0.34996202 0.00000097  5000.04038  0.269  0.057 4.807  0.065 4.773
OGLE-BLG-RRLYR-16018  15.465 16.771  0.30858349 0.00000072  5000.23011  0.256  0.094 4.747  0.090 4.193
OGLE-BLG-RRLYR-16022  15.654 16.420  0.31744899 0.00000088  5000.07504  0.245  0.081 5.002  0.080 4.126
OGLE-BLG-RRLYR-16025  15.381 15.942  0.27523802 0.00000081  5000.00152  0.286  0.149 4.915  0.089 3.356
OGLE-BLG-RRLYR-16026  15.629 16.466  0.32721873 0.00000083  5000.23915  0.280  0.131 5.129  0.098 4.396
OGLE-BLG-RRLYR-16027  17.189 18.796  0.24714457 0.00000085  5000.04220  0.276  0.171 4.938  0.000   -  
OGLE-BLG-RRLYR-16032  16.221 17.393  0.25549104 0.00000055  5000.16536  0.266  0.177 4.760  0.032 3.245
OGLE-BLG-RRLYR-16033  16.197 17.198  0.29507832 0.00000104  5000.01892  0.223  0.113 4.688  0.089 3.560
OGLE-BLG-RRLYR-16042  15.348 16.285  0.33710651 0.00000173  5000.03314  0.251  0.051 5.351  0.088 4.459
OGLE-BLG-RRLYR-16044  15.682 16.328  0.37892270 0.00000158  5000.00307  0.301  0.109 4.835  0.055 4.568
OGLE-BLG-RRLYR-16045  16.091 17.739  0.31534535 0.00000135  5000.01521  0.261  0.095 4.829  0.061 4.176
OGLE-BLG-RRLYR-16052  15.384 16.561  0.29068924 0.00000033  5000.06319  0.287  0.137 4.873  0.088 3.559
OGLE-BLG-RRLYR-16059  15.192 15.975  0.34063708 0.00000080  5000.20153  0.260  0.105 5.052  0.062 4.105
OGLE-BLG-RRLYR-16060  17.434 18.576  0.29616094 0.00000191  5000.14493  0.228  0.000   -    0.000   -  
OGLE-BLG-RRLYR-16070  16.629 17.617  0.28335967 0.00000142  5000.10380  0.297  0.116 4.803  0.123 2.885
OGLE-BLG-RRLYR-16071  17.131 18.837  0.29823928 0.00000035  5000.01349  0.301  0.093 5.016  0.059 3.902
OGLE-BLG-RRLYR-16072  15.302 15.957  0.30316562 0.00000053  5000.13341  0.168  0.078 4.755  0.000   -  
OGLE-BLG-RRLYR-16075  16.495 18.018  0.31481362 0.00000034  5000.03134  0.246  0.109 4.952  0.060 4.305
OGLE-BLG-RRLYR-16077  15.163 16.135  0.30623735 0.00000077  5000.19204  0.266  0.109 4.586  0.084 4.000
OGLE-BLG-RRLYR-16078  15.921 16.612  0.29600337 0.00000084  5000.15300  0.282  0.119 4.917  0.099 3.671
OGLE-BLG-RRLYR-16084  17.390 19.220  0.41588172 0.00000268  5000.01347  0.244  0.000   -    0.097 4.557
OGLE-BLG-RRLYR-16087  16.571 18.228  0.35806969 0.00000062  5000.09495  0.239  0.068 5.212  0.069 4.698
OGLE-BLG-RRLYR-16093  16.431 18.016  0.39054581 0.00000163  5000.34602  0.279  0.070 5.753  0.044 4.170
OGLE-BLG-RRLYR-16107  15.885 16.873  0.30697883 0.00000086  5000.18778  0.260  0.108 4.756  0.087 4.184
OGLE-BLG-RRLYR-16111  16.136 17.764  0.30265082 0.00000072  5000.12255  0.257  0.107 4.810  0.058 3.663
OGLE-BLG-RRLYR-16115  15.580 16.210  0.33761748 0.00000060  5000.27044  0.265  0.108 5.078  0.042 3.875
OGLE-BLG-RRLYR-16117  15.707 16.377  0.27554337 0.00000030  5000.11663  0.300  0.177 4.779  0.107 3.042
OGLE-BLG-RRLYR-16121  17.393 18.541  0.31855792 0.00000475  5000.14250  0.110  0.214 4.430  0.000   -  
OGLE-BLG-RRLYR-16122  15.615 16.268  0.26829590 0.00000060  5000.24998  0.255  0.153 4.791  0.050 2.930
OGLE-BLG-RRLYR-16129  15.843 16.762  0.32768994 0.00000120  5000.12068  0.264  0.094 5.139  0.090 3.886
OGLE-BLG-RRLYR-16133  16.716 17.253  0.34196836 0.00000195  5000.10972  0.257  0.048 4.920  0.085 4.733
OGLE-BLG-RRLYR-16135  16.118 17.276  0.26756927 0.00000163  5000.22543  0.271  0.071 4.680  0.055 5.236
OGLE-BLG-RRLYR-16136  16.962 17.988  0.35870290 0.00000294  5000.35029  0.286  0.000   -    0.109 4.748
OGLE-BLG-RRLYR-16143  15.574 16.426  0.32036405 0.00000103  5000.30729  0.254  0.098 5.278  0.096 4.435
OGLE-BLG-RRLYR-16144  15.683 16.613  0.31595781 0.00000122  5000.25572  0.219  0.090 4.933  0.049 3.582
OGLE-BLG-RRLYR-16146  15.592 16.423  0.33759887 0.00000120  5000.26699  0.289  0.101 5.457  0.073 4.496
OGLE-BLG-RRLYR-16149  15.815 16.929  0.38801342 0.00000744  5000.21545  0.277  0.070 5.330  0.081 4.580
OGLE-BLG-RRLYR-16151  16.374 17.177  0.31281731 0.00000120  5000.02172  0.268  0.133 5.139  0.114 3.759
OGLE-BLG-RRLYR-16152  16.131 17.183  0.39568577 0.00000364  5000.19081  0.279  0.102 5.823  0.077 4.937
OGLE-BLG-RRLYR-16155  14.824 15.588  0.35779357 0.00000040  5000.10205  0.288  0.049 4.973  0.077 5.129
OGLE-BLG-RRLYR-16157  16.118 17.708  0.29842720 0.00000023  5000.18710  0.240  0.137 4.765  0.068 3.567
OGLE-BLG-RRLYR-16158  17.884 19.485  0.30310010 0.00000069  5000.08951  0.268  0.149 4.718  0.086 2.619
OGLE-BLG-RRLYR-16159  15.599 16.410  0.30088091 0.00000098  5000.17297  0.255  0.116 5.111  0.097 3.873
OGLE-BLG-RRLYR-16165  17.674 18.492  0.34037626 0.00000125  5000.07802  0.256  0.122 5.093  0.000   -  
OGLE-BLG-RRLYR-16167  15.560 16.119  0.28842237 0.00000055  5000.16738  0.256  0.106 4.855  0.079 4.132
OGLE-BLG-RRLYR-16174  15.298 16.126  0.31916895 0.00000069  5000.20368  0.256  0.101 4.993  0.076 4.559
OGLE-BLG-RRLYR-16176  15.853 17.078  0.30437025 0.00000174  5000.20900  0.253  0.160 4.820  0.132 3.185
OGLE-BLG-RRLYR-16179  15.191 15.916  0.43024393 0.00000115  5000.28085  0.245  0.063 3.801  0.047 5.434
OGLE-BLG-RRLYR-16180  15.209 15.847  0.33354457 0.00000067  5000.14498  0.273  0.117 5.006  0.044 4.232
OGLE-BLG-RRLYR-16183  15.754 16.695  0.26356227 0.00000116  5000.01960  0.122  0.113 4.358  0.000   -  
OGLE-BLG-RRLYR-16186  16.347 17.188  0.31735049 0.00000120  5000.31420  0.232  0.112 5.200  0.061 3.933
OGLE-BLG-RRLYR-16188  15.850 16.796  0.29008899 0.00000033  5000.13910  0.314  0.218 4.731  0.068 2.668
OGLE-BLG-RRLYR-16191  15.451 16.606  0.30834788 0.00000035  5000.14957  0.308  0.091 4.815  0.071 4.124
OGLE-BLG-RRLYR-16201  15.241 16.124  0.31643262 0.00000088  5000.16881  0.241  0.107 5.058  0.083 4.131
OGLE-BLG-RRLYR-16204  16.264 17.428  0.30319866 0.00000114  5000.23797  0.196  0.101 5.005  0.067 3.692
OGLE-BLG-RRLYR-16205  14.350 15.279  0.32480200 0.00000089  5000.30674  0.249  0.124 4.860  0.083 4.117
OGLE-BLG-RRLYR-16221  15.615 16.488  0.33524184 0.00000105  5000.12731  0.255  0.066 5.184  0.064 4.831
OGLE-BLG-RRLYR-16226  15.822 17.030  0.34848811 0.00000279  5000.11802  0.336  0.185 0.073  0.108 1.628
OGLE-BLG-RRLYR-16235  16.869 18.730  0.31013069 0.00000137  5000.04818  0.273  0.123 4.488  0.141 4.232
OGLE-BLG-RRLYR-16238  15.742 16.854  0.20426958 0.00000041  5000.15008  0.196  0.112 4.558  0.048 3.463
OGLE-BLG-RRLYR-16239  15.883 17.163  0.32398975 0.00000029  5000.10412  0.263  0.111 5.083  0.077 4.071
OGLE-BLG-RRLYR-16243  15.838 16.827  0.23377334 0.00000031  5000.06577  0.269  0.158 4.710  0.061 3.107
OGLE-BLG-RRLYR-16245  16.484 17.844  0.26390040 0.00000074  5000.14062  0.237  0.111 4.399  0.058 2.994
OGLE-BLG-RRLYR-16246  15.664 16.591  0.30567265 0.00000091  5000.16976  0.274  0.115 4.695  0.057 3.557
OGLE-BLG-RRLYR-16250  15.473 16.408  0.31918526 0.00000066  5000.16711  0.254  0.095 4.924  0.075 4.175
OGLE-BLG-RRLYR-16253  15.786 16.948  0.30511150 0.00000073  5000.25152  0.249  0.114 4.819  0.071 3.759
OGLE-BLG-RRLYR-16257  15.658 16.392  0.22207780 0.00000091  5000.20951  0.162  0.099 4.944  0.040 4.945
OGLE-BLG-RRLYR-16258  16.248 17.459  0.25629902 0.00000088  5000.20856  0.208  0.130 5.037  0.050 3.376
OGLE-BLG-RRLYR-16259  15.650 16.337  0.28661443 0.00000062  5000.14304  0.236  0.075 4.849  0.062 4.708
OGLE-BLG-RRLYR-16260  13.790    -    0.30847564 0.00000147  5000.23990  0.142  0.141 3.949  0.000   -  
OGLE-BLG-RRLYR-16262  14.843 15.653  0.42570464 0.00000116  5000.22356  0.191  0.106 3.687  0.028 1.181
OGLE-BLG-RRLYR-16265  16.584 18.268  0.31311260 0.00000029  5000.28788  0.251  0.101 5.110  0.090 4.083
OGLE-BLG-RRLYR-16268  15.071 15.640  0.25268376 0.00000047  5000.15701  0.252  0.135 4.747  0.085 3.277
OGLE-BLG-RRLYR-16270  16.077 17.531  0.29516367 0.00000027  5000.10154  0.322  0.196 4.818  0.078 3.110
OGLE-BLG-RRLYR-16272  15.617 16.350  0.33429773 0.00000085  5000.00151  0.258  0.069 5.046  0.065 4.406
OGLE-BLG-RRLYR-16277  15.770 17.057  0.32349259 0.00000026  5000.24753  0.245  0.101 5.007  0.064 4.309
OGLE-BLG-RRLYR-16278  15.269 16.464  0.31905202 0.00000069  5000.04795  0.240  0.089 5.072  0.062 4.203
OGLE-BLG-RRLYR-16292  16.064 17.162  0.26965556 0.00000034  5000.12069  0.246  0.118 5.048  0.033 3.770
OGLE-BLG-RRLYR-16293  15.994 17.131  0.31731091 0.00000245  5000.22196  0.247  0.083 5.233  0.069 3.851
OGLE-BLG-RRLYR-16295  16.734 18.158  0.31607422 0.00000037  5000.28964  0.250  0.089 5.063  0.061 4.264
OGLE-BLG-RRLYR-16299  15.026 15.701  0.35496681 0.00000203  5000.08738  0.302  0.068 4.806  0.082 5.080
OGLE-BLG-RRLYR-16308  14.597 15.528  0.26358809 0.00000009  5000.20968  0.243  0.129 4.831  0.061 3.725
OGLE-BLG-RRLYR-16310  15.570 16.312  0.28587162 0.00000070  5000.12801  0.286  0.139 4.760  0.110 3.362
OGLE-BLG-RRLYR-16311  15.798 16.984  0.38337568 0.00000159  5000.05067  0.227  0.051 0.497  0.046 4.446
OGLE-BLG-RRLYR-16313  15.791 16.798  0.36171453 0.00000212  5000.01689  0.205  0.062 3.711  0.000   -  
OGLE-BLG-RRLYR-16314  15.289 16.006  0.31612712 0.00000062  5000.28624  0.276  0.094 4.722  0.080 4.216
OGLE-BLG-RRLYR-16315  16.444 17.460  0.25782946 0.00000171  5000.20015  0.162  0.117 4.358  0.067 3.142
OGLE-BLG-RRLYR-16321  15.243 16.245  0.24735931 0.00000060  5000.08805  0.236  0.144 4.759  0.071 3.282
OGLE-BLG-RRLYR-16326  14.840 15.485  0.26249475 0.00000080  5000.20635  0.285  0.205 4.812  0.044 2.868
OGLE-BLG-RRLYR-16332  15.509 16.474  0.32194653 0.00000077  5000.03478  0.267  0.089 4.977  0.049 4.296
OGLE-BLG-RRLYR-16334  15.401 16.265  0.27923071 0.00000050  5000.23999  0.306  0.186 4.717  0.104 3.007
OGLE-BLG-RRLYR-16336  15.429 16.580  0.39534403 0.00000130  5000.03440  0.242  0.042 5.707  0.074 4.831
OGLE-BLG-RRLYR-16338  17.811 19.063  0.34087605 0.00000241  5000.22404  0.245  0.000   -    0.000   -  
OGLE-BLG-RRLYR-16347  15.608 16.620  0.34442649 0.00000170  5000.24017  0.292  0.101 5.122  0.107 4.144
OGLE-BLG-RRLYR-16348  15.743 16.804  0.26584969 0.00000206  5000.24891  0.286  0.226 4.771  0.121 3.108
OGLE-BLG-RRLYR-16359  15.472 16.495  0.25672594 0.00000065  5000.09080  0.142  0.106 4.658  0.000   -  
OGLE-BLG-RRLYR-16363  16.809 18.114  0.33804282 0.00000259  5000.14867  0.169  0.115 5.222  0.000   -  
OGLE-BLG-RRLYR-16372  16.124 17.243  0.31629063 0.00000105  5000.01439  0.252  0.097 5.125  0.056 4.024
OGLE-BLG-RRLYR-16373  16.072 17.113  0.28160395 0.00000079  5000.09711  0.284  0.129 4.804  0.091 3.459
OGLE-BLG-RRLYR-16378  15.911 16.917  0.32060943 0.00000128  5000.06326  0.254  0.084 4.618  0.079 4.594
OGLE-BLG-RRLYR-16388  15.514 16.534  0.26706853 0.00000070  5000.25175  0.286  0.196 4.772  0.068 2.840
OGLE-BLG-RRLYR-16389  15.556 16.415  0.32204843 0.00000095  5000.09615  0.257  0.103 4.877  0.073 4.125
OGLE-BLG-RRLYR-16392  15.919 17.635  0.32792681 0.00000126  5000.08110  0.264  0.123 5.213  0.083 3.942
OGLE-BLG-RRLYR-16405  15.632 16.553  0.26174140 0.00000052  5000.16327  0.271  0.182 4.822  0.069 3.056
OGLE-BLG-RRLYR-16411  15.760 16.804  0.28034645 0.00000102  5000.10173  0.282  0.167 4.675  0.100 3.444
OGLE-BLG-RRLYR-16415  17.986 18.984  0.32210277 0.00000249  5000.26713  0.305  0.207 4.773  0.000   -  
OGLE-BLG-RRLYR-16417  16.978 17.873  0.27114214 0.00000131  5000.22379  0.199  0.195 4.637  0.000   -  
OGLE-BLG-RRLYR-16418  15.771 17.057  0.29574641 0.00000086  5000.28969  0.297  0.138 4.882  0.089 3.585
OGLE-BLG-RRLYR-16419  15.068 16.134  0.36804529 0.00000102  5000.15629  0.273  0.062 5.578  0.073 4.571
OGLE-BLG-RRLYR-16423  15.586 16.551  0.31808155 0.00000287  5000.19746  0.261  0.097 4.152  0.069 3.239
OGLE-BLG-RRLYR-16425  15.793 17.052  0.31908765 0.00000398  5000.05594  0.289  0.091 5.151  0.078 5.139
OGLE-BLG-RRLYR-16433  15.837 16.753  0.36743785 0.00000300  5000.19344  0.257  0.052 2.138  0.074 5.108
OGLE-BLG-RRLYR-16435  15.006 15.926  0.34276476 0.00000161  5000.13100  0.151  0.098 5.289  0.053 3.693
OGLE-BLG-RRLYR-16438  15.310 16.157  0.36468389 0.00000122  5000.17746  0.263  0.082 5.459  0.071 4.982
OGLE-BLG-RRLYR-16443  15.746 16.741  0.32004295 0.00000089  5000.14450  0.233  0.079 5.131  0.068 4.373
OGLE-BLG-RRLYR-16444  16.220 17.518  0.33540241 0.00000143  5000.24382  0.258  0.079 5.387  0.065 4.364
OGLE-BLG-RRLYR-16448  15.455 16.380  0.28594450 0.00000065  5000.26271  0.278  0.151 4.765  0.104 3.186
OGLE-BLG-RRLYR-16449  16.955 18.101  0.36308652 0.00000198  5000.01941  0.303  0.130 5.183  0.081 3.996
OGLE-BLG-RRLYR-16452  14.907 15.912  0.33404656 0.00000062  5000.01328  0.281  0.093 5.162  0.088 4.021
OGLE-BLG-RRLYR-16454  15.645 16.594  0.32043004 0.00000086  5000.04242  0.252  0.094 5.037  0.070 4.353
OGLE-BLG-RRLYR-16456  15.400 16.507  0.24950115 0.00000061  5000.13086  0.185  0.131 4.575  0.096 3.276
OGLE-BLG-RRLYR-16461  15.292 16.305  0.36515745 0.00000127  5000.25909  0.209  0.061 4.734  0.043 4.064
OGLE-BLG-RRLYR-16463  15.729 16.660  0.23928404 0.00000088  5000.08148  0.131  0.053 4.477  0.000   -  
OGLE-BLG-RRLYR-16466  16.308 17.205  0.31981069 0.00000090  5000.19686  0.240  0.088 4.946  0.082 4.108
OGLE-BLG-RRLYR-16469  15.673 16.658  0.29314489 0.00000178  5000.16868  0.268  0.122 5.145  0.085 3.695
OGLE-BLG-RRLYR-16470  16.104 16.995  0.30234572 0.00000056  5000.27149  0.258  0.105 5.129  0.054 3.651
OGLE-BLG-RRLYR-16471  15.480 16.423  0.37255603 0.00000104  5000.10388  0.281  0.107 4.980  0.084 3.802
OGLE-BLG-RRLYR-16472  16.389 17.209  0.22519287 0.00000049  5000.12760  0.242  0.161 4.673  0.076 3.206
OGLE-BLG-RRLYR-16477  15.844 16.912  0.35356045 0.00000069  5000.21865  0.288  0.087 5.090  0.070 4.268
OGLE-BLG-RRLYR-16483  15.401 16.418  0.29639253 0.00000037  5000.06212  0.287  0.161 4.876  0.103 3.713
OGLE-BLG-RRLYR-16485  15.533 16.460  0.35076604 0.00000137  5000.22581  0.281  0.052 4.461  0.095 4.881
OGLE-BLG-RRLYR-16486  15.531 16.283  0.30013077 0.00000070  5000.07618  0.263  0.058 4.768  0.072 5.387
OGLE-BLG-RRLYR-16490  15.853    -    0.31619589 0.00000196  5000.04016  0.259  0.126 5.317  0.064 4.230
OGLE-BLG-RRLYR-16491  15.766 16.612  0.26549050 0.00000059  5000.21999  0.294  0.204 4.834  0.085 2.681
OGLE-BLG-RRLYR-16494  16.889 17.998  0.37259652 0.00000229  5000.01107  0.277  0.165 4.891  0.098 3.181
OGLE-BLG-RRLYR-16498  15.904 16.822  0.30725695 0.00000085  5000.21693  0.255  0.100 4.884  0.064 3.908
OGLE-BLG-RRLYR-16499  16.545 18.168  0.26692049 0.00000018  5000.23982  0.226  0.104 4.751  0.074 3.968
OGLE-BLG-RRLYR-16501  15.921 16.789  0.21012327 0.00000049  5000.16983  0.172  0.134 4.876  0.046 3.208
OGLE-BLG-RRLYR-16502  15.851 16.838  0.27967484 0.00000077  5000.16651  0.256  0.124 4.669  0.067 3.369
OGLE-BLG-RRLYR-16503  15.678 16.730  0.33547446 0.00000129  5000.14914  0.230  0.059 5.778  0.081 5.358
OGLE-BLG-RRLYR-16504  15.204 16.215  0.32965336 0.00000115  5000.14976  0.261  0.097 5.191  0.076 4.335
OGLE-BLG-RRLYR-16506  16.013 16.851  0.26332127 0.00000047  5000.22461  0.253  0.119 4.755  0.089 4.034
OGLE-BLG-RRLYR-16507  15.747 16.852  0.34150002 0.00000090  5000.13127  0.290  0.134 4.946  0.096 3.528
OGLE-BLG-RRLYR-16509  14.775 15.675  0.43969444 0.00000105  5000.41118  0.284  0.098 5.638  0.075 4.912
OGLE-BLG-RRLYR-16511  15.796 16.823  0.32197785 0.00000103  5000.27441  0.249  0.118 5.203  0.085 4.186
OGLE-BLG-RRLYR-16512  15.395 16.274  0.28120258 0.00000052  5000.13275  0.237  0.153 4.629  0.050 2.984
OGLE-BLG-RRLYR-16515  16.173 17.342  0.31159267 0.00000260  5000.26733  0.159  0.177 4.792  0.106 3.106
OGLE-BLG-RRLYR-16517  15.515 16.580  0.31770102 0.00000121  5000.21414  0.257  0.092 5.044  0.076 4.521
OGLE-BLG-RRLYR-16520  15.998 17.008  0.31958889 0.00000208  5000.02030  0.234  0.069 6.015  0.107 4.737
OGLE-BLG-RRLYR-16527  16.579 18.289  0.38224271 0.00000250  5000.28239  0.262  0.092 5.608  0.066 4.390
OGLE-BLG-RRLYR-16529  15.495 16.604  0.33547630 0.00000090  5000.00641  0.267  0.091 5.089  0.089 4.107
OGLE-BLG-RRLYR-16532  16.819 18.222  0.28421749 0.00000080  5000.01071  0.210  0.101 3.940  0.063 1.818
OGLE-BLG-RRLYR-16534  16.150 17.266  0.28152407 0.00000065  5000.18337  0.292  0.147 4.839  0.090 3.533
OGLE-BLG-RRLYR-16536  15.679 16.788  0.25616167 0.00000057  5000.04253  0.267  0.180 4.664  0.055 2.883
OGLE-BLG-RRLYR-16542  16.118 17.059  0.28476167 0.00000163  5000.10142  0.317  0.189 4.274  0.118 2.733
OGLE-BLG-RRLYR-16546  16.765 18.565  0.32060234 0.00000043  5000.04606  0.241  0.080 4.674  0.064 4.368
OGLE-BLG-RRLYR-16548  15.785 17.218  0.32876926 0.00000038  5000.02446  0.251  0.086 5.136  0.071 4.312
OGLE-BLG-RRLYR-16551  16.796 18.641  0.27331261 0.00000022  5000.05901  0.264  0.137 4.634  0.084 3.217
OGLE-BLG-RRLYR-16561  16.072 16.949  0.33333446 0.00000122  5000.29113  0.228  0.133 4.719  0.063 3.704
OGLE-BLG-RRLYR-16564  15.641 16.749  0.28510481 0.00000113  5000.12273  0.304  0.181 4.891  0.105 3.386
OGLE-BLG-RRLYR-16569  15.742 16.528  0.26613358 0.00000040  5000.24413  0.288  0.162 4.888  0.055 3.151
OGLE-BLG-RRLYR-16570  15.299 16.299  0.27693727 0.00000050  5000.05346  0.179  0.096 4.772  0.000   -  
OGLE-BLG-RRLYR-16571  15.092 16.102  0.36239058 0.00000230  5000.29853  0.267  0.079 4.947  0.069 5.517
OGLE-BLG-RRLYR-16577  17.300 18.916  0.27759475 0.00000047  5000.07556  0.226  0.103 4.942  0.078 4.904
OGLE-BLG-RRLYR-16578  16.579 18.285  0.33269299 0.00000045  5000.07971  0.243  0.109 5.323  0.063 4.406
OGLE-BLG-RRLYR-16579  15.502 16.443  0.31096539 0.00000152  5000.14655  0.244  0.104 5.003  0.098 4.083
OGLE-BLG-RRLYR-16581  15.184 16.140  0.22611150 0.00000158  5000.08177  0.149  0.183 4.321  0.048 0.278
OGLE-BLG-RRLYR-16582  16.576 18.133  0.28833918 0.00000026  5000.06213  0.323  0.142 4.912  0.078 3.600
OGLE-BLG-RRLYR-16585  15.517 16.452  0.25036548 0.00000083  5000.03795  0.220  0.106 4.965  0.089 3.857
OGLE-BLG-RRLYR-16586  15.992 17.270  0.30211486 0.00000042  5000.25137  0.222  0.111 4.944  0.068 4.477
OGLE-BLG-RRLYR-16587  16.598 18.254  0.27036984 0.00000023  5000.01660  0.286  0.171 4.838  0.057 3.076
OGLE-BLG-RRLYR-16597  15.306 16.823  0.36634682 0.00000028  5000.06310  0.278  0.042 4.949  0.064 5.043
OGLE-BLG-RRLYR-16600  16.199 17.183  0.25342599 0.00000111  5000.02618  0.270  0.195 4.662  0.046 3.567
OGLE-BLG-RRLYR-16606  15.693 16.715  0.32012644 0.00000084  5000.14243  0.251  0.087 4.957  0.073 4.211
OGLE-BLG-RRLYR-16609  15.954 17.111  0.30202587 0.00000083  5000.04185  0.293  0.129 4.604  0.074 3.531
OGLE-BLG-RRLYR-16613  15.888 16.866  0.25180957 0.00000068  5000.24440  0.184  0.143 4.349  0.000   -  
OGLE-BLG-RRLYR-16619  15.635 16.632  0.33415654 0.00000096  5000.13500  0.270  0.130 4.661  0.065 3.842
OGLE-BLG-RRLYR-16623  15.498 16.473  0.37354960 0.00000187  5000.03613  0.292  0.027 5.943  0.060 4.287
OGLE-BLG-RRLYR-16625  16.339 17.642  0.37324884 0.00000145  5000.11797  0.327  0.208 4.707  0.083 2.942
OGLE-BLG-RRLYR-16626  15.496 16.532  0.35486599 0.00000722  5000.26844  0.346  0.068 0.876  0.111 1.780
OGLE-BLG-RRLYR-16635  15.412 16.403  0.30864044 0.00000048  5000.25619  0.291  0.141 4.751  0.098 3.814
OGLE-BLG-RRLYR-16647  16.179 17.065  0.27301047 0.00000061  5000.15928  0.305  0.164 4.950  0.087 3.331
OGLE-BLG-RRLYR-16648  15.094 15.871  0.34885150 0.00000300  5000.34003  0.267  0.134 4.543  0.073 4.589
OGLE-BLG-RRLYR-16649  15.389 16.634  0.33694455 0.00000059  5000.30175  0.271  0.089 5.170  0.079 4.077
OGLE-BLG-RRLYR-16659  16.320 17.831  0.27365401 0.00000038  5000.26850  0.247  0.152 4.777  0.061 2.638
OGLE-BLG-RRLYR-16673  17.977 18.973  0.32233299 0.00000218  5000.04985  0.305  0.156 4.768  0.000   -  
OGLE-BLG-RRLYR-16678  15.564 16.500  0.32299498 0.00000135  5000.16757  0.251  0.092 4.929  0.045 5.017
OGLE-BLG-RRLYR-16679  16.338 17.547  0.27199940 0.00000022  5000.12715  0.178  0.157 4.537  0.000   -  
OGLE-BLG-RRLYR-16681  15.714 16.795  0.31855233 0.00000207  5000.26929  0.264  0.067 5.235  0.085 4.536
OGLE-BLG-RRLYR-16691  15.477 16.401  0.34541116 0.00000574  5000.23287  0.405  0.221 5.747  0.192 4.041
OGLE-BLG-RRLYR-16694  15.595 16.373  0.31718708 0.00000083  5000.06750  0.250  0.097 4.880  0.067 4.447
OGLE-BLG-RRLYR-16695  16.217 17.799  0.31577111 0.00000033  5000.00764  0.246  0.086 4.774  0.072 4.244
OGLE-BLG-RRLYR-16699  15.118 15.855  0.29014770 0.00000083  5000.19127  0.220  0.103 4.909  0.088 4.082
OGLE-BLG-RRLYR-16700  16.450 17.939  0.31831628 0.00000026  5000.20427  0.284  0.102 5.023  0.070 3.819
OGLE-BLG-RRLYR-16701  16.161 17.532  0.27003834 0.00000015  5000.06885  0.277  0.191 4.768  0.097 3.122
OGLE-BLG-RRLYR-16702  15.916 17.175  0.31174662 0.00000017  5000.29081  0.282  0.092 5.134  0.076 4.353
OGLE-BLG-RRLYR-16711  17.787 19.055  0.31897922 0.00000049  5000.05641  0.264  0.165 4.633  0.086 3.526
OGLE-BLG-RRLYR-16712  14.902 15.579  0.28038719 0.00000056  5000.05288  0.226  0.123 5.047  0.074 3.269
OGLE-BLG-RRLYR-16713  16.209 17.504  0.30190465 0.00000027  5000.09559  0.264  0.114 4.888  0.061 4.022
OGLE-BLG-RRLYR-16718  14.897    -    0.30129354 0.00000108  5000.17333  0.261  0.120 4.941  0.098 3.918
OGLE-BLG-RRLYR-16720  15.458 16.604  0.32100177 0.00000124  5000.12011  0.260  0.087 4.947  0.068 4.207
OGLE-BLG-RRLYR-16723  16.501 17.570  0.34170282 0.00000073  5000.15135  0.280  0.091 5.076  0.000   -  
OGLE-BLG-RRLYR-16726  15.858 17.070  0.24770065 0.00000020  5000.10817  0.179  0.107 4.682  0.028 4.091
OGLE-BLG-RRLYR-16731  16.669 17.616  0.25909470 0.00000080  5000.25643  0.302  0.161 4.692  0.083 3.236
OGLE-BLG-RRLYR-16733  15.154 15.987  0.30875531 0.00000109  5000.19855  0.181  0.168 4.482  0.027 4.848
OGLE-BLG-RRLYR-16735  15.825 16.876  0.27130077 0.00000142  5000.24575  0.311  0.243 4.678  0.056 3.655
OGLE-BLG-RRLYR-16736  16.009 17.003  0.25010609 0.00000077  5000.15048  0.187  0.065 4.704  0.099 4.290
OGLE-BLG-RRLYR-16737  15.506 16.361  0.33272320 0.00000111  5000.04120  0.266  0.090   -    0.069   -  
OGLE-BLG-RRLYR-16742  15.738 17.090  0.37982664 0.00000082  5000.22238  0.271  0.047 5.102  0.082 5.163
OGLE-BLG-RRLYR-16743  16.141 17.598  0.29145013 0.00000015  5000.28998  0.270  0.141 4.753  0.083 3.517
OGLE-BLG-RRLYR-16744  14.578 15.981  0.24390638 0.00000011  5000.09804  0.232  0.116 4.694  0.074 3.679
OGLE-BLG-RRLYR-16750  15.716 16.676  0.30439766 0.00000094  5000.27522  0.258  0.127 4.770  0.069 4.004
OGLE-BLG-RRLYR-16753  15.851 16.671  0.33295744 0.00000092  5000.08810  0.242  0.116 5.037  0.063 4.025
OGLE-BLG-RRLYR-16755  17.771 18.471  0.32210931 0.00000224  5000.09501  0.316  0.137 4.438  0.000   -  
OGLE-BLG-RRLYR-16756  15.915 16.723  0.26568656 0.00000055  5000.17437  0.307  0.213 4.790  0.071 2.788
OGLE-BLG-RRLYR-16758  15.052 16.206  0.27129490 0.00000010  5000.07458  0.304  0.180 4.761  0.089 2.951
OGLE-BLG-RRLYR-16759  15.936 17.100  0.39439310 0.00000214  5000.06311  0.254  0.027 1.755  0.071 3.269
OGLE-BLG-RRLYR-16761  15.010 15.816  0.38797864 0.00000280  5000.13033  0.271  0.021 3.245  0.000   -  
OGLE-BLG-RRLYR-16762  15.712 16.662  0.34872019 0.00000106  5000.20609  0.252  0.117 4.805  0.052 3.724
OGLE-BLG-RRLYR-16766  16.474 17.481  0.36990169 0.00000212  5000.00900  0.247  0.044 5.015  0.078 5.215
OGLE-BLG-RRLYR-16767  16.335 17.071  0.24137232 0.00000071  5000.18527  0.227  0.113 4.603  0.056 3.288
OGLE-BLG-RRLYR-16771  15.323 16.153  0.30157720 0.00000107  5000.15395  0.288  0.145 4.868  0.110 3.437
OGLE-BLG-RRLYR-16786  15.356 16.082  0.32628362 0.00000094  5000.23918  0.248  0.081 4.933  0.076 4.253
OGLE-BLG-RRLYR-16788  16.586 17.856  0.33256315 0.00000271  5000.06089  0.234  0.186 4.806  0.128 3.616
OGLE-BLG-RRLYR-16789  15.805 16.619  0.25710715 0.00000175  5000.09402  0.229  0.132 4.384  0.000   -  
OGLE-BLG-RRLYR-16790  15.340 16.322  0.29836572 0.00000094  5000.01820  0.248  0.128 4.770  0.093 3.934
OGLE-BLG-RRLYR-16812  16.506 17.548  0.39134546 0.00000304  5000.19501  0.256  0.076 0.611  0.056 4.534
OGLE-BLG-RRLYR-16813  17.337 18.367  0.33601214 0.00000163  5000.20632  0.271  0.175 4.922  0.069 3.604
OGLE-BLG-RRLYR-16815  15.974 17.390  0.38299761 0.00000383  5000.21936  0.242  0.095 3.828  0.109 3.601
OGLE-BLG-RRLYR-16817  15.833 16.903  0.27655253 0.00000088  5000.10358  0.237  0.088 4.963  0.073 4.450
OGLE-BLG-RRLYR-16820  15.745 16.836  0.25380336 0.00000156  5000.19446  0.216  0.127 4.753  0.000   -  
OGLE-BLG-RRLYR-16825  14.850 15.942  0.40637361 0.00001021  5000.18304  0.249  0.000   -    0.190 5.072
OGLE-BLG-RRLYR-16826  15.998 17.111  0.33137151 0.00000094  5000.25938  0.258  0.107 5.005  0.057 4.034
