object_id,catalog_type,catalog_period,catalog_epoch,catalog_secondary_period,catalog_secondary_epoch,period_mode,region,file,sha256,n_observations,baseline_days,has_errors,candidate_rank,period,epoch,period_source,display_harmonics,display_weighted_residual,display_bic,phase_observations
OGLE-GD-RRLYR-00001,RRab,0.55556356,7000.12295,,,fundamental,GD,data/ogle_gd_1000/photometry/OGLE-GD-RRLYR-00001.dat,23c4fa6d6c15bfef41dc5f15a1f7ef66625311afff4dcacbc22c2833c951990a,99,854.7081499999995,True,462,0.55556356,7000.12295,OGLE catalog,4,0.08313113459659721,-659.807048836129,99
OGLE-GD-RRLYR-00022,RRab,0.48028804,7000.06137,,,fundamental,GD,data/ogle_gd_1000/photometry/OGLE-GD-RRLYR-00022.dat,faad70df20adbc7a6ff262e75bfbbc4171d02b81ea7161555c2fc59c89d7241b,173,2236.9014499999994,True,129,0.48028804,7000.06137,OGLE catalog,3,0.8545309528338507,-882.6424464861517,173
OGLE-GD-RRLYR-00030,RRab,0.50819538,7000.26141,,,fundamental,GD,data/ogle_gd_1000/photometry/OGLE-GD-RRLYR-00030.dat,15057800cd78e9e7757a8513da8e246c359e918791271e2d6a8fbd01a1b5b1ab,168,2236.8807399999996,True,739,0.50819538,7000.26141,OGLE catalog,4,0.5013870949919557,-930.6935804236701,168
OGLE-GD-RRLYR-00034,RRab,0.63361947,7000.56788,,,fundamental,GD,data/ogle_gd_1000/photometry/OGLE-GD-RRLYR-00034.dat,19815ea21b644e89cd16bb4860b29786c85fc1bf743aa969ad944e540b0592a8,169,2270.851889999999,True,628,0.63361947,7000.56788,OGLE catalog,2,0.33101469245664455,-1028.1485245365018,169
OGLE-GD-RRLYR-00050,RRab,0.57697986,7000.43514,,,fundamental,GD,data/ogle_gd_1000/photometry/OGLE-GD-RRLYR-00050.dat,a8392c46ae9a92b147ca5a273380d700a2a9f7676e9f2520abfd838706164979,91,156.65705999999955,True,950,0.57697986,7000.43514,OGLE catalog,3,0.3697070961497404,-469.4612224652856,91
OGLE-GD-RRLYR-00051,RRd,0.4128687,7000.05986,0.55302029,7000.25642,first overtone,GD,data/ogle_gd_1000/photometry/OGLE-GD-RRLYR-00051.dat,b39a866d789c43599209d46e0f7e9d6504fbe7f3a64343265e4e61e539cb06eb,92,156.66095999999925,True,907,0.4128687,7000.05986,OGLE catalog,2,0.16952539258942168,-556.6728412259788,92
OGLE-GD-RRLYR-00058,RRab,0.40195602,7000.15867,,,fundamental,GD,data/ogle_gd_1000/photometry/OGLE-GD-RRLYR-00058.dat,dfd9a6a38e18d5526e7ac09ca3eee29ba6eef0e53ece37983e2863c9071e8bcc,147,1951.7118,True,597,0.40195602,7000.15867,OGLE catalog,4,0.15888144600569895,-959.1004526653727,147
OGLE-GD-RRLYR-00104,RRab,0.6052718,7000.37328,,,fundamental,GD,data/ogle_gd_1000/photometry/OGLE-GD-RRLYR-00104.dat,7f35af1bdcef868ca31124b69882062c5eb30d5a5f6108fbfd8ad05a37026a06,155,1956.75811,True,153,0.6052718,7000.37328,OGLE catalog,4,0.05599644383360543,-1183.1224665215914,155
OGLE-GD-RRLYR-00115,RRab,0.55660583,7000.52338,,,fundamental,GD,data/ogle_gd_1000/photometry/OGLE-GD-RRLYR-00115.dat,72a64aea73b7f5fa2bddd011329c9dc58d2f61a74b13487b3d5aac5094260572,150,1956.7567299999992,True,532,0.55660583,7000.52338,OGLE catalog,4,0.24762746955263218,-915.8740466265067,150
OGLE-GD-RRLYR-00180,RRab,0.4632516,7000.44413,,,fundamental,GD,data/ogle_gd_1000/photometry/OGLE-GD-RRLYR-00180.dat,f18797fed6931bbb499a22ec42d9cc656e119ccedbb242b4637c714b2365d024,154,1986.6591799999997,True,979,0.4632516,7000.44413,OGLE catalog,4,0.4042637964860718,-869.8340258362807,154
OGLE-GD-RRLYR-00212,RRab,0.61015351,7000.52423,,,fundamental,GD,data/ogle_gd_1000/photometry/OGLE-GD-RRLYR-00212.dat,0088f918e74f98009cf8a2b9ae273d8e9f25ac30c64c09207284d4fa503f17a8,166,1981.7060199999996,True,740,0.61015351,7000.52423,OGLE catalog,4,0.04618424870450425,-1313.0514178143155,166
OGLE-GD-RRLYR-00217,RRab,0.56650025,7000.24446,,,fundamental,GD,data/ogle_gd_1000/photometry/OGLE-GD-RRLYR-00217.dat,7e9110556e48c7edad1e870e1be81032556e0b8e21213823764ac43368d74195,105,359.99360999999953,True,66,0.56650025,7000.24446,OGLE catalog,4,0.04159948156626345,-780.6452889000334,105
OGLE-GD-RRLYR-00224,RRab,0.51702062,7000.151,,,fundamental,GD,data/ogle_gd_1000/photometry/OGLE-GD-RRLYR-00224.dat,5eb1d2b13f9b1071a472cf6f677aa84a4cac207a6542a3d5ab24e2f5533c8d7c,168,2309.68418,True,457,0.51702062,7000.151,OGLE catalog,4,0.12443847350751036,-1164.8128435442743,168
OGLE-GD-RRLYR-00229,RRab,0.56325739,7000.15016,,,fundamental,GD,data/ogle_gd_1000/photometry/OGLE-GD-RRLYR-00229.dat,2339fc170b75b54abd37bf09c15332de53ba4ee31e726c58692dc97e1cac478d,167,2309.6843800000006,True,683,0.56325739,7000.15016,OGLE catalog,4,0.33655368291400634,-990.5056231390921,167
OGLE-GD-RRLYR-00241,RRab,0.55043127,7000.24872,,,fundamental,GD,data/ogle_gd_1000/photometry/OGLE-GD-RRLYR-00241.dat,01910837079f2a5a4682cfc1737c977ac12959086a9e0eb4de8a60aed33c067d,164,1981.7057299999988,True,790,0.55043127,7000.24872,OGLE catalog,4,0.21384567840792032,-1043.4494034102902,164
OGLE-GD-RRLYR-00246,RRc,0.30873115,7000.26509,,,first overtone,GD,data/ogle_gd_1000/photometry/OGLE-GD-RRLYR-00246.dat,75cf2a023dee25af1a0ba8ffdcd8b91d355819482f47ccd32703e4b29c4074ad,114,213.5955900000008,True,608,0.30873115,7000.26509,OGLE catalog,3,0.02143477010423743,-944.8456970616916,114
OGLE-GD-RRLYR-00258,RRab,0.60790466,7000.19941,,,fundamental,GD,data/ogle_gd_1000/photometry/OGLE-GD-RRLYR-00258.dat,02b1b434e50455318dfb5085de2af62a80fc331d37447f0439e22f1d6ae3a3cb,171,2309.6785500000005,True,614,0.60790466,7000.19941,OGLE catalog,4,0.13761465098340853,-1172.0934343141566,171
OGLE-GD-RRLYR-00263,RRab,0.68339252,7000.58289,,,fundamental,GD,data/ogle_gd_1000/photometry/OGLE-GD-RRLYR-00263.dat,f50b918b636e77e7d78ae49f514970c8baad5550657ea25b0970c3684553a4e5,115,213.5958499999997,True,235,0.68339252,7000.58289,OGLE catalog,4,0.026320147506760087,-921.2661709472665,115
OGLE-GD-RRLYR-00267,RRab,0.58236329,7000.34618,,,fundamental,GD,data/ogle_gd_1000/photometry/OGLE-GD-RRLYR-00267.dat,46273ec35427bb3b0aac1911381162ee684e3ac3929232b1760a16324a5e753c,160,1981.70434,True,286,0.58236329,7000.34618,OGLE catalog,4,0.08977660134418822,-1152.0201903759246,160
OGLE-GD-RRLYR-00303,RRab,0.63744992,7000.04454,,,fundamental,GD,data/ogle_gd_1000/photometry/OGLE-GD-RRLYR-00303.dat,70d687196aebc0afeaed3d325685be4db9dd92ceb4304fb82c04114f2fee7725,111,206.63424000000123,True,504,0.63744992,7000.04454,OGLE catalog,4,0.2454237237835972,-636.301448130049,111
OGLE-GD-RRLYR-00311,RRc,0.32666636,7000.02031,,,first overtone,GD,data/ogle_gd_1000/photometry/OGLE-GD-RRLYR-00311.dat,94ce2c0bd23821c4222ed7159a56ee5bf86707d8235196de85b75d5719fee2fb,167,2312.671079999999,True,811,0.32666636,7000.02031,OGLE catalog,4,0.03853160363332246,-1352.4411980001353,167
OGLE-GD-RRLYR-00321,RRab,0.54840663,7000.01344,,,fundamental,GD,data/ogle_gd_1000/photometry/OGLE-GD-RRLYR-00321.dat,e60bf84e0e5fa0ce7825084ba7bf7af582028bb6f85ec24982e1b00078bd5091,164,2312.670360000001,True,562,0.54840663,7000.01344,OGLE catalog,4,0.27624533075820923,-1001.459708590973,164
OGLE-GD-RRLYR-00343,RRab,0.54281239,7000.2593,,,fundamental,GD,data/ogle_gd_1000/photometry/OGLE-GD-RRLYR-00343.dat,a3dfc36ebe537d2d5ffe7e9d875ec68cb7dc8fc143644644586a46c76fc75841,111,211.6237000000001,True,428,0.54281239,7000.2593,OGLE catalog,4,0.028101932126249632,-876.8548615470684,111
OGLE-GD-RRLYR-00347,RRc,0.229168,7000.06911,,,first overtone,GD,data/ogle_gd_1000/photometry/OGLE-GD-RRLYR-00347.dat,f6968d011295e56bb3948447c60b18aa8802c5dbb3e0d21bcd7e249eb2a18c36,163,2312.670799999999,True,759,0.229168,7000.06911,OGLE catalog,2,0.015219939425810866,-1486.991803481071,163
OGLE-GD-RRLYR-00358,RRc,0.42779465,7000.2025,,,first overtone,GD,data/ogle_gd_1000/photometry/OGLE-GD-RRLYR-00358.dat,100b7b3d7bf860a45ea351e4b2e1c29d0cc4ecf5743e8da8918d3ba96e3a35b6,108,230.5769299999993,True,397,0.42779465,7000.2025,OGLE catalog,2,0.08250154630145869,-751.7128466128645,108
OGLE-GD-RRLYR-00363,RRab,0.55732736,7000.19778,,,fundamental,GD,data/ogle_gd_1000/photometry/OGLE-GD-RRLYR-00363.dat,ad424c0ef1b27ca96ee4ad9929e6e7f50edb38f251718ba2fa04bc1d93277eba,163,2312.669759999999,True,756,0.55732736,7000.19778,OGLE catalog,4,0.057539058912403136,-1249.8500089702136,163
OGLE-GD-RRLYR-00402,RRab,0.51158652,7000.46801,,,fundamental,GD,data/ogle_gd_1000/photometry/OGLE-GD-RRLYR-00402.dat,a2e716b4ab45ab33c0beed329cf38cbd05edea0a6c6d308ac6e3bc962fb6c298,106,230.5768500000013,True,436,0.51158652,7000.46801,OGLE catalog,4,0.09986290708892996,-696.573030173778,106
OGLE-GD-RRLYR-00414,RRc,0.34023692,7000.16734,,,first overtone,GD,data/ogle_gd_1000/photometry/OGLE-GD-RRLYR-00414.dat,cfc253da0e87dd8148a56cd3edda54656634df50607c4d3bf9af939d1a31eb78,130,2310.619909999999,True,815,0.34023692,7000.16734,OGLE catalog,3,0.019746651114480585,-1108.9270149647614,130
OGLE-GD-RRLYR-00420,RRab,0.48898643,7000.04502,,,fundamental,GD,data/ogle_gd_1000/photometry/OGLE-GD-RRLYR-00420.dat,f4512e7df951b6f787d3f816a9e19ca9be532aaa76c454da1d8cc861c55c651a,162,2309.6145100000003,True,723,0.48898643,7000.04502,OGLE catalog,4,0.1747561327189759,-1060.9891755775868,162
OGLE-GD-RRLYR-00444,RRab,0.47160667,7000.14974,,,fundamental,GD,data/ogle_gd_1000/photometry/OGLE-GD-RRLYR-00444.dat,0562bf13358e1664f8951e11ade0811f4e9c2071bbec86abf947e7d639a9dcfe,163,2309.6145100000003,True,613,0.47160667,7000.14974,OGLE catalog,4,0.16261281715261813,-1080.5080020920464,163
OGLE-GD-RRLYR-00477,RRab,0.44186152,7000.40387,,,fundamental,GD,data/ogle_gd_1000/photometry/OGLE-GD-RRLYR-00477.dat,e682398685fdcd407c61b8567732446254b33e02c31fdcb1ec6e41ae60c7f3d9,162,2309.61423,True,146,0.44186152,7000.40387,OGLE catalog,4,0.1024452702594418,-1147.5073439048872,162
OGLE-GD-RRLYR-00482,RRab,0.56139676,7000.38847,,,fundamental,GD,data/ogle_gd_1000/photometry/OGLE-GD-RRLYR-00482.dat,81d717b3779f47c5a94cf0d4f68112be5d286ac9a3b0ef9aeb23b67baa48d9e9,181,2340.5963899999997,True,777,0.56139676,7000.38847,OGLE catalog,4,0.09167897486775242,-1326.6341489737183,181
OGLE-GD-RRLYR-00505,RRab,0.40444061,7000.33715,,,fundamental,GD,data/ogle_gd_1000/photometry/OGLE-GD-RRLYR-00505.dat,4356f5af79fbb3bdec836a50eb6742f4e3caf3e5659a573960132cab762cfa6c,103,229.63592999999855,True,465,0.40444061,7000.33715,OGLE catalog,2,0.27239961347427216,-588.1534085846735,103
OGLE-GD-RRLYR-00542,RRab,0.41684331,7000.35069,,,fundamental,GD,data/ogle_gd_1000/photometry/OGLE-GD-RRLYR-00542.dat,e80e5a2fa947b634350c98f779f5a169c3382bfb47efce8dae68b53eb18cb323,176,2327.6151899999995,True,358,0.41684331,7000.35069,OGLE catalog,4,0.07770864791966539,-1313.1136434691055,176
OGLE-GD-RRLYR-00552,RRab,0.63311381,7000.3675,,,fundamental,GD,data/ogle_gd_1000/photometry/OGLE-GD-RRLYR-00552.dat,bc146ce6b4afa3f59c6fb93c3d6b012d065c2f8d3c68b33d0ad2132f2229a72d,176,2327.6159,True,668,0.63311381,7000.3675,OGLE catalog,4,0.3571489842599763,-1044.680825177839,176
OGLE-GD-RRLYR-00558,RRab,0.55857925,7000.15486,,,fundamental,GD,data/ogle_gd_1000/photometry/OGLE-GD-RRLYR-00558.dat,b18e9d4b5ed2d756aba84633fbdf4e2d25fe52314acbefbe342cf26aa5b50820,173,2327.614049999999,True,883,0.55857925,7000.15486,OGLE catalog,3,0.40893072182942103,-1010.144651917656,173
OGLE-GD-RRLYR-00577,RRab,0.48653125,7000.38201,,,fundamental,GD,data/ogle_gd_1000/photometry/OGLE-GD-RRLYR-00577.dat,b12fcb37dc0e8ad471fe19df458119e11023549855ae0ce60c5d6315cb5e25df,174,2327.6156900000005,True,361,0.48653125,7000.38201,OGLE catalog,3,0.8192805671475873,-896.2454254565562,174
OGLE-GD-RRLYR-00578,RRab,0.55011381,7000.37373,,,fundamental,GD,data/ogle_gd_1000/photometry/OGLE-GD-RRLYR-00578.dat,c3a994dd7e795c931832c8e43f66e5d2af15b6a67b0d920b86f895dfe0beba9b,143,853.6975799999991,True,575,0.55011381,7000.37373,OGLE catalog,4,0.1686999459876633,-919.5087866273755,143
OGLE-GD-RRLYR-00580,RRab,0.42184197,7000.39296,,,fundamental,GD,data/ogle_gd_1000/photometry/OGLE-GD-RRLYR-00580.dat,bf81c1cf757145b1b8e68b763408d033007c3dbc27ae3a20a4d47490f83e8e85,181,2339.574889999999,True,652,0.42184197,7000.39296,OGLE catalog,4,0.01917029696453671,-1609.8866641772756,181
OGLE-GD-RRLYR-00582,RRc,0.28757338,7000.26881,,,first overtone,GD,data/ogle_gd_1000/photometry/OGLE-GD-RRLYR-00582.dat,da42d0b2eff834d21136d29b09f87d0da48814490c2d50d14fff72ab88931052,144,853.6982499999995,True,248,0.28757338,7000.26881,OGLE catalog,4,0.018720892712846597,-1243.7733729269016,144
OGLE-GD-RRLYR-00607,RRab,0.51153362,7000.07278,,,fundamental,GD,data/ogle_gd_1000/photometry/OGLE-GD-RRLYR-00607.dat,eb3e3ad4311fa1c32cdd6c83f02fe87d713984061c98f73d3a417828ae1b6a2f,176,2333.5988799999996,True,185,0.51153362,7000.07278,OGLE catalog,4,0.5412314782688223,-971.5186739863259,176
OGLE-GD-RRLYR-00620,RRab,0.51917957,7000.01556,,,fundamental,GD,data/ogle_gd_1000/photometry/OGLE-GD-RRLYR-00620.dat,6783f65d8215d3d94e0d8bc3d475e0a2f02f2357de603f47f8e1042e84c45973,143,853.6975799999991,True,549,0.51917957,7000.01556,OGLE catalog,4,0.38005430046224653,-803.3652635487699,143
OGLE-GD-RRLYR-00631,RRab,0.42675328,7000.28613,,,fundamental,GD,data/ogle_gd_1000/photometry/OGLE-GD-RRLYR-00631.dat,e3ce9a8eed7ae110eb92056baf9bfb000e6869c8f622c81518d6f0b863dd6962,178,2339.5727099999995,True,43,0.42675328,7000.28613,OGLE catalog,4,0.10838296692089894,-1271.252431460102,178
OGLE-GD-RRLYR-00632,RRab,0.56794403,7000.26399,,,fundamental,GD,data/ogle_gd_1000/photometry/OGLE-GD-RRLYR-00632.dat,6a3420aa9a661b5607132ada3155cf1b38d4a4169e031fa171d93af17c4faabf,178,2339.5727099999995,True,568,0.56794403,7000.26399,OGLE catalog,3,0.27080658841585603,-1118.6153598640387,178
OGLE-GD-RRLYR-00636,RRab,0.58610492,7000.10947,,,fundamental,GD,data/ogle_gd_1000/photometry/OGLE-GD-RRLYR-00636.dat,be825f5ccb1b3d32faa5699b8642507aead8dd12dad47b1bc1091efaef23dbb0,178,2339.57402,True,5,0.58610492,7000.10947,OGLE catalog,4,0.052669772946392295,-1399.7024330328204,178
OGLE-GD-RRLYR-00642,RRab,0.5952284,7000.36977,,,fundamental,GD,data/ogle_gd_1000/photometry/OGLE-GD-RRLYR-00642.dat,4752fcdd7ab3d90517cd2da02f5682c30911c517e7e7579356632395b958406e,127,2339.5745399999996,True,409,0.5952284,7000.36977,OGLE catalog,4,0.05365675705493203,-943.1078558021263,127
OGLE-GD-RRLYR-00645,RRab,0.60020602,7000.13907,,,fundamental,GD,data/ogle_gd_1000/photometry/OGLE-GD-RRLYR-00645.dat,9b6c6c1209b33c4fb1c6d5fbee8a5243a05f2b404e99f309a8d19a8ced5c03ce,176,2339.57323,True,711,0.60020602,7000.13907,OGLE catalog,4,0.3296513123237181,-1058.781514166088,176
OGLE-GD-RRLYR-00657,RRab,0.54748549,7000.28111,,,fundamental,GD,data/ogle_gd_1000/photometry/OGLE-GD-RRLYR-00657.dat,9e310987a0e3b826f99d3408e75c6b05a078689c19778ed22b807cbb3303af47,176,2339.5727100000004,True,423,0.54748549,7000.28111,OGLE catalog,4,0.0809798723615985,-1305.856444612396,176
OGLE-GD-RRLYR-00664,RRab,0.62240429,7000.50216,,,fundamental,GD,data/ogle_gd_1000/photometry/OGLE-GD-RRLYR-00664.dat,9a6bf5fe084ba9a29f9de9ea820eefeb1130500ca2b129b478b74b7a977976ef,145,853.69805,True,61,0.62240429,7000.50216,OGLE catalog,4,0.1670070010466274,-936.3451229955333,145
OGLE-GD-RRLYR-00666,RRc,0.35597626,7000.26488,,,first overtone,GD,data/ogle_gd_1000/photometry/OGLE-GD-RRLYR-00666.dat,caef552b03cd7adf810b9be076d065413b73b48734a0d0832b52d8d8bec68324,142,853.6978200000003,True,217,0.35597626,7000.26488,OGLE catalog,2,0.12080950311734055,-979.0710335221418,142
OGLE-GD-RRLYR-00674,RRab,0.68524801,7000.41547,,,fundamental,GD,data/ogle_gd_1000/photometry/OGLE-GD-RRLYR-00674.dat,f1999e2026a691f1f5065933381823db730a9fa35d630bee715fa0ba85210741,145,853.69805,True,997,0.68524801,7000.41547,OGLE catalog,4,0.03387517322450877,-1167.6713574619214,145
OGLE-GD-RRLYR-00705,RRc,0.23726634,7000.12331,,,first overtone,GD,data/ogle_gd_1000/photometry/OGLE-GD-RRLYR-00705.dat,222b921eae9f8b4ecc3c395e9b89c2b4f2794dd89b9d00c537cee59431596245,144,853.69848,True,696,0.23726634,7000.12331,OGLE catalog,3,0.011972516375379626,-1318.0848063937754,144
OGLE-GD-RRLYR-00720,RRab,0.67196183,7000.66455,,,fundamental,GD,data/ogle_gd_1000/photometry/OGLE-GD-RRLYR-00720.dat,d69b349163cf6ff2fd9076c0174fe9cd7f2e15e7071d8134147edb5a947bbb2b,146,853.6986899999993,True,500,0.67196183,7000.66455,OGLE catalog,3,0.14674913692046967,-972.8998028485395,146
OGLE-GD-RRLYR-00725,RRab,0.58432268,7000.45434,,,fundamental,GD,data/ogle_gd_1000/photometry/OGLE-GD-RRLYR-00725.dat,103c59674a73bfba71d9a622a01141964ddd8729714a0f927ece7ac452f2be61,160,2347.6622000000007,True,415,0.58432268,7000.45434,OGLE catalog,4,0.18742716784108693,-1034.2496376545787,160
OGLE-GD-RRLYR-00745,RRc,0.2860488,7000.15179,,,first overtone,GD,data/ogle_gd_1000/photometry/OGLE-GD-RRLYR-00745.dat,b5142fd67310fd03cb20ba8593337b232fbcfe0b06708e09336e853965e6e423,173,2347.663560000001,True,149,0.2860488,7000.15179,OGLE catalog,1,0.12950594436294027,-1229.676500955576,173
OGLE-GD-RRLYR-00747,RRab,0.54428838,7000.52726,,,fundamental,GD,data/ogle_gd_1000/photometry/OGLE-GD-RRLYR-00747.dat,b96d1d3b1e1b88532ea6a17d23558a4009a95737d39d5fb0e5f540cb52d62e61,173,2347.66273,True,96,0.54428838,7000.52726,OGLE catalog,4,0.484573397427377,-970.4759631697241,173
OGLE-GD-RRLYR-00764,RRab,0.61998585,7000.57936,,,fundamental,GD,data/ogle_gd_1000/photometry/OGLE-GD-RRLYR-00764.dat,6961d367eccee85d8125571e23168ed6fcb7e3c459c37cf84b405483bd181e56,124,852.7297000000008,True,484,0.61998585,7000.57936,OGLE catalog,4,0.10370156946659088,-835.3458956627173,124
OGLE-GD-RRLYR-00773,RRab,0.52604264,7000.32782,,,fundamental,GD,data/ogle_gd_1000/photometry/OGLE-GD-RRLYR-00773.dat,51ec0b045cf55d2d8cfba4dbb0fd376765bad790fee3b29c6cd3c59fd1d40038,164,2347.6617400000005,True,501,0.52604264,7000.32782,OGLE catalog,2,0.43386389590382335,-947.8227632917774,164
OGLE-GD-RRLYR-00778,RRab,0.64046254,7000.37744,,,fundamental,GD,data/ogle_gd_1000/photometry/OGLE-GD-RRLYR-00778.dat,1a057649dab20e096590a5cde2334de77396f33b88a49de452690c88c5e4e0d5,175,2347.66252,True,287,0.64046254,7000.37744,OGLE catalog,4,0.04213684172417218,-1411.550215282294,175
OGLE-GD-RRLYR-00800,RRab,0.50396138,7000.35888,,,fundamental,GD,data/ogle_gd_1000/photometry/OGLE-GD-RRLYR-00800.dat,8b33d0d055a0758d63714b7f344945f60195613cc6b5fe3fd1046200811099d0,120,862.6057900000005,True,364,0.50396138,7000.35888,OGLE catalog,4,0.11167002281630539,-794.4764211934591,120
OGLE-GD-RRLYR-00827,RRab,0.51074323,7000.44401,,,fundamental,GD,data/ogle_gd_1000/photometry/OGLE-GD-RRLYR-00827.dat,e37cf2173a1667dc91ef8f42e2a63d3c17b23ea3a16b7f9ffbedbf5d8f16b8eb,124,862.6055700000006,True,337,0.51074323,7000.44401,OGLE catalog,3,0.26889278635117153,-726.8398184554901,124
OGLE-GD-RRLYR-00841,RRc,0.36203332,7000.00609,,,first overtone,GD,data/ogle_gd_1000/photometry/OGLE-GD-RRLYR-00841.dat,5df3ab7b501e019052801866a1eaa2251a81d9e7a87af3c98ad0df0e984714fd,124,862.6059200000009,True,755,0.36203332,7000.00609,OGLE catalog,3,0.021355346976875893,-1040.933130896703,124
OGLE-GD-RRLYR-00846,RRc,0.35756901,7000.27946,,,first overtone,GD,data/ogle_gd_1000/photometry/OGLE-GD-RRLYR-00846.dat,5b4c6cae582950397437ef594f66f332bba69228d42bd5892fcd6a919de09cbf,177,2346.6432999999997,True,242,0.35756901,7000.27946,OGLE catalog,2,0.23017930146486038,-1150.2924702886808,177
OGLE-GD-RRLYR-00847,RRab,0.48859355,7000.38403,,,fundamental,GD,data/ogle_gd_1000/photometry/OGLE-GD-RRLYR-00847.dat,4c6bd96831b596f3a15900dc48efdbe4be77d864f942e1f9fd0b3fb9866867d9,80,860.6578,True,251,0.48859355,7000.38403,OGLE catalog,2,0.0900731496750781,-521.2226507690528,80
OGLE-GD-RRLYR-00856,RRc,0.27539016,7000.19827,,,first overtone,GD,data/ogle_gd_1000/photometry/OGLE-GD-RRLYR-00856.dat,13bd512363aa134a6158140e7e02e2128f0ea2625b88586b00f3f7a3f24623e6,148,2346.6435600000004,True,551,0.27539016,7000.19827,OGLE catalog,2,0.07965825248017946,-1089.0427816759056,148
OGLE-GD-RRLYR-00867,RRab,0.52614369,7000.03694,,,fundamental,GD,data/ogle_gd_1000/photometry/OGLE-GD-RRLYR-00867.dat,2eef4f5c76fb48063f7a4c63dd432b2196ceb18622c952f8dbc4f986cec4ee11,172,2345.585009999999,True,946,0.52614369,7000.03694,OGLE catalog,4,0.4655330536803074,-970.5480143286562,172
OGLE-GD-RRLYR-00874,RRab,0.64630828,7000.4026,,,fundamental,GD,data/ogle_gd_1000/photometry/OGLE-GD-RRLYR-00874.dat,e6e2b834cc2bbe10cf7b7e637589adfb3eb66ba55e577189135806679d7711c8,124,862.6059200000009,True,656,0.64630828,7000.4026,OGLE catalog,4,0.10903294479989456,-829.1294244167151,124
OGLE-GD-RRLYR-00876,RRab,0.58532343,7000.09046,,,fundamental,GD,data/ogle_gd_1000/photometry/OGLE-GD-RRLYR-00876.dat,2e8d097ed32791cf9cf3164756b359369953b05ebe5ee4a8098bc73d3251d157,122,862.6061,True,603,0.58532343,7000.09046,OGLE catalog,4,0.031900141214046614,-963.1620488311368,122
OGLE-GD-RRLYR-00881,RRab,0.60942768,7000.1993,,,fundamental,GD,data/ogle_gd_1000/photometry/OGLE-GD-RRLYR-00881.dat,bf30ef2c9c9b2494ad6d65f4419a958829a30e965446f88e86344730c5627050,122,862.6059200000009,True,367,0.60942768,7000.1993,OGLE catalog,4,0.14567937611360696,-777.8687274455126,122
OGLE-GD-RRLYR-00907,RRab,0.5896714,7000.56089,,,fundamental,GD,data/ogle_gd_1000/photometry/OGLE-GD-RRLYR-00907.dat,eb4d7b52ce20d316180650ed178a3058bb34ca6687c329b0786fabfd30e3b3f7,185,2346.6446699999997,True,145,0.5896714,7000.56089,OGLE catalog,4,0.1562492282270877,-1262.198667212811,185
OGLE-GD-RRLYR-00908,RRab,0.60631781,7000.52684,,,fundamental,GD,data/ogle_gd_1000/photometry/OGLE-GD-RRLYR-00908.dat,4ef59e15e954d9c3726d67731cba3681af7af42baca7a773f39b7e6f7e4e0c6e,186,2346.643250000001,True,822,0.60631781,7000.52684,OGLE catalog,4,0.02256149997320142,-1630.1780893955345,186
OGLE-GD-RRLYR-00910,RRab,0.60898802,7000.60557,,,fundamental,GD,data/ogle_gd_1000/photometry/OGLE-GD-RRLYR-00910.dat,e41f8ced8d884e66f218687cf8b0731397292b03a94ac3c4dcfd971d40e8fa75,145,860.65794,True,378,0.60898802,7000.60557,OGLE catalog,3,0.10848759445829234,-1008.8515766066724,145
OGLE-GD-RRLYR-00913,RRab,0.6025293,7000.07987,,,fundamental,GD,data/ogle_gd_1000/photometry/OGLE-GD-RRLYR-00913.dat,e6e3b9dcd5a85ffb2977b14f21496bcc8571ba176d55696709fd8f7e1a5aa31b,122,862.6064200000001,True,676,0.6025293,7000.07987,OGLE catalog,3,1.0183470147822475,-550.2443699859282,122
OGLE-GD-RRLYR-00918,RRab,0.69117831,7000.48517,,,fundamental,GD,data/ogle_gd_1000/photometry/OGLE-GD-RRLYR-00918.dat,20b68293d803132d0855607f9ee3347adc2e082eab72e5479fcf15ce687d4a5b,123,862.6060899999993,True,660,0.69117831,7000.48517,OGLE catalog,4,0.0138715443010128,-1074.7726488125106,123
OGLE-GD-RRLYR-00946,RRab,0.4741466,7000.12488,,,fundamental,GD,data/ogle_gd_1000/photometry/OGLE-GD-RRLYR-00946.dat,e55fffd7c838ffc6e17c81ee75012b3ca87fe03ac7588fe46fc24c9842386256,176,2346.6432699999996,True,371,0.4741466,7000.12488,OGLE catalog,2,0.7594907973956988,-932.5716081193931,176
OGLE-GD-RRLYR-00975,RRab,0.63948396,7000.4088,,,fundamental,GD,data/ogle_gd_1000/photometry/OGLE-GD-RRLYR-00975.dat,97f7d98798eca5dbb8e1a9af0b0ec52a73881a5c77037d9e3914ace6833cfeb6,144,860.6579500000007,True,991,0.63948396,7000.4088,OGLE catalog,4,0.16242859181623814,-932.6472159055228,144
OGLE-GD-RRLYR-00990,RRc,0.33325939,7000.20168,,,first overtone,GD,data/ogle_gd_1000/photometry/OGLE-GD-RRLYR-00990.dat,4589cc2ea60f1efa42d374fe6a93d4c6455b84dd81a1e97aca9bea548f2a01f8,144,860.6579500000007,True,238,0.33325939,7000.20168,OGLE catalog,4,0.03580087665959477,-1150.4135327802658,144
OGLE-GD-RRLYR-00991,RRab,0.45772473,7000.33518,,,fundamental,GD,data/ogle_gd_1000/photometry/OGLE-GD-RRLYR-00991.dat,52578946ce01d60ae085b2ce45a433cc4746ce4cfa276809cc25b31eefa6e807,143,860.6579500000007,True,441,0.45772473,7000.33518,OGLE catalog,4,0.4961457715767008,-765.2478071161054,143
OGLE-GD-RRLYR-00992,RRab,0.64784784,7000.44742,,,fundamental,GD,data/ogle_gd_1000/photometry/OGLE-GD-RRLYR-00992.dat,183be71ddbf5b2c1b7c4f0cf67342de76e3134baccb5d12d2ce6dbf02e5007c7,144,860.6581400000005,True,37,0.64784784,7000.44742,OGLE catalog,4,0.08923508912759362,-1018.8980509292343,144
OGLE-GD-RRLYR-00994,RRc,0.34421318,7000.09938,,,first overtone,GD,data/ogle_gd_1000/photometry/OGLE-GD-RRLYR-00994.dat,5b87b51e79fe09236f374851059c4b471907afd699fcfb3c1ce875def27afb8d,123,862.6064700000006,True,698,0.34421318,7000.09938,OGLE catalog,2,0.02561942206633414,-1018.559512437393,123
OGLE-GD-RRLYR-00995,RRab,0.54192828,7000.17325,,,fundamental,GD,data/ogle_gd_1000/photometry/OGLE-GD-RRLYR-00995.dat,f56c6696cbb3915ffd4b4707206c97c32bb6bf7c54a33a2241dfb675f90193ad,91,853.7177099999999,True,737,0.54192828,7000.17325,OGLE catalog,2,0.4763047732961043,-455.42837637484,91
OGLE-GD-RRLYR-00998,RRd,0.44552148,7000.10133,0.59775403,7000.04868,first overtone,GD,data/ogle_gd_1000/photometry/OGLE-GD-RRLYR-00998.dat,1a6e5d0824e93b5217ea471aaa0774ab003197f1e7e52b00c335d3f8a781a33a,123,862.6064700000006,True,379,0.44552148,7000.10133,OGLE catalog,2,0.062151569288398184,-909.5537969275035,123
OGLE-GD-RRLYR-01000,RRd,0.3818846,7000.02717,0.51227179,7000.0962,first overtone,GD,data/ogle_gd_1000/photometry/OGLE-GD-RRLYR-01000.dat,7682cc47a16aa4a6a05bc2bfd9eac2d74a6c30f5e362aa4ac5c3e4b31aec4fcb,123,862.6068400000004,True,233,0.3818846,7000.02717,OGLE catalog,1,0.649457010084988,-630.5512146645348,123
OGLE-GD-RRLYR-01014,RRab,0.57020995,7000.11646,,,fundamental,GD,data/ogle_gd_1000/photometry/OGLE-GD-RRLYR-01014.dat,da126bb8548cadec83164059336055e84a6dad5ad1e6fa413aaea40662e9ad43,144,860.6582600000002,True,125,0.57020995,7000.11646,OGLE catalog,4,0.24929714229170732,-870.9565996512284,144
OGLE-GD-RRLYR-01043,RRab,0.68677087,7000.53667,,,fundamental,GD,data/ogle_gd_1000/photometry/OGLE-GD-RRLYR-01043.dat,0abeafcdda6de6355c99c8b57c7c2a71e75176126bad98fe46bac4f3ea1637ab,123,862.6071899999997,True,831,0.68677087,7000.53667,OGLE catalog,4,0.03110729817476325,-975.4374932898437,123
OGLE-GD-RRLYR-01096,RRab,0.46146508,7000.04317,,,fundamental,GD,data/ogle_gd_1000/photometry/OGLE-GD-RRLYR-01096.dat,663d3cae8c6940d9781789f2157cae8fc65b35730dd03057baab8fd898c6cca1,123,862.6073199999992,True,87,0.46146508,7000.04317,OGLE catalog,4,0.12219274150772873,-807.1541593065804,123
OGLE-GD-RRLYR-01101,RRc,0.26444477,7000.24329,,,first overtone,GD,data/ogle_gd_1000/photometry/OGLE-GD-RRLYR-01101.dat,0bb197a4d3074de1a923b46f14767f6a350da2fc18982fe0c12527bfbd9885b2,123,862.6075200000005,True,80,0.26444477,7000.24329,OGLE catalog,4,0.0065133087197391925,-1167.7596636121898,123
OGLE-GD-RRLYR-01139,RRab,0.57720743,7000.32918,,,fundamental,GD,data/ogle_gd_1000/photometry/OGLE-GD-RRLYR-01139.dat,cd61aae22227ed36df2b7980000c0cca37f7b5eae2e856e0d64df641dcff1948,176,2341.5897700000005,True,626,0.57720743,7000.32918,OGLE catalog,3,1.0400204200439978,-866.905493980642,176
OGLE-GD-RRLYR-01155,RRab,0.60005517,7000.12647,,,fundamental,GD,data/ogle_gd_1000/photometry/OGLE-GD-RRLYR-01155.dat,c2e45e05ddf5362691976f9a01c3c4d91d5ef32b6b14c1dff8cbf6f22e0609b3,115,2341.5908900000004,True,305,0.60005517,7000.12647,OGLE catalog,3,0.07502305222419736,-810.2980525767593,115
OGLE-GD-RRLYR-01159,RRc,0.39463439,7000.17209,,,first overtone,GD,data/ogle_gd_1000/photometry/OGLE-GD-RRLYR-01159.dat,e08f78925e7caf27174128dfe340dce95cb740cdcc869ac46199d12b9e8af0c3,182,2296.724519999999,True,974,0.39463439,7000.17209,OGLE catalog,3,0.1526882423914399,-1252.744156580492,182
OGLE-GD-RRLYR-01160,RRc,0.32788335,7000.06641,,,first overtone,GD,data/ogle_gd_1000/photometry/OGLE-GD-RRLYR-01160.dat,d136254cd7dee3e3e729bd8eebb0b8cd2a274943dac6f7b684da675e434ac597,173,2335.6011099999996,True,594,0.32788335,7000.06641,OGLE catalog,2,0.09456183009759492,-1273.7737251775916,173
OGLE-GD-RRLYR-01165,RRc,0.32336546,7000.19561,,,first overtone,GD,data/ogle_gd_1000/photometry/OGLE-GD-RRLYR-01165.dat,e264ef36138e0d7ab8929f4ee83edf19db16eb50fe813d0dcbfc7e29f48ac298,120,862.6076999999996,True,134,0.32336546,7000.19561,OGLE catalog,1,0.4498960224475567,-655.9851880028011,120
OGLE-GD-RRLYR-01168,RRab,0.5160705,7000.49754,,,fundamental,GD,data/ogle_gd_1000/photometry/OGLE-GD-RRLYR-01168.dat,5583deb2b45d61f580a425327728d836085fa897f89663d46ed79356afe6bb03,179,2341.59116,True,168,0.5160705,7000.49754,OGLE catalog,4,0.5674279464222425,-983.2844162705705,179
OGLE-GD-RRLYR-01184,RRab,0.55472041,7000.15849,,,fundamental,GD,data/ogle_gd_1000/photometry/OGLE-GD-RRLYR-01184.dat,e341f39502c3ec44aa05a050ac4a9ed498bc40a5f212f178b1a2e862c5e8ea2d,145,865.7140400000008,True,201,0.55472041,7000.15849,OGLE catalog,3,0.989981808002437,-688.2492196617698,145
OGLE-GD-RRLYR-01187,RRab,0.54853833,7000.4684,,,fundamental,GD,data/ogle_gd_1000/photometry/OGLE-GD-RRLYR-01187.dat,abf6b9cd7c523ae37c48b2c97f1ea0f4eeb952c89b32692b33d11e2b0303ce8a,148,865.7145300000002,True,590,0.54853833,7000.4684,OGLE catalog,4,0.2325531230472746,-910.4907219398879,148
OGLE-GD-RRLYR-01194,RRab,0.59650065,7000.34778,,,fundamental,GD,data/ogle_gd_1000/photometry/OGLE-GD-RRLYR-01194.dat,05c8193746f8aaa444ec2d4a8756784d3d12e227d71063b998bd9f9e384fe214,149,865.7141500000007,True,720,0.59650065,7000.34778,OGLE catalog,4,0.20647707379965885,-935.6098012628291,149
OGLE-GD-RRLYR-01230,RRab,0.64727977,7000.23672,,,fundamental,GD,data/ogle_gd_1000/photometry/OGLE-GD-RRLYR-01230.dat,0057302afd041bb1268becb6ef3d9c55d66d0caa6bf18ee81ede11b9c0acdf6b,123,861.6704700000009,True,522,0.64727977,7000.23672,OGLE catalog,3,0.06422239311011262,-895.8979944153461,123
OGLE-GD-RRLYR-01261,RRab,0.58929208,7000.45916,,,fundamental,GD,data/ogle_gd_1000/photometry/OGLE-GD-RRLYR-01261.dat,51a1be96c8cf6c6e2c068e7d83bd7dd31ac9b05100f7252b7c722d7978f61206,148,865.7146599999987,True,1009,0.58929208,7000.45916,OGLE catalog,4,0.057906812512665426,-1116.252701772661,148
OGLE-GD-RRLYR-01287,RRc,0.25110716,7000.19533,,,first overtone,GD,data/ogle_gd_1000/photometry/OGLE-GD-RRLYR-01287.dat,84c44c9f02f1945da47800c2d93b6fb4690aaae1c095e5732e4dfcbcbb7955ec,176,2295.7454799999996,True,774,0.25110716,7000.19533,OGLE catalog,3,0.0189789240432637,-1571.550802204636,176
OGLE-GD-RRLYR-01296,RRab,0.55455694,7000.32822,,,fundamental,GD,data/ogle_gd_1000/photometry/OGLE-GD-RRLYR-01296.dat,a95a361db7de7670120c0619ef9e7baad8257be022b2e704b46feaea8bdacbd4,177,2295.74345,True,49,0.55455694,7000.32822,OGLE catalog,4,0.37883258845659223,-1041.4001327082901,177
OGLE-GD-RRLYR-01306,RRab,0.51471093,7000.2011,,,fundamental,GD,data/ogle_gd_1000/photometry/OGLE-GD-RRLYR-01306.dat,2cc84f9e10aa9792701e927a0dd3c8b33dcac194f757a1f93eb39bac9ecb8f3c,120,861.6876199999997,True,318,0.51471093,7000.2011,OGLE catalog,4,0.08626695793512845,-825.4486188875267,120
OGLE-GD-RRLYR-01313,RRc,0.35916551,7000.32251,,,first overtone,GD,data/ogle_gd_1000/photometry/OGLE-GD-RRLYR-01313.dat,ed8cb7df338557997908917cbc29f8f68a49f64864404a0f3674b6a3575395d4,173,2295.74463,True,708,0.35916551,7000.32251,OGLE catalog,2,0.09264432764816619,-1277.3178342965919,173
OGLE-GD-RRLYR-01326,RRab,0.52573467,7000.41311,,,fundamental,GD,data/ogle_gd_1000/photometry/OGLE-GD-RRLYR-01326.dat,9d5fc284243b28e7eb2c496303d595a13623851bcfaa7cef9289993db4dd7bc5,176,2295.74373,True,219,0.52573467,7000.41311,OGLE catalog,4,0.13880702635552275,-1211.0128545371347,176
OGLE-GD-RRLYR-01327,RRab,0.58683515,7000.45167,,,fundamental,GD,data/ogle_gd_1000/photometry/OGLE-GD-RRLYR-01327.dat,dfdd148bc195a54fabd1577da9cc72bd8e9e226a35437fe08aca82604174931b,175,2295.74377,True,310,0.58683515,7000.45167,OGLE catalog,4,0.24300939699963606,-1104.9191256528588,175
OGLE-GD-RRLYR-01364,RRab,0.73208993,7000.57434,,,fundamental,GD,data/ogle_gd_1000/photometry/OGLE-GD-RRLYR-01364.dat,1579b24bab5203a0a941a522238c9a3986f1e489b37f05f4857781b0b626b0a3,121,862.6655299999993,True,269,0.73208993,7000.57434,OGLE catalog,4,0.025927612897114392,-979.0745970305566,121
OGLE-GD-RRLYR-01374,RRab,0.68030813,7000.0285,,,fundamental,GD,data/ogle_gd_1000/photometry/OGLE-GD-RRLYR-01374.dat,9496cd4c07fdf9388dc61796dfaf891217efe2c5f5fcfcd569d8e1b480c52d42,175,2295.74377,True,327,0.68030813,7000.0285,OGLE catalog,4,0.2350743284250608,-1110.728838314781,175
OGLE-GD-RRLYR-01385,RRc,0.2650679,7000.03516,,,first overtone,GD,data/ogle_gd_1000/photometry/OGLE-GD-RRLYR-01385.dat,6814a2eb679922ebd59ac6ab647ed50e252e20664af24562665341bd0040c402,148,865.7147500000001,True,213,0.2650679,7000.03516,OGLE catalog,2,0.04720698577796004,-1166.4769373968895,148
OGLE-GD-RRLYR-01387,RRab,0.41880271,7000.1396,,,fundamental,GD,data/ogle_gd_1000/photometry/OGLE-GD-RRLYR-01387.dat,6a88ac08ba649d0e1b51f51e4e142d1a4a0d53464407d7bb3c6db33a7f6da74f,182,2314.70698,True,728,0.41880271,7000.1396,OGLE catalog,4,0.02966799490260358,-1540.5120865641752,182
OGLE-GD-RRLYR-01421,RRab,0.58652127,7000.2468,,,fundamental,GD,data/ogle_gd_1000/photometry/OGLE-GD-RRLYR-01421.dat,a11df5d8e06c1b1d5647edab1741ff3db917b4abc2b7af31709cab85105b57ad,148,865.7147500000001,True,917,0.58652127,7000.2468,OGLE catalog,4,0.11615651834390407,-1013.2293778440667,148
OGLE-GD-RRLYR-01431,RRab,0.63393893,7000.33019,,,fundamental,GD,data/ogle_gd_1000/photometry/OGLE-GD-RRLYR-01431.dat,2416f03e091f647b8637bddf88902db6f5bc6c39cf8cdfcfac4bc9fba48d69a4,148,865.71508,True,107,0.63393893,7000.33019,OGLE catalog,4,0.0566279324507264,-1119.557936631174,148
OGLE-GD-RRLYR-01439,RRab,0.58601522,7000.1452,,,fundamental,GD,data/ogle_gd_1000/photometry/OGLE-GD-RRLYR-01439.dat,355c6cf6de4ff65431a00ebcc8770f8dc82b0b3d03e1327d994bd1dde52edb95,177,2314.7063800000005,True,375,0.58601522,7000.1452,OGLE catalog,4,0.13102736953150693,-1229.3189369015022,177
OGLE-GD-RRLYR-01444,RRab,0.51104926,7000.44709,,,fundamental,GD,data/ogle_gd_1000/photometry/OGLE-GD-RRLYR-01444.dat,e3e874c11e69c79f9263dcda62dc28f667ad921628c6d930ce81914b30db3ded,148,865.7147500000001,True,323,0.51104926,7000.44709,OGLE catalog,4,0.08428873266578824,-1060.6915539657143,148
OGLE-GD-RRLYR-01480,RRab,0.41696723,7000.23861,,,fundamental,GD,data/ogle_gd_1000/photometry/OGLE-GD-RRLYR-01480.dat,a05e5a6fbe4cd4e92355c7c7735c9cd62f55ecb08640836281ce42790f9194ec,59,865.7148700000007,True,116,0.41696723,7000.23861,OGLE catalog,4,0.007268659137553249,-494.4036952849696,59
OGLE-GD-RRLYR-01484,RRab,0.55212261,7000.17788,,,fundamental,GD,data/ogle_gd_1000/photometry/OGLE-GD-RRLYR-01484.dat,7d91af43370979bcc7a4c1532ad41bc590878aa8f0d30b93f5d7dd09534d73c6,121,862.6658900000002,True,682,0.55212261,7000.17788,OGLE catalog,4,0.009277712225175755,-1103.4255162012425,121
OGLE-GD-RRLYR-01488,RRab,0.84753413,7000.48741,,,fundamental,GD,data/ogle_gd_1000/photometry/OGLE-GD-RRLYR-01488.dat,32e90b20f547a3a788e3cf19e7c5868b13e2f9195aea2108c04373de45119b87,112,865.7148700000007,True,636,0.84753413,7000.48741,OGLE catalog,4,0.004007214552763457,-1104.207181022035,112
OGLE-GD-RRLYR-01496,RRab,0.82256307,7000.52881,,,fundamental,GD,data/ogle_gd_1000/photometry/OGLE-GD-RRLYR-01496.dat,92be8fbc493daa195976a7d8cf8b69a265582ff1ff0378cd38231fb43635f0bd,156,2291.7530799999995,True,60,0.82256307,7000.52881,OGLE catalog,2,0.4621926842753692,-882.9249089481244,156
OGLE-GD-RRLYR-01504,RRab,0.9502367,7000.51668,,,fundamental,GD,data/ogle_gd_1000/photometry/OGLE-GD-RRLYR-01504.dat,688864d55799202b6d6a90fe5e1fe84fc894354cf55d095676c0c5085dd1c190,181,2314.706729999999,True,750,0.9502367,7000.51668,OGLE catalog,4,0.021375119443605074,-1590.181998764494,181
OGLE-GD-RRLYR-01510,RRab,0.39699852,7000.29898,,,fundamental,GD,data/ogle_gd_1000/photometry/OGLE-GD-RRLYR-01510.dat,a1419438e0f969543c679d833b933dfbfdc42b28af4a304bdaaa32c6ac3a36bb,145,865.71508,True,605,0.39699852,7000.29898,OGLE catalog,4,0.10558112593538303,-1002.8357589959478,145
OGLE-GD-RRLYR-01525,RRc,0.31985536,7000.27738,,,first overtone,GD,data/ogle_gd_1000/photometry/OGLE-GD-RRLYR-01525.dat,87ee29b8ac3e84f226cdabaf8274baadd8d49651319ca0547d14f5f56751b359,121,862.66644,True,425,0.31985536,7000.27738,OGLE catalog,4,0.045994536170101435,-909.7156939903322,121
OGLE-GD-RRLYR-01526,RRc,0.26904991,7000.13461,,,first overtone,GD,data/ogle_gd_1000/photometry/OGLE-GD-RRLYR-01526.dat,3b0e23a0e2f59b7a944ddaadc64fc1e50144a26229a25487f54b5c239e607ccc,121,862.666119999999,True,159,0.26904991,7000.13461,OGLE catalog,4,0.01128205327214377,-1079.7581257452316,121
OGLE-GD-RRLYR-01538,RRab,0.54409517,7000.43154,,,fundamental,GD,data/ogle_gd_1000/photometry/OGLE-GD-RRLYR-01538.dat,c0befb33aeff2ced1e70b5948ee2cf7b1be4ba7b267c98a243f3cfbf39d34d4f,121,862.6666799999994,True,746,0.54409517,7000.43154,OGLE catalog,4,0.1372125469089629,-777.4616593966743,121
OGLE-GD-RRLYR-01571,RRab,0.59075634,7000.42574,,,fundamental,GD,data/ogle_gd_1000/photometry/OGLE-GD-RRLYR-01571.dat,3b434ac8eafef0e30247e1541d139b5b6ff5b5c1efe710ddfdc92a90c93cdaeb,121,862.6666799999994,True,56,0.59075634,7000.42574,OGLE catalog,4,0.07923426442540624,-843.9054605992316,121
OGLE-GD-RRLYR-01579,RRc,0.29069965,7000.18959,,,first overtone,GD,data/ogle_gd_1000/photometry/OGLE-GD-RRLYR-01579.dat,761812a22589a7e11ea5e03f56ea69917bedc24195cd4bbcd79260c5646586b2,121,862.6666799999994,True,188,0.29069965,7000.18959,OGLE catalog,2,0.025051593043567265,-1002.416664218509,121
OGLE-GD-RRLYR-01592,RRab,0.62406047,7000.16433,,,fundamental,GD,data/ogle_gd_1000/photometry/OGLE-GD-RRLYR-01592.dat,f14211fa91e1915a580286230655839cd17e4010a96189ea9020fdcfd3b0bbd1,55,344.03107,True,718,0.62406047,7000.16433,OGLE catalog,4,0.009363037603607263,-441.24152961696427,55
OGLE-GD-RRLYR-01597,RRc,0.21399173,7000.15252,,,first overtone,GD,data/ogle_gd_1000/photometry/OGLE-GD-RRLYR-01597.dat,c63f34883e544e8cb345f02984d7275f6f8bacfda56b021606e39abe71d64fd5,178,2322.7150299999994,True,243,0.21399173,7000.15252,OGLE catalog,2,0.14624439547266843,-1238.6493026988085,178
OGLE-GD-RRLYR-01628,RRab,0.57487963,7000.26958,,,fundamental,GD,data/ogle_gd_1000/photometry/OGLE-GD-RRLYR-01628.dat,2db3ecda531ced4164562d8956f3e90e4e85445442bd2a14a45b21f11fa69186,115,862.6668500000005,True,971,0.57487963,7000.26958,OGLE catalog,3,1.1589906340403993,-495.48447928885776,115
OGLE-GD-RRLYR-01655,RRab,0.53137457,7000.23166,,,fundamental,GD,data/ogle_gd_1000/photometry/OGLE-GD-RRLYR-01655.dat,b41d535058016b3be865dc4ce7c560b9a8391df133e006f17a834c6681456c55,148,865.7245300000004,True,994,0.53137457,7000.23166,OGLE catalog,4,0.2668992737415692,-890.1033297154136,148
OGLE-GD-RRLYR-01672,RRc,0.35410803,7000.01281,,,first overtone,GD,data/ogle_gd_1000/photometry/OGLE-GD-RRLYR-01672.dat,c0ec3d0ccd3cc0f7993c162a06aab4b29e0027d0c29b02ca4db71373dd8f5005,147,865.7249000000002,True,914,0.35410803,7000.01281,OGLE catalog,1,0.15686401928892033,-990.9215598083982,147
OGLE-GD-RRLYR-01673,RRab,0.58157062,7000.14239,,,fundamental,GD,data/ogle_gd_1000/photometry/OGLE-GD-RRLYR-01673.dat,c71e0cd7f937d422f8ae2984688017ebbe294d38befe721f0c69228e40188801,174,2247.83064,True,785,0.58157062,7000.14239,OGLE catalog,3,0.9944084783410982,-862.5378899846809,174
OGLE-GD-RRLYR-01686,RRab,0.415114,7000.35985,,,fundamental,GD,data/ogle_gd_1000/photometry/OGLE-GD-RRLYR-01686.dat,2349d95cb201f37cb17b237e41437aa549a79af1809d7e740e620e5c975ea108,76,2233.97815,True,488,0.415114,7000.35985,OGLE catalog,4,0.051041578718125535,-516.2678517155753,76
OGLE-GD-RRLYR-01700,RRab,0.65817773,7000.11118,,,fundamental,GD,data/ogle_gd_1000/photometry/OGLE-GD-RRLYR-01700.dat,5959ec8f1f878bddf67ffc0fb4e1e2c935d7c96a2ba4d37be71503373a9d02b9,72,2233.97758,True,873,0.65817773,7000.11118,OGLE catalog,3,0.13691886618699056,-421.1457034622518,72
OGLE-GD-RRLYR-01701,RRab,0.5350873,7000.47773,,,fundamental,GD,data/ogle_gd_1000/photometry/OGLE-GD-RRLYR-01701.dat,83e6e2658640d641d9743d671d61c9e3d626f5a24ca44d988e0787479c3ed80b,180,2238.87778,True,877,0.5350873,7000.47773,OGLE catalog,4,0.1368787565206513,-1245.9543736021094,180
OGLE-GD-RRLYR-01737,RRab,0.46760331,7000.36319,,,fundamental,GD,data/ogle_gd_1000/photometry/OGLE-GD-RRLYR-01737.dat,845d0660d1a8af0fb666c2db4f5ac8d01071b1677e6a26c056b518b421ece0ca,121,862.6672899999994,True,580,0.46760331,7000.36319,OGLE catalog,4,0.1708262063250624,-750.9486788731062,121
OGLE-GD-RRLYR-01740,RRab,0.51608517,7000.29938,,,fundamental,GD,data/ogle_gd_1000/photometry/OGLE-GD-RRLYR-01740.dat,ec8418ab1c55beebcb547fc66398134e2544769ba81cbec2b2ca49aa91c5978e,174,2238.8778599999996,True,1002,0.51608517,7000.29938,OGLE catalog,4,0.2876652723655722,-1068.0407682614305,174
OGLE-GD-RRLYR-01761,RRab,0.45297978,7000.15539,,,fundamental,GD,data/ogle_gd_1000/photometry/OGLE-GD-RRLYR-01761.dat,2187cd57e5ab6ce2afcc432dde9abe5fbd4ae5b66350499edb133041f1a551e2,125,864.7625599999992,True,901,0.45297978,7000.15539,OGLE catalog,4,0.21602217769009477,-751.6311687867491,125
OGLE-GD-RRLYR-01771,RRc,0.28816137,7000.18952,,,first overtone,GD,data/ogle_gd_1000/photometry/OGLE-GD-RRLYR-01771.dat,2140f84d469a5994aef74a3c25a595fde46e5590d13ae10a8e378f97513a5985,125,864.7623099999992,True,624,0.28816137,7000.18952,OGLE catalog,2,0.07134980960703348,-909.4177239137341,125
OGLE-GD-RRLYR-01781,RRab,0.63154713,7000.14119,,,fundamental,GD,data/ogle_gd_1000/photometry/OGLE-GD-RRLYR-01781.dat,bf097f7ebaf9896959358763dae8e1cce754441a952e804eeba64376336395b8,147,865.7251899999992,True,467,0.63154713,7000.14119,OGLE catalog,4,0.2169324871656174,-913.3205536320162,147
OGLE-GD-RRLYR-01788,RRab,0.69542155,7000.00965,,,fundamental,GD,data/ogle_gd_1000/photometry/OGLE-GD-RRLYR-01788.dat,d38019af97ef230043d7bd1b9e17d447da55554e8f53011d6f1e4092dcd0d1bd,125,864.7624399999995,True,753,0.69542155,7000.00965,OGLE catalog,4,0.027023471202299764,-1011.4655793788963,125
OGLE-GD-RRLYR-01804,RRab,0.64970683,7000.18046,,,fundamental,GD,data/ogle_gd_1000/photometry/OGLE-GD-RRLYR-01804.dat,338465500dc6293bb015df230ac3561b3ef40b01407fd964fe78e883464f33e5,142,865.7248499999996,True,834,0.64970683,7000.18046,OGLE catalog,4,0.08436947718361415,-1010.2270400907055,142
OGLE-GD-RRLYR-01811,RRab,0.62471356,7000.57342,,,fundamental,GD,data/ogle_gd_1000/photometry/OGLE-GD-RRLYR-01811.dat,cb9de325c048bef53b99983a519fb7d564eafbedeea46a1aeb925c0b24f0f087,143,863.8010899999999,True,41,0.62471356,7000.57342,OGLE catalog,4,0.04192576788613031,-1118.5963962243418,143
OGLE-GD-RRLYR-01823,RRab,0.50690163,7000.19789,,,fundamental,GD,data/ogle_gd_1000/photometry/OGLE-GD-RRLYR-01823.dat,ff785ceb324cefeca058b03415dbff186f012ffee5aa219728556fc185478635,173,2236.9013400000003,True,315,0.50690163,7000.19789,OGLE catalog,4,0.1279376790577191,-1200.86450026387,173
OGLE-GD-RRLYR-01827,RRab,0.62288438,7000.20876,,,fundamental,GD,data/ogle_gd_1000/photometry/OGLE-GD-RRLYR-01827.dat,be79945ab730e81f064c7d0e10067cc9db6f63e3bfdc4914f48cbe9d996948dd,102,852.8036900000006,True,898,0.62288438,7000.20876,OGLE catalog,4,0.05436658146168039,-727.147045411238,102
OGLE-GD-RRLYR-01832,RRc,0.24573672,7000.03913,,,first overtone,GD,data/ogle_gd_1000/photometry/OGLE-GD-RRLYR-01832.dat,fcf6da250fa20335b45885c7758b179a8ff14f8b16e58d3a6b6d816917e66892,171,2236.9012900000007,True,411,0.24573672,7000.03913,OGLE catalog,4,0.021899452184912856,-1486.3907114765059,171
OGLE-GD-RRLYR-01837,RRab,0.58320253,7000.19989,,,fundamental,GD,data/ogle_gd_1000/photometry/OGLE-GD-RRLYR-01837.dat,b837da924ed4247923ea757808390689596691021cafed4af46bdc3d7e2efb36,147,865.7250300000005,True,829,0.58320253,7000.19989,OGLE catalog,4,0.17674714946093922,-943.4358569481421,147
OGLE-GD-RRLYR-01839,RRab,0.47466767,7000.14857,,,fundamental,GD,data/ogle_gd_1000/photometry/OGLE-GD-RRLYR-01839.dat,d3ebf6494eaf0e0fcd2c0640e225b036bdfec81578e1bd9a92054698412048ab,124,864.7625499999995,True,62,0.47466767,7000.14857,OGLE catalog,4,0.1550881889601505,-785.4387890350804,124
OGLE-GD-RRLYR-01841,RRab,0.52105329,7000.30786,,,fundamental,GD,data/ogle_gd_1000/photometry/OGLE-GD-RRLYR-01841.dat,56dd36e8fd070c1520e1714be9ad8b3ebaeafb9fb9b7c0e195ef7245aa0b9f5b,174,2236.9014499999994,True,927,0.52105329,7000.30786,OGLE catalog,4,0.10591006801278213,-1241.9028274019586,174
OGLE-GD-RRLYR-01843,RRc,0.3220749,7000.04066,,,first overtone,GD,data/ogle_gd_1000/photometry/OGLE-GD-RRLYR-01843.dat,2781d6f70f1babbebf55dc688c2705f7759fb4a4f1480da4bd558a7d8d49779c,145,865.7250300000005,True,321,0.3220749,7000.04066,OGLE catalog,2,0.01589170156924187,-1297.326665822143,145
OGLE-GD-RRLYR-01852,RRab,0.58028406,7000.31513,,,fundamental,GD,data/ogle_gd_1000/photometry/OGLE-GD-RRLYR-01852.dat,fff3d0bb405c65174c80f02be21afcf99b57ed8496014bf15ed655ba3e611649,174,2236.9012900000007,True,336,0.58028406,7000.31513,OGLE catalog,4,0.08093681367221406,-1288.6951765622578,174
OGLE-GD-RRLYR-01863,RRab,0.66113978,7000.286,,,fundamental,GD,data/ogle_gd_1000/photometry/OGLE-GD-RRLYR-01863.dat,5402287318cbdecfcd6d7470a91737c152c8119c2e1a73cd863f156609d10ecd,147,865.7250999999997,True,339,0.66113978,7000.286,OGLE catalog,4,0.08935199879273902,-1043.7099320619366,147
OGLE-GD-RRLYR-01892,RRab,0.61456736,7000.60864,,,fundamental,GD,data/ogle_gd_1000/photometry/OGLE-GD-RRLYR-01892.dat,b1527222845c0c895cde75a2f321a64a175d508a4346e9843e1f91a6f5e29839,125,864.7628000000004,True,952,0.61456736,7000.60864,OGLE catalog,4,0.10676067950886135,-839.7300922320316,125
OGLE-GD-RRLYR-01893,RRab,0.50568559,7000.09953,,,fundamental,GD,data/ogle_gd_1000/photometry/OGLE-GD-RRLYR-01893.dat,fe69112638aaaa8960b5243357b5511fbce109496a04ba68828b20842e62121a,108,864.7625499999995,True,302,0.50568559,7000.09953,OGLE catalog,4,0.17750354388585363,-650.2375795941797,108
OGLE-GD-RRLYR-01896,RRab,0.58608179,7000.15844,,,fundamental,GD,data/ogle_gd_1000/photometry/OGLE-GD-RRLYR-01896.dat,82818ff2407b660164d929b308df76f754abd49e2ddcb85deea3f880d951290a,168,2236.9016599999995,True,424,0.58608179,7000.15844,OGLE catalog,4,0.8123106755914722,-849.6328370317387,168
OGLE-GD-RRLYR-01901,RRab,0.49060089,7000.28715,,,fundamental,GD,data/ogle_gd_1000/photometry/OGLE-GD-RRLYR-01901.dat,1819e6273c9dc7ce5207e5b564189f9178d48e614c0e8347f10f1b8decba67a8,124,864.7632399999993,True,993,0.49060089,7000.28715,OGLE catalog,4,0.12529070491887043,-811.8950867474556,124
OGLE-GD-RRLYR-01907,RRab,0.58946075,7000.49585,,,fundamental,GD,data/ogle_gd_1000/photometry/OGLE-GD-RRLYR-01907.dat,fe1a0dd731a530d6ecf2c188acd243538ac8fd11129bba59c23e77bbc5731c8f,124,864.7632399999993,True,90,0.58946075,7000.49585,OGLE catalog,4,0.16768369880116202,-775.7561816505032,124
OGLE-GD-RRLYR-01934,RRc,0.30888462,7000.07504,,,first overtone,GD,data/ogle_gd_1000/photometry/OGLE-GD-RRLYR-01934.dat,f72428013e39a81610d39a3ef8ffd894c45ab47109f1baeb7133c38dfb68f361,124,864.7633700000006,True,281,0.30888462,7000.07504,OGLE catalog,2,0.03889642280660403,-976.2232772263793,124
OGLE-GD-RRLYR-01957,RRab,0.63174824,7000.18807,,,fundamental,GD,data/ogle_gd_1000/photometry/OGLE-GD-RRLYR-01957.dat,8945f475d1446df7aa5765756c4bb13deb31e26224453888c92659ee5df6eff7,124,864.7634599999992,True,593,0.63174824,7000.18807,OGLE catalog,4,0.0926204017311125,-849.358864269902,124
OGLE-GD-RRLYR-01958,RRab,0.51986633,7000.25958,,,fundamental,GD,data/ogle_gd_1000/photometry/OGLE-GD-RRLYR-01958.dat,ad10f7b2e38245b8c3693196969330466160095f3ad42502af15b1fe70a461b8,124,864.7632399999993,True,386,0.51986633,7000.25958,OGLE catalog,2,0.7597998101372926,-607.6763420331049,124
OGLE-GD-RRLYR-01961,RRc,0.30530896,7000.1607,,,first overtone,GD,data/ogle_gd_1000/photometry/OGLE-GD-RRLYR-01961.dat,5479dd488ecccabf529ed95ca5f5731cb1f996b1f1d362216584e1bf43961d42,124,864.7634599999992,True,283,0.30530896,7000.1607,OGLE catalog,3,0.04965379734361296,-936.305313912569,124
OGLE-GD-RRLYR-01969,RRab,0.55335169,7000.10098,,,fundamental,GD,data/ogle_gd_1000/photometry/OGLE-GD-RRLYR-01969.dat,d5d8b92cf96fed84c8c3b3b18f498e128e1f20ab54d82fdf0d28f1f2c5c717d0,124,864.7633399999995,True,136,0.55335169,7000.10098,OGLE catalog,3,0.21496284402351926,-754.596913627076,124
OGLE-GD-RRLYR-01980,RRab,0.62549997,7000.05139,,,fundamental,GD,data/ogle_gd_1000/photometry/OGLE-GD-RRLYR-01980.dat,e29bf893f380809b3a63a0ec429daf990a6a47e1ed460f4d6d28ba139a6fb5a6,122,864.7635699999992,True,842,0.62549997,7000.05139,OGLE catalog,4,0.17692394814876844,-754.1626859016286,122
OGLE-GD-RRLYR-01983,RRc,0.33062649,7000.06496,,,first overtone,GD,data/ogle_gd_1000/photometry/OGLE-GD-RRLYR-01983.dat,aca60d59ad6da1c58caf3a95db43c20947a559e142825789d00e6aea50544009,124,864.7635699999992,True,947,0.33062649,7000.06496,OGLE catalog,3,0.005721576847404645,-1204.248287206576,124
OGLE-GD-RRLYR-02004,RRc,0.3434443,7000.26905,,,first overtone,GD,data/ogle_gd_1000/photometry/OGLE-GD-RRLYR-02004.dat,0909b6dc030fb1e69616f1710c1e01f71901e464bb3d97a3f0260f456ef05c08,124,864.7634599999992,True,563,0.3434443,7000.26905,OGLE catalog,2,0.08872528047216265,-873.9675983019838,124
OGLE-GD-RRLYR-02014,RRab,0.55330009,7000.11504,,,fundamental,GD,data/ogle_gd_1000/photometry/OGLE-GD-RRLYR-02014.dat,8e8ad86f854e58f9ec3734330f6ebcf5b2808bbd3047f77c5a5b58b1b7437fd3,175,2234.9603099999995,True,536,0.55330009,7000.11504,OGLE catalog,4,0.21624358915919661,-1125.3406830166366,175
OGLE-GD-RRLYR-02059,RRab,0.45187907,7000.30406,,,fundamental,GD,data/ogle_gd_1000/photometry/OGLE-GD-RRLYR-02059.dat,82b1e5f8aab686c8a69223d31470c3d54b0ce8d6b251c1c725d490cbbabdc0a0,148,865.7257399999999,True,665,0.45187907,7000.30406,OGLE catalog,3,0.13770356110573648,-998.0394284133853,148
OGLE-GD-RRLYR-02072,RRab,0.63659526,7000.58218,,,fundamental,GD,data/ogle_gd_1000/photometry/OGLE-GD-RRLYR-02072.dat,7796ab425ce9d96eb3dba8ae88f19b4a1d7c25fa741cabe118cb8e992546f07a,148,865.7255299999997,True,439,0.63659526,7000.58218,OGLE catalog,4,0.14597182694900576,-979.4150690687466,148
OGLE-GD-RRLYR-02073,RRc,0.3376681,7000.24811,,,first overtone,GD,data/ogle_gd_1000/photometry/OGLE-GD-RRLYR-02073.dat,444d992bc1cd03c9041f0d6c60e79b3ad950e09dd75644fabd907ee42a114c36,120,864.7636800000009,True,850,0.3376681,7000.24811,OGLE catalog,4,0.02309086531977631,-983.6097650924878,120
OGLE-GD-RRLYR-02089,RRab,0.59881786,7000.52371,,,fundamental,GD,data/ogle_gd_1000/photometry/OGLE-GD-RRLYR-02089.dat,116745970d75433ef6c9ade67df6660d358600b6bd2a4f2ffcf726e0460a981a,148,865.7254599999997,True,79,0.59881786,7000.52371,OGLE catalog,3,0.3216707660860074,-872.4724854691186,148
OGLE-GD-RRLYR-02094,RRc,0.26365849,7000.19526,,,first overtone,GD,data/ogle_gd_1000/photometry/OGLE-GD-RRLYR-02094.dat,39fa08b999d137b5627497dfc5f228b0ebb287b1cd8618be55548bcd1b6e7987,148,865.7256299999999,True,35,0.26365849,7000.19526,OGLE catalog,4,0.019513428498738064,-1277.2370626526845,148
OGLE-GD-RRLYR-02105,RRab,0.54413152,7000.09951,,,fundamental,GD,data/ogle_gd_1000/photometry/OGLE-GD-RRLYR-02105.dat,4b7f5a242346f7f0551371414f5e28469bf6d24d9fda29f93d1a7278e3a0c919,148,865.7245999999996,True,712,0.54413152,7000.09951,OGLE catalog,4,0.16444206486822574,-961.781656142213,148
OGLE-GD-RRLYR-02114,RRab,0.47585535,7000.44912,,,fundamental,GD,data/ogle_gd_1000/photometry/OGLE-GD-RRLYR-02114.dat,7eb0b43164c30b92e3fab7ee438391352e2fd7dc825dbf8458de5fe969e097d5,175,2234.9593299999988,True,772,0.47585535,7000.44912,OGLE catalog,4,0.18106742186328856,-1156.4094902751913,175
OGLE-GD-RRLYR-02117,RRc,0.28988895,7000.20019,,,first overtone,GD,data/ogle_gd_1000/photometry/OGLE-GD-RRLYR-02117.dat,11cda33f2c88c48f1286315de3ffbb901339f178f8df07dbe944dbcb6b001c89,147,865.7257399999999,True,40,0.28988895,7000.20019,OGLE catalog,2,0.08447907135899002,-1071.915390696138,147
OGLE-GD-RRLYR-02118,RRab,0.51791741,7000.0017,,,fundamental,GD,data/ogle_gd_1000/photometry/OGLE-GD-RRLYR-02118.dat,995c078473a3b4369ee5f62a37a754e07c011f7edb0bfa1e41970670e5d2a6b1,172,2234.9591500000006,True,195,0.51791741,7000.0017,OGLE catalog,3,0.12677575263734842,-1204.574291324072,172
OGLE-GD-RRLYR-02125,RRab,0.48994647,7000.4358,,,fundamental,GD,data/ogle_gd_1000/photometry/OGLE-GD-RRLYR-02125.dat,4b2bed4412f307663b7dad5b21640781777817aa85b5f3e226317f5f14dd5bde,82,862.7804900000001,True,924,0.48994647,7000.4358,OGLE catalog,4,0.0894372244449589,-519.6564058675093,82
OGLE-GD-RRLYR-02133,RRab,0.58490809,7000.05837,,,fundamental,GD,data/ogle_gd_1000/photometry/OGLE-GD-RRLYR-02133.dat,bfca92f67aa9b3450a04ecd3f8862e67eb990ef8009b9095ecb11e9d1a52d4ff,172,2234.9591500000006,True,828,0.58490809,7000.05837,OGLE catalog,3,0.6336521167507079,-927.8124808196383,172
OGLE-GD-RRLYR-02153,RRab,0.60410725,7000.34895,,,fundamental,GD,data/ogle_gd_1000/photometry/OGLE-GD-RRLYR-02153.dat,a1f86a6f917540448da031e9e43903904c940c4d90383b8b677f2bf6c6e821cf,124,864.7693800000006,True,15,0.60410725,7000.34895,OGLE catalog,4,0.05230857619386354,-920.2061526780401,124
OGLE-GD-RRLYR-02167,RRab,0.64861186,7000.34702,,,fundamental,GD,data/ogle_gd_1000/photometry/OGLE-GD-RRLYR-02167.dat,d30c2644464a86eebdda596c3ab522cb990695addf2693276f1d16f0eb7c6b1c,111,843.6894499999999,True,633,0.64861186,7000.34702,OGLE catalog,2,0.00901176316943454,-1021.9341248601306,111
OGLE-GD-RRLYR-02168,RRab,0.49348754,7000.3385,,,fundamental,GD,data/ogle_gd_1000/photometry/OGLE-GD-RRLYR-02168.dat,d1aeff11bbc8d2227b8325b12a908982c64e2551a3736b4d96ed19d874c06a22,174,2234.95877,True,156,0.49348754,7000.3385,OGLE catalog,4,0.440697650411589,-993.8190698937834,174
OGLE-GD-RRLYR-02192,RRab,0.68474169,7000.09134,,,fundamental,GD,data/ogle_gd_1000/photometry/OGLE-GD-RRLYR-02192.dat,2df3d0a181a0ce89e8af66eb85962ce623cbac49dcaeeeabfba8232504993655,92,850.8310700000002,True,789,0.68474169,7000.09134,OGLE catalog,4,0.020497635862920437,-732.9534584338909,92
OGLE-GD-RRLYR-02203,RRc,0.30819193,7000.06946,,,first overtone,GD,data/ogle_gd_1000/photometry/OGLE-GD-RRLYR-02203.dat,2463d4ae8870c78db4a23c0dc5d971a454678ad53e2f3a3c8836d56c1a4a7edd,148,865.7245599999987,True,422,0.30819193,7000.06946,OGLE catalog,4,0.03202266523817322,-1203.9265841079298,148
OGLE-GD-RRLYR-02209,RRab,0.50975946,7000.49752,,,fundamental,GD,data/ogle_gd_1000/photometry/OGLE-GD-RRLYR-02209.dat,a73dc9508e501477e8501c21b9fc6b93cadfde151b69e022bd84fbb02044b149,175,2234.95877,True,713,0.50975946,7000.49752,OGLE catalog,4,0.09227204976483215,-1274.3819221580957,175
OGLE-GD-RRLYR-02217,RRc,0.35018539,7000.20321,,,first overtone,GD,data/ogle_gd_1000/photometry/OGLE-GD-RRLYR-02217.dat,6f10680e35591fcf2a1a37a0f98f271876005e982cc534de3e79134c17ea2c64,170,2234.958629999999,True,579,0.35018539,7000.20321,OGLE catalog,2,0.2968485776454869,-1053.8773707740763,170
OGLE-GD-RRLYR-02222,RRc,0.39366938,7000.21151,,,first overtone,GD,data/ogle_gd_1000/photometry/OGLE-GD-RRLYR-02222.dat,cf3973c5b5365c3db9d44a6a698c57e4264fa97a882db014a9c25296a0ce0da8,155,2234.95877,True,190,0.39366938,7000.21151,OGLE catalog,3,0.04365805245332921,-1231.7888853795457,155
OGLE-GD-RRLYR-02240,RRab,0.4997203,7000.0452,,,fundamental,GD,data/ogle_gd_1000/photometry/OGLE-GD-RRLYR-02240.dat,9cc38cf4e446ab5cbd4474b926bf6b1f7d13f48edc42b2476db40885901569ca,48,738.0635600000005,True,207,0.4997203,7000.0452,OGLE catalog,4,0.022128407836410492,-333.89970695074754,48
OGLE-GD-RRLYR-02292,RRab,0.55239313,7000.21,,,fundamental,GD,data/ogle_gd_1000/photometry/OGLE-GD-RRLYR-02292.dat,b9d55ad2e478dc82b79454de46259007ce00bf83d3ba62ab62a9e6fb44952775,174,2350.6084899999996,True,527,0.55239313,7000.21,OGLE catalog,4,0.11699483950838635,-1224.5829530050064,174
OGLE-GD-RRLYR-02293,RRab,0.61350114,7000.1856,,,fundamental,GD,data/ogle_gd_1000/photometry/OGLE-GD-RRLYR-02293.dat,795d2d151070a863c379a2a29005195a5ca2e18fb7607c9a2b29caa187e59d71,123,864.7699200000006,True,357,0.61350114,7000.1856,OGLE catalog,4,0.07662927394234745,-864.5484779063398,123
OGLE-GD-RRLYR-02298,RRab,0.53842445,7000.33054,,,fundamental,GD,data/ogle_gd_1000/photometry/OGLE-GD-RRLYR-02298.dat,ba1e0361280bac2c13f085564f95832fc2e2b5fbc2f5416d118233b474f4170c,169,2234.958379999999,True,264,0.53842445,7000.33054,OGLE catalog,3,0.6351084543975847,-907.762747376051,169
OGLE-GD-RRLYR-02302,RRc,0.28936744,7000.20828,,,first overtone,GD,data/ogle_gd_1000/photometry/OGLE-GD-RRLYR-02302.dat,ceeef3f9e3aa39c788949e22f6df5f41b7a216d266ad6e585b1537737c0607d4,124,864.770489999999,True,867,0.28936744,7000.20828,OGLE catalog,4,0.028729952532376778,-994.5094472600678,124
OGLE-GD-RRLYR-02303,RRab,0.52417098,7000.28972,,,fundamental,GD,data/ogle_gd_1000/photometry/OGLE-GD-RRLYR-02303.dat,29047c22f6cfbe2f73cf3a0477b78647ddb15b27b2e4d9803ccc82df00190cb6,168,2234.9586099999997,True,175,0.52417098,7000.28972,OGLE catalog,4,0.6131087725961286,-896.8980425671728,168
OGLE-GD-RRLYR-02314,RRc,0.30929784,7000.28098,,,first overtone,GD,data/ogle_gd_1000/photometry/OGLE-GD-RRLYR-02314.dat,570bcade1f377aa6b17b1f10fcd8906694792c8882f290080fb93ba5996a59d7,175,2350.6084899999996,True,525,0.30929784,7000.28098,OGLE catalog,2,0.08179227951610575,-1316.1387894644981,175
OGLE-GD-RRLYR-02322,RRab,0.45092696,7000.43348,,,fundamental,GD,data/ogle_gd_1000/photometry/OGLE-GD-RRLYR-02322.dat,0bddededa5cb269cb61c14ad22706e8c8a88075949fb942a1b80f5eee3fdde21,171,2234.9582900000005,True,717,0.45092696,7000.43348,OGLE catalog,4,0.26388888927158494,-1060.760336819728,171
OGLE-GD-RRLYR-02376,RRab,0.35531425,7000.1487,,,fundamental,GD,data/ogle_gd_1000/photometry/OGLE-GD-RRLYR-02376.dat,21ededcc497d39270569e25974bb22da242d292f1596b5e0c560d25a886d6ad5,175,2350.6093999999994,True,193,0.35531425,7000.1487,OGLE catalog,3,0.41644621405549564,-1020.9836872554921,175
OGLE-GD-RRLYR-02401,RRab,0.55074181,7000.52972,,,fundamental,GD,data/ogle_gd_1000/photometry/OGLE-GD-RRLYR-02401.dat,b4315e9219d425342d6eb9822ccdbe1d0a8a5aebf6fe3727b41809e49174ca54,123,864.7706300000009,True,778,0.55074181,7000.52972,OGLE catalog,4,0.3439586293651645,-679.858785267118,123
OGLE-GD-RRLYR-02409,RRab,0.66752551,7000.05394,,,fundamental,GD,data/ogle_gd_1000/photometry/OGLE-GD-RRLYR-02409.dat,979479459e6321853afa82270c205dd9c205bb09d5e94b0b53fa8e808dc5adfe,174,2350.6091399999996,True,8,0.66752551,7000.05394,OGLE catalog,4,0.03261021526341596,-1446.868690092023,174
OGLE-GD-RRLYR-02419,RRab,0.48616034,7000.37067,,,fundamental,GD,data/ogle_gd_1000/photometry/OGLE-GD-RRLYR-02419.dat,e117ba588471c8a80b495ce87f13595168429b08a29eb6b77858deae80013431,57,1389.9938899999995,True,546,0.48616034,7000.37067,OGLE catalog,2,0.2009353530625489,-301.7106727323927,57
OGLE-GD-RRLYR-02432,RRab,0.42776796,7000.20628,,,fundamental,GD,data/ogle_gd_1000/photometry/OGLE-GD-RRLYR-02432.dat,43f7e42d172f3d3864f85b1bca76e45929adaafe1e0795ace9a8d5f26e999edb,161,2350.60862,True,849,0.42776796,7000.20628,OGLE catalog,4,0.4910491251240651,-886.8784513863776,161
OGLE-GD-RRLYR-02439,RRab,0.53090107,7000.23049,,,fundamental,GD,data/ogle_gd_1000/photometry/OGLE-GD-RRLYR-02439.dat,5f60c56c89090c0209d81d4d932939f7db080733b206aca832668a2a7ac59bc1,161,2350.60915,True,641,0.53090107,7000.23049,OGLE catalog,4,0.41986517307047744,-912.0927468318448,161
OGLE-GD-RRLYR-02442,RRab,0.53673353,7000.33627,,,fundamental,GD,data/ogle_gd_1000/photometry/OGLE-GD-RRLYR-02442.dat,f6215189060a6178b39469431144b91934c0ecac18ffd3c7e383630d49c28608,173,2350.6083199999994,True,282,0.53673353,7000.33627,OGLE catalog,4,0.10090067646732455,-1241.9358474824057,173
OGLE-GD-RRLYR-02462,RRab,0.54389308,7000.05481,,,fundamental,GD,data/ogle_gd_1000/photometry/OGLE-GD-RRLYR-02462.dat,dd58a255341e03029f5d17f423821d6498c337e4e2b58f1016250b1e07851bcc,143,864.6245700000009,True,573,0.54389308,7000.05481,OGLE catalog,2,0.4743236044418673,-791.5313226779875,143
OGLE-GD-RRLYR-02465,RRab,0.51955148,7000.40763,,,fundamental,GD,data/ogle_gd_1000/photometry/OGLE-GD-RRLYR-02465.dat,4dd88a98cb6736f5f7dfd9cd2d48bdf65524008a9467f0b44627934c270436ed,127,855.7033300000003,True,978,0.51955148,7000.40763,OGLE catalog,4,0.17304144806062807,-794.4005405869655,127
OGLE-GD-RRLYR-02475,RRab,0.48964897,7000.32981,,,fundamental,GD,data/ogle_gd_1000/photometry/OGLE-GD-RRLYR-02475.dat,dd730fb8147363ef99f92f8e1bcaefe1bfed9ca0ef30d34fdec51a8a613abf89,124,864.7708000000002,True,533,0.48964897,7000.32981,OGLE catalog,4,0.09917205562171426,-840.883856259994,124
OGLE-GD-RRLYR-02476,RRc,0.32555369,7000.13305,,,first overtone,GD,data/ogle_gd_1000/photometry/OGLE-GD-RRLYR-02476.dat,f2088b8137c91aaa8bd7cbb370110cc2662cda2a40f5877149f2ad7cdc6caaa8,36,2117.09329,True,534,0.32555369,7000.13305,OGLE catalog,2,0.01633671577438432,-259.20533439120476,36
OGLE-GD-RRLYR-02495,RRc,0.32600227,7000.26922,,,first overtone,GD,data/ogle_gd_1000/photometry/OGLE-GD-RRLYR-02495.dat,782d63bb66c8fa6e1a9da5f19ad092f869768145963a73fcfc027ccdd9c2593d,137,859.6936499999993,True,638,0.32600227,7000.26922,OGLE catalog,3,0.009725718356541582,-1274.3159893113025,137
OGLE-GD-RRLYR-02501,RRc,0.23315343,7000.15739,,,first overtone,GD,data/ogle_gd_1000/photometry/OGLE-GD-RRLYR-02501.dat,1c85aeb59a0eb4e27f85111e602a5d7f5c9a2c7f08d7e800791ae499b3c10b87,158,2350.6078,True,598,0.23315343,7000.15739,OGLE catalog,3,0.009098436605955523,-1506.9969737055085,158
OGLE-GD-RRLYR-02515,RRab,0.46006945,7000.32305,,,fundamental,GD,data/ogle_gd_1000/photometry/OGLE-GD-RRLYR-02515.dat,8f2e2556f9d00bc88adcbb50a90813ceeb0d356d4686f05d38d775544941e311,124,864.7743500000006,True,543,0.46006945,7000.32305,OGLE catalog,4,0.2259414211666716,-738.7798394935336,124
OGLE-GD-RRLYR-02536,RRab,0.60220223,7000.53105,,,fundamental,GD,data/ogle_gd_1000/photometry/OGLE-GD-RRLYR-02536.dat,c9b80f8a00271b2c7debf8f7984984d5b0404e1b8619280262daaa35371ffc22,120,922.7525499999992,True,757,0.60220223,7000.53105,OGLE catalog,4,0.05756437645148864,-873.9937474878659,120
OGLE-GD-RRLYR-02542,RRab,0.59777824,7000.51796,,,fundamental,GD,data/ogle_gd_1000/photometry/OGLE-GD-RRLYR-02542.dat,71f9efb1292037d8239e246893f2eb9ae9a7e7717a6afed55459a0f1931b721a,141,863.6675400000004,True,678,0.59777824,7000.51796,OGLE catalog,4,0.10562773757741675,-970.1809384103805,141
OGLE-GD-RRLYR-02544,RRab,0.46091139,7000.18776,,,fundamental,GD,data/ogle_gd_1000/photometry/OGLE-GD-RRLYR-02544.dat,14fc9db5bc53866d3318eb20cc3c867254a2d237abc028dd344d68b58dc03ad3,171,2350.6076600000006,True,578,0.46091139,7000.18776,OGLE catalog,4,0.28480503513547567,-1047.7170179823017,171
OGLE-GD-RRLYR-02545,RRab,0.57141712,7000.15414,,,fundamental,GD,data/ogle_gd_1000/photometry/OGLE-GD-RRLYR-02545.dat,7c6181556e63a4aac384afffdee33b6256fd4bd86b45cc15c943b435244b42d6,125,922.7525499999992,True,7,0.57141712,7000.15414,OGLE catalog,4,0.11771217824194843,-827.5234937236498,125
OGLE-GD-RRLYR-02547,RRab,0.52732747,7000.1532,,,fundamental,GD,data/ogle_gd_1000/photometry/OGLE-GD-RRLYR-02547.dat,27d1ecd8e04af2629483dfa7484758b4e31f387a6a59d3eef604d96ea51ee986,171,2350.6073800000004,True,183,0.52732747,7000.1532,OGLE catalog,4,0.11796483327890815,-1198.4395476144512,171
OGLE-GD-RRLYR-02551,RRab,0.49067819,7000.44522,,,fundamental,GD,data/ogle_gd_1000/photometry/OGLE-GD-RRLYR-02551.dat,924148d374f9b155fcf118c6fb33e48f896e8a7bf34c3f1cd1946e41a509a290,171,2350.6079200000004,True,373,0.49067819,7000.44522,OGLE catalog,4,0.9880544890414167,-835.0044770089098,171
OGLE-GD-RRLYR-02578,RRab,0.47098187,7000.31587,,,fundamental,GD,data/ogle_gd_1000/photometry/OGLE-GD-RRLYR-02578.dat,0dfd0569293c17f4f1110628c139516b186691a9e0b94a8ec05c04aaa48a326d,125,922.7525499999992,True,459,0.47098187,7000.31587,OGLE catalog,4,0.10976171038629065,-836.2648350471294,125
OGLE-GD-RRLYR-02582,RRc,0.35153312,7000.03015,,,first overtone,GD,data/ogle_gd_1000/photometry/OGLE-GD-RRLYR-02582.dat,bf0fed688b57a51e4e68c26bf25985d156672c4ccc83e961c51dc867424451b5,170,2350.6073800000004,True,99,0.35153312,7000.03015,OGLE catalog,4,0.025924385123713953,-1447.800659615866,170
OGLE-GD-RRLYR-02586,RRab,0.47793121,7000.03993,,,fundamental,GD,data/ogle_gd_1000/photometry/OGLE-GD-RRLYR-02586.dat,8866047691a2fa401fb153f86f7c1f5e538c73626199bb4f3db1a6975ac4e697,171,2350.6073800000004,True,194,0.47793121,7000.03993,OGLE catalog,4,0.19285302247050778,-1114.3858997813927,171
OGLE-GD-RRLYR-02603,RRc,0.34884399,7000.32062,,,first overtone,GD,data/ogle_gd_1000/photometry/OGLE-GD-RRLYR-02603.dat,a175e267f4daa3615ae3bcb957eb26ac47b6102d07e186efdd187ecddf08cc1e,50,815.8446899999999,True,560,0.34884399,7000.32062,OGLE catalog,2,0.015742441242383838,-383.6107827456656,50
OGLE-GD-RRLYR-02610,RRab,0.50127417,7000.44256,,,fundamental,GD,data/ogle_gd_1000/photometry/OGLE-GD-RRLYR-02610.dat,7cd1eab76cb4b1c707f914a00a0227571246b791be505193a4cf0edf702f967e,212,2370.60181,True,92,0.50127417,7000.44256,OGLE catalog,4,0.022512144572866145,-1891.6514893565784,212
OGLE-GD-RRLYR-02613,RRab,0.64022176,7000.51778,,,fundamental,GD,data/ogle_gd_1000/photometry/OGLE-GD-RRLYR-02613.dat,2e903f079b2b493bcb69408404506af8c3d5db2cd6d635466cea141521fa86af,125,922.75267,True,837,0.64022176,7000.51778,OGLE catalog,4,0.03574573789017474,-976.4999231276449,125
OGLE-GD-RRLYR-02617,RRc,0.24402244,7000.09415,,,first overtone,GD,data/ogle_gd_1000/photometry/OGLE-GD-RRLYR-02617.dat,7088db226fe298e24a570db6b08550c346152cf63cb29c4dda9422e0284ef8dc,56,922.75267,True,776,0.24402244,7000.09415,OGLE catalog,1,0.011396584697771071,-463.91236676635094,56
OGLE-GD-RRLYR-02631,RRab,0.2968443,7000.20069,,,fundamental,GD,data/ogle_gd_1000/photometry/OGLE-GD-RRLYR-02631.dat,f2c2d115e4a328857b3704b80f82fbff32f67239e7a3a5ed558e0573a21e5c8e,212,2370.60181,True,870,0.2968443,7000.20069,OGLE catalog,4,0.12491379058000934,-1528.3748822131647,212
OGLE-GD-RRLYR-02639,RRab,0.58870678,7000.23731,,,fundamental,GD,data/ogle_gd_1000/photometry/OGLE-GD-RRLYR-02639.dat,6b8032d8bff00216451c6734ed807140233df92af13fda092580049131d7d35b,172,2350.607209999999,True,50,0.58870678,7000.23731,OGLE catalog,4,0.3097869155952959,-1040.603340666841,172
OGLE-GD-RRLYR-02640,RRc,0.34025291,7000.33468,,,first overtone,GD,data/ogle_gd_1000/photometry/OGLE-GD-RRLYR-02640.dat,2e6b30abb571cde48544e3095065ce2e434c6890dfe081c88daec1933d5cb29c,121,922.75267,True,941,0.34025291,7000.33468,OGLE catalog,4,0.006219745694670654,-1151.8117183451689,121
OGLE-GD-RRLYR-02642,RRc,0.31123174,7000.09591,,,first overtone,GD,data/ogle_gd_1000/photometry/OGLE-GD-RRLYR-02642.dat,c69908664c888ad720e94e4c1e588c6497a89b6d8511918bdaa2577651a0aa34,212,2370.60181,True,611,0.31123174,7000.09591,OGLE catalog,3,0.04163511862126307,-1772.0081755949966,212
OGLE-GD-RRLYR-02668,RRab,0.54732701,7000.02883,,,fundamental,GD,data/ogle_gd_1000/photometry/OGLE-GD-RRLYR-02668.dat,fc28dfa9b07e060a828e045e4ce225bb9b700fc036f44fdef0917dbe33b5b268,140,863.6677099999997,True,730,0.54732701,7000.02883,OGLE catalog,4,0.3037550779156712,-814.169856748716,140
OGLE-GD-RRLYR-02702,RRc,0.3579192,7000.08573,,,first overtone,GD,data/ogle_gd_1000/photometry/OGLE-GD-RRLYR-02702.dat,7c807e538642b205f1c9e204ccee63ecbf63176639db158b840d8342089197d9,173,2350.6081000000004,True,495,0.3579192,7000.08573,OGLE catalog,4,0.034585713215924706,-1427.1662464369579,173
OGLE-GD-RRLYR-02708,RRab,0.75329738,7000.24297,,,fundamental,GD,data/ogle_gd_1000/photometry/OGLE-GD-RRLYR-02708.dat,c68b4c1e900a76fe7f66b5072dbe32ba76b827648901b0fb7b76fba6c26f94e5,143,863.6676700000007,True,301,0.75329738,7000.24297,OGLE catalog,4,0.03891649017974902,-1129.2474009281668,143
OGLE-GD-RRLYR-02745,RRab,0.62318215,7000.43896,,,fundamental,GD,data/ogle_gd_1000/photometry/OGLE-GD-RRLYR-02745.dat,871ab7ab471282b0ff2a6db37c074be3f7292216740b217fc035dcf30b4db917,143,863.6676399999997,True,801,0.62318215,7000.43896,OGLE catalog,4,0.09351448305816548,-1003.8795511149651,143
OGLE-GD-RRLYR-02753,RRab,0.49090607,7000.10488,,,fundamental,GD,data/ogle_gd_1000/photometry/OGLE-GD-RRLYR-02753.dat,f41fa176ec941e6c14f145c5d833e8b6322546d9707679bba7ea63d4f11061c6,58,855.7025499999991,True,169,0.49090607,7000.10488,OGLE catalog,4,0.06322045751545444,-359.1070929666349,58
OGLE-GD-RRLYR-02768,RRab,0.89932005,7000.75919,,,fundamental,GD,data/ogle_gd_1000/photometry/OGLE-GD-RRLYR-02768.dat,91d35ef102add35b3e042ec203d5c421d8e334d5a26b1b873fc334322af8de93,170,2270.851340000001,True,119,0.89932005,7000.75919,OGLE catalog,3,0.01368313727247972,-1566.7056254896606,170
OGLE-GD-RRLYR-02789,RRab,0.55062588,7000.05795,,,fundamental,GD,data/ogle_gd_1000/photometry/OGLE-GD-RRLYR-02789.dat,1f2cb6e8111a58a1998ad6e87a69b6f4af1ca2d152fee83f5d6f37adf7d9ac95,123,922.75313,True,587,0.55062588,7000.05795,OGLE catalog,4,0.17770761981981173,-761.0857432452563,123
OGLE-GD-RRLYR-02808,RRab,0.75216826,7000.2116,,,fundamental,GD,data/ogle_gd_1000/photometry/OGLE-GD-RRLYR-02808.dat,f4db713b0fd398356b8fd3644b13d078bc72eb1b0a37ff7039050f57a79ad5f2,118,922.75299,True,393,0.75216826,7000.2116,OGLE catalog,4,0.01221623346455027,-1039.7933968518867,118
OGLE-GD-RRLYR-02813,RRab,0.56704414,7000.23846,,,fundamental,GD,data/ogle_gd_1000/photometry/OGLE-GD-RRLYR-02813.dat,3194d3d9a0bb286b8c6e33f760aefc7e212717dcfbff64c766984b202b210220,122,922.75313,True,936,0.56704414,7000.23846,OGLE catalog,3,0.37514450179527514,-672.0765868163129,122
OGLE-GD-RRLYR-02814,RRc,0.34180792,7000.26775,,,first overtone,GD,data/ogle_gd_1000/photometry/OGLE-GD-RRLYR-02814.dat,46b5ddf3fb49f695410ee20a6e857d6c61007f633037d1fd82f6b0a3759f47df,141,863.6678999999995,True,222,0.34180792,7000.26775,OGLE catalog,3,0.08503799845866726,-1010.6504738296044,141
OGLE-GD-RRLYR-02835,RRab,0.64047677,7000.2839,,,fundamental,GD,data/ogle_gd_1000/photometry/OGLE-GD-RRLYR-02835.dat,c58ba77bd78e474343ccb93ff8e613254f627e683d99d4b5ebd4bf110588cc7c,124,922.7531200000004,True,973,0.64047677,7000.2839,OGLE catalog,3,0.4108978659151529,-674.2598571778092,124
OGLE-GD-RRLYR-02860,RRab,0.64754995,7000.00261,,,fundamental,GD,data/ogle_gd_1000/photometry/OGLE-GD-RRLYR-02860.dat,23104066cb83a186286be2a9eb4b73efff0655a621e7dc6046e6233dda323526,171,2270.850840000001,True,128,0.64754995,7000.00261,OGLE catalog,3,0.4193537194469191,-991.8387515089964,171
OGLE-GD-RRLYR-02861,RRc,0.29074577,7000.22612,,,first overtone,GD,data/ogle_gd_1000/photometry/OGLE-GD-RRLYR-02861.dat,3a6c99f95875a093f2c42b8c5b58d2c93cb58ebca15d39cb29bbc6498f454d12,141,863.6678699999993,True,124,0.29074577,7000.22612,OGLE catalog,3,0.032280881846458734,-1147.2263218485655,141
OGLE-GD-RRLYR-02874,RRd,0.36052977,7000.31234,0.48425236,7000.26222,first overtone,GD,data/ogle_gd_1000/photometry/OGLE-GD-RRLYR-02874.dat,3ad0b8b88821175db765c5ee9b1aa0408d55bbf812a2501ed5525c8ae292fed8,141,863.6679799999993,True,616,0.36052977,7000.31234,OGLE catalog,1,0.3588391947436127,-827.4370740772144,141
OGLE-GD-RRLYR-02888,RRab,0.38337692,7000.32479,,,fundamental,GD,data/ogle_gd_1000/photometry/OGLE-GD-RRLYR-02888.dat,4f00e5e5b51e49f77de6549831457b0f1618700ed1bec520cebe5923cb07eeb6,126,855.7028899999996,True,473,0.38337692,7000.32479,OGLE catalog,4,0.22506287412168824,-753.7582929977357,126
OGLE-GD-RRLYR-02892,RRab,0.46712552,7000.01858,,,fundamental,GD,data/ogle_gd_1000/photometry/OGLE-GD-RRLYR-02892.dat,fb6cb2f295b4aa834291f34fe52ddf16de70e8f2fb77920e86d48ef740251f2c,124,922.7531200000004,True,6,0.46712552,7000.01858,OGLE catalog,4,0.13722285232750323,-800.614857954982,124
OGLE-GD-RRLYR-02901,RRab,0.57561574,7000.39717,,,fundamental,GD,data/ogle_gd_1000/photometry/OGLE-GD-RRLYR-02901.dat,719189b0d628129e2170743eb244feb4911514b0dcbc21d031e207d1d2de3db5,124,922.7533600000006,True,85,0.57561574,7000.39717,OGLE catalog,3,0.2760193311292352,-723.5962057246925,124
OGLE-GD-RRLYR-02908,RRc,0.27641017,7000.05848,,,first overtone,GD,data/ogle_gd_1000/photometry/OGLE-GD-RRLYR-02908.dat,baa3d9169b6ab7db8708b76c1cd9df009e26211774403249397b4716f1927dc1,170,2270.851889999999,True,366,0.27641017,7000.05848,OGLE catalog,2,0.048637285563794784,-1361.3787665362627,170
OGLE-GD-RRLYR-02915,RRc,0.38856901,7000.11142,,,first overtone,GD,data/ogle_gd_1000/photometry/OGLE-GD-RRLYR-02915.dat,33fe80b4bb7eac1404c1ea19ea52a50fbca6cbd2a32d95da1e5a4df86d5eecd5,172,2270.85051,True,726,0.38856901,7000.11142,OGLE catalog,3,0.06475421419122293,-1320.1275060698174,172
OGLE-GD-RRLYR-02936,RRab,0.59936965,7000.34201,,,fundamental,GD,data/ogle_gd_1000/photometry/OGLE-GD-RRLYR-02936.dat,aba4a8ff88fa2a6162f3953e96e6453a5a0e3954658c60e81fc7ee175462d744,124,922.7533600000006,True,247,0.59936965,7000.34201,OGLE catalog,4,0.08769118266572079,-856.1401866686888,124
OGLE-GD-RRLYR-02972,RRab,0.43753136,7000.03302,,,fundamental,GD,data/ogle_gd_1000/photometry/OGLE-GD-RRLYR-02972.dat,6bb2a2805b078637b94a2253931d9933da30b578fadbecd9f8a07d13588de46f,122,922.7534800000012,True,601,0.43753136,7000.03302,OGLE catalog,4,0.11478547660007292,-806.9465963082166,122
OGLE-GD-RRLYR-02997,RRab,0.40950553,7000.36541,,,fundamental,GD,data/ogle_gd_1000/photometry/OGLE-GD-RRLYR-02997.dat,1326437e7ccc8b92bd7bc42d9202e3b1c0d5ac61bc09738b691016aea69a8b77,168,2270.85026,True,291,0.40950553,7000.36541,OGLE catalog,4,0.1554249164374343,-1127.457815491412,168
OGLE-GD-RRLYR-03005,RRab,0.50864453,7000.11539,,,fundamental,GD,data/ogle_gd_1000/photometry/OGLE-GD-RRLYR-03005.dat,6dc3f983eff0352bfa7ec37181f684016b6a4dc1cc919064cb2290f20f7d9e3d,48,815.8452699999998,True,132,0.50864453,7000.11539,OGLE catalog,4,0.06760553884700966,-280.29197688219676,48
OGLE-GD-RRLYR-03009,RRab,0.59286251,7000.10168,,,fundamental,GD,data/ogle_gd_1000/photometry/OGLE-GD-RRLYR-03009.dat,a8baa72f65d3bec86297d2b2e9eca60cd88b9773c4015b2f0252b145c8a4d69a,167,2270.85005,True,913,0.59286251,7000.10168,OGLE catalog,4,0.03863641528500088,-1351.9875500553246,167
OGLE-GD-RRLYR-03030,RRab,0.61955742,7000.49812,,,fundamental,GD,data/ogle_gd_1000/photometry/OGLE-GD-RRLYR-03030.dat,5c49c3e73929ea56572950cdea78c38b3b91fa04366defef717e6a94272d41dd,98,915.7743499999996,True,615,0.61955742,7000.49812,OGLE catalog,4,0.022195472712483975,-781.2330659932317,98
OGLE-GD-RRLYR-03049,RRab,0.52302114,7000.34967,,,fundamental,GD,data/ogle_gd_1000/photometry/OGLE-GD-RRLYR-03049.dat,30fdcf81fcc60a51403854672b0b80127a84b0fec69d94c7f7c91e3949a16b7f,122,922.7534999999988,True,539,0.52302114,7000.34967,OGLE catalog,4,0.07330784634036672,-861.6510691114538,122
OGLE-GD-RRLYR-03090,RRc,0.2805191,7000.02179,,,first overtone,GD,data/ogle_gd_1000/photometry/OGLE-GD-RRLYR-03090.dat,a53e8bfca7075d624c69e108879ad15613649734d455203639edca1630e98d1b,166,2270.8498,True,413,0.2805191,7000.02179,OGLE catalog,2,0.03996453445715304,-1357.5106681435536,166
OGLE-GD-RRLYR-03095,RRab,0.4952847,7000.17146,,,fundamental,GD,data/ogle_gd_1000/photometry/OGLE-GD-RRLYR-03095.dat,f0df7757e4c41cc356e21b2b62a630d0e6ddea13551cc44465bcb890ebda9589,201,2270.8508599999996,True,46,0.4952847,7000.17146,OGLE catalog,4,0.18443374597646262,-1358.0180034061586,201
OGLE-GD-RRLYR-03100,RRab,0.5480011,7000.29689,,,fundamental,GD,data/ogle_gd_1000/photometry/OGLE-GD-RRLYR-03100.dat,66cfb985966fa5da0bc4aa72ea2698f5f6bb29fb6070016955e9788022dd2487,124,922.7536499999997,True,39,0.5480011,7000.29689,OGLE catalog,4,0.031248573094992047,-984.089294080086,124
OGLE-GD-RRLYR-03132,RRab,0.65288809,7000.251,,,fundamental,GD,data/ogle_gd_1000/photometry/OGLE-GD-RRLYR-03132.dat,fb817212f8d4ff876726765e88c673653b8a392a60ff72c0ff160c83f9351a8d,165,2270.850599999999,True,845,0.65288809,7000.251,OGLE catalog,4,0.08688216075587188,-1199.6559150954695,165
OGLE-GD-RRLYR-03139,RRab,0.603936,7000.26127,,,fundamental,GD,data/ogle_gd_1000/photometry/OGLE-GD-RRLYR-03139.dat,c294837fd767ebdf622ba0e0af0ad7e0a54f583edf0b5f4a27dc8f2a04beaee0,123,922.7536499999997,True,581,0.603936,7000.26127,OGLE catalog,3,0.3217148709719079,-697.706408433396,123
OGLE-GD-RRLYR-03151,RRc,0.297009,7000.2387,,,first overtone,GD,data/ogle_gd_1000/photometry/OGLE-GD-RRLYR-03151.dat,f712381912a068f26305f580852324635f3c6ee0d776828d213cf39bc3c92930,140,863.6677700000009,True,343,0.297009,7000.2387,OGLE catalog,3,0.02761955801338615,-1159.7308009027536,140
OGLE-GD-RRLYR-03160,RRab,0.4667029,7000.33009,,,fundamental,GD,data/ogle_gd_1000/photometry/OGLE-GD-RRLYR-03160.dat,327e6fba24b9ed91122d17c18c9c219a9ce8134ccab8cbdc2776c3451a9faa41,166,2270.850599999999,True,732,0.4667029,7000.33009,OGLE catalog,4,0.2166611550964024,-1056.4659095266968,166
OGLE-GD-RRLYR-03162,RRab,0.50254521,7000.11898,,,fundamental,GD,data/ogle_gd_1000/photometry/OGLE-GD-RRLYR-03162.dat,e76d3cde4c19f04ef309c6431c0bf4f2036aa6100863236747fa0c398cd553b3,166,2270.850599999999,True,292,0.50254521,7000.11898,OGLE catalog,4,0.017651055292099732,-1472.7173942119164,166
OGLE-GD-RRLYR-03167,RRab,0.7108311,7000.16537,,,fundamental,GD,data/ogle_gd_1000/photometry/OGLE-GD-RRLYR-03167.dat,dc46aee1fead28a8b243b9a7ba9e96d2da0be2ecae6e7ffeb0c3998e97d90142,140,863.6678899999997,True,791,0.7108311,7000.16537,OGLE catalog,4,0.011600965812368415,-1271.2885268126481,140
OGLE-GD-RRLYR-03216,RRab,0.56909939,7000.18029,,,fundamental,GD,data/ogle_gd_1000/photometry/OGLE-GD-RRLYR-03216.dat,8a2ebde3af7f09e4fac029dbcd449e9559a9a79bbaa0703b47098e9982f04fcf,123,922.7539599999992,True,237,0.56909939,7000.18029,OGLE catalog,4,0.11922574690041711,-810.1776121856122,123
OGLE-GD-RRLYR-03223,RRab,0.43300623,7000.14381,,,fundamental,GD,data/ogle_gd_1000/photometry/OGLE-GD-RRLYR-03223.dat,98783c6a381f3668ee23092f5870e19f60fcb6dd5d3c2da45db67b412bbbc6eb,123,922.75389,True,172,0.43300623,7000.14381,OGLE catalog,3,0.5706990957872614,-627.2032470806745,123
OGLE-GD-RRLYR-03231,RRab,0.38883231,7000.36362,,,fundamental,GD,data/ogle_gd_1000/photometry/OGLE-GD-RRLYR-03231.dat,f93404aacf2b6cfa3a7944f72ab27f9bea53ed5e07aadcd30def07d2aa2bdecb,140,863.6679200000008,True,937,0.38883231,7000.36362,OGLE catalog,4,0.31333562666566717,-809.8224096192318,140
OGLE-GD-RRLYR-03237,RRab,0.50781956,7000.2014,,,fundamental,GD,data/ogle_gd_1000/photometry/OGLE-GD-RRLYR-03237.dat,6fccb9a6c0d8da1d7ebd92edf57231d32252fff42569276be1d0c352a9f0bd85,123,922.7537700000012,True,202,0.50781956,7000.2014,OGLE catalog,4,0.21922361264271387,-735.2615664718155,123
OGLE-GD-RRLYR-03241,RRab,0.46227163,7000.00893,,,fundamental,GD,data/ogle_gd_1000/photometry/OGLE-GD-RRLYR-03241.dat,8c193826b40511b381e76f618889fcf2e61fbd29c58770f51b9a8c5df6b7903a,123,922.75389,True,446,0.46227163,7000.00893,OGLE catalog,4,0.043142193111494434,-935.20923418754,123
OGLE-GD-RRLYR-03251,RRab,0.61626751,7000.2202,,,fundamental,GD,data/ogle_gd_1000/photometry/OGLE-GD-RRLYR-03251.dat,e4a84a6714bcf223ff1d195065605b5908f174c040ebc10cb6857dc43b49882f,123,922.75389,True,911,0.61626751,7000.2202,OGLE catalog,4,0.023039676169703878,-1012.3651288141305,123
OGLE-GD-RRLYR-03253,RRab,0.72864733,7000.14655,,,fundamental,GD,data/ogle_gd_1000/photometry/OGLE-GD-RRLYR-03253.dat,432703c9bf60fdf37fca478f67aec856fcf1f6e977c6e9ff5d9bf048101324e3,165,2270.8503599999995,True,1010,0.72864733,7000.14655,OGLE catalog,4,0.05677206531784238,-1269.8647894612316,165
OGLE-GD-RRLYR-03256,RRc,0.23960084,7000.06477,,,first overtone,GD,data/ogle_gd_1000/photometry/OGLE-GD-RRLYR-03256.dat,f7f3ead3b64e3aa481a333da8a809beee2be206fb25d1a0f8b88217c87077932,111,855.7033900000006,True,492,0.23960084,7000.06477,OGLE catalog,3,0.006795797244132311,-1043.8421919694194,111
OGLE-GD-RRLYR-03263,RRab,0.64579431,7000.28986,,,fundamental,GD,data/ogle_gd_1000/photometry/OGLE-GD-RRLYR-03263.dat,2435e56be826995d84e5ea27e520b2a0ad6f5e15ce05bac816788c3d5ed7677e,122,915.774660000001,True,266,0.64579431,7000.28986,OGLE catalog,4,0.059065137257778226,-888.0063376293208,122
OGLE-GD-RRLYR-03265,RRab,0.91682176,7000.18233,,,fundamental,GD,data/ogle_gd_1000/photometry/OGLE-GD-RRLYR-03265.dat,db660dca6706c320d7ba49f02de9b031a27ee2e9ad287fdb621604a7bae7ddfb,160,2270.8503599999995,True,493,0.91682176,7000.18233,OGLE catalog,4,0.03091810839660898,-1322.5773636163976,160
OGLE-GD-RRLYR-03270,RRab,0.59900117,7000.55442,,,fundamental,GD,data/ogle_gd_1000/photometry/OGLE-GD-RRLYR-03270.dat,4d3d634b53e9f730e5873b3abf9bd48c574fa85f835df8525ad07d98aad2fce7,158,2270.849949999999,True,51,0.59900117,7000.55442,OGLE catalog,1,0.22914580506196597,-1017.498920523376,158
OGLE-GD-RRLYR-03279,RRab,0.60918136,7000.48046,,,fundamental,GD,data/ogle_gd_1000/photometry/OGLE-GD-RRLYR-03279.dat,b7c88624c3859c0ceb0784b12e2ec7ce50b0710f1e51601db6a350f0fc3619cb,119,922.7539400000004,True,297,0.60918136,7000.48046,OGLE catalog,4,0.03524415792484921,-923.8127882766713,119
OGLE-GD-RRLYR-03290,RRab,0.5139561,7000.26142,,,fundamental,GD,data/ogle_gd_1000/photometry/OGLE-GD-RRLYR-03290.dat,9c44939b5223f41fbedba6984cc3f150ac15abb0beaf55c36bffabd957ef0c5c,139,863.6680299999998,True,906,0.5139561,7000.26142,OGLE catalog,4,0.3355255123745708,-793.2775735906546,139
OGLE-GD-RRLYR-03291,RRc,0.2902507,7000.23791,,,first overtone,GD,data/ogle_gd_1000/photometry/OGLE-GD-RRLYR-03291.dat,e5e9e372a6f03a63507041b143cc9342a2f5545aa8a7cba3bcf9dd8be3784e92,33,686.15492,True,961,0.2902507,7000.23791,OGLE catalog,3,0.00961185712087969,-244.1862048521443,33
OGLE-GD-RRLYR-03307,RRab,0.61629537,7000.29535,,,fundamental,GD,data/ogle_gd_1000/photometry/OGLE-GD-RRLYR-03307.dat,43e62cc9689f3214daf5570cb420ab5307f2f4ff545b1e0d8fbb8fd82953b1ab,140,863.6680399999996,True,105,0.61629537,7000.29535,OGLE catalog,4,0.2787545127710083,-826.1944847454337,140
OGLE-GD-RRLYR-03324,RRc,0.27377816,7000.02733,,,first overtone,GD,data/ogle_gd_1000/photometry/OGLE-GD-RRLYR-03324.dat,d4a8e3c1023ba42982695ec9e140ad328c7fd3a0f33e826d4216e3404364550b,122,922.7541199999988,True,844,0.27377816,7000.02733,OGLE catalog,1,0.14955381057422454,-803.4905840266003,122
OGLE-GD-RRLYR-03328,RRab,0.63890521,7000.16226,,,fundamental,GD,data/ogle_gd_1000/photometry/OGLE-GD-RRLYR-03328.dat,c1339bcd5ae176e2676a8e7557d857811cd04f7bf204da040b7a8d907b1ffbd8,127,863.6680299999998,True,920,0.63890521,7000.16226,OGLE catalog,3,0.029004006413840787,-1030.9232562797529,127
OGLE-GD-RRLYR-03344,RRc,0.31573933,7000.27394,,,first overtone,GD,data/ogle_gd_1000/photometry/OGLE-GD-RRLYR-03344.dat,9b2b908479019e9ea3f79207d7574efabb39c0d1bf9edd7580bd2fd8a50a19dc,140,863.6679200000008,True,352,0.31573933,7000.27394,OGLE catalog,4,0.014099674852277212,-1243.9796532398711,140
OGLE-GD-RRLYR-03356,RRab,0.59909172,7000.1381,,,fundamental,GD,data/ogle_gd_1000/photometry/OGLE-GD-RRLYR-03356.dat,a8b8b7b47772e1e1cc515f13d98cefc6ad91ba9e922c336f62beb5ad4253aead,122,922.75403,True,1006,0.59909172,7000.1381,OGLE catalog,4,0.14602856290694657,-777.5766489420739,122
OGLE-GD-RRLYR-03369,RRab,0.53546469,7000.52807,,,fundamental,GD,data/ogle_gd_1000/photometry/OGLE-GD-RRLYR-03369.dat,4d52788acb30bb68ecf14810bc5e4b01e3198eb3ac80f8a762bb8a66cd1151c0,141,863.6680399999996,True,528,0.53546469,7000.52807,OGLE catalog,4,0.16778156814930628,-904.9343247855312,141
OGLE-GD-RRLYR-03382,RRab,0.85234725,7000.56638,,,fundamental,GD,data/ogle_gd_1000/photometry/OGLE-GD-RRLYR-03382.dat,6f3550dce7f430fcdb4ba2c143b5b3435fffef4cfc7e0134794d3256a7fcfa6d,92,915.7746199999992,True,642,0.85234725,7000.56638,OGLE catalog,1,0.23416159432402975,-535.9996155266164,92
OGLE-GD-RRLYR-03399,RRab,0.61319747,7000.27035,,,fundamental,GD,data/ogle_gd_1000/photometry/OGLE-GD-RRLYR-03399.dat,df443fd468198ece4459a5e51a58e2b4de40f2b6c5d8c37d08c0cfb63896a08e,123,922.7542600000006,True,303,0.61319747,7000.27035,OGLE catalog,4,0.2646958275036471,-712.0774102699319,123
OGLE-GD-RRLYR-03401,RRc,0.3433767,7000.2727,,,first overtone,GD,data/ogle_gd_1000/photometry/OGLE-GD-RRLYR-03401.dat,b9511e0fad5b6e76ac384d84edf810c76fb9a6e1bee2946efcfa9af34c028ef2,124,863.6897900000004,True,295,0.3433767,7000.2727,OGLE catalog,3,0.034010759360300236,-983.2266589047292,124
OGLE-GD-RRLYR-03418,RRab,0.53599108,7000.27152,,,fundamental,GD,data/ogle_gd_1000/photometry/OGLE-GD-RRLYR-03418.dat,d34d7ae7293a33bd73d9d8f4e7e16409ace372fcee1696b8153e550bf230b020,124,863.6897900000004,True,158,0.53599108,7000.27152,OGLE catalog,4,0.033447247196235916,-975.6578182365909,124
OGLE-GD-RRLYR-03423,RRc,0.26086743,7000.24392,,,first overtone,GD,data/ogle_gd_1000/photometry/OGLE-GD-RRLYR-03423.dat,b56aa908fba66bd606bb663cedfd1e610f8fb0afdbdca415d1b1a9bbce64256c,123,863.6897600000011,True,841,0.26086743,7000.24392,OGLE catalog,2,0.010882079920479217,-1123.8762139935118,123
OGLE-GD-RRLYR-03438,RRab,0.49180961,7000.23022,,,fundamental,GD,data/ogle_gd_1000/photometry/OGLE-GD-RRLYR-03438.dat,bacd44cd3e2bdb3ec3db8b98ab97d248e44c40887c03dec84e3891b45b60d492,140,863.6680800000004,True,632,0.49180961,7000.23022,OGLE catalog,4,0.12414281666950144,-939.4403253930543,140
OGLE-GD-RRLYR-03443,RRab,0.72699593,7000.092,,,fundamental,GD,data/ogle_gd_1000/photometry/OGLE-GD-RRLYR-03443.dat,841a8e50a8cf4650f625647e6bbff963b81e8fa4f7442402f86253f653a1c5e9,155,2270.86946,True,892,0.72699593,7000.092,OGLE catalog,4,0.09147489767897521,-1107.05212350029,155
OGLE-GD-RRLYR-03467,RRc,0.32411113,7000.16457,,,first overtone,GD,data/ogle_gd_1000/photometry/OGLE-GD-RRLYR-03467.dat,263cf9ed7f375c9ce9560319abc0cbb1614bff0f26d7a741e17b650ff28368e7,124,855.7035400000004,True,856,0.32411113,7000.16457,OGLE catalog,3,0.013774566195608677,-1095.304438833057,124
OGLE-GD-RRLYR-03470,RRab,0.79556751,7000.02671,,,fundamental,GD,data/ogle_gd_1000/photometry/OGLE-GD-RRLYR-03470.dat,25dc7544baf1ffced253be0f447dd6bda51a757546c3015927414a309ea16983,180,2270.8686500000003,True,498,0.79556751,7000.02671,OGLE catalog,4,0.042714334020473456,-1455.5753517742216,180
OGLE-GD-RRLYR-03472,RRab,0.41596774,7000.06796,,,fundamental,GD,data/ogle_gd_1000/photometry/OGLE-GD-RRLYR-03472.dat,bb24fc8d4563230b9a2891f781fd8aa98b07530ed86ccb0760e907033c70561b,141,2270.8679599999987,True,612,0.41596774,7000.06796,OGLE catalog,4,0.21414965214619264,-870.5286136267903,141
OGLE-GD-RRLYR-03474,RRab,0.63675296,7000.03878,,,fundamental,GD,data/ogle_gd_1000/photometry/OGLE-GD-RRLYR-03474.dat,57a803d21f1b28608d7d5fb5b3b21ed04a37963ff1e2b2983f1251494de06b30,123,922.7541899999997,True,637,0.63675296,7000.03878,OGLE catalog,2,0.12897237645354595,-819.7610690630405,123
OGLE-GD-RRLYR-03481,RRc,0.28670611,7000.19613,,,first overtone,GD,data/ogle_gd_1000/photometry/OGLE-GD-RRLYR-03481.dat,fe3c8cccaff4795d20ede8f211a46be1842ba11dd3564c73e5e2065143faaa42,160,2270.8679599999987,True,34,0.28670611,7000.19613,OGLE catalog,2,0.0878575953744733,-1175.7780229037128,160
OGLE-GD-RRLYR-03492,RRab,0.5549632,7000.30416,,,fundamental,GD,data/ogle_gd_1000/photometry/OGLE-GD-RRLYR-03492.dat,29418729699e934fb89b0fc9d2638ceda9f722c2e7758f75bf07f2a765988f09,121,862.74568,True,865,0.5549632,7000.30416,OGLE catalog,4,0.03904930255914776,-929.5231029367344,121
OGLE-GD-RRLYR-03498,RRc,0.28814668,7000.23968,,,first overtone,GD,data/ogle_gd_1000/photometry/OGLE-GD-RRLYR-03498.dat,c4e4812fc8bb6c986c3804cc0ede6a76ba9199e9f15f3d5243cc6d839e22a797,111,783.0027899999995,True,314,0.28814668,7000.23968,OGLE catalog,2,0.28903642659236717,-636.9836849707834,111
OGLE-GD-RRLYR-03510,RRab,0.6530153,7000.59518,,,fundamental,GD,data/ogle_gd_1000/photometry/OGLE-GD-RRLYR-03510.dat,564cfb0af2a03d8ce6ce8064153c80b45af89d545e8cdfbf42a6e3cfdd639b29,159,2270.8679599999987,True,52,0.6530153,7000.59518,OGLE catalog,3,0.049063999435062663,-1249.7995645629424,159
OGLE-GD-RRLYR-03515,RRc,0.2365007,7000.0268,,,first overtone,GD,data/ogle_gd_1000/photometry/OGLE-GD-RRLYR-03515.dat,aa0a18bff33a8b059cd0dcc60e638b725b352dd53da5b598cd426bcb4f94788d,159,2270.8679599999987,True,670,0.2365007,7000.0268,OGLE catalog,2,0.093100517574548,-1158.0892572664825,159
OGLE-GD-RRLYR-03520,RRc,0.31996268,7000.05429,,,first overtone,GD,data/ogle_gd_1000/photometry/OGLE-GD-RRLYR-03520.dat,9510fd7258b76e67bc5afe20a6aef2ee98e82e44666f6c54df7346226626ea28,122,922.7543699999997,True,918,0.31996268,7000.05429,OGLE catalog,3,0.015002973738197822,-1064.8022556388178,122
OGLE-GD-RRLYR-03521,RRab,0.5623354,7000.55729,,,fundamental,GD,data/ogle_gd_1000/photometry/OGLE-GD-RRLYR-03521.dat,abef77be2280db7202569f8ac8ddff598f151536d0ca2bd8273a5791edd12ac1,121,922.7544200000002,True,181,0.5623354,7000.55729,OGLE catalog,4,0.08055900729685915,-841.8991488415295,121
OGLE-GD-RRLYR-03554,RRc,0.31363971,7000.26717,,,first overtone,GD,data/ogle_gd_1000/photometry/OGLE-GD-RRLYR-03554.dat,e793a70cb98e08ecc68a4443ff028d4d58da49e7f4855bf1e0727ac46b359b4c,164,2270.86895,True,987,0.31363971,7000.26717,OGLE catalog,1,0.04886771388553732,-1316.135184000955,164
OGLE-GD-RRLYR-03557,RRab,0.56066008,7000.15418,,,fundamental,GD,data/ogle_gd_1000/photometry/OGLE-GD-RRLYR-03557.dat,364ff892a0d97a14d3d0f0854bf5d7ea6aef56bf5ffbe75a880ed209056b9f19,159,2270.8679599999987,True,664,0.56066008,7000.15418,OGLE catalog,4,0.29172816824583636,-956.2129520462889,159
OGLE-GD-RRLYR-03573,RRab,0.49338885,7000.47408,,,fundamental,GD,data/ogle_gd_1000/photometry/OGLE-GD-RRLYR-03573.dat,909d9d7e36961c4dc78ba27ef3d8a1d3588d2bd9fd9823c15eb8a6842419fdad,103,854.7685699999993,True,692,0.49338885,7000.47408,OGLE catalog,4,0.05465073032994635,-735.0641730636693,103
OGLE-GD-RRLYR-03583,RRab,0.41825716,7000.33603,,,fundamental,GD,data/ogle_gd_1000/photometry/OGLE-GD-RRLYR-03583.dat,fb9dc058eeebfe9bfe913f10feb1588fe8589102a6b9a47188a63230d87959e6,159,2270.867660000001,True,11,0.41825716,7000.33603,OGLE catalog,4,0.2535392721702175,-978.5212414882667,159
OGLE-GD-RRLYR-03588,RRab,0.54945736,7000.33023,,,fundamental,GD,data/ogle_gd_1000/photometry/OGLE-GD-RRLYR-03588.dat,5d61c093267409778f4ba9e13713f9d3a69fffa4806ed5c884ddb26a9490b3f2,158,2270.867660000001,True,138,0.54945736,7000.33023,OGLE catalog,4,0.1833746795708881,-1022.330018728147,158
OGLE-GD-RRLYR-03605,RRab,0.36660188,7000.00146,,,fundamental,GD,data/ogle_gd_1000/photometry/OGLE-GD-RRLYR-03605.dat,f198574cae750a90b0bbd9db60be0dccf09466f7f89938df612303bca8ba2368,159,2270.8680300000005,True,742,0.36660188,7000.00146,OGLE catalog,4,0.06355629340528231,-1198.5124819547166,159
OGLE-GD-RRLYR-03609,RRd,0.31968081,7000.25549,0.43171267,7000.00712,first overtone,GD,data/ogle_gd_1000/photometry/OGLE-GD-RRLYR-03609.dat,c449814885070ebcc48de1974c79af7ab6a622626248b75d6f320c0ccf149efc,159,2270.8674599999995,True,508,0.31968081,7000.25549,OGLE catalog,1,0.17301715336088058,-1069.6930169332672,159
OGLE-GD-RRLYR-03625,RRab,0.65137928,7000.60874,,,fundamental,GD,data/ogle_gd_1000/photometry/OGLE-GD-RRLYR-03625.dat,1b9065b878dd69c53998ad10bee8561fa2079fe6fd4beb20658aa45e9897aeb1,107,859.6951399999998,True,180,0.65137928,7000.60874,OGLE catalog,3,0.3188385978564896,-589.5914020228945,107
OGLE-GD-RRLYR-03634,RRab,0.5866843,7000.0566,,,fundamental,GD,data/ogle_gd_1000/photometry/OGLE-GD-RRLYR-03634.dat,ea52ed1de0fa3b943ca3c216cfc7085481b51a79cdf7dab8001f886d1c06b702,158,2270.8678500000005,True,246,0.5866843,7000.0566,OGLE catalog,4,0.367617969858275,-912.4389987779639,158
OGLE-GD-RRLYR-03654,RRab,0.48219693,7000.48178,,,fundamental,GD,data/ogle_gd_1000/photometry/OGLE-GD-RRLYR-03654.dat,935ba7b2c9d96303528406060128e73f47f0daa12816b99e8b0e2a81e6618d3b,121,862.7458000000006,True,221,0.48219693,7000.48178,OGLE catalog,4,0.013281249512025603,-1060.01818910832,121
OGLE-GD-RRLYR-03655,RRc,0.32944547,7000.20144,,,first overtone,GD,data/ogle_gd_1000/photometry/OGLE-GD-RRLYR-03655.dat,3a89b8eb53595121fd6cdafb61a7dfbaad09582b8752d75b7270b82df6f6a071,153,2270.8674599999995,True,444,0.32944547,7000.20144,OGLE catalog,1,0.04728229732774296,-1221.4634437439022,153
OGLE-GD-RRLYR-03685,RRc,0.34372704,7000.0859,,,first overtone,GD,data/ogle_gd_1000/photometry/OGLE-GD-RRLYR-03685.dat,4d556fa9435172d0dd6eed57dda3c7f3550e8c711fb17a7389b59549239aee6d,124,863.689910000001,True,166,0.34372704,7000.0859,OGLE catalog,2,0.08683453951886515,-876.6386074588877,124
OGLE-GD-RRLYR-03707,RRab,0.61321356,7000.02255,,,fundamental,GD,data/ogle_gd_1000/photometry/OGLE-GD-RRLYR-03707.dat,7c284b05c68399c365cdf22934e27ea55fe936d77e913b868ddcf3412d15e7fc,96,854.7684799999997,True,691,0.61321356,7000.02255,OGLE catalog,4,0.01067898585404031,-832.8881237724888,96
OGLE-GD-RRLYR-03751,RRc,0.26041654,7000.16481,,,first overtone,GD,data/ogle_gd_1000/photometry/OGLE-GD-RRLYR-03751.dat,81abfad87d08df8e8383d820af2cc8a915e5d2725363c2efe9f4301ece1936a6,100,777.8875099999996,True,922,0.26041654,7000.16481,OGLE catalog,1,0.029029658945820533,-800.6452329758555,100
OGLE-GD-RRLYR-03775,RRab,0.77592348,7000.01456,,,fundamental,GD,data/ogle_gd_1000/photometry/OGLE-GD-RRLYR-03775.dat,a04c79b74ec520ffba722521415c91b2efd5f2263a5c00e46d98d64e18b5d7ed,156,2316.62503,True,544,0.77592348,7000.01456,OGLE catalog,4,0.0405736748061565,-1242.2520219947442,156
OGLE-GD-RRLYR-03794,RRab,0.61156774,7000.52554,,,fundamental,GD,data/ogle_gd_1000/photometry/OGLE-GD-RRLYR-03794.dat,43d4853e431a83516b7bcb06e3fe49b384d681de34e50dc64736da30ff07be5b,122,862.7460899999996,True,895,0.61156774,7000.52554,OGLE catalog,4,0.15301411977250845,-771.875837296721,122
OGLE-GD-RRLYR-03803,RRab,0.48853801,7000.39133,,,fundamental,GD,data/ogle_gd_1000/photometry/OGLE-GD-RRLYR-03803.dat,52934df16b8460c4eb2806ccb07be078fe91d61937e0273f0d63efdb5b317365,106,859.6961500000007,True,69,0.48853801,7000.39133,OGLE catalog,4,0.018247702827612247,-876.7474965384698,106
OGLE-GD-RRLYR-03804,RRc,0.29635506,7000.20185,,,first overtone,GD,data/ogle_gd_1000/photometry/OGLE-GD-RRLYR-03804.dat,a419ccc18fc89bb95d8be8d269e4c3de41dbfa621fee60d8c98b050623b98981,106,859.6961500000007,True,625,0.29635506,7000.20185,OGLE catalog,1,0.0674161737302533,-766.2024809874002,106
OGLE-GD-RRLYR-03816,RRc,0.25036898,7000.16037,,,first overtone,GD,data/ogle_gd_1000/photometry/OGLE-GD-RRLYR-03816.dat,26988f28e38a037c205db31adb24da1a70edcc3c81a67168093fb6100ec31ac5,156,2224.8066599999993,True,298,0.25036898,7000.16037,OGLE catalog,2,0.02813717800148106,-1319.551765678802,156
OGLE-GD-RRLYR-03822,RRc,0.27502746,7000.10439,,,first overtone,GD,data/ogle_gd_1000/photometry/OGLE-GD-RRLYR-03822.dat,714636a7c21b21339e2827f0807a3db7d04b7560afab5f6ebc512001ce9f011d,157,2270.56625,True,517,0.27502746,7000.10439,OGLE catalog,4,0.030667861993444376,-1295.3971612818054,157
OGLE-GD-RRLYR-03832,RRab,0.50072145,7000.06523,,,fundamental,GD,data/ogle_gd_1000/photometry/OGLE-GD-RRLYR-03832.dat,80ee99bbf92b90d921d7b03f0df18160cfd9516733b74fc7a4280e4636c980c5,132,2270.5664499999993,True,710,0.50072145,7000.06523,OGLE catalog,4,0.2640774541641411,-776.3443302862814,132
OGLE-GD-RRLYR-03846,RRab,0.36371315,7000.02366,,,fundamental,GD,data/ogle_gd_1000/photometry/OGLE-GD-RRLYR-03846.dat,f60703288c272f1ae3944d3493b6090ae435138bcd70d09b220e78db5a1a7216,158,2270.5664499999993,True,988,0.36371315,7000.02366,OGLE catalog,4,0.18823592214909443,-1018.1960131795859,158
OGLE-GD-RRLYR-03870,RRab,0.45304984,7000.06899,,,fundamental,GD,data/ogle_gd_1000/photometry/OGLE-GD-RRLYR-03870.dat,c6ccbb82c97b025ff4a2dc4399a4af3a70f4ecdeacece96194a9abfdcc31a465,154,2224.806420000001,True,421,0.45304984,7000.06899,OGLE catalog,4,0.506552730875713,-835.0976626148528,154
OGLE-GD-RRLYR-03873,RRc,0.3099234,7000.00815,,,first overtone,GD,data/ogle_gd_1000/photometry/OGLE-GD-RRLYR-03873.dat,d5d0a1a5dd08eb5ce5811eb41382baa361ffdacc5e753656f57c586c6a4974cc,124,863.6894399999992,True,267,0.3099234,7000.00815,OGLE catalog,2,0.02781920670593058,-1017.7850537159545,124
OGLE-GD-RRLYR-03875,RRab,0.36194676,7000.01421,,,fundamental,GD,data/ogle_gd_1000/photometry/OGLE-GD-RRLYR-03875.dat,e5f437bbf37b5073e6ef7ad530f8d7029dcb7dc99622826e283ee1d17200b630,154,2224.806420000001,True,103,0.36194676,7000.01421,OGLE catalog,3,0.5252764775985428,-839.5819343305039,154
OGLE-GD-RRLYR-03886,RRab,0.61693969,7000.59269,,,fundamental,GD,data/ogle_gd_1000/photometry/OGLE-GD-RRLYR-03886.dat,5c154484a52303d17898c10c66105f5d29556f9a1eaef4e1dc990e57b60c56bd,106,859.6963100000003,True,346,0.61693969,7000.59269,OGLE catalog,4,0.05212655460681042,-765.4861542488544,106
OGLE-GD-RRLYR-03889,RRab,0.36960802,7000.29659,,,fundamental,GD,data/ogle_gd_1000/photometry/OGLE-GD-RRLYR-03889.dat,c894cf987fe6dd2c08f03975b111f1dcfd25737f7d2f92a93042459cab971e71,106,859.6963699999997,True,609,0.36960802,7000.29659,OGLE catalog,4,0.12910443758873769,-669.3497546249454,106
OGLE-GD-RRLYR-03910,RRab,0.45885423,7000.08358,,,fundamental,GD,data/ogle_gd_1000/photometry/OGLE-GD-RRLYR-03910.dat,a239bf2cfefd26b1aaeee0b73494f81c441a6f48739df622319041e54b5a1815,154,2224.80631,True,93,0.45885423,7000.08358,OGLE catalog,4,0.07325017185241024,-1132.8948288368535,154
OGLE-GD-RRLYR-03945,RRc,0.34225728,7000.1767,,,first overtone,GD,data/ogle_gd_1000/photometry/OGLE-GD-RRLYR-03945.dat,527fd9ce85c6a265c34bedfbe8b334d7e7e28bfd7659e94603bcf3abff03ce2c,157,2224.806420000001,True,155,0.34225728,7000.1767,OGLE catalog,3,0.055062120909600845,-1213.6259126283057,157
OGLE-GD-RRLYR-03948,RRc,0.32701136,7000.16444,,,first overtone,GD,data/ogle_gd_1000/photometry/OGLE-GD-RRLYR-03948.dat,e3d70ac28f80eb6729cc5b6f744f12d6d3db411449bcf3a4efecbd4f1ea0bf81,121,862.7460899999996,True,797,0.32701136,7000.16444,OGLE catalog,3,0.012946264038133566,-1072.7008330683927,121
OGLE-GD-RRLYR-03955,RRab,0.62640062,7000.45993,,,fundamental,GD,data/ogle_gd_1000/photometry/OGLE-GD-RRLYR-03955.dat,41c13dec93579faf834c2e2a0f93436f7502b3f0b7a6ac57586185be79d30d60,157,2270.5664499999993,True,18,0.62640062,7000.45993,OGLE catalog,3,0.3024741907279151,-946.1710848364951,157
OGLE-GD-RRLYR-03967,RRc,0.27063937,7000.26891,,,first overtone,GD,data/ogle_gd_1000/photometry/OGLE-GD-RRLYR-03967.dat,74533b570c8722e2b8c5e114d95c4be55a68a0a834af9fd5ae68e9ca06d5b6cf,102,863.6896099999994,True,673,0.27063937,7000.26891,OGLE catalog,4,0.020648408210672375,-825.8944104065055,102
OGLE-GD-RRLYR-03970,RRab,0.57506275,7000.19154,,,fundamental,GD,data/ogle_gd_1000/photometry/OGLE-GD-RRLYR-03970.dat,9ea5ac61551d4ab46620bc658dc90f654dab07600d6947e790691305ab518943,91,842.7136,True,669,0.57506275,7000.19154,OGLE catalog,4,0.05778424250216863,-629.3350432346521,91
OGLE-GD-RRLYR-03980,RRab,0.60857386,7000.2199,,,fundamental,GD,data/ogle_gd_1000/photometry/OGLE-GD-RRLYR-03980.dat,803da38535be84511785e6ef0aaef57b4751fe82a6fd0d0e10b4dfee86636fa9,153,2224.806869999999,True,104,0.60857386,7000.2199,OGLE catalog,4,0.01492733047868567,-1367.6809680258725,153
OGLE-GD-RRLYR-04020,RRc,0.25548333,7000.19425,,,first overtone,GD,data/ogle_gd_1000/photometry/OGLE-GD-RRLYR-04020.dat,394dd8e3bfc13fc16432366039f0cb753c9397d2e975fd3ea4f147a6add23919,155,2224.806869999999,True,250,0.25548333,7000.19425,OGLE catalog,1,0.06968044556980293,-1179.4951283229475,155
OGLE-GD-RRLYR-04023,RRc,0.33534598,7000.32926,,,first overtone,GD,data/ogle_gd_1000/photometry/OGLE-GD-RRLYR-04023.dat,307dc00abd5ebc490670be621c96394a0a1d31e4e8d22ba0e7a390dfae48f626,123,863.6897199999994,True,268,0.33534598,7000.32926,OGLE catalog,1,0.10045791653632292,-860.1181373984149,123
OGLE-GD-RRLYR-04024,RRab,0.44776832,7000.12243,,,fundamental,GD,data/ogle_gd_1000/photometry/OGLE-GD-RRLYR-04024.dat,9a42d6270870edf05f799682fc9333d2dc42548dee80870829875d4e525e4a7c,122,863.6896099999994,True,824,0.44776832,7000.12243,OGLE catalog,4,0.10648524034090492,-816.1037428526549,122
OGLE-GD-RRLYR-04027,RRab,0.55856167,7000.27081,,,fundamental,GD,data/ogle_gd_1000/photometry/OGLE-GD-RRLYR-04027.dat,cbbc08cb9d2ce70aebd82ab6061aa5522673cc76bd192a9952c26f737334b156,82,863.6897199999994,True,53,0.55856167,7000.27081,OGLE catalog,4,0.21615611775319593,-447.2943629796851,82
OGLE-GD-RRLYR-04028,RRab,0.64488234,7000.39428,,,fundamental,GD,data/ogle_gd_1000/photometry/OGLE-GD-RRLYR-04028.dat,133cbd15fd21b916343257015a0ae8c3da0e3bd7918df8d1d1248eca2c91f7eb,106,859.6965500000006,True,9,0.64488234,7000.39428,OGLE catalog,3,0.14174050969998533,-668.7787430131802,106
OGLE-GD-RRLYR-04042,RRc,0.21804968,7000.16545,,,first overtone,GD,data/ogle_gd_1000/photometry/OGLE-GD-RRLYR-04042.dat,f1d672f55e19eb288c6d81c16d547dfb0ce49fd086ef2caa0b3878ca725b341a,77,861.7308800000001,True,804,0.21804968,7000.16545,OGLE catalog,2,0.01067819954096458,-662.2994206050298,77
OGLE-GD-RRLYR-04044,RRab,0.66682096,7000.02352,,,fundamental,GD,data/ogle_gd_1000/photometry/OGLE-GD-RRLYR-04044.dat,41442205a2246a8de5c8ace6524787919b59d359283347ffb3a5a9ce2d311b2a,141,2218.791110000001,True,400,0.66682096,7000.02352,OGLE catalog,4,0.1472541033666855,-923.3352837441582,141
OGLE-GD-RRLYR-04060,RRab,0.65502847,7000.42186,,,fundamental,GD,data/ogle_gd_1000/photometry/OGLE-GD-RRLYR-04060.dat,dd7ff569fd06f8418eaac3615f194e58ae3004b00f34b9bc273392b4f15e2fe8,152,2224.80674,True,110,0.65502847,7000.42186,OGLE catalog,4,0.22537068288668638,-944.8962449198406,152
OGLE-GD-RRLYR-04087,RRab,0.7504895,7000.62143,,,fundamental,GD,data/ogle_gd_1000/photometry/OGLE-GD-RRLYR-04087.dat,c755f0b778c084f23894dc1927e031fb5e734297bb584620a8a2574bbfc1be6d,98,853.7594900000004,True,666,0.7504895,7000.62143,OGLE catalog,3,0.01122673848885042,-857.1988246807208,98
OGLE-GD-RRLYR-04117,RRab,0.45873911,7000.33251,,,fundamental,GD,data/ogle_gd_1000/photometry/OGLE-GD-RRLYR-04117.dat,cf1d87f123414218c397a847944cae1205f25257aacb417e7ab58aaec7cd3ff4,154,2218.7912100000003,True,160,0.45873911,7000.33251,OGLE catalog,4,0.10582320819862912,-1076.239882716563,154
OGLE-GD-RRLYR-04120,RRab,0.72495953,7000.29175,,,fundamental,GD,data/ogle_gd_1000/photometry/OGLE-GD-RRLYR-04120.dat,b8eea8a0d989f31f5c781c877c14ee7c040c24172e2ca1749334394dc0876e0e,155,2224.806869999999,True,21,0.72495953,7000.29175,OGLE catalog,2,0.1623715998759584,-1038.2832678824584,155
OGLE-GD-RRLYR-04121,RRab,0.50239421,7000.0612,,,fundamental,GD,data/ogle_gd_1000/photometry/OGLE-GD-RRLYR-04121.dat,9f1ec7e9a40beb9e75cca7d07771d14392ffc2238533d7901c734e4f20c0e761,123,863.6894900000007,True,765,0.50239421,7000.0612,OGLE catalog,4,0.04149442474795487,-939.9991496282124,123
OGLE-GD-RRLYR-04136,RRab,0.53151779,7000.44752,,,fundamental,GD,data/ogle_gd_1000/photometry/OGLE-GD-RRLYR-04136.dat,8f4c205cac983e4ad07c380d366735fff8adf91d878a47580d95f64b6f59fa2f,90,859.6965099999998,True,986,0.53151779,7000.44752,OGLE catalog,4,0.03173172549095294,-675.024029796213,90
OGLE-GD-RRLYR-04152,RRab,0.45552064,7000.42818,,,fundamental,GD,data/ogle_gd_1000/photometry/OGLE-GD-RRLYR-04152.dat,01102fc2bda6cec55fb30deec64a0397da74764b5b3cae0b1171bd7c9ef5ea68,105,859.6965300000002,True,36,0.45552064,7000.42818,OGLE catalog,3,0.3779657135295312,-558.2480525200436,105
OGLE-GD-RRLYR-04165,RRab,0.56350292,7000.04497,,,fundamental,GD,data/ogle_gd_1000/photometry/OGLE-GD-RRLYR-04165.dat,77ab4f5e94d49e89f7574d80d5d325795e602878e1c66e39eb9226d064bdeec0,123,863.6896800000004,True,650,0.56350292,7000.04497,OGLE catalog,4,0.019070416149638055,-1035.6219121117965,123
OGLE-GD-RRLYR-04178,RRab,0.53190446,7000.42482,,,fundamental,GD,data/ogle_gd_1000/photometry/OGLE-GD-RRLYR-04178.dat,8778455b85b34c729555dc020bcdf462c77a346f27b67f1d75a0664d7cf29d9f,102,859.6967100000011,True,996,0.53190446,7000.42482,OGLE catalog,3,0.5641610017761446,-497.7588088780753,102
OGLE-GD-RRLYR-04181,RRab,0.45399274,7000.285,,,fundamental,GD,data/ogle_gd_1000/photometry/OGLE-GD-RRLYR-04181.dat,13f37a089bb15b14f5c74df727cd386b055d5db1d1c761594538083f84572a4c,105,859.6967100000011,True,220,0.45399274,7000.285,OGLE catalog,4,0.008119677252276069,-952.1940052649115,105
OGLE-GD-RRLYR-04188,RRab,0.5592926,7000.23035,,,fundamental,GD,data/ogle_gd_1000/photometry/OGLE-GD-RRLYR-04188.dat,104ce32afa167bd4d845922e2b3c2313f5f97fd875156eb7fdf184b0eb68f0d5,105,859.6967299999997,True,443,0.5592926,7000.23035,OGLE catalog,4,0.11618177774783547,-672.8031164260956,105
OGLE-GD-RRLYR-04189,RRab,0.59162091,7000.35921,,,fundamental,GD,data/ogle_gd_1000/photometry/OGLE-GD-RRLYR-04189.dat,4d7faf1a2468e1edb08e3c735d4d6993e0f07adf3e3e314005c8829c1d5f958d,113,2205.8138099999996,True,779,0.59162091,7000.35921,OGLE catalog,3,0.04988222098422199,-839.887350268825,113
OGLE-GD-RRLYR-04200,RRc,0.289277,7000.24659,,,first overtone,GD,data/ogle_gd_1000/photometry/OGLE-GD-RRLYR-04200.dat,e3d777e4ef462ffdc1894ca46f4e545828cef1b5270743a9bef456d5685cb3e4,122,863.6897899999994,True,77,0.289277,7000.24659,OGLE catalog,4,0.013615525871298054,-1067.0328106167158,122
OGLE-GD-RRLYR-04203,RRab,0.66073215,7000.00369,,,fundamental,GD,data/ogle_gd_1000/photometry/OGLE-GD-RRLYR-04203.dat,7eeecc0abfdce80f26eed281328e715a3134a2129b658243881b313bdc4e8036,154,2218.7912100000003,True,479,0.66073215,7000.00369,OGLE catalog,4,0.03907610744095962,-1229.663712845138,154
OGLE-GD-RRLYR-04204,RRc,0.36771195,7000.17279,,,first overtone,GD,data/ogle_gd_1000/photometry/OGLE-GD-RRLYR-04204.dat,b278bd218233d4a07e548716f445903a3fb67549894d10e7376a83610fd16670,150,2218.7905900000005,True,179,0.36771195,7000.17279,OGLE catalog,1,0.028157359850096073,-1272.0553643437836,150
OGLE-GD-RRLYR-04211,RRab,0.53647688,7000.41788,,,fundamental,GD,data/ogle_gd_1000/photometry/OGLE-GD-RRLYR-04211.dat,a6b29a3d794622eba08d1ff6a976dbdc1a0db5c56ffa3a0cb650b656b7c5edfc,105,859.6967299999997,True,574,0.53647688,7000.41788,OGLE catalog,4,0.05699256718265877,-747.5878077103633,105
OGLE-GD-RRLYR-04215,RRab,0.54815378,7000.05804,,,fundamental,GD,data/ogle_gd_1000/photometry/OGLE-GD-RRLYR-04215.dat,1459602a9b8da337e9e6701dcc44a467a6217e981de0861498a5696c770d487e,155,2218.7905900000005,True,196,0.54815378,7000.05804,OGLE catalog,4,0.12057919649355495,-1064.2345860616724,155
OGLE-GD-RRLYR-04244,RRab,0.42829978,7000.41178,,,fundamental,GD,data/ogle_gd_1000/photometry/OGLE-GD-RRLYR-04244.dat,7a7204cc18c008be457410bd60468468ce5c73886f935c516ecf492cd311c549,158,2218.79097,True,847,0.42829978,7000.41178,OGLE catalog,4,0.1774692762096466,-1027.501988659434,158
OGLE-GD-RRLYR-04257,RRab,0.58001386,7000.49325,,,fundamental,GD,data/ogle_gd_1000/photometry/OGLE-GD-RRLYR-04257.dat,afbee0ee7ac1084bd2a607b2bb95864e8af2bd50c327874e3b39911746261285,155,2218.79064,True,884,0.58001386,7000.49325,OGLE catalog,3,0.30367330789868974,-931.1563513801613,155
OGLE-GD-RRLYR-04268,RRab,0.65608998,7000.2736,,,fundamental,GD,data/ogle_gd_1000/photometry/OGLE-GD-RRLYR-04268.dat,70dd7b75c39b651d3012db5748dab49e893ff14f8804c290c3d129c0fee9e972,102,859.6967299999997,True,466,0.65608998,7000.2736,OGLE catalog,4,0.15649884516252385,-619.3025497500377,102
OGLE-GD-RRLYR-04288,RRab,0.57315836,7000.13189,,,fundamental,GD,data/ogle_gd_1000/photometry/OGLE-GD-RRLYR-04288.dat,14ae578ff281bb7374b6e38aaaa007f30ad3d94f0b3cb8ff4457f4807b7ec1d9,149,2218.7904599999993,True,982,0.57315836,7000.13189,OGLE catalog,4,0.13645785986913844,-997.32165804064,149
OGLE-GD-RRLYR-04309,RRab,0.49364511,7000.02218,,,fundamental,GD,data/ogle_gd_1000/photometry/OGLE-GD-RRLYR-04309.dat,0e7fd9cb0312486e3a04c2c81a686250385b74f5a8402388f8769ebcd1ba6693,152,2222.7547999999997,True,685,0.49364511,7000.02218,OGLE catalog,3,0.29459184498042523,-914.2316729875262,152
OGLE-GD-RRLYR-04313,RRab,0.36698633,7000.32543,,,fundamental,GD,data/ogle_gd_1000/photometry/OGLE-GD-RRLYR-04313.dat,0e2e70270b269ea3a51c0a6a2003b1d5939cbc9ae8617bb1c7717a0d7afea1fc,122,863.6898800000008,True,232,0.36698633,7000.32543,OGLE catalog,4,0.20025663091133508,-739.0493588656927,122
OGLE-GD-RRLYR-04315,RRc,0.2742348,7000.09444,,,first overtone,GD,data/ogle_gd_1000/photometry/OGLE-GD-RRLYR-04315.dat,5433e0963398b5e1843e8679c77dbae1efc86cd23e6da0548ea5d8fe2619be51,153,2222.7546999999995,True,938,0.2742348,7000.09444,OGLE catalog,3,0.15306145441220728,-1021.6120501609851,153
OGLE-GD-RRLYR-04318,RRab,0.61477969,7000.34814,,,fundamental,GD,data/ogle_gd_1000/photometry/OGLE-GD-RRLYR-04318.dat,093331de36dff68068ed1f73a8e31425c52fb62aec99eb85560ad88404cf641b,122,863.6897599999993,True,548,0.61477969,7000.34814,OGLE catalog,4,0.20855044635421202,-734.0984448590491,122
OGLE-GD-RRLYR-04323,RRab,0.53318293,7000.45406,,,fundamental,GD,data/ogle_gd_1000/photometry/OGLE-GD-RRLYR-04323.dat,4bae1828c7cb7e4d087a42828e00cc93bef2a3d853e77199de20ec74f01e4618,153,2222.7547999999997,True,556,0.53318293,7000.45406,OGLE catalog,4,0.15937623673854254,-1005.3656639657416,153
OGLE-GD-RRLYR-04335,RRc,0.30558852,7000.19919,,,first overtone,GD,data/ogle_gd_1000/photometry/OGLE-GD-RRLYR-04335.dat,1e8f90292ca45231985314100e74072ebd220315c7c944a3e747874ddd151fb0,105,859.6968500000003,True,497,0.30558852,7000.19919,OGLE catalog,4,0.007391522790863801,-962.05945156029,105
OGLE-GD-RRLYR-04342,RRab,0.68754687,7000.13199,,,fundamental,GD,data/ogle_gd_1000/photometry/OGLE-GD-RRLYR-04342.dat,451092f30a23430c40a321c3dcec3c50653fbcacf49c797ad1939c338150656c,106,859.6968900000002,True,572,0.68754687,7000.13199,OGLE catalog,4,0.008352338781760966,-959.5862428145759,106
OGLE-GD-RRLYR-04351,RRab,0.58292421,7000.42953,,,fundamental,GD,data/ogle_gd_1000/photometry/OGLE-GD-RRLYR-04351.dat,cd5531f4bc43273ecba381c062949646fe7368aba87ad31e95c10080c47952be,104,859.6969400000007,True,449,0.58292421,7000.42953,OGLE catalog,4,0.09967859048931085,-681.0207893159264,104
OGLE-GD-RRLYR-04371,RRab,0.57804268,7000.48241,,,fundamental,GD,data/ogle_gd_1000/photometry/OGLE-GD-RRLYR-04371.dat,70d9848541954cfdd1dd42f73d1616db777b18a60cd7a100f2a75f7ebf608789,120,863.6897100000006,True,893,0.57804268,7000.48241,OGLE catalog,4,0.07759238414065872,-838.165903343992,120
OGLE-GD-RRLYR-04388,RRc,0.26348369,7000.16231,,,first overtone,GD,data/ogle_gd_1000/photometry/OGLE-GD-RRLYR-04388.dat,85d4b81167d98185d305f8e3e2e6e82ce31a17782f981df65430eff596f568d6,106,859.6968900000002,True,370,0.26348369,7000.16231,OGLE catalog,4,0.008876807223481826,-953.1308054836594,106
OGLE-GD-RRLYR-04404,RRab,0.60884274,7000.04491,,,fundamental,GD,data/ogle_gd_1000/photometry/OGLE-GD-RRLYR-04404.dat,b81262a131494ca8aeb66279c6fa9be47299ab6eb32a5a3aee8bc92fde2c7ad6,153,2222.7546999999995,True,471,0.60884274,7000.04491,OGLE catalog,3,0.09383343345378048,-1096.477746642712,153
OGLE-GD-RRLYR-04419,RRc,0.26900938,7000.18452,,,first overtone,GD,data/ogle_gd_1000/photometry/OGLE-GD-RRLYR-04419.dat,db8594d91504e4b8af7535fa062fa4f1c801700a4543553d4c397d6bf79e5d66,105,859.6968500000003,True,94,0.26900938,7000.18452,OGLE catalog,2,0.0725830181026271,-740.8135859849598,105
OGLE-GD-RRLYR-04447,RRab,0.44781152,7000.05363,,,fundamental,GD,data/ogle_gd_1000/photometry/OGLE-GD-RRLYR-04447.dat,e690846fd43dfae9c3a028baa7fa300cc756732cb4059316affa9fa0f28c64f1,156,2218.7906599999997,True,868,0.44781152,7000.05363,OGLE catalog,4,0.12598482698494012,-1065.497465871339,156
OGLE-GD-RRLYR-04449,RRab,0.5168534,7000.10128,,,fundamental,GD,data/ogle_gd_1000/photometry/OGLE-GD-RRLYR-04449.dat,9da5169f435661f3fe23ab5af81ef9e296f7ea09ce3fa0d579cea35827fb280f,105,859.6970299999994,True,228,0.5168534,7000.10128,OGLE catalog,3,0.23905165835486814,-606.3510530149581,105
OGLE-GD-RRLYR-04450,RRab,0.51943199,7000.32035,,,fundamental,GD,data/ogle_gd_1000/photometry/OGLE-GD-RRLYR-04450.dat,2d4490da839d7ddaec86e03a78e0e282b7978123c7b97b4d29d428e0d872e975,120,863.6900299999988,True,263,0.51943199,7000.32035,OGLE catalog,4,0.29038003635858134,-679.7993526947575,120
OGLE-GD-RRLYR-04470,RRab,0.59009091,7000.23572,,,fundamental,GD,data/ogle_gd_1000/photometry/OGLE-GD-RRLYR-04470.dat,ce3176182793daee2ce04cf00a74a736ef70096b4d50836c2f16a405c9b36cf6,123,863.6900299999988,True,684,0.59009091,7000.23572,OGLE catalog,4,0.1317524932045363,-797.8891271747485,123
OGLE-GD-RRLYR-04474,RRab,0.40117693,7000.34937,,,fundamental,GD,data/ogle_gd_1000/photometry/OGLE-GD-RRLYR-04474.dat,838a131f06a413ef9bb61f702ad60149aa59167f7e8aa6a4d5341c770ffd2e50,79,863.6900499999992,True,408,0.40117693,7000.34937,OGLE catalog,3,0.3005159849840063,-409.5783375897735,79
OGLE-GD-RRLYR-04488,RRab,0.5731757,7000.07201,,,fundamental,GD,data/ogle_gd_1000/photometry/OGLE-GD-RRLYR-04488.dat,2e30516b14f9b7fded74d4d0416c951f4d8e485e63771736136345443822d897,159,2222.7542600000006,True,29,0.5731757,7000.07201,OGLE catalog,4,0.07611453720117912,-1169.8426750878368,159
OGLE-GD-RRLYR-04489,RRab,0.61389673,7000.36671,,,fundamental,GD,data/ogle_gd_1000/photometry/OGLE-GD-RRLYR-04489.dat,ceafb72d19e7abd63e4787f21aab3ba6228a48d78601ec2d6954a9c9e831fdc0,123,863.6898299999993,True,45,0.61389673,7000.36671,OGLE catalog,4,0.05551066312618293,-904.2041747514311,123
OGLE-GD-RRLYR-04508,RRab,0.56995946,7000.43964,,,fundamental,GD,data/ogle_gd_1000/photometry/OGLE-GD-RRLYR-04508.dat,3ba909843a642323e0e49178c6d6eb15f52fc413aa4d66c457957be89c3e17be,122,2218.790749999999,True,623,0.56995946,7000.43964,OGLE catalog,4,0.07326104107186199,-861.7289880075101,122
OGLE-GD-RRLYR-04525,RRab,0.66073386,7000.21954,,,fundamental,GD,data/ogle_gd_1000/photometry/OGLE-GD-RRLYR-04525.dat,af0569a2c10eae86ff144887f2255a8a524cb5e41c86f526510bd65d0d3b3f9f,158,2222.7542600000006,True,120,0.66073386,7000.21954,OGLE catalog,4,0.04003193711126933,-1262.7829389953563,158
OGLE-GD-RRLYR-04538,RRc,0.30050348,7000.0322,,,first overtone,GD,data/ogle_gd_1000/photometry/OGLE-GD-RRLYR-04538.dat,fecf8702f0e7731ec4b5d0a9caea127a9b7d3027354264c10e216a769e786bca,106,859.6970899999997,True,405,0.30050348,7000.0322,OGLE catalog,2,0.008954548105073878,-970.8602815113861,106
OGLE-GD-RRLYR-04571,RRab,0.7621328,7000.27012,,,fundamental,GD,data/ogle_gd_1000/photometry/OGLE-GD-RRLYR-04571.dat,ed293dc6afb6d18acb845210c3fb1ff105962cd447bdd83ae6b8fcec15a8952c,106,859.6970899999997,True,23,0.7621328,7000.27012,OGLE catalog,4,0.010421136345955406,-936.1290267234587,106
OGLE-GD-RRLYR-04576,RRab,0.55590487,7000.28237,,,fundamental,GD,data/ogle_gd_1000/photometry/OGLE-GD-RRLYR-04576.dat,d1adc172e8c653fb51d4989095e83224839a17de47d7e4d5fd86c3c947a1448a,153,2222.75468,True,306,0.55590487,7000.28237,OGLE catalog,4,0.621110519452505,-797.2487358213533,153
OGLE-GD-RRLYR-04625,RRab,0.60952312,7000.5552,,,fundamental,GD,data/ogle_gd_1000/photometry/OGLE-GD-RRLYR-04625.dat,341857f3a2b49be6087fa921d67bbfa9421053bdde2eb3c9bb073c354a47fea4,104,859.6971900000008,True,634,0.60952312,7000.5552,OGLE catalog,4,0.0751326450943733,-710.4211485558282,104
OGLE-GD-RRLYR-04637,RRab,0.4908658,7000.39177,,,fundamental,GD,data/ogle_gd_1000/photometry/OGLE-GD-RRLYR-04637.dat,ff7193dca25a34488e62ec716ca8be7e26e98c3f0eac2f9d373f3d5fa29a1838,123,863.6900299999988,True,231,0.4908658,7000.39177,OGLE catalog,4,0.07241402061975159,-871.5077237469933,123
OGLE-GD-RRLYR-04639,RRab,0.49177816,7000.00489,,,fundamental,GD,data/ogle_gd_1000/photometry/OGLE-GD-RRLYR-04639.dat,44ee60821e2589fa3feef7e887954f9aab3b0ab296e7c00aa53791bae1e81668,157,2222.753929999999,True,1005,0.49177816,7000.00489,OGLE catalog,4,0.011642497481177072,-1447.460027205988,157
OGLE-GD-RRLYR-04674,RRab,0.41372529,7000.21366,,,fundamental,GD,data/ogle_gd_1000/photometry/OGLE-GD-RRLYR-04674.dat,3b8c539e801981ac92289dc5cdaba188cd458295435e688399f68b28e614afaf,120,862.7466099999992,True,794,0.41372529,7000.21366,OGLE catalog,4,0.18224482693811714,-735.7000985996339,120
OGLE-GD-RRLYR-04677,RRc,0.33465284,7000.27674,,,first overtone,GD,data/ogle_gd_1000/photometry/OGLE-GD-RRLYR-04677.dat,57d380ed993df90b9b8cafeeaa6c32fef39989168cd87ba89268d7204f5d648f,158,2222.753819999999,True,595,0.33465284,7000.27674,OGLE catalog,1,0.09633423148175707,-1154.4114160052955,158
OGLE-GD-RRLYR-04681,RRc,0.38101237,7000.19111,,,first overtone,GD,data/ogle_gd_1000/photometry/OGLE-GD-RRLYR-04681.dat,84c529806bb92ad158a5b759dd02ec46cb9363dc7e3c8da757e7259cd8e8399f,96,833.7549500000005,True,600,0.38101237,7000.19111,OGLE catalog,1,0.15359218381716666,-604.3359990388595,96
OGLE-GD-RRLYR-04686,RRab,0.60156457,7000.57553,,,fundamental,GD,data/ogle_gd_1000/photometry/OGLE-GD-RRLYR-04686.dat,27b2dbc10988b91edf036a6ee46a2d8feb51f02a319602d9a1dd806f0ad9dc06,104,859.6971900000008,True,535,0.60156457,7000.57553,OGLE catalog,4,0.060644932230021896,-732.6999327081219,104
OGLE-GD-RRLYR-04698,RRab,0.48520061,7000.19609,,,fundamental,GD,data/ogle_gd_1000/photometry/OGLE-GD-RRLYR-04698.dat,6645375f3f9e75c94612378526e836e18ccd555dfc39360359b3070f79fe7e06,156,2222.75443,True,932,0.48520061,7000.19609,OGLE catalog,3,0.3436571690301524,-919.0538174318328,156
OGLE-GD-RRLYR-04712,RRc,0.22397129,7000.03406,,,first overtone,GD,data/ogle_gd_1000/photometry/OGLE-GD-RRLYR-04712.dat,ad9cdb6bfd82c993fd02d9e6877664357411f8e0ce2d328dfe0c341f81c9b21d,121,863.6901200000002,True,990,0.22397129,7000.03406,OGLE catalog,2,0.01399585693514714,-1072.8599683796926,121
OGLE-GD-RRLYR-04719,RRab,0.89009088,7000.32432,,,fundamental,GD,data/ogle_gd_1000/photometry/OGLE-GD-RRLYR-04719.dat,7d911885fe7129b3ebdf1a8116e49ac26dc5c55d96d1b3236ddb99fd10e87913,94,859.6973100000005,True,442,0.89009088,7000.32432,OGLE catalog,4,0.020136484415193216,-753.2709211341039,94
OGLE-GD-RRLYR-04722,RRab,0.5851355,7000.34243,,,fundamental,GD,data/ogle_gd_1000/photometry/OGLE-GD-RRLYR-04722.dat,45e208716388bc9b0ea0792e3dc66679bdb3df8eb41839ba91a31a6dd17d1930,149,2222.7542600000006,True,420,0.5851355,7000.34243,OGLE catalog,4,0.1319891528232833,-1002.2827776000435,149
OGLE-GD-RRLYR-04723,RRab,0.72719258,7000.72413,,,fundamental,GD,data/ogle_gd_1000/photometry/OGLE-GD-RRLYR-04723.dat,e034e255d0dddc98f4cb58d54804a98022f39d06c0a94f8036a906b9e8f7c4a1,122,863.6899799999992,True,933,0.72719258,7000.72413,OGLE catalog,4,0.018648091953360254,-1028.6597744982073,122
OGLE-GD-RRLYR-04728,RRab,0.43137131,7000.38967,,,fundamental,GD,data/ogle_gd_1000/photometry/OGLE-GD-RRLYR-04728.dat,2890bf038b3b31c58b37f1bf6c695e36b4f50f27057af89f68cc87fbac9a7dac,156,2222.753929999999,True,135,0.43137131,7000.38967,OGLE catalog,4,0.6724174127444464,-804.2414861602472,156
OGLE-GD-RRLYR-04745,RRab,0.69974539,7000.12344,,,fundamental,GD,data/ogle_gd_1000/photometry/OGLE-GD-RRLYR-04745.dat,e97994d1fabf761ed35f0cc6a6a42b5c17c1dbc978ba50d4cbdad7a120ab6113,157,2222.7543499999992,True,255,0.69974539,7000.12344,OGLE catalog,4,0.3708894820644846,-904.0450101753117,157
OGLE-GD-RRLYR-04754,RRab,0.54424574,7000.47592,,,fundamental,GD,data/ogle_gd_1000/photometry/OGLE-GD-RRLYR-04754.dat,6607a7cffaa9bfe857d08a5ea63090e31ab413304fb29d64bd7ed6ce8aa879a2,117,950.6546800000006,True,284,0.54424574,7000.47592,OGLE catalog,3,0.22880615881029295,-696.4001047572626,117
OGLE-GD-RRLYR-04771,RRab,0.43967984,7000.14018,,,fundamental,GD,data/ogle_gd_1000/photometry/OGLE-GD-RRLYR-04771.dat,3e3f972ad34d4e5c30228c7fcd687c7eb7dae652f0861bc02edc87a9809e5078,85,1810.989810000001,True,240,0.43967984,7000.14018,OGLE catalog,4,0.15978533585086147,-493.5250368107514,85
OGLE-GD-RRLYR-04772,RRab,0.55302753,7000.31748,,,fundamental,GD,data/ogle_gd_1000/photometry/OGLE-GD-RRLYR-04772.dat,0c2b8f715b0a7c985cc3e4e96f92c010609aa671385fc30c5c796f7a92e73e9e,154,2222.7533700000004,True,585,0.55302753,7000.31748,OGLE catalog,4,0.06210764423398817,-1158.3066024676746,154
OGLE-GD-RRLYR-04803,RRc,0.30259096,7000.19097,,,first overtone,GD,data/ogle_gd_1000/photometry/OGLE-GD-RRLYR-04803.dat,1fccc696816b0c0d2c7a12038df29e25942ea4a32a254bad65387cdaa48b1cca,117,950.6546800000006,True,322,0.30259096,7000.19097,OGLE catalog,2,0.019389426300873928,-994.6976862091091,117
OGLE-GD-RRLYR-04820,RRab,0.38889769,7000.05687,,,fundamental,GD,data/ogle_gd_1000/photometry/OGLE-GD-RRLYR-04820.dat,23c9ff18cc9e873d7766aafc626ab78129b718d13337fb21dec56884c9020e7b,157,2222.7543499999992,True,252,0.38889769,7000.05687,OGLE catalog,4,0.294149048639147,-940.4403606873907,157
OGLE-GD-RRLYR-04825,RRab,0.56697137,7000.21803,,,fundamental,GD,data/ogle_gd_1000/photometry/OGLE-GD-RRLYR-04825.dat,ca4ec675d4e6e373af0c59594176c4a5de05d75466fe53fd5b9147ad10cd8399,154,2222.7533700000004,True,929,0.56697137,7000.21803,OGLE catalog,4,0.07113933473231135,-1137.397816411115,154
OGLE-GD-RRLYR-04829,RRab,0.43667126,7000.03451,,,fundamental,GD,data/ogle_gd_1000/photometry/OGLE-GD-RRLYR-04829.dat,d583111af057384915a1094a3085f2e5554900085e570a5d81f6abb52d817710,122,863.69013,True,101,0.43667126,7000.03451,OGLE catalog,4,0.048914191578389186,-911.0122784648894,122
OGLE-GD-RRLYR-04830,RRab,0.60385337,7000.27839,,,fundamental,GD,data/ogle_gd_1000/photometry/OGLE-GD-RRLYR-04830.dat,6105d62049ecec60d11d6eaa7c27316351b5965f9579b9ecb1327818335eb661,117,950.6546800000006,True,290,0.60385337,7000.27839,OGLE catalog,4,0.015687803621174123,-1000.434774787095,117
OGLE-GD-RRLYR-04853,RRab,0.55939412,7000.4921,,,fundamental,GD,data/ogle_gd_1000/photometry/OGLE-GD-RRLYR-04853.dat,81a63cfd9159613c29b56c22acefe7b9fc319baf0d0fbd6bda818c63be81ff04,117,949.710140000001,True,148,0.55939412,7000.4921,OGLE catalog,3,0.04551245403488027,-885.3421380526011,117
OGLE-GD-RRLYR-04877,RRab,0.55742426,7000.41014,,,fundamental,GD,data/ogle_gd_1000/photometry/OGLE-GD-RRLYR-04877.dat,62cbd7523cc7443af82fe3cd392507f8406cd2c7a19f28a70ea5fc0b72c31384,154,2222.7533700000004,True,273,0.55742426,7000.41014,OGLE catalog,4,0.01709755103955571,-1356.956413477745,154
OGLE-GD-RRLYR-04878,RRc,0.34158208,7000.13528,,,first overtone,GD,data/ogle_gd_1000/photometry/OGLE-GD-RRLYR-04878.dat,93e7e773f99430dc090a1e5afa34cd376a3ec6294111ff85b1a2f72e75da503f,148,2222.75357,True,635,0.34158208,7000.13528,OGLE catalog,3,0.1739943002831254,-963.4193757207942,148
OGLE-GD-RRLYR-04892,RRab,0.49926534,7000.1114,,,fundamental,GD,data/ogle_gd_1000/photometry/OGLE-GD-RRLYR-04892.dat,df232c301f276f786c9182c4c1a20c4dbb84ef86d10b92152f7bcb9fbffbbed6,154,2222.7539700000007,True,680,0.49926534,7000.1114,OGLE catalog,4,0.10813357309938056,-1072.9138836762806,154
OGLE-GD-RRLYR-04907,RRab,0.50858466,7000.46312,,,fundamental,GD,data/ogle_gd_1000/photometry/OGLE-GD-RRLYR-04907.dat,018246c7223f3edd2dc3aa089407e3a03bec07e87e5639326d087aeecbde7297,97,941.7103100000012,True,526,0.50858466,7000.46312,OGLE catalog,4,0.04338219255710239,-706.9320705948414,97
OGLE-GD-RRLYR-04935,RRab,0.68173528,7000.49172,,,fundamental,GD,data/ogle_gd_1000/photometry/OGLE-GD-RRLYR-04935.dat,3644d4d1dac8a9690417a1543065ae6a33ced29d1f9dc02971f5b728481214ef,87,941.71058,True,558,0.68173528,7000.49172,OGLE catalog,4,0.042708215630600614,-622.6834989693758,87
OGLE-GD-RRLYR-04945,RRab,0.56212311,7000.22955,,,fundamental,GD,data/ogle_gd_1000/photometry/OGLE-GD-RRLYR-04945.dat,b1aec967d2434ebe2c7d701d54d7b6e9ddfc646e3a413c8750afdac84210de9a,117,950.6551900000004,True,835,0.56212311,7000.22955,OGLE catalog,4,0.045992503700876694,-874.590177437451,117
OGLE-GD-RRLYR-04960,RRab,0.55112835,7000.27588,,,fundamental,GD,data/ogle_gd_1000/photometry/OGLE-GD-RRLYR-04960.dat,364f3cbe40d99ecf98beeba93f00e19b0089f288e2e81c8b39b6f14cd907c159,154,2222.7539700000007,True,891,0.55112835,7000.27588,OGLE catalog,4,0.0520165926911162,-1185.6117755971266,154
OGLE-GD-RRLYR-04975,RRab,0.65490005,7000.34625,,,fundamental,GD,data/ogle_gd_1000/photometry/OGLE-GD-RRLYR-04975.dat,82dbcb96ed91aedcd6062f612d71ec261a467b1f9e66d2357a30fb090de5e3f1,154,2222.7539700000007,True,95,0.65490005,7000.34625,OGLE catalog,4,0.043229103498979356,-1214.1092903920041,154
OGLE-GD-RRLYR-04983,RRc,0.36488879,7000.01385,,,first overtone,GD,data/ogle_gd_1000/photometry/OGLE-GD-RRLYR-04983.dat,544445b3b1dc416f06f53947e504a54e5b1ec2d4e3c1d9890dd28e97817a1431,100,859.6975600000005,True,369,0.36488879,7000.01385,OGLE catalog,1,0.2456336839734044,-587.0929022792917,100
OGLE-GD-RRLYR-05011,RRab,0.54816239,7000.07281,,,fundamental,GD,data/ogle_gd_1000/photometry/OGLE-GD-RRLYR-05011.dat,2005e2dacf733fabd1ff9c5f25aebd2c748e35e1e2f4e34a85263017480fbace,116,950.6552399999993,True,655,0.54816239,7000.07281,OGLE catalog,4,0.14444291043689972,-733.0791786737541,116
OGLE-GD-RRLYR-05018,RRc,0.35343293,7000.11083,,,first overtone,GD,data/ogle_gd_1000/photometry/OGLE-GD-RRLYR-05018.dat,e582f53d9af5dcba146029b2586d3f194fcc0c0a45f4c8e4c9a428892a8e736b,151,2222.7537599999996,True,73,0.35343293,7000.11083,OGLE catalog,2,0.44508107935638747,-854.757176879327,151
OGLE-GD-RRLYR-05049,RRc,0.35290928,7000.32753,,,first overtone,GD,data/ogle_gd_1000/photometry/OGLE-GD-RRLYR-05049.dat,b151fd70f763dd8e96eabc58f3d29bdd920045f4772899cc9edd132c4823e109,154,2267.830680000001,True,679,0.35290928,7000.32753,OGLE catalog,1,0.21958319834244522,-994.0475516777934,154
OGLE-GD-RRLYR-05065,RRab,0.56218067,7000.05486,,,fundamental,GD,data/ogle_gd_1000/photometry/OGLE-GD-RRLYR-05065.dat,a2961d9f6eb3f4e6aded4bfb5ae1b19f6a5325e3504f75baafa8104a0fbddbd5,104,859.6976100000002,True,31,0.56218067,7000.05486,OGLE catalog,4,0.022406385622884228,-836.2517014012544,104
OGLE-GD-RRLYR-05102,RRab,0.54256701,7000.21359,,,fundamental,GD,data/ogle_gd_1000/photometry/OGLE-GD-RRLYR-05102.dat,ffc8371289cf184dda0eb00c1871244b5d7dc3bdc89e7c515b3f23fc6327e0b2,104,859.6975700000003,True,859,0.54256701,7000.21359,OGLE catalog,4,0.09825081537901133,-682.5212352598259,104
OGLE-GD-RRLYR-05123,RRc,0.31336317,7000.08024,,,first overtone,GD,data/ogle_gd_1000/photometry/OGLE-GD-RRLYR-05123.dat,f448baba2f64f81ca0258490942687b5fb59ab1b61d5b89501fa84b9d920889b,152,2267.8183800000006,True,561,0.31336317,7000.08024,OGLE catalog,2,0.09415054793025027,-1097.6651875933092,152
OGLE-GD-RRLYR-05124,RRab,0.68147648,7000.27571,,,fundamental,GD,data/ogle_gd_1000/photometry/OGLE-GD-RRLYR-05124.dat,11cbe56998d24023d0e053dad8d299055f381702f27bde52dd0add4ada3d385a,155,2267.8305200000004,True,260,0.68147648,7000.27571,OGLE catalog,4,0.0417955053987787,-1228.4598701647699,155
OGLE-GD-RRLYR-05139,RRab,0.63628033,7000.2676,,,fundamental,GD,data/ogle_gd_1000/photometry/OGLE-GD-RRLYR-05139.dat,3eaf3fef513ec85dcbd5118493f747817548ae2b02dc9ff6b07bb60d6631266f,43,2267.830680000001,True,331,0.63628033,7000.2676,OGLE catalog,4,0.010300792944930668,-324.62878320947664,43
OGLE-GD-RRLYR-05141,RRab,0.61073305,7000.21566,,,fundamental,GD,data/ogle_gd_1000/photometry/OGLE-GD-RRLYR-05141.dat,0a525437e0d88a1c1f6066b785cdf99eff6188e8a0c0c99aa55c2a6ce830f2da,81,912.7486,True,962,0.61073305,7000.21566,OGLE catalog,3,0.07241833555869556,-537.8381938502887,81
OGLE-GD-RRLYR-05143,RRab,0.58652722,7000.39287,,,fundamental,GD,data/ogle_gd_1000/photometry/OGLE-GD-RRLYR-05143.dat,5727aff21bf0a18ed7c28e56b1de36468fce1a056bdb3ab8f5d790066938cdfb,118,950.6552800000007,True,0,0.58652722,7000.39287,OGLE catalog,4,0.17195387641453977,-727.747045891019,118
OGLE-GD-RRLYR-05144,RRab,0.68637522,7000.23996,,,fundamental,GD,data/ogle_gd_1000/photometry/OGLE-GD-RRLYR-05144.dat,8b23ce91bda7261f8b2b08e9b5c04ecf3e257858007040f469435f39bcf5b681,119,950.65528,True,1003,0.68637522,7000.23996,OGLE catalog,4,0.026062112071362113,-959.7290312684958,119
OGLE-GD-RRLYR-05158,RRab,0.58556265,7000.1669,,,fundamental,GD,data/ogle_gd_1000/photometry/OGLE-GD-RRLYR-05158.dat,4033abf20ff5695f4778eba2442d9863db4d05d1b1b23045988e03f7a93141ae,83,918.7244699999992,True,374,0.58556265,7000.1669,OGLE catalog,4,0.04970335039554722,-576.1338886455604,83
OGLE-GD-RRLYR-05172,RRab,0.44360319,7000.28383,,,fundamental,GD,data/ogle_gd_1000/photometry/OGLE-GD-RRLYR-05172.dat,a8d0e2e74f89196880b5422fd3e5f16c39e96e2b099d151f545196c9f3d81ee9,118,950.6552800000007,True,694,0.44360319,7000.28383,OGLE catalog,4,0.11912451418513678,-771.0597715015506,118
OGLE-GD-RRLYR-05180,RRab,0.52571346,7000.49141,,,fundamental,GD,data/ogle_gd_1000/photometry/OGLE-GD-RRLYR-05180.dat,f5d7465eda43a0008d834cce8ab987b17a84e327775acd2f23261b7ac89223f5,83,918.7244699999992,True,285,0.52571346,7000.49141,OGLE catalog,1,0.5340151529651395,-405.57572694281026,83
OGLE-GD-RRLYR-05188,RRab,0.74935755,7000.74878,,,fundamental,GD,data/ogle_gd_1000/photometry/OGLE-GD-RRLYR-05188.dat,40f2f12aa6bf9d656aabc1b9297357275161eddc85b0e5325090471c1e503701,124,2267.8305200000004,True,309,0.74935755,7000.74878,OGLE catalog,3,0.03803290581412172,-969.3665835606419,124
OGLE-GD-RRLYR-05219,RRc,0.39205988,7000.20581,,,first overtone,GD,data/ogle_gd_1000/photometry/OGLE-GD-RRLYR-05219.dat,83d40dde55e1227d703d5bca0d7b560fc47ab5658a3e532c8016bf580aeab349,82,918.7244,True,431,0.39205988,7000.20581,OGLE catalog,1,0.06935031589589517,-566.9547558590157,82
OGLE-GD-RRLYR-05229,RRc,0.32053949,7000.07326,,,first overtone,GD,data/ogle_gd_1000/photometry/OGLE-GD-RRLYR-05229.dat,16e4f6684bd1b003fb21afdb23fe5cf942275b56baf5ef2cad430f4783fe0dfa,59,854.7272399999993,True,326,0.32053949,7000.07326,OGLE catalog,1,0.15666943342265408,-337.7055124232116,59
OGLE-GD-RRLYR-05236,RRab,0.77370445,7000.05289,,,fundamental,GD,data/ogle_gd_1000/photometry/OGLE-GD-RRLYR-05236.dat,061d74e64a6b71e596f32b05e4a6a86f3de2b8eff47b8f79b5a9678d94e345cb,150,2313.808830000001,True,437,0.77370445,7000.05289,OGLE catalog,4,0.06455030748205395,-1117.5461362020446,150
OGLE-GD-RRLYR-05257,RRab,0.59038861,7000.07752,,,fundamental,GD,data/ogle_gd_1000/photometry/OGLE-GD-RRLYR-05257.dat,433367ccbd11e2b145c895156d5e326fcf61de4aa054161972b0d174727cb909,82,918.72444,True,820,0.59038861,7000.07752,OGLE catalog,4,0.06183611889739104,-549.9184512895355,82
OGLE-GD-RRLYR-05262,RRc,0.29396847,7000.00233,,,first overtone,GD,data/ogle_gd_1000/photometry/OGLE-GD-RRLYR-05262.dat,20e71cc6001c0523197237d40460211f884378e5b6f31ac2b79f116cc6d882c1,83,918.72444,True,783,0.29396847,7000.00233,OGLE catalog,2,0.058548124217044556,-580.2157842271585,83
OGLE-GD-RRLYR-05280,RRab,0.63909762,7000.47434,,,fundamental,GD,data/ogle_gd_1000/photometry/OGLE-GD-RRLYR-05280.dat,32f4920c3c3c19eb573a87cba25fcb207c9e97fe8ecbcfda60792499bfb44380,116,950.65935,True,569,0.63909762,7000.47434,OGLE catalog,4,0.05188241088210151,-851.8521026781914,116
OGLE-GD-RRLYR-05284,RRab,0.48207533,7000.19862,,,fundamental,GD,data/ogle_gd_1000/photometry/OGLE-GD-RRLYR-05284.dat,c36e5b2578c97e68de1a5d7a1aa82070a41e068658dbff43b7ee265e67e0efb5,83,918.7244,True,514,0.48207533,7000.19862,OGLE catalog,4,0.06227179421306614,-557.4226808337872,83
OGLE-GD-RRLYR-05287,RRc,0.27561129,7000.13744,,,first overtone,GD,data/ogle_gd_1000/photometry/OGLE-GD-RRLYR-05287.dat,dd60f496ff583c95cad91f78032520f8931a1a8ffb54f509738423ba8a19f1bf,83,918.7244,True,792,0.27561129,7000.13744,OGLE catalog,2,0.05019700690729243,-592.9889572342191,83
OGLE-GD-RRLYR-05312,RRab,0.55378632,7000.23784,,,fundamental,GD,data/ogle_gd_1000/photometry/OGLE-GD-RRLYR-05312.dat,373d27db65caae40ddf67260084f1ff14761e69d0db798a07c7ed07df46485d0,62,912.7493099999992,True,800,0.55378632,7000.23784,OGLE catalog,4,0.05381467490680671,-399.9150854432937,62
OGLE-GD-RRLYR-05314,RRab,0.42375912,7000.06746,,,fundamental,GD,data/ogle_gd_1000/photometry/OGLE-GD-RRLYR-05314.dat,02cfe2a7775c4025466aa905cf7189efa79518534f41618ffe08a1eb86dd2acd,150,2313.80861,True,481,0.42375912,7000.06746,OGLE catalog,4,0.2546861515155371,-911.658067001156,150
OGLE-GD-RRLYR-05322,RRc,0.31866613,7000.04478,,,first overtone,GD,data/ogle_gd_1000/photometry/OGLE-GD-RRLYR-05322.dat,0ed3090364271b338841ac8f8b251797b3a60a063c5e3d06cc3c6cc8e3c5d7e3,117,950.65935,True,150,0.31866613,7000.04478,OGLE catalog,4,0.005112303492481302,-1131.6190927767143,117
OGLE-GD-RRLYR-05331,RRc,0.31783513,7000.25941,,,first overtone,GD,data/ogle_gd_1000/photometry/OGLE-GD-RRLYR-05331.dat,6fe6acb720d8d518151184df730ad7627e1d5eaf2934b6f1675fa7559e3d93f4,117,950.65935,True,199,0.31783513,7000.25941,OGLE catalog,3,0.0076077723712755525,-1094.63356306706,117
OGLE-GD-RRLYR-05339,RRc,0.32120745,7000.17193,,,first overtone,GD,data/ogle_gd_1000/photometry/OGLE-GD-RRLYR-05339.dat,b340131102b7ccfe49a6f16c2d6b43ff8b806f8ec20549068b011866ddb7456d,148,2267.818619999999,True,12,0.32120745,7000.17193,OGLE catalog,1,0.08021829369140043,-1098.000325701902,148
OGLE-GD-RRLYR-05348,RRab,0.4846035,7000.30265,,,fundamental,GD,data/ogle_gd_1000/photometry/OGLE-GD-RRLYR-05348.dat,37de7d890095c0e067e9f6641355956f337f074a0ca593597dd41cae51c88b93,151,2313.80861,True,967,0.4846035,7000.30265,OGLE catalog,3,0.4278635932485839,-850.6798735771275,151
OGLE-GD-RRLYR-05365,RRab,0.49084818,7000.48936,,,fundamental,GD,data/ogle_gd_1000/photometry/OGLE-GD-RRLYR-05365.dat,f239c4df44f8f7a16ce2750b81b445110b0467b7e98e1f9da73116a1eacc27cd,150,2313.808830000001,True,54,0.49084818,7000.48936,OGLE catalog,4,0.5013873318158331,-810.0560303478286,150
OGLE-GD-RRLYR-05367,RRab,0.61631894,7000.27063,,,fundamental,GD,data/ogle_gd_1000/photometry/OGLE-GD-RRLYR-05367.dat,afbdb1ba96751a987170a504aea3d70f81c85b7a59a4046c85d366fc68bc7932,110,950.6594000000003,True,949,0.61631894,7000.27063,OGLE catalog,4,0.04581104077839073,-813.9038336521793,110
OGLE-GD-RRLYR-05384,RRab,0.68327095,7000.17801,,,fundamental,GD,data/ogle_gd_1000/photometry/OGLE-GD-RRLYR-05384.dat,ad1921e055f503fae03ed24ee42c06a91931ce0f3580dacd185ca1bc382125e1,87,941.7145799999998,True,743,0.68327095,7000.17801,OGLE catalog,3,0.014236956041545214,-727.1891811492715,87
OGLE-GD-RRLYR-05425,RRab,0.45821994,7000.14576,,,fundamental,GD,data/ogle_gd_1000/photometry/OGLE-GD-RRLYR-05425.dat,1ff28dc824b9c930be06b66882a57f388a6a257e99347967526cc5c48d6b00b1,148,2313.80952,True,989,0.45821994,7000.14576,OGLE catalog,3,0.300496150241625,-882.5503403679446,148
OGLE-GD-RRLYR-05433,RRc,0.3415847,7000.05305,,,first overtone,GD,data/ogle_gd_1000/photometry/OGLE-GD-RRLYR-05433.dat,5620fa3358dad92aba2a1a30c57084414938258f02eabd2f13efd38fa0eeec87,65,912.74896,True,38,0.3415847,7000.05305,OGLE catalog,2,0.03260824938026544,-472.9705845132569,65
OGLE-GD-RRLYR-05438,RRab,0.39287697,7000.00408,,,fundamental,GD,data/ogle_gd_1000/photometry/OGLE-GD-RRLYR-05438.dat,85a26638555171537c4d624fdf44a2c8cabc1cba702a3867347489bb3fd14fbc,145,2313.80952,True,381,0.39287697,7000.00408,OGLE catalog,4,0.22050512501519579,-896.0517685107743,145
OGLE-GD-RRLYR-05446,RRab,0.58997898,7000.11443,,,fundamental,GD,data/ogle_gd_1000/photometry/OGLE-GD-RRLYR-05446.dat,323f25f9c2290629612aaefa28aeb009194383f40fd5d9d3e54c93579d255125,85,941.7145799999998,True,796,0.58997898,7000.11443,OGLE catalog,4,0.04319687397781143,-604.7104030711421,85
OGLE-GD-RRLYR-05451,RRab,0.70341162,7000.1377,,,fundamental,GD,data/ogle_gd_1000/photometry/OGLE-GD-RRLYR-05451.dat,176b04557ec15fb1f8a602653337c619807247225ca6445445e3a603f9d33533,83,918.72498,True,27,0.70341162,7000.1377,OGLE catalog,3,0.009948392129185439,-718.4904660744213,83
OGLE-GD-RRLYR-05454,RRab,0.53611595,7000.03571,,,fundamental,GD,data/ogle_gd_1000/photometry/OGLE-GD-RRLYR-05454.dat,642baf0cf55d433107ca12f17028b864ddd234359498aa9a9665c9742ad41de6,82,918.7249300000004,True,521,0.53611595,7000.03571,OGLE catalog,4,0.05922384375789245,-553.4578513142976,82
OGLE-GD-RRLYR-05469,RRc,0.24457106,7000.0557,,,first overtone,GD,data/ogle_gd_1000/photometry/OGLE-GD-RRLYR-05469.dat,4261c6a22300800011734b2c67eb1f79b85c61ef18cdb9d7c0c2c8b23160cab8,83,918.72498,True,383,0.24457106,7000.0557,OGLE catalog,1,0.06736969661057121,-577.4047259138605,83
OGLE-GD-RRLYR-05471,RRab,0.50244983,7000.38599,,,fundamental,GD,data/ogle_gd_1000/photometry/OGLE-GD-RRLYR-05471.dat,3c69469ec8da4fdcd057b61c492963c7bc7aac79b42791034627fffd65a0afe6,154,2267.818619999999,True,955,0.50244983,7000.38599,OGLE catalog,4,0.10391223594745114,-1079.0462550198465,154
OGLE-GD-RRLYR-05476,RRab,0.47308913,7000.29037,,,fundamental,GD,data/ogle_gd_1000/photometry/OGLE-GD-RRLYR-05476.dat,8d62ad3fa92b776156b66107dfb7fefacd0eae59658fe90d007bd090232ec98f,117,950.6594999999998,True,902,0.47308913,7000.29037,OGLE catalog,4,0.12396087884679312,-758.5861279483657,117
OGLE-GD-RRLYR-05497,RRab,0.74166153,7000.25414,,,fundamental,GD,data/ogle_gd_1000/photometry/OGLE-GD-RRLYR-05497.dat,c56c3a413e31c39d6deff0960fa4a0747f56cc9130fa2760494d33b1db07f63a,82,918.7249600000004,True,919,0.74166153,7000.25414,OGLE catalog,4,0.013942400499348693,-672.0618013208253,82
OGLE-GD-RRLYR-05509,RRab,0.47506935,7000.40482,,,fundamental,GD,data/ogle_gd_1000/photometry/OGLE-GD-RRLYR-05509.dat,898708a9e4d4a8128ac094a1a464b727afbd481527a85ba9bd21ecb6d19aeb43,139,2313.80793,True,329,0.47506935,7000.40482,OGLE catalog,4,0.40526160853981386,-767.0295351092684,139
OGLE-GD-RRLYR-05524,RRab,0.43954237,7000.41987,,,fundamental,GD,data/ogle_gd_1000/photometry/OGLE-GD-RRLYR-05524.dat,082eef659eaa6c0c505a2bb60197ae9b54fdfcd9cd94fecf4cdd612c363669a2,82,918.7249600000004,True,417,0.43954237,7000.41987,OGLE catalog,4,0.12768955172687163,-490.45907878169396,82
OGLE-GD-RRLYR-05534,RRab,0.53451957,7000.42597,,,fundamental,GD,data/ogle_gd_1000/photometry/OGLE-GD-RRLYR-05534.dat,2c6eeccd33fffaa72402eb0f66e6c22de6c72720f9136f5d5400395c6fdf1990,149,2313.8083700000007,True,390,0.53451957,7000.42597,OGLE catalog,4,0.014344120297060088,-1332.9703410968518,149
OGLE-GD-RRLYR-05540,RRab,0.43547386,7000.21679,,,fundamental,GD,data/ogle_gd_1000/photometry/OGLE-GD-RRLYR-05540.dat,342082b090b5fd7e620ffb66117a35985455ea40d2e64df7f12ff5a53455087f,82,918.7251800000004,True,131,0.43547386,7000.21679,OGLE catalog,3,0.017719242713573956,-661.2184773645814,82
OGLE-GD-RRLYR-05580,RRab,0.44930819,7000.07801,,,fundamental,GD,data/ogle_gd_1000/photometry/OGLE-GD-RRLYR-05580.dat,4a0fd8e7bad55ae08750a684d4ec5a970cdddcb4feeeac22d3d451762ec688de,78,918.7251799999996,True,340,0.44930819,7000.07801,OGLE catalog,4,0.10492821731228236,-476.4622560079479,78
OGLE-GD-RRLYR-05589,RRab,0.38062907,7000.15336,,,fundamental,GD,data/ogle_gd_1000/photometry/OGLE-GD-RRLYR-05589.dat,ddb95128d6ca4f24997fbb05ca93746dd957829840f39c635e7c6b43dd72c527,148,2313.8089100000007,True,212,0.38062907,7000.15336,OGLE catalog,4,0.15820324371995118,-967.5059646043327,148
OGLE-GD-RRLYR-05596,RRab,0.51821063,7000.1789,,,fundamental,GD,data/ogle_gd_1000/photometry/OGLE-GD-RRLYR-05596.dat,d4de3d31b53800a00a77b99a575ad28c62617284593f2a4c883f1ae9d73f6b99,147,2313.8087499999992,True,480,0.51821063,7000.1789,OGLE catalog,4,0.2631277837958869,-884.9416747190944,147
OGLE-GD-RRLYR-05607,RRab,0.48834769,7000.2943,,,fundamental,GD,data/ogle_gd_1000/photometry/OGLE-GD-RRLYR-05607.dat,e3eaac6bcae3e9018d152c44fad75dba2879bd66afe760bde728f38b1f518a26,78,918.7251799999996,True,313,0.48834769,7000.2943,OGLE catalog,4,0.06194327918863317,-517.5727298698981,78
OGLE-GD-RRLYR-05611,RRab,0.58707606,7000.03707,,,fundamental,GD,data/ogle_gd_1000/photometry/OGLE-GD-RRLYR-05611.dat,7953e7d10dda62708aa5437e247178cc8e13d477b8bc4e5609c775e08fe6b712,148,2313.8087499999992,True,577,0.58707606,7000.03707,OGLE catalog,4,0.1559361022958896,-969.6422315869797,148
OGLE-GD-RRLYR-05640,RRab,0.49845917,7000.23254,,,fundamental,GD,data/ogle_gd_1000/photometry/OGLE-GD-RRLYR-05640.dat,948fa89e1b14ad5dfc652ede5cb920b64dc385b45794a0842d64c63df9abfb4d,78,2262.8319899999997,True,122,0.49845917,7000.23254,OGLE catalog,4,0.16901496851779557,-439.27881279744463,78
OGLE-GD-RRLYR-05654,RRab,0.55250163,7000.2567,,,fundamental,GD,data/ogle_gd_1000/photometry/OGLE-GD-RRLYR-05654.dat,e3c257ada40909cc000dd67c8dae0098fbcaa14472026e5b35c9f6aac425088b,149,2313.8083700000007,True,518,0.55250163,7000.2567,OGLE catalog,4,0.2741219833579148,-893.3856122944762,149
OGLE-GD-RRLYR-05683,RRc,0.26628675,7000.02091,,,first overtone,GD,data/ogle_gd_1000/photometry/OGLE-GD-RRLYR-05683.dat,3a9e59ab4e289e594958f9f55ad6922d146e50a12da0c9579bac9094d68cab6c,149,2313.80814,True,875,0.26628675,7000.02091,OGLE catalog,2,0.11318484211651653,-1045.1994888918946,149
OGLE-GD-RRLYR-05686,RRab,0.57566619,7000.14781,,,fundamental,GD,data/ogle_gd_1000/photometry/OGLE-GD-RRLYR-05686.dat,39f300de5cc15851b62befb763ae0da58aec8a9191e51cee6dbd81aa9cdd60af,149,2313.8083700000007,True,803,0.57566619,7000.14781,OGLE catalog,4,0.19300031760267192,-945.6669360582314,149
OGLE-GD-RRLYR-05698,RRab,0.66617746,7000.57592,,,fundamental,GD,data/ogle_gd_1000/photometry/OGLE-GD-RRLYR-05698.dat,7dd3b951c79c406e83db86a6a09bb2d3dc6da1a1ed0a53e7440e876ca72ed4f5,149,2313.8083700000007,True,487,0.66617746,7000.57592,OGLE catalog,4,0.09900444026200508,-1045.128479061937,149
OGLE-GD-RRLYR-05717,RRab,0.48734369,7000.15772,,,fundamental,GD,data/ogle_gd_1000/photometry/OGLE-GD-RRLYR-05717.dat,c9adf598ac1d40a4e0875c5a74b17bca98d0df4bda0f14dfed38c6cce90302a3,51,918.7251799999996,True,463,0.48734369,7000.15772,OGLE catalog,4,0.14436753255445853,-263.84171557654486,51
OGLE-GD-RRLYR-05721,RRab,0.82656482,7000.55476,,,fundamental,GD,data/ogle_gd_1000/photometry/OGLE-GD-RRLYR-05721.dat,86344e9dd33ef40bf224613a56b334a613d23bb725de053138cc33ba231ff6d1,116,950.6594999999998,True,111,0.82656482,7000.55476,OGLE catalog,4,0.0037501479208922684,-1156.605509776335,116
OGLE-GD-RRLYR-05723,RRab,0.6443036,7000.62317,,,fundamental,GD,data/ogle_gd_1000/photometry/OGLE-GD-RRLYR-05723.dat,9f19388a23b386e2803869811dc0acfe79f4c1150e771262f085fa6f195bf1ed,145,2313.8089100000007,True,930,0.6443036,7000.62317,OGLE catalog,3,0.2669134561818939,-878.3097235089035,145
OGLE-GD-RRLYR-05753,RRab,0.56421208,7000.3551,,,fundamental,GD,data/ogle_gd_1000/photometry/OGLE-GD-RRLYR-05753.dat,d182df77df292c6921762a80b4a97eca1ff1097a76afdb7dca457a2066eb5f19,83,918.72519,True,782,0.56421208,7000.3551,OGLE catalog,4,0.11526245576846485,-506.3193177065817,83
OGLE-GD-RRLYR-05772,RRab,0.50399363,7000.20201,,,fundamental,GD,data/ogle_gd_1000/photometry/OGLE-GD-RRLYR-05772.dat,25c9d20cd1cc716647fa94a612ee28fa3a2288bc171bcb2acc6173412f1b0b6f,76,912.7490800000004,True,744,0.50399363,7000.20201,OGLE catalog,3,0.4539517213559528,-358.8426969485535,76
OGLE-GD-RRLYR-05773,RRab,0.67119304,7000.21911,,,fundamental,GD,data/ogle_gd_1000/photometry/OGLE-GD-RRLYR-05773.dat,3415b38a8d85763af1442ca09246cf43d0ba9d03f783cfed041183465d5f09ab,149,2313.80983,True,699,0.67119304,7000.21911,OGLE catalog,4,0.07611517540505616,-1084.3031182122663,149
OGLE-GD-RRLYR-05792,RRab,0.81776745,7000.03475,,,fundamental,GD,data/ogle_gd_1000/photometry/OGLE-GD-RRLYR-05792.dat,0a7f83d9872708ddd7e62279f85188956e121bbc015fff04b8e2376ff7d5ee3c,146,2313.8100299999996,True,391,0.81776745,7000.03475,OGLE catalog,4,0.016534525915762793,-1281.6905794338118,146
OGLE-GD-RRLYR-05804,RRab,0.58888159,7000.56894,,,fundamental,GD,data/ogle_gd_1000/photometry/OGLE-GD-RRLYR-05804.dat,1a2bcc16bd9fc9a74d2ad9f2c0a6d050b93342ba5aa221bc8209c62369d0c739,150,2313.80983,True,916,0.58888159,7000.56894,OGLE catalog,4,0.1583574900889042,-982.9346074081494,150
OGLE-GD-RRLYR-05807,RRab,0.53554871,7000.11143,,,fundamental,GD,data/ogle_gd_1000/photometry/OGLE-GD-RRLYR-05807.dat,e77195d076a50021605224edb7c9e5ff706a39c72e263c0e4d0b3ccdd87ee367,83,918.7254000000012,True,304,0.53554871,7000.11143,OGLE catalog,4,0.06897044457235499,-548.9426130483506,83
OGLE-GD-RRLYR-05823,RRc,0.28630389,7000.11564,,,first overtone,GD,data/ogle_gd_1000/photometry/OGLE-GD-RRLYR-05823.dat,06501f66785df850ad5117fec594163904a352169cdc0784d9549e31d8d244f7,83,918.72537,True,215,0.28630389,7000.11564,OGLE catalog,2,0.020091640299321683,-668.9880382508371,83
OGLE-GD-RRLYR-05824,RRab,0.61017582,7000.15418,,,fundamental,GD,data/ogle_gd_1000/photometry/OGLE-GD-RRLYR-05824.dat,04de1ee65bf2f331c14fbd772128236c85d31931eddcc81a72c62fafe6dd1799,144,2268.7383600000003,True,826,0.61017582,7000.15418,OGLE catalog,4,0.1319329468462216,-962.5912462441064,144
OGLE-GD-RRLYR-05834,RRc,0.4438596,7000.30008,,,first overtone,GD,data/ogle_gd_1000/photometry/OGLE-GD-RRLYR-05834.dat,d6e7a83b0eda844988b749913b8f06398250cbb334948dc4cb866c845be28ada,76,912.7490800000004,True,671,0.4438596,7000.30008,OGLE catalog,1,0.03331055489461022,-574.6864874405215,76
OGLE-GD-RRLYR-05852,RRab,0.37663974,7000.02767,,,fundamental,GD,data/ogle_gd_1000/photometry/OGLE-GD-RRLYR-05852.dat,a16214c702342c61cd58e14ee8850d5185a5920f7c4e83709d61d5ddd91fde35,83,918.72538,True,583,0.37663974,7000.02767,OGLE catalog,3,0.43704624075963905,-404.53233704984336,83
OGLE-GD-RRLYR-05858,RRab,0.48187337,7000.13488,,,fundamental,GD,data/ogle_gd_1000/photometry/OGLE-GD-RRLYR-05858.dat,cd6b989a3f85e535e39e00ac0b6a374d41a4e77b30d7977be1d62044fa6a4845,144,2313.8100299999996,True,871,0.48187337,7000.13488,OGLE catalog,2,0.4549876112453968,-804.201901375556,144
OGLE-GD-RRLYR-05859,RRab,0.40103349,7000.33483,,,fundamental,GD,data/ogle_gd_1000/photometry/OGLE-GD-RRLYR-05859.dat,f8354167602c1f750242d138565abc165e865b38fbef95cb8011bb7fb1657f29,144,2313.8083700000007,True,823,0.40103349,7000.33483,OGLE catalog,4,0.6606098504087813,-730.6260225383612,144
OGLE-GD-RRLYR-05861,RRab,0.45177342,7000.39709,,,fundamental,GD,data/ogle_gd_1000/photometry/OGLE-GD-RRLYR-05861.dat,83ff3bb2d5fae8da1a12278ac5d3b16432c317a338a94b693fda7ea3e368c4d0,143,2268.7384999999995,True,766,0.45177342,7000.39709,OGLE catalog,4,0.18532626453348677,-906.0673308189062,143
OGLE-GD-RRLYR-05873,RRab,0.46940175,7000.15421,,,fundamental,GD,data/ogle_gd_1000/photometry/OGLE-GD-RRLYR-05873.dat,9b372c4857103ec1f825a9e62f8b520db5c9901abe65809ebf3aa4629a654b40,115,950.6606499999988,True,647,0.46940175,7000.15421,OGLE catalog,4,0.10653776833783851,-760.477213914764,115
OGLE-GD-RRLYR-05874,RRab,0.67483694,7000.28586,,,fundamental,GD,data/ogle_gd_1000/photometry/OGLE-GD-RRLYR-05874.dat,b9afc612cb9a4ec87a881fe639a27864a36182d143f30ecdc3b446e0e010eb00,50,2313.80894,True,483,0.67483694,7000.28586,OGLE catalog,4,0.0580015384396894,-302.75723042081717,50
OGLE-GD-RRLYR-05876,RRab,0.56281022,7000.1329,,,fundamental,GD,data/ogle_gd_1000/photometry/OGLE-GD-RRLYR-05876.dat,026d33d537f95a95a6bb84ee98acef929bc96da16577190fa6d4e8e763a7fbe8,142,2268.7384999999995,True,402,0.56281022,7000.1329,OGLE catalog,4,0.3545977499562489,-806.3465134151431,142
OGLE-GD-RRLYR-05891,RRab,0.77913062,7000.07194,,,fundamental,GD,data/ogle_gd_1000/photometry/OGLE-GD-RRLYR-05891.dat,cb9a45b1e8e2189b0a2d99a879b037500caaa20c6f0e3d033a43bfa8abd90908,147,2313.8100299999996,True,229,0.77913062,7000.07194,OGLE catalog,4,0.03965093068941785,-1163.14290318318,147
OGLE-GD-RRLYR-05893,RRab,0.66435433,7000.34476,,,fundamental,GD,data/ogle_gd_1000/photometry/OGLE-GD-RRLYR-05893.dat,51e1e6d93a3dada2323df21ef5293170600d8baa190fc295b16cd510ec66c3e1,149,2313.8093099999996,True,123,0.66435433,7000.34476,OGLE catalog,4,0.10411910449333367,-1037.6232329742359,149
OGLE-GD-RRLYR-05901,RRab,0.50040738,7000.00502,,,fundamental,GD,data/ogle_gd_1000/photometry/OGLE-GD-RRLYR-05901.dat,7c8267fb8cc3f1ba77a6f954ab3297a99213bc38d164f81fd3f4c414fa8c678d,115,950.6606499999988,True,618,0.50040738,7000.00502,OGLE catalog,4,0.09202604718100123,-777.316421960763,115
OGLE-GD-RRLYR-05909,RRab,0.57205873,7000.27235,,,fundamental,GD,data/ogle_gd_1000/photometry/OGLE-GD-RRLYR-05909.dat,ae737bff08e7871ab3c7efba62ac857710ee24a0c20de52907ce0ea8da4b82a8,83,918.7253800000008,True,858,0.57205873,7000.27235,OGLE catalog,4,0.027285516807891656,-625.9103416831504,83
OGLE-GD-RRLYR-05930,RRab,0.50856921,7000.33076,,,fundamental,GD,data/ogle_gd_1000/photometry/OGLE-GD-RRLYR-05930.dat,a293d74736a60c4e0eeb9f523ce7f3e5b64e548fc90c1cc49213910b558f1b21,83,918.7253800000008,True,565,0.50856921,7000.33076,OGLE catalog,3,0.0708003163906085,-555.6069063809205,83
OGLE-GD-RRLYR-05941,RRab,0.61010398,7000.43312,,,fundamental,GD,data/ogle_gd_1000/photometry/OGLE-GD-RRLYR-05941.dat,8cef39fe3ac8a5100f4703711eb266c2eebf6e9b49375c3ef9518bd7cdb51abe,83,918.7254000000012,True,4,0.61010398,7000.43312,OGLE catalog,4,0.04773671577417306,-579.4847246957555,83
OGLE-GD-RRLYR-05961,RRc,0.32469662,7000.02014,,,first overtone,GD,data/ogle_gd_1000/photometry/OGLE-GD-RRLYR-05961.dat,5177ad1698c137635f43c1e734e6602f644c5b933555443317f27fe4dafb7ad5,69,757.9805500000002,True,348,0.32469662,7000.02014,OGLE catalog,1,0.0517692427550214,-483.75720549743056,69
OGLE-GD-RRLYR-05980,RRab,0.50499393,7000.20953,,,fundamental,GD,data/ogle_gd_1000/photometry/OGLE-GD-RRLYR-05980.dat,9bd5d62dc7bb1f6415e7ec21df6c100916293761bbf630b81569607fc1e463f8,115,950.6606499999988,True,960,0.50499393,7000.20953,OGLE catalog,4,0.15211909626040662,-719.5183323505461,115
OGLE-GD-RRLYR-06009,RRab,0.35246521,7000.31726,,,fundamental,GD,data/ogle_gd_1000/photometry/OGLE-GD-RRLYR-06009.dat,b7ba9c5bcb8affcde346e90007a55eac99998d372dcbff322ad5a7171fffc738,50,941.7158900000004,True,761,0.35246521,7000.31726,OGLE catalog,4,0.015084968541423572,-370.0957678122705,50
OGLE-GD-RRLYR-06045,RRc,0.30678818,7000.2216,,,first overtone,GD,data/ogle_gd_1000/photometry/OGLE-GD-RRLYR-06045.dat,75da909271260f02808fa399956db9ea093c1252b188d37cdfbc076c287f0f01,83,918.7253800000008,True,262,0.30678818,7000.2216,OGLE catalog,1,0.07224557673634464,-571.6050351907263,83
OGLE-GD-RRLYR-06063,RRab,0.53331872,7000.29835,,,fundamental,GD,data/ogle_gd_1000/photometry/OGLE-GD-RRLYR-06063.dat,acecf81a16be234bb2d12505a68447690a4f3ed6a0cf453ba33d2763d1e835c8,83,918.7255900000008,True,862,0.53331872,7000.29835,OGLE catalog,4,0.31226649640862597,-423.59776392672546,83
OGLE-GD-RRLYR-06066,RRab,0.5148212,7000.22031,,,fundamental,GD,data/ogle_gd_1000/photometry/OGLE-GD-RRLYR-06066.dat,6646dcbb3984f8bc76022ccf81b9f91cae3262cdcb053995a290c30effa8538a,150,2295.7860100000007,True,648,0.5148212,7000.22031,OGLE catalog,4,0.3281144014463813,-873.6585184443422,150
OGLE-GD-RRLYR-06076,RRab,0.53675085,7000.2294,,,fundamental,GD,data/ogle_gd_1000/photometry/OGLE-GD-RRLYR-06076.dat,610dae4c9572d62d872c4f091b1fa9b59b371c1718a56facf2838b2cf48cda07,117,950.6607699999996,True,20,0.53675085,7000.2294,OGLE catalog,4,0.041926366893290365,-885.420108073339,117
OGLE-GD-RRLYR-06080,RRab,0.48439373,7000.22778,,,fundamental,GD,data/ogle_gd_1000/photometry/OGLE-GD-RRLYR-06080.dat,95086b01f0064631bf04b2f1f3b27979d02c94b1889fbb0eefc6e85f338b6ff3,149,2313.809110000001,True,1007,0.48439373,7000.22778,OGLE catalog,3,0.7220640426436902,-759.0809503470318,149
OGLE-GD-RRLYR-06097,RRab,0.59703375,7000.54361,,,fundamental,GD,data/ogle_gd_1000/photometry/OGLE-GD-RRLYR-06097.dat,c9a1da26e80b56c5716c686b1f0ce8611965ec60efe67b00bbf7d3eb276c583a,150,2295.7856999999995,True,192,0.59703375,7000.54361,OGLE catalog,4,0.04866474602260981,-1159.9196382690009,150
OGLE-GD-RRLYR-06115,RRab,0.57113675,7000.44211,,,fundamental,GD,data/ogle_gd_1000/photometry/OGLE-GD-RRLYR-06115.dat,c8e87eace4056b57fdc8b52766b14064683aa4b202ab456ffbc65b2bf7f6b2b1,76,912.7492300000011,True,114,0.57113675,7000.44211,OGLE catalog,4,0.04897388872304701,-519.4107022633426,76
OGLE-GD-RRLYR-06124,RRc,0.31827471,7000.01772,,,first overtone,GD,data/ogle_gd_1000/photometry/OGLE-GD-RRLYR-06124.dat,3b8535c55137c9e43698b85cbaad036df4863c756a2ad8d3e1429873472b37cc,145,2313.8093099999996,True,506,0.31827471,7000.01772,OGLE catalog,3,0.04240097723566563,-1145.0739174588716,145
OGLE-GD-RRLYR-06159,RRab,0.6196617,7000.37882,,,fundamental,GD,data/ogle_gd_1000/photometry/OGLE-GD-RRLYR-06159.dat,b734e61be417ce2b4b706ccd222858654fae86751defa2392fc06854bff08cbe,148,2313.809110000001,True,2,0.6196617,7000.37882,OGLE catalog,4,0.10439244579280477,-1029.0330047930042,148
OGLE-GD-RRLYR-06164,RRab,0.46538428,7000.27575,,,fundamental,GD,data/ogle_gd_1000/photometry/OGLE-GD-RRLYR-06164.dat,4c2e9319e1ceaad7d61c506a3e65bb75e162fd5f8e179a24bd25bd1016354494,151,2295.7860100000007,True,769,0.46538428,7000.27575,OGLE catalog,3,0.19435472117366334,-969.8369163099413,151
OGLE-GD-RRLYR-06174,RRab,0.39820174,7000.18002,,,fundamental,GD,data/ogle_gd_1000/photometry/OGLE-GD-RRLYR-06174.dat,4edb9c036c58f5663aec2e1b06ed7ed88c64bedbd8c17c032004a1a59647ed3e,151,2295.7861699999994,True,915,0.39820174,7000.18002,OGLE catalog,4,0.18119878033169343,-970.3859899127574,151
OGLE-GD-RRLYR-06179,RRc,0.31537151,7000.14147,,,first overtone,GD,data/ogle_gd_1000/photometry/OGLE-GD-RRLYR-06179.dat,7764b37e82c98fd3a5f16195a31fb9e67f24996a36694b7e9c2bf27eb39fc650,152,2295.78633,True,360,0.31537151,7000.14147,OGLE catalog,4,0.012130571220042068,-1389.0429372556869,152
OGLE-GD-RRLYR-06200,RRc,0.30778764,7000.24967,,,first overtone,GD,data/ogle_gd_1000/photometry/OGLE-GD-RRLYR-06200.dat,0e88909310b8ee6006bc1570572b02febda2ee70ab67bc0db4438ce0828f0047,36,763.9568800000006,True,857,0.30778764,7000.24967,OGLE catalog,2,0.012708047681227824,-268.2478002707883,36
OGLE-GD-RRLYR-06229,RRab,0.44852678,7000.15951,,,fundamental,GD,data/ogle_gd_1000/photometry/OGLE-GD-RRLYR-06229.dat,705c151fb0433f79225d5b6659605cd1bbf529dff99a2b5b8c571838eb25cb4f,82,918.7256199999993,True,170,0.44852678,7000.15951,OGLE catalog,4,0.15610978437454462,-473.9805584572023,82
OGLE-GD-RRLYR-06237,RRab,0.44464141,7000.14606,,,fundamental,GD,data/ogle_gd_1000/photometry/OGLE-GD-RRLYR-06237.dat,7870be733b5c97ae2cd5666df11b2e9e847664d83a303befb149334e2b8c28e5,82,918.7255900000008,True,825,0.44464141,7000.14606,OGLE catalog,4,0.020656674772150826,-639.8272808697093,82
OGLE-GD-RRLYR-06254,RRc,0.29260752,7000.08392,,,first overtone,GD,data/ogle_gd_1000/photometry/OGLE-GD-RRLYR-06254.dat,c3dbe3714606cf73a17684743f55678f81cbc4796a1c0d2ec710bd84a42e5f5f,150,2295.78586,True,540,0.29260752,7000.08392,OGLE catalog,1,0.11796956234677881,-1057.1626833327582,150
OGLE-GD-RRLYR-06262,RRab,0.43177238,7000.16053,,,fundamental,GD,data/ogle_gd_1000/photometry/OGLE-GD-RRLYR-06262.dat,5060004d4136fe2ffb7138f88a4af31a1b9852d2f4eaace0d9e74100387aa46c,75,918.7255900000008,True,432,0.43177238,7000.16053,OGLE catalog,4,0.16612973293671843,-419.57818590397613,75
OGLE-GD-RRLYR-06269,RRab,0.57438798,7000.33125,,,fundamental,GD,data/ogle_gd_1000/photometry/OGLE-GD-RRLYR-06269.dat,651b5878cfe4604f7c214bb73278042885ffa65f65f67de60e1c559cfdbdd2d0,83,918.7256199999993,True,345,0.57438798,7000.33125,OGLE catalog,4,0.06534155168637933,-553.4287563696038,83
OGLE-GD-RRLYR-06294,RRab,0.57337887,7000.17443,,,fundamental,GD,data/ogle_gd_1000/photometry/OGLE-GD-RRLYR-06294.dat,9586cee1ee648c1d98b23baaaa26db0248b3365aa709759ae8e6bd2815906fd2,83,918.7255900000008,True,531,0.57337887,7000.17443,OGLE catalog,4,0.05457084492186564,-568.3794126918299,83
OGLE-GD-RRLYR-06312,RRab,0.63769439,7000.44361,,,fundamental,GD,data/ogle_gd_1000/photometry/OGLE-GD-RRLYR-06312.dat,91fa42df2c8a3ecf66d123eda903622130da77a6bf91cd28b59ab7a5452812eb,152,2295.78586,True,47,0.63769439,7000.44361,OGLE catalog,3,0.03034635350773116,-1259.7146708626951,152
OGLE-GD-RRLYR-06313,RRab,0.4280477,7000.36444,,,fundamental,GD,data/ogle_gd_1000/photometry/OGLE-GD-RRLYR-06313.dat,ca8877bce9e73768b179aaf011151135e13ff6bca60cf8966d4ae1e9ca08f446,114,950.6607799999992,True,278,0.4280477,7000.36444,OGLE catalog,4,0.12888917926957663,-730.8643014778454,114
OGLE-GD-RRLYR-06347,RRab,0.57773735,7000.50516,,,fundamental,GD,data/ogle_gd_1000/photometry/OGLE-GD-RRLYR-06347.dat,1b6c3907537e501ddec83ce5011e994392c2fe10135daa962177a569668b90d1,79,918.7257600000004,True,921,0.57773735,7000.50516,OGLE catalog,4,0.15495896101354412,-453.16435188988396,79
OGLE-GD-RRLYR-06378,RRab,0.89621335,7000.13432,,,fundamental,GD,data/ogle_gd_1000/photometry/OGLE-GD-RRLYR-06378.dat,53d6dab06b22502cf43d64d6373b00315473b180b1d9204f20511df0a18248e8,75,918.7257999999993,True,280,0.89621335,7000.13432,OGLE catalog,4,0.011291057545756083,-621.2350330578497,75
OGLE-GD-RRLYR-06394,RRab,0.51054348,7000.14465,,,fundamental,GD,data/ogle_gd_1000/photometry/OGLE-GD-RRLYR-06394.dat,5f4dc07d4189c1b03c7a31c1a66f7ece30016ee47d4cb90eacef2ec070fbf962,78,918.7257999999993,True,780,0.51054348,7000.14465,OGLE catalog,4,0.024918571007422567,-588.5999795744378,78
OGLE-GD-RRLYR-06401,RRab,0.7013998,7000.32356,,,fundamental,GD,data/ogle_gd_1000/photometry/OGLE-GD-RRLYR-06401.dat,53fc560b3c63a27e3a9e19d1b6fb5f651566c3fd1bd9ae3f2944f81a2f6aa637,78,918.7257999999993,True,838,0.7013998,7000.32356,OGLE catalog,4,0.030214464866482455,-573.5688000557443,78
OGLE-GD-RRLYR-06412,RRab,0.756421,7000.6398,,,fundamental,GD,data/ogle_gd_1000/photometry/OGLE-GD-RRLYR-06412.dat,a0621bd76fa8432ca514280e7cdcdcdb17bc2567ab0332bacd922d2fc6e9b985,77,2295.7854000000007,True,486,0.756421,7000.6398,OGLE catalog,4,0.009867993160562534,-651.0000942384539,77
OGLE-GD-RRLYR-06415,RRab,0.66467285,7000.54855,,,fundamental,GD,data/ogle_gd_1000/photometry/OGLE-GD-RRLYR-06415.dat,06d5f8c26bdc761f4d1cc0064faca16e66f24af1d6800dd28b78667a51226ab9,147,2295.7856899999997,True,985,0.66467285,7000.54855,OGLE catalog,4,0.21835199891796017,-912.3617831084194,147
OGLE-GD-RRLYR-06417,RRab,0.44967669,7000.15415,,,fundamental,GD,data/ogle_gd_1000/photometry/OGLE-GD-RRLYR-06417.dat,e568ddc173a31c2a6c2eb48bfc895534cf62dfa31e64c051967cbc2cc3d532d8,151,2295.786839999999,True,939,0.44967669,7000.15415,OGLE catalog,4,0.21163425527099994,-946.940988310847,151
OGLE-GD-RRLYR-06421,RRab,0.58211855,7000.25195,,,fundamental,GD,data/ogle_gd_1000/photometry/OGLE-GD-RRLYR-06421.dat,da33034fff3fb15abf1162704980f7639c3e0bcdacf5e1f60cb21f4b6ad77f92,150,2295.786839999999,True,164,0.58211855,7000.25195,OGLE catalog,4,0.08214563475662688,-1081.388812475066,150
OGLE-GD-RRLYR-06428,RRab,0.41381552,7000.223,,,fundamental,GD,data/ogle_gd_1000/photometry/OGLE-GD-RRLYR-06428.dat,3c8552ea8308b2d198be5442971176d3e13301979243cca6749a04298ca0a229,79,918.7257600000004,True,203,0.41381552,7000.223,OGLE catalog,4,0.04307199604206492,-554.3070463839218,79
OGLE-GD-RRLYR-06429,RRab,0.49200159,7000.23857,,,fundamental,GD,data/ogle_gd_1000/photometry/OGLE-GD-RRLYR-06429.dat,e1f97bad4f58f20bc41fdb80c479df3ec2d2f9289728102cc158ba4162331787,79,918.7257999999993,True,407,0.49200159,7000.23857,OGLE catalog,4,0.11916347870564523,-473.91480735425614,79
OGLE-GD-RRLYR-06431,RRab,0.70653395,7000.69817,,,fundamental,GD,data/ogle_gd_1000/photometry/OGLE-GD-RRLYR-06431.dat,01d351044ebd9f46e5cfbd1b035ab7d359d8313bc29c38bcb241c6a4293ebbd8,147,2295.7854000000007,True,376,0.70653395,7000.69817,OGLE catalog,4,0.07812675123943158,-1063.4448420063413,147
OGLE-GD-RRLYR-06445,RRc,0.37011082,7000.14291,,,first overtone,GD,data/ogle_gd_1000/photometry/OGLE-GD-RRLYR-06445.dat,211a3283b81f866af2dc1d0994c1f9d8a4d67088c2b76f436344dae601797209,150,2295.78485,True,362,0.37011082,7000.14291,OGLE catalog,3,0.09180763466885879,-1074.729819828722,150
OGLE-GD-RRLYR-06454,RRab,0.56091531,7000.45146,,,fundamental,GD,data/ogle_gd_1000/photometry/OGLE-GD-RRLYR-06454.dat,f106ecc4287c90cd156c77135284fc50db15efa3f7c1cf136a382809f28d10c6,77,912.7494699999996,True,951,0.56091531,7000.45146,OGLE catalog,3,0.21710342264362553,-421.67475017382986,77
OGLE-GD-RRLYR-06473,RRab,0.5612728,7000.32771,,,fundamental,GD,data/ogle_gd_1000/photometry/OGLE-GD-RRLYR-06473.dat,80ba53ac156270f78f138786ae4a032eaa6d9bb034aa936bb4a4ed7111f99fc2,145,2295.7854000000007,True,275,0.5612728,7000.32771,OGLE catalog,4,0.31527253361936924,-844.2118740467458,145
OGLE-GD-RRLYR-06482,RRab,0.67498646,7000.66447,,,fundamental,GD,data/ogle_gd_1000/photometry/OGLE-GD-RRLYR-06482.dat,7c2f5c481abac285352af25bd717c4e6ffa098c6dbef13a5456c002c2359ed2b,116,948.7099200000002,True,958,0.67498646,7000.66447,OGLE catalog,4,0.00891656353052547,-1056.1361311296203,116
OGLE-GD-RRLYR-06492,RRab,0.61318146,7000.60661,,,fundamental,GD,data/ogle_gd_1000/photometry/OGLE-GD-RRLYR-06492.dat,b95be0e2b7112e4d6ec77268015e44eeaf7a70b047b28783b3b6140ef6148205,79,918.7257600000004,True,490,0.61318146,7000.60661,OGLE catalog,4,0.049386159729478595,-543.5000695281852,79
OGLE-GD-RRLYR-06522,RRab,0.70917501,7000.59799,,,fundamental,GD,data/ogle_gd_1000/photometry/OGLE-GD-RRLYR-06522.dat,29a5003d4ef83709e0ac85ada8bee34ec10e70b9c827bd7ceb95eceb6cf03535,96,1940.5993099999996,True,629,0.70917501,7000.59799,OGLE catalog,3,0.2585223585191709,-536.0932062057235,96
OGLE-GD-RRLYR-06541,RRab,0.533473,7000.11103,,,fundamental,GD,data/ogle_gd_1000/photometry/OGLE-GD-RRLYR-06541.dat,ce7e2534240411eea367e24dd7bd2dca49c7c8b2a068becb2a0f90f96f72db08,78,918.7257999999993,True,356,0.533473,7000.11103,OGLE catalog,4,0.07517587818456027,-502.47104876945,78
OGLE-GD-RRLYR-06543,RRab,0.47185399,7000.01771,,,fundamental,GD,data/ogle_gd_1000/photometry/OGLE-GD-RRLYR-06543.dat,91dbaa50c2598c907e65eb9c15936fe05e52997c01736244b0e9e1b85b7247e5,150,2295.7863399999997,True,460,0.47185399,7000.01771,OGLE catalog,4,0.06005247169069858,-1128.3800620813763,150
OGLE-GD-RRLYR-06544,RRab,0.62709793,7000.35266,,,fundamental,GD,data/ogle_gd_1000/photometry/OGLE-GD-RRLYR-06544.dat,6d01e2141dab4ec9a3fd61cd075f42aced6af59e922733ee614e96fd836a95b7,146,2295.7854000000007,True,606,0.62709793,7000.35266,OGLE catalog,4,0.08072689625206066,-1050.189894136194,146
OGLE-GD-RRLYR-06561,RRab,0.40323582,7000.14871,,,fundamental,GD,data/ogle_gd_1000/photometry/OGLE-GD-RRLYR-06561.dat,efc2a757919989e88794d14d02a2082760488945dd2858e8e6d763055c2a536e,146,2295.78615,True,70,0.40323582,7000.14871,OGLE catalog,4,0.02873490686253967,-1201.0019309033034,146
OGLE-GD-RRLYR-06569,RRab,0.4587343,7000.14029,,,fundamental,GD,data/ogle_gd_1000/photometry/OGLE-GD-RRLYR-06569.dat,07fb9b2c2fa8be656e8a35577648fe70049408ca447e26c2697806a757d04b66,78,918.7257999999993,True,762,0.4587343,7000.14029,OGLE catalog,4,0.04631630660773028,-540.2492814984513,78
OGLE-GD-RRLYR-06575,RRab,0.59440436,7000.2421,,,fundamental,GD,data/ogle_gd_1000/photometry/OGLE-GD-RRLYR-06575.dat,56611580acb2369a40247bd9e7f48fa53497fcd0f4ff16b7f30be12b06cdd882,149,2295.78485,True,553,0.59440436,7000.2421,OGLE catalog,4,0.0897472020695202,-1059.7554884274352,149
OGLE-GD-RRLYR-06584,RRab,0.54177601,7000.35152,,,fundamental,GD,data/ogle_gd_1000/photometry/OGLE-GD-RRLYR-06584.dat,6ed04f7324e7d88524d6c93e70a75789617be6e015c73c51c0e6a244dfa6bd1d,147,2295.78553,True,354,0.54177601,7000.35152,OGLE catalog,4,0.279422697276025,-876.109048128715,147
OGLE-GD-RRLYR-06600,RRab,0.48320214,7000.28508,,,fundamental,GD,data/ogle_gd_1000/photometry/OGLE-GD-RRLYR-06600.dat,71b6927d15862b0ba4a9c349d481e48aa5581f7508f9adc23053974c728f6fee,147,2295.7863399999997,True,335,0.48320214,7000.28508,OGLE catalog,4,0.06094313401776553,-1099.9583665622529,147
OGLE-GD-RRLYR-06630,RRab,0.63460282,7000.54411,,,fundamental,GD,data/ogle_gd_1000/photometry/OGLE-GD-RRLYR-06630.dat,559f9e238d8a3cd329661ece19dd5c5885cb1055558aa012d2c5b864f7926c1e,115,948.7099200000002,True,163,0.63460282,7000.54411,OGLE catalog,4,0.01899515729536372,-958.773494928349,115
OGLE-GD-RRLYR-06632,RRab,0.49830091,7000.38809,,,fundamental,GD,data/ogle_gd_1000/photometry/OGLE-GD-RRLYR-06632.dat,34fb5fa99f9dc26871b5db5985fa0e80ab5ccd6fa0740a134e17fb876a4f745e,78,918.7257600000004,True,984,0.49830091,7000.38809,OGLE catalog,4,0.1180379513964634,-467.27933761088343,78
OGLE-GD-RRLYR-06650,RRab,0.50680717,7000.00882,,,fundamental,GD,data/ogle_gd_1000/photometry/OGLE-GD-RRLYR-06650.dat,af21eb567fb5dc8b10f91ab7e19076f50cd3493c5d1288a69703d6c66f5205ec,77,918.7257600000004,True,447,0.50680717,7000.00882,OGLE catalog,4,0.026857985544903696,-573.9025595411906,77
OGLE-GD-RRLYR-06654,RRab,0.45485715,7000.43577,,,fundamental,GD,data/ogle_gd_1000/photometry/OGLE-GD-RRLYR-06654.dat,ba379685d450cb496ecfe1788c8feb6826a89dd94d75d6c0eb2e598e0e5314db,112,948.7100099999998,True,19,0.45485715,7000.43577,OGLE catalog,4,0.17926498365214671,-678.5210875085593,112
OGLE-GD-RRLYR-06661,RRab,0.53636192,7000.3413,,,fundamental,GD,data/ogle_gd_1000/photometry/OGLE-GD-RRLYR-06661.dat,45707f5f0be300e29f0c2b6f097e0165848539eb27c4cdbc7db68d142dd2c6df,77,918.7257999999993,True,394,0.53636192,7000.3413,OGLE catalog,4,0.14437331777996026,-444.40093809866676,77
OGLE-GD-RRLYR-06690,RRc,0.27749706,7000.1231,,,first overtone,GD,data/ogle_gd_1000/photometry/OGLE-GD-RRLYR-06690.dat,9b99928512b5d4436e132ff61cc2023ff3cec621a57a15323f16a5a39458ceee,143,2266.7894699999997,True,852,0.27749706,7000.1231,OGLE catalog,2,0.11547408258163605,-993.5679699187583,143
OGLE-GD-RRLYR-06692,RRab,0.56690367,7000.18367,,,fundamental,GD,data/ogle_gd_1000/photometry/OGLE-GD-RRLYR-06692.dat,5cfd3115edbef8ab75d222a3fd145162a0fd74dcacb9407a94d5f29ae37043bf,78,918.7257600000004,True,956,0.56690367,7000.18367,OGLE catalog,4,0.011219936727191964,-650.8378244604947,78
OGLE-GD-RRLYR-06712,RRab,0.61898755,7000.2609,,,fundamental,GD,data/ogle_gd_1000/photometry/OGLE-GD-RRLYR-06712.dat,7a716d99460933437e1aba2eae7dc2a7a50afa88360b622802b6727563344a95,143,2266.7894699999997,True,970,0.61898755,7000.2609,OGLE catalog,4,0.03211451437083763,-1156.7191286183786,143
OGLE-GD-RRLYR-06768,RRab,0.36208682,7000.08965,,,fundamental,GD,data/ogle_gd_1000/photometry/OGLE-GD-RRLYR-06768.dat,4395982dd33282b1498fce820be93894b8a8b6f72a2529cb5163bead59608ba4,145,2268.75217,True,1008,0.36208682,7000.08965,OGLE catalog,3,0.5918776250620894,-762.8352865378934,145
OGLE-GD-RRLYR-06772,RRab,0.53634027,7000.502,,,fundamental,GD,data/ogle_gd_1000/photometry/OGLE-GD-RRLYR-06772.dat,f34199a018d53d14be7664aa19932f378e042b5f1bfb626d9cc7b87347c2e758,100,948.7100099999998,True,617,0.53634027,7000.502,OGLE catalog,4,0.04380839090600485,-731.8634776000242,100
OGLE-GD-RRLYR-06782,RRab,0.4352424,7000.42358,,,fundamental,GD,data/ogle_gd_1000/photometry/OGLE-GD-RRLYR-06782.dat,fcf458dcd78b6070ef57f32839d958599c5e382ccbdbf08340f1720a96a7a46b,146,2295.7843299999995,True,640,0.4352424,7000.42358,OGLE catalog,4,0.21652680435250907,-906.1400831833043,146
OGLE-GD-RRLYR-06783,RRab,0.48431396,7000.23249,,,fundamental,GD,data/ogle_gd_1000/photometry/OGLE-GD-RRLYR-06783.dat,1b08a677a90fb8e5274a3f4ad6232cb303e2dbf34ff10e21af459317be65ac64,150,2295.7863399999997,True,659,0.48431396,7000.23249,OGLE catalog,4,0.13011544927650726,-1012.3995491582017,150
OGLE-GD-RRLYR-06821,RRab,0.51231393,7000.03059,,,fundamental,GD,data/ogle_gd_1000/photometry/OGLE-GD-RRLYR-06821.dat,16f58c29d937396d8f495a15a72227ed69462231c71d26c9ee16f2fbb3805823,145,2295.7841899999994,True,355,0.51231393,7000.03059,OGLE catalog,4,0.35126995966653973,-828.534823084105,145
OGLE-GD-RRLYR-06826,RRc,0.36782207,7000.00879,,,first overtone,GD,data/ogle_gd_1000/photometry/OGLE-GD-RRLYR-06826.dat,123456abfbe990fbd47f1893b85a20f9c4e67e7f2d74a8bc79c9972a372166fe,107,2266.7894699999997,True,702,0.36782207,7000.00879,OGLE catalog,3,0.019153226814899053,-890.4982795211449,107
OGLE-GD-RRLYR-06841,RRab,0.5494401,7000.5363,,,fundamental,GD,data/ogle_gd_1000/photometry/OGLE-GD-RRLYR-06841.dat,b596076e4b5c7b741a704dc757a5e3ae56582c2ae9df6e3f96593defaed4bda3,113,948.7099200000002,True,98,0.5494401,7000.5363,OGLE catalog,3,0.18121821158972423,-694.1131412841621,113
OGLE-GD-RRLYR-06851,RRab,0.55204444,7000.44255,,,fundamental,GD,data/ogle_gd_1000/photometry/OGLE-GD-RRLYR-06851.dat,6f208ea8c9a1c8cb8866c805506758fad3e659c436ef3d41d94c8d24c59f6223,34,2055.11708,True,363,0.55204444,7000.44255,OGLE catalog,4,0.017636545256547405,-225.44360433583464,34
OGLE-GD-RRLYR-06855,RRab,0.47513419,7000.28942,,,fundamental,GD,data/ogle_gd_1000/photometry/OGLE-GD-RRLYR-06855.dat,148938e98acaf88f9d01b75011688ddd224e1e485ba34ac8568c628957d6f4eb,71,918.7259599999988,True,334,0.47513419,7000.28942,OGLE catalog,4,0.05401455014459046,-471.4997817094639,71
OGLE-GD-RRLYR-06860,RRab,0.55982196,7000.14544,,,fundamental,GD,data/ogle_gd_1000/photometry/OGLE-GD-RRLYR-06860.dat,23561ffcb16780a05ba780d7f4e2eebc34044c7ee44bf3465f296d7c5dc0adb4,79,918.7259599999988,True,200,0.55982196,7000.14544,OGLE catalog,4,0.04605827282896395,-549.0113324753776,79
OGLE-GD-RRLYR-06862,RRab,0.64283617,7000.00905,,,fundamental,GD,data/ogle_gd_1000/photometry/OGLE-GD-RRLYR-06862.dat,4ec0134c8a576405e1e7bdd0b376f8fda76ded12e09f4bb3b0eadf921414ca7c,143,2266.7894699999997,True,209,0.64283617,7000.00905,OGLE catalog,4,0.03374809835782119,-1149.6240432280683,143
OGLE-GD-RRLYR-06873,RRab,0.53616367,7000.26182,,,fundamental,GD,data/ogle_gd_1000/photometry/OGLE-GD-RRLYR-06873.dat,7c29c0e69e6f02778cc8f81e4124ec499a74587e0799971d0bdcff75248cb717,80,918.7259999999995,True,700,0.53616367,7000.26182,OGLE catalog,4,0.12620184364155043,-476.7137086694172,80
OGLE-GD-RRLYR-06875,RRab,0.56318118,7000.32221,,,fundamental,GD,data/ogle_gd_1000/photometry/OGLE-GD-RRLYR-06875.dat,aec53b27310342d40a255fbead1bd0aa1c88780d391b6b791edc8eb628157123,79,918.7259599999988,True,644,0.56318118,7000.32221,OGLE catalog,4,0.039364326197664994,-561.418078315778,79
OGLE-GD-RRLYR-06876,RRab,0.54599341,7000.08732,,,fundamental,GD,data/ogle_gd_1000/photometry/OGLE-GD-RRLYR-06876.dat,716e0bf1f6d524340d38aaa84662da6beaca59c0b393ac24dbdcbd09f7140c0b,144,2295.78547,True,972,0.54599341,7000.08732,OGLE catalog,4,0.6559095075061818,-731.6542675844178,144
OGLE-GD-RRLYR-06899,RRc,0.27381094,7000.26149,,,first overtone,GD,data/ogle_gd_1000/photometry/OGLE-GD-RRLYR-06899.dat,bd99e50d59977f981d58a0e479191796201c1d8e9627095f68bedf3a534d7ead,72,912.7496500000008,True,890,0.27381094,7000.26149,OGLE catalog,4,0.013827382548668386,-577.669483030327,72
OGLE-GD-RRLYR-06918,RRc,0.26006692,7000.2075,,,first overtone,GD,data/ogle_gd_1000/photometry/OGLE-GD-RRLYR-06918.dat,ea471aeac5fa616a354f7167d31930c940d4ec6ab2b667f0deda4b291e7140fd,143,2266.7894699999997,True,293,0.26006692,7000.2075,OGLE catalog,1,0.100328859926386,-1023.5984184129558,143
OGLE-GD-RRLYR-06920,RRab,0.70446739,7000.62668,,,fundamental,GD,data/ogle_gd_1000/photometry/OGLE-GD-RRLYR-06920.dat,9225dcca8be37017016f0ccf57e266c392fc891890ed642b7e66d3ddfec822fc,143,2266.7894699999997,True,261,0.70446739,7000.62668,OGLE catalog,4,0.041358094636900475,-1120.5458382739607,143
OGLE-GD-RRLYR-06942,RRab,0.36320963,7000.33014,,,fundamental,GD,data/ogle_gd_1000/photometry/OGLE-GD-RRLYR-06942.dat,a903d8317f306b2d1432de20ac96924b1e12a59dc9dea58c6f34712cc1439a7c,77,918.72595,True,13,0.36320963,7000.33014,OGLE catalog,4,0.07282025525772694,-497.10037576662376,77
OGLE-GD-RRLYR-06945,RRab,0.64399585,7000.03727,,,fundamental,GD,data/ogle_gd_1000/photometry/OGLE-GD-RRLYR-06945.dat,7f488c6c8694b6bc7134de0f9d8dec23afc75fc118859f8d736fe3e51673dbb3,78,918.7259600000008,True,839,0.64399585,7000.03727,OGLE catalog,4,0.0504331458734923,-533.6072288215552,78
OGLE-GD-RRLYR-06946,RRc,0.3514606,7000.3179,,,first overtone,GD,data/ogle_gd_1000/photometry/OGLE-GD-RRLYR-06946.dat,98950d96faf79da6be97e7c3783ec2bb19f41b74a1d5bec0ef4b6602595fb014,104,948.6441100000002,True,653,0.3514606,7000.3179,OGLE catalog,2,0.012273566325123983,-917.4266694934512,104
OGLE-GD-RRLYR-06954,RRab,0.59651434,7000.55798,,,fundamental,GD,data/ogle_gd_1000/photometry/OGLE-GD-RRLYR-06954.dat,9bb9e1edb0abecaceec428d0b358a3b4c7ded054db3845e14e4bbdd70dc4f8ee,72,918.72595,True,866,0.59651434,7000.55798,OGLE catalog,3,0.0290217047183392,-532.842510642879,72
OGLE-GD-RRLYR-06977,RRc,0.36051404,7000.33944,,,first overtone,GD,data/ogle_gd_1000/photometry/OGLE-GD-RRLYR-06977.dat,48c2fc8a0a75933b6b606ca2b82c978cfd3d390c18189d491d9b61de390ed222,79,918.7259599999988,True,771,0.36051404,7000.33944,OGLE catalog,3,0.013896579717733582,-652.4131354527475,79
OGLE-GD-RRLYR-06995,RRab,0.4933127,7000.37595,,,fundamental,GD,data/ogle_gd_1000/photometry/OGLE-GD-RRLYR-06995.dat,353b7b80792a477f13a5f30337642c6abdf0eafe7ce02e609f5add95de9c3aa2,77,918.7259599999988,True,133,0.4933127,7000.37595,OGLE catalog,4,0.16857480430820115,-432.46769644807694,77
OGLE-GD-RRLYR-07005,RRab,0.49429236,7000.35775,,,fundamental,GD,data/ogle_gd_1000/photometry/OGLE-GD-RRLYR-07005.dat,0bcb3d88d2e1c3259523a6d212164d824f02dd93a8b0ba38a7c971fae5924961,99,948.7100600000005,True,557,0.49429236,7000.35775,OGLE catalog,4,0.36740224913158714,-512.6892869744565,99
OGLE-GD-RRLYR-07013,RRab,0.48340702,7000.28612,,,fundamental,GD,data/ogle_gd_1000/photometry/OGLE-GD-RRLYR-07013.dat,d8085f0ef81bc5070a14bef9b5031ffa5392fc78bd3d946aba93124feceb677d,110,2266.7894699999997,True,621,0.48340702,7000.28612,OGLE catalog,4,0.13057964542623313,-698.6834290913748,110
OGLE-GD-RRLYR-07030,RRab,0.5448622,7000.20098,,,fundamental,GD,data/ogle_gd_1000/photometry/OGLE-GD-RRLYR-07030.dat,50259292a893d26b1246d47f71671748b4e648b2d77e2f6b270b889334ea99b9,79,918.7259600000008,True,749,0.5448622,7000.20098,OGLE catalog,4,0.044933113568768994,-550.9651902195461,79
OGLE-GD-RRLYR-07032,RRab,0.58239772,7000.33628,,,fundamental,GD,data/ogle_gd_1000/photometry/OGLE-GD-RRLYR-07032.dat,3e2d9f9d4418859386fc0ce1a8f5538ad76a5f0eeb99e16ae578b0ba749ab454,146,2295.78406,True,651,0.58239772,7000.33628,OGLE catalog,4,0.13579174215236717,-974.2625068655266,146
OGLE-GD-RRLYR-07035,RRc,0.32984187,7000.2453,,,first overtone,GD,data/ogle_gd_1000/photometry/OGLE-GD-RRLYR-07035.dat,7989f3eccd9640cebc7c3b99682fdf5cbb06fb9f0f654e19a7718de7da87d05c,76,918.72595,True,438,0.32984187,7000.2453,OGLE catalog,3,0.03220436457849696,-559.9302504970509,76
OGLE-GD-RRLYR-07044,RRab,0.61244013,7000.09378,,,fundamental,GD,data/ogle_gd_1000/photometry/OGLE-GD-RRLYR-07044.dat,9fdb0b9ea1db9f85385bbf4b8d92b21a1e3a35c472ed644ba215801752f159ec,88,941.7162000000008,True,97,0.61244013,7000.09378,OGLE catalog,4,0.04898443992972481,-619.1398357143559,88
OGLE-GD-RRLYR-07047,RRab,0.45771304,7000.11106,,,fundamental,GD,data/ogle_gd_1000/photometry/OGLE-GD-RRLYR-07047.dat,aa77269f9d93bf8de3dd29b5d0d230e60a5a36c90af2c75279d706f8f74f60bf,64,861.9339099999997,True,256,0.45771304,7000.11106,OGLE catalog,4,0.03605756830799468,-441.3874334625365,64
OGLE-GD-RRLYR-07067,RRab,0.553127,7000.1773,,,fundamental,GD,data/ogle_gd_1000/photometry/OGLE-GD-RRLYR-07067.dat,70d9608a8c31d0206340f0188f30a089150912f1f8f41d1d387470663a3f3b01,137,2266.7059500000005,True,191,0.553127,7000.1773,OGLE catalog,3,0.16838042984060456,-883.6670476473371,137
OGLE-GD-RRLYR-07070,RRc,0.31094228,7000.14209,,,first overtone,GD,data/ogle_gd_1000/photometry/OGLE-GD-RRLYR-07070.dat,284920bbd2ee311463b303a3613526b66cf2f5006df320b7096ab83707aa0137,95,948.6441100000002,True,704,0.31094228,7000.14209,OGLE catalog,3,0.06077608134248455,-666.7942682673263,95
OGLE-GD-RRLYR-07104,RRab,0.51232886,7000.40508,,,fundamental,GD,data/ogle_gd_1000/photometry/OGLE-GD-RRLYR-07104.dat,600d435ca297aeb2c7972438280b57f5a66446b94d5fa45c6e6377fa2ffabb98,145,2295.7852699999994,True,948,0.51232886,7000.40508,OGLE catalog,4,0.06614471603748756,-1070.6427781348089,145
OGLE-GD-RRLYR-07109,RRab,0.43375935,7000.32808,,,fundamental,GD,data/ogle_gd_1000/photometry/OGLE-GD-RRLYR-07109.dat,e6b7bd22a4ca0db1608d7f8c52bf2380ffc5e2117ebbd244a6f84198edbf7b47,136,2266.70576,True,118,0.43375935,7000.32808,OGLE catalog,4,0.10085437988376919,-935.9017221626631,136
OGLE-GD-RRLYR-07112,RRab,0.70503191,7000.35528,,,fundamental,GD,data/ogle_gd_1000/photometry/OGLE-GD-RRLYR-07112.dat,b0c5017cb318fdb7543e2ab8e0345ab94b68597e85c0c9c5e78572532c22a41a,136,2266.70576,True,472,0.70503191,7000.35528,OGLE catalog,3,0.015065977294672663,-1204.2954884426108,136
OGLE-GD-RRLYR-07114,RRab,0.43789642,7000.09292,,,fundamental,GD,data/ogle_gd_1000/photometry/OGLE-GD-RRLYR-07114.dat,2009acaac176e6418dba35e2ab7bf70db790687f50165e297f7253d508a6b9b8,78,918.7261700000008,True,89,0.43789642,7000.09292,OGLE catalog,4,0.11437033681867369,-469.7413641633288,78
OGLE-GD-RRLYR-07129,RRab,0.59092428,7000.38447,,,fundamental,GD,data/ogle_gd_1000/photometry/OGLE-GD-RRLYR-07129.dat,8a07081079b8f0d280d45e03bd2ed3dd5c9c578b7ed7b12746b584b8a6fd9ee1,76,918.7261700000008,True,489,0.59092428,7000.38447,OGLE catalog,4,0.03316835923900411,-549.0272096258419,76
OGLE-GD-RRLYR-07138,RRab,0.53376993,7000.17373,,,fundamental,GD,data/ogle_gd_1000/photometry/OGLE-GD-RRLYR-07138.dat,8df31754db4b3358bccdc175f67c62e0f76e096acb514badb60c67369235dc12,146,2295.7851199999996,True,903,0.53376993,7000.17373,OGLE catalog,3,0.5923593972167039,-769.1730142252561,146
OGLE-GD-RRLYR-07144,RRab,0.50766596,7000.00926,,,fundamental,GD,data/ogle_gd_1000/photometry/OGLE-GD-RRLYR-07144.dat,7fb845d28da1ab7b9598162000e2239dd311d5ca0e2d04acc6de8d12e0affa15,78,918.7261700000008,True,695,0.50766596,7000.00926,OGLE catalog,4,0.07713997415836082,-500.45933461508275,78
OGLE-GD-RRLYR-07160,RRab,0.5976875,7000.09173,,,fundamental,GD,data/ogle_gd_1000/photometry/OGLE-GD-RRLYR-07160.dat,6d136629d00565b8f2627b0929dfcdf5adc1371840612bcbf4e4134ea3c29af7,105,948.6441100000002,True,338,0.5976875,7000.09173,OGLE catalog,4,0.029787980489192553,-815.713475758015,105
OGLE-GD-RRLYR-07168,RRab,0.40528295,7000.17095,,,fundamental,GD,data/ogle_gd_1000/photometry/OGLE-GD-RRLYR-07168.dat,c904efb84e4903a3ea4455d4dbaf432451f7de6bf37f53033b7e990097b697c3,135,2266.70576,True,112,0.40528295,7000.17095,OGLE catalog,4,0.22856056224796306,-817.3184203323913,135
OGLE-GD-RRLYR-07183,RRab,0.47339334,7000.43251,,,fundamental,GD,data/ogle_gd_1000/photometry/OGLE-GD-RRLYR-07183.dat,c95e7618eb80157599bd53b58860c5c7fd2438f0c96e55fdc7f44fb2839ee3b2,133,2266.70576,True,675,0.47339334,7000.43251,OGLE catalog,3,0.536979518203205,-698.8827685603924,133
OGLE-GD-RRLYR-07200,RRab,0.51413916,7000.48037,,,fundamental,GD,data/ogle_gd_1000/photometry/OGLE-GD-RRLYR-07200.dat,717a5205b1769a7065d201b3bca1e398f359733ff8a7d2922b65063a11fed88b,136,2266.70576,True,14,0.51413916,7000.48037,OGLE catalog,4,0.15620127126994038,-876.4061172798401,136
OGLE-GD-RRLYR-07222,RRab,0.58794533,7000.43923,,,fundamental,GD,data/ogle_gd_1000/photometry/OGLE-GD-RRLYR-07222.dat,2def04b0d80cb09a566d12af48b16386e6e56b2c5cba56a461162638d86f9485,146,2295.7851199999996,True,167,0.58794533,7000.43923,OGLE catalog,4,0.1266127744330883,-984.4809002623213,146
OGLE-GD-RRLYR-07224,RRab,0.56342708,7000.49173,,,fundamental,GD,data/ogle_gd_1000/photometry/OGLE-GD-RRLYR-07224.dat,7b34efa24687ff1ed99d052c396ae50a9c54628d494baa7913ec5672828a224d,147,2295.78547,True,464,0.56342708,7000.49173,OGLE catalog,4,0.06025354454063256,-1101.6311970108754,147
OGLE-GD-RRLYR-07235,RRc,0.31696687,7000.01452,,,first overtone,GD,data/ogle_gd_1000/photometry/OGLE-GD-RRLYR-07235.dat,81f8a0b892acedc4bca0b834f4bf26db5c84b09fb8de64be0c2d332d61e2d9c6,90,948.6441100000002,True,745,0.31696687,7000.01452,OGLE catalog,3,0.02228556862591047,-715.827638751762,90
OGLE-GD-RRLYR-07243,RRc,0.29224483,7000.01294,,,first overtone,GD,data/ogle_gd_1000/photometry/OGLE-GD-RRLYR-07243.dat,db3b7649ccf8b6ba1219a23ba78799d930fb2686c40005b83008fde51352ba58,127,2266.70576,True,296,0.29224483,7000.01294,OGLE catalog,3,0.05613725230733775,-947.0568182841387,127
OGLE-GD-RRLYR-07255,RRab,0.49949261,7000.36376,,,fundamental,GD,data/ogle_gd_1000/photometry/OGLE-GD-RRLYR-07255.dat,4783247199852a38de8a34999f750d313b83df81352ca0d414b8ce120953ab8f,107,2295.7852699999994,True,784,0.49949261,7000.36376,OGLE catalog,4,0.020406170683582317,-874.3724452911244,107
OGLE-GD-RRLYR-07263,RRab,0.57531622,7000.41747,,,fundamental,GD,data/ogle_gd_1000/photometry/OGLE-GD-RRLYR-07263.dat,42d59d7d7c21a540294bba4a60309097b33054ea7f97986a109ff6f6a25f7222,55,855.9577300000001,True,347,0.57531622,7000.41747,OGLE catalog,4,0.032391183471811004,-372.98012197617277,55
OGLE-GD-RRLYR-07268,RRab,0.49158465,7000.01731,,,fundamental,GD,data/ogle_gd_1000/photometry/OGLE-GD-RRLYR-07268.dat,3b6c2ec27b465c55b28edcd7e6f046318b39e5cb42e620e4c53ad4d149497e9b,141,2295.78377,True,954,0.49158465,7000.01731,OGLE catalog,4,0.412113513067929,-778.226665039889,141
OGLE-GD-RRLYR-07270,RRab,0.48645809,7000.2007,,,fundamental,GD,data/ogle_gd_1000/photometry/OGLE-GD-RRLYR-07270.dat,102d9a7a4cf7e9f2aad8a4439a20517b1301f67a685fe5ef7fd52daeae72b5a0,136,2266.70576,True,1,0.48645809,7000.2007,OGLE catalog,4,0.10908600012975861,-925.2313158410103,136
OGLE-GD-RRLYR-07287,RRab,0.48064348,7000.18685,,,fundamental,GD,data/ogle_gd_1000/photometry/OGLE-GD-RRLYR-07287.dat,8900789968e2e38640414ff8cf9ec155ef178151173f64b33f2f90e7b835458b,142,2295.7836199999992,True,435,0.48064348,7000.18685,OGLE catalog,4,0.16484959434103175,-915.1114900355724,142
OGLE-GD-RRLYR-07288,RRab,0.5467852,7000.05279,,,fundamental,GD,data/ogle_gd_1000/photometry/OGLE-GD-RRLYR-07288.dat,395c98b5af56036aefb76fe30c0a43e16b6332be0c18e2e5a6cb2546e2c78085,105,948.64426,True,760,0.5467852,7000.05279,OGLE catalog,4,0.1367444351150733,-655.6925545134401,105
OGLE-GD-RRLYR-07289,RRab,0.51883073,7000.0268,,,fundamental,GD,data/ogle_gd_1000/photometry/OGLE-GD-RRLYR-07289.dat,cdc592fde95321d01244a7dc892f83a5e9893a626799538d50b9764c7964a1c6,136,2266.7059500000005,True,396,0.51883073,7000.0268,OGLE catalog,4,0.14363260131590988,-887.8147107367787,136
OGLE-GD-RRLYR-07291,RRab,0.6202784,7000.26107,,,fundamental,GD,data/ogle_gd_1000/photometry/OGLE-GD-RRLYR-07291.dat,831aa6dc911889db97ba46acd3771896c90f92d6ac92b42f685525f2f621457b,77,918.7261200000004,True,516,0.6202784,7000.26107,OGLE catalog,4,0.01652169173252189,-611.3160142342836,77
OGLE-GD-RRLYR-07292,RRab,0.57202089,7000.10179,,,fundamental,GD,data/ogle_gd_1000/photometry/OGLE-GD-RRLYR-07292.dat,b097ca6273f829141f066ead6638bd939a6c5b188ab59ab59130df6e0ee43dd3,76,918.7261200000004,True,91,0.57202089,7000.10179,OGLE catalog,4,0.008558027481514654,-651.9864355828494,76
OGLE-GD-RRLYR-07319,RRc,0.30779355,7000.14703,,,first overtone,GD,data/ogle_gd_1000/photometry/OGLE-GD-RRLYR-07319.dat,781087c908705a53b78d453e90e2a1d012e48bfa3f33df04a0636b5fd3a99c8e,104,948.64426,True,510,0.30779355,7000.14703,OGLE catalog,4,0.029959174374920353,-806.0407819608257,104
OGLE-GD-RRLYR-07328,RRab,0.53761868,7000.28511,,,fundamental,GD,data/ogle_gd_1000/photometry/OGLE-GD-RRLYR-07328.dat,0f23fcd1a255e64b5c661a0a3622e7b34aed8558b2e9ce9bcbec90d36ecb23bf,77,918.7261200000004,True,25,0.53761868,7000.28511,OGLE catalog,4,0.03858218461622637,-546.0110465429909,77
OGLE-GD-RRLYR-07339,RRab,0.58832545,7000.03615,,,fundamental,GD,data/ogle_gd_1000/photometry/OGLE-GD-RRLYR-07339.dat,7250eb7bf1a95832498be645996d5ed7c7d74df2231ae02b24a360b61582e5fb,135,2266.70576,True,171,0.58832545,7000.03615,OGLE catalog,4,0.07102236311638985,-975.1072866219188,135
OGLE-GD-RRLYR-07353,RRab,0.55764459,7000.46879,,,fundamental,GD,data/ogle_gd_1000/photometry/OGLE-GD-RRLYR-07353.dat,abbb88c5eca41c86a5fef63dbaa6cd48cf7026707197afa27405adeef6a75f2c,78,918.7261200000004,True,976,0.55764459,7000.46879,OGLE catalog,4,0.03439028040628447,-563.4714505083076,78
OGLE-GD-RRLYR-07356,RRab,0.51740138,7000.01588,,,fundamental,GD,data/ogle_gd_1000/photometry/OGLE-GD-RRLYR-07356.dat,8fddaa041a849835a547cc1b2b5899fb136be01cf76087f2535717f6ef147ac4,77,864.9900900000002,True,68,0.51740138,7000.01588,OGLE catalog,4,0.0705440208147023,-499.5456820446699,77
OGLE-GD-RRLYR-07375,RRc,0.32183983,7000.04,,,first overtone,GD,data/ogle_gd_1000/photometry/OGLE-GD-RRLYR-07375.dat,8845d053ec3edb3ebe7fd7141f1bf73c598e86b52e6cb62d5706016acc16cd79,78,918.7261700000008,True,654,0.32183983,7000.04,OGLE catalog,1,0.020969393775417875,-628.1990868042506,78
OGLE-GD-RRLYR-07378,RRab,0.59187127,7000.41578,,,fundamental,GD,data/ogle_gd_1000/photometry/OGLE-GD-RRLYR-07378.dat,f2162962f823c548c4bc980d93ed92470137f00c4983114b651c492f807d13d4,140,2295.784319999999,True,520,0.59187127,7000.41578,OGLE catalog,4,0.16416581923000775,-900.3181150361185,140
OGLE-GD-RRLYR-07380,RRc,0.34613734,7000.17574,,,first overtone,GD,data/ogle_gd_1000/photometry/OGLE-GD-RRLYR-07380.dat,dfc829c014f9b2fd817532ee4e6d0c89353e8e90d3c822934d37471493a68597,137,2266.7059500000005,True,65,0.34613734,7000.17574,OGLE catalog,2,0.06724563297053807,-1019.2557205887313,137
OGLE-GD-RRLYR-07397,RRab,0.4680556,7000.30948,,,fundamental,GD,data/ogle_gd_1000/photometry/OGLE-GD-RRLYR-07397.dat,38bf96b6900eb59756778c131e1942f31cab96a5d9891d32c39097ebeffb9858,136,2266.70576,True,100,0.4680556,7000.30948,OGLE catalog,4,0.13459937637944341,-896.6487097978153,136
OGLE-GD-RRLYR-07443,RRc,0.32804271,7000.03994,,,first overtone,GD,data/ogle_gd_1000/photometry/OGLE-GD-RRLYR-07443.dat,1abb1d336ff567212ac5bf960d781d530e0f6f1007b3e4339537b39eff2de7f8,75,918.7261700000008,True,157,0.32804271,7000.03994,OGLE catalog,2,0.03810887335257044,-547.272277515495,75
OGLE-GD-RRLYR-07469,RRab,0.45838921,7000.09545,,,fundamental,GD,data/ogle_gd_1000/photometry/OGLE-GD-RRLYR-07469.dat,6c602c3e704081fc9f2c78eb00ce3ba6a84084b2781132a8498ed920a75a63e4,134,2266.7059500000005,True,342,0.45838921,7000.09545,OGLE catalog,4,0.2587848469222821,-793.36558309005,134
OGLE-GD-RRLYR-07470,RRab,0.38811879,7000.17196,,,fundamental,GD,data/ogle_gd_1000/photometry/OGLE-GD-RRLYR-07470.dat,fa1d1efcb5615cf7412d25d942e3cbed7401e7130a802cae0a13784810312410,140,2295.784319999999,True,530,0.38811879,7000.17196,OGLE catalog,4,0.891403211962703,-663.4493354894541,140
OGLE-GD-RRLYR-07483,RRab,0.36505304,7000.05357,,,fundamental,GD,data/ogle_gd_1000/photometry/OGLE-GD-RRLYR-07483.dat,4d1137547e17b2aeefc6a17c6a2d104ca783036f0c2cda1d89755515f5717a05,134,2266.7055500000006,True,813,0.36505304,7000.05357,OGLE catalog,4,0.17092752335126443,-848.9430724122674,134
OGLE-GD-RRLYR-07492,RRab,0.47778914,7000.29752,,,fundamental,GD,data/ogle_gd_1000/photometry/OGLE-GD-RRLYR-07492.dat,1d488f4dc5165b395bcbb674f07dabf6315543c2df50d3e0ac2735fada8d4d17,98,2266.7053300000007,True,64,0.47778914,7000.29752,OGLE catalog,4,0.041308157235731106,-720.3582437038656,98
OGLE-GD-RRLYR-07574,RRab,0.46277154,7000.34742,,,fundamental,GD,data/ogle_gd_1000/photometry/OGLE-GD-RRLYR-07574.dat,d291196e3020c512da099157fa48436bebc6002c78345371c356b4a5db4b54f4,139,2266.70623,True,567,0.46277154,7000.34742,OGLE catalog,3,1.00973259971692,-650.0042686900734,139
OGLE-GD-RRLYR-07586,RRab,0.43894905,7000.34842,,,fundamental,GD,data/ogle_gd_1000/photometry/OGLE-GD-RRLYR-07586.dat,ff13fa75ae0cc2c9cf299526f300e93828cdaced8a35ca4f70543ccc96862f93,94,2266.7057999999997,True,429,0.43894905,7000.34842,OGLE catalog,3,0.39005926702272153,-483.76356501734375,94
OGLE-GD-RRLYR-07589,RRab,0.73630874,7000.6797,,,fundamental,GD,data/ogle_gd_1000/photometry/OGLE-GD-RRLYR-07589.dat,b530402db6aa1330b87c33c368ebf954288e3956e16bc6493d324786b33c9abd,133,2266.70543,True,82,0.73630874,7000.6797,OGLE catalog,4,0.038021431885008235,-1041.2607943081903,133
OGLE-GD-RRLYR-07595,RRab,0.56035062,7000.02264,,,fundamental,GD,data/ogle_gd_1000/photometry/OGLE-GD-RRLYR-07595.dat,fcbd078ccd6545c6a214d2e3cdff850d855210524cf120540f5829c1fd217cd4,105,948.64426,True,1001,0.56035062,7000.02264,OGLE catalog,4,0.058694964598394746,-744.4973340838067,105
OGLE-GD-RRLYR-07622,RRc,0.32301623,7000.29969,,,first overtone,GD,data/ogle_gd_1000/photometry/OGLE-GD-RRLYR-07622.dat,20b93f504edc8142c14531f7e447b530a803a5b36cb6181a1de41f63d5142e92,104,948.64426,True,470,0.32301623,7000.29969,OGLE catalog,1,0.03397820772227906,-820.8152153707603,104
OGLE-GD-RRLYR-07623,RRab,0.45760253,7000.03142,,,fundamental,GD,data/ogle_gd_1000/photometry/OGLE-GD-RRLYR-07623.dat,9a2347753bcf4dbd089f8168597af2e3d17d71f95ccd27a09f24f01bbc76477c,127,2266.7053300000007,True,461,0.45760253,7000.03142,OGLE catalog,4,0.20108541487096454,-775.3253161730005,127
OGLE-GD-RRLYR-07626,RRab,0.59384377,7000.40302,,,fundamental,GD,data/ogle_gd_1000/photometry/OGLE-GD-RRLYR-07626.dat,0a8fa38464d0ef764bd45e3d3905e8a21916a9c95432a9ed2a2392ca632ff9c1,134,2266.7055500000006,True,576,0.59384377,7000.40302,OGLE catalog,4,0.10080398439865959,-919.703346106317,134
OGLE-GD-RRLYR-07628,RRab,0.73311439,7000.49136,,,fundamental,GD,data/ogle_gd_1000/photometry/OGLE-GD-RRLYR-07628.dat,914e6a9074cb3fa9ab2a846de57f196ced031eeced70c0c9fc2d50e1be8484df,101,948.64426,True,416,0.73311439,7000.49136,OGLE catalog,4,0.02519590883009412,-796.3795257607289,101
OGLE-GD-RRLYR-07644,RRab,0.48309264,7000.09289,,,fundamental,GD,data/ogle_gd_1000/photometry/OGLE-GD-RRLYR-07644.dat,53a4982460f4cb167d37a867f8bf20d9b9c7bfa486f06e6d252ba57cefc83996,105,948.64426,True,663,0.48309264,7000.09289,OGLE catalog,4,0.21660925890178367,-607.3945144873607,105
OGLE-GD-RRLYR-07645,RRab,0.73452541,7000.55743,,,fundamental,GD,data/ogle_gd_1000/photometry/OGLE-GD-RRLYR-07645.dat,986f75a85aa940999c6cf2ef043413818a26b48b9390e599ecc0ea29b32353b2,126,2266.70543,True,554,0.73452541,7000.55743,OGLE catalog,3,0.046842563990595616,-961.198885231224,126
OGLE-GD-RRLYR-07652,RRc,0.23235082,7000.00258,,,first overtone,GD,data/ogle_gd_1000/photometry/OGLE-GD-RRLYR-07652.dat,72f811b873966726b5b5088339ebf0bb2373e8e303eab6b45a17f39ea06460cb,79,918.7263599999995,True,230,0.23235082,7000.00258,OGLE catalog,2,0.0936954908230236,-510.3878530240606,79
OGLE-GD-RRLYR-07676,RRab,0.61030921,7000.55002,,,fundamental,GD,data/ogle_gd_1000/photometry/OGLE-GD-RRLYR-07676.dat,597ce161800b5ae008ef2ee50b8340fa58e40a4f68c19fddd7e275ecbeda41eb,127,2266.7053300000007,True,223,0.61030921,7000.55002,OGLE catalog,4,0.028805804129979296,-1022.1057304435961,127
OGLE-GD-RRLYR-07692,RRab,0.57477102,7000.11785,,,fundamental,GD,data/ogle_gd_1000/photometry/OGLE-GD-RRLYR-07692.dat,404b56e0bc71c827dd09606189545cf6b88a0621340acfd2fd18a60847e3d7bc,127,2266.7053300000007,True,254,0.57477102,7000.11785,OGLE catalog,4,0.13326204104101116,-827.5746838802717,127
OGLE-GD-RRLYR-07694,RRab,0.48260689,7000.3707,,,fundamental,GD,data/ogle_gd_1000/photometry/OGLE-GD-RRLYR-07694.dat,d2063e2701d9c3e82e9ee1b6ed7106e0f461dd63904a008e0c2afc9acbbe4ea2,125,2266.7053300000007,True,368,0.48260689,7000.3707,OGLE catalog,4,0.5793757374265727,-628.3099022603361,125
OGLE-GD-RRLYR-07703,RRab,0.68773099,7000.64889,,,fundamental,GD,data/ogle_gd_1000/photometry/OGLE-GD-RRLYR-07703.dat,2a4a97fe094a490fab8cae40d3483adfa05dd4b155296722f64831bb09ebc158,118,2266.7053300000007,True,382,0.68773099,7000.64889,OGLE catalog,3,0.33709174047126045,-657.8592120492641,118
OGLE-GD-RRLYR-07738,RRab,0.52998822,7000.38603,,,fundamental,GD,data/ogle_gd_1000/photometry/OGLE-GD-RRLYR-07738.dat,89a987484883a58389cee9446cca1a0d7d2bc19e6dc732b835266e0a5c25ec6b,139,2266.70623,True,344,0.52998822,7000.38603,OGLE catalog,4,0.06424904969012905,-1023.0349914192412,139
OGLE-GD-RRLYR-07745,RRab,0.49392478,7000.28355,,,fundamental,GD,data/ogle_gd_1000/photometry/OGLE-GD-RRLYR-07745.dat,9807e153373ee4795c1201978d9ca67e3d0b74a1ad2d2e1bdba95f25220c48a9,95,2266.7053300000007,True,399,0.49392478,7000.28355,OGLE catalog,4,0.13986872794091015,-578.503253289939,95
OGLE-GD-RRLYR-07760,RRab,0.55961892,7000.44456,,,fundamental,GD,data/ogle_gd_1000/photometry/OGLE-GD-RRLYR-07760.dat,355cfd8e80369e9e8cc6adbe3a7c7dccdbc71413b4b89a3a018155aa07adbc13,139,2266.7063900000003,True,688,0.55961892,7000.44456,OGLE catalog,4,0.045874531274036776,-1069.858092733571,139
OGLE-GD-RRLYR-07768,RRab,0.47442018,7000.24372,,,fundamental,GD,data/ogle_gd_1000/photometry/OGLE-GD-RRLYR-07768.dat,253e88d429ff899d1486274d5afdb8e928bc6131d050d2f727413ebd0280f441,102,948.6464500000002,True,995,0.47442018,7000.24372,OGLE catalog,4,0.12658010892414034,-640.9442213455904,102
OGLE-GD-RRLYR-07779,RRab,0.47939148,7000.37808,,,fundamental,GD,data/ogle_gd_1000/photometry/OGLE-GD-RRLYR-07779.dat,ec89b4584fc271f6684d26b5843c9561c41378d1f27cefe213514e6f36757449,135,2266.70543,True,141,0.47939148,7000.37808,OGLE catalog,4,0.0877296006965818,-946.5865705212868,135
OGLE-GD-RRLYR-07785,RRc,0.30829338,7000.04484,,,first overtone,GD,data/ogle_gd_1000/photometry/OGLE-GD-RRLYR-07785.dat,664d13f0c8179bf559226172ac8d90eb12a7a5065c6f21fb34ea77d53d0a13cb,74,918.7263599999995,True,836,0.30829338,7000.04484,OGLE catalog,2,0.013446307389602279,-615.8502472383547,74
OGLE-GD-RRLYR-07818,RRab,0.6050521,7000.42349,,,fundamental,GD,data/ogle_gd_1000/photometry/OGLE-GD-RRLYR-07818.dat,5e6937792652a2126cb3e2cd0dfdafde9c5d667e10117e97093c58d8676f4dee,105,948.645559999999,True,833,0.6050521,7000.42349,OGLE catalog,4,0.09034067289091179,-699.2177811525269,105
OGLE-GD-RRLYR-07831,RRc,0.2817676,7000.17966,,,first overtone,GD,data/ogle_gd_1000/photometry/OGLE-GD-RRLYR-07831.dat,66af2c3cf0d8175ee2432401504600523dfb0558602473a5e112334cea2a7ca4,103,2266.7063900000003,True,674,0.2817676,7000.17966,OGLE catalog,2,0.022876694472279458,-843.3000101596322,103
OGLE-GD-RRLYR-07833,RRab,0.51239229,7000.13316,,,fundamental,GD,data/ogle_gd_1000/photometry/OGLE-GD-RRLYR-07833.dat,d98d3aa70ccf6e2cc80a1df9cc5db7f223dd4a187be811b21100ce5436536920,44,853.7061999999996,True,889,0.51239229,7000.13316,OGLE catalog,4,0.009507471131563345,-337.2964407874328,44
OGLE-GD-RRLYR-07866,RRab,0.52391412,7000.50411,,,fundamental,GD,data/ogle_gd_1000/photometry/OGLE-GD-RRLYR-07866.dat,465ee4b83186591ca71464d92f5bf34018badc83aa19e37193b957aae8297a9e,79,948.645559999999,True,210,0.52391412,7000.50411,OGLE catalog,4,0.05502772913519272,-534.9548759943294,79
OGLE-GD-RRLYR-07870,RRab,0.61057924,7000.21876,,,fundamental,GD,data/ogle_gd_1000/photometry/OGLE-GD-RRLYR-07870.dat,7e4646d5e199479290c114a1f9eacce0d37b8c9bd6e91c88a35230fd2d52861f,105,948.6454600000006,True,300,0.61057924,7000.21876,OGLE catalog,4,0.0372449150833827,-792.2553780019648,105
OGLE-GD-RRLYR-07880,RRab,0.5737388,7000.41254,,,fundamental,GD,data/ogle_gd_1000/photometry/OGLE-GD-RRLYR-07880.dat,e72ab044f4985a69d8703dcecc22866e13ff4523bf0b285ef621127082ec6260,62,838.7274400000006,True,727,0.5737388,7000.41254,OGLE catalog,4,0.014926191159411966,-479.4256668265494,62
OGLE-GD-RRLYR-07895,RRab,0.63494087,7000.18636,,,fundamental,GD,data/ogle_gd_1000/photometry/OGLE-GD-RRLYR-07895.dat,593ea448e565accde1de9c10e645d6a23784b8be68f2c1af4029d49b9575ad63,105,948.6455700000006,True,403,0.63494087,7000.18636,OGLE catalog,4,0.116737358623113,-672.3022035045535,105
OGLE-GD-RRLYR-07909,RRc,0.33636846,7000.20728,,,first overtone,GD,data/ogle_gd_1000/photometry/OGLE-GD-RRLYR-07909.dat,13fa05922dda474675e9de558a8ecbf2adf786b1dda0a4d1dd8adff522a35ed7,79,941.6732499999998,True,662,0.33636846,7000.20728,OGLE catalog,3,0.012583602725022767,-660.2537393799158,79
OGLE-GD-RRLYR-07927,RRab,0.51719245,7000.03506,,,fundamental,GD,data/ogle_gd_1000/photometry/OGLE-GD-RRLYR-07927.dat,235362c84e62fbefc5dac63b3c428d0f9240c32a8a46c4b6bd444642be8cd641,131,2266.7056699999994,True,793,0.51719245,7000.03506,OGLE catalog,3,0.25198498046778034,-785.0930071649939,131
OGLE-GD-RRLYR-07930,RRab,0.47457209,7000.20511,,,fundamental,GD,data/ogle_gd_1000/photometry/OGLE-GD-RRLYR-07930.dat,a0f19434b35d5cd90f87164b3d07e43042134fcfac2c28f9781efb553a717efb,106,948.6467000000002,True,1000,0.47457209,7000.20511,OGLE catalog,4,0.17482033916642076,-637.2172174975568,106
OGLE-GD-RRLYR-07932,RRab,0.4801068,7000.01958,,,fundamental,GD,data/ogle_gd_1000/photometry/OGLE-GD-RRLYR-07932.dat,e89ec71a173ec7e743507d37b1569b39eed39be9f17cb3b268e45f931ac73124,105,948.6467100000008,True,943,0.4801068,7000.01958,OGLE catalog,4,0.07860522333213735,-713.8284919656245,105
OGLE-GD-RRLYR-07936,RRab,0.51297954,7000.27352,,,fundamental,GD,data/ogle_gd_1000/photometry/OGLE-GD-RRLYR-07936.dat,a7f404e2ee5b3b03cc4a3c2e35d69d7a78e9d53ea81a3eb54f5e33d89ba83fa3,33,838.7273799999994,True,241,0.51297954,7000.27352,OGLE catalog,3,0.016874443259547466,-225.6137127463506,33
OGLE-GD-RRLYR-07938,RRab,0.5503296,7000.49194,,,fundamental,GD,data/ogle_gd_1000/photometry/OGLE-GD-RRLYR-07938.dat,29358fa34b4530308f6e2876bcfc0ff0ec3c58b96698d68ddfa907400d85eede,125,2266.7054199999993,True,208,0.5503296,7000.49194,OGLE catalog,4,0.14191693314201234,-804.1485648296095,125
OGLE-GD-RRLYR-07947,RRab,0.55892298,7000.46929,,,fundamental,GD,data/ogle_gd_1000/photometry/OGLE-GD-RRLYR-07947.dat,bca3f9a1ee5b76d84bd6fef9d0bc8aa0a63ee5f6065465ad491600c648b617f1,104,921.7065599999988,True,809,0.55892298,7000.46929,OGLE catalog,4,0.06784409174562588,-721.033604784187,104
OGLE-GD-RRLYR-07948,RRab,0.61838038,7000.23108,,,fundamental,GD,data/ogle_gd_1000/photometry/OGLE-GD-RRLYR-07948.dat,befeb3b9f0c0d4e02903969bad13f81f70a895416adfa51e50364a0f4e42c72a,105,948.6464500000002,True,818,0.61838038,7000.23108,OGLE catalog,3,0.011948447758286653,-920.939274208737,105
OGLE-GD-RRLYR-07955,RRab,0.5797073,7000.2653,,,fundamental,GD,data/ogle_gd_1000/photometry/OGLE-GD-RRLYR-07955.dat,e0eeed35a2ab436cdc6a7e430cb49c18852097f5732998cf5be611a0e8a8265e,106,948.6467000000002,True,117,0.5797073,7000.2653,OGLE catalog,4,0.12321147521808119,-674.3020195858038,106
OGLE-GD-RRLYR-07964,RRab,0.67044304,7000.208,,,fundamental,GD,data/ogle_gd_1000/photometry/OGLE-GD-RRLYR-07964.dat,ae8fc830167bd0f050d51ab759155fdce8fa24f5df84eab876c3e83888d12bf3,120,2266.7054199999993,True,319,0.67044304,7000.208,OGLE catalog,3,0.4330016623472571,-641.4282123561138,120
OGLE-GD-RRLYR-07987,RRab,0.53257149,7000.20348,,,fundamental,GD,data/ogle_gd_1000/photometry/OGLE-GD-RRLYR-07987.dat,3f7aa12a540093f75222fbc842d9758cd0729a3771932fa39bc61d3f3ac0050f,131,2266.7056699999994,True,851,0.53257149,7000.20348,OGLE catalog,4,0.07043126391530913,-942.3325346650215,131
OGLE-GD-RRLYR-07992,RRab,0.55919961,7000.00523,,,fundamental,GD,data/ogle_gd_1000/photometry/OGLE-GD-RRLYR-07992.dat,0c8a23af41f74b2dac8646a4f237c49e57baae969dffc03f4ee11a6bea95ed53,106,948.6467100000008,True,545,0.55919961,7000.00523,OGLE catalog,4,0.0395794109781292,-794.6748915256339,106
OGLE-GD-RRLYR-08011,RRab,0.79812521,7000.41771,,,fundamental,GD,data/ogle_gd_1000/photometry/OGLE-GD-RRLYR-08011.dat,cd49b490a42e7b29ae31062b7d63c06647b88f68199d485aac0f89214b4baba0,105,948.64674,True,152,0.79812521,7000.41771,OGLE catalog,3,0.03436132773726484,-810.024586085436,105
OGLE-GD-RRLYR-08018,RRc,0.27819831,7000.0887,,,first overtone,GD,data/ogle_gd_1000/photometry/OGLE-GD-RRLYR-08018.dat,c809a71940c49544526e467fde50b31d4c9f32252c8447f975761c51155547ba,105,948.6467100000008,True,872,0.27819831,7000.0887,OGLE catalog,2,0.012047666054308227,-929.3788892714408,105
OGLE-GD-RRLYR-08031,RRab,0.57358842,7000.19345,,,fundamental,GD,data/ogle_gd_1000/photometry/OGLE-GD-RRLYR-08031.dat,002eb8404c7b3c2a1d1f1375e369d89fb4cc0fd7c9bc0650dc4d5e48c3a732fb,104,948.6467100000008,True,359,0.57358842,7000.19345,OGLE catalog,4,0.02959217943549219,-807.3226321438844,104
OGLE-GD-RRLYR-08033,RRab,0.57378539,7000.54397,,,fundamental,GD,data/ogle_gd_1000/photometry/OGLE-GD-RRLYR-08033.dat,aeea5a50dce52dc6b7b4a1ea2883cba8ac62d2e19e5d40f867b0f41489ead0a3,106,948.6467000000002,True,499,0.57378539,7000.54397,OGLE catalog,4,0.03394603027484028,-810.9498283302364,106
OGLE-GD-RRLYR-08045,RRab,0.68299738,7000.03726,,,fundamental,GD,data/ogle_gd_1000/photometry/OGLE-GD-RRLYR-08045.dat,d53ac8ea15f0d5685193df79595dec5d6ac31d42e62db7b8df4276a0c6232389,104,948.6467100000008,True,767,0.68299738,7000.03726,OGLE catalog,4,0.04142927735141134,-772.3289518496991,104
OGLE-GD-RRLYR-08048,RRab,0.64769476,7000.14501,,,fundamental,GD,data/ogle_gd_1000/photometry/OGLE-GD-RRLYR-08048.dat,e25e1f9c0018ec66cddd618900c268e5c2a75a879f151829ad1c03e9048abba1,105,948.6467100000008,True,853,0.64769476,7000.14501,OGLE catalog,2,0.07652755510083929,-735.2569976046516,105
OGLE-GD-RRLYR-08051,RRab,0.5253481,7000.05983,,,fundamental,GD,data/ogle_gd_1000/photometry/OGLE-GD-RRLYR-08051.dat,bf080a73e4562bcc19e520bc6c5989532a550d15c785895ae11abdeedd6328de,105,948.6466200000004,True,701,0.5253481,7000.05983,OGLE catalog,3,0.11155422217237851,-686.3787877369338,105
OGLE-GD-RRLYR-08053,RRab,0.39847742,7000.0011,,,fundamental,GD,data/ogle_gd_1000/photometry/OGLE-GD-RRLYR-08053.dat,c6106bf0a0f6010c7cf0d0303c02a60ad29dc72728e8bd11c5168e25de4ddcf0,93,2266.7055499999997,True,969,0.39847742,7000.0011,OGLE catalog,4,0.41103799533565816,-463.42183233472883,93
OGLE-GD-RRLYR-08054,RRab,0.6668832,7000.41314,,,fundamental,GD,data/ogle_gd_1000/photometry/OGLE-GD-RRLYR-08054.dat,68bc0002586d482643135646ac6ed751746f09a61855d95aadeabbb622831e20,95,2266.7055499999997,True,570,0.6668832,7000.41314,OGLE catalog,4,0.020605643560087525,-760.4414894181542,95
OGLE-GD-RRLYR-08056,RRab,0.56558253,7000.46597,,,fundamental,GD,data/ogle_gd_1000/photometry/OGLE-GD-RRLYR-08056.dat,108d93c27063189a382b66f7b42eb7402b057f5129c0965e99601d0f26e41bbe,106,948.6467000000002,True,983,0.56558253,7000.46597,OGLE catalog,4,0.02712222217796096,-834.7381914673147,106
OGLE-GD-RRLYR-08062,RRab,0.585018,7000.54986,,,fundamental,GD,data/ogle_gd_1000/photometry/OGLE-GD-RRLYR-08062.dat,5df1482e240927d36a39403dc06ae61568e94617da1aa7c298e2dafd80b9ae21,122,2266.703819999999,True,887,0.585018,7000.54986,OGLE catalog,4,0.24066554322316927,-716.6247238664208,122
OGLE-GD-RRLYR-08068,RRab,0.62509323,7000.52708,,,fundamental,GD,data/ogle_gd_1000/photometry/OGLE-GD-RRLYR-08068.dat,5d8f7e867b504ebe7ee9fd5e26ef600e2b787ed3ae03030f529a95a6c3ca1146,104,948.64674,True,764,0.62509323,7000.52708,OGLE catalog,4,0.06887929760738395,-719.4586955086681,104
OGLE-GD-RRLYR-08092,RRab,0.88314041,7000.48162,,,fundamental,GD,data/ogle_gd_1000/photometry/OGLE-GD-RRLYR-08092.dat,33a5bf67cbfbcc0aeb46b8b48c8b4dbdc08f491cbb1808abadcb99f5945d52ad,123,2266.70409,True,715,0.88314041,7000.48162,OGLE catalog,2,0.22844585878369625,-749.4418466803552,123
OGLE-GD-RRLYR-08093,RRab,0.35636402,7000.14309,,,fundamental,GD,data/ogle_gd_1000/photometry/OGLE-GD-RRLYR-08093.dat,ddadf0db69e420322c8c967cbcdaf5f32f9982855cf103131ffa477ecb899601,122,2266.70396,True,325,0.35636402,7000.14309,OGLE catalog,4,0.1446225495510791,-778.7569985784814,122
OGLE-GD-RRLYR-08104,RRab,0.70987415,7000.21788,,,fundamental,GD,data/ogle_gd_1000/photometry/OGLE-GD-RRLYR-08104.dat,aa83b94df1d5fa8805ec4485dde0dce0e437d2fdccbe3f346d42958f106ae6ca,123,2266.70396,True,469,0.70987415,7000.21788,OGLE catalog,4,0.038537167339543606,-949.0932670179131,123
OGLE-GD-RRLYR-08135,RRab,0.53748849,7000.35443,,,fundamental,GD,data/ogle_gd_1000/photometry/OGLE-GD-RRLYR-08135.dat,c6211b54aca3d8e1effcdefa32ab49d7d8496b7c9db63477614a5ca413b19abd,121,2266.703819999999,True,430,0.53748849,7000.35443,OGLE catalog,4,0.25229898315675514,-703.7625359969747,121
OGLE-GD-RRLYR-08142,RRab,0.64216082,7000.53634,,,fundamental,GD,data/ogle_gd_1000/photometry/OGLE-GD-RRLYR-08142.dat,2ff7bc2045e289472cc25f4d3d2378adeb3143c5fb343f570fe624a51c2a5f44,106,948.6467100000008,True,387,0.64216082,7000.53634,OGLE catalog,2,0.010325357150575181,-955.7615187924451,106
OGLE-GD-RRLYR-08159,RRab,0.56389548,7000.34846,,,fundamental,GD,data/ogle_gd_1000/photometry/OGLE-GD-RRLYR-08159.dat,af14d71d4f552814e06d17c168bb66ef1af92a539ad5e152938d538aff819d2e,88,948.64674,True,234,0.56389548,7000.34846,OGLE catalog,4,0.10757818827905807,-549.9088962846373,88
OGLE-GD-RRLYR-08179,RRab,0.46451612,7000.16179,,,fundamental,GD,data/ogle_gd_1000/photometry/OGLE-GD-RRLYR-08179.dat,0d20f186197729acd6af5c1df955e5bfc926e23f39e0bb110c08a4256421d5ca,96,948.6469199999992,True,485,0.46451612,7000.16179,OGLE catalog,4,0.16412362894106655,-570.5832814713656,96
OGLE-GD-RRLYR-08191,RRab,0.65333188,7000.6511,,,fundamental,GD,data/ogle_gd_1000/photometry/OGLE-GD-RRLYR-08191.dat,2cf088085835c02f91c51f0ebeecc7b3bd2da5e3ffcd69042c727bd17c16518c,104,948.6469199999992,True,458,0.65333188,7000.6511,OGLE catalog,3,0.1840210102009056,-626.5472727865202,104
OGLE-GD-RRLYR-08196,RRab,0.61774678,7000.15475,,,fundamental,GD,data/ogle_gd_1000/photometry/OGLE-GD-RRLYR-08196.dat,9b68b52d0c5a08571daebea4de2c29c93a9ce5337326552727d883aa58f33099,104,948.6469199999992,True,33,0.61774678,7000.15475,OGLE catalog,4,0.05471314731145564,-743.4048649391259,104
OGLE-GD-RRLYR-08215,RRab,0.43171752,7000.06952,,,fundamental,GD,data/ogle_gd_1000/photometry/OGLE-GD-RRLYR-08215.dat,ddc000d939f0a55f2bb0eea8bfb112ff8fce0146d9f375971d966a9adc338d58,106,2266.7036900000003,True,127,0.43171752,7000.06952,OGLE catalog,3,0.4747872034890903,-540.6386585230523,106
OGLE-GD-RRLYR-08227,RRc,0.23754398,7000.13048,,,first overtone,GD,data/ogle_gd_1000/photometry/OGLE-GD-RRLYR-08227.dat,cbff5e8c1e46af3622cea1e5f28bc3fb99ee8c6884b8b0730ec9e5f180ebef77,103,948.6469199999992,True,547,0.23754398,7000.13048,OGLE catalog,2,0.05718366488910963,-748.9366018715862,103
OGLE-GD-RRLYR-08239,RRab,0.53087415,7000.19964,,,fundamental,GD,data/ogle_gd_1000/photometry/OGLE-GD-RRLYR-08239.dat,d49db8ce451665af7b85e1aac4bef903a16a2ba411c5095f2ae3b1be61adb42b,104,948.6469199999992,True,752,0.53087415,7000.19964,OGLE catalog,4,0.0423890838650372,-769.9470336325492,104
OGLE-GD-RRLYR-08240,RRab,0.71477699,7000.09394,,,fundamental,GD,data/ogle_gd_1000/photometry/OGLE-GD-RRLYR-08240.dat,5d5ab462355c9cde40e3aa65c746e8ca8481c0769d1100a10013edb94034214a,122,2266.70396,True,751,0.71477699,7000.09394,OGLE catalog,3,0.040526649579791595,-943.5694719922609,122
OGLE-GD-RRLYR-08241,RRab,0.69803031,7000.01522,,,fundamental,GD,data/ogle_gd_1000/photometry/OGLE-GD-RRLYR-08241.dat,a6c3bb318ad4d012f33b33d1544d653f67ed13cbfec3d62d9b485587ead20a6d,122,2266.70409,True,658,0.69803031,7000.01522,OGLE catalog,4,0.24651923739440781,-713.692838112796,122
OGLE-GD-RRLYR-08246,RRab,0.47094306,7000.3692,,,fundamental,GD,data/ogle_gd_1000/photometry/OGLE-GD-RRLYR-08246.dat,ff5aae210e27f4e134d1fc2efa7613122185e04f031b0a4055b592eedf57bf9a,43,921.7069199999996,True,550,0.47094306,7000.3692,OGLE catalog,4,0.010471444164239795,-323.9222471263499,43
OGLE-GD-RRLYR-08293,RRab,0.55466311,7000.06505,,,fundamental,GD,data/ogle_gd_1000/photometry/OGLE-GD-RRLYR-08293.dat,24729a3e2d402602240d075bc3df43835a206bd7fcb89dffb6c6faf0d28e936d,123,2266.70409,True,144,0.55466311,7000.06505,OGLE catalog,4,0.1104144217767651,-819.6213026735419,123
OGLE-GD-RRLYR-08299,RRab,0.53533952,7000.09642,,,fundamental,GD,data/ogle_gd_1000/photometry/OGLE-GD-RRLYR-08299.dat,2d532131dd2f49d2ecaf5ea3fb2fa9430c5c090afbae111f7cf715de27f1a539,101,948.6469199999992,True,855,0.53533952,7000.09642,OGLE catalog,4,0.056210854769083676,-715.3342724823007,101
OGLE-GD-RRLYR-08302,RRab,0.46086939,7000.24206,,,fundamental,GD,data/ogle_gd_1000/photometry/OGLE-GD-RRLYR-08302.dat,54d198799206e6b282d6e0b5dc0c9e41ddd1df66f5fcd4b1fb3f25f8dc49346e,119,2266.70011,True,253,0.46086939,7000.24206,OGLE catalog,4,0.08591318861070123,-817.779317592194,119
OGLE-GD-RRLYR-08308,RRab,0.59631458,7000.36786,,,fundamental,GD,data/ogle_gd_1000/photometry/OGLE-GD-RRLYR-08308.dat,8cfe473f87a3762b15f6c105a922c9e1cabaff828b1bf35a03a72e0982fbf40c,121,2266.700250000001,True,211,0.59631458,7000.36786,OGLE catalog,3,0.40295610802444687,-656.7003661610003,121
OGLE-GD-RRLYR-08328,RRc,0.35253653,7000.24812,,,first overtone,GD,data/ogle_gd_1000/photometry/OGLE-GD-RRLYR-08328.dat,64099fd7ad568d05cb6b2e48bac8993968cf5473453f1ee1e6d6f2b718c29ce8,103,948.647100000001,True,316,0.35253653,7000.24812,OGLE catalog,3,0.01701164973948925,-864.5412426254045,103
OGLE-GD-RRLYR-08335,RRab,0.70479138,7000.11827,,,fundamental,GD,data/ogle_gd_1000/photometry/OGLE-GD-RRLYR-08335.dat,63fa4b107ae2b7e7246898ceafe237060c20c1c195bdde3cd2c503e5c00fd0de,121,2266.70011,True,523,0.70479138,7000.11827,OGLE catalog,4,0.03735480373786063,-934.8910862532457,121
OGLE-GD-RRLYR-08345,RRab,0.45505502,7000.13909,,,fundamental,GD,data/ogle_gd_1000/photometry/OGLE-GD-RRLYR-08345.dat,8effd2ce9b0195ea283cd76ece75f6e448b38dfb9d73f84225602847a666d7fb,103,948.647100000001,True,519,0.45505502,7000.13909,OGLE catalog,2,0.4534690051062455,-535.6587616921391,103
OGLE-GD-RRLYR-08354,RRab,0.43053152,7000.35163,,,fundamental,GD,data/ogle_gd_1000/photometry/OGLE-GD-RRLYR-08354.dat,3584a3938cd91307f3bce3fc6282b133243e1fbce85a2e7b1a135746a70c3048,102,948.647100000001,True,999,0.43053152,7000.35163,OGLE catalog,3,0.2617935258677014,-576.0727310840485,102
OGLE-GD-RRLYR-08364,RRab,0.56710402,7000.33535,,,fundamental,GD,data/ogle_gd_1000/photometry/OGLE-GD-RRLYR-08364.dat,2915262d6689f956f415474f755d72cfa306f75d27cd152558c1f6138231048c,120,2266.70011,True,205,0.56710402,7000.33535,OGLE catalog,4,0.26744810600170665,-689.6711507753374,120
OGLE-GD-RRLYR-08366,RRab,0.52013174,7000.00649,,,fundamental,GD,data/ogle_gd_1000/photometry/OGLE-GD-RRLYR-08366.dat,f548f052e113afda5b02ca997f97ff3b48fdb7598845db7be361aeecef5f082f,119,2266.700250000001,True,317,0.52013174,7000.00649,OGLE catalog,4,0.15263427286726858,-749.3891447509264,119
OGLE-GD-RRLYR-08392,RRc,0.28990238,7000.01492,,,first overtone,GD,data/ogle_gd_1000/photometry/OGLE-GD-RRLYR-08392.dat,db79424d08917e5c2f67f60680149304dd16f0257bf4f218bd82ac20112a785b,120,2266.700250000001,True,218,0.28990238,7000.01492,OGLE catalog,2,0.10063808483816802,-826.1084923445553,120
OGLE-GD-RRLYR-08397,RRab,0.51537285,7000.11425,,,fundamental,GD,data/ogle_gd_1000/photometry/OGLE-GD-RRLYR-08397.dat,26cf6eecff53b3ec7e7e750eee46df7331e2c3bad7de4aeddbc1d429c74041e4,120,2266.70011,True,645,0.51537285,7000.11425,OGLE catalog,3,0.4095317113245068,-648.1154796810172,120
OGLE-GD-RRLYR-08412,RRab,0.49722847,7000.43754,,,fundamental,GD,data/ogle_gd_1000/photometry/OGLE-GD-RRLYR-08412.dat,c22e2e45e29c2a90a992a0cd33522d20edeab67e35e1127f867b1939594da2f9,104,948.6469199999992,True,897,0.49722847,7000.43754,OGLE catalog,4,0.09573204875134196,-685.2221589042143,104
OGLE-GD-RRLYR-08457,RRab,0.60081022,7000.40949,,,fundamental,GD,data/ogle_gd_1000/photometry/OGLE-GD-RRLYR-08457.dat,d88e5f89b992f3a2b3257d5d8a3362134a7ef684563616d50bb48e00af395681,102,948.6470800000006,True,433,0.60081022,7000.40949,OGLE catalog,3,0.5243941711014399,-505.2146047992058,102
OGLE-GD-RRLYR-08462,RRab,0.60327274,7000.44027,,,fundamental,GD,data/ogle_gd_1000/photometry/OGLE-GD-RRLYR-08462.dat,71f48ed3ffeca515934381aea3b8cfc8919ed8a5d2537732895670f5d7c5406a,103,948.6470800000006,True,161,0.60327274,7000.44027,OGLE catalog,4,0.08225268810831443,-692.9543232869689,103
OGLE-GD-RRLYR-08478,RRab,0.54130947,7000.00863,,,fundamental,GD,data/ogle_gd_1000/photometry/OGLE-GD-RRLYR-08478.dat,fdc95ec3371d2f4295d2e08d786de1b7d0f6e61ca60178052de58b16098d9493,102,948.6472599999996,True,312,0.54130947,7000.00863,OGLE catalog,4,0.050577580561914914,-734.5156526582822,102
OGLE-GD-RRLYR-08494,RRab,0.47165845,7000.19353,,,fundamental,GD,data/ogle_gd_1000/photometry/OGLE-GD-RRLYR-08494.dat,e7bd4b5e45e209dcbe5ce4f537093ba459769fedd8a057dc0e4e46bdf9dd04cb,103,948.647100000001,True,631,0.47165845,7000.19353,OGLE catalog,4,0.08793023588720669,-686.0793148448033,103
OGLE-GD-RRLYR-08495,RRab,0.48264001,7000.28507,,,fundamental,GD,data/ogle_gd_1000/photometry/OGLE-GD-RRLYR-08495.dat,6c9fa6f7df77b6004e89cf60a4a2eb3419f8c2b9797126a3e0642be880f59633,94,948.6472599999996,True,189,0.48264001,7000.28507,OGLE catalog,4,0.14866138060434386,-565.3519687300734,94
OGLE-GD-RRLYR-08502,RRc,0.36853683,7000.03708,,,first overtone,GD,data/ogle_gd_1000/photometry/OGLE-GD-RRLYR-08502.dat,f2fd36c70819c1713e009b624c86a020f1cc461f90a32a76d161f3429aa9a9aa,103,948.64725,True,667,0.36853683,7000.03708,OGLE catalog,1,0.035404795287875226,-807.586423637367,103
OGLE-GD-RRLYR-08511,RRc,0.34098184,7000.24144,,,first overtone,GD,data/ogle_gd_1000/photometry/OGLE-GD-RRLYR-08511.dat,0c4fafa9e5804bb4d30abbb0ad81f3879eb275aef2b7212cea6130892aed5a12,103,948.64725,True,299,0.34098184,7000.24144,OGLE catalog,3,0.03481145703282212,-790.7882811642847,103
OGLE-GD-RRLYR-08522,RRab,0.52038057,7000.03535,,,fundamental,GD,data/ogle_gd_1000/photometry/OGLE-GD-RRLYR-08522.dat,ce48c7a931beab882143f091e3dda2fa999faa78f024948948c1862a47f376b9,103,948.6472699999996,True,620,0.52038057,7000.03535,OGLE catalog,4,0.14481427155933893,-634.691758963231,103
OGLE-GD-RRLYR-08570,RRab,0.5601987,7000.31166,,,fundamental,GD,data/ogle_gd_1000/photometry/OGLE-GD-RRLYR-08570.dat,2c5e47b3d5bdbaac1b393cd9f6500f9657e751b328d889e53f2b804c90424ace,102,948.6472699999996,True,966,0.5601987,7000.31166,OGLE catalog,4,0.06715710048344808,-705.595974974469,102
OGLE-GD-RRLYR-08577,RRab,0.59301015,7000.13003,,,fundamental,GD,data/ogle_gd_1000/photometry/OGLE-GD-RRLYR-08577.dat,325d20c9328093f60bcacd8c31eb60f758a84994d1a1dff229d7421a5c778752,102,948.64725,True,886,0.59301015,7000.13003,OGLE catalog,4,0.057853052892728296,-720.8070751610412,102
OGLE-GD-RRLYR-08596,RRab,0.53512895,7000.21739,,,fundamental,GD,data/ogle_gd_1000/photometry/OGLE-GD-RRLYR-08596.dat,9fba2b565f4b7607314204f518c81226bee2564f2c2320f42043ee48abe900b3,103,948.647289999999,True,904,0.53512895,7000.21739,OGLE catalog,4,0.03823696286081201,-771.8516444496365,103
OGLE-GD-RRLYR-08611,RRab,0.6212143,7000.57979,,,fundamental,GD,data/ogle_gd_1000/photometry/OGLE-GD-RRLYR-08611.dat,13fce467ce8f5fc24f932ff87d43e845771d62d86634a5ed582b856d00e39f3c,81,948.647289999999,True,840,0.6212143,7000.57979,OGLE catalog,2,0.0060577796063120415,-747.5975035140308,81
OGLE-GD-RRLYR-08612,RRab,0.68739655,7000.36257,,,fundamental,GD,data/ogle_gd_1000/photometry/OGLE-GD-RRLYR-08612.dat,cd8af5476ed7938d8b30f48b2f63899b7f0a1326457b1e5d2bb88faf9efe6d77,103,948.6472599999996,True,482,0.68739655,7000.36257,OGLE catalog,4,0.050646046074812386,-742.9026187396711,103
OGLE-GD-RRLYR-08642,RRd,0.32263326,7000.07774,0.43616029,7000.10036,first overtone,GD,data/ogle_gd_1000/photometry/OGLE-GD-RRLYR-08642.dat,6b643ee71232347e7227ec019bf8d950ca441379f1a8b4abc97db97a3c4825ac,103,948.64746,True,126,0.32263326,7000.07774,OGLE catalog,1,0.12897204696724493,-674.4333364155532,103
OGLE-GD-RRLYR-08669,RRc,0.38045056,7000.26273,,,first overtone,GD,data/ogle_gd_1000/photometry/OGLE-GD-RRLYR-08669.dat,457ec87c4c8f992a89eaa349512b991d44d9bfa05dbce7cdd34450201a500893,102,948.6472699999996,True,113,0.38045056,7000.26273,OGLE catalog,1,0.17014052719068293,-638.5276249078114,102
OGLE-GD-RRLYR-08673,RRab,0.5877551,7000.30035,,,fundamental,GD,data/ogle_gd_1000/photometry/OGLE-GD-RRLYR-08673.dat,e387bba1f3a5d63c6901514bcf472ccaad3fff3e25c72fa589af5ec441e14ec8,103,948.64746,True,781,0.5877551,7000.30035,OGLE catalog,4,0.021315700147328264,-832.0405972055944,103
OGLE-GD-RRLYR-08726,RRc,0.34439519,7000.16084,,,first overtone,GD,data/ogle_gd_1000/photometry/OGLE-GD-RRLYR-08726.dat,c67a45340b0eff5d954bbf369cc26a02c2fe341c32f4fc2b722d69ee5865d049,103,948.64746,True,869,0.34439519,7000.16084,OGLE catalog,4,0.010555732451735418,-904.4264041396818,103
OGLE-GD-RRLYR-08734,RRab,0.66183744,7000.17506,,,fundamental,GD,data/ogle_gd_1000/photometry/OGLE-GD-RRLYR-08734.dat,4f18b3cd423539bf9db59c3c139ed11e2ce004bbab21dad252ee0f8cae658de7,102,948.6474500000004,True,596,0.66183744,7000.17506,OGLE catalog,4,0.03663913663500931,-767.3995785321365,102
OGLE-GD-RRLYR-08736,RRab,0.45228523,7000.12925,,,fundamental,GD,data/ogle_gd_1000/photometry/OGLE-GD-RRLYR-08736.dat,ace7945f8108b26d59b70d5702415b9aa5d5bf927fa0fc59a53f6bdad53aff2c,103,948.6474500000004,True,108,0.45228523,7000.12925,OGLE catalog,4,0.08398273545390884,-690.810360145675,103
OGLE-GD-RRLYR-08741,RRab,0.46457089,7000.27657,,,fundamental,GD,data/ogle_gd_1000/photometry/OGLE-GD-RRLYR-08741.dat,8a5025c8c3d17175b74cfefe42e15c16bebce82a95ee8f2e637c751881867881,103,948.6474500000004,True,451,0.46457089,7000.27657,OGLE catalog,4,0.10143884601513718,-671.3593388259278,103
OGLE-GD-RRLYR-08742,RRc,0.27825514,7000.16342,,,first overtone,GD,data/ogle_gd_1000/photometry/OGLE-GD-RRLYR-08742.dat,6162683511fe1d0ee579ba1735cabad2733c91f1c93af051bb77137b07da2e33,102,948.6474500000004,True,953,0.27825514,7000.16342,OGLE catalog,1,0.07200953023133348,-726.2299025640847,102
OGLE-GD-RRLYR-08747,RRab,0.59657145,7000.51057,,,fundamental,GD,data/ogle_gd_1000/photometry/OGLE-GD-RRLYR-08747.dat,2ff5d2ccf61ab6fc56599ff91901405e6c6eb87d71a3bac42019722458539824,94,948.6474500000004,True,542,0.59657145,7000.51057,OGLE catalog,4,0.025143709248354917,-732.3959255362664,94
OGLE-GD-RRLYR-08754,RRab,0.69853117,7000.42184,,,fundamental,GD,data/ogle_gd_1000/photometry/OGLE-GD-RRLYR-08754.dat,b3698cc4325fe636877149d28400ce3894b02642bffe911f6da56059ae0e9720,105,2203.9473,True,876,0.69853117,7000.42184,OGLE catalog,3,0.10069572301993227,-697.1315693439841,105
OGLE-GD-RRLYR-08757,RRab,0.49280186,7000.40476,,,fundamental,GD,data/ogle_gd_1000/photometry/OGLE-GD-RRLYR-08757.dat,7789e097b111d0ceef947b07ceee4e57e72ab43c677e5611936b80944b91b6bf,128,2207.9370199999994,True,328,0.49280186,7000.40476,OGLE catalog,3,0.31031273873104537,-736.8780178278191,128
OGLE-GD-RRLYR-08772,RRab,0.57715936,7000.03739,,,fundamental,GD,data/ogle_gd_1000/photometry/OGLE-GD-RRLYR-08772.dat,de839c030fb70d23a8abbb7d9c198e54b78fb5a8ef4662df45eeafd767814461,127,2207.9369399999996,True,140,0.57715936,7000.03739,OGLE catalog,4,0.1542752088222446,-808.9792607550743,127
OGLE-GD-RRLYR-08787,RRc,0.26615851,7000.25384,,,first overtone,GD,data/ogle_gd_1000/photometry/OGLE-GD-RRLYR-08787.dat,d71e58171605a4a696c01c4ba96a60fe57c66f36a525677dc419fef3c972be0d,122,2207.9370199999994,True,643,0.26615851,7000.25384,OGLE catalog,2,0.06816638253544315,-889.7385209977458,122
OGLE-GD-RRLYR-08795,RRab,0.46252042,7000.25878,,,fundamental,GD,data/ogle_gd_1000/photometry/OGLE-GD-RRLYR-08795.dat,9ad9b483685b17157e6776a82e0e3f3bc3c0684767896798d6392171acf5a896,128,2207.9370199999994,True,452,0.46252042,7000.25878,OGLE catalog,3,0.25330006579948233,-762.8627610965856,128
OGLE-GD-RRLYR-08799,RRc,0.39493573,7000.37428,,,first overtone,GD,data/ogle_gd_1000/photometry/OGLE-GD-RRLYR-08799.dat,44855bdad1194057e195bbccfd031955d1130973de7315c4f20ab706926c8db6,127,2206.9452,True,176,0.39493573,7000.37428,OGLE catalog,4,0.013485946597492764,-1118.4896815248362,127
OGLE-GD-RRLYR-08805,RRab,0.58159498,7000.54875,,,fundamental,GD,data/ogle_gd_1000/photometry/OGLE-GD-RRLYR-08805.dat,2c72d67d0c048b9d928694b2360282922f3445b38d42074a1f9b0f4010b5a115,128,2207.9369399999996,True,48,0.58159498,7000.54875,OGLE catalog,4,0.1130865473321046,-856.3806379289257,128
OGLE-GD-RRLYR-08811,RRab,0.40248235,7000.31115,,,fundamental,GD,data/ogle_gd_1000/photometry/OGLE-GD-RRLYR-08811.dat,c384e11734936b6638e4578d4aef37c7f4c2bfbe2246b1ae728cb1739b67d1ec,124,2207.937099999999,True,401,0.40248235,7000.31115,OGLE catalog,2,0.7718838089538882,-605.719740912806,124
OGLE-GD-RRLYR-08812,RRab,0.37038142,7000.307,,,fundamental,GD,data/ogle_gd_1000/photometry/OGLE-GD-RRLYR-08812.dat,f0608b754b3cbafa59980a597cdd188a7ae2b5b2873e2d338694b9079c9d8165,124,2231.7369400000007,True,186,0.37038142,7000.307,OGLE catalog,4,0.19410411537276132,-757.613092795295,124
OGLE-GD-RRLYR-08848,RRc,0.31577413,7000.19517,,,first overtone,GD,data/ogle_gd_1000/photometry/OGLE-GD-RRLYR-08848.dat,1fcd00f1d0b44b95085a414851e0ddd8a8686c4e0f76727cfb89fcc6317311ec,128,2207.9369100000004,True,3,0.31577413,7000.19517,OGLE catalog,3,0.015712282280766716,-1118.7196698186472,128
OGLE-GD-RRLYR-08853,RRab,0.52226314,7000.01812,,,fundamental,GD,data/ogle_gd_1000/photometry/OGLE-GD-RRLYR-08853.dat,4ae10e99c7df22b2447bf8e1504977e84772d20ec1e56dfae0364caa8da0d7c3,127,2207.9368400000003,True,151,0.52226314,7000.01812,OGLE catalog,4,0.06994929345793023,-909.4321303836235,127
OGLE-GD-RRLYR-08855,RRc,0.26077686,7000.17637,,,first overtone,GD,data/ogle_gd_1000/photometry/OGLE-GD-RRLYR-08855.dat,8ece1d82b82eee96ec69898a0a8c4c9a0551faf9c81d19b0c75ead19585b3388,126,2207.9368400000003,True,896,0.26077686,7000.17637,OGLE catalog,1,0.03073512673898445,-1033.6386592684541,126
OGLE-GD-RRLYR-08866,RRab,0.43685671,7000.24923,,,fundamental,GD,data/ogle_gd_1000/photometry/OGLE-GD-RRLYR-08866.dat,2f4989250b2da95386cd45aafe78f8e0ebf3c3e6a8d6e13a17950ad0cde6f1c8,126,2206.74216,True,965,0.43685671,7000.24923,OGLE catalog,4,0.163982539904422,-793.6523935370284,126
OGLE-GD-RRLYR-08872,RRc,0.22615917,7000.08387,,,first overtone,GD,data/ogle_gd_1000/photometry/OGLE-GD-RRLYR-08872.dat,4af5e01638c0f28df68f76c00db21d9d96c02fecbf1fb400204cfe2133236705,125,2207.936740000001,True,945,0.22615917,7000.08387,OGLE catalog,2,0.055390070894969085,-941.0670143530671,125
OGLE-GD-RRLYR-08901,RRab,0.52631544,7000.15246,,,fundamental,GD,data/ogle_gd_1000/photometry/OGLE-GD-RRLYR-08901.dat,1af9683ab2f4aa275eb0eef4849868c13082116b87a573aaef26e0f8cd11ee56,126,2206.74216,True,384,0.52631544,7000.15246,OGLE catalog,4,0.03207511897277397,-999.243990182802,126
OGLE-GD-RRLYR-08952,RRab,0.53601181,7000.30199,,,fundamental,GD,data/ogle_gd_1000/photometry/OGLE-GD-RRLYR-08952.dat,10e24e66c1bb703ca5c74385d22115788e6692dba33d46aed61f15f677919bde,125,2206.7420199999997,True,30,0.53601181,7000.30199,OGLE catalog,4,0.11183371968437282,-833.927163094654,125
OGLE-GD-RRLYR-08973,RRab,0.52056469,7000.28099,,,fundamental,GD,data/ogle_gd_1000/photometry/OGLE-GD-RRLYR-08973.dat,7852310756a0c4e1bed712bd652d2ad1a5b81a308083a1ad85fd6c27d1772df9,124,2207.9366600000003,True,88,0.52056469,7000.28099,OGLE catalog,4,0.11832809562863658,-818.9848411840875,124
OGLE-GD-RRLYR-09033,RRd,0.42650109,7000.21643,0.57170502,7000.34908,first overtone,GD,data/ogle_gd_1000/photometry/OGLE-GD-RRLYR-09033.dat,9b5e27f9ceccb3d8531b8267b4ed693185be4f6b8ba64691e0085c2b6c766817,125,2206.7420199999997,True,311,0.42650109,7000.21643,OGLE catalog,2,0.11632285993056311,-848.3208583201348,125
OGLE-GD-RRLYR-09038,RRab,0.49323843,7000.15174,,,fundamental,GD,data/ogle_gd_1000/photometry/OGLE-GD-RRLYR-09038.dat,6792c57c56808798855c101d71ef602003dc79ca2fe916d40809f30e6a00ed23,122,2206.7418100000004,True,154,0.49323843,7000.15174,OGLE catalog,2,1.0241496721333356,-559.159215258043,122
OGLE-GD-RRLYR-09040,RRab,0.51154378,7000.08854,,,fundamental,GD,data/ogle_gd_1000/photometry/OGLE-GD-RRLYR-09040.dat,a5019838b03887f7ea34f1fdbcbd1b6cda265576db03a4fd97760e21a9b2bc80,124,2207.7357500000007,True,226,0.51154378,7000.08854,OGLE catalog,4,0.022107368302008604,-1027.0010755628334,124
OGLE-GD-RRLYR-09053,RRab,0.40226674,7000.05885,,,fundamental,GD,data/ogle_gd_1000/photometry/OGLE-GD-RRLYR-09053.dat,9c8e9e4d113871582fa467bb36a7ba67089181298f328a738d85b84a811935e1,56,2204.9493900000007,True,177,0.40226674,7000.05885,OGLE catalog,3,0.12758409424286493,-312.5450887162045,56
OGLE-GD-RRLYR-09063,RRc,0.33051366,7000.20178,,,first overtone,GD,data/ogle_gd_1000/photometry/OGLE-GD-RRLYR-09063.dat,40e5dde25aa5979267d2e4b4687bf392445b0a4fcda0d30fb6578bb84e4c3404,124,2206.7420199999997,True,227,0.33051366,7000.20178,OGLE catalog,1,0.050954427676236376,-952.3801984062097,124
OGLE-GD-RRLYR-09086,RRc,0.2920595,7000.12151,,,first overtone,GD,data/ogle_gd_1000/photometry/OGLE-GD-RRLYR-09086.dat,4dd76d483349b4112a387a0823b4cdb6f1aa6df6f9ac8acd0236ed49a446dc72,128,2207.9365800000005,True,677,0.2920595,7000.12151,OGLE catalog,3,0.046949987816006816,-978.605720537521,128
OGLE-GD-RRLYR-09105,RRab,0.57438743,7000.20499,,,fundamental,GD,data/ogle_gd_1000/photometry/OGLE-GD-RRLYR-09105.dat,b69dfe97229fcfbcc96dfd0a5535f8bd387befbc93214e3df9b27c18816c6844,125,2206.7420199999997,True,586,0.57438743,7000.20499,OGLE catalog,4,0.10684007794400914,-839.6371636771994,125
OGLE-GD-RRLYR-09112,RRab,0.64034923,7000.24044,,,fundamental,GD,data/ogle_gd_1000/photometry/OGLE-GD-RRLYR-09112.dat,b307d80ac90d5b5ab440681142c3a630d4a6b8490747822a10e548362c6167a0,123,2207.93656,True,885,0.64034923,7000.24044,OGLE catalog,4,0.21506241427570089,-737.6187367776923,123
OGLE-GD-RRLYR-09118,RRab,0.53674255,7000.31627,,,fundamental,GD,data/ogle_gd_1000/photometry/OGLE-GD-RRLYR-09118.dat,aa0b4acc204d3db5d38a80cded0b9301de25d8a37c9f0dfa1b99a82b21166ac3,125,2207.9366600000003,True,860,0.53674255,7000.31627,OGLE catalog,3,0.39799927583449424,-684.9041576530059,125
OGLE-GD-RRLYR-09119,RRab,0.5359148,7000.44953,,,fundamental,GD,data/ogle_gd_1000/photometry/OGLE-GD-RRLYR-09119.dat,5da49aac79df7b4dc9c26ddeaa4c1350e51dae4547a5ef5105a61a1bb447b6a1,125,2207.936710000001,True,349,0.5359148,7000.44953,OGLE catalog,4,0.10264405824062278,-844.6453961356755,125
OGLE-GD-RRLYR-09132,RRc,0.25963482,7000.07841,,,first overtone,GD,data/ogle_gd_1000/photometry/OGLE-GD-RRLYR-09132.dat,fd7ef351384a6fb5d2aa22eae1c1c3e5854e42c70430a612efdabcf7eb5e6a76,126,2207.73553,True,559,0.25963482,7000.07841,OGLE catalog,1,0.025513599635712456,-1057.0991744467497,126
OGLE-GD-RRLYR-09150,RRc,0.29034276,7000.13801,,,first overtone,GD,data/ogle_gd_1000/photometry/OGLE-GD-RRLYR-09150.dat,7d8ba420f23d7e4219a42eb09c4b96c5e18c466ee5fcb830a93e34013218ef3b,125,2206.7413400000005,True,957,0.29034276,7000.13801,OGLE catalog,4,0.010445480028343555,-1130.2826344412717,125
OGLE-GD-RRLYR-09155,RRab,0.6067381,7000.41352,,,fundamental,GD,data/ogle_gd_1000/photometry/OGLE-GD-RRLYR-09155.dat,ed7e716318c9190b365678c62e13fc4ef78102163de4b8113ef9d1dbf56ef000,128,2206.741180000001,True,44,0.6067381,7000.41352,OGLE catalog,4,0.11874585188770484,-850.1301317295658,128
OGLE-GD-RRLYR-09163,RRab,0.74864496,7000.43813,,,fundamental,GD,data/ogle_gd_1000/photometry/OGLE-GD-RRLYR-09163.dat,f0b00e5cf87ccc5f5d0570bf15ef8fa392b51804bc441621707b6d2e9fa17268,126,2206.7413400000005,True,418,0.74864496,7000.43813,OGLE catalog,4,0.00894248304822763,-1160.1796729050725,126
OGLE-GD-RRLYR-09165,RRab,0.67353661,7000.10208,,,fundamental,GD,data/ogle_gd_1000/photometry/OGLE-GD-RRLYR-09165.dat,080ecb1c2a34875905e167f6c5b09d0d7e5356d6d7bb522cff137c276e850610,124,2207.7355800000005,True,106,0.67353661,7000.10208,OGLE catalog,4,0.0329469503728208,-977.5265954058156,124
OGLE-GD-RRLYR-09171,RRab,0.5626551,7000.19673,,,fundamental,GD,data/ogle_gd_1000/photometry/OGLE-GD-RRLYR-09171.dat,cf9d386dfa3e862369f59991fbc79b73ccd46c0cdeb9232fe89b95dde8a42560,122,2206.741580000001,True,174,0.5626551,7000.19673,OGLE catalog,4,0.038506905544596556,-940.1983361101281,122
OGLE-GD-RRLYR-09173,RRab,0.51204182,7000.10235,,,fundamental,GD,data/ogle_gd_1000/photometry/OGLE-GD-RRLYR-09173.dat,23d460f912a75c9b47100bdc9e2d90318b59be2beab672f2b09e981507ab6719,123,2206.741580000001,True,419,0.51204182,7000.10235,OGLE catalog,4,0.09529243920571959,-837.7380079260189,123
OGLE-GD-RRLYR-09174,RRc,0.23493086,7000.01325,,,first overtone,GD,data/ogle_gd_1000/photometry/OGLE-GD-RRLYR-09174.dat,7b4fbbac52839dd673c4842bdef6bd936af4750f1e00a425eb4ba3c04bbc79d5,93,2203.7457400000003,True,900,0.23493086,7000.01325,OGLE catalog,3,0.018452805607232378,-761.1096698911867,93
OGLE-GD-RRLYR-09197,RRab,0.59546777,7000.54274,,,fundamental,GD,data/ogle_gd_1000/photometry/OGLE-GD-RRLYR-09197.dat,7ac721e87df0c58cda3e242f48230ac417403c74f8509e06ec59212be5259f89,123,2206.741580000001,True,810,0.59546777,7000.54274,OGLE catalog,4,0.1325410317384042,-797.1551664961371,123
OGLE-GD-RRLYR-09208,RRab,0.60552415,7000.27319,,,fundamental,GD,data/ogle_gd_1000/photometry/OGLE-GD-RRLYR-09208.dat,3d2a2836dc6a860dd9f292ad238278c359b043f595f62574108f90309ddd2136,127,2206.741180000001,True,912,0.60552415,7000.27319,OGLE catalog,4,0.0603851731976054,-928.1045596937596,127
OGLE-GD-RRLYR-09215,RRab,0.51071451,7000.13171,,,fundamental,GD,data/ogle_gd_1000/photometry/OGLE-GD-RRLYR-09215.dat,3558624fbbf430c045126577af76b65075a5ae2a6b4f65e857d3d91c193136e6,125,2207.73553,True,83,0.51071451,7000.13171,OGLE catalog,4,0.08691165995752985,-865.442278400219,125
OGLE-GD-RRLYR-09233,RRab,0.3396151,7000.32426,,,fundamental,GD,data/ogle_gd_1000/photometry/OGLE-GD-RRLYR-09233.dat,153256a9faecb30437d411b1a65c8a5fe062976aae2b2bd501fce013afa4aae7,123,2206.741580000001,True,380,0.3396151,7000.32426,OGLE catalog,4,0.0665050864462252,-881.9776686113186,123
OGLE-GD-RRLYR-09248,RRab,0.41569167,7000.06513,,,fundamental,GD,data/ogle_gd_1000/photometry/OGLE-GD-RRLYR-09248.dat,d1c66c50e74139acf0060ab0a53d3e912ac4c1cea8be00f8f2c664bd325f939c,128,2206.741180000001,True,216,0.41569167,7000.06513,OGLE catalog,4,0.10430188520629233,-866.7312292200861,128
OGLE-GD-RRLYR-09260,RRc,0.36891645,7000.26699,,,first overtone,GD,data/ogle_gd_1000/photometry/OGLE-GD-RRLYR-09260.dat,c660f4fc1d1d2f79514ec8d9bc2383b6d1749146490ad0499d00821abff127ba,120,2206.7413400000005,True,63,0.36891645,7000.26699,OGLE catalog,2,0.09466660555543474,-833.4488274235871,120
OGLE-GD-RRLYR-09263,RRab,0.55375182,7000.27471,,,fundamental,GD,data/ogle_gd_1000/photometry/OGLE-GD-RRLYR-09263.dat,9ea98490dd40a24d03af393c8ef0ea993be46d681c939b41942d69f0e87e0eb1,119,2206.74168,True,137,0.55375182,7000.27471,OGLE catalog,4,0.05596076754345864,-868.7930094307559,119
OGLE-GD-RRLYR-09264,RRab,0.54463315,7000.47213,,,fundamental,GD,data/ogle_gd_1000/photometry/OGLE-GD-RRLYR-09264.dat,93b744c4990341ae6b7502a68aa2f268b77977a511a9dbbbba9313ff3fd05cac,125,2206.7413400000005,True,874,0.54463315,7000.47213,OGLE catalog,4,0.16640682795665646,-784.2493582825053,125
OGLE-GD-RRLYR-09266,RRc,0.32651733,7000.2713,,,first overtone,GD,data/ogle_gd_1000/photometry/OGLE-GD-RRLYR-09266.dat,019741ebe15e8e7513e388356602d86eceb927010807341f43aa588f88ed1f74,124,2206.741180000001,True,173,0.32651733,7000.2713,OGLE catalog,4,0.021794431198233905,-1028.7688781834127,124
OGLE-GD-RRLYR-09271,RRab,0.50920428,7000.38895,,,fundamental,GD,data/ogle_gd_1000/photometry/OGLE-GD-RRLYR-09271.dat,d620ab5f0fcc46437a84b3cc1260ce63ec412565a86dad086775e0e893933b11,127,2206.741180000001,True,584,0.50920428,7000.38895,OGLE catalog,3,0.07291044398896947,-913.8549203505488,127
OGLE-GD-RRLYR-09273,RRab,0.46204114,7000.00274,,,fundamental,GD,data/ogle_gd_1000/photometry/OGLE-GD-RRLYR-09273.dat,66f3e797620b4ee91cbfb3c7f1bc58b8a677f76774e96cd09d6f42d693ace77d,121,2206.7413400000005,True,511,0.46204114,7000.00274,OGLE catalog,4,0.10254039548672916,-812.7058542504118,121
OGLE-GD-RRLYR-09276,RRc,0.28983213,7000.07322,,,first overtone,GD,data/ogle_gd_1000/photometry/OGLE-GD-RRLYR-09276.dat,843986f7041c0b50f9fa6d1de316782e387a75702ddf0fec435729838d73206d,89,2198.77556,True,880,0.28983213,7000.07322,OGLE catalog,2,0.01422040101752457,-755.5693662682689,89
OGLE-GD-RRLYR-09285,RRab,0.57510376,7000.02489,,,fundamental,GD,data/ogle_gd_1000/photometry/OGLE-GD-RRLYR-09285.dat,37ef11970b78c6c59158bea863fcf93f37ee93a4353fde3d29534e81207a4c79,122,2206.74168,True,426,0.57510376,7000.02489,OGLE catalog,3,0.21596300024707754,-739.4454982413404,122
OGLE-GD-RRLYR-09302,RRab,0.51158535,7000.11516,,,fundamental,GD,data/ogle_gd_1000/photometry/OGLE-GD-RRLYR-09302.dat,3ffceabad68f46b8c14d3b710c231d62d7038ec810aa974a06aa9c71028ae4d6,117,2231.73779,True,661,0.51158535,7000.11516,OGLE catalog,3,0.6843705020041203,-568.2120659220673,117
OGLE-GD-RRLYR-09356,RRc,0.22457382,7000.13439,,,first overtone,GD,data/ogle_gd_1000/photometry/OGLE-GD-RRLYR-09356.dat,ddbe54166ad14c460a0a9b9147abd417a12342c9e9bd54681c69dbda181d1e5a,127,2231.7377699999997,True,502,0.22457382,7000.13439,OGLE catalog,2,0.050144848886592666,-971.0814390128263,127
OGLE-GD-RRLYR-09362,RRab,0.50028332,7000.23889,,,fundamental,GD,data/ogle_gd_1000/photometry/OGLE-GD-RRLYR-09362.dat,d05f80ee03f067378b5a3d86b74ceed5f4a1ad1c3d2712732eaacfe80f87511f,124,2206.74168,True,454,0.50028332,7000.23889,OGLE catalog,4,0.0992490769466296,-840.787589852827,124
OGLE-GD-RRLYR-09372,RRc,0.3298186,7000.08705,,,first overtone,GD,data/ogle_gd_1000/photometry/OGLE-GD-RRLYR-09372.dat,5eb22a0d436645360a951757e898aa8d03acc72a551c34c63d8f42526cc59cc5,122,2206.741180000001,True,639,0.3298186,7000.08705,OGLE catalog,3,0.011207579978243103,-1100.384543534882,122
OGLE-GD-RRLYR-09377,RRab,0.60381729,7000.2197,,,fundamental,GD,data/ogle_gd_1000/photometry/OGLE-GD-RRLYR-09377.dat,72d54d5abf28c6a238ec895b77a42a7ba6ad845577a806da2349aad439cf204e,119,2203.7456999999995,True,910,0.60381729,7000.2197,OGLE catalog,4,0.042274872482434146,-902.1675099118166,119
OGLE-GD-RRLYR-09388,RRc,0.23616412,7000.02248,,,first overtone,GD,data/ogle_gd_1000/photometry/OGLE-GD-RRLYR-09388.dat,a54bbbae19e8477b15d38008a6ae509c7bf88881c5e27ac8ddfe5e87ddb66c01,126,2206.741030000001,True,81,0.23616412,7000.02248,OGLE catalog,4,0.014505923929985301,-1099.2279520409943,126
OGLE-GD-RRLYR-09391,RRab,0.62058557,7000.14668,,,fundamental,GD,data/ogle_gd_1000/photometry/OGLE-GD-RRLYR-09391.dat,3c36b12e70ea6047d986fa8a80efaa612040aaa25711fcc7575c39ff022ee606,126,2206.742690000001,True,959,0.62058557,7000.14668,OGLE catalog,4,0.1240737097390502,-828.7917946453263,126
OGLE-GD-RRLYR-09392,RRc,0.27635999,7000.08056,,,first overtone,GD,data/ogle_gd_1000/photometry/OGLE-GD-RRLYR-09392.dat,4ce49273aeebbe92cbcbb61715cedce748a50a753aa4af7e3738a4662f13afe1,127,2206.7406600000013,True,705,0.27635999,7000.08056,OGLE catalog,2,0.04863493364189389,-974.9643018461167,127
OGLE-GD-RRLYR-09400,RRc,0.36322803,7000.00026,,,first overtone,GD,data/ogle_gd_1000/photometry/OGLE-GD-RRLYR-09400.dat,75a458fa76f0b69aafcc925dfca87bbdcbbc151f0d22a72a7a07cb9120ee928f,127,2206.742330000001,True,468,0.36322803,7000.00026,OGLE catalog,1,0.17673654947591103,-820.7822734042763,127
OGLE-GD-RRLYR-09413,RRc,0.33035478,7000.00168,,,first overtone,GD,data/ogle_gd_1000/photometry/OGLE-GD-RRLYR-09413.dat,59419b5dc0f89be36789092f4296363fdb4599b7aea8824abe65079e6c270cdd,127,2206.7406600000013,True,478,0.33035478,7000.00168,OGLE catalog,1,0.051701822963069084,-976.8865029064617,127
OGLE-GD-RRLYR-09414,RRab,0.44711992,7000.02811,,,fundamental,GD,data/ogle_gd_1000/photometry/OGLE-GD-RRLYR-09414.dat,eeb63b798edd9b690a26bf63353aaae7b03af51b7bfc3cbb6b2f9dbc37fbbf22,127,2207.7355199999993,True,657,0.44711992,7000.02811,OGLE catalog,4,0.25373087587071846,-745.7921781237281,127
OGLE-GD-RRLYR-09424,RRab,0.45859107,7000.30889,,,fundamental,GD,data/ogle_gd_1000/photometry/OGLE-GD-RRLYR-09424.dat,3d2edccf8099d25b083a44537f707dfa8d22cd6372f80ba0a94b03b80a11a658,126,2206.741030000001,True,848,0.45859107,7000.30889,OGLE catalog,2,0.5596365154344135,-658.3290517239186,126
OGLE-GD-RRLYR-09439,RRab,0.75561176,7000.35499,,,fundamental,GD,data/ogle_gd_1000/photometry/OGLE-GD-RRLYR-09439.dat,413945e3703476026f7d7c03c26908944e96cf6f22c09aefcec7def854154f0c,127,2206.7406600000013,True,571,0.75561176,7000.35499,OGLE catalog,4,0.015223022482173559,-1103.1022639285222,127
OGLE-GD-RRLYR-09443,RRab,0.52345207,7000.18105,,,fundamental,GD,data/ogle_gd_1000/photometry/OGLE-GD-RRLYR-09443.dat,d486cc307099915b53b236b05614dba3ee1b887dfa56e7dd8af389d303859af3,127,2206.7406600000013,True,178,0.52345207,7000.18105,OGLE catalog,4,0.1281527492142155,-832.5396876120341,127
OGLE-GD-RRLYR-09456,RRc,0.30301391,7000.11626,,,first overtone,GD,data/ogle_gd_1000/photometry/OGLE-GD-RRLYR-09456.dat,665ab9969e9fa43ca887bb038c87cea703e0c66b0bce36e93b950779ee078d1c,128,2206.7408399999995,True,566,0.30301391,7000.11626,OGLE catalog,4,0.030402243985052882,-1024.5261752299716,128
OGLE-GD-RRLYR-09469,RRab,0.57061087,7000.22998,,,fundamental,GD,data/ogle_gd_1000/photometry/OGLE-GD-RRLYR-09469.dat,4dd188967da1620027c5f27b212220edffd23064aa7022ebfc248c56da9eacf3,128,2206.7408399999995,True,908,0.57061087,7000.22998,OGLE catalog,4,0.06517365399060049,-926.9211977725884,128
OGLE-GD-RRLYR-09472,RRc,0.27207267,7000.04726,,,first overtone,GD,data/ogle_gd_1000/photometry/OGLE-GD-RRLYR-09472.dat,81f5fc286ab6daaf9e0dba3a754e6d5075f5cd22bf448a0bbc73c5d2e4cf174f,126,2206.742519999999,True,788,0.27207267,7000.04726,OGLE catalog,2,0.1088265565086616,-864.6580967282628,126
OGLE-GD-RRLYR-09475,RRab,0.45597198,7000.0434,,,fundamental,GD,data/ogle_gd_1000/photometry/OGLE-GD-RRLYR-09475.dat,6c51412b260448e9c58de3e34acdc903c6c4219309c6acdfb93aaaa6a7f02b50,113,2203.7449000000006,True,805,0.45597198,7000.0434,OGLE catalog,4,0.13735793460774215,-715.9719893161673,113
OGLE-GD-RRLYR-09480,RRc,0.28166544,7000.22027,,,first overtone,GD,data/ogle_gd_1000/photometry/OGLE-GD-RRLYR-09480.dat,e21a656f7df0eda22ea8e4b3263520fed9ad68d91a0cc90e8ced2e9c2841b190,126,2206.7408399999995,True,854,0.28166544,7000.22027,OGLE catalog,2,0.055197023070191475,-950.1927391283191,126
OGLE-GD-RRLYR-09486,RRc,0.31079264,7000.16049,,,first overtone,GD,data/ogle_gd_1000/photometry/OGLE-GD-RRLYR-09486.dat,4210bd5c03923a4e2a3776873c042b070eb8c3ca2e2203b28dd891a2f8c50c74,121,2206.742519999999,True,456,0.31079264,7000.16049,OGLE catalog,2,0.07342476181973027,-872.3024828262619,121
OGLE-GD-RRLYR-09499,RRab,0.60078747,7000.11082,,,fundamental,GD,data/ogle_gd_1000/photometry/OGLE-GD-RRLYR-09499.dat,74997cd05847c8856f8c9fe5d3e68448a42a01fe3d82008e99f44a6b059d6436,127,2231.73902,True,427,0.60078747,7000.11082,OGLE catalog,3,0.48103290705809304,-674.2435392415679,127
OGLE-GD-RRLYR-09501,RRab,0.60749469,7000.50686,,,fundamental,GD,data/ogle_gd_1000/photometry/OGLE-GD-RRLYR-09501.dat,2767e88f3dcfb7cad7090c4c72a52a4c5a3769b75fbdedb9e203a5c59d1e5350,125,2206.742330000001,True,139,0.60749469,7000.50686,OGLE catalog,3,0.2530090162818418,-741.5322901781691,125
OGLE-GD-RRLYR-09514,RRab,0.55539403,7000.11052,,,fundamental,GD,data/ogle_gd_1000/photometry/OGLE-GD-RRLYR-09514.dat,557b38702f18b0305c6b39b84173f8fa2c2d7fad8a998cc76588208e8730cd00,106,2231.73902,True,672,0.55539403,7000.11052,OGLE catalog,4,0.02230547627969485,-855.4634362327439,106
OGLE-GD-RRLYR-09517,RRc,0.27273771,7000.25444,,,first overtone,GD,data/ogle_gd_1000/photometry/OGLE-GD-RRLYR-09517.dat,6058132422f70cb78042a682d21cb7a62931d9bc39478c72afaf621393ff7c8e,126,2206.7406600000013,True,412,0.27273771,7000.25444,OGLE catalog,1,0.1722026600342316,-816.5071627641056,126
OGLE-GD-RRLYR-09526,RRc,0.31638637,7000.27772,,,first overtone,GD,data/ogle_gd_1000/photometry/OGLE-GD-RRLYR-09526.dat,c87e3b5f3b9b763349d1658b7533b4339cac6cc476c8aeddd66e13eb66ad368e,126,2206.741030000001,True,445,0.31638637,7000.27772,OGLE catalog,2,0.0531040488103012,-955.0633759534218,126
OGLE-GD-RRLYR-09534,RRab,0.52845658,7000.49545,,,fundamental,GD,data/ogle_gd_1000/photometry/OGLE-GD-RRLYR-09534.dat,71f21b8e7e9c0933265986fdb1a2f110c3f320cc08a90115f10ca50a5a661997,118,2203.744710000001,True,277,0.52845658,7000.49545,OGLE catalog,4,0.043358148602908486,-890.3193773488579,118
OGLE-GD-RRLYR-09549,RRab,0.33236084,7000.00002,,,fundamental,GD,data/ogle_gd_1000/photometry/OGLE-GD-RRLYR-09549.dat,fc81a594ee96961d1b5dd5598a85e88a5a0a76b6fcd9aae764da3f3e519d1b56,128,2231.73902,True,627,0.33236084,7000.00002,OGLE catalog,4,0.015423989163833508,-1111.3860005957442,128
OGLE-GD-RRLYR-09555,RRab,0.48303209,7000.30548,,,fundamental,GD,data/ogle_gd_1000/photometry/OGLE-GD-RRLYR-09555.dat,82126aaf592fea2e88c31c844cba9886f88cd701e207f1f8a451f3b56980f8ce,141,2204.75757,True,333,0.48303209,7000.30548,OGLE catalog,4,0.043283124217619665,-1095.9752425132933,141
OGLE-GD-RRLYR-09564,RRab,0.46320309,7000.18356,,,fundamental,GD,data/ogle_gd_1000/photometry/OGLE-GD-RRLYR-09564.dat,e0824e74a52db9055f897e763f1393eaea6ceb13ffed42ee372058c15390a5ed,149,2232.6862200000005,True,239,0.46320309,7000.18356,OGLE catalog,4,0.38959065515114033,-841.008628127078,149
OGLE-GD-RRLYR-09574,RRab,0.52395695,7000.32214,,,fundamental,GD,data/ogle_gd_1000/photometry/OGLE-GD-RRLYR-09574.dat,17956c4b1c96f99361d6891e26fa7bfca972845505942f238ab998687df03894,149,2232.6865100000005,True,258,0.52395695,7000.32214,OGLE catalog,4,0.08037008771225708,-1076.1983519273235,149
OGLE-GD-RRLYR-09593,RRab,0.60087046,7000.22944,,,fundamental,GD,data/ogle_gd_1000/photometry/OGLE-GD-RRLYR-09593.dat,f4d4c0f6522925629087fc6ea9c9d34e5a26705b52830a913bd70ff0662a3ca5,142,2204.75749,True,455,0.60087046,7000.22944,OGLE catalog,4,0.018950964707862044,-1222.282861237936,142
OGLE-GD-RRLYR-09628,RRab,0.46658044,7000.44742,,,fundamental,GD,data/ogle_gd_1000/photometry/OGLE-GD-RRLYR-09628.dat,b431fb18b759b05e2c96dd3464a68a692799a1a640ffc36fac6f3d6398377843,128,2231.739990000001,True,821,0.46658044,7000.44742,OGLE catalog,4,0.18288375263214057,-794.851385022959,128
OGLE-GD-RRLYR-09640,RRab,0.58367256,7000.22365,,,fundamental,GD,data/ogle_gd_1000/photometry/OGLE-GD-RRLYR-09640.dat,5d60dc843c44dc2ed4afcbf6db459115cc802b3d874c5b64d4e583859bb816e7,141,2204.75757,True,754,0.58367256,7000.22365,OGLE catalog,4,0.03753920738345737,-1116.0503855671664,141
OGLE-GD-RRLYR-09643,RRab,0.51137119,7000.13461,,,fundamental,GD,data/ogle_gd_1000/photometry/OGLE-GD-RRLYR-09643.dat,36d7f3265fbaf037fbc5752979f520c2f3d404c48c1b73e3b26d076092552541,144,2204.7574000000004,True,630,0.51137119,7000.13461,OGLE catalog,4,0.25331391034370987,-868.6549116514835,144
OGLE-GD-RRLYR-09658,RRc,0.37429347,7000.14687,,,first overtone,GD,data/ogle_gd_1000/photometry/OGLE-GD-RRLYR-09658.dat,472fd9c69d65797f981bc990af284de4865ad45dbf184d155d2bdc3afddb57f4,126,2193.7871299999997,True,703,0.37429347,7000.14687,OGLE catalog,1,0.1453417971313379,-837.8747277507235,126
OGLE-GD-RRLYR-09664,RRab,0.52864145,7000.47099,,,fundamental,GD,data/ogle_gd_1000/photometry/OGLE-GD-RRLYR-09664.dat,76503e837f0e09f2c9732029f605862dea2d44d768061e429fd3912c7e4b0268,149,2232.6862200000005,True,524,0.52864145,7000.47099,OGLE catalog,4,0.4926188312520332,-806.0473981281804,149
OGLE-GD-RRLYR-09671,RRd,0.28860689,7000.01865,0.39211585,7000.31917,first overtone,GD,data/ogle_gd_1000/photometry/OGLE-GD-RRLYR-09671.dat,edf8dfc24cc8dba7704f5e4dea8cc134a950078cebbf884d3e26ae039989a83b,131,2231.7408400000004,True,389,0.28860689,7000.01865,OGLE catalog,2,0.2750370414517803,-783.3761464632818,131
OGLE-GD-RRLYR-09676,RRab,0.79455605,7000.69666,,,fundamental,GD,data/ogle_gd_1000/photometry/OGLE-GD-RRLYR-09676.dat,915866e56f9f5a9e08089a888488be09bc79cccf7a4a5b40545d6e8f6e2cc807,146,2232.6865100000005,True,55,0.79455605,7000.69666,OGLE catalog,3,0.27084567146535765,-883.4274107698755,146
OGLE-GD-RRLYR-09683,RRab,0.46149554,7000.02229,,,fundamental,GD,data/ogle_gd_1000/photometry/OGLE-GD-RRLYR-09683.dat,1664a6fdcfd2b4db7a85a0a74fbade0d8d6f3b8c016b231ef29f534a01a12816,141,2204.75757,True,693,0.46149554,7000.02229,OGLE catalog,4,0.1839310269371642,-891.9767223102662,141
OGLE-GD-RRLYR-09686,RRc,0.23319133,7000.13831,,,first overtone,GD,data/ogle_gd_1000/photometry/OGLE-GD-RRLYR-09686.dat,9b2b8001ffe3ab1d1e2c90d9fd5e3fc4ebc3441c8234964a34f5dd2e6c09f632,131,2231.7408400000004,True,888,0.23319133,7000.13831,OGLE catalog,3,0.04115411439508599,-1022.4709777509719,131
OGLE-GD-RRLYR-09692,RRab,0.47786425,7000.22726,,,fundamental,GD,data/ogle_gd_1000/photometry/OGLE-GD-RRLYR-09692.dat,abc480555e4e2237bea21c6c2978fca609063445597915425264a32090a7c013,142,2204.7574000000004,True,819,0.47786425,7000.22726,OGLE catalog,4,0.15441362889721133,-924.3980919432549,142
OGLE-GD-RRLYR-09699,RRc,0.39667104,7000.11504,,,first overtone,GD,data/ogle_gd_1000/photometry/OGLE-GD-RRLYR-09699.dat,f3b57261eea035e1735a8ac1db1375f9eedae782b0fe676910e61faf0388a9b3,142,2204.75749,True,448,0.39667104,7000.11504,OGLE catalog,1,0.28167938602422005,-868.7719423104642,142
OGLE-GD-RRLYR-09723,RRab,0.61603365,7000.01098,,,fundamental,GD,data/ogle_gd_1000/photometry/OGLE-GD-RRLYR-09723.dat,44f11bb3c5a0ee0f340e01f5f715d9793c7598a70ce48a599bda4944b54d690c,134,2232.6862200000005,True,649,0.61603365,7000.01098,OGLE catalog,4,0.07300216289066486,-962.9436470847422,134
OGLE-GD-RRLYR-09742,RRab,0.45968107,7000.30032,,,fundamental,GD,data/ogle_gd_1000/photometry/OGLE-GD-RRLYR-09742.dat,3d35f6c3c17fdded023cc3b95af37a5b18340fce2b72a086653f030cab6410bc,127,2231.739950000001,True,115,0.45968107,7000.30032,OGLE catalog,3,0.07472745844270906,-910.7287246535434,127
OGLE-GD-RRLYR-09765,RRab,0.4262148,7000.41471,,,fundamental,GD,data/ogle_gd_1000/photometry/OGLE-GD-RRLYR-09765.dat,9a929760b30303708cbf409eec09a134d4e1cb6ac624468734654eeaa21ae520,145,2232.6865100000005,True,931,0.4262148,7000.41471,OGLE catalog,4,0.1994579565164683,-910.5978012945372,145
OGLE-GD-RRLYR-09766,RRab,0.56306013,7000.39258,,,fundamental,GD,data/ogle_gd_1000/photometry/OGLE-GD-RRLYR-09766.dat,07cfafabc8ae1d6d8bf80657f4fb4bc671e6ad0cbc29c8b6e03b9341de1703d1,122,2231.739950000001,True,846,0.56306013,7000.39258,OGLE catalog,4,0.07792895449480434,-854.1932183295229,122
OGLE-GD-RRLYR-09767,RRab,0.49200663,7000.01218,,,fundamental,GD,data/ogle_gd_1000/photometry/OGLE-GD-RRLYR-09767.dat,2a73ab9869f9bab99e1d7de6bc665703ac92dc96006b5e0413a7a2e331064ba4,123,2231.739990000001,True,78,0.49200663,7000.01218,OGLE catalog,4,0.5768985228128408,-616.2499510012323,123
OGLE-GD-RRLYR-09774,RRab,0.6271523,7000.37679,,,fundamental,GD,data/ogle_gd_1000/photometry/OGLE-GD-RRLYR-09774.dat,3606f899a1e225e77abf3b105fb3a2b320f5681e2542989ee0e2787d484e1916,114,2204.7574000000004,True,716,0.6271523,7000.37679,OGLE catalog,4,0.08325036452198208,-780.6937530311386,114
OGLE-GD-RRLYR-09776,RRab,0.54387378,7000.44197,,,fundamental,GD,data/ogle_gd_1000/photometry/OGLE-GD-RRLYR-09776.dat,963f2f4fd728d5ce22f8d27a381111138c4605a5a822d4b4b19b5f69c8613ae3,120,2231.7408400000004,True,998,0.54387378,7000.44197,OGLE catalog,4,0.10149993470678806,-805.9352383028125,120
OGLE-GD-RRLYR-09780,RRc,0.26147137,7000.25033,,,first overtone,GD,data/ogle_gd_1000/photometry/OGLE-GD-RRLYR-09780.dat,0176dfa30b3a38cc7093279f50844d9f670e27dccd0879eccb4c94dc8b33c5c2,146,2204.75728,True,294,0.26147137,7000.25033,OGLE catalog,2,0.08218808432901907,-1067.5052959124555,146
OGLE-GD-RRLYR-09785,RRc,0.33859649,7000.19644,,,first overtone,GD,data/ogle_gd_1000/photometry/OGLE-GD-RRLYR-09785.dat,4e0572ee07c88ffaf257da8b8e67c27df9656c46f331f53742a144edd0904edd,129,2231.75507,True,763,0.33859649,7000.19644,OGLE catalog,2,0.0407190456975783,-1015.5533933532904,129
OGLE-GD-RRLYR-09795,RRab,0.43362088,7000.24667,,,fundamental,GD,data/ogle_gd_1000/photometry/OGLE-GD-RRLYR-09795.dat,05870890db90ab8e637269767a0624c0f85b02d1af4fa57ec2703b17475c0374,148,2232.6864800000003,True,32,0.43362088,7000.24667,OGLE catalog,4,0.319796030809873,-863.3431457932846,148
OGLE-GD-RRLYR-09822,RRab,0.60768394,7000.47484,,,fundamental,GD,data/ogle_gd_1000/photometry/OGLE-GD-RRLYR-09822.dat,4cd70e1ec70ae94be6092b143fe4966d07ac73479db8e38405582d052ee9e34e,142,2232.6864100000003,True,909,0.60768394,7000.47484,OGLE catalog,4,0.016960613669353915,-1238.0393268242256,142
OGLE-GD-RRLYR-09823,RRab,0.46399199,7000.0885,,,fundamental,GD,data/ogle_gd_1000/photometry/OGLE-GD-RRLYR-09823.dat,0e4191c33e0580eb7ec1b4031838acccb2f3287f14490ed24b1555c40316564c,145,2204.757199999999,True,288,0.46399199,7000.0885,OGLE catalog,4,0.33165794564346124,-836.865202149253,145
OGLE-GD-RRLYR-09844,RRab,0.68877044,7000.15562,,,fundamental,GD,data/ogle_gd_1000/photometry/OGLE-GD-RRLYR-09844.dat,df67861de3afd4c8e13046417ef18799cf651076255b0826de3e81eb2855b81d,146,2204.75728,True,977,0.68877044,7000.15562,OGLE catalog,4,0.10898137917567759,-1006.3745308852508,146
OGLE-GD-RRLYR-09846,RRab,0.45693576,7000.40734,,,fundamental,GD,data/ogle_gd_1000/photometry/OGLE-GD-RRLYR-09846.dat,5b5d614ce5c592731fcc0ff13f69e4d3605887faaae293fc9b6e0db691d76118,116,2204.75728,True,538,0.45693576,7000.40734,OGLE catalog,4,0.1754671595862736,-710.5093423486734,116
OGLE-GD-RRLYR-09854,RRc,0.31774649,7000.16688,,,first overtone,GD,data/ogle_gd_1000/photometry/OGLE-GD-RRLYR-09854.dat,a0055c8dc467e34177af45daea60bf56051c40feacd45385e82356cd7692200c,103,2204.757199999999,True,690,0.31774649,7000.16688,OGLE catalog,2,0.1436002542614436,-654.097791576416,103
OGLE-GD-RRLYR-09863,RRab,0.64923861,7000.60731,,,fundamental,GD,data/ogle_gd_1000/photometry/OGLE-GD-RRLYR-09863.dat,30358d452fb1e3bede17e82293a54fc167ad39e9e869134ff0ae265c68925b94,144,2204.7573699999994,True,395,0.64923861,7000.60731,OGLE catalog,4,0.3003732966148673,-844.1178082784567,144
OGLE-GD-RRLYR-09864,RRc,0.27951357,7000.16679,,,first overtone,GD,data/ogle_gd_1000/photometry/OGLE-GD-RRLYR-09864.dat,76f9ae56b8b8f8200c67e15f678f8d541c08ae04cc2ea5de0b0fc9f7eab6b371,144,2232.6864100000003,True,406,0.27951357,7000.16679,OGLE catalog,4,0.006223764010027899,-1402.3555743317766,144
OGLE-GD-RRLYR-09865,RRc,0.31558144,7000.23968,,,first overtone,GD,data/ogle_gd_1000/photometry/OGLE-GD-RRLYR-09865.dat,60e1e7c82b31f762e3341dcc150af8968a095b9f048dfb68fc13043903954dcf,145,2204.757199999999,True,729,0.31558144,7000.23968,OGLE catalog,2,0.032194043458315176,-1194.9589291888828,145
OGLE-GD-RRLYR-09878,RRab,0.60742933,7000.02525,,,fundamental,GD,data/ogle_gd_1000/photometry/OGLE-GD-RRLYR-09878.dat,c1e13ef5c50534643afec557abab9003d208fff769e61022da86abb9aa450c3a,116,2190.791329999999,True,17,0.60742933,7000.02525,OGLE catalog,4,0.06243736592730564,-830.3707493551675,116
OGLE-GD-RRLYR-09880,RRab,0.56525338,7000.11377,,,fundamental,GD,data/ogle_gd_1000/photometry/OGLE-GD-RRLYR-09880.dat,928a9b72e453753316a0a3ac54d7d9d5b57382b18c3fb8c80beef88c22566de3,144,2204.7573699999994,True,162,0.56525338,7000.11377,OGLE catalog,4,0.5559984633060423,-755.4513192373336,144
OGLE-GD-RRLYR-09881,RRab,0.6668591,7000.23675,,,fundamental,GD,data/ogle_gd_1000/photometry/OGLE-GD-RRLYR-09881.dat,fd29a1c92cc5e0cc1403a793626f94c870db3617b5379aa3f48dedb4bbfc7413,146,2204.757199999999,True,798,0.6668591,7000.23675,OGLE catalog,4,0.07540120636504463,-1060.1541798397755,146
OGLE-GD-RRLYR-09895,RRab,0.48537933,7000.39063,,,fundamental,GD,data/ogle_gd_1000/photometry/OGLE-GD-RRLYR-09895.dat,a4b0a5b97708b75d284de28b4f7c1e8f0bbdc4785f2f56598c73f48a7089aa6b,144,2232.686230000001,True,109,0.48537933,7000.39063,OGLE catalog,2,0.8285116640210557,-717.893957018784,144
OGLE-GD-RRLYR-09897,RRab,0.57771659,7000.24336,,,fundamental,GD,data/ogle_gd_1000/photometry/OGLE-GD-RRLYR-09897.dat,a4f91acc968f3f9fc4940d07ad55d09aaaeecf1a6131fd85259c5782e9bd6d5a,92,2221.7160999999996,True,564,0.57771659,7000.24336,OGLE catalog,2,0.2919422467392102,-506.66594009350234,92
OGLE-GD-RRLYR-09906,RRab,0.59942225,7000.41429,,,fundamental,GD,data/ogle_gd_1000/photometry/OGLE-GD-RRLYR-09906.dat,d42c21bf9322eacd311fe706c969fdf3bc3c614eb6d174b01cb4b200e131946c,142,2204.7573699999994,True,398,0.59942225,7000.41429,OGLE catalog,4,0.12172889656983649,-958.1711576574182,142
OGLE-GD-RRLYR-09911,RRab,0.65325472,7000.05742,,,fundamental,GD,data/ogle_gd_1000/photometry/OGLE-GD-RRLYR-09911.dat,247c6adb2296c5c5f0d3ad18ae014d5b2d805177916ffd1d1ff58d3adbf0af48,146,2232.686230000001,True,494,0.65325472,7000.05742,OGLE catalog,4,0.03322757350654523,-1179.7928893598994,146
OGLE-GD-RRLYR-09914,RRc,0.29237039,7000.23088,,,first overtone,GD,data/ogle_gd_1000/photometry/OGLE-GD-RRLYR-09914.dat,f28ceef730734d4b67fb415d171cb5409626ff8ccf345bd9f30e477be6bb59e9,132,2231.75507,True,968,0.29237039,7000.23088,OGLE catalog,1,0.06540049095230432,-989.8752158129593,132
OGLE-GD-RRLYR-09925,RRab,0.49661826,7000.04428,,,fundamental,GD,data/ogle_gd_1000/photometry/OGLE-GD-RRLYR-09925.dat,d4595d7731e300586e1e750cadbcee1d7546e3739d6f3c685e4ea671d5218cbf,131,2231.7549799999997,True,795,0.49661826,7000.04428,OGLE catalog,4,0.08480175671936165,-918.008585098833,131
OGLE-GD-RRLYR-09927,RRab,0.5862266,7000.14086,,,fundamental,GD,data/ogle_gd_1000/photometry/OGLE-GD-RRLYR-09927.dat,657b5c79195c9fcc84a4448a841d0e48062c565e8696125674fd6d1d894fd31f,144,2204.7573699999994,True,121,0.5862266,7000.14086,OGLE catalog,4,0.025804237598702835,-1197.5639790070882,144
OGLE-GD-RRLYR-09970,RRab,0.53837374,7000.32362,,,fundamental,GD,data/ogle_gd_1000/photometry/OGLE-GD-RRLYR-09970.dat,b2f8f3ea7bc2c7e545bb81df9a9e71b568cd8231eeed180e0010514e19d0eda6,141,2204.7577999999994,True,882,0.53837374,7000.32362,OGLE catalog,4,0.3451137843970537,-803.2435415435358,141
OGLE-GD-RRLYR-09985,RRab,0.64723394,7000.00695,,,fundamental,GD,data/ogle_gd_1000/photometry/OGLE-GD-RRLYR-09985.dat,1bc03d693e51b3bf22877f88026768fcec0778bebcc9c8fb5bf148a0be30a6b8,143,2232.6864100000003,True,802,0.64723394,7000.00695,OGLE catalog,4,0.04480956755018778,-1109.0838853941189,143
OGLE-GD-RRLYR-09988,RRab,0.51588845,7000.28908,,,fundamental,GD,data/ogle_gd_1000/photometry/OGLE-GD-RRLYR-09988.dat,956ae94c75c724355654b83e07ec5597842ad7a6768170330607011c16481953,142,2204.75785,True,827,0.51588845,7000.28908,OGLE catalog,4,0.18505546567546302,-898.6931538425335,142
OGLE-GD-RRLYR-09992,RRab,0.54646965,7000.03555,,,fundamental,GD,data/ogle_gd_1000/photometry/OGLE-GD-RRLYR-09992.dat,32724315e97fdc75e3ca80de6fc04071582593344f98db4bb0217c8587dc1316,124,2232.691569999999,True,843,0.54646965,7000.03555,OGLE catalog,4,0.10224222657725832,-837.1032833643694,124
OGLE-GD-RRLYR-09998,RRab,0.42387482,7000.39303,,,fundamental,GD,data/ogle_gd_1000/photometry/OGLE-GD-RRLYR-09998.dat,d359b64b1b4e76e5c4ab7760a42342e77d7c32fea6813dcc3455c91e634c690e,119,2059.0663099999992,True,59,0.42387482,7000.39303,OGLE catalog,3,0.14489153335945051,-765.1424448403253,119
OGLE-GD-RRLYR-10004,RRab,0.49469448,7000.20118,,,fundamental,GD,data/ogle_gd_1000/photometry/OGLE-GD-RRLYR-10004.dat,af48c941df4fa02a8fda2ac4973e108a0088e67979d2c6118ff909af490ff959,128,2231.756840000001,True,259,0.49469448,7000.20118,OGLE catalog,4,0.03342788957794282,-1012.3822843029211,128
OGLE-GD-RRLYR-10016,RRab,0.5118735,7000.43247,,,fundamental,GD,data/ogle_gd_1000/photometry/OGLE-GD-RRLYR-10016.dat,e3257ee944fe5ccdda85991c889cf95e8d6895935e592db8e574189c2e45a208,103,2193.7873199999995,True,249,0.5118735,7000.43247,OGLE catalog,3,0.1982476050674128,-611.6125482573926,103
OGLE-GD-RRLYR-10024,RRab,0.57216209,7000.16861,,,fundamental,GD,data/ogle_gd_1000/photometry/OGLE-GD-RRLYR-10024.dat,58ada0422900add24e742940d7b4e584f3040497e7630322e44b22e63267cd91,123,2232.691569999999,True,72,0.57216209,7000.16861,OGLE catalog,4,0.11235257382974032,-817.4809612169495,123
OGLE-GD-RRLYR-10036,RRc,0.31021719,7000.07771,,,first overtone,GD,data/ogle_gd_1000/photometry/OGLE-GD-RRLYR-10036.dat,76770652881903c5cc58a5f93a627166bfdc4fe1d0f4c8df6985140fb6aaba76,145,2204.7570099999994,True,925,0.31021719,7000.07771,OGLE catalog,3,0.016477886657651125,-1282.1209763839847,145
OGLE-GD-RRLYR-10050,RRab,0.61989169,7000.08628,,,fundamental,GD,data/ogle_gd_1000/photometry/OGLE-GD-RRLYR-10050.dat,dc9bb94542829d9ccb51b40d126aaec02a559f82f7008e3a3f0fc11db392b5c1,41,1531.73636,True,351,0.61989169,7000.08628,OGLE catalog,4,0.06504860744485806,-230.87174588467863,41
OGLE-GD-RRLYR-10056,RRc,0.31852835,7000.28424,,,first overtone,GD,data/ogle_gd_1000/photometry/OGLE-GD-RRLYR-10056.dat,a439e4cda41a40488fcf638afbd2f05648c1584eb4b080f61ef922ed51eddc00,126,2195.7770200000004,True,942,0.31852835,7000.28424,OGLE catalog,3,0.032663576656983453,-1006.6258773111819,126
OGLE-GD-RRLYR-10061,RRab,0.6247285,7000.45778,,,fundamental,GD,data/ogle_gd_1000/photometry/OGLE-GD-RRLYR-10061.dat,da27ed94022dcbbc69f314f1ce49eaf2ecde1cee479e68f224ab2de85eff9613,128,2204.757660000001,True,76,0.6247285,7000.45778,OGLE catalog,4,0.12461719744129318,-843.9527100086302,128
OGLE-GD-RRLYR-10063,RRab,0.61911477,7000.32744,,,fundamental,GD,data/ogle_gd_1000/photometry/OGLE-GD-RRLYR-10063.dat,5ac48978ca20d12e100792e3593fc01e2be9cb041d676dadd07c4620189001f9,142,2204.7577999999994,True,738,0.61911477,7000.32744,OGLE catalog,4,0.10166435516314837,-983.7481495519785,142
OGLE-GD-RRLYR-10076,RRab,0.47528382,7000.16159,,,fundamental,GD,data/ogle_gd_1000/photometry/OGLE-GD-RRLYR-10076.dat,874a0f44213193d360ffabae4f700d7636bd81c4f8c9b769984e84ec2e07132a,139,2204.757660000001,True,706,0.47528382,7000.16159,OGLE catalog,4,0.059955426063521666,-1032.649002265453,139
OGLE-GD-RRLYR-10082,RRab,0.6208268,7000.12688,,,fundamental,GD,data/ogle_gd_1000/photometry/OGLE-GD-RRLYR-10082.dat,c1484c019efcb2be90b91f7ef850efec5b860dec226fe8c9515be9f4e19dbdec,147,2204.7571099999996,True,372,0.6208268,7000.12688,OGLE catalog,4,0.05129850413589941,-1125.2834688725627,147
OGLE-GD-RRLYR-10095,RRab,0.61821497,7000.1181,,,fundamental,GD,data/ogle_gd_1000/photometry/OGLE-GD-RRLYR-10095.dat,e54632ae3619ffccc701df32fad626c8198f918ecfc024328d0ff877c71619fa,144,2204.757199999999,True,324,0.61821497,7000.1181,OGLE catalog,4,0.14959040309979,-944.5038241326422,144
OGLE-GD-RRLYR-10100,RRab,0.58842489,7000.18236,,,fundamental,GD,data/ogle_gd_1000/photometry/OGLE-GD-RRLYR-10100.dat,efcbd740d15a64c6d15f393d01ef0480561064f39b3ebf73483e2090a9dc8cb4,127,2231.756840000001,True,270,0.58842489,7000.18236,OGLE catalog,4,0.07410514767380119,-902.102401738099,127
OGLE-GD-RRLYR-10115,RRab,0.63797713,7000.23706,,,fundamental,GD,data/ogle_gd_1000/photometry/OGLE-GD-RRLYR-10115.dat,90459737e4f079b5d0f4e5c652fc8e834a7d4b2d12b5c7bb4a4e3215ba0649ac,124,2231.7565999999997,True,899,0.63797713,7000.23706,OGLE catalog,4,0.154827234495065,-785.6476096285,124
OGLE-GD-RRLYR-10119,RRab,0.52521121,7000.38652,,,fundamental,GD,data/ogle_gd_1000/photometry/OGLE-GD-RRLYR-10119.dat,3a0670e6856ac8d83b54f56fede94093cd6ebac0845693db96ba54d321414ccc,144,2204.75785,True,709,0.52521121,7000.38652,OGLE catalog,4,0.15768921226047755,-936.9113993890684,144
OGLE-GD-RRLYR-10160,RRab,0.56539215,7000.242,,,fundamental,GD,data/ogle_gd_1000/photometry/OGLE-GD-RRLYR-10160.dat,df561633611f7bb5bf61322dd937cc0dbb2a4c5e5e85dd8d94808ca4a27807fb,110,2232.691569999999,True,28,0.56539215,7000.242,OGLE catalog,4,0.09414341645015893,-734.671471720459,110
OGLE-GD-RRLYR-10174,RRab,0.51167404,7000.43712,,,fundamental,GD,data/ogle_gd_1000/photometry/OGLE-GD-RRLYR-10174.dat,0e632862693b7f07f0f8697bc43f66ba8cc20d3500ead467465fbbcfff8d7591,124,2232.691569999999,True,748,0.51167404,7000.43712,OGLE catalog,4,0.09993671835315573,-839.9314256567217,124
OGLE-GD-RRLYR-10177,RRab,0.56002729,7000.04041,,,fundamental,GD,data/ogle_gd_1000/photometry/OGLE-GD-RRLYR-10177.dat,f20fcfb81d735f89bdb3e96697cc0050d11bdc54e8d2740df9f31762ed1f3ebd,142,2204.7577999999994,True,735,0.56002729,7000.04041,OGLE catalog,4,0.07571559744572663,-1025.594494418847,142
OGLE-GD-RRLYR-10201,RRc,0.35367677,7000.34686,,,first overtone,GD,data/ogle_gd_1000/photometry/OGLE-GD-RRLYR-10201.dat,aac4de1259bde0b8d0ed4f78bf7c583a9277370e2fe8becd055f23674f2116a1,145,2204.757660000001,True,410,0.35367677,7000.34686,OGLE catalog,3,0.07245898794550622,-1067.3757677542412,145
OGLE-GD-RRLYR-10205,RRab,0.5050799,7000.359,,,fundamental,GD,data/ogle_gd_1000/photometry/OGLE-GD-RRLYR-10205.dat,5f8c4bcc761e6d04480083989478d04b9192e3af3aa3fff0c79c296fbdd77ec6,102,1096.005149999999,True,67,0.5050799,7000.359,OGLE catalog,3,0.20232745326176158,-602.3549367708791,102
OGLE-GD-RRLYR-10246,RRab,0.55840503,7000.25351,,,fundamental,GD,data/ogle_gd_1000/photometry/OGLE-GD-RRLYR-10246.dat,8189fcc76e1863c737a51229e80136466cfe694c8a1be18aa8baf77982073e9e,129,840.7660099999994,True,197,0.55840503,7000.25351,OGLE catalog,3,0.950314128242067,-599.4713000501343,129
OGLE-GD-RRLYR-10263,RRab,0.49816174,7000.20681,,,fundamental,GD,data/ogle_gd_1000/photometry/OGLE-GD-RRLYR-10263.dat,73f83189cdf6df80a1fed203387491d54bb6a50df43028adceaa7bbe91d60adc,128,1134.9927799999996,True,512,0.49816174,7000.20681,OGLE catalog,2,2.0159259501263884,-507.0616593009713,128
OGLE-GD-RRLYR-10271,RRc,0.32388065,7000.20864,,,first overtone,GD,data/ogle_gd_1000/photometry/OGLE-GD-RRLYR-10271.dat,5ac55cd390bd64e015a9201b343c3b2758be8cda48fcb715a708f4748279b249,145,1125.9725,True,812,0.32388065,7000.20864,OGLE catalog,1,0.14177148025039324,-989.9593191197492,145
OGLE-GD-RRLYR-10275,RRab,0.3725941,7000.02729,,,fundamental,GD,data/ogle_gd_1000/photometry/OGLE-GD-RRLYR-10275.dat,3c3a62375f86aad66ab501991a38e5227e8c5bd184c98303303afd9381809bb9,145,1125.9725899999994,True,307,0.3725941,7000.02729,OGLE catalog,2,0.06883509762151968,-1084.7687449583589,145
OGLE-GD-RRLYR-10279,RRc,0.21664518,7000.07085,,,first overtone,GD,data/ogle_gd_1000/photometry/OGLE-GD-RRLYR-10279.dat,4abac7660ad8137eae124c2684b57378045499090b7e3e76b609e0f2962649ef,144,1125.9726099999998,True,225,0.21664518,7000.07085,OGLE catalog,2,0.036002869428750264,-1169.4826044192102,144
OGLE-GD-RRLYR-10305,RRab,0.37595646,7000.17696,,,fundamental,GD,data/ogle_gd_1000/photometry/OGLE-GD-RRLYR-10305.dat,cf7804f2f0af8ebe8424b06cfd92659a9d13b9e17f1e43360023d4d10d6ad6d6,159,2515.856459999999,True,350,0.37595646,7000.17696,OGLE catalog,3,0.5807517795180174,-856.8791018005659,159
OGLE-GD-RRLYR-10317,RRc,0.34121843,7000.17541,,,first overtone,GD,data/ogle_gd_1000/photometry/OGLE-GD-RRLYR-10317.dat,fd8f29c79e26a6120863423974330a13d3977d79f1f363c6fb12260da700d5fd,123,863.6896800000004,True,388,0.34121843,7000.17541,OGLE catalog,1,0.11922997120968512,-839.0463603595296,123
OGLE-GD-RRLYR-10321,RRab,0.65318442,7000.00544,,,fundamental,GD,data/ogle_gd_1000/photometry/OGLE-GD-RRLYR-10321.dat,67f648923cebf80eb7342353cb54a9f6fd7adaad17c872169341443b0a522912,155,2470.0952800000005,True,236,0.65318442,7000.00544,OGLE catalog,3,1.1303500433040394,-727.435176877601,155
OGLE-GD-RRLYR-10345,RRc,0.2839229,7000.23921,,,first overtone,GD,data/ogle_gd_1000/photometry/OGLE-GD-RRLYR-10345.dat,53b02e15c2abf1fd68a015f2d5031015482e08daeee550494e34c5db733877ca,140,2505.1719600000006,True,245,0.2839229,7000.23921,OGLE catalog,2,0.2191765182979616,-879.6246266402022,140
OGLE-GD-RRLYR-10356,RRc,0.25428324,7000.03351,,,first overtone,GD,data/ogle_gd_1000/photometry/OGLE-GD-RRLYR-10356.dat,3fcfdf068ad93c0f5bb963734173ba7812a79327e55198d8e203b66a7ca3c89f,81,918.72501,True,385,0.25428324,7000.03351,OGLE catalog,1,0.10989904970074338,-521.6306722934017,81
OGLE-GD-RRLYR-10364,RRc,0.28305413,7000.00464,,,first overtone,GD,data/ogle_gd_1000/photometry/OGLE-GD-RRLYR-10364.dat,c8e35ef118d2c29d300e839104ebe7f8a23ed71fcabe5d589ef56d3ecba90884,83,918.7254000000012,True,724,0.28305413,7000.00464,OGLE catalog,1,0.05795137978745868,-589.9037732834773,83
OGLE-GD-RRLYR-10375,RRab,0.4442071,7000.40441,,,fundamental,GD,data/ogle_gd_1000/photometry/OGLE-GD-RRLYR-10375.dat,82c2b0521249d35111a8a34deaa38405489a2bca336769dba6262c5894389314,129,2460.0994800000008,True,272,0.4442071,7000.40441,OGLE catalog,3,0.8102207381112946,-620.0449765729753,129
OGLE-GD-RRLYR-10393,RRc,0.28685782,7000.09497,,,first overtone,GD,data/ogle_gd_1000/photometry/OGLE-GD-RRLYR-10393.dat,285d426b2ca56d4d4a67531ce62474e4293027a1455cbad1aa4799b6d9295b8b,148,2460.0985600000004,True,686,0.28685782,7000.09497,OGLE catalog,1,0.26487027019981724,-921.2160173490394,148
OGLE-GD-RRLYR-10394,RRc,0.4400394,7000.17162,,,first overtone,GD,data/ogle_gd_1000/photometry/OGLE-GD-RRLYR-10394.dat,d7a5f677da286b10884852adbaa6140065f84116abab273de75f07535e57a571,48,860.7038299999995,True,274,0.4400394,7000.17162,OGLE catalog,1,0.04168225268956356,-326.73267760652493,48
OGLE-GD-RRLYR-10433,RRab,0.47658684,7000.02143,,,fundamental,GD,data/ogle_gd_1000/photometry/OGLE-GD-RRLYR-10433.dat,be8d2933e5ace58f04276df9e9b4ca93bef08f0228a8eeed48e4e94f86f04038,114,2266.7051699999993,True,817,0.47658684,7000.02143,OGLE catalog,2,0.5483179571716692,-584.7482247732826,114
OGLE-GD-RRLYR-10459,RRc,0.35978419,7000.30407,,,first overtone,GD,data/ogle_gd_1000/photometry/OGLE-GD-RRLYR-10459.dat,53af16a521ac224a58a6ccf27784ae7d09baa46ee1218239b8511874c5c8da0c,38,1092.0118600000003,True,619,0.35978419,7000.30407,OGLE catalog,2,0.011225352327225406,-290.64440067954246,38
OGLE-GD-RRLYR-10475,RRab,0.49282875,7000.33621,,,fundamental,GD,data/ogle_gd_1000/photometry/OGLE-GD-RRLYR-10475.dat,7993c3c140dce9a309b62cff88f87ca6349ed266146502c2063722af059b588e,104,1635.65326,True,198,0.49282875,7000.33621,OGLE catalog,4,0.15970753509568208,-631.9958837925094,104
OGLE-GD-RRLYR-10489,RRab,0.6206246,7000.23698,,,fundamental,GD,data/ogle_gd_1000/photometry/OGLE-GD-RRLYR-10489.dat,cdaea52327a853f5fc8148045c1df57b4cfabf9871689bbd832c9414e3095faa,104,1635.65326,True,330,0.6206246,7000.23698,OGLE catalog,4,0.030615537074270067,-803.7868911597451,104
OGLE-GD-RRLYR-10501,RRab,0.50977734,7000.09988,,,fundamental,GD,data/ogle_gd_1000/photometry/OGLE-GD-RRLYR-10501.dat,20d578b99656f8bb8a394cb1317b3633d893d8d678bd200eedb02dfc91e825bb,108,1633.627730000001,True,607,0.50977734,7000.09988,OGLE catalog,4,0.0933601056843974,-719.6304366567663,108
OGLE-GD-RRLYR-10502,RRab,0.58884442,7000.09281,,,fundamental,GD,data/ogle_gd_1000/photometry/OGLE-GD-RRLYR-10502.dat,8bc125fae305931a9e5797cde2eccd46b44d335aa512bbe81bbd55bb75ae2c3b,104,1635.65326,True,707,0.58884442,7000.09281,OGLE catalog,3,0.15339203331106938,-645.4807830671016,104
OGLE-GD-RRLYR-10515,RRab,0.52556008,7000.43224,,,fundamental,GD,data/ogle_gd_1000/photometry/OGLE-GD-RRLYR-10515.dat,5e91311c47eb06bdc7904e364ee879907654e79943ad7062c464880c76e5355e,108,1633.627730000001,True,758,0.52556008,7000.43224,OGLE catalog,4,0.10666275972826933,-705.2439770933712,108
OGLE-GD-RRLYR-10521,RRc,0.28662451,7000.19506,,,first overtone,GD,data/ogle_gd_1000/photometry/OGLE-GD-RRLYR-10521.dat,3d0f2ea20d635ee288d16c656f91aa98b5c8a291ae379090ba09710af27fd891,97,1633.62964,True,22,0.28662451,7000.19506,OGLE catalog,2,0.07472849130802045,-672.4811134544292,97
OGLE-GD-RRLYR-10539,RRab,0.68493559,7000.56583,,,fundamental,GD,data/ogle_gd_1000/photometry/OGLE-GD-RRLYR-10539.dat,9c099cb9c9e82830a5da7636d5e7500db9a3e6efbf174410fabe48ebf660732f,104,1635.65326,True,224,0.68493559,7000.56583,OGLE catalog,4,0.04348150744223493,-767.3007683631623,104
OGLE-GD-RRLYR-10540,RRab,0.45477087,7000.20884,,,fundamental,GD,data/ogle_gd_1000/photometry/OGLE-GD-RRLYR-10540.dat,c27a7cde87c704c193157ec7122745b89190f5e00c63c98ca02b29710b64ce65,103,1633.62964,True,622,0.45477087,7000.20884,OGLE catalog,4,0.36283150888178967,-540.0876465730182,103
OGLE-GD-RRLYR-10561,RRab,0.47815584,7000.22183,,,fundamental,GD,data/ogle_gd_1000/photometry/OGLE-GD-RRLYR-10561.dat,0981dcd4cd39f7532ce5f388588363dd111837cb49f932314ca112e0a3908db5,105,1635.65045,True,42,0.47815584,7000.22183,OGLE catalog,4,0.1567493698740897,-641.356441154138,105
OGLE-GD-RRLYR-10568,RRab,0.44318772,7000.01184,,,fundamental,GD,data/ogle_gd_1000/photometry/OGLE-GD-RRLYR-10568.dat,55828387183843c4fbecc48e5cf5b31769ea407c98a33d2e4402fc6ced4b031e,105,1635.65045,True,736,0.44318772,7000.01184,OGLE catalog,2,0.08045579802028606,-730.0010055351569,105
OGLE-GD-RRLYR-10586,RRab,0.52839579,7000.42197,,,fundamental,GD,data/ogle_gd_1000/photometry/OGLE-GD-RRLYR-10586.dat,21acdc2c8c1ddde4b2319fce7bc51e4b15c8ab713b26c1b79e80416010195315,104,1635.6523100000004,True,102,0.52839579,7000.42197,OGLE catalog,4,0.135923515037432,-648.7660812696367,104
OGLE-GD-RRLYR-10594,RRab,0.46037564,7000.327,,,fundamental,GD,data/ogle_gd_1000/photometry/OGLE-GD-RRLYR-10594.dat,507625bd61244964c2bacaf3c91cafdb180654a6e9bdc75553f54869c68371c7,105,1633.6273899999997,True,591,0.46037564,7000.327,OGLE catalog,4,0.20280407214031784,-614.3092610424524,105
OGLE-GD-RRLYR-10599,RRab,0.44010775,7000.1451,,,fundamental,GD,data/ogle_gd_1000/photometry/OGLE-GD-RRLYR-10599.dat,ce7086be60c725dd5283e5d59870cf85170f18cf692b8704157da01ac3a128db,97,1635.6544000000004,True,830,0.44010775,7000.1451,OGLE catalog,4,0.5157748691832512,-466.7968022560375,97
OGLE-GD-RRLYR-10600,RRab,0.66652134,7000.29879,,,fundamental,GD,data/ogle_gd_1000/photometry/OGLE-GD-RRLYR-10600.dat,98fd7f91fec657d7ecff4e70e4501600fcd15b821af8027acbd01fcc5f3ee601,106,1633.6273899999997,True,130,0.66652134,7000.29879,OGLE catalog,4,0.05728013588559705,-755.4925388358538,106
OGLE-GD-RRLYR-10618,RRab,0.46478369,7000.23442,,,fundamental,GD,data/ogle_gd_1000/photometry/OGLE-GD-RRLYR-10618.dat,0ee02cd77f53fd01c150e6e0e1d51df283574de0a8f6a9afa9e951dba8ed686c,105,1635.6523100000004,True,513,0.46478369,7000.23442,OGLE catalog,4,0.1773778055695126,-628.3748928937109,105
OGLE-GD-RRLYR-10637,RRab,0.66703259,7000.58102,,,fundamental,GD,data/ogle_gd_1000/photometry/OGLE-GD-RRLYR-10637.dat,dfa4a1433be96c8450824f4de9a6ded9cd5153ce60150ab22d1fe49688d793ae,106,1633.6273899999997,True,722,0.66703259,7000.58102,OGLE catalog,3,0.05343709897333842,-772.180974229111,106
OGLE-GD-RRLYR-10645,RRab,0.5511611,7000.43204,,,fundamental,GD,data/ogle_gd_1000/photometry/OGLE-GD-RRLYR-10645.dat,9b1e228b0750a660013e54b012fa7b4df2fdc595269a660ced094646b56add2a,106,1633.6273899999997,True,143,0.5511611,7000.43204,OGLE catalog,4,0.10705592506541681,-689.200407320143,106
OGLE-GD-RRLYR-10662,RRab,0.56378189,7000.18965,,,fundamental,GD,data/ogle_gd_1000/photometry/OGLE-GD-RRLYR-10662.dat,0827df19cecec4b5f7fa8eee85e722838b53ceea3e5ad6123aa6aae9cac37d7d,94,1608.6270099999992,True,57,0.56378189,7000.18965,OGLE catalog,4,0.045689968989071,-676.2524476933424,94
OGLE-GD-RRLYR-10668,RRab,0.51817065,7000.18608,,,fundamental,GD,data/ogle_gd_1000/photometry/OGLE-GD-RRLYR-10668.dat,9d509b462e32c6db848a6bca4780ba05c3105f8e61d4ddaebfb466a347d3bc05,94,1608.6270300000006,True,414,0.51817065,7000.18608,OGLE catalog,4,0.10322245582414917,-599.6417288074745,94
OGLE-GD-RRLYR-10675,RRab,0.52081899,7000.42754,,,fundamental,GD,data/ogle_gd_1000/photometry/OGLE-GD-RRLYR-10675.dat,498d617dc00300a7c1ef6f304c0f4ccc5d2e4d842bc021b8b48b40b8901dd1f0,103,1635.65344,True,964,0.52081899,7000.42754,OGLE catalog,4,0.5521696436902076,-496.83622019618014,103
OGLE-GD-RRLYR-10677,RRab,0.48414543,7000.26721,,,fundamental,GD,data/ogle_gd_1000/photometry/OGLE-GD-RRLYR-10677.dat,fbdd44aa0947096193b8f41d8abdfb90818f8134c62751ea16c2f7291063482a,99,1633.6354800000008,True,879,0.48414543,7000.26721,OGLE catalog,4,0.10732026808742716,-634.5226242975617,99
OGLE-GD-RRLYR-10687,RRab,0.37265248,7000.08734,,,fundamental,GD,data/ogle_gd_1000/photometry/OGLE-GD-RRLYR-10687.dat,21c770665eafa8075fbc2d466a82a98e84968ff10776b8d706939295546d9f5c,105,1635.6485999999995,True,733,0.37265248,7000.08734,OGLE catalog,2,0.3970500108804187,-562.3838036107185,105
OGLE-GD-RRLYR-10701,RRab,0.6629544,7000.53552,,,fundamental,GD,data/ogle_gd_1000/photometry/OGLE-GD-RRLYR-10701.dat,2c1163c610aa645c5cdd7c5633cb8d09812bcab897dd5503e97ceecb25c6277c,103,1635.65344,True,206,0.6629544,7000.53552,OGLE catalog,2,0.045988006071987615,-771.3790302143215,103
OGLE-GD-RRLYR-10715,RRab,0.59464435,7000.41592,,,fundamental,GD,data/ogle_gd_1000/photometry/OGLE-GD-RRLYR-10715.dat,94a0b747814b4f97a37ee5089ae4b28eb331df938eb27902714785c1cc67d78f,106,1635.6513699999996,True,894,0.59464435,7000.41592,OGLE catalog,4,0.1737074022472702,-637.8941892297514,106
OGLE-GD-RRLYR-10726,RRab,0.51763523,7000.26267,,,fundamental,GD,data/ogle_gd_1000/photometry/OGLE-GD-RRLYR-10726.dat,294be23bd7c8b0ab5bb083f4d4983eebd019d5495413c4a0ac35a9e7cfc64cdf,89,1608.6272399999998,True,505,0.51763523,7000.26267,OGLE catalog,3,0.3714414361356021,-456.21058444817595,89
OGLE-GD-RRLYR-10754,RRab,0.52948147,7000.33934,,,fundamental,GD,data/ogle_gd_1000/photometry/OGLE-GD-RRLYR-10754.dat,1c75125175c8d20faa8abba366f2cb301eecbdbca5dda32258eecddf459c67c2,83,486.91120000000046,True,604,0.52948147,7000.33934,OGLE catalog,3,0.419560318038623,-407.921368354928,83
OGLE-GD-RRLYR-10765,RRab,0.51574482,7000.10626,,,fundamental,GD,data/ogle_gd_1000/photometry/OGLE-GD-RRLYR-10765.dat,8e150a6642073fc31e36a4bca1ac3164b132a15cee9ba4dd89495fe3badc282c,88,486.91176000000087,True,365,0.51574482,7000.10626,OGLE catalog,3,0.13889915145537846,-536.3769101407632,88
OGLE-GD-RRLYR-10772,RRab,0.59286958,7000.09173,,,fundamental,GD,data/ogle_gd_1000/photometry/OGLE-GD-RRLYR-10772.dat,e04779c0cc74fa448b770d481021b5c4b69affe89c45664c5cc2f6e228df432a,89,486.91122,True,474,0.59286958,7000.09173,OGLE catalog,4,0.012104020038838245,-751.9562801564457,89
OGLE-GD-RRLYR-10774,RRab,0.61194438,7000.30543,,,fundamental,GD,data/ogle_gd_1000/photometry/OGLE-GD-RRLYR-10774.dat,dfa20cfeb917f2ad619033b564d21bf9a8473cfab542eaecfce79b2e153ea01f,86,486.91122,True,552,0.61194438,7000.30543,OGLE catalog,4,0.08356692476038444,-556.4459845767146,86
OGLE-GD-RRLYR-10808,RRc,0.3905095,7000.31976,,,first overtone,GD,data/ogle_gd_1000/photometry/OGLE-GD-RRLYR-10808.dat,7fa7e097c96baf44bf9fdfa47d445c9bfdde762dbfbf926d5b674c1a7a5da305,89,486.91302,True,515,0.3905095,7000.31976,OGLE catalog,2,0.04928851996281612,-644.9411586976674,89
OGLE-GD-RRLYR-10821,RRab,0.48492435,7000.08282,,,fundamental,GD,data/ogle_gd_1000/photometry/OGLE-GD-RRLYR-10821.dat,7a8f4b41a851ed94ffdcbf7624d8a200f6f959ba7a7667840f6873985f1a0b51,88,486.9106900000006,True,719,0.48492435,7000.08282,OGLE catalog,4,0.12102789055512451,-539.5422231789836,88
OGLE-GD-RRLYR-10846,RRc,0.42340914,7000.08035,,,first overtone,GD,data/ogle_gd_1000/photometry/OGLE-GD-RRLYR-10846.dat,acc5f9f12b7835eb591b2b9e83b09c7e24769790c376ba25c67d6f2fab635901,103,1633.6010099999994,True,289,0.42340914,7000.08035,OGLE catalog,1,0.048839070703549446,-774.4530385232679,103
OGLE-GD-RRLYR-10850,RRab,0.62328727,7000.47342,,,fundamental,GD,data/ogle_gd_1000/photometry/OGLE-GD-RRLYR-10850.dat,b6d33c486b6a1b9e52b7a833389f7f01e0ea75f4c1fbae32efc6148049d1b5f4,101,1633.6010099999994,True,944,0.62328727,7000.47342,OGLE catalog,4,0.06859471934386228,-695.2245997448974,101
OGLE-GD-RRLYR-10872,RRc,0.30763397,7000.19225,,,first overtone,GD,data/ogle_gd_1000/photometry/OGLE-GD-RRLYR-10872.dat,a31e71b0ae0abf6b66b1b9663d810be84b863d4a25573528a09ad48a1f76ae79,85,486.9056700000001,True,477,0.30763397,7000.19225,OGLE catalog,4,0.019534798645941872,-672.1639134128081,85
OGLE-GD-RRLYR-10873,RRab,0.45307006,7000.12132,,,fundamental,GD,data/ogle_gd_1000/photometry/OGLE-GD-RRLYR-10873.dat,d008419de8c4c62ed947acffb3bec731cd3beaa2ff02f3dcfbc3304431a009ed,102,1633.59843,True,786,0.45307006,7000.12132,OGLE catalog,4,0.1313394884947353,-637.17939049485,102
OGLE-GD-RRLYR-10881,RRab,0.43382364,7000.35507,,,fundamental,GD,data/ogle_gd_1000/photometry/OGLE-GD-RRLYR-10881.dat,4b6c488ba43ee33e9061e50ef509497dcec278b80ffc7dea7c16b8e5400ef898,86,488.9356200000002,True,646,0.43382364,7000.35507,OGLE catalog,4,0.024132689060869062,-663.2649068004674,86
OGLE-GD-RRLYR-10884,RRab,0.614591,7000.06061,,,fundamental,GD,data/ogle_gd_1000/photometry/OGLE-GD-RRLYR-10884.dat,cff5a4db3ca68bcc4816d62e8d5129155594b712b72a57670219cef3f16f053f,98,1633.6004900000007,True,741,0.614591,7000.06061,OGLE catalog,3,0.03642844115404314,-741.8477755458182,98
OGLE-GD-RRLYR-10888,RRab,0.54127287,7000.50893,,,fundamental,GD,data/ogle_gd_1000/photometry/OGLE-GD-RRLYR-10888.dat,ed337b21922cc2f8c3c80c059ce6ad805a2904ed8470c81d71947303dff3eb46,101,1633.6010099999994,True,147,0.54127287,7000.50893,OGLE catalog,4,0.07166286223646184,-690.8051327758274,101
OGLE-GD-RRLYR-10900,RRab,0.62249587,7000.2322,,,fundamental,GD,data/ogle_gd_1000/photometry/OGLE-GD-RRLYR-10900.dat,0b14813b948c320bd1b3ac868299ed63a5b5d653c1f58c0d44241f1c660509c0,101,1633.5985500000006,True,731,0.62249587,7000.2322,OGLE catalog,4,0.05604431363482965,-715.6339587620486,101
OGLE-GD-RRLYR-10908,RRab,0.6846764,7000.38058,,,fundamental,GD,data/ogle_gd_1000/photometry/OGLE-GD-RRLYR-10908.dat,a560b0ff3bd6717641be3d31c3de9e548f8e7c5ae2a88221e28de731af4794b2,99,1633.59843,True,529,0.6846764,7000.38058,OGLE catalog,2,0.12358296059876604,-638.934683579485,99
OGLE-GD-RRLYR-10932,RRab,0.56945177,7000.15396,,,fundamental,GD,data/ogle_gd_1000/photometry/OGLE-GD-RRLYR-10932.dat,b78bdcab1009cf464a56c1428d05989837d80350dbc30597ea75733bf7001d03,89,488.9328800000003,True,214,0.56945177,7000.15396,OGLE catalog,3,0.1448848349384299,-539.999814678929,89
OGLE-GD-RRLYR-10943,RRab,0.56570228,7000.43169,,,fundamental,GD,data/ogle_gd_1000/photometry/OGLE-GD-RRLYR-10943.dat,a4780dea1df22c5a6e6bcdb9a3e4d2f2238263f85f3ea273d24f851694f46bf7,102,1633.6004900000007,True,265,0.56570228,7000.43169,OGLE catalog,4,0.1183239459973962,-647.8240409493852,102
OGLE-GD-RRLYR-10954,RRc,0.27394335,7000.01942,,,first overtone,GD,data/ogle_gd_1000/photometry/OGLE-GD-RRLYR-10954.dat,9ed582f58cb3e50d3ae70a8e2851f48687c7d60ef1f3de906417a71e9653a27f,84,486.9056700000001,True,75,0.27394335,7000.01942,OGLE catalog,3,0.04440697674208617,-602.779023307758,84
OGLE-GD-RRLYR-10962,RRab,0.63171931,7000.58831,,,fundamental,GD,data/ogle_gd_1000/photometry/OGLE-GD-RRLYR-10962.dat,778c9504cec76b3b5e4e56a29a4c5d376e194e48d706490fe42ffa7b409d7def,103,1633.6010099999994,True,341,0.63171931,7000.58831,OGLE catalog,4,0.02237115415083273,-827.0627647391074,103
OGLE-GD-RRLYR-10966,RRc,0.35853808,7000.33997,,,first overtone,GD,data/ogle_gd_1000/photometry/OGLE-GD-RRLYR-10966.dat,3837a756cead056eb60e009e921dcb198376a299d98ff86675289b7837634b7a,60,1612.6613500000003,True,165,0.35853808,7000.33997,OGLE catalog,4,0.00878317970719191,-492.9065796808146,60
OGLE-GD-RRLYR-10967,RRab,0.57988974,7000.50846,,,fundamental,GD,data/ogle_gd_1000/photometry/OGLE-GD-RRLYR-10967.dat,2c7b680a22bf2005bcebcb9d287a4fc22c5e9f5c3fa68c4a1176502e04c46589,60,1612.6612800000012,True,507,0.57988974,7000.50846,OGLE catalog,4,0.04858526000783807,-390.2776778391956,60
OGLE-GD-RRLYR-10975,RRc,0.30712423,7000.24071,,,first overtone,GD,data/ogle_gd_1000/photometry/OGLE-GD-RRLYR-10975.dat,2524b9c49bbc54568f08960b22699dd22309d7a8895f553650ff06351b6b6212,112,1555.7421999999997,True,204,0.30712423,7000.24071,OGLE catalog,1,0.08613739464552844,-788.9192812555198,112
OGLE-GD-RRLYR-10982,RRc,0.33043403,7000.06994,,,first overtone,GD,data/ogle_gd_1000/photometry/OGLE-GD-RRLYR-10982.dat,8bf6fff23a75d2c8ffd1953467d8cf07408c03507882032479e5a7a141bf9197,61,1612.6612800000012,True,747,0.33043403,7000.06994,OGLE catalog,2,0.0165782723783655,-480.28833875780265,61
OGLE-GD-RRLYR-10986,RRab,0.41896481,7000.37377,,,fundamental,GD,data/ogle_gd_1000/photometry/OGLE-GD-RRLYR-10986.dat,5793150314eec0d11cd41e4d19f2f58b20378a63549b2842a933a68385a7260d,60,1612.6613500000003,True,353,0.41896481,7000.37377,OGLE catalog,4,0.03368661712433187,-412.25085098143074,60
OGLE-GD-RRLYR-10991,RRab,0.43931067,7000.29227,,,fundamental,GD,data/ogle_gd_1000/photometry/OGLE-GD-RRLYR-10991.dat,c24eea1ca72348552aebe004b18ea99ccc77588c8751922256b6be827fc0b680,61,1612.6612800000012,True,491,0.43931067,7000.29227,OGLE catalog,4,0.04698654658481548,-400.2969725655552,61
OGLE-GD-RRLYR-11007,RRab,0.50809209,7000.27237,,,fundamental,GD,data/ogle_gd_1000/photometry/OGLE-GD-RRLYR-11007.dat,56ba9f9371224749ffe92ebe5f71090811912d4c2dc4c8542da8ae285914a2e4,54,465.97132000000056,True,816,0.50809209,7000.27237,OGLE catalog,4,0.06700429511669773,-325.4662040884243,54
OGLE-GD-RRLYR-11012,RRc,0.27180866,7000.13488,,,first overtone,GD,data/ogle_gd_1000/photometry/OGLE-GD-RRLYR-11012.dat,c5c059c09c67b07abce755e0329c9b6aa4ebe08b70eb8f9f492132b4b26d1fd3,58,1612.6613500000003,True,16,0.27180866,7000.13488,OGLE catalog,2,0.01649333644841595,-453.2818117718535,58
OGLE-GD-RRLYR-11015,RRab,0.54576108,7000.15977,,,fundamental,GD,data/ogle_gd_1000/photometry/OGLE-GD-RRLYR-11015.dat,c3ff91c26679390813e4d1cfe13425199bdcba512acab2e0b64c279712d2fd9a,61,1612.6612800000012,True,26,0.54576108,7000.15977,OGLE catalog,4,0.014126057874870056,-473.60922170544546,61
OGLE-GD-RRLYR-11017,RRab,0.62049749,7000.5977,,,fundamental,GD,data/ogle_gd_1000/photometry/OGLE-GD-RRLYR-11017.dat,6b145c79c48c49fe5b2afc4feaebac7a0f1c79977079f5870cf1b6b54b667ebf,60,1612.6612299999997,True,770,0.62049749,7000.5977,OGLE catalog,3,0.04773340136650622,-399.5276950686963,60
OGLE-GD-RRLYR-11023,RRc,0.31985703,7000.08053,,,first overtone,GD,data/ogle_gd_1000/photometry/OGLE-GD-RRLYR-11023.dat,0369cfafeee3e57c7c43b11573bf5b6f492dc022d1144816aa9529ba7b3c9a6a,59,1612.66147,True,687,0.31985703,7000.08053,OGLE catalog,2,0.056370298491456174,-389.85998199028626,59
OGLE-GD-RRLYR-11028,RRab,0.48857041,7000.134,,,fundamental,GD,data/ogle_gd_1000/photometry/OGLE-GD-RRLYR-11028.dat,513af9e10541fb9e94ccf74e2157284249daa324d959215a80feeacdf8811468,61,1612.6612800000012,True,537,0.48857041,7000.134,OGLE catalog,4,0.12155113590695425,-342.31807515495285,61
OGLE-GD-RRLYR-11030,RRab,0.65220465,7000.19714,,,fundamental,GD,data/ogle_gd_1000/photometry/OGLE-GD-RRLYR-11030.dat,43f837e097178c67ff78968b76abb028b97e1cef31afd3635b4f61df907c0eab,60,1612.6612299999997,True,981,0.65220465,7000.19714,OGLE catalog,4,0.025619258509454824,-428.67622816108485,60
OGLE-GD-RRLYR-11045,RRab,0.53377982,7000.46791,,,fundamental,GD,data/ogle_gd_1000/photometry/OGLE-GD-RRLYR-11045.dat,092a7af6fe6ccca4d566bcbb3e8a522c5238d76db8fe5c5bbd3093221beaea9f,60,1612.6613500000003,True,963,0.53377982,7000.46791,OGLE catalog,2,0.08272338655269267,-374.7241266687968,60
OGLE-GD-RRLYR-11053,RRab,0.53212231,7000.06006,,,fundamental,GD,data/ogle_gd_1000/photometry/OGLE-GD-RRLYR-11053.dat,8de32be75857dc0e597679bf8e35ed5c1ca2b8b03a970114cf058b5cb471d41b,61,1612.6612800000012,True,475,0.53212231,7000.06006,OGLE catalog,4,0.15856109283594982,-326.10397522333517,61
OGLE-GD-RRLYR-11077,RRab,0.59287936,7000.14504,,,fundamental,GD,data/ogle_gd_1000/photometry/OGLE-GD-RRLYR-11077.dat,0b3c72c948c0c541183f538164af0f7236e2eaa5c5c033f02a8ab30cabd93fb0,60,1610.7225500000004,True,588,0.59287936,7000.14504,OGLE catalog,4,0.062114977046165476,-375.5376612445833,60
OGLE-GD-RRLYR-11095,RRab,0.57204067,7000.56899,,,fundamental,GD,data/ogle_gd_1000/photometry/OGLE-GD-RRLYR-11095.dat,a021f28aad9ba8400b7972216e04430161caf7c74b8202c0bb797aaaf301e573,54,1610.7226400000009,True,725,0.57204067,7000.56899,OGLE catalog,4,0.01595788871674656,-402.9455891033672,54
OGLE-GD-RRLYR-11111,RRc,0.35988921,7000.06904,,,first overtone,GD,data/ogle_gd_1000/photometry/OGLE-GD-RRLYR-11111.dat,c04da8b93e279e79286b99c284961fab2d99975ebf15e1854df48228ef5aae5e,58,1610.7226400000009,True,808,0.35988921,7000.06904,OGLE catalog,1,0.035149401717491355,-417.51693111922293,58
OGLE-GD-RRLYR-11112,RRab,0.54233963,7000.23156,,,fundamental,GD,data/ogle_gd_1000/photometry/OGLE-GD-RRLYR-11112.dat,bce644e2c94d8cd1de87c53bb595806af07a94788fdf6662990a5da1717897ff,80,1633.64617,True,74,0.54233963,7000.23156,OGLE catalog,4,0.06361516023663638,-531.5161685451052,80
OGLE-GD-RRLYR-11123,RRab,0.73350509,7000.03502,,,fundamental,GD,data/ogle_gd_1000/photometry/OGLE-GD-RRLYR-11123.dat,9c57f5bc8880ff9071cc3b98500aee5cbc2814e86ffbcd92e1f76f96ea915079,79,1633.64617,True,881,0.73350509,7000.03502,OGLE catalog,3,0.034464562329877546,-580.658314651821,79
OGLE-GD-RRLYR-11130,RRc,0.32074781,7000.28718,,,first overtone,GD,data/ogle_gd_1000/photometry/OGLE-GD-RRLYR-11130.dat,a332853532a1eac0f4f06a30d79ebbab640b2a92c159131aa33ccfefaabd77dd,51,1610.7226900000005,True,814,0.32074781,7000.28718,OGLE catalog,2,0.019511286169967473,-381.6388514528489,51
OGLE-GD-RRLYR-11131,RRc,0.3208125,7000.05319,,,first overtone,GD,data/ogle_gd_1000/photometry/OGLE-GD-RRLYR-11131.dat,d4412b57f6cd4f0ab9930c211e5ca794a955d4c7abff32b27dc989057a2d830c,60,1610.7226400000009,True,775,0.3208125,7000.05319,OGLE catalog,3,0.03738560655599353,-414.1884318025712,60
OGLE-GD-RRLYR-11140,RRab,0.43256361,7000.01968,,,fundamental,GD,data/ogle_gd_1000/photometry/OGLE-GD-RRLYR-11140.dat,5d3aa36f6cc8804a34db5e86de929a6c81ef04bb325cd70dabc40933654ba089,60,1610.7225500000004,True,271,0.43256361,7000.01968,OGLE catalog,4,0.03515486344676108,-409.69111113278814,60
OGLE-GD-RRLYR-11144,RRab,0.44782169,7000.44554,,,fundamental,GD,data/ogle_gd_1000/photometry/OGLE-GD-RRLYR-11144.dat,5d87dea800f92c7a4e5dd566f00eca8ce4a4e502b23d5feaec6ad2bf403e14e6,79,1633.64617,True,681,0.44782169,7000.44554,OGLE catalog,3,0.3542066085150704,-396.59236217954214,79
OGLE-GD-RRLYR-11161,RRab,0.44959413,7000.07552,,,fundamental,GD,data/ogle_gd_1000/photometry/OGLE-GD-RRLYR-11161.dat,d023acee6c474dc3afc7006e80c09147be9eeae0e7ebf1081d71f2dc41d71ada,80,1611.7187999999996,True,878,0.44959413,7000.07552,OGLE catalog,4,0.19755626181333358,-440.8624402832671,80
OGLE-GD-RRLYR-11173,RRc,0.25602974,7000.22479,,,first overtone,GD,data/ogle_gd_1000/photometry/OGLE-GD-RRLYR-11173.dat,339627445967537a62e52c829b8378890ee4b2db275947535d4cc08f389bdc50,77,1633.642650000001,True,509,0.25602974,7000.22479,OGLE catalog,1,0.050134933554378015,-551.9054684924423,77
OGLE-GD-RRLYR-11181,RRab,0.63073713,7000.0898,,,fundamental,GD,data/ogle_gd_1000/photometry/OGLE-GD-RRLYR-11181.dat,363298cd90735d4a8463584851466bd6c6463519c265db9ed8bed5f5e1e47cd8,76,1611.7138000000004,True,142,0.63073713,7000.0898,OGLE catalog,3,0.060814885850968226,-511.614572684279,76
OGLE-GD-RRLYR-11187,RRab,0.67497842,7000.13056,,,fundamental,GD,data/ogle_gd_1000/photometry/OGLE-GD-RRLYR-11187.dat,1e8d79a077d1f6203dac307200090f1ef3c868e646f6dc489cf4b8195c261192,77,1611.7138000000004,True,905,0.67497842,7000.13056,OGLE catalog,3,0.03475660579830701,-562.7390730491346,77
OGLE-GD-RRLYR-11198,RRab,0.64411608,7000.31331,,,fundamental,GD,data/ogle_gd_1000/photometry/OGLE-GD-RRLYR-11198.dat,69a34118a3ab32c07303bf7d5ccc669052177d0586a6a7953d7b73c6a59010ed,54,465.9632700000002,True,182,0.64411608,7000.31331,OGLE catalog,4,0.027045894458998274,-374.45616540106977,54
OGLE-GD-RRLYR-11201,RRab,0.63934476,7000.45436,,,fundamental,GD,data/ogle_gd_1000/photometry/OGLE-GD-RRLYR-11201.dat,63f186d82fbd97ea2bcac7ecb51d75db1f0895bf5fd44471c00841e77a354cd6,65,1610.7182599999996,True,276,0.63934476,7000.45436,OGLE catalog,2,0.061092933258461796,-432.1615762709667,65
OGLE-GD-RRLYR-11202,RRab,0.52218629,7000.07686,,,fundamental,GD,data/ogle_gd_1000/photometry/OGLE-GD-RRLYR-11202.dat,40138ec3f5c2b7863ab777afcc169d4f5cd5257de0ee8589a72d69f16c34266f,54,465.9634299999998,True,926,0.52218629,7000.07686,OGLE catalog,4,0.010701844565431225,-424.52059690165646,54
OGLE-GD-RRLYR-11207,RRab,0.4735126,7000.30513,,,fundamental,GD,data/ogle_gd_1000/photometry/OGLE-GD-RRLYR-11207.dat,435c66a84e0b942c697361243d9b26ff6e7e084589f6c4d11f785f71a5297d1d,78,1611.7137599999996,True,187,0.4735126,7000.30513,OGLE catalog,3,0.010565495055879911,-664.2389448256969,78
OGLE-GD-RRLYR-11219,RRab,0.58220095,7000.38634,,,fundamental,GD,data/ogle_gd_1000/photometry/OGLE-GD-RRLYR-11219.dat,ed301f60e35fdd96d2802076b9b37e2619969e35ba3f19ecebadaa579aa5a062,78,1611.7137599999996,True,440,0.58220095,7000.38634,OGLE catalog,4,0.0437545389750429,-544.6873830791826,78
OGLE-GD-RRLYR-11235,RRab,0.53814885,7000.41486,,,fundamental,GD,data/ogle_gd_1000/photometry/OGLE-GD-RRLYR-11235.dat,9a41ff881349c41ffa72def6031c4744b546bfd389d218da4cced1c01420df2f,75,1610.69128,True,1004,0.53814885,7000.41486,OGLE catalog,3,0.07671720523589265,-486.16138750852383,75
OGLE-GD-RRLYR-11243,RRab,0.5347678,7000.04927,,,fundamental,GD,data/ogle_gd_1000/photometry/OGLE-GD-RRLYR-11243.dat,1a36cc750830b7fc4110e6c39c83e57ad976608751263077c20da4f5d9938197,74,1633.642650000001,True,928,0.5347678,7000.04927,OGLE catalog,4,0.0604176539211548,-487.4433021213632,74
OGLE-GD-RRLYR-11249,RRc,0.38847534,7000.30019,,,first overtone,GD,data/ogle_gd_1000/photometry/OGLE-GD-RRLYR-11249.dat,acaeed6ca1bdf4828a7d4aef6bdcd811abdf1ca50c13fb65499369c6e9386930,79,1633.6399199999996,True,610,0.38847534,7000.30019,OGLE catalog,1,0.05872789187170048,-556.0304367098676,79
OGLE-GD-RRLYR-11256,RRab,0.49437801,7000.25989,,,fundamental,GD,data/ogle_gd_1000/photometry/OGLE-GD-RRLYR-11256.dat,f1bc4edd3a29103289c45221c934b3d104db37adb4be749fc7e112320ad06ac6,74,1558.7754999999995,True,24,0.49437801,7000.25989,OGLE catalog,4,0.31077677155961686,-366.2465807221558,74
OGLE-GD-RRLYR-11274,RRc,0.36942247,7000.32682,,,first overtone,GD,data/ogle_gd_1000/photometry/OGLE-GD-RRLYR-11274.dat,017d1945a94f3d3809643c7616be566d395668338f62c37299900b2575689e6b,64,1610.7132700000002,True,689,0.36942247,7000.32682,OGLE catalog,2,0.017456847047614986,-504.4475948041616,64
OGLE-GD-RRLYR-11275,RRab,0.55285883,7000.50527,,,fundamental,GD,data/ogle_gd_1000/photometry/OGLE-GD-RRLYR-11275.dat,c34766f1ea7f5c463393da11f68dbfe42728a80b025b66d54674eb2a453bed67,72,1633.6371200000003,True,923,0.55285883,7000.50527,OGLE catalog,4,0.027832833702880644,-527.3007653439583,72
OGLE-GD-RRLYR-11281,RRc,0.27477081,7000.11135,,,first overtone,GD,data/ogle_gd_1000/photometry/OGLE-GD-RRLYR-11281.dat,edf0c45bb37a81ed65575ec0b0793296000a759d4a0668537a5d96a679e4eb36,65,1610.7132199999996,True,589,0.27477081,7000.11135,OGLE catalog,2,0.08136998288278285,-413.53191044510066,65
OGLE-GD-RRLYR-11311,RRab,0.66514027,7000.0719,,,fundamental,GD,data/ogle_gd_1000/photometry/OGLE-GD-RRLYR-11311.dat,9ba43cc452b823996621fecc97744c59aec8d71a8e88a248154dc53f46d491d0,72,1610.6888799999997,True,832,0.66514027,7000.0719,OGLE catalog,3,0.06000707525143942,-480.5403795415914,72
OGLE-GD-RRLYR-11317,RRc,0.28545344,7000.13381,,,first overtone,GD,data/ogle_gd_1000/photometry/OGLE-GD-RRLYR-11317.dat,c825e42a9c438181149bb77f0d6909a23b6ccbf4d92bb3e0402ec1acbff32fe9,72,1610.68894,True,503,0.28545344,7000.13381,OGLE catalog,3,0.08691100313908308,-453.86998355142975,72
OGLE-GD-RRLYR-11357,RRab,0.53205582,7000.32716,,,fundamental,GD,data/ogle_gd_1000/photometry/OGLE-GD-RRLYR-11357.dat,fc7123a26653f07d9767234031179c90b6f347408b115decc3150fe045e245ea,72,1633.6332599999996,True,10,0.53205582,7000.32716,OGLE catalog,2,0.08989985543191822,-459.9888740576106,72
OGLE-GD-RRLYR-11373,RRc,0.29293395,7000.19274,,,first overtone,GD,data/ogle_gd_1000/photometry/OGLE-GD-RRLYR-11373.dat,bbc4c327fbcba1e1a84c76aee337d41473d19654ce53de68feaa6627b10c5d56,65,1610.69063,True,807,0.29293395,7000.19274,OGLE catalog,2,0.06451192752372392,-428.6220709065647,65
OGLE-GD-RRLYR-11390,RRab,0.49044216,7000.453,,,fundamental,GD,data/ogle_gd_1000/photometry/OGLE-GD-RRLYR-11390.dat,52f48f9bdd270f1ebf46603d851106a824e28c27b5f87629c7d3940e82742730,65,1610.7079400000002,True,975,0.49044216,7000.453,OGLE catalog,4,0.09471657832701398,-386.9619922318743,65
OGLE-GD-RRLYR-11393,RRab,0.45488391,7000.22518,,,fundamental,GD,data/ogle_gd_1000/photometry/OGLE-GD-RRLYR-11393.dat,d153c69e99c1a5e3762d6bda4119da23cc26ed9c593cc153371903565e7496e9,71,1610.6874900000012,True,734,0.45488391,7000.22518,OGLE catalog,4,0.06871995429478873,-454.403964690937,71
OGLE-GD-RRLYR-11396,RRab,0.73136334,7000.40065,,,fundamental,GD,data/ogle_gd_1000/photometry/OGLE-GD-RRLYR-11396.dat,236eaf2f69c158100be639c6c50e4fcc6b7078215747be3cb3c5c34960d1cea6,71,1610.6874499999994,True,308,0.73136334,7000.40065,OGLE catalog,4,0.016987212210685897,-553.6320576796348,71
OGLE-GD-RRLYR-11409,RRab,0.45851386,7000.30549,,,fundamental,GD,data/ogle_gd_1000/photometry/OGLE-GD-RRLYR-11409.dat,a1d1e0617896ddf21b5d9468d30fc2dca05100ae0755a634c90e5707c8d36404,73,1633.6332599999996,True,279,0.45851386,7000.30549,OGLE catalog,4,0.09189674753331457,-448.8469480713496,73
OGLE-GD-RRLYR-11410,RRab,0.62007312,7000.33902,,,fundamental,GD,data/ogle_gd_1000/photometry/OGLE-GD-RRLYR-11410.dat,4f13080acdf82de833745ef606e25e314c90c57b70aa154e5908305c6078c423,73,1633.6291499999998,True,555,0.62007312,7000.33902,OGLE catalog,4,0.10874086450218674,-436.56090028322194,73
OGLE-GD-RRLYR-11434,RRc,0.44211693,7000.21903,,,first overtone,GD,data/ogle_gd_1000/photometry/OGLE-GD-RRLYR-11434.dat,371adb9b9fdfd6e2f76952c5139959fd5476cb13e567ef432646ca9115bd33a2,72,1633.6319300000005,True,940,0.44211693,7000.21903,OGLE catalog,1,0.025233018189375726,-560.0212987584765,72
OGLE-GD-RRLYR-11437,RRab,0.61167198,7000.38516,,,fundamental,GD,data/ogle_gd_1000/photometry/OGLE-GD-RRLYR-11437.dat,7867b0ad3a90c53bfaa32139c5e32f2a8dd3c4b4d2e9bc5da57b65d3f0920c50,52,465.90956000000006,True,935,0.61167198,7000.38516,OGLE catalog,4,0.07344541173486957,-305.6865479005966,52
OGLE-GD-RRLYR-11454,RRc,0.26762308,7000.09079,,,first overtone,GD,data/ogle_gd_1000/photometry/OGLE-GD-RRLYR-11454.dat,431695e8850652dfb3f2ae72c929abff04a3ba3af4085cdfff01ccb1af87d84f,64,1610.6874900000012,True,861,0.26762308,7000.09079,OGLE catalog,2,0.1314833685688822,-375.22209616617437,64
OGLE-GD-RRLYR-11456,RRab,0.59365259,7000.08197,,,fundamental,GD,data/ogle_gd_1000/photometry/OGLE-GD-RRLYR-11456.dat,5fa67d413b0b2ae34aa494a9e963d055c61f66f2de52ddb744338076d2bff697,70,1610.6874499999994,True,320,0.59365259,7000.08197,OGLE catalog,3,0.09919945396869465,-429.39879408291023,70
OGLE-GD-RRLYR-11465,RRab,0.67493356,7000.33053,,,fundamental,GD,data/ogle_gd_1000/photometry/OGLE-GD-RRLYR-11465.dat,68085ae2c395be1a7efe883fe007c6e04c580406e0f0d93c7bc53f44cb5b3054,73,1633.6291499999998,True,84,0.67493356,7000.33053,OGLE catalog,4,0.006717457993978955,-639.8117235958027,73
OGLE-GD-RRLYR-11485,RRab,0.39705289,7000.22437,,,fundamental,GD,data/ogle_gd_1000/photometry/OGLE-GD-RRLYR-11485.dat,d07d427173add215e5df4c35aa82edaa187e489254905ba9f133d96af95ba046,69,1633.626369999999,True,602,0.39705289,7000.22437,OGLE catalog,4,0.25134458911352503,-349.33058900562474,69
OGLE-GD-RRLYR-11494,RRab,0.58763333,7000.07389,,,fundamental,GD,data/ogle_gd_1000/photometry/OGLE-GD-RRLYR-11494.dat,eeda530729b36e934ff8da0e3db55a631f5320918f5b428b9126f42196c7712e,72,1633.6277,True,257,0.58763333,7000.07389,OGLE catalog,3,0.15575480733586577,-411.8653001731604,72
OGLE-GD-RRLYR-11500,RRab,0.42989129,7000.3095,,,fundamental,GD,data/ogle_gd_1000/photometry/OGLE-GD-RRLYR-11500.dat,bd785c196368bee195c934fdc172860ab306e7d85a543456d14283c714e405e5,50,465.90250000000015,True,453,0.42989129,7000.3095,OGLE catalog,2,0.14983319561219813,-270.95266688932594,50
OGLE-GD-RRLYR-11504,RRab,0.63503511,7000.53412,,,fundamental,GD,data/ogle_gd_1000/photometry/OGLE-GD-RRLYR-11504.dat,a90deed27a22acc9e37af28695525647528e5afab6884b7c743caca76befd4d3,68,1604.6464799999994,True,496,0.63503511,7000.53412,OGLE catalog,4,0.008760877986808984,-571.0981769584943,68
OGLE-GD-RRLYR-11525,RRab,0.5254862,7000.14219,,,fundamental,GD,data/ogle_gd_1000/photometry/OGLE-GD-RRLYR-11525.dat,3b461faecc88446cd349d94f854f193eed90d37744581381aeecdaae82223c2b,70,1615.681729999999,True,58,0.5254862,7000.14219,OGLE catalog,4,0.191430285709304,-374.8844203604423,70
OGLE-GD-RRLYR-11534,RRab,0.53455912,7000.15447,,,fundamental,GD,data/ogle_gd_1000/photometry/OGLE-GD-RRLYR-11534.dat,6d44158454f0c0b91400ab66d4facae39ce9fe7a030e89fe776cbb8de4b78354,68,1604.6464799999994,True,806,0.53455912,7000.15447,OGLE catalog,4,0.08493343498869893,-416.6313010060649,68
OGLE-GD-RRLYR-11552,RRab,0.51777654,7000.17973,,,fundamental,GD,data/ogle_gd_1000/photometry/OGLE-GD-RRLYR-11552.dat,f5539a5d816270b51dbac266df181f9e8ece085ba5d4e38a23e34c9ef7ac22e8,69,1604.64628,True,450,0.51777654,7000.17973,OGLE catalog,3,0.017345754885689263,-542.2687192465739,69
OGLE-GD-RRLYR-11555,RRab,0.50854634,7000.00748,,,fundamental,GD,data/ogle_gd_1000/photometry/OGLE-GD-RRLYR-11555.dat,63d7c72c65898f9bf9a0114f362a8570d211288d5e949c886fb7ab1af5827483,69,1633.623599999999,True,721,0.50854634,7000.00748,OGLE catalog,4,0.10745588601210641,-407.9629568795226,69
OGLE-GD-RRLYR-11557,RRab,0.52327246,7000.25347,,,fundamental,GD,data/ogle_gd_1000/photometry/OGLE-GD-RRLYR-11557.dat,19abdd7af87d7b89409ff2d1003273abc693bb6e044f2fbde9293aea463175f9,66,1604.64628,True,377,0.52327246,7000.25347,OGLE catalog,4,0.24978030021633352,-330.3637743727493,66
OGLE-GD-RRLYR-11561,RRab,0.69147937,7000.1216,,,fundamental,GD,data/ogle_gd_1000/photometry/OGLE-GD-RRLYR-11561.dat,f2aa220d44a04181367d09a47c568cf917f8de49886e2d39271ce56a11e4c990,72,1633.626369999999,True,768,0.69147937,7000.1216,OGLE catalog,3,0.03836022816334902,-512.7561515705585,72
OGLE-GD-RRLYR-11570,RRab,0.59428353,7000.397,,,fundamental,GD,data/ogle_gd_1000/photometry/OGLE-GD-RRLYR-11570.dat,3c79dd4d2d5cbecfb0c797458265996742c2c79be76c46755017e36ccc119c3e,71,1633.626369999999,True,773,0.59428353,7000.397,OGLE catalog,4,0.04329915216602208,-487.19933032506276,71
OGLE-GD-RRLYR-11575,RRab,0.56895687,7000.08769,,,fundamental,GD,data/ogle_gd_1000/photometry/OGLE-GD-RRLYR-11575.dat,0f7ad8d4280f04536b7ebe2bfb9c7a8ed6df1a7903a15ab79224b90319f5cb57,140,1567.70658,True,934,0.56895687,7000.08769,OGLE catalog,4,0.6217274375185161,-713.8906453498141,140
OGLE-GD-RRLYR-11578,RRab,0.62073087,7000.46707,,,fundamental,GD,data/ogle_gd_1000/photometry/OGLE-GD-RRLYR-11578.dat,ee1c5d64f94bc5229c707f511964c31607591053d2997207d7ebce555db22f84,68,1604.6464799999994,True,392,0.62073087,7000.46707,OGLE catalog,4,0.03383344299487837,-479.21973050569966,68
OGLE-GD-RRLYR-11589,RRab,0.57137691,7000.53171,,,fundamental,GD,data/ogle_gd_1000/photometry/OGLE-GD-RRLYR-11589.dat,4fc1e093e6a9c874fbf75d2fd4ec035533253fa434895623ffb586f2f1d97b22,63,459.8237000000008,True,599,0.57137691,7000.53171,OGLE catalog,2,0.1993931974400301,-341.8878359731509,63
OGLE-GD-RRLYR-11590,RRab,0.60820346,7000.13846,,,fundamental,GD,data/ogle_gd_1000/photometry/OGLE-GD-RRLYR-11590.dat,00bfbf6fc4efc42ed8beae6151903c1b5598bc8300696b59c75c45c78e58287b,69,1633.6187100000006,True,799,0.60820346,7000.13846,OGLE catalog,3,0.40105575268618526,-325.5567863625048,69
OGLE-GD-RRLYR-11592,RRc,0.23634306,7000.12173,,,first overtone,GD,data/ogle_gd_1000/photometry/OGLE-GD-RRLYR-11592.dat,b7721133a0b8197775dc829183816c05a7686576ecf8a8b20d507254fb7d68e9,71,1615.681729999999,True,980,0.23634306,7000.12173,OGLE catalog,2,0.010609668388789963,-604.1021321666569,71
OGLE-GD-RRLYR-11594,RRc,0.41314682,7000.0066,,,first overtone,GD,data/ogle_gd_1000/photometry/OGLE-GD-RRLYR-11594.dat,5b8b51f379ffbfd9dd01f675eea39e8f76c8a62871bdb5d072e5008d762b4c28,67,1615.6805700000004,True,582,0.41314682,7000.0066,OGLE catalog,1,0.05388499628335348,-464.8008421687922,67
OGLE-GD-RRLYR-11617,RRab,0.5473556,7000.51723,,,fundamental,GD,data/ogle_gd_1000/photometry/OGLE-GD-RRLYR-11617.dat,3bf6521beb04cdfc4377711f6e8360a309cd3c12425768afa660df1c4ac98b46,68,1633.6187100000006,True,863,0.5473556,7000.51723,OGLE catalog,4,0.032570411675149555,-481.8068239701621,68
OGLE-GD-RRLYR-11627,RRab,0.39661724,7000.32076,,,fundamental,GD,data/ogle_gd_1000/photometry/OGLE-GD-RRLYR-11627.dat,59fe62dc0191a53f2425b97712ad1a01cca5be62d1d55459d0d0aec60f193f37,70,1633.6187100000006,True,697,0.39661724,7000.32076,OGLE catalog,4,0.2776171139738284,-348.86407793917977,70
OGLE-GD-RRLYR-11630,RRab,0.53943791,7000.5392,,,fundamental,GD,data/ogle_gd_1000/photometry/OGLE-GD-RRLYR-11630.dat,7a2294be90e4497ea55fa7ef90b028a417719921b2f3c3a3e1bd0949132e6f20,67,1615.6806400000005,True,476,0.53943791,7000.5392,OGLE catalog,4,0.06898584422632252,-423.02038668003564,67
OGLE-GD-RRLYR-11633,RRc,0.25971192,7000.10305,,,first overtone,GD,data/ogle_gd_1000/photometry/OGLE-GD-RRLYR-11633.dat,748ad4fc2db64ae2ef8e629218c06e9eeda18258fc5f9dcd17bad6500b16b8dc,62,459.8237800000006,True,541,0.25971192,7000.10305,OGLE catalog,2,0.025212199425673848,-463.43315238711324,62
OGLE-GD-RRLYR-11646,RRab,0.67223487,7000.4024,,,fundamental,GD,data/ogle_gd_1000/photometry/OGLE-GD-RRLYR-11646.dat,4a784f9f62de5773b6c04401b640618131e7f5eed9bcfea87682c13822adecd7,70,1633.6214599999994,True,434,0.67223487,7000.4024,OGLE catalog,3,0.09727099412181331,-430.7730111836909,70
