object_id,region,catalog_type,catalog_period,catalog_epoch,catalog_secondary_period,period_mode,sha256,file,bytes,n_observations,baseline_days,has_errors,eligible,exclusion_reason
OGLE-BLG-RRLYR-00829,BLG,RRab,0.590575,5000.36249,,fundamental,45cbae08ab1d6714b01781084e12bd4d652b707327d86594ba54b6039e300f86,photometry/OGLE-BLG-RRLYR-00829.dat,8376,349,2277.91702,True,False,Exact duplicate folded phases
OGLE-BLG-RRLYR-00931,BLG,RRab,0.4486856,5000.28463,,fundamental,1a24c06c4a98a9a8c02dabace4d59a51e6b23a4c34df3e6abf9aee100956491b,photometry/OGLE-BLG-RRLYR-00931.dat,7896,329,1655.28735,True,False,Exact duplicate folded phases
OGLE-BLG-RRLYR-01940,BLG,RRab,0.48281048,5000.47544,,fundamental,6848c9d6ac095f98591f57c8f5027ab230205515543b22da3df607733b849714,photometry/OGLE-BLG-RRLYR-01940.dat,8040,335,1356.2702800000002,True,False,Exact duplicate folded phases
OGLE-BLG-RRLYR-02047,BLG,RRc,0.33266976,5000.12795,,first overtone,dbc6ee125723c342344aa1d4132900fd866e5f3986e6e8b1f3b728fb574799c2,photometry/OGLE-BLG-RRLYR-02047.dat,7440,310,1655.3376999999996,True,False,Exact duplicate folded phases
OGLE-BLG-RRLYR-02187,BLG,RRc,0.3103745,5000.2528,,first overtone,62fb65b4ecf2d565f1f842f2652fe7440478d5631e1afacb8370e3e7630bfb7f,photometry/OGLE-BLG-RRLYR-02187.dat,21408,892,2827.02244,True,False,Exact duplicate folded phases
OGLE-BLG-RRLYR-02720,BLG,RRab,0.60870144,5000.31122,,fundamental,774935c084b1a13b0c87721754b67b48ee30e45a835331230d4cda888aa1fb85,photometry/OGLE-BLG-RRLYR-02720.dat,4752,198,1655.3082799999997,True,False,Exact duplicate folded phases
OGLE-BLG-RRLYR-02725,BLG,RRc,0.3143,5000.0592,,first overtone,ab240dc254406289b572391582dc426b329846022e9a822f87cbd067dbdbe099,photometry/OGLE-BLG-RRLYR-02725.dat,14568,607,3248.02578,True,False,Exact duplicate folded phases
OGLE-BLG-RRLYR-02884,BLG,RRab,0.49561275,5000.36206,,fundamental,5b108fbc8ec9fa1676a5daf68e3d3272c9601612ff5384e1a168eb40bad84ac9,photometry/OGLE-BLG-RRLYR-02884.dat,16512,688,3248.01264,True,False,Exact duplicate folded phases
OGLE-BLG-RRLYR-03214,BLG,RRc,0.27938425,5000.09327,,first overtone,eefe041c5a3742bf28cb36a7c5fc11f3427d82449dac9c9f2fefe9622d329282,photometry/OGLE-BLG-RRLYR-03214.dat,33696,1404,2829.21247,True,False,Exact duplicate folded phases
OGLE-BLG-RRLYR-03233,BLG,RRc,0.31955375,5000.31682,,first overtone,901a74d8e722f8a9ce4784ada3dd0c6ac632e71e72fb46f430702f34190a8ea9,photometry/OGLE-BLG-RRLYR-03233.dat,18768,782,2827.02729,True,False,Exact duplicate folded phases
OGLE-BLG-RRLYR-03301,BLG,RRab,0.679895,5000.10473,,fundamental,a572a967a0611998b48eecb582d1955c4c07c4f876c0232ad2c50a30bfc28880,photometry/OGLE-BLG-RRLYR-03301.dat,33672,1403,2829.21247,True,False,Exact duplicate folded phases
OGLE-BLG-RRLYR-03428,BLG,RRab,0.7890182,5000.37585,,fundamental,1232cac906e9c639e0d25021b3bb21d056f410bd374cdf582bc22bc040b481aa,photometry/OGLE-BLG-RRLYR-03428.dat,8256,344,1276.68002,True,False,Exact duplicate folded phases
OGLE-BLG-RRLYR-03485,BLG,RRc,0.30806,5000.03604,,first overtone,072622c2cb882c6e65b1b6e668bf16acc00a416e5330be97689513c09b206f4c,photometry/OGLE-BLG-RRLYR-03485.dat,33624,1401,2829.21247,True,False,Exact duplicate folded phases
OGLE-BLG-RRLYR-03593,BLG,RRc,0.2813518,5000.16151,,first overtone,100ae1a6f0fe1d4e64ac1bf09c5203e0b4e92218193d40bb9351bd415b1d4c41,photometry/OGLE-BLG-RRLYR-03593.dat,50832,2118,4403.77658,True,False,Exact duplicate folded phases
OGLE-BLG-RRLYR-03652,BLG,RRc,0.32422976,5000.11743,,first overtone,f420f5960d960b9c08946372bfd4b27939da91b5cd7599a2ec9acf8f26c90390,photometry/OGLE-BLG-RRLYR-03652.dat,64920,2705,4403.00124,True,False,Exact duplicate folded phases
OGLE-BLG-RRLYR-03779,BLG,RRab,0.4939372,5000.33909,,fundamental,44d72c9c9dede051d32ef3be538847ee715e117e91121d6616035f299d801401,photometry/OGLE-BLG-RRLYR-03779.dat,66648,2777,4403.84503,True,False,Exact duplicate folded phases
OGLE-BLG-RRLYR-03807,BLG,RRc,0.2732497,5000.11814,,first overtone,96969dc4727ad45d5fe83c4d83c3c73d5b472d5731072bb9588ddb2733cea34c,photometry/OGLE-BLG-RRLYR-03807.dat,63600,2650,4402.94338,True,False,Exact duplicate folded phases
OGLE-BLG-RRLYR-03887,BLG,RRc,0.31557664,5000.01351,,first overtone,340cd971e887b22be78d2ddddab0f2c70129e2d78ec9653e92141ce252e11421,photometry/OGLE-BLG-RRLYR-03887.dat,66600,2775,4403.84576,True,False,Exact duplicate folded phases
OGLE-BLG-RRLYR-03968,BLG,RRab,0.453324,5000.01878,,fundamental,cb929a0e8dc6901f5f1f8c13d9b88c16e1ca041220d51841c2058d0c9260eaae,photometry/OGLE-BLG-RRLYR-03968.dat,31248,1302,2830.22542,True,False,Exact duplicate folded phases
OGLE-BLG-RRLYR-03989,BLG,RRab,0.53195415,5000.14116,,fundamental,b06399c7962bb03077f64f300a38d6a7812b71a7efae5ed82613e376db802617,photometry/OGLE-BLG-RRLYR-03989.dat,66672,2778,4403.84505,True,False,Exact duplicate folded phases
OGLE-BLG-RRLYR-04078,BLG,RRab,0.5459475,5000.03997,,fundamental,0dc17270871bd7c6f62a0f1a390dbbd0d9a8e321249ac260b3ab5c20c843ab53,photometry/OGLE-BLG-RRLYR-04078.dat,66528,2772,4403.8460000000005,True,False,Exact duplicate folded phases
OGLE-BLG-RRLYR-04186,BLG,RRc,0.32724968,5000.10169,,first overtone,c9e6ef6882b27c47158a1f863101df9bb01d155ebc6f988d0a820dbf34e8ed0d,photometry/OGLE-BLG-RRLYR-04186.dat,65832,2743,4403.8458200000005,True,False,Exact duplicate folded phases
OGLE-BLG-RRLYR-04198,BLG,RRc,0.3282324,5000.14301,,first overtone,ba099fbd628d1bc6960af2b7e263447cf91ca7788799ac9e6d2916c5784cebcc,photometry/OGLE-BLG-RRLYR-04198.dat,33840,1410,2829.21247,True,False,Exact duplicate folded phases
OGLE-BLG-RRLYR-04215,BLG,RRc,0.3694241,5000.32866,,first overtone,ec8d74c2b09425b4ac3a4561f685bd495f16dfe08440c5ca32b6fe2978ba67e0,photometry/OGLE-BLG-RRLYR-04215.dat,66216,2759,4403.8460000000005,True,False,Exact duplicate folded phases
OGLE-BLG-RRLYR-04233,BLG,RRab,0.57751425,5000.00628,,fundamental,b97c17c847b33d54c36a0c2d683501fe2bda7862b4e0e76aabc3a515dd76f8d1,photometry/OGLE-BLG-RRLYR-04233.dat,45192,1883,4397.01939,True,False,Exact duplicate folded phases
OGLE-BLG-RRLYR-04250,BLG,RRab,0.4751182,5000.2765,,fundamental,56bb4e50e44a76599a95d6dd407a32bd6d2fe38053935ea797676c6fc77ae8d1,photometry/OGLE-BLG-RRLYR-04250.dat,66576,2774,4403.00523,True,False,Exact duplicate folded phases
OGLE-BLG-RRLYR-04257,BLG,RRab,0.5712205,5000.1788,,fundamental,7d8e98b70d38203a8f648e4aa823fdc0957c72289928c8de92133891542a04bd,photometry/OGLE-BLG-RRLYR-04257.dat,66552,2773,4403.00596,True,False,Exact duplicate folded phases
OGLE-BLG-RRLYR-04276,BLG,RRab,0.61893032,5000.50765,,fundamental,5f3fd0596e74c1ce50b7ee2da6ef5f8e97d60403519be594cf32a4ea8a10848b,photometry/OGLE-BLG-RRLYR-04276.dat,66408,2767,4403.00588,True,False,Exact duplicate folded phases
OGLE-BLG-RRLYR-04286,BLG,RRc,0.2762248,5000.1339,,first overtone,811622b976d0d57c801e0101d7b1d081ce3b89a57309fb6ed90185fa9bfef379,photometry/OGLE-BLG-RRLYR-04286.dat,41904,1746,4403.07971,True,False,Exact duplicate folded phases
OGLE-BLG-RRLYR-04315,BLG,RRc,0.2749218,5000.26164,,first overtone,4037fd3c23acfbacde8db8b9ecb3336be662255b4b06ece4509673c7241770f0,photometry/OGLE-BLG-RRLYR-04315.dat,10752,448,2799.0560199999995,True,False,Exact duplicate folded phases
OGLE-BLG-RRLYR-04318,BLG,RRab,0.56964144,5000.38074,,fundamental,06464706a7c5b8a0ca225975f43194899472ae7bb720344ba01ab15f09e08964,photometry/OGLE-BLG-RRLYR-04318.dat,66360,2765,4403.00523,True,False,Exact duplicate folded phases
OGLE-BLG-RRLYR-04369,BLG,RRc,0.27046718,5000.23634,,first overtone,9a124346a9ba63b9cf6135b2583f5053bddb10202b1b8a533803d15dcc1058a8,photometry/OGLE-BLG-RRLYR-04369.dat,672,28,2569.84018,True,False,Fewer than 30 original observations
OGLE-BLG-RRLYR-04383,BLG,RRc,0.3151108,5000.16673,,first overtone,7993332b82920173f5bb601b920a3b7e5720905d240e9938c4cae37ec88206b7,photometry/OGLE-BLG-RRLYR-04383.dat,22512,938,4403.82509,True,False,Exact duplicate folded phases
OGLE-BLG-RRLYR-04387,BLG,RRab,0.5516542,5000.26915,,fundamental,677ae4604824bae8b46956469c5510233a80a45f9650353e1f2a85b9cfa4832d,photometry/OGLE-BLG-RRLYR-04387.dat,64056,2669,4403.00537,True,False,Exact duplicate folded phases
OGLE-BLG-RRLYR-04408,BLG,RRc,0.3220061,5000.04004,,first overtone,d586a5d51792f73cbe721426de880495a2efd1b5d97c6dea479b245ae3ac094e,photometry/OGLE-BLG-RRLYR-04408.dat,39720,1655,4403.83467,True,False,Exact duplicate folded phases
OGLE-BLG-RRLYR-04410,BLG,RRab,0.4492055,5000.38919,,fundamental,3e4393158e468214c32437deedafdc01b2fb5fa0fa4c78d41da8979e8ff969af,photometry/OGLE-BLG-RRLYR-04410.dat,56928,2372,2883.15922,True,False,Exact duplicate folded phases
OGLE-BLG-RRLYR-04430,BLG,RRab,0.4544875,5000.32715,,fundamental,8f39b908f91234fada155e28750d400a7860e5266bd3b9d211b82d918e3a45f1,photometry/OGLE-BLG-RRLYR-04430.dat,32520,1355,2830.22542,True,False,Exact duplicate folded phases
OGLE-BLG-RRLYR-04512,BLG,RRc,0.3181798,5000.04471,,first overtone,f409dab95bb1443b8a536002c00d09197d295de7660ddc451fd49501ce9aa343,photometry/OGLE-BLG-RRLYR-04512.dat,30144,1256,4402.94487,True,False,Exact duplicate folded phases
OGLE-BLG-RRLYR-04628,BLG,RRab,0.5850088,5000.41406,,fundamental,ce96c843191dc6e8f2db90744bfae5bf3cfd662e67c543a98d704601f19a44ed,photometry/OGLE-BLG-RRLYR-04628.dat,32880,1370,2830.22542,True,False,Exact duplicate folded phases
OGLE-BLG-RRLYR-04643,BLG,RRc,0.29145904,5000.05668,,first overtone,98bb2cb2c1c83eb79b53704556985c25a4363ae854136b5430553d6d252138f3,photometry/OGLE-BLG-RRLYR-04643.dat,32688,1362,2830.22542,True,False,Exact duplicate folded phases
OGLE-BLG-RRLYR-04674,BLG,RRc,0.27919736,5000.12659,,first overtone,2fb79ffa4ad1ae4808438b9c176d2fad7de3f86cd24db34c98d6a7f4d5992573,photometry/OGLE-BLG-RRLYR-04674.dat,56760,2365,2883.15922,True,False,Exact duplicate folded phases
OGLE-BLG-RRLYR-04693,BLG,RRab,0.45272305,5000.01906,,fundamental,8d044ea4d3bb7d9a23d00922e5e1ac664c0569dc956de62644df22d4ca373c35,photometry/OGLE-BLG-RRLYR-04693.dat,57192,2383,2883.15922,True,False,Exact duplicate folded phases
OGLE-BLG-RRLYR-04711,BLG,RRc,0.26515024,5000.05808,,first overtone,e42bcc56cfc861fe7b674fcdf321d1c74bfabf4a4821491d942ab31d2c97b02f,photometry/OGLE-BLG-RRLYR-04711.dat,26784,1116,4403.844700000001,True,False,Exact duplicate folded phases
OGLE-BLG-RRLYR-04762,BLG,RRc,0.2946564,5000.16508,,first overtone,22626bf0db34abf6060fb59f135ff9c563dbb40364658bcc6dc1124f3d34ed0d,photometry/OGLE-BLG-RRLYR-04762.dat,32544,1356,2830.22542,True,False,Exact duplicate folded phases
OGLE-BLG-RRLYR-04781,BLG,RRc,0.33266288,5000.3213,,first overtone,8db31e727af4dae420ddbc452c7a8a83b7a21081225d963279b726c9fad3b321,photometry/OGLE-BLG-RRLYR-04781.dat,57120,2380,2883.15922,True,False,Exact duplicate folded phases
OGLE-BLG-RRLYR-04851,BLG,RRab,0.443854,5000.07853,,fundamental,274df02bf13e36df398bfc076ed1b647c0e5e3be4d1a92cfbf2948d137fb9a44,photometry/OGLE-BLG-RRLYR-04851.dat,57192,2383,2883.15922,True,False,Exact duplicate folded phases
OGLE-BLG-RRLYR-04945,BLG,RRab,0.579119,5000.30569,,fundamental,8ec145a027c19ec373584473fb11e2ddf3aa5e49aa9a0014ee02bcdbd66fec7c,photometry/OGLE-BLG-RRLYR-04945.dat,31296,1304,2830.22542,True,False,Exact duplicate folded phases
OGLE-BLG-RRLYR-05028,BLG,RRc,0.324548,5000.14223,,first overtone,f59119a8ff18edf91435c0aa7b495954af2f5fbef2e795091db2415c0cd88d2f,photometry/OGLE-BLG-RRLYR-05028.dat,34896,1454,2830.11805,True,False,Exact duplicate folded phases
OGLE-BLG-RRLYR-05044,BLG,RRc,0.36188395,5000.31228,,first overtone,124638212b53d68179ef653e8299951adb0fa0ce618bfac6fda461f6831c1c9b,photometry/OGLE-BLG-RRLYR-05044.dat,57168,2382,2883.15922,True,False,Exact duplicate folded phases
OGLE-BLG-RRLYR-05069,BLG,RRab,0.46678025,5000.34748,,fundamental,a9c7814a8957086e8da9ec8cdf093434de4cc9d60d48d243ab645b26a0e1d6fb,photometry/OGLE-BLG-RRLYR-05069.dat,34920,1455,2830.11805,True,False,Exact duplicate folded phases
OGLE-BLG-RRLYR-05098,BLG,RRc,0.310791,5000.00712,,first overtone,637c2a3ae72c67c8c9586914c1cf02017cd1c5527338599ccdaa84fc4b0f3e83,photometry/OGLE-BLG-RRLYR-05098.dat,26544,1106,4403.838100000001,True,False,Exact duplicate folded phases
OGLE-BLG-RRLYR-05172,BLG,RRc,0.3085015,5000.19568,,first overtone,f833e2c4ab788de2908fff75ce550083f8148a5fc7f14a41b9ee8c9bad4f9926,photometry/OGLE-BLG-RRLYR-05172.dat,65688,2737,4403.89517,True,False,Exact duplicate folded phases
OGLE-BLG-RRLYR-05297,BLG,RRab,0.4810458,5000.20474,,fundamental,a738ee78f3751e0fec6f032ac07c40261c63fc3515b028c2a1f4db6676c90ecf,photometry/OGLE-BLG-RRLYR-05297.dat,66936,2789,4402.97751,True,False,Exact duplicate folded phases
OGLE-BLG-RRLYR-05308,BLG,RRc,0.29559448,5000.10816,,first overtone,63377a2f05339cc1ac57833abd1448eab541c2ce627fb0871e629a280fb7baf5,photometry/OGLE-BLG-RRLYR-05308.dat,66768,2782,4402.97755,True,False,Exact duplicate folded phases
OGLE-BLG-RRLYR-05340,BLG,RRab,0.50022405,5000.13584,,fundamental,28730e169dcafe8dd7ed21ed1d68592cee6296c9e4592f2d86f34fa03ea772fd,photometry/OGLE-BLG-RRLYR-05340.dat,66888,2787,4403.89519,True,False,Exact duplicate folded phases
OGLE-BLG-RRLYR-05352,BLG,RRab,0.529616,5000.20747,,fundamental,8e0e6f7fc46b110bcb3aade26ce3a2f9d4244aab470f5b13c7e13768610a3e0a,photometry/OGLE-BLG-RRLYR-05352.dat,66888,2787,4403.8953,True,False,Exact duplicate folded phases
OGLE-BLG-RRLYR-05383,BLG,RRab,0.5775544,5000.11321,,fundamental,1942f0212e26736fe8ded2f119cbd57be9a7e861bfae6345acac0e48c72771e5,photometry/OGLE-BLG-RRLYR-05383.dat,31392,1308,2830.15799,True,False,Exact duplicate folded phases
OGLE-BLG-RRLYR-05391,BLG,RRab,0.55798288,5000.022,,fundamental,26fac99c29e3004c8d4dce57242e4e64cd13b401efdf03688e731d13066ca1ee,photometry/OGLE-BLG-RRLYR-05391.dat,97920,4080,4403.0518,True,False,Exact duplicate folded phases
OGLE-BLG-RRLYR-05421,BLG,RRab,0.43808982,5000.03542,,fundamental,b76554e3c087d48de22c942f382bbc37a57fa8d3accff1f596602356575a3d7e,photometry/OGLE-BLG-RRLYR-05421.dat,34896,1454,2830.11805,True,False,Exact duplicate folded phases
OGLE-BLG-RRLYR-05430,BLG,RRc,0.2518723,5000.11782,,first overtone,78861446dc53b333fd8952e3486e6d9ad91b2064e6bfbb84e5d874ac3a3786fb,photometry/OGLE-BLG-RRLYR-05430.dat,78312,3263,4403.89711,True,False,Exact duplicate folded phases
OGLE-BLG-RRLYR-05443,BLG,RRc,0.3491189,5000.24564,,first overtone,d09c9000c8802a432c2b9ea846a3fbed5801cacf130489fa927cbdf9dba450fa,photometry/OGLE-BLG-RRLYR-05443.dat,67800,2825,4402.97967,True,False,Exact duplicate folded phases
OGLE-BLG-RRLYR-05500,BLG,RRab,0.5878474,5000.35664,,fundamental,e5620fcc6bc8d28420a9845de98b27e38cc74b2b90410f18cec62db153222718,photometry/OGLE-BLG-RRLYR-05500.dat,67008,2792,4402.98025,True,False,Exact duplicate folded phases
OGLE-BLG-RRLYR-05505,BLG,RRab,0.5459752,5000.23634,,fundamental,d13de3fbf32e01461ba151c3ec24bf2cba865721763f1309eebbbf6f9d791cac,photometry/OGLE-BLG-RRLYR-05505.dat,18552,773,2836.00815,True,False,Exact duplicate folded phases
OGLE-BLG-RRLYR-05536,BLG,RRab,0.62865704,5000.39036,,fundamental,ad33296a436bb800718bdfa63c5432c510dcf777f67fa4a220909324aba413d9,photometry/OGLE-BLG-RRLYR-05536.dat,22296,929,4403.82297,True,False,Exact duplicate folded phases
OGLE-BLG-RRLYR-05538,BLG,RRc,0.30440375,5000.24642,,first overtone,2fb4fd8a11457dd24df166abf0fac8622ca6eb5cdabb01447ca9330687ca5555,photometry/OGLE-BLG-RRLYR-05538.dat,22296,929,4403.82323,True,False,Exact duplicate folded phases
OGLE-BLG-RRLYR-05550,BLG,RRc,0.249105,5000.13646,,first overtone,ce4fd9d63e523cb0bb0ff2b3d93037efa79c3af78eb85b7eee7efd47e6db66d2,photometry/OGLE-BLG-RRLYR-05550.dat,22296,929,4403.82297,True,False,Exact duplicate folded phases
OGLE-BLG-RRLYR-05644,BLG,RRab,0.564695,5000.0538,,fundamental,4fe265b2415dfed1f49f31ea0ba22d5fa7aa7c2cf4b200321d7587fe3b5fe62b,photometry/OGLE-BLG-RRLYR-05644.dat,32304,1346,2830.15799,True,False,Exact duplicate folded phases
OGLE-BLG-RRLYR-05675,BLG,RRab,0.5177375,5000.44913,,fundamental,5ec5ca852ac28ac54a0d68b09f822ae8e50cccbb387a9d87f62cc00224c32af5,photometry/OGLE-BLG-RRLYR-05675.dat,65736,2739,4402.98064,True,False,Exact duplicate folded phases
OGLE-BLG-RRLYR-05714,BLG,RRab,0.58995769,5000.22165,,fundamental,7e4e139d13f7ed156fea35f7f4ac20947fd97254cdb00dad502878fe36f6e9a8,photometry/OGLE-BLG-RRLYR-05714.dat,55968,2332,4402.98142,True,False,Exact duplicate folded phases
OGLE-BLG-RRLYR-05740,BLG,RRc,0.3433608,5000.02751,,first overtone,33aebc77ea02baca1d454d060cee2e14015d571d827b1243476483cd225c1cc4,photometry/OGLE-BLG-RRLYR-05740.dat,18504,771,2836.00815,True,False,Exact duplicate folded phases
OGLE-BLG-RRLYR-05801,BLG,RRc,0.2947245,5000.00771,,first overtone,9042d82d970100ce14770bb32a547a053167306e16061f33710f6a9c217d85e0,photometry/OGLE-BLG-RRLYR-05801.dat,66816,2784,4402.98132,True,False,Exact duplicate folded phases
OGLE-BLG-RRLYR-05830,BLG,RRab,0.48974797,5000.20341,,fundamental,a53dd9e4afd6936eeecb851f32f6d9149ad9564a62fb153f4cae168282c77a17,photometry/OGLE-BLG-RRLYR-05830.dat,32280,1345,2830.15799,True,False,Exact duplicate folded phases
OGLE-BLG-RRLYR-05852,BLG,RRc,0.3427081,5000.17895,,first overtone,245fff29682efdce4b95c9e3b92361af4c0635fffe9cc380d19524fff68e3178,photometry/OGLE-BLG-RRLYR-05852.dat,26712,1113,4402.97204,True,False,Exact duplicate folded phases
OGLE-BLG-RRLYR-05896,BLG,RRc,0.26625686,5000.11366,,first overtone,f698179a07585bb24b02371a77485ffddd9ad1a7735281ae742b00aa52b90767,photometry/OGLE-BLG-RRLYR-05896.dat,62832,2618,4402.98042,True,False,Exact duplicate folded phases
OGLE-BLG-RRLYR-06087,BLG,RRab,0.5541853,5000.2605,,fundamental,628965cda762f1b09134d3e19abfbab61cf42319d1b5bc1a384ba0cb6e17b579,photometry/OGLE-BLG-RRLYR-06087.dat,65976,2749,4403.85646,True,False,Exact duplicate folded phases
OGLE-BLG-RRLYR-06116,BLG,RRab,0.61563585,5000.05553,,fundamental,c4349076568e36cd916ba5dc924cc853709cc9dc3ef9a48298b22c13db37a50b,photometry/OGLE-BLG-RRLYR-06116.dat,22200,925,2830.21643,True,False,Exact duplicate folded phases
OGLE-BLG-RRLYR-06149,BLG,RRc,0.27853965,5000.16019,,first overtone,7379115cab806a3ae114c91649b83ac1ef035bd9ab44895773f1ffb296a03964,photometry/OGLE-BLG-RRLYR-06149.dat,70296,2929,4403.85683,True,False,Exact duplicate folded phases
OGLE-BLG-RRLYR-06154,BLG,RRc,0.356614,5000.17067,,first overtone,6d23e129a981a9e03226aea9272de9be006da55217cf2c5f3efbbf2a24c32db3,photometry/OGLE-BLG-RRLYR-06154.dat,70104,2921,4403.85675,True,False,Exact duplicate folded phases
OGLE-BLG-RRLYR-06158,BLG,RRab,0.48161728,5000.2179,,fundamental,51d4085f110d9b3a5cae29f538b34ef08a8f798db8b472bbac9c938dd26a8c6e,photometry/OGLE-BLG-RRLYR-06158.dat,70512,2938,4424.91605,True,False,Exact duplicate folded phases
OGLE-BLG-RRLYR-06199,BLG,RRab,0.550399,5000.43758,,fundamental,a7d2b279a709b1a92fd93a5912441ee75ae1edcc7280feac7ff58e95c1817f0f,photometry/OGLE-BLG-RRLYR-06199.dat,19848,827,2836.95816,True,False,Exact duplicate folded phases
OGLE-BLG-RRLYR-06203,BLG,RRab,0.69230152,5000.06029,,fundamental,52c27f8de43b9cbb4938bf1525dde00b9760da38c122760c94f56d679c957585,photometry/OGLE-BLG-RRLYR-06203.dat,70392,2933,4424.9163,True,False,Exact duplicate folded phases
OGLE-BLG-RRLYR-06209,BLG,RRab,0.5170658,5000.28021,,fundamental,e3afe55ae5417f47db3cc7178a628bfa296194f8bafe7e20c11b4d3b6cf55dd9,photometry/OGLE-BLG-RRLYR-06209.dat,31944,1331,2830.15799,True,False,Exact duplicate folded phases
OGLE-BLG-RRLYR-06235,BLG,RRab,0.5353973,5000.22601,,fundamental,9dd779af5e86aa1c6b7d1f9f2270a14971daa1ec6e28f9478e9c931602601353,photometry/OGLE-BLG-RRLYR-06235.dat,70464,2936,4424.91634,True,False,Exact duplicate folded phases
OGLE-BLG-RRLYR-06284,BLG,RRab,0.50808105,5000.21382,,fundamental,f572cb86c5b96550ce94ebc1c74f1208a4dbcaeecfb4575cdf8dc328e84ef8db,photometry/OGLE-BLG-RRLYR-06284.dat,32232,1343,2830.15799,True,False,Exact duplicate folded phases
OGLE-BLG-RRLYR-06305,BLG,RRab,0.51977125,5000.4817,,fundamental,1e47c07e9bfb92c4bde45db13343c4da84903237364f6dcc7da8a512c6dfec68,photometry/OGLE-BLG-RRLYR-06305.dat,31464,1311,2836.96601,True,False,Exact duplicate folded phases
OGLE-BLG-RRLYR-06310,BLG,RRab,0.61678075,5000.28711,,fundamental,d1dbbab7c64c6ec81af7d17ceb256fc2db10b944e99037bb1b110ba609f5b836,photometry/OGLE-BLG-RRLYR-06310.dat,27600,1150,4421.942800000001,True,False,Exact duplicate folded phases
OGLE-BLG-RRLYR-06387,BLG,RRc,0.2717559,5000.1273,,first overtone,248062d0dc6064e68e2416e12ad6bf0f09755c4c84c44ea4c16f5372ad19ee07,photometry/OGLE-BLG-RRLYR-06387.dat,67752,2823,4423.98768,True,False,Exact duplicate folded phases
OGLE-BLG-RRLYR-06402,BLG,RRc,0.40749656,5000.32659,,first overtone,f4a7d53db747cb9a41231441594866f20aa1180f21e487aea516f7aa5d084300,photometry/OGLE-BLG-RRLYR-06402.dat,68400,2850,4424.91726,True,False,Exact duplicate folded phases
OGLE-BLG-RRLYR-06438,BLG,RRab,0.6399764,5000.28678,,fundamental,f1d5c3914d7494f9b56cc6339c023ca4b956aed5d5cb4cd50833297bc6ebb53b,photometry/OGLE-BLG-RRLYR-06438.dat,67920,2830,4403.85666,True,False,Exact duplicate folded phases
OGLE-BLG-RRLYR-06440,BLG,RRab,0.5705003,5000.01312,,fundamental,7fc2f0be9846af7391417a641f7ae2a7b29b8ec940d63f48fd46a0a92b9da925,photometry/OGLE-BLG-RRLYR-06440.dat,70128,2922,4403.8565,True,False,Exact duplicate folded phases
OGLE-BLG-RRLYR-06539,BLG,RRc,0.24835385,5000.23861,,first overtone,00c5e2acd86c809fb5b32f3405be080e8a4460a6121828b7c2ae61f38c8cfced,photometry/OGLE-BLG-RRLYR-06539.dat,69432,2893,4403.85685,True,False,Exact duplicate folded phases
OGLE-BLG-RRLYR-06578,BLG,RRab,0.48449384,5000.21851,,fundamental,e8acd01cd55b65b3beca947460ddda02f2927f8e7f00225203a6f43e0686653b,photometry/OGLE-BLG-RRLYR-06578.dat,32280,1345,2830.15799,True,False,Exact duplicate folded phases
OGLE-BLG-RRLYR-06587,BLG,RRc,0.37232452,5000.11891,,first overtone,0b6436e8b73c3327e40946605eac33e4b3e14c68607de3b390f18e754a0d818f,photometry/OGLE-BLG-RRLYR-06587.dat,65040,2710,2830.1206200000006,True,False,Exact duplicate folded phases
OGLE-BLG-RRLYR-06604,BLG,RRc,0.26042096,5000.18278,,first overtone,cbd5c3a4d6ba6188a4d9cc591c48db5075fec8060ea0b6069a6a745185211db6,photometry/OGLE-BLG-RRLYR-06604.dat,99768,4157,4403.86429,True,False,Exact duplicate folded phases
OGLE-BLG-RRLYR-06624,BLG,RRab,0.48736734,5000.4679,,fundamental,7593eaec6080435e01795ccf32d8876e05289c517090878d749133a7a465d121,photometry/OGLE-BLG-RRLYR-06624.dat,35400,1475,2836.0107300000004,True,False,Exact duplicate folded phases
OGLE-BLG-RRLYR-06652,BLG,RRab,0.5753883,5000.02517,,fundamental,9513315b140c286d95ac46fa4c1d5f1cea3ddbff4dea439026975ff4eebbcc2b,photometry/OGLE-BLG-RRLYR-06652.dat,69144,2881,4424.91145,True,False,Exact duplicate folded phases
OGLE-BLG-RRLYR-06663,BLG,RRc,0.2723313,5000.24281,,first overtone,77d2198ec850fec5b48cc8ec43a08f566c54fcedf010bc6f2db53eb0a2ebd22c,photometry/OGLE-BLG-RRLYR-06663.dat,7704,321,1778.0538500000002,True,False,Exact duplicate folded phases
OGLE-BLG-RRLYR-06669,BLG,RRab,0.55898045,5000.47192,,fundamental,165eef871597fa3e703ba1f02c4213259b14945ebef1d08c2453916deee1cd0a,photometry/OGLE-BLG-RRLYR-06669.dat,69456,2894,4424.91064,True,False,Exact duplicate folded phases
OGLE-BLG-RRLYR-06680,BLG,RRab,0.72803676,5000.69708,,fundamental,2fe655bda0f1243e452dc4cc129c7de3d38d5dc746271d8c09a7198d207d6dc6,photometry/OGLE-BLG-RRLYR-06680.dat,21672,903,4421.939179999999,True,False,Exact duplicate folded phases
OGLE-BLG-RRLYR-06705,BLG,RRc,0.2806446,5000.17438,,first overtone,ff8ba95910317f644966d53c7e4ec93fe04a5724c07fbf7df2e39c6040fc3993,photometry/OGLE-BLG-RRLYR-06705.dat,69504,2896,4424.91075,True,False,Exact duplicate folded phases
OGLE-BLG-RRLYR-06778,BLG,RRc,0.2622044,5000.06953,,first overtone,a05670c2c5045305929153fb175df0ff9f5867847f86c9d88b7f98e941dd7607,photometry/OGLE-BLG-RRLYR-06778.dat,69624,2901,4424.9094000000005,True,False,Exact duplicate folded phases
OGLE-BLG-RRLYR-06823,BLG,RRc,0.28569143,5000.21465,,first overtone,f2b66885973300b6260ca5415b8a070ab2ae689f2007b9ef58cb5d1b17c59f68,photometry/OGLE-BLG-RRLYR-06823.dat,69792,2908,4424.90921,True,False,Exact duplicate folded phases
OGLE-BLG-RRLYR-06867,BLG,RRc,0.27238932,5000.09593,,first overtone,7bd7c536bd5a35d3e208f8904a6fd929f56231e300d7bc5ceabaf2967ae4862a,photometry/OGLE-BLG-RRLYR-06867.dat,27984,1166,4421.94204,True,False,Exact duplicate folded phases
OGLE-BLG-RRLYR-06868,BLG,RRab,0.5067275,5000.39042,,fundamental,ce212cf1ae8d5aab94459a2588c5d17b9c98720b2ed7f4b3653b61e99c5bc750,photometry/OGLE-BLG-RRLYR-06868.dat,33672,1403,2830.1339000000003,True,False,Exact duplicate folded phases
OGLE-BLG-RRLYR-06888,BLG,RRab,0.5786472,5000.19786,,fundamental,7c18376b18fc75d3f210ec327f09c3fd728b66ab2f45eeda02e5bcdd2b26acc3,photometry/OGLE-BLG-RRLYR-06888.dat,67752,2823,4424.91022,True,False,Exact duplicate folded phases
OGLE-BLG-RRLYR-06950,BLG,RRc,0.37502862,5000.34091,,first overtone,864eea915413e3d02fbd473d0fa8eff1b0b5a41078d3f21fbee6a3314bdf1bbd,photometry/OGLE-BLG-RRLYR-06950.dat,69696,2904,4424.91013,True,False,Exact duplicate folded phases
OGLE-BLG-RRLYR-06953,BLG,RRab,0.51151906,5000.05465,,fundamental,9834a585d41b5552c185fdbf8810409118b9894c59221e6cb84a903db9eb8c80,photometry/OGLE-BLG-RRLYR-06953.dat,69816,2909,4424.9091,True,False,Exact duplicate folded phases
OGLE-BLG-RRLYR-07006,BLG,RRab,0.60447086,5000.2872,,fundamental,7da44799d57324eeba460c509775ea5a8aaaf0dd624aaafc35ae76b40e825268,photometry/OGLE-BLG-RRLYR-07006.dat,68952,2873,4424.90958,True,False,Exact duplicate folded phases
OGLE-BLG-RRLYR-07011,BLG,RRab,0.49339762,5000.29128,,fundamental,55dfdb45d908fc94576d5955cf7f3f4ea80709a5b9d1666740410fae9f3f6abc,photometry/OGLE-BLG-RRLYR-07011.dat,69672,2903,4424.91094,True,False,Exact duplicate folded phases
OGLE-BLG-RRLYR-07029,BLG,RRab,0.517694,5000.07533,,fundamental,c4639e736b64abcfdf975d5380901cb5baf51581589d78eadf92d7d6edadd8e4,photometry/OGLE-BLG-RRLYR-07029.dat,27912,1163,4421.9413,True,False,Exact duplicate folded phases
OGLE-BLG-RRLYR-07047,BLG,RRc,0.30496375,5000.26778,,first overtone,522ff4bf555d867b210c576861b91d25598daa790023ab84fb72cc26db3104b3,photometry/OGLE-BLG-RRLYR-07047.dat,68304,2846,4424.9109,True,False,Exact duplicate folded phases
OGLE-BLG-RRLYR-07064,BLG,RRab,0.3559168,5000.09471,,fundamental,07f08fcdc6a745569db598a742c82a4da5e046f519650118214411a77e644bed,photometry/OGLE-BLG-RRLYR-07064.dat,18312,763,2836.0077300000003,True,False,Exact duplicate folded phases
OGLE-BLG-RRLYR-07068,BLG,RRab,0.53070025,5000.14464,,fundamental,c8688b1c2baec9a47983b8be9144a099ad82439b373d4b75b9ed656ae13f87c9,photometry/OGLE-BLG-RRLYR-07068.dat,67440,2810,4424.9101,True,False,Exact duplicate folded phases
OGLE-BLG-RRLYR-07117,BLG,RRc,0.274782,5000.16724,,first overtone,1c2b48e2c6ae1466be4e1d18def1b49d4ee700d35e136f450faa0ad476724be0,photometry/OGLE-BLG-RRLYR-07117.dat,19848,827,2837.9536500000004,True,False,Exact duplicate folded phases
OGLE-BLG-RRLYR-07144,BLG,RRab,0.54654999,5000.02624,,fundamental,1dd10e126191cdba2bd20d9ecb0e1fbc34e043059d8ff518a25f23d1a0946416,photometry/OGLE-BLG-RRLYR-07144.dat,69768,2907,4424.91117,True,False,Exact duplicate folded phases
OGLE-BLG-RRLYR-07169,BLG,RRc,0.2256329,5000.02802,,first overtone,2e7d3c10b509beecf020926ed59fc57718c2c2f94e54718650fd605f51fca925,photometry/OGLE-BLG-RRLYR-07169.dat,69528,2897,4424.90982,True,False,Exact duplicate folded phases
OGLE-BLG-RRLYR-07273,BLG,RRab,0.56189124,5000.42468,,fundamental,fe195ef4eba0dc027c5e556977b04995b1706f535bd438bc58260d8a86156d2c,photometry/OGLE-BLG-RRLYR-07273.dat,18336,764,2836.0077300000003,True,False,Exact duplicate folded phases
OGLE-BLG-RRLYR-07298,BLG,RRab,0.58671312,5000.44036,,fundamental,ff30b96bd9f5c5fa3ca92aac49c097762b1b069ada92a4a8f64520b15fe1422a,photometry/OGLE-BLG-RRLYR-07298.dat,69912,2913,4403.88649,True,False,Exact duplicate folded phases
OGLE-BLG-RRLYR-07338,BLG,RRc,0.2878859,5000.01719,,first overtone,8054ac82a414712186e16fa62634e8601a3605f8183d00ce5e996c8c515d1076,photometry/OGLE-BLG-RRLYR-07338.dat,69840,2910,4403.88663,True,False,Exact duplicate folded phases
OGLE-BLG-RRLYR-07344,BLG,RRab,0.42483475,5000.22873,,fundamental,4b5c1b91cc2237906841e03d1869c60b12e6946198b9cdafdfefa137623a0d97,photometry/OGLE-BLG-RRLYR-07344.dat,15792,658,2837.9695899999997,True,False,Exact duplicate folded phases
OGLE-BLG-RRLYR-07348,BLG,RRab,0.4378621,5000.1282,,fundamental,4815f576b59a05a71ead4833e156a48014db62155ef8a47da902cab2269e1945,photometry/OGLE-BLG-RRLYR-07348.dat,43224,1801,4403.8071,True,False,Exact duplicate folded phases
OGLE-BLG-RRLYR-07375,BLG,RRc,0.32464825,5000.07866,,first overtone,64bec5a98ae67310c28d8d9fb1d4d4d9f2d3487646eb1da3b94ca4b8d9076c62,photometry/OGLE-BLG-RRLYR-07375.dat,70584,2941,4403.88654,True,False,Exact duplicate folded phases
OGLE-BLG-RRLYR-07380,BLG,RRc,0.30624696,5000.27684,,first overtone,bf72f60039ee787cf4c849db61ca2a1e984588c7e6cabbe7cd6bdbd40d7df696,photometry/OGLE-BLG-RRLYR-07380.dat,70272,2928,4403.88752,True,False,Exact duplicate folded phases
OGLE-BLG-RRLYR-07400,BLG,RRab,0.46543942,5000.11135,,fundamental,6a54df2d6c8d16ed099a0fce8e5682466e5f52b50808f5e3d4e7db34cd3d2834,photometry/OGLE-BLG-RRLYR-07400.dat,21000,875,2830.1151000000004,True,False,Exact duplicate folded phases
OGLE-BLG-RRLYR-07411,BLG,RRab,0.570397,5000.53877,,fundamental,e0b892dc90e7b894feb56cf122bbeced8000561898967ed6b18db761b05a92c5,photometry/OGLE-BLG-RRLYR-07411.dat,30048,1252,2830.1151000000004,True,False,Exact duplicate folded phases
OGLE-BLG-RRLYR-07425,BLG,RRc,0.3152,5000.22297,,first overtone,6563bd1ab50fca3df197c9b552f3f7921150c84436e2008cf1ba066492279ccb,photometry/OGLE-BLG-RRLYR-07425.dat,16344,681,2827.0208199999997,True,False,Exact duplicate folded phases
OGLE-BLG-RRLYR-07517,BLG,RRc,0.32565225,5000.04635,,first overtone,b76a4ce5725c5255654306c92e7df9584ca0039866b51d2db2ce718d6247cba3,photometry/OGLE-BLG-RRLYR-07517.dat,70368,2932,4403.88713,True,False,Exact duplicate folded phases
OGLE-BLG-RRLYR-07525,BLG,RRab,0.63677241,5000.50792,,fundamental,fee2541d340ab24336b92bae40383adbd5eaf5f9311704bd8bb494fdf48106e5,photometry/OGLE-BLG-RRLYR-07525.dat,43176,1799,4403.806710000001,True,False,Exact duplicate folded phases
OGLE-BLG-RRLYR-07562,BLG,RRab,0.59540375,5000.05422,,fundamental,500eabb31925484bb0cfff1ecc68ddcd16fc515d207c50bb7ebe30930f6bf653,photometry/OGLE-BLG-RRLYR-07562.dat,70608,2942,4402.99798,True,False,Exact duplicate folded phases
OGLE-BLG-RRLYR-07593,BLG,RRab,0.45081725,5000.28717,,fundamental,c2f348084d8edcb64521868a822780b5111c30b23685cdb433449f822d16664d,photometry/OGLE-BLG-RRLYR-07593.dat,19872,828,2837.9536500000004,True,False,Exact duplicate folded phases
OGLE-BLG-RRLYR-07626,BLG,RRc,0.3017141,5000.27195,,first overtone,bc3e94f7f2713843d7dfb696c811adc6ea465a9cfabb1d97650ee162388a9404,photometry/OGLE-BLG-RRLYR-07626.dat,69744,2906,4403.88688,True,False,Exact duplicate folded phases
OGLE-BLG-RRLYR-07723,BLG,RRc,0.35599964,5000.02115,,first overtone,cd3d0d5ce66b7ced415bc879191cc19a3c1d165079d276320739667e72d3563b,photometry/OGLE-BLG-RRLYR-07723.dat,70608,2942,4402.99797,True,False,Exact duplicate folded phases
OGLE-BLG-RRLYR-07738,BLG,RRab,0.68597984,5000.07225,,fundamental,c81bf44a25867827ee4470ac9405d0941d51eacda64deab6bba120de0a3c1472,photometry/OGLE-BLG-RRLYR-07738.dat,32616,1359,2830.14869,True,False,Exact duplicate folded phases
OGLE-BLG-RRLYR-07761,BLG,RRab,0.5684049,5000.10357,,fundamental,11b29d602c9019254b16bfce4b9b4eab7ec6913839e91d78dea6072a2e583a72,photometry/OGLE-BLG-RRLYR-07761.dat,64464,2686,2848.9216000000006,True,False,Exact duplicate folded phases
OGLE-BLG-RRLYR-07772,BLG,RRc,0.2549746,5000.15225,,first overtone,ad175b623cc770f80040bf3366a48459e76ffda595b7753d80bccc4ef9eb468a,photometry/OGLE-BLG-RRLYR-07772.dat,32784,1366,2830.14869,True,False,Exact duplicate folded phases
OGLE-BLG-RRLYR-07820,BLG,RRab,0.4112975,5000.26452,,fundamental,c2126973200523e4a9fef40dd6e1f0c4a2610755eadcda9b8f85d4ef8c275b09,photometry/OGLE-BLG-RRLYR-07820.dat,32760,1365,2830.14869,True,False,Exact duplicate folded phases
OGLE-BLG-RRLYR-07934,BLG,RRab,0.52972,5000.44397,,fundamental,ac5083b285bbe539b3118286e2d7c7fef49b86276331e8a95d129e973cb0eea2,photometry/OGLE-BLG-RRLYR-07934.dat,39312,1638,4402.93951,True,False,Exact duplicate folded phases
OGLE-BLG-RRLYR-07952,BLG,RRc,0.371294,5000.33635,,first overtone,b03095afdcf0b3e97af42b021bda3eea04dd8289e83539c4a9b476b76334de3a,photometry/OGLE-BLG-RRLYR-07952.dat,32016,1334,2830.0393700000004,True,False,Exact duplicate folded phases
OGLE-BLG-RRLYR-07954,BLG,RRab,0.53407888,5000.00401,,fundamental,4cd42a74130966e73f1d15193f5731198dde5e2a3ac8aa0447ccd8037ab7b109,photometry/OGLE-BLG-RRLYR-07954.dat,31632,1318,2830.0393700000004,True,False,Exact duplicate folded phases
OGLE-BLG-RRLYR-08021,BLG,RRab,0.61239,5000.40523,,fundamental,bc8807cdc5158b988f4606e80c0a1ae865ed18dedd48bd06c777134a5317c2c0,photometry/OGLE-BLG-RRLYR-08021.dat,60576,2524,2883.1686,True,False,Exact duplicate folded phases
OGLE-BLG-RRLYR-08023,BLG,RRc,0.32145714,5000.29759,,first overtone,134194c3553e8ae62c5d58b951ae4a9cdea642c2392b1a1ee575e9fe775e61f2,photometry/OGLE-BLG-RRLYR-08023.dat,60600,2525,2883.1686,True,False,Exact duplicate folded phases
OGLE-BLG-RRLYR-08024,BLG,RRab,0.4577538,5000.13476,,fundamental,99186f4a4416042e770b6e804d735485c5a1fb46d13a45c43834bf4165cc39e6,photometry/OGLE-BLG-RRLYR-08024.dat,33312,1388,2848.9216000000006,True,False,Exact duplicate folded phases
OGLE-BLG-RRLYR-08042,BLG,RRab,0.51827,5000.14901,,fundamental,fcc959438ce31a8bffa0d45376ceb2eb80794039a2acdb2110c44ff00ea2df01,photometry/OGLE-BLG-RRLYR-08042.dat,32808,1367,2830.14869,True,False,Exact duplicate folded phases
OGLE-BLG-RRLYR-08098,BLG,RRab,0.5902772,5000.33628,,fundamental,ce06d48b79e8e47abd53bfa48b488ae38b01d1003c892919daae806a70ce1871,photometry/OGLE-BLG-RRLYR-08098.dat,60768,2532,2883.1686,True,False,Exact duplicate folded phases
OGLE-BLG-RRLYR-08104,BLG,RRab,0.476858,5000.14826,,fundamental,fbca98222dc30ef3c3e6284bd252c70f36e94432bd584102ebf851e28f02f49c,photometry/OGLE-BLG-RRLYR-08104.dat,41016,1709,4421.907380000001,True,False,Exact duplicate folded phases
OGLE-BLG-RRLYR-08107,BLG,RRc,0.3653484,5000.20946,,first overtone,14b31a282f22ed60958e266e203b2f310680bb8ed702774a43766190daed7bf7,photometry/OGLE-BLG-RRLYR-08107.dat,43392,1808,4421.89784,True,False,Exact duplicate folded phases
OGLE-BLG-RRLYR-08177,BLG,RRc,0.28513325,5000.17936,,first overtone,eae24ef3cc14b85bd36b41d5db3b32a30f101e6fe426d4a8160dfe05c3fd2b57,photometry/OGLE-BLG-RRLYR-08177.dat,32784,1366,2830.14869,True,False,Exact duplicate folded phases
OGLE-BLG-RRLYR-08209,BLG,RRc,0.25811701,5000.03274,,first overtone,1a3051f4ef1ec1bcc43a813f3e9f9541b8407566492d712234fa79e8370889da,photometry/OGLE-BLG-RRLYR-08209.dat,43560,1815,4421.89693,True,False,Exact duplicate folded phases
OGLE-BLG-RRLYR-08223,BLG,RRab,0.6187316,5000.59757,,fundamental,fcc8ab37d895c9b8189bbb23827f67bf921d59754baa28c13ca286e03491cc40,photometry/OGLE-BLG-RRLYR-08223.dat,60768,2532,2883.1686,True,False,Exact duplicate folded phases
OGLE-BLG-RRLYR-08233,BLG,RRc,0.266885,5000.08984,,first overtone,8642f4259a6b02761bdbe076020733226cd2fce1a302e4b32c84bb71a77c539b,photometry/OGLE-BLG-RRLYR-08233.dat,28824,1201,2825.3566499999997,True,False,Exact duplicate folded phases
OGLE-BLG-RRLYR-08242,BLG,RRab,0.44719472,5000.34028,,fundamental,e4ff58b419374227b8601f1dd8b73cfe6ccb0acf5b2fa86e7f300ae4948052dc,photometry/OGLE-BLG-RRLYR-08242.dat,46632,1943,2830.2160200000003,True,False,Exact duplicate folded phases
OGLE-BLG-RRLYR-08257,BLG,RRc,0.26797289,5000.15776,,first overtone,415f60851c48dded363a3f8f8d657ddf953d5138967a131326c7251492f1dcd3,photometry/OGLE-BLG-RRLYR-08257.dat,22512,938,2830.2539199999997,True,False,Exact duplicate folded phases
OGLE-BLG-RRLYR-08262,BLG,RRab,0.54421,5000.34407,,fundamental,194e71e430a9db9667ffb8111d29f5ef1bd1772029445f582a1e38b5e251ca83,photometry/OGLE-BLG-RRLYR-08262.dat,28896,1204,2825.3566499999997,True,False,Exact duplicate folded phases
OGLE-BLG-RRLYR-08277,BLG,RRc,0.26124736,5000.15961,,first overtone,fe6d95bb805e2839f7936632173b963de32ff7c999eec00e22eaba968058afc3,photometry/OGLE-BLG-RRLYR-08277.dat,60672,2528,2883.1686,True,False,Exact duplicate folded phases
OGLE-BLG-RRLYR-08349,BLG,RRc,0.29708737,5000.23955,,first overtone,167d8616ffadd3e1340bc6c8c5364f3adaa0358269fcfab1a12763708d82e7b1,photometry/OGLE-BLG-RRLYR-08349.dat,43392,1808,4402.94221,True,False,Exact duplicate folded phases
OGLE-BLG-RRLYR-08402,BLG,RRab,0.7260345,5000.62287,,fundamental,7e34e7159bd9f52801f3d5547e3fad4fbaa6bb59a88fce17b7d8007765ab1571,photometry/OGLE-BLG-RRLYR-08402.dat,43320,1805,4402.94152,True,False,Exact duplicate folded phases
OGLE-BLG-RRLYR-08438,BLG,RRab,0.628836,5000.22209,,fundamental,eb365057c88418d2bb2efc306c8ef856e3bedc586a22afdf95e5260fdb6b07a5,photometry/OGLE-BLG-RRLYR-08438.dat,60768,2532,2883.1686,True,False,Exact duplicate folded phases
OGLE-BLG-RRLYR-08447,BLG,RRc,0.27066124,5000.00177,,first overtone,445ef4acb72b8ae2750be960779392c0c2c10dcdb6743454fdfa75814b5d6d24,photometry/OGLE-BLG-RRLYR-08447.dat,32832,1368,2830.14869,True,False,Exact duplicate folded phases
OGLE-BLG-RRLYR-08463,BLG,RRc,0.34095553,5000.24141,,first overtone,b04dc0da750b27d4b3303076f336c8959783803f4e53b16bf751c52fe66a9a3f,photometry/OGLE-BLG-RRLYR-08463.dat,44088,1837,4421.910180000001,True,False,Exact duplicate folded phases
OGLE-BLG-RRLYR-08530,BLG,RRab,0.60307719,5000.56425,,fundamental,083ca4e3217f456701d78ab5a46c50333ea0b6649b148cf84bb150735b6a6fee,photometry/OGLE-BLG-RRLYR-08530.dat,44136,1839,4402.94131,True,False,Exact duplicate folded phases
OGLE-BLG-RRLYR-08589,BLG,RRc,0.248352,5000.2189,,first overtone,337ccd45b76806b2d77cb6cbb3e360a2368e7f7c7a7ea126648c2742c5ab22a4,photometry/OGLE-BLG-RRLYR-08589.dat,34128,1422,2830.1138100000003,True,False,Exact duplicate folded phases
OGLE-BLG-RRLYR-08605,BLG,RRab,0.73354648,5000.16569,,fundamental,41e8fcd4016e5de7c300c61560af43d5cbb07b7676e04ae35856610fa7651078,photometry/OGLE-BLG-RRLYR-08605.dat,33384,1391,2848.9216000000006,True,False,Exact duplicate folded phases
OGLE-BLG-RRLYR-08698,BLG,RRc,0.2543925,5000.19713,,first overtone,e8088235f4ee6c0414fcea29bb46804a70f28f3602738d4161e5807c20f1d3b9,photometry/OGLE-BLG-RRLYR-08698.dat,34248,1427,2830.1138100000003,True,False,Exact duplicate folded phases
OGLE-BLG-RRLYR-08701,BLG,RRab,0.61639625,5000.27178,,fundamental,afa8df3c9b300787081c5e538d6000bd356f0ddc10b38e83c0202f53b4e42106,photometry/OGLE-BLG-RRLYR-08701.dat,32784,1366,2830.14869,True,False,Exact duplicate folded phases
OGLE-BLG-RRLYR-08706,BLG,RRab,0.68448422,5000.01656,,fundamental,4ba71c6eaeb8efe821b255ef016a8c29d2c0d1d59dfe6a4f98090e3f2a951942,photometry/OGLE-BLG-RRLYR-08706.dat,60720,2530,2883.1686,True,False,Exact duplicate folded phases
OGLE-BLG-RRLYR-08746,BLG,RRab,0.57061725,5000.01917,,fundamental,0e06acd89823cfb9d860da3634110e8b8fda0fe92736e1ee70953786892f39a0,photometry/OGLE-BLG-RRLYR-08746.dat,60360,2515,2883.1686,True,False,Exact duplicate folded phases
OGLE-BLG-RRLYR-08787,BLG,RRc,0.31911472,5000.0912,,first overtone,3a059981f7df9ac36739f6d386014a51c2da3a00ea0fec21f72d1604440c077d,photometry/OGLE-BLG-RRLYR-08787.dat,42408,1767,4421.90062,True,False,Exact duplicate folded phases
OGLE-BLG-RRLYR-08805,BLG,RRc,0.30857046,5000.28949,,first overtone,9ab9413d0a67847b36f4db6f746ddc47b1e24314a400e3710c41b57f40ce1832,photometry/OGLE-BLG-RRLYR-08805.dat,30480,1270,2830.1138100000003,True,False,Exact duplicate folded phases
OGLE-BLG-RRLYR-08893,BLG,RRc,0.262495,5000.12838,,first overtone,63435188ef8ca6e9a4e1ca8944aebbe16a14ed59319240309e4186a1d683362c,photometry/OGLE-BLG-RRLYR-08893.dat,10968,457,2826.13358,True,False,Exact duplicate folded phases
OGLE-BLG-RRLYR-08941,BLG,RRab,0.6353805,5000.4199,,fundamental,cce5d37a859cc64f9de510b0d04a24c20338e44458f94f52467be8fea1eaa5df,photometry/OGLE-BLG-RRLYR-08941.dat,40680,1695,4403.9652399999995,True,False,Exact duplicate folded phases
OGLE-BLG-RRLYR-08943,BLG,RRab,0.77138328,5000.14041,,fundamental,c70076e936f65e9f3aee2646d015eaeeffb7addca0bc72b9da3e8d1640c0832a,photometry/OGLE-BLG-RRLYR-08943.dat,27096,1129,4421.96991,True,False,Exact duplicate folded phases
OGLE-BLG-RRLYR-08990,BLG,RRab,0.5667305,5000.46831,,fundamental,90002763bdab819da355c5a058e7df0f3052eb7b72022190f04a56c4e8d81a9b,photometry/OGLE-BLG-RRLYR-08990.dat,28008,1167,2830.1138100000003,True,False,Exact duplicate folded phases
OGLE-BLG-RRLYR-09059,BLG,RRab,0.6009775,5000.32093,,fundamental,ed85f845d802f958f36ee3ee52d95e89690fc46f7283ece00d5ee091f7b7f433,photometry/OGLE-BLG-RRLYR-09059.dat,31440,1310,2828.29922,True,False,Exact duplicate folded phases
OGLE-BLG-RRLYR-09142,BLG,RRc,0.2453997,5000.17185,,first overtone,b4dd20d87233bce2ffe87b7638c9f69bf4e1acbeb6d0613e8367aaf566c94b4a,photometry/OGLE-BLG-RRLYR-09142.dat,34176,1424,2830.1138100000003,True,False,Exact duplicate folded phases
OGLE-BLG-RRLYR-09273,BLG,RRab,0.60098875,5000.35413,,fundamental,a419795c8165b48d2f8d2bcf7b00f5ecd610194ce334ed63f85a62cba5ecf027,photometry/OGLE-BLG-RRLYR-09273.dat,38928,1622,4402.91328,True,False,Exact duplicate folded phases
OGLE-BLG-RRLYR-09274,BLG,RRc,0.31513508,5000.11701,,first overtone,d328befbebacd57a5e7b4270dfa41af440521a91572d4dc6243ed2314dbf2838,photometry/OGLE-BLG-RRLYR-09274.dat,28512,1188,2825.3566499999997,True,False,Exact duplicate folded phases
OGLE-BLG-RRLYR-09347,BLG,RRc,0.2701796,5000.1525,,first overtone,7a9c2e37cc0a121bf983911ca666734ceb71ca8a7605dae03fb7703af43b99f3,photometry/OGLE-BLG-RRLYR-09347.dat,39024,1626,4403.836249999999,True,False,Exact duplicate folded phases
OGLE-BLG-RRLYR-09395,BLG,RRc,0.28279125,5000.04263,,first overtone,7077fa74a377fc4483d52d1cbd9bcc86e523eac7089c4e6571bec2bf3a3f6826,photometry/OGLE-BLG-RRLYR-09395.dat,34272,1428,2830.1138100000003,True,False,Exact duplicate folded phases
OGLE-BLG-RRLYR-09426,BLG,RRc,0.223387,5000.13833,,first overtone,c4e5e7799a2cb5ad7ab3881c685d65faa4caedba34b6efd4f093dcd2fd632c4c,photometry/OGLE-BLG-RRLYR-09426.dat,31152,1298,2848.9152599999998,True,False,Exact duplicate folded phases
OGLE-BLG-RRLYR-09559,BLG,RRab,0.65653328,5000.29495,,fundamental,3633e541fa95db783212f9c61c586acee9248ef1cf4a8a117f6658592c3beac7,photometry/OGLE-BLG-RRLYR-09559.dat,32232,1343,4412.79746,True,False,Exact duplicate folded phases
OGLE-BLG-RRLYR-09580,BLG,RRab,0.54196976,5000.21781,,fundamental,cec7b76e65c460c72fa0317fb5ad5e7a11c89cdbea9da05ba2907b3602f2be40,photometry/OGLE-BLG-RRLYR-09580.dat,31248,1302,2848.9152599999998,True,False,Exact duplicate folded phases
OGLE-BLG-RRLYR-09611,BLG,RRc,0.34050628,5000.14816,,first overtone,14b4a7a2c3138192a186494fc4982e460df9aa6c3232af8752032b80d5d4c483,photometry/OGLE-BLG-RRLYR-09611.dat,14688,612,2110.0350799999997,True,False,Exact duplicate folded phases
OGLE-BLG-RRLYR-09624,BLG,RRab,0.55472525,5000.19284,,fundamental,b3e51198394877f711fdcba6ab2da0324a2a2be896af7f8ca3d19f45d3ff2d0c,photometry/OGLE-BLG-RRLYR-09624.dat,25944,1081,2825.35631,True,False,Exact duplicate folded phases
OGLE-BLG-RRLYR-09699,BLG,RRab,0.6178112,5000.44898,,fundamental,4b75751a692f3c913540e548682e16d15d926e584e3658e2d7f517534f4020b9,photometry/OGLE-BLG-RRLYR-09699.dat,25560,1065,2825.35631,True,False,Exact duplicate folded phases
OGLE-BLG-RRLYR-09757,BLG,RRab,0.52436348,5000.16833,,fundamental,42c33ca234ffed032291fb7cf46c7d3e61df2073871dc8fc0850d6653a301c00,photometry/OGLE-BLG-RRLYR-09757.dat,40344,1681,4423.94181,True,False,Exact duplicate folded phases
OGLE-BLG-RRLYR-09827,BLG,RRab,0.53410625,5000.01645,,fundamental,c0b3be0505079452391ac87374865fa9a633e8cb9506ea8434c4190ac374c129,photometry/OGLE-BLG-RRLYR-09827.dat,38808,1617,4423.805579999999,True,False,Exact duplicate folded phases
OGLE-BLG-RRLYR-09857,BLG,RRab,0.614222,5000.54389,,fundamental,a1d4f8d1d0c895b5067865a162378b5170945dd4e387b1704b6dfc27be7a52cc,photometry/OGLE-BLG-RRLYR-09857.dat,52896,2204,2830.18481,True,False,Exact duplicate folded phases
OGLE-BLG-RRLYR-09911,BLG,RRab,0.5799415,5000.50584,,fundamental,c996e017bf784fc5d659a90f24893608c2ec3cf5f71740578fab1c9e3a981774,photometry/OGLE-BLG-RRLYR-09911.dat,38328,1597,4423.80542,True,False,Exact duplicate folded phases
OGLE-BLG-RRLYR-09920,BLG,RRc,0.327047,5000.02249,,first overtone,e0cd07412fe4d36c02324be76cee02fbcd96e36b66668263cf8ed2ee9cce3d9f,photometry/OGLE-BLG-RRLYR-09920.dat,18888,787,2830.1808600000004,True,False,Exact duplicate folded phases
OGLE-BLG-RRLYR-09944,BLG,RRc,0.3268652,5000.16544,,first overtone,1b219d53962d484c6e8f86565b538964636a2a6cb69366468be5e1ad2b2a89c1,photometry/OGLE-BLG-RRLYR-09944.dat,39336,1639,4423.943050000001,True,False,Exact duplicate folded phases
OGLE-BLG-RRLYR-10029,BLG,RRab,0.61004065,5000.26999,,fundamental,4dc381661862632dbbb4bca87051195b1a0909b855da34d8416c642dc20c0729,photometry/OGLE-BLG-RRLYR-10029.dat,38856,1619,4423.80506,True,False,Exact duplicate folded phases
OGLE-BLG-RRLYR-10062,BLG,RRab,0.5093,5000.25197,,fundamental,4c5c2b70dad819de87f5185d345a69ac34dde85cc363ebc79cdae532f5246ce1,photometry/OGLE-BLG-RRLYR-10062.dat,12912,538,4420.894329999999,True,False,Exact duplicate folded phases
OGLE-BLG-RRLYR-10069,BLG,RRab,0.6431174,5000.37402,,fundamental,e89c694e5d2e72521fcca7faadc3826b02203a3cd0f01ac7428d9d4f2f4434b1,photometry/OGLE-BLG-RRLYR-10069.dat,33600,1400,4423.94614,True,False,Exact duplicate folded phases
OGLE-BLG-RRLYR-10213,BLG,RRc,0.2959795,5000.03586,,first overtone,4f4786dff65e44580268075f1fce9f39da75c7ae7b6b4ee9eba2e3562570a731,photometry/OGLE-BLG-RRLYR-10213.dat,17784,741,2827.33645,True,False,Exact duplicate folded phases
OGLE-BLG-RRLYR-10511,BLG,RRc,0.3734268,5000.13088,,first overtone,28b53e1311ee650549c56edce1a9feab4ce1a18aa480d28860d4a50552b28fec,photometry/OGLE-BLG-RRLYR-10511.dat,31488,1312,2828.29922,True,False,Exact duplicate folded phases
OGLE-BLG-RRLYR-10518,BLG,RRab,0.719667,5000.71056,,fundamental,c77caddc7b26e4e48a375de9b591f9ac613963305b95d16583171a4099556bd5,photometry/OGLE-BLG-RRLYR-10518.dat,39768,1657,4423.93433,True,False,Exact duplicate folded phases
OGLE-BLG-RRLYR-10604,BLG,RRab,0.46107824,5000.32669,,fundamental,5062c8bc0b8e3bf41f7b3438c0433dcac369bc18c2ee4300255756803e6585e7,photometry/OGLE-BLG-RRLYR-10604.dat,40320,1680,4423.934340000001,True,False,Exact duplicate folded phases
OGLE-BLG-RRLYR-10726,BLG,RRc,0.27240725,5000.02734,,first overtone,058fa78a364f733db69754d4c22f211d8099b0f74728d7c99927aaa1ad37292c,photometry/OGLE-BLG-RRLYR-10726.dat,24720,1030,2828.16549,True,False,Exact duplicate folded phases
OGLE-BLG-RRLYR-10993,BLG,RRc,0.32945263,5000.28301,,first overtone,6dec26ba6071e6ff0e9c265ba45361315b654488f71b0ce8b129c296ce5f21ff,photometry/OGLE-BLG-RRLYR-10993.dat,34512,1438,4404.00212,True,False,Exact duplicate folded phases
OGLE-BLG-RRLYR-11024,BLG,RRab,0.555364,5000.43045,,fundamental,d56311304e24c904f7b68595b04c7eae6ea2eb46dd1f90dc4e10b4b1021b14b2,photometry/OGLE-BLG-RRLYR-11024.dat,56520,2355,4404.01448,True,False,Exact duplicate folded phases
OGLE-BLG-RRLYR-11087,BLG,RRc,0.30959725,5000.0265,,first overtone,a7ce2754f05971b28cf4437a57595485983bdc82063196b135a28d279b9263a0,photometry/OGLE-BLG-RRLYR-11087.dat,22224,926,2849.0185800000004,True,False,Exact duplicate folded phases
OGLE-BLG-RRLYR-11136,BLG,RRc,0.3171235,5000.12189,,first overtone,04600990ce35c568542189e02e7b0f430e99039cab9ed0225724c27d08ff48b6,photometry/OGLE-BLG-RRLYR-11136.dat,34512,1438,4404.00234,True,False,Exact duplicate folded phases
OGLE-BLG-RRLYR-11162,BLG,RRc,0.29134325,5000.27088,,first overtone,81c5035988576f77dd3ee81f3ced6a5001d5c884875bb2e097f414b335f94c9d,photometry/OGLE-BLG-RRLYR-11162.dat,24744,1031,2828.16549,True,False,Exact duplicate folded phases
OGLE-BLG-RRLYR-11163,BLG,RRc,0.31484104,5000.30283,,first overtone,d9689cfe6b593c6dd0cc8e11685104afb65d0a1d98dffbe7b8b48f4e14a76825,photometry/OGLE-BLG-RRLYR-11163.dat,24936,1039,2825.35554,True,False,Exact duplicate folded phases
OGLE-BLG-RRLYR-11203,BLG,RRab,0.55879264,5000.29693,,fundamental,9222640e6d5a0611d46988d3b59a11f103de2e404027971d38ae27cf2f1feedd,photometry/OGLE-BLG-RRLYR-11203.dat,25032,1043,2825.35554,True,False,Exact duplicate folded phases
OGLE-BLG-RRLYR-11233,BLG,RRab,0.586804,5000.55119,,fundamental,fae47b1b9ab41bcd08c567b506674f28fa3650c33d5a1ab62a74f6923fb500f2,photometry/OGLE-BLG-RRLYR-11233.dat,30144,1256,4382.90779,True,False,Exact duplicate folded phases
OGLE-BLG-RRLYR-11248,BLG,RRab,0.67129525,5000.27287,,fundamental,2a0473e6953bb5b81164c40d1b5c76507de632e58fa605302c920b968438f867,photometry/OGLE-BLG-RRLYR-11248.dat,33672,1403,4404.00437,True,False,Exact duplicate folded phases
OGLE-BLG-RRLYR-11317,BLG,RRc,0.33921125,5000.08728,,first overtone,aa13de2431cb6486a6f3c97246240a5057f3e7df8a7e1d8c69feeb678c3d7939,photometry/OGLE-BLG-RRLYR-11317.dat,32880,1370,4404.0021,True,False,Exact duplicate folded phases
OGLE-BLG-RRLYR-11346,BLG,RRab,0.6196245,5000.05835,,fundamental,bcb2e62b9059637d6c68d9f0b6e78137fa2fb015abb3af68320b9edfc70742ee,photometry/OGLE-BLG-RRLYR-11346.dat,32664,1361,2830.18344,True,False,Exact duplicate folded phases
OGLE-BLG-RRLYR-11437,BLG,RRc,0.346522,5000.03687,,first overtone,e6745295bd3a922ee3d22e7aab7ce4fd0dc4179f47de8f0a509771876ab0df1c,photometry/OGLE-BLG-RRLYR-11437.dat,34128,1422,4403.99062,True,False,Exact duplicate folded phases
OGLE-BLG-RRLYR-11533,BLG,RRc,0.2710896,5000.15639,,first overtone,2ee902a4fd59177898d08e1b18e7e338132451e8692a0ee05fcea3ec47cc0544,photometry/OGLE-BLG-RRLYR-11533.dat,34848,1452,4403.99049,True,False,Exact duplicate folded phases
OGLE-BLG-RRLYR-11557,BLG,RRc,0.3930724,5000.06189,,first overtone,73e186bb38560a3dc0fec98dea9092bebe07b1fb1fa2a68ddfa5311255d5ebe5,photometry/OGLE-BLG-RRLYR-11557.dat,28608,1192,4403.896110000001,True,False,Exact duplicate folded phases
OGLE-BLG-RRLYR-12063,BLG,RRab,0.6254236,5000.25747,,fundamental,ce8ce748c4db6e99236bcbefbd5b36ff1daa0965c7a0d78065e188ac40d50621,photometry/OGLE-BLG-RRLYR-12063.dat,32376,1349,2828.3248700000004,True,False,Exact duplicate folded phases
OGLE-BLG-RRLYR-12170,BLG,RRab,0.474932,5000.24764,,fundamental,e5d10aa145d7b65384c2fba635c499855a591ace5b600a203e685b547e99aee1,photometry/OGLE-BLG-RRLYR-12170.dat,8592,358,1662.1226000000001,True,False,Exact duplicate folded phases
OGLE-BLG-RRLYR-12247,BLG,RRc,0.279944,5000.24485,,first overtone,6319512e0bcb13a319037f76880e78998d501d02007f6ed1ecdaf80c89f4bb3b,photometry/OGLE-BLG-RRLYR-12247.dat,8496,354,1662.1226000000001,True,False,Exact duplicate folded phases
OGLE-BLG-RRLYR-12252,BLG,RRab,0.40331795,5000.12854,,fundamental,7c76b3f41c09774e440457a3384641398907d170f9e7e3fe4ba098297c59fa6c,photometry/OGLE-BLG-RRLYR-12252.dat,27480,1145,4290.21743,True,False,Exact duplicate folded phases
OGLE-BLG-RRLYR-12289,BLG,RRc,0.2475705,5000.13968,,first overtone,cc0d4d6e6197389d6482dc9da5fcb2f44704bf89b555885c96786d90396551d0,photometry/OGLE-BLG-RRLYR-12289.dat,36264,1511,4403.98802,True,False,Exact duplicate folded phases
OGLE-BLG-RRLYR-12299,BLG,RRc,0.2824174,5000.10877,,first overtone,60f349719aff5cd9eb60c301192887e7459e830e25c527b96f93d086237b7474,photometry/OGLE-BLG-RRLYR-12299.dat,39120,1630,4425.05292,True,False,Exact duplicate folded phases
OGLE-BLG-RRLYR-12376,BLG,RRab,0.625918,5000.51485,,fundamental,2b7d4cae820a317402c9f7cc33f2366b4c9eca9b2a83b9c1f3467a754b8fd161,photometry/OGLE-BLG-RRLYR-12376.dat,39576,1649,4425.05278,True,False,Exact duplicate folded phases
OGLE-BLG-RRLYR-12434,BLG,RRc,0.2942688,5000.11936,,first overtone,1d8f50854b8221e011c2644bc51aa59097e0634d676c78c0611156ba718a2149,photometry/OGLE-BLG-RRLYR-12434.dat,61944,2581,4425.054999999999,True,False,Exact duplicate folded phases
OGLE-BLG-RRLYR-12478,BLG,RRab,0.461782,5000.08254,,fundamental,801a88af5c57078dd2bb2c526ca8c3ab25d94aa777d3dc03b02c0ddd6ecd241d,photometry/OGLE-BLG-RRLYR-12478.dat,25992,1083,4425.006689999999,True,False,Exact duplicate folded phases
OGLE-BLG-RRLYR-12796,BLG,RRc,0.26025875,5000.19406,,first overtone,1d3118ed915fb657297a86f4e9ac32bc9c74d63f5b63905133daefb0c89f248f,photometry/OGLE-BLG-RRLYR-12796.dat,26520,1105,4403.93991,True,False,Exact duplicate folded phases
OGLE-BLG-RRLYR-12812,BLG,RRab,0.5342028,5000.51227,,fundamental,3aba948e031cd24a29d307470c86004d35ee73ccb8cd93ea6b020bf109f515d9,photometry/OGLE-BLG-RRLYR-12812.dat,18888,787,2826.19349,True,False,Exact duplicate folded phases
OGLE-BLG-RRLYR-12925,BLG,RRab,0.53330606,5000.38526,,fundamental,d9d9afc435759851bf9c0c8b9ae3501112a646bc091ef809baa3fa2a557b94f2,photometry/OGLE-BLG-RRLYR-12925.dat,37344,1556,4403.98214,True,False,Exact duplicate folded phases
OGLE-BLG-RRLYR-13048,BLG,RRc,0.28404275,5000.07789,,first overtone,c151def5250c0d3198fdb90c8c017c9ba00e748cc3cbe76fab4d659d960bebfb,photometry/OGLE-BLG-RRLYR-13048.dat,39384,1641,4403.982239999999,True,False,Exact duplicate folded phases
OGLE-BLG-RRLYR-13050,BLG,RRc,0.2778204,5000.0929,,first overtone,3aad68e183a532268204839c08b5c84299b7796acc6de8f9981abc9079d0d537,photometry/OGLE-BLG-RRLYR-13050.dat,8448,352,1650.31835,True,False,Exact duplicate folded phases
OGLE-BLG-RRLYR-13066,BLG,RRab,0.526815,5000.08092,,fundamental,3cef2848d924cacab9c9f3e2e30eb70eace3caaa2fa7e7dc6e7260b53c5dda61,photometry/OGLE-BLG-RRLYR-13066.dat,31080,1295,2830.15759,True,False,Exact duplicate folded phases
OGLE-BLG-RRLYR-13088,BLG,RRab,0.534048,5000.22723,,fundamental,234f15937b75ad0be45873e7eb6305badab502e804eb1fd667e7911ffdd386cc,photometry/OGLE-BLG-RRLYR-13088.dat,39192,1633,4402.06989,True,False,Exact duplicate folded phases
OGLE-BLG-RRLYR-13134,BLG,RRc,0.31107625,5000.14917,,first overtone,2fd80d88e6656d95ab040d31822573dcaad4fe0fe7a87e1d45e2f17260af5e96,photometry/OGLE-BLG-RRLYR-13134.dat,26424,1101,2830.1938299999997,True,False,Exact duplicate folded phases
OGLE-BLG-RRLYR-13145,BLG,RRc,0.337861,5000.16602,,first overtone,ba21743cd49dedd7bec4e91341418478ac8450de638457973148dc2880ec6be9,photometry/OGLE-BLG-RRLYR-13145.dat,48792,2033,4395.0488,True,False,Exact duplicate folded phases
OGLE-BLG-RRLYR-13307,BLG,RRab,0.461365,5000.42265,,fundamental,17d40dd5dd29742ba882dd8e3054e10b8748f8c849afbd0bcf58eab917cdaac7,photometry/OGLE-BLG-RRLYR-13307.dat,19488,812,2829.21271,True,False,Exact duplicate folded phases
OGLE-BLG-RRLYR-13920,BLG,RRab,0.59728975,5000.26256,,fundamental,e11ff6b5dd85178f630332eaa50e78fc353ca7e61979bfa29275d3e07438779e,photometry/OGLE-BLG-RRLYR-13920.dat,22560,940,4410.85277,True,False,Exact duplicate folded phases
OGLE-BLG-RRLYR-14291,BLG,RRc,0.33005631,5000.10509,,first overtone,33faba69e0f2fffdf0b67bf6569b3ea1ba46cce9bb6dc23ab6791a03ceb93a2f,photometry/OGLE-BLG-RRLYR-14291.dat,18288,762,2830.17597,True,False,Exact duplicate folded phases
OGLE-BLG-RRLYR-14427,BLG,RRab,0.56480121,5000.00518,,fundamental,646383e8441967c1b6de3e1867d2d541239b40ff3cc25e9ae06f1aceda928a4e,photometry/OGLE-BLG-RRLYR-14427.dat,360,15,472.8111899999999,True,False,Fewer than 30 original observations
OGLE-BLG-RRLYR-14623,BLG,RRab,0.5987125,5000.00116,,fundamental,98a0d694a0b9a8e6854fa01b008be9f5cfac2e3998491d53d36e095ce6f8df99,photometry/OGLE-BLG-RRLYR-14623.dat,17664,736,2827.35393,True,False,Exact duplicate folded phases
OGLE-BLG-RRLYR-14643,BLG,RRc,0.31802896,5000.26213,,first overtone,eea84d00203845a593b9e2fd30fe0f91c54341d39a1cc98d08590306c4ea8dd8,photometry/OGLE-BLG-RRLYR-14643.dat,18312,763,2830.17597,True,False,Exact duplicate folded phases
OGLE-BLG-RRLYR-15080,BLG,RRab,0.4436105,5000.4429,,fundamental,17756914629f15807fb8b79d36af98d00aecc9eb74e0db4efbb8171ba195d17e,photometry/OGLE-BLG-RRLYR-15080.dat,19920,830,4421.89353,True,False,Exact duplicate folded phases
OGLE-BLG-RRLYR-15192,BLG,RRab,0.45487867,5000.42484,,fundamental,2cb7605f4d669912c92268b613b0a3e20ac4a0cdb6cf9a4e09f6d6c4ce0a7dc7,photometry/OGLE-BLG-RRLYR-15192.dat,624,26,720.8292099999999,True,False,Fewer than 30 original observations
OGLE-BLG-RRLYR-15218,BLG,RRc,0.32875376,5000.18345,,first overtone,672fd504cb929d235c3c3904ff14aea1f341a2e4f3cff5b2513198181e016cc0,photometry/OGLE-BLG-RRLYR-15218.dat,4560,190,1653.27664,True,False,Exact duplicate folded phases
OGLE-BLG-RRLYR-15232,BLG,RRab,0.44858621,5000.00921,,fundamental,13cb34f8f925991357eed9ba2ce48171aa0440a069fc4a233d737beaad5ffada,photometry/OGLE-BLG-RRLYR-15232.dat,264,11,169.66494999999986,True,False,Fewer than 30 original observations
OGLE-BLG-RRLYR-15294,BLG,RRc,0.28639,5000.02761,,first overtone,618bc2d927b6fa8b98101ba638be8ce677d36d2630f100918901a2511ad06ced,photometry/OGLE-BLG-RRLYR-15294.dat,18600,775,2825.30929,True,False,Exact duplicate folded phases
OGLE-BLG-RRLYR-15363,BLG,RRab,0.45106301,5000.40279,,fundamental,2f3c12e53c2f6f523ae224cdc5095999d74621503a14d23ed1992e54cbe55e12,photometry/OGLE-BLG-RRLYR-15363.dat,672,28,2570.87841,True,False,Fewer than 30 original observations
OGLE-BLG-RRLYR-16166,BLG,RRab,0.53485667,5000.20567,,fundamental,4914ac785a5241d81881bd087fe556cb7ddf3c4682df0e522553c817419d0960,photometry/OGLE-BLG-RRLYR-16166.dat,648,27,757.9595199999999,True,False,Fewer than 30 original observations
OGLE-BLG-RRLYR-16304,BLG,RRab,0.54265375,5000.19194,,fundamental,2641f82d4b8da9eedae02f6d440f933c1278b8235d4982d5de27cfb067b87edb,photometry/OGLE-BLG-RRLYR-16304.dat,4728,197,800.9539099999997,True,False,Exact duplicate folded phases
OGLE-BLG-RRLYR-16510,BLG,RRab,0.4866021,5000.41008,,fundamental,4f5b06a28f6fe29f3aa2071ea984af15d03f44a8824c8271d19e7f2f791e8cb6,photometry/OGLE-BLG-RRLYR-16510.dat,456,19,666.1556500000002,True,False,Fewer than 30 original observations
OGLE-LMC-RRLYR-00007,LMC,RRab,0.55285,2171.46854,,fundamental,7da9685671fb4e2046ed7ff1cd077326d2f7ebd23403fe6c03a346efcebf8ae9,photometry/OGLE-LMC-RRLYR-00007.dat,8616,359,2368.6577599999996,True,False,Exact duplicate folded phases
OGLE-LMC-RRLYR-00021,LMC,RRd,0.379353,2171.5929,0.5086621,first overtone,64ad111bb51db7dd12af19d4e9ea4406be5b0efa6d1c9c03376b2a21a5e0c74f,photometry/OGLE-LMC-RRLYR-00021.dat,8640,360,2368.6577599999996,True,False,Exact duplicate folded phases
OGLE-LMC-RRLYR-00046,LMC,RRc,0.361006,2171.53909,,first overtone,e17cff828e826f64dcfee533d8aefaa03241be1cd353bee5c644060c2f449577,photometry/OGLE-LMC-RRLYR-00046.dat,8640,360,2368.6577599999996,True,False,Exact duplicate folded phases
OGLE-LMC-RRLYR-00171,LMC,RRab,0.562335,2171.83941,,fundamental,72abbabc3d77403fcb5390c1668e92f8dbce059e9256d87cb2b46fdbc35c15e2,photometry/OGLE-LMC-RRLYR-00171.dat,8760,365,2368.6579099999994,True,False,Exact duplicate folded phases
OGLE-LMC-RRLYR-00394,LMC,RRab,0.6282451,2171.72571,,fundamental,9c2f8c37a23e951c6251b235c7a4528ac14200c62d2e961f4329cd43fdd876fe,photometry/OGLE-LMC-RRLYR-00394.dat,8832,368,2368.6576500000006,True,False,Exact duplicate folded phases
OGLE-LMC-RRLYR-00431,LMC,RRab,0.6191338,2165.24697,,fundamental,762a082df7d4ecdf7e34afe8f3235e5b02e1ab6ce2c7bb4cc42bfecea2296209,photometry/OGLE-LMC-RRLYR-00431.dat,8760,365,2374.6797699999997,True,False,Exact duplicate folded phases
OGLE-LMC-RRLYR-00497,LMC,RRc,0.307905,2183.80638,,first overtone,b485cb3d340e599334093e324fe0c6160233f035d095d2c5c23a5715e02b5f89,photometry/OGLE-LMC-RRLYR-00497.dat,12000,500,2356.6973199999998,True,False,Exact duplicate folded phases
OGLE-LMC-RRLYR-00598,LMC,RRab,0.5924525,2165.8266,,fundamental,e6571da0e354896382a004db358c22f6bc9fa775c42994ef0251c7434890ded8,photometry/OGLE-LMC-RRLYR-00598.dat,8592,358,2374.6802199999997,True,False,Exact duplicate folded phases
OGLE-LMC-RRLYR-00736,LMC,RRab,0.563705,2165.64116,,fundamental,1613c48027970e25ef8b13182ab276143657ec55c7ef3f8545cd9b7f2b7d9e42,photometry/OGLE-LMC-RRLYR-00736.dat,8904,371,2374.6803700000005,True,False,Exact duplicate folded phases
OGLE-LMC-RRLYR-00739,LMC,RRab,0.4869645,2171.89199,,fundamental,5ed8c64b1ca488c4516c107ceb2efa1b883f5ec79501b30e3c70c276e2cc458b,photometry/OGLE-LMC-RRLYR-00739.dat,8832,368,2368.65704,True,False,Exact duplicate folded phases
OGLE-LMC-RRLYR-00760,LMC,RRab,0.599802,2165.61678,,fundamental,f200ba840f5d2137e97e715765fb4030af2bd5f2dbd0854db7a7931db519ce05,photometry/OGLE-LMC-RRLYR-00760.dat,8760,365,2374.6802199999997,True,False,Exact duplicate folded phases
OGLE-LMC-RRLYR-00787,LMC,RRab,0.6441,2183.66997,,fundamental,d66ed7ea690f6c39e6bc452bc867eb97377174350859adbfc943beb52e2df836,photometry/OGLE-LMC-RRLYR-00787.dat,8664,361,2356.69743,True,False,Exact duplicate folded phases
OGLE-LMC-RRLYR-01139,LMC,RRd,0.3490913,2171.85237,0.4692581,first overtone,3aba8711d1942a4a6565e751fa55616db9b683f9c493ff77ea4de01e20cd11ec,photometry/OGLE-LMC-RRLYR-01139.dat,8976,374,2368.6571900000004,True,False,Exact duplicate folded phases
OGLE-LMC-RRLYR-01162,LMC,RRc,0.334746,2171.88988,,first overtone,c6fbc7622370e3ca5fb76a69997cdd12a5e983ea4a0ed45a5e004e3079a9866c,photometry/OGLE-LMC-RRLYR-01162.dat,8832,368,2368.6572799999994,True,False,Exact duplicate folded phases
OGLE-LMC-RRLYR-01271,LMC,RRc,0.283845,2171.84775,,first overtone,31baa2594af0cf8899827e79c067d42b72082b0e965c84e86892568626f91775,photometry/OGLE-LMC-RRLYR-01271.dat,8976,374,2368.6571900000004,True,False,Exact duplicate folded phases
OGLE-LMC-RRLYR-01380,LMC,RRab,0.6366832,2165.44594,,fundamental,d4aedf7803491acfffa14c7be60058ef16a0cdea5d6e56d0c70769fedafa08dc,photometry/OGLE-LMC-RRLYR-01380.dat,8952,373,2374.67531,True,False,Exact duplicate folded phases
OGLE-LMC-RRLYR-01518,LMC,RRab,0.601015,2166.67542,,fundamental,aa7d3a9bc5ddbdf84554651a84a52e3aca46f0162bdca5bf85f2fc52ad51897a,photometry/OGLE-LMC-RRLYR-01518.dat,8760,365,2373.7563900000005,True,False,Exact duplicate folded phases
OGLE-LMC-RRLYR-01576,LMC,RRc,0.2799534,2166.59142,,first overtone,8c71c12c933eafab8896305004ad9afa9de10afdb05cc75547d612e4318d3907,photometry/OGLE-LMC-RRLYR-01576.dat,8760,365,2373.7561399999995,True,False,Exact duplicate folded phases
OGLE-LMC-RRLYR-01602,LMC,RRc,0.3337632,2166.74357,,first overtone,3bbb6ec4f6dc677b7e893f407301e3072303f8cdcc4ffa5e86f04040a1bad6d0,photometry/OGLE-LMC-RRLYR-01602.dat,8784,366,2373.75631,True,False,Exact duplicate folded phases
OGLE-LMC-RRLYR-01619,LMC,RRc,0.29836,2166.74805,,first overtone,8d9883752f8b9aba0c25cace1ccf02e6bbb74d4d5601cc204f7a22612716f649,photometry/OGLE-LMC-RRLYR-01619.dat,8784,366,2373.75631,True,False,Exact duplicate folded phases
OGLE-LMC-RRLYR-01701,LMC,RRab,0.55771,2166.28334,,fundamental,3e35059c1a66380357d44fbae69c34b6b8ee4007bc8d14f9b0f6f8ca8f0eed8a,photometry/OGLE-LMC-RRLYR-01701.dat,8784,366,2373.75631,True,False,Exact duplicate folded phases
OGLE-LMC-RRLYR-01786,LMC,RRab,0.5336704,2165.38926,,fundamental,166c2c54d55ee8aeb368ce7102c8632ac78b8b1a943c5b6854687096eedb49d4,photometry/OGLE-LMC-RRLYR-01786.dat,8616,359,2374.67545,True,False,Exact duplicate folded phases
OGLE-LMC-RRLYR-01854,LMC,RRd,0.356375,2165.69114,0.4790768,first overtone,7dca931c184bb8c9c6cda5767dbd9cc3a96cb839f1bb53a9d0c5ca6497238fbe,photometry/OGLE-LMC-RRLYR-01854.dat,8976,374,2374.6751499999996,True,False,Exact duplicate folded phases
OGLE-LMC-RRLYR-01947,LMC,RRc,0.337775,2166.80407,,first overtone,65fedbb9ccf3f314752c97b105eab192455fd5d1cbb3248e72d9a7ad59462146,photometry/OGLE-LMC-RRLYR-01947.dat,8352,348,2373.75505,True,False,Exact duplicate folded phases
OGLE-LMC-RRLYR-01986,LMC,RRab,0.5896002,2166.25728,,fundamental,271e571447ea5db317ff5b2514fd364d1d5215c3f239af5ca323b779ce4be56b,photometry/OGLE-LMC-RRLYR-01986.dat,8784,366,2373.75631,True,False,Exact duplicate folded phases
OGLE-LMC-RRLYR-02007,LMC,RRe,0.2668915,2166.7658,,catalog RRe,b934d8cb8cdaaa0856eab9af515f888194b3a8fe1dbec3427d1e50cfb4de81f8,photometry/OGLE-LMC-RRLYR-02007.dat,17568,732,2373.78112,True,False,Exact duplicate folded phases
OGLE-LMC-RRLYR-02030,LMC,RRd,0.3585968,2166.5094,0.4816853,first overtone,46f36496a15227548de52ba7ba1c5542e6d699158184a9ce5083a37fee6dc9c0,photometry/OGLE-LMC-RRLYR-02030.dat,8760,365,2373.7563900000005,True,False,Exact duplicate folded phases
OGLE-LMC-RRLYR-02068,LMC,RRab,0.56977,2166.3594,,fundamental,9c9b67be7fdc15daf920d9b1d6a3470398b3587e9c931560f79c0b98a59196a7,photometry/OGLE-LMC-RRLYR-02068.dat,8640,360,2373.7548999999995,True,False,Exact duplicate folded phases
OGLE-LMC-RRLYR-02123,LMC,RRc,0.28983,2166.74772,,first overtone,038fdef80024b5a7fe07340ae6763caccc3ed6a0fb126dcab653ba3f0ea54fb2,photometry/OGLE-LMC-RRLYR-02123.dat,17184,716,2373.78139,True,False,Exact duplicate folded phases
OGLE-LMC-RRLYR-02166,LMC,RRab,0.6918965,2166.64399,,fundamental,092e49fc060946e2105030165e90afef15d57c3040b65082048b4deae3050978,photometry/OGLE-LMC-RRLYR-02166.dat,9048,377,2373.7569599999997,True,False,Exact duplicate folded phases
OGLE-LMC-RRLYR-02209,LMC,RRc,0.4233028,2191.73507,,first overtone,9c64b148d39a1c46968d64d17307df85fb7cd8c17a1c6c49a1be7fcb4ea85c8a,photometry/OGLE-LMC-RRLYR-02209.dat,4608,192,2348.71627,True,False,Exact duplicate folded phases
OGLE-LMC-RRLYR-02304,LMC,RRab,0.513495,2166.52296,,fundamental,0cc5b5df24ce06cc4defc1e1ca4c2ca9834c0d1a158e844c8f349e617005f1bb,photometry/OGLE-LMC-RRLYR-02304.dat,8832,368,2373.75536,True,False,Exact duplicate folded phases
OGLE-LMC-RRLYR-02397,LMC,RRab,0.665345,2166.49638,,fundamental,d4b49189b350feaae7cbc9b7e90e9f3441a1b2f98e511842c71f2deab571b15b,photometry/OGLE-LMC-RRLYR-02397.dat,8880,370,2373.7552,True,False,Exact duplicate folded phases
OGLE-LMC-RRLYR-02419,LMC,RRab,0.544441,2166.50854,,fundamental,4c6aa933c5fac10d3f3646dc028c816806cac5e47e390877462132d9f5491237,photometry/OGLE-LMC-RRLYR-02419.dat,8832,368,2373.75536,True,False,Exact duplicate folded phases
OGLE-LMC-RRLYR-02425,LMC,RRab,0.5174035,2165.89724,,fundamental,51093db426a0269f01e5f664813d64e89d618bd67fd40d1ad5b30323b63eb741,photometry/OGLE-LMC-RRLYR-02425.dat,9048,377,2374.67545,True,False,Exact duplicate folded phases
OGLE-LMC-RRLYR-02496,LMC,RRc,0.4073966,2166.61297,,first overtone,f1c253715bcc38df12d1258e0a72a4550300aebf793f08ea433cfd2c0f32a6ff,photometry/OGLE-LMC-RRLYR-02496.dat,8784,366,2373.75547,True,False,Exact duplicate folded phases
OGLE-LMC-RRLYR-02630,LMC,RRab,0.49778,2166.80015,,fundamental,95896ace4c1d68e82650dcefc45bb5a4f533d384f743bcd84cd83b45835d63de,photometry/OGLE-LMC-RRLYR-02630.dat,9312,388,2373.7558499999996,True,False,Exact duplicate folded phases
OGLE-LMC-RRLYR-02651,LMC,RRab,0.6136475,2166.57608,,fundamental,bf36f3a65e83b6c6f49ae87c3502294c4c204bd48a62d3d8b60ba4b61daf66de,photometry/OGLE-LMC-RRLYR-02651.dat,8808,367,2373.75536,True,False,Exact duplicate folded phases
OGLE-LMC-RRLYR-02770,LMC,RRab,0.6965252,2166.47361,,fundamental,df2b5660067feab85ab0db9d427ab8ea1a6f87e33b3b5ba649502df11f84459e,photometry/OGLE-LMC-RRLYR-02770.dat,9120,380,2373.75572,True,False,Exact duplicate folded phases
OGLE-LMC-RRLYR-02783,LMC,RRc,0.2913685,2166.73473,,first overtone,d7defc012f9e284045a2204acc44847a700026a351a44590bf947e237687d942,photometry/OGLE-LMC-RRLYR-02783.dat,8784,366,2373.75547,True,False,Exact duplicate folded phases
OGLE-LMC-RRLYR-02794,LMC,RRe,0.2714636,2166.79586,,catalog RRe,97854ddf634ce0b7abd0b4bae5f1837be4df742410ea35f4ab10429676b22914,photometry/OGLE-LMC-RRLYR-02794.dat,9312,388,2373.7558499999996,True,False,Exact duplicate folded phases
OGLE-LMC-RRLYR-02882,LMC,RRab,0.457246,2166.65112,,fundamental,b9c664c0c6edc5bdbbc91c37ae745e361cabe9d5cba3d57ed2c06aeab246e988,photometry/OGLE-LMC-RRLYR-02882.dat,8784,366,2373.75536,True,False,Exact duplicate folded phases
OGLE-LMC-RRLYR-02938,LMC,RRab,0.53537,2166.41633,,fundamental,f8d91d428d42e8a1b1dcf4f97792f627afd74bab6037bb0948e4d376c8c667b6,photometry/OGLE-LMC-RRLYR-02938.dat,8832,368,2373.75536,True,False,Exact duplicate folded phases
OGLE-LMC-RRLYR-02997,LMC,RRe,0.2747551,2166.64019,,catalog RRe,6dfd3cbd577c5071de0232dbd7d68ab62c3101f07dd0e3978bbaf9ca904381dd,photometry/OGLE-LMC-RRLYR-02997.dat,6480,270,2365.70822,True,False,Exact duplicate folded phases
OGLE-LMC-RRLYR-03029,LMC,RRab,0.5526344,2166.59058,,fundamental,bf54eb60dcdbb7050417e068e47727a809632931e0ed9364ec613b6c35b5ceff,photometry/OGLE-LMC-RRLYR-03029.dat,8688,362,2373.75505,True,False,Exact duplicate folded phases
OGLE-LMC-RRLYR-03051,LMC,RRc,0.340986,2166.55084,,first overtone,e9a26672a75d75de924481350767d38473841e948bb3a84dfb57db7c63c7e3d8,photometry/OGLE-LMC-RRLYR-03051.dat,8304,346,2373.75505,True,False,Exact duplicate folded phases
OGLE-LMC-RRLYR-03068,LMC,RRab,0.4152475,726.51158,,fundamental,3c1deab22078587e0a6122a5c200418ce68de4218f5ecd704c09c229fa9c2ade,photometry/OGLE-LMC-RRLYR-03068.dat,15864,661,3813.79261,True,False,Exact duplicate folded phases
OGLE-LMC-RRLYR-03093,LMC,RRab,0.5579,726.32797,,fundamental,4d1d1415c9ad8b73f85248772d2cac550f1725447394e9dc57a4dfab42ecc5c3,photometry/OGLE-LMC-RRLYR-03093.dat,15912,663,3813.79248,True,False,Exact duplicate folded phases
OGLE-LMC-RRLYR-03198,LMC,RRab,0.56155,2166.61132,,fundamental,61a23a57261a14469521cb1338c9306657a2b8093892304920bba5932d0369a0,photometry/OGLE-LMC-RRLYR-03198.dat,8808,367,2373.75547,True,False,Exact duplicate folded phases
OGLE-LMC-RRLYR-03223,LMC,RRab,0.567822,2166.54073,,fundamental,7babbe6f9fb7267ef2f14368d37615a7456eaa7a2e7c8a6995489a797ddfb38c,photometry/OGLE-LMC-RRLYR-03223.dat,8112,338,2373.75505,True,False,Exact duplicate folded phases
OGLE-LMC-RRLYR-03282,LMC,RRab,0.579425,2166.38521,,fundamental,f2b46e6cb7780ad9708b7daae4a5e209a85cdf1842d8d72ba4a9f2462ad64826,photometry/OGLE-LMC-RRLYR-03282.dat,16992,708,2373.78725,True,False,Exact duplicate folded phases
OGLE-LMC-RRLYR-03312,LMC,RRe,0.2855382,726.55246,,catalog RRe,76c6e5eafe3cc80f40d85bfc145eaae580eba3547236429974743073e84eac10,photometry/OGLE-LMC-RRLYR-03312.dat,15888,662,3813.7940399999998,True,False,Exact duplicate folded phases
OGLE-LMC-RRLYR-03329,LMC,RRab,0.5699015,2166.76911,,fundamental,39da25ee514dbf2d784973ae55a5424c374ee23047f5e9e8c162a77bcccd26ef,photometry/OGLE-LMC-RRLYR-03329.dat,15408,642,2373.78725,True,False,Exact duplicate folded phases
OGLE-LMC-RRLYR-03340,LMC,RRab,0.608345,2166.82664,,fundamental,79b2c3fcd6638bd85db7f836dde576a2b00b516c4b4d6383216ae9a8f99569fe,photometry/OGLE-LMC-RRLYR-03340.dat,9024,376,2373.75558,True,False,Exact duplicate folded phases
OGLE-LMC-RRLYR-03370,LMC,RRc,0.29191,726.53221,,first overtone,8bcea5f68124555ce7e39362abe923897c2b6410dda3bd9a925155c3c9695ac2,photometry/OGLE-LMC-RRLYR-03370.dat,15792,658,3813.79335,True,False,Exact duplicate folded phases
OGLE-LMC-RRLYR-03401,LMC,RRab,0.59976,739.57786,,fundamental,122b9fd1f75d38d098ba7e95828c06e4259b9c443b55d229dc39914912d380ba,photometry/OGLE-LMC-RRLYR-03401.dat,13584,566,3800.75861,True,False,Exact duplicate folded phases
OGLE-LMC-RRLYR-03448,LMC,RRc,0.3318468,2166.8131,,first overtone,8316ad0ac7a5304a680988853335cb4d730a3c84e6c5d7c42e348b2717119c54,photometry/OGLE-LMC-RRLYR-03448.dat,8904,371,2373.75558,True,False,Exact duplicate folded phases
OGLE-LMC-RRLYR-03514,LMC,RRab,0.605193,2166.85277,,fundamental,b3eb3f51e3b1b506ddbcc1a3c4bdf437c139500ee67e1bd74c808d88e693cb4b,photometry/OGLE-LMC-RRLYR-03514.dat,8376,349,2373.74383,True,False,Exact duplicate folded phases
OGLE-LMC-RRLYR-03573,LMC,RRab,0.59877,726.2397,,fundamental,2bebc83afe47fe73eb12d71181219877cddf0601d6a78b912cb63b6238726033,photometry/OGLE-LMC-RRLYR-03573.dat,15912,663,3813.79489,True,False,Exact duplicate folded phases
OGLE-LMC-RRLYR-03582,LMC,RRc,0.2978975,2166.79425,,first overtone,04835d199420961fa07f9d6d129c5c9b618a556caf3170d2e18e8506f4d2cbb9,photometry/OGLE-LMC-RRLYR-03582.dat,17568,732,2373.78772,True,False,Exact duplicate folded phases
OGLE-LMC-RRLYR-03627,LMC,RRab,0.6333275,726.25655,,fundamental,a45b23b21e7beb51842aeee50fef5e6c709f6860d6d00e76e3ba68c1fff1a9e6,photometry/OGLE-LMC-RRLYR-03627.dat,21216,884,3813.80352,True,False,Exact duplicate folded phases
OGLE-LMC-RRLYR-03664,LMC,RRc,0.2947631,2166.65959,,first overtone,843b930b7dd609505c96e0c9f0150d538dcd730f4d2e16fc9f4fd23a45c31351,photometry/OGLE-LMC-RRLYR-03664.dat,8736,364,2373.7439999999997,True,False,Exact duplicate folded phases
OGLE-LMC-RRLYR-03666,LMC,RRab,0.4611785,2166.74479,,fundamental,f5374d2dfefef1be8b71fac4e3006d4f4b6550b63740dfdeabaab5a1afa1b6f4,photometry/OGLE-LMC-RRLYR-03666.dat,15960,665,2373.74732,True,False,Exact duplicate folded phases
OGLE-LMC-RRLYR-03668,LMC,RRab,0.5362895,726.61193,,fundamental,f1d5cfbd6308517640b44d49827114fcb8e1ed9e22d99b3b033d8625c6aedb41,photometry/OGLE-LMC-RRLYR-03668.dat,15576,649,3813.79693,True,False,Exact duplicate folded phases
OGLE-LMC-RRLYR-03696,LMC,RRe,0.2671318,2166.86409,,catalog RRe,3f4c0092f78e11c13cf9f78f65697087eabce2d71ce09b25043164c9b137ba15,photometry/OGLE-LMC-RRLYR-03696.dat,15192,633,2373.74745,True,False,Exact duplicate folded phases
OGLE-LMC-RRLYR-03785,LMC,RRab,0.7804966,726.028,,fundamental,9768dab52eda195c0c87ebea6e833b7070827385bade525e71e876a64a1dd229,photometry/OGLE-LMC-RRLYR-03785.dat,15432,643,3813.8368299999997,True,False,Exact duplicate folded phases
OGLE-LMC-RRLYR-03798,LMC,RRab,0.553695,2166.8856,,fundamental,223ac7d1239a8d2894dd457f343f05841d99207bbb935741d9f5378c6e4801ab,photometry/OGLE-LMC-RRLYR-03798.dat,8688,362,2373.74367,True,False,Exact duplicate folded phases
OGLE-LMC-RRLYR-03814,LMC,RRab,0.5341044,726.49765,,fundamental,c920646b88208d6707bf0c9ca9c3b67246e00fbb908e9327e1e8d5e6958ac2b0,photometry/OGLE-LMC-RRLYR-03814.dat,15408,642,3813.8359199999995,True,False,Exact duplicate folded phases
OGLE-LMC-RRLYR-03835,LMC,RRc,0.3363,2166.81422,,first overtone,36e273f912a83e8f5836cbfe3cd230feffc162fe9cb3e7c36124ca6ad428a7af,photometry/OGLE-LMC-RRLYR-03835.dat,8712,363,2373.7439999999997,True,False,Exact duplicate folded phases
OGLE-LMC-RRLYR-03899,LMC,RRe,0.283352,726.55638,,catalog RRe,bfc51ae3eaab18e62f8c443ef708bf8e6bf6918d2648202bf0029d8484cf6771,photometry/OGLE-LMC-RRLYR-03899.dat,15672,653,3813.8292,True,False,Exact duplicate folded phases
OGLE-LMC-RRLYR-03920,LMC,RRc,0.30195,726.65255,,first overtone,50dbbdead007833a02df82a29de0e88da9d5fa910696526e0015bf930567599a,photometry/OGLE-LMC-RRLYR-03920.dat,15648,652,3813.82966,True,False,Exact duplicate folded phases
OGLE-LMC-RRLYR-03963,LMC,RRab,0.597785,2166.79772,,fundamental,4565f34aa7958c41f9fea4af97e59956e39e174a8b6aeb3372088990c1e855c9,photometry/OGLE-LMC-RRLYR-03963.dat,8376,349,2373.74383,True,False,Exact duplicate folded phases
OGLE-LMC-RRLYR-03997,LMC,RRc,0.3065115,726.50488,,first overtone,0369d4400fad1ef9bb6f36c2faae116613c28dfaa88e34d76b78ce8d2379d916,photometry/OGLE-LMC-RRLYR-03997.dat,15744,656,3813.82897,True,False,Exact duplicate folded phases
OGLE-LMC-RRLYR-04012,LMC,RRc,0.2844725,726.71681,,first overtone,4ee728f1e97bad2d9d9b072298e51562abb21ebd89e68888ec444840bdc88411,photometry/OGLE-LMC-RRLYR-04012.dat,15384,641,3813.8358999999996,True,False,Exact duplicate folded phases
OGLE-LMC-RRLYR-04022,LMC,RRab,0.598605,726.49364,,fundamental,be9436f172d80766d161b6a258bd88d9438cb921c0b064389bef75ecacd21630,photometry/OGLE-LMC-RRLYR-04022.dat,15432,643,3813.8365099999996,True,False,Exact duplicate folded phases
OGLE-LMC-RRLYR-04031,LMC,RRc,0.3705184,726.48035,,first overtone,eab5db999211e0a0aaab403d4ecce301f4a790b3d748e6b81ac739eb2fde42e7,photometry/OGLE-LMC-RRLYR-04031.dat,15528,647,3813.83587,True,False,Exact duplicate folded phases
OGLE-LMC-RRLYR-04077,LMC,RRab,0.529229,726.63432,,fundamental,31bb387790fe96288009bd11e268710882479a62769dfd1e345677c9a0b1bc03,photometry/OGLE-LMC-RRLYR-04077.dat,14976,624,3810.7787200000002,True,False,Exact duplicate folded phases
OGLE-LMC-RRLYR-04103,LMC,RRe,0.2747019,2166.61483,,catalog RRe,13f5609726c56302e85ca68d408f12a4a6f33129540f467102acae413448f18c,photometry/OGLE-LMC-RRLYR-04103.dat,18096,754,2373.78424,True,False,Exact duplicate folded phases
OGLE-LMC-RRLYR-04112,LMC,RRe,0.2604036,726.55572,,catalog RRe,37004c0ca0c3b538c23afa96944897ca07c947449952db40cd90c0d4ac0148c5,photometry/OGLE-LMC-RRLYR-04112.dat,13632,568,3813.8345,True,False,Exact duplicate folded phases
OGLE-LMC-RRLYR-04133,LMC,RRc,0.348502,2166.68984,,first overtone,12612b2406f3826517beeea081c4bd02cfa98ce0707cbc9295c538313bdac621,photometry/OGLE-LMC-RRLYR-04133.dat,8928,372,2373.7408000000005,True,False,Exact duplicate folded phases
OGLE-LMC-RRLYR-04200,LMC,RRab,0.5108288,726.75726,,fundamental,3a8955c211be5d22f774ae4c0a29f437aeb5ff8dc1397aee941144169b9070af,photometry/OGLE-LMC-RRLYR-04200.dat,15432,643,3813.83555,True,False,Exact duplicate folded phases
OGLE-LMC-RRLYR-04232,LMC,RRab,0.5832675,2166.4783,,fundamental,d7afce79bb6be703f8f4773914d413ed8417d96f257da9f9fade11e9917bc555,photometry/OGLE-LMC-RRLYR-04232.dat,8736,364,2373.7439999999997,True,False,Exact duplicate folded phases
OGLE-LMC-RRLYR-04268,LMC,RRab,0.62109,726.30192,,fundamental,570a0095b8ff8d5e643e5b5c459dd0b15dc76a6563773891d8465d9d5410bbbe,photometry/OGLE-LMC-RRLYR-04268.dat,14616,609,3813.8362099999995,True,False,Exact duplicate folded phases
OGLE-LMC-RRLYR-04274,LMC,RRab,0.494292,726.7698,,fundamental,ad974cfd40151596c05ac344eaa9e962073477f2dccc7a70d90b137485ca0619,photometry/OGLE-LMC-RRLYR-04274.dat,15768,657,3813.8297199999997,True,False,Exact duplicate folded phases
OGLE-LMC-RRLYR-04317,LMC,RRc,0.3454235,2166.58625,,first overtone,a86b8699f405548666790b0d931ba3123b67eb721ba9ff0eabd730b19e7ceb3a,photometry/OGLE-LMC-RRLYR-04317.dat,8712,363,2373.74064,True,False,Exact duplicate folded phases
OGLE-LMC-RRLYR-04345,LMC,RRc,0.3063575,466.67624,,first overtone,885c57e812543daa596cbd392f59c57a482930fc0a1ccb27fd44d027056b4ad8,photometry/OGLE-LMC-RRLYR-04345.dat,18840,785,4070.89999,True,False,Exact duplicate folded phases
OGLE-LMC-RRLYR-04387,LMC,RRc,0.36097,465.73398,,first overtone,db7fe0ac55d386965c7d169530c8e94957ba7a046046c33b2b4d38259c91ed92,photometry/OGLE-LMC-RRLYR-04387.dat,22392,933,4074.86185,True,False,Exact duplicate folded phases
OGLE-LMC-RRLYR-04417,LMC,RRc,0.3588722,465.69993,,first overtone,c8b9b9434ab99ee1daf2c727a70fdcd0c7c05cb1969999d38ab73fe39429b46a,photometry/OGLE-LMC-RRLYR-04417.dat,16056,669,4074.86185,True,False,Exact duplicate folded phases
OGLE-LMC-RRLYR-04419,LMC,RRd,0.3620534,465.60277,0.4863252,first overtone,48ce9652961cd6953c573ef16fb3b1b2fe17641cfb97762dcff00b59345c9e06,photometry/OGLE-LMC-RRLYR-04419.dat,21408,892,4074.8618799999995,True,False,Exact duplicate folded phases
OGLE-LMC-RRLYR-04505,LMC,RRab,0.6030438,465.70592,,fundamental,74ab276c70174910e142f56b5ad275a9e2f2f42dc26bbcb34f79199172bfd7eb,photometry/OGLE-LMC-RRLYR-04505.dat,16584,691,4074.8618699999997,True,False,Exact duplicate folded phases
OGLE-LMC-RRLYR-04508,LMC,RRc,0.3511776,465.50479,,first overtone,cdc666477d71e34caf3f15f9f99f425f0c6516c7e0aea1042028ea45575e47d7,photometry/OGLE-LMC-RRLYR-04508.dat,16248,677,4074.86185,True,False,Exact duplicate folded phases
OGLE-LMC-RRLYR-04523,LMC,RRab,0.6293508,465.24844,,fundamental,da7e1b5a184c0a048fe0e9cb445c37a5cb5e20e0be885c9ad436f57a915d8290,photometry/OGLE-LMC-RRLYR-04523.dat,16680,695,4074.86095,True,False,Exact duplicate folded phases
OGLE-LMC-RRLYR-04533,LMC,RRab,0.5423904,465.69933,,fundamental,2999a6a0803250a84d688f4acefecc2f3379727eddc525adf04e08220c2ff1ca,photometry/OGLE-LMC-RRLYR-04533.dat,16920,705,4074.8678899999995,True,False,Exact duplicate folded phases
OGLE-LMC-RRLYR-04554,LMC,RRab,0.6580068,726.56375,,fundamental,2bc9e333982cfb3a79473f65f1a38d53bb149996e04a2de8fc98977e3ff20fa6,photometry/OGLE-LMC-RRLYR-04554.dat,15720,655,3813.83852,True,False,Exact duplicate folded phases
OGLE-LMC-RRLYR-04581,LMC,RRab,0.5245372,465.53139,,fundamental,9acdde0b2377d5d793f083b20a125cf80e299cba471bc514cb433b3fd84390de,photometry/OGLE-LMC-RRLYR-04581.dat,16920,705,4074.86793,True,False,Exact duplicate folded phases
OGLE-LMC-RRLYR-04586,LMC,RRc,0.2790715,465.50474,,first overtone,337daab9cbbfc22dc836d5a1d20453f37820e3ef8acb0f3d1669426b2b471324,photometry/OGLE-LMC-RRLYR-04586.dat,13056,544,4053.9124199999997,True,False,Exact duplicate folded phases
OGLE-LMC-RRLYR-04632,LMC,RRc,0.31553,465.52062,,first overtone,bb657f742f3a8fe987777c18b007204b7bd5c371454849b62edededce2934aae,photometry/OGLE-LMC-RRLYR-04632.dat,16488,687,4074.8621999999996,True,False,Exact duplicate folded phases
OGLE-LMC-RRLYR-04650,LMC,RRab,0.5056375,465.59118,,fundamental,edb5c2a53a0231f40bb6ad15e0e8bcc355d30364887df1e51ded71109ac31581,photometry/OGLE-LMC-RRLYR-04650.dat,16872,703,4074.8668599999996,True,False,Exact duplicate folded phases
OGLE-LMC-RRLYR-04686,LMC,RRd,0.3808475,2166.84453,0.511577,first overtone,c3147eb96dbac5ceea6062d6fa1d1bea93c4a77a19a4c8976d598dad3f90bc40,photometry/OGLE-LMC-RRLYR-04686.dat,8736,364,2373.74064,True,False,Exact duplicate folded phases
OGLE-LMC-RRLYR-04712,LMC,RRab,0.4035475,465.65846,,fundamental,3115c7f874af1a8bffa13c551f8745fa3e09820bf160643c528198d6b5647a89,photometry/OGLE-LMC-RRLYR-04712.dat,16152,673,4074.8691299999996,True,False,Exact duplicate folded phases
OGLE-LMC-RRLYR-04745,LMC,RRab,0.4756777,465.71119,,fundamental,d1d3d0cc6c0cbc4afaca795a55ab02f556ba5c3e5a83fa502f6ca1419f79c2d8,photometry/OGLE-LMC-RRLYR-04745.dat,16728,697,4074.86174,True,False,Exact duplicate folded phases
OGLE-LMC-RRLYR-04763,LMC,RRab,0.535772,465.58101,,fundamental,3d8160d56f4adafab12b3c2f8c8b9eb10edf2f2c6bdea38e2b5704fcf2c0db04,photometry/OGLE-LMC-RRLYR-04763.dat,16872,703,4074.86777,True,False,Exact duplicate folded phases
OGLE-LMC-RRLYR-04786,LMC,RRab,0.5794373,2166.36088,,fundamental,457445451b54a1ac34db791278a123c1681dcba3d52985b3fbcea4a4b13bc704,photometry/OGLE-LMC-RRLYR-04786.dat,8640,360,2373.74367,True,False,Exact duplicate folded phases
OGLE-LMC-RRLYR-04824,LMC,RRd,0.3460888,726.69119,0.4656592,first overtone,25cf8a36f81dc7c14573f3eea013c5370e58f77afdd4c5d9e10936e05b53f7b2,photometry/OGLE-LMC-RRLYR-04824.dat,15720,655,3813.83914,True,False,Exact duplicate folded phases
OGLE-LMC-RRLYR-04851,LMC,RRab,0.5206715,2166.73529,,fundamental,65b81b84ad10f358f306484ea2e758dc928c308cc98a32e172d689f30914539f,photometry/OGLE-LMC-RRLYR-04851.dat,8520,355,2370.69334,True,False,Exact duplicate folded phases
OGLE-LMC-RRLYR-04867,LMC,RRe,0.298353,465.76554,,catalog RRe,40f613639c6995846dc26f9cf190c1b62f592efba0d4e2ea02a31e92c31d4388,photometry/OGLE-LMC-RRLYR-04867.dat,16752,698,4074.8605599999996,True,False,Exact duplicate folded phases
OGLE-LMC-RRLYR-04875,LMC,RRab,0.54974,726.79433,,fundamental,fbff029c27ad8e50eeabefffda6cabb89a0b252c9344007b1da3bc56849067c9,photometry/OGLE-LMC-RRLYR-04875.dat,15600,650,3813.83658,True,False,Exact duplicate folded phases
OGLE-LMC-RRLYR-04887,LMC,RRe,0.2774152,465.52355,,catalog RRe,1091ef06cab8e81536d634cd5fbca0e1363cb6301e2c80b650d67be19fdbf096,photometry/OGLE-LMC-RRLYR-04887.dat,16728,697,4074.8612399999997,True,False,Exact duplicate folded phases
OGLE-LMC-RRLYR-04900,LMC,RRc,0.3500191,2166.70341,,first overtone,5aba5616af256d85beaee13a10192808f2b22b9219a6058ddd1c0b40a450ad9a,photometry/OGLE-LMC-RRLYR-04900.dat,8928,372,2373.7408000000005,True,False,Exact duplicate folded phases
OGLE-LMC-RRLYR-04914,LMC,RRab,0.4201605,465.48002,,fundamental,e2486de96425b0323fa7cb812cb89fbc4d32c2cc92c10be353108fe4b0d3b982,photometry/OGLE-LMC-RRLYR-04914.dat,16752,698,4074.8612399999997,True,False,Exact duplicate folded phases
OGLE-LMC-RRLYR-04938,LMC,RRc,0.3259914,726.53212,,first overtone,dbd67faff1311bc883a43e1f5ad714d53604fb0c93775dc80455b87e4219bf25,photometry/OGLE-LMC-RRLYR-04938.dat,12600,525,3813.83678,True,False,Exact duplicate folded phases
OGLE-LMC-RRLYR-04943,LMC,RRab,0.538186,465.56322,,fundamental,9ca889738abc98303ae1f51c8e5b8db1943469c22eb55aadd1197bbad26f17ab,photometry/OGLE-LMC-RRLYR-04943.dat,16848,702,4074.86919,True,False,Exact duplicate folded phases
OGLE-LMC-RRLYR-04958,LMC,RRab,0.536418,465.49954,,fundamental,73bd6e8c396584825f01b39db692a7f6b6a8bd720a1ab65c958352fc49a4ebef,photometry/OGLE-LMC-RRLYR-04958.dat,16872,703,4074.86739,True,False,Exact duplicate folded phases
OGLE-LMC-RRLYR-05102,LMC,RRab,0.50691,726.37082,,fundamental,b7e53fa70ca80e6451b4303b20e575d9468d695baa69c25f1d6d556dcfdb5c19,photometry/OGLE-LMC-RRLYR-05102.dat,15672,653,3813.83819,True,False,Exact duplicate folded phases
OGLE-LMC-RRLYR-05112,LMC,RRc,0.3480135,465.60187,,first overtone,d1467f7681bbb5004bb3db0820287e7229ce1edc0b45f06c56fd2eefcc49e90f,photometry/OGLE-LMC-RRLYR-05112.dat,16776,699,4074.86636,True,False,Exact duplicate folded phases
OGLE-LMC-RRLYR-05124,LMC,RRab,0.493302,465.48316,,fundamental,ba8b43ea0c668ee7365d72185415233e432bbba4ca27a75198504e1b098e5c45,photometry/OGLE-LMC-RRLYR-05124.dat,16848,702,4074.86649,True,False,Exact duplicate folded phases
OGLE-LMC-RRLYR-05131,LMC,RRc,0.301755,465.73756,,first overtone,d8fe600ea48475db35b03f150906a65fe9f806c92bb25a411b00b857a152ddb1,photometry/OGLE-LMC-RRLYR-05131.dat,16320,680,4074.8615299999997,True,False,Exact duplicate folded phases
OGLE-LMC-RRLYR-05201,LMC,RRab,0.5538125,465.2318,,fundamental,ce61527f90caeb472b4585585cc8a29fd09f74fccd8efc7f348ac26e406a31f6,photometry/OGLE-LMC-RRLYR-05201.dat,16920,705,4074.8683699999997,True,False,Exact duplicate folded phases
OGLE-LMC-RRLYR-05270,LMC,RRc,0.3261968,465.53676,,first overtone,7910507c1df682c73063ec07f5b302709eca3a69bfdcf17831a521c7f30aaf2e,photometry/OGLE-LMC-RRLYR-05270.dat,16824,701,4074.8679899999997,True,False,Exact duplicate folded phases
OGLE-LMC-RRLYR-05295,LMC,RRab,0.5425958,465.29034,,fundamental,3ce7042cfea06f510f7c834bf5a2b9e8dd679347fb9d4a8e2852677d88671c97,photometry/OGLE-LMC-RRLYR-05295.dat,16704,696,4074.8612999999996,True,False,Exact duplicate folded phases
OGLE-LMC-RRLYR-05301,LMC,RRab,0.5905764,726.27791,,fundamental,1656afdbeb4885d146f2ead88614f952f5ba7642f2bb317fbacfc4646893e7e8,photometry/OGLE-LMC-RRLYR-05301.dat,15600,650,3813.83806,True,False,Exact duplicate folded phases
OGLE-LMC-RRLYR-05321,LMC,RRc,0.3399196,465.56536,,first overtone,470f01169b21ae40c1cff5a088864da79c33017d1f9f653e2053f59426cb680f,photometry/OGLE-LMC-RRLYR-05321.dat,22392,933,4074.86633,True,False,Exact duplicate folded phases
OGLE-LMC-RRLYR-05335,LMC,RRc,0.2858098,465.68792,,first overtone,c8af08097cf165bb0c43874dc415302ccd330bc90b1ba398d86ead202397b763,photometry/OGLE-LMC-RRLYR-05335.dat,16800,700,4074.8682099999996,True,False,Exact duplicate folded phases
OGLE-LMC-RRLYR-05377,LMC,RRe,0.2746483,726.66822,,catalog RRe,db1f6b71cbc8cadd185d52b31964afaaf5b3dd3e3d05fa82aae7b4cd7310d1b3,photometry/OGLE-LMC-RRLYR-05377.dat,15816,659,3813.84471,True,False,Exact duplicate folded phases
OGLE-LMC-RRLYR-05402,LMC,RRab,0.5233784,726.67356,,fundamental,2dfdea59a9a6d02867a1ea41cf798ddcc1f6b2fad9d53ffb889a59b834428276,photometry/OGLE-LMC-RRLYR-05402.dat,23976,999,3813.8553399999996,True,False,Exact duplicate folded phases
OGLE-LMC-RRLYR-05415,LMC,RRab,0.596265,726.5549,,fundamental,345884ef1f3e93d62b6679a1c966afe296f643d6e3dffef8c468493d68b08738,photometry/OGLE-LMC-RRLYR-05415.dat,15432,643,3813.8486799999996,True,False,Exact duplicate folded phases
OGLE-LMC-RRLYR-05463,LMC,RRc,0.3465368,726.61434,,first overtone,03998d26b27b1bb631c6cebf107230cf08952ae5aa813660d600f4431641fadb,photometry/OGLE-LMC-RRLYR-05463.dat,15504,646,3813.8484,True,False,Exact duplicate folded phases
OGLE-LMC-RRLYR-05472,LMC,RRab,0.5000682,726.46072,,fundamental,dc5ff61f298a2393cc560d834e1052b2d97946a53f2660997d67e63a29fdee9a,photometry/OGLE-LMC-RRLYR-05472.dat,15840,660,3813.84367,True,False,Exact duplicate folded phases
OGLE-LMC-RRLYR-05484,LMC,RRab,0.570403,726.56677,,fundamental,2eae5b472965a8f7ec3078009a1c57a79ce5a09fbdf05d515ad3a8d2b5b7529b,photometry/OGLE-LMC-RRLYR-05484.dat,15648,652,3813.85556,True,False,Exact duplicate folded phases
OGLE-LMC-RRLYR-05534,LMC,RRab,0.3735715,726.74645,,fundamental,ade3b655872c07a2ca764cfdc855adb0d741201f5fe9bc0e5fc92f08cc04b975,photometry/OGLE-LMC-RRLYR-05534.dat,15432,643,3813.84878,True,False,Exact duplicate folded phases
OGLE-LMC-RRLYR-05537,LMC,RRab,0.5321596,726.57281,,fundamental,54449c14c496b71e5e9e5914bc8aa5230df00c580778f05ca6a2a8da285e321e,photometry/OGLE-LMC-RRLYR-05537.dat,15744,656,3813.8442,True,False,Exact duplicate folded phases
OGLE-LMC-RRLYR-05662,LMC,RRc,0.3345078,2166.89579,,first overtone,47d4b2683a50d7b0a3a297e81c2e1e683ffa674748bf3119147d8989e486393d,photometry/OGLE-LMC-RRLYR-05662.dat,8712,363,2373.7439999999997,True,False,Exact duplicate folded phases
OGLE-LMC-RRLYR-05714,LMC,RRab,0.596205,2166.44953,,fundamental,0ee3d6bf8cf7d8fac11fb8621c44a441fc1295eefdb76c520f07af947cc041a1,photometry/OGLE-LMC-RRLYR-05714.dat,6336,264,2352.7946199999997,True,False,Exact duplicate folded phases
OGLE-LMC-RRLYR-05719,LMC,RRab,0.5640778,2166.81283,,fundamental,c22532bffac643fbe6e62da98afd56641c446734eee25499bba133b0db610c42,photometry/OGLE-LMC-RRLYR-05719.dat,8640,360,2370.69334,True,False,Exact duplicate folded phases
OGLE-LMC-RRLYR-05748,LMC,RRc,0.2939815,726.53779,,first overtone,598ffb4d73c5b6bef2cad0f6d4778d5a8e50c3cac71373049371eabf13d94b3e,photometry/OGLE-LMC-RRLYR-05748.dat,15600,650,3813.8558299999995,True,False,Exact duplicate folded phases
OGLE-LMC-RRLYR-05760,LMC,RRc,0.2882525,2166.63324,,first overtone,86c974d3816dc5632d9959ce6cd176b711dcef4581c428d993b0bb44a5dddc15,photometry/OGLE-LMC-RRLYR-05760.dat,17352,723,2373.7444200000004,True,False,Exact duplicate folded phases
OGLE-LMC-RRLYR-05872,LMC,RRab,0.4703226,2167.63828,,fundamental,7b17ea193771188c5ea5d604de1f999989052915af828a1f8183d9dbd832380a,photometry/OGLE-LMC-RRLYR-05872.dat,8664,361,2373.7499999999995,True,False,Exact duplicate folded phases
OGLE-LMC-RRLYR-05874,LMC,RRab,0.600675,2166.50391,,fundamental,0888b24a65065bfd94d51220127b5e3c6b7f9ec5700f90efbe1cb964c3384add,photometry/OGLE-LMC-RRLYR-05874.dat,21480,895,2374.69257,True,False,Exact duplicate folded phases
OGLE-LMC-RRLYR-05923,LMC,RRab,0.65759,726.35836,,fundamental,69221b0f60185ca864516261defc6b19f386013aab8d4e498dd396f90c9d1c4a,photometry/OGLE-LMC-RRLYR-05923.dat,13728,572,3813.85016,True,False,Exact duplicate folded phases
OGLE-LMC-RRLYR-05925,LMC,RRe,0.2602275,2166.76117,,catalog RRe,1a75f1fd988c820ba2f4e7d677cf5e6b1c0cbf7bbdf4fb4d9b4f85359f68f167,photometry/OGLE-LMC-RRLYR-05925.dat,8976,374,2373.7408000000005,True,False,Exact duplicate folded phases
OGLE-LMC-RRLYR-05927,LMC,RRab,0.5670856,726.27082,,fundamental,acb9be2f417dfb06551297eb8643ecb156cf46de5456d7eef280602357e2cefe,photometry/OGLE-LMC-RRLYR-05927.dat,17832,743,3814.8042800000003,True,False,Exact duplicate folded phases
OGLE-LMC-RRLYR-05962,LMC,RRc,0.3714636,2166.75364,,first overtone,7f0c1e38299b2dce815aef4b742215d7383541713fa9c29d940add4418ba17e7,photometry/OGLE-LMC-RRLYR-05962.dat,8904,371,2373.74435,True,False,Exact duplicate folded phases
OGLE-LMC-RRLYR-05990,LMC,RRab,0.4972512,726.73055,,fundamental,bc3ae96e7b0106fdb8c7e9c6f780fb52a19981d56865299de90aea306baf33e6,photometry/OGLE-LMC-RRLYR-05990.dat,25080,1045,3814.79921,True,False,Exact duplicate folded phases
OGLE-LMC-RRLYR-06001,LMC,RRab,0.501035,2166.82891,,fundamental,773df8169e1a98a310a70c7b08fbb3e35d8fc06268c701ffb9293756d9cd116b,photometry/OGLE-LMC-RRLYR-06001.dat,13488,562,2373.74435,True,False,Exact duplicate folded phases
OGLE-LMC-RRLYR-06006,LMC,RRab,0.571085,726.62797,,fundamental,2c33ac03873e82e42c077016470b8a321eed455000fd0c353980ad864ba998db,photometry/OGLE-LMC-RRLYR-06006.dat,25488,1062,3814.79677,True,False,Exact duplicate folded phases
OGLE-LMC-RRLYR-06009,LMC,RRab,0.4157582,726.38821,,fundamental,7d8ae414f8541282da9603d0b8c37b7e0a733ab1ff65cd4ab64df552ed5f76db,photometry/OGLE-LMC-RRLYR-06009.dat,24384,1016,3814.79994,True,False,Exact duplicate folded phases
OGLE-LMC-RRLYR-06010,LMC,RRc,0.29953,2167.63908,,first overtone,8ed2e813e0fb21c4e57266e3a36474a6a8d7573b4b837dfe6867c53c40542459,photometry/OGLE-LMC-RRLYR-06010.dat,17712,738,2373.7535999999996,True,False,Exact duplicate folded phases
OGLE-LMC-RRLYR-06026,LMC,RRc,0.3307832,2166.60688,,first overtone,6a5800364c448b1c369ae8a671b6a124f8feb7076f06d4f7d8b70e3fb29e321b,photometry/OGLE-LMC-RRLYR-06026.dat,8976,374,2373.7408000000005,True,False,Exact duplicate folded phases
OGLE-LMC-RRLYR-06040,LMC,RRab,0.530962,2167.81389,,fundamental,f418eaea126b8be2f15ed8faec9312858ee1ea7af0ecfbf960f2c65e4e3c7c69,photometry/OGLE-LMC-RRLYR-06040.dat,12864,536,2373.75016,True,False,Exact duplicate folded phases
OGLE-LMC-RRLYR-06055,LMC,RRab,0.599699,726.45258,,fundamental,761e8badbc94cb01f492632293313e8ce6ed80c9088aba442f8a6a02adb0eeb1,photometry/OGLE-LMC-RRLYR-06055.dat,19728,822,3814.8040300000002,True,False,Exact duplicate folded phases
OGLE-LMC-RRLYR-06068,LMC,RRc,0.4379796,726.5687,,first overtone,713faa81a412155a4e50c4af0150e352be48afd864a4afc96537f1809ce6c399,photometry/OGLE-LMC-RRLYR-06068.dat,16944,706,3814.79903,True,False,Exact duplicate folded phases
OGLE-LMC-RRLYR-06108,LMC,RRc,0.3496185,726.72232,,first overtone,b45f6e6d554cbcc5097fdd36009eb23ddd834610e2fa6388b5a3a0608089c07c,photometry/OGLE-LMC-RRLYR-06108.dat,16920,705,3814.79899,True,False,Exact duplicate folded phases
OGLE-LMC-RRLYR-06125,LMC,RRab,0.5156825,726.42857,,fundamental,0c26bf2c9b76f9e72c85e54f82c6cb9c9467e434170169ca991acad0a51e3928,photometry/OGLE-LMC-RRLYR-06125.dat,24768,1032,3814.7931,True,False,Exact duplicate folded phases
OGLE-LMC-RRLYR-06154,LMC,RRab,0.5314966,2167.47435,,fundamental,55b82ac98d1becd5777ff90272e1db5565b3b5b11d68c2266efaa4839d364116,photometry/OGLE-LMC-RRLYR-06154.dat,13968,582,2373.75035,True,False,Exact duplicate folded phases
OGLE-LMC-RRLYR-06169,LMC,RRab,0.5957,726.24561,,fundamental,249b1320e01afae0e17935a648b915570931317768dca354b0bbeb368f670812,photometry/OGLE-LMC-RRLYR-06169.dat,16992,708,3814.80003,True,False,Exact duplicate folded phases
OGLE-LMC-RRLYR-06179,LMC,RRab,0.54616,2167.5262,,fundamental,bbf4dff481a4d4c3288bd4e0a47be187eb3cf0f79f48b6e4f2f6cd5ddbfaacc0,photometry/OGLE-LMC-RRLYR-06179.dat,12816,534,2373.75016,True,False,Exact duplicate folded phases
OGLE-LMC-RRLYR-06214,LMC,RRe,0.271984,2166.64598,,catalog RRe,b0aabf043c7de3c46a89e7c270abd0808dcaeac44d25cc9cc635cbd442d77134,photometry/OGLE-LMC-RRLYR-06214.dat,16824,701,2374.69304,True,False,Exact duplicate folded phases
OGLE-LMC-RRLYR-06244,LMC,RRc,0.400357,726.49932,,first overtone,853adfe90033cb839285aa7b3b4c514d2e313f8b3c8e6b0df231191f77fc6dea,photometry/OGLE-LMC-RRLYR-06244.dat,16992,708,3814.79983,True,False,Exact duplicate folded phases
OGLE-LMC-RRLYR-06272,LMC,RRab,0.526466,726.30699,,fundamental,b0fb0cd084127b074b288f4f7cb2b062a0407067405cc466930799ed924a3027,photometry/OGLE-LMC-RRLYR-06272.dat,14376,599,3812.7462699999996,True,False,Exact duplicate folded phases
OGLE-LMC-RRLYR-06279,LMC,RRab,0.5548364,2167.75516,,fundamental,11887f02e93200fd0bef1b6543532de17c6a996d70622e03546a6912ad8e03af,photometry/OGLE-LMC-RRLYR-06279.dat,8544,356,2373.7498600000004,True,False,Exact duplicate folded phases
OGLE-LMC-RRLYR-06307,LMC,RRc,0.300942,2167.7383,,first overtone,fc18063d63f192ed77966b4c358bdfdbe7c3f79685eadd1dceeaf0c74d96e4cf,photometry/OGLE-LMC-RRLYR-06307.dat,19752,823,2373.7535999999996,True,False,Exact duplicate folded phases
OGLE-LMC-RRLYR-06311,LMC,RRab,0.482861,2166.70396,,fundamental,0c5382f402e7f2ce8cf98b29bf720f781e4bc5a9c77d8ebe7b503f71486c74ad,photometry/OGLE-LMC-RRLYR-06311.dat,17616,734,2374.69304,True,False,Exact duplicate folded phases
OGLE-LMC-RRLYR-06328,LMC,RRd,0.3536215,2167.67209,0.4754069,first overtone,fd76c95d91edc8a3f3be45910f4cecbead0a9d2f0b6fc94d505f885063712d77,photometry/OGLE-LMC-RRLYR-06328.dat,13056,544,2373.75361,True,False,Exact duplicate folded phases
OGLE-LMC-RRLYR-06348,LMC,RRab,0.4822882,2167.43885,,fundamental,40b9da0725615021e6c39544d11097758edab7584391ed780a21f60356a87055,photometry/OGLE-LMC-RRLYR-06348.dat,8592,358,2373.7498600000004,True,False,Exact duplicate folded phases
OGLE-LMC-RRLYR-06362,LMC,RRab,0.67281,457.12967,,fundamental,02c1586c44c7133368495d68fec2a484f326eb9d1c8e1e5e5037110bec86a744,photometry/OGLE-LMC-RRLYR-06362.dat,18264,761,4083.82652,True,False,Exact duplicate folded phases
OGLE-LMC-RRLYR-06534,LMC,RRab,0.6512893,457.39792,,fundamental,f0f1b4c67737f28462eddf3e60b9d16208e8e14f93d245ab175e50572ab2834b,photometry/OGLE-LMC-RRLYR-06534.dat,18480,770,4083.8255099999997,True,False,Exact duplicate folded phases
OGLE-LMC-RRLYR-06547,LMC,RRc,0.3143232,457.74645,,first overtone,f81c68455d0a85926f38d2ccdaa4aa5b0d30661d586978b620688ed0fa796a35,photometry/OGLE-LMC-RRLYR-06547.dat,27144,1131,4081.77893,True,False,Exact duplicate folded phases
OGLE-LMC-RRLYR-06554,LMC,RRab,0.463548,457.42683,,fundamental,a9574beebf5aecbf650d4ee0c36a7b3ab93fbf89aed030cbca31adf6d745a42b,photometry/OGLE-LMC-RRLYR-06554.dat,18480,770,4083.8259199999998,True,False,Exact duplicate folded phases
OGLE-LMC-RRLYR-06617,LMC,RRe,0.2587064,457.6073,,catalog RRe,0e44b4bfa2218c8328985c1d697f6394c97a21ac0271172bf9c70cab9ddce2be,photometry/OGLE-LMC-RRLYR-06617.dat,17256,719,4083.8191899999997,True,False,Exact duplicate folded phases
OGLE-LMC-RRLYR-06635,LMC,RRab,0.5701447,2167.77089,,fundamental,8a352cc8746eea9ad458108fdfcbc27e6e658543f74ce249ca738ce06db956d3,photometry/OGLE-LMC-RRLYR-06635.dat,8280,345,2373.75035,True,False,Exact duplicate folded phases
OGLE-LMC-RRLYR-06686,LMC,RRab,0.645253,457.23286,,fundamental,0b617b90b001fb20b40c4de54beaa7a45c959fbca667fbee0183314d39405be0,photometry/OGLE-LMC-RRLYR-06686.dat,21216,884,4083.8313700000003,True,False,Exact duplicate folded phases
OGLE-LMC-RRLYR-06689,LMC,RRab,0.590345,457.69749,,fundamental,00a8728dad5e8be27a9c7f817c98cabccb44b7c79d83a6221a3c3abe845dde55,photometry/OGLE-LMC-RRLYR-06689.dat,23736,989,4083.82397,True,False,Exact duplicate folded phases
OGLE-LMC-RRLYR-06719,LMC,RRab,0.5729495,2167.59452,,fundamental,b99caaae9f646594ccbbaf9a1ae0eab0a66e426d8e4dcc271f803517ef9aa684,photometry/OGLE-LMC-RRLYR-06719.dat,8616,359,2373.7499999999995,True,False,Exact duplicate folded phases
OGLE-LMC-RRLYR-06754,LMC,RRab,0.6318095,457.43789,,fundamental,c52e2a5a04f517f18def56ea6c4b71db7bd32d1b10afa0b74b80d3febc3f49db,photometry/OGLE-LMC-RRLYR-06754.dat,25584,1066,4083.82399,True,False,Exact duplicate folded phases
OGLE-LMC-RRLYR-06775,LMC,RRc,0.296754,2167.61479,,first overtone,b0c47aff674389ade3f60c1dccc8f914470540521de927fe9ce24310b4c248ed,photometry/OGLE-LMC-RRLYR-06775.dat,12840,535,2373.75016,True,False,Exact duplicate folded phases
OGLE-LMC-RRLYR-06793,LMC,RRab,0.595331,2167.58797,,fundamental,eeec340525a8091cf6444b51f7aa35d683a77596669864aac658073264cb6635,photometry/OGLE-LMC-RRLYR-06793.dat,9144,381,2373.7504,True,False,Exact duplicate folded phases
OGLE-LMC-RRLYR-06904,LMC,RRab,0.52729,2167.49552,,fundamental,8996c28478f08d1b1106aafa39cff92cec03f375490ba4ce579449d9a4be9277,photometry/OGLE-LMC-RRLYR-06904.dat,14760,615,2373.75361,True,False,Exact duplicate folded phases
OGLE-LMC-RRLYR-06967,LMC,RRc,0.3768687,2167.7984,,first overtone,078ddea73eec56547f8ba1a51bb4cbf93f1357c507bbeeaa030fb22b116bd24e,photometry/OGLE-LMC-RRLYR-06967.dat,8928,372,2373.75035,True,False,Exact duplicate folded phases
OGLE-LMC-RRLYR-06986,LMC,RRc,0.3061381,2167.77465,,first overtone,ad0a3b2453f33c630ba7b409367b02f44838097ccbee6f7ed94f7c4fef064e54,photometry/OGLE-LMC-RRLYR-06986.dat,6768,282,2373.75054,True,False,Exact duplicate folded phases
OGLE-LMC-RRLYR-07022,LMC,RRab,0.6232937,2167.30117,,fundamental,ae6e24089603073cd915984a083e5cabd41591e2ef04cc73674ed690a9fd3cfa,photometry/OGLE-LMC-RRLYR-07022.dat,19296,804,2373.7535999999996,True,False,Exact duplicate folded phases
OGLE-LMC-RRLYR-07034,LMC,RRe,0.2630316,457.68981,,catalog RRe,60e40a263918dd2b984d8105f1f0c15e2a2ca05507852d7f239bc640bdfc57d0,photometry/OGLE-LMC-RRLYR-07034.dat,17208,717,4083.8204299999998,True,False,Exact duplicate folded phases
OGLE-LMC-RRLYR-07127,LMC,RRc,0.3579496,457.59004,,first overtone,3ae371cfe072dfca8f997edac57cdc736c7320e74eec7dbaa58eea3c8174e0d0,photometry/OGLE-LMC-RRLYR-07127.dat,17424,726,4083.82474,True,False,Exact duplicate folded phases
OGLE-LMC-RRLYR-07151,LMC,RRab,0.5136032,2167.47637,,fundamental,a7b6ea277620b4b1fb7c39fbaf47ec9bffc2dd6783e56e6679d62e7e076f7c1b,photometry/OGLE-LMC-RRLYR-07151.dat,9144,381,2373.7504,True,False,Exact duplicate folded phases
OGLE-LMC-RRLYR-07194,LMC,RRc,0.3375025,457.50859,,first overtone,60f530867df4d3c78ba8e6d375ba599fe09cc5cd5b8c2872272dd4d3890336bc,photometry/OGLE-LMC-RRLYR-07194.dat,17112,713,4083.8190399999994,True,False,Exact duplicate folded phases
OGLE-LMC-RRLYR-07232,LMC,RRc,0.3511512,457.60582,,first overtone,2aad8eb29c3377b15e2cf111cf7e35285f4fcda237ff6c608db67983ab92f4d8,photometry/OGLE-LMC-RRLYR-07232.dat,18336,764,4083.8244299999997,True,False,Exact duplicate folded phases
OGLE-LMC-RRLYR-07299,LMC,RRab,0.637607,457.51822,,fundamental,63c2dcbc7e6e3ba634def3ee550365e5fc6e354a11082a7438eb93de58c01f9d,photometry/OGLE-LMC-RRLYR-07299.dat,20112,838,4083.82758,True,False,Exact duplicate folded phases
OGLE-LMC-RRLYR-07425,LMC,RRab,0.6428742,457.35949,,fundamental,50912a220ecdf044dc73e063f12fae9e9fead72d463cd69025019f5f9529336d,photometry/OGLE-LMC-RRLYR-07425.dat,17184,716,4083.8192599999998,True,False,Exact duplicate folded phases
OGLE-LMC-RRLYR-07438,LMC,RRab,0.55966,2167.40156,,fundamental,a2139ff678ef614281c3d55c9a6cc7d550bf7f139b4d136f0f3e3616b55577df,photometry/OGLE-LMC-RRLYR-07438.dat,12000,500,2333.8345699999995,True,False,Exact duplicate folded phases
OGLE-LMC-RRLYR-07519,LMC,RRab,0.539121,457.26159,,fundamental,34d95976b5afef04b268c42275e23e590c83863331f53527c036f1c7c4afeca3,photometry/OGLE-LMC-RRLYR-07519.dat,21312,888,4083.83212,True,False,Exact duplicate folded phases
OGLE-LMC-RRLYR-07633,LMC,RRab,0.5550324,457.59785,,fundamental,a609f0f16a501daa2e9d1024a225716ca013c01c1967ad1ecd41ff6c3a158e36,photometry/OGLE-LMC-RRLYR-07633.dat,18456,769,4083.83405,True,False,Exact duplicate folded phases
OGLE-LMC-RRLYR-07664,LMC,RRab,0.626026,457.71538,,fundamental,7915e980565208b9def30ae05378d583bea779efd537cd9a445b8b35d542b074,photometry/OGLE-LMC-RRLYR-07664.dat,18528,772,4083.83312,True,False,Exact duplicate folded phases
OGLE-LMC-RRLYR-07702,LMC,RRab,0.539356,457.37778,,fundamental,7165bb8d8387e61ca0005f63a76c7c5dfde93b842c19456811641851b99abbe9,photometry/OGLE-LMC-RRLYR-07702.dat,16536,689,4081.7793699999997,True,False,Exact duplicate folded phases
OGLE-LMC-RRLYR-07799,LMC,RRc,0.3042635,2167.73698,,first overtone,74686a9ac8490fb405c4a1cca668750b0634e516e78741915de1ce42a6d1d689,photometry/OGLE-LMC-RRLYR-07799.dat,8328,347,2373.7499999999995,True,False,Exact duplicate folded phases
OGLE-LMC-RRLYR-07814,LMC,RRc,0.310788,457.74858,,first overtone,2817733bfb3120e01f1af24aa6b7b7a22a5f8a30b3b8aa8450094a46f67698e2,photometry/OGLE-LMC-RRLYR-07814.dat,18432,768,4083.83293,True,False,Exact duplicate folded phases
OGLE-LMC-RRLYR-07832,LMC,RRe,0.2801247,457.6603,,catalog RRe,c8f9253c89d99667af81547c69e6b1728dfbdb5f6c62681f4702575af2de5bd9,photometry/OGLE-LMC-RRLYR-07832.dat,17808,742,4083.8316999999997,True,False,Exact duplicate folded phases
OGLE-LMC-RRLYR-07887,LMC,RRab,0.5608096,457.64814,,fundamental,75433e2ac88b16881cce4534a9fbe46a0967aee66db6ef48f8e01661287ea5c7,photometry/OGLE-LMC-RRLYR-07887.dat,18528,772,4083.83138,True,False,Exact duplicate folded phases
OGLE-LMC-RRLYR-07900,LMC,RRab,0.533086,457.67741,,fundamental,bf9b2ff601cfbf1b952f26e0a90a245b4591897480e140c53b9a8dba1c97494b,photometry/OGLE-LMC-RRLYR-07900.dat,21288,887,4083.8382800000004,True,False,Exact duplicate folded phases
OGLE-LMC-RRLYR-07910,LMC,RRab,0.5511716,457.21531,,fundamental,d5c18f3c6ed80a29579de10ce27520a37824482c8ac192f6b37401d60cf1bee6,photometry/OGLE-LMC-RRLYR-07910.dat,18528,772,4083.83146,True,False,Exact duplicate folded phases
OGLE-LMC-RRLYR-07919,LMC,RRab,0.5544342,2167.75322,,fundamental,b01b0eca824b9160fd781f81a3f90a022a11dca7a819be40ca014065d24b1edc,photometry/OGLE-LMC-RRLYR-07919.dat,12000,500,2373.75016,True,False,Exact duplicate folded phases
OGLE-LMC-RRLYR-07940,LMC,RRab,0.4916738,457.418,,fundamental,6dca22bd36f8498384780bf80b0623e68fa935762838fcc50581b7534fbcc635,photometry/OGLE-LMC-RRLYR-07940.dat,18432,768,4083.83308,True,False,Exact duplicate folded phases
OGLE-LMC-RRLYR-08018,LMC,RRab,0.499659,457.46767,,fundamental,5d10b6267cdccd3b93ce3f1879a4a66df9066d819f86b71677a90c01d48a6f37,photometry/OGLE-LMC-RRLYR-08018.dat,15048,627,4083.8261799999996,True,False,Exact duplicate folded phases
OGLE-LMC-RRLYR-08029,LMC,RRab,0.524403,2167.77777,,fundamental,f9b45d9ee10c3ae8b58f8ee4e89817cc5ba40643e60a08e6a8e57f0dc139fc36,photometry/OGLE-LMC-RRLYR-08029.dat,12792,533,2373.75016,True,False,Exact duplicate folded phases
OGLE-LMC-RRLYR-08032,LMC,RRab,0.461105,457.56295,,fundamental,f1be627590de69f019be59bcc8e1bbd2720bab8cc6e0ce6ad905fc703df9c045,photometry/OGLE-LMC-RRLYR-08032.dat,18456,769,4083.83104,True,False,Exact duplicate folded phases
OGLE-LMC-RRLYR-08060,LMC,RRc,0.357465,457.52929,,first overtone,10af7d9c8aee68b8ff4dcca1b3e3106931f206f5d7351765cff187c2c781c276,photometry/OGLE-LMC-RRLYR-08060.dat,17376,724,4083.8269899999996,True,False,Exact duplicate folded phases
OGLE-LMC-RRLYR-08090,LMC,RRab,0.472805,457.61409,,fundamental,62dad16523eb29875d3fc1232b3b47fcd785ce8194c9a497dcf0d0acd3b5242a,photometry/OGLE-LMC-RRLYR-08090.dat,17256,719,4083.8263599999996,True,False,Exact duplicate folded phases
OGLE-LMC-RRLYR-08102,LMC,RRd,0.396953,457.46576,0.5321892,first overtone,3a90b869535a4ca2369d70d100008de0e449f6229d236a39ca17493e1392d723,photometry/OGLE-LMC-RRLYR-08102.dat,21264,886,4083.8381700000004,True,False,Exact duplicate folded phases
OGLE-LMC-RRLYR-08121,LMC,RRab,0.5088316,457.5026,,fundamental,9aefe081f7c4f78e90e6e853642873bb531bf5b54b281305a7d5d64b74b376ac,photometry/OGLE-LMC-RRLYR-08121.dat,21168,882,4083.83824,True,False,Exact duplicate folded phases
OGLE-LMC-RRLYR-08142,LMC,RRab,0.5270775,457.50921,,fundamental,2064192cc463383359168a0de848632f09eaa8f69a5518046366b4cf87fb276d,photometry/OGLE-LMC-RRLYR-08142.dat,17280,720,4081.77497,True,False,Exact duplicate folded phases
OGLE-LMC-RRLYR-08174,LMC,RRe,0.26719,457.59583,,catalog RRe,4c7c73f04af0a1caf64ab0ad602eb581a60d5f823ecdec1c8c78dc3d2af0cfdb,photometry/OGLE-LMC-RRLYR-08174.dat,21264,886,4083.83876,True,False,Exact duplicate folded phases
OGLE-LMC-RRLYR-08176,LMC,RRab,0.566795,2167.36334,,fundamental,1b79502b07cb5ea400892b453bb9dbe66af487648367714782c3ba301aad5cbe,photometry/OGLE-LMC-RRLYR-08176.dat,8640,360,2373.7499999999995,True,False,Exact duplicate folded phases
OGLE-LMC-RRLYR-08190,LMC,RRc,0.3584106,457.65188,,first overtone,bd6a9da0fbfc946d9199450a2569ac375b7b7f3479ae165b42360aae31a4f82c,photometry/OGLE-LMC-RRLYR-08190.dat,19920,830,4083.8388700000005,True,False,Exact duplicate folded phases
OGLE-LMC-RRLYR-08244,LMC,RRc,0.345545,2167.7075,,first overtone,6eb3639d2b47d1a0b41e4c447870d829ba2c88ecbe88fe51fb3e5705a5a0716f,photometry/OGLE-LMC-RRLYR-08244.dat,18024,751,2373.75404,True,False,Exact duplicate folded phases
OGLE-LMC-RRLYR-08281,LMC,RRab,0.4658,457.67337,,fundamental,dd9de1f74ad887f8a90fc3573f9dc5c220b3b8396ebdeca96c52353c2802f388,photometry/OGLE-LMC-RRLYR-08281.dat,18600,775,4083.83277,True,False,Exact duplicate folded phases
OGLE-LMC-RRLYR-08322,LMC,RRab,0.616592,457.61902,,fundamental,55b521c10ad2a63a06819a45b58f2dcac4fc7e0158a14eebd24946987f7e60cd,photometry/OGLE-LMC-RRLYR-08322.dat,21048,877,4083.83858,True,False,Exact duplicate folded phases
OGLE-LMC-RRLYR-08384,LMC,RRab,0.6402875,2167.7063,,fundamental,89de382c8fc44c05e8f0e863489d87c8f2b22d28b177fae823565374cb7b6b88,photometry/OGLE-LMC-RRLYR-08384.dat,12864,536,2373.75016,True,False,Exact duplicate folded phases
OGLE-LMC-RRLYR-08406,LMC,RRd,0.3626216,457.66917,0.4870229,first overtone,bd6c1433a1deac2f45358946b3d01349370983ee7eef0cc9c64d9ccab271c8bd,photometry/OGLE-LMC-RRLYR-08406.dat,17568,732,4083.83209,True,False,Exact duplicate folded phases
OGLE-LMC-RRLYR-08450,LMC,RRab,0.564902,457.19559,,fundamental,c20c32d2cc64dd2d38663550fa3260de11961521c633152d776f2cf6b22809c8,photometry/OGLE-LMC-RRLYR-08450.dat,18384,766,4083.83229,True,False,Exact duplicate folded phases
OGLE-LMC-RRLYR-08466,LMC,RRab,0.610445,457.27016,,fundamental,f0d2cea4bf18cde074af58a40c8a8fc28ec99650178a73b7b51167128c14c5a8,photometry/OGLE-LMC-RRLYR-08466.dat,18456,769,4083.83086,True,False,Exact duplicate folded phases
OGLE-LMC-RRLYR-08485,LMC,RRc,0.3321204,457.55909,,first overtone,7e48f334fe8eab36b51e3fa40464c7a8c8d46d7753e186fc54dd1f5c89f4ffdf,photometry/OGLE-LMC-RRLYR-08485.dat,18480,770,4083.83268,True,False,Exact duplicate folded phases
OGLE-LMC-RRLYR-08492,LMC,RRd,0.3663825,457.49794,0.4912784,first overtone,6957c574bf4e51a9072b4f199e57e7db0106f909b327301cb15b9dd5f0a45327,photometry/OGLE-LMC-RRLYR-08492.dat,18504,771,4083.83193,True,False,Exact duplicate folded phases
OGLE-LMC-RRLYR-08517,LMC,RRab,0.5117975,457.66115,,fundamental,068c97a4475a2a0be03a23aca6b94f180dbacc3055365d81849f67eac804215f,photometry/OGLE-LMC-RRLYR-08517.dat,18504,771,4083.83226,True,False,Exact duplicate folded phases
OGLE-LMC-RRLYR-08574,LMC,RRab,0.6146235,457.2141,,fundamental,6c1d67a8f1bad6ef1828ed2006ccc82508da14c6747d4aca1319dec445d54cf9,photometry/OGLE-LMC-RRLYR-08574.dat,21264,886,4083.8384100000003,True,False,Exact duplicate folded phases
OGLE-LMC-RRLYR-08575,LMC,RRc,0.3798383,457.73854,,first overtone,895a8b0cacfab8fcf5aceac4f2fa2b4e19d04111c4bb4e3deab6d08e4154de07,photometry/OGLE-LMC-RRLYR-08575.dat,26808,1117,4083.83077,True,False,Exact duplicate folded phases
OGLE-LMC-RRLYR-08617,LMC,RRc,0.33313,2167.6743,,first overtone,b5049c6b68ced1802a3d2b9001859d4b1f9f2ab8218aa4fb1b06e4360bd8a1c2,photometry/OGLE-LMC-RRLYR-08617.dat,9096,379,2373.7504,True,False,Exact duplicate folded phases
OGLE-LMC-RRLYR-08629,LMC,RRc,0.296892,457.74271,,first overtone,fc470a0102f50aa3a172816391d8a3cd83d2b8f46717b8d25cb995c539be01be,photometry/OGLE-LMC-RRLYR-08629.dat,18480,770,4083.83153,True,False,Exact duplicate folded phases
OGLE-LMC-RRLYR-08641,LMC,RRc,0.3439774,457.55259,,first overtone,e1b752ad2544d02d351f76ea233ee2de4d14f524f03986dafdad157406f56605,photometry/OGLE-LMC-RRLYR-08641.dat,25320,1055,4083.83081,True,False,Exact duplicate folded phases
OGLE-LMC-RRLYR-08645,LMC,RRab,0.5293966,457.29449,,fundamental,5f5c840e2a015ecbe59b050ec845581878ec0e172cab5f08e022cbce2a8f620a,photometry/OGLE-LMC-RRLYR-08645.dat,18528,772,4083.83102,True,False,Exact duplicate folded phases
OGLE-LMC-RRLYR-08652,LMC,RRab,0.642436,457.59099,,fundamental,a4a9a5a2061fd03c6c8c8f83ee6675bb6c9b715ea8db79041b7366c5405c185c,photometry/OGLE-LMC-RRLYR-08652.dat,21240,885,4083.8383300000005,True,False,Exact duplicate folded phases
OGLE-LMC-RRLYR-08660,LMC,RRe,0.246834,457.63742,,catalog RRe,74e01bacc02dcc215b67d32a2000d2488507d6988482dda1eeeae23f8cec1663,photometry/OGLE-LMC-RRLYR-08660.dat,18480,770,4083.83383,True,False,Exact duplicate folded phases
OGLE-LMC-RRLYR-08670,LMC,RRab,0.5658605,457.5311,,fundamental,9897521ca444475063376175d558a6111bc9169a720d08c913d79971ebbdc1f0,photometry/OGLE-LMC-RRLYR-08670.dat,18528,772,4083.83403,True,False,Exact duplicate folded phases
OGLE-LMC-RRLYR-08712,LMC,RRe,0.265242,457.72548,,catalog RRe,40cd1b28b5198bde61ffedb64aacbc3558c2e61ba0dfd6e4a0ec7d9efb19e15c,photometry/OGLE-LMC-RRLYR-08712.dat,18504,771,4083.83191,True,False,Exact duplicate folded phases
OGLE-LMC-RRLYR-08723,LMC,RRab,0.4921572,457.69234,,fundamental,78df364b2e9cf59b404c994062122b8e11fb65c1e5143c66273e0e4ca600a0a5,photometry/OGLE-LMC-RRLYR-08723.dat,18528,772,4083.83394,True,False,Exact duplicate folded phases
OGLE-LMC-RRLYR-08731,LMC,RRc,0.297555,2167.76425,,first overtone,b4405c80d55c236c9c6b1cb9801ff3f3b8f18320317c419b6f5b339e288fbd76,photometry/OGLE-LMC-RRLYR-08731.dat,8640,360,2373.7499999999995,True,False,Exact duplicate folded phases
OGLE-LMC-RRLYR-08774,LMC,RRab,0.6883702,457.48664,,fundamental,8b1e56c2f16bc17ace129ddf1e91b63d8910044819986537ad8bcd58cfdaca89,photometry/OGLE-LMC-RRLYR-08774.dat,22896,954,4083.94276,True,False,Exact duplicate folded phases
OGLE-LMC-RRLYR-08864,LMC,RRc,0.3378084,457.43654,,first overtone,4624aef7bc14e392e501ff07e9e4b7a1a675741030b4d9f0a35e3444334908ad,photometry/OGLE-LMC-RRLYR-08864.dat,21912,913,4083.9484500000003,True,False,Exact duplicate folded phases
OGLE-LMC-RRLYR-08884,LMC,RRc,0.3327425,457.64441,,first overtone,79b9ff35decad1dbb1d1165a769c0b514415bf690df6af57e32fa6a34899f23d,photometry/OGLE-LMC-RRLYR-08884.dat,22104,921,4083.9486100000004,True,False,Exact duplicate folded phases
OGLE-LMC-RRLYR-08955,LMC,RRc,0.299265,457.40931,,first overtone,0b30c71b472a9b60846276f67cf605ad3a15f5b163babf6ab94d4d7c261f0c0f,photometry/OGLE-LMC-RRLYR-08955.dat,19440,810,4083.94312,True,False,Exact duplicate folded phases
OGLE-LMC-RRLYR-09094,LMC,RRc,0.3495525,2161.70411,,first overtone,aeb2de0ef2e24f785021ce396836b58b23e09edc664e7483bd3b00e2961cb77d,photometry/OGLE-LMC-RRLYR-09094.dat,14640,610,2379.7564799999996,True,False,Exact duplicate folded phases
OGLE-LMC-RRLYR-09111,LMC,RRe,0.256322,2167.64169,,catalog RRe,277fdf8672583111cd90265f1ff6e011aa89948c7da2c062f6074c5226f1b7db,photometry/OGLE-LMC-RRLYR-09111.dat,12864,536,2373.75016,True,False,Exact duplicate folded phases
OGLE-LMC-RRLYR-09119,LMC,RRab,0.574718,457.30077,,fundamental,a23fbaf3231a1021507bb1a55623424d6becc5c8adde66ff603436758928bcf1,photometry/OGLE-LMC-RRLYR-09119.dat,19440,810,4083.94145,True,False,Exact duplicate folded phases
OGLE-LMC-RRLYR-09125,LMC,RRab,0.621032,457.04804,,fundamental,f1f7d46cfdad5d60a1f3f7916b0cc10121c5039c4323b7d2e7db5f8f0484c3a5,photometry/OGLE-LMC-RRLYR-09125.dat,22200,925,4083.9488100000003,True,False,Exact duplicate folded phases
OGLE-LMC-RRLYR-09161,LMC,RRab,0.4711044,457.37233,,fundamental,f89f6b18a2e231b1f4f2491b6ece5239abc9c0a3df084ad646e357ffbae54317,photometry/OGLE-LMC-RRLYR-09161.dat,24264,1011,4083.9436499999997,True,False,Exact duplicate folded phases
OGLE-LMC-RRLYR-09163,LMC,RRab,0.4875842,457.49982,,fundamental,aca06a1c21ddf6806094228e5cf932ffc744e702c5c506b564c2f38ff2d7a2cb,photometry/OGLE-LMC-RRLYR-09163.dat,22080,920,4083.94761,True,False,Exact duplicate folded phases
OGLE-LMC-RRLYR-09167,LMC,RRab,0.6363,2123.70618,,fundamental,f6d0efd3296732968c9584bc6b36e7e1b79b7f4709f24c04aea76a7348b26b7f,photometry/OGLE-LMC-RRLYR-09167.dat,21456,894,2417.68528,True,False,Exact duplicate folded phases
OGLE-LMC-RRLYR-09179,LMC,RRab,0.5608801,457.15532,,fundamental,e0859d3d849d4d3aece23aee7061be6c9dd8984fcf050655f5eb18c3be75de92,photometry/OGLE-LMC-RRLYR-09179.dat,14664,611,4083.94296,True,False,Exact duplicate folded phases
OGLE-LMC-RRLYR-09199,LMC,RRab,0.6312424,2161.34007,,fundamental,cb1ff1b0e609c1be52dcb7135b20b98c0e18ae042e730ae01d48d9ea4cdf7ede,photometry/OGLE-LMC-RRLYR-09199.dat,8736,364,2379.7564799999996,True,False,Exact duplicate folded phases
OGLE-LMC-RRLYR-09220,LMC,RRab,0.5145315,457.18913,,fundamental,754ee5d39f9e5c6eca4145259e84b62944d7b7482d4e7aeb3eaaa1939eb8488b,photometry/OGLE-LMC-RRLYR-09220.dat,23808,992,4083.97179,True,False,Exact duplicate folded phases
OGLE-LMC-RRLYR-09225,LMC,RRc,0.3985154,457.27898,,first overtone,9d878d74b6b00ce79a38fab1cd861544494a138020f3b883516aa3da1348c9a2,photometry/OGLE-LMC-RRLYR-09225.dat,28536,1189,4083.9586999999997,True,False,Exact duplicate folded phases
OGLE-LMC-RRLYR-09227,LMC,RRab,0.6026308,457.45778,,fundamental,6badba4930088cad9c1a864de0a59aa254cba32e0f42a11943ac1537bf34aa03,photometry/OGLE-LMC-RRLYR-09227.dat,26952,1123,4083.94342,True,False,Exact duplicate folded phases
OGLE-LMC-RRLYR-09239,LMC,RRc,0.4079788,457.62307,,first overtone,1c862868c6df3b52eb3840b32ed52a8049d81bf889ce61e4d4e97277c7cafbcd,photometry/OGLE-LMC-RRLYR-09239.dat,35040,1460,4083.9712799999998,True,False,Exact duplicate folded phases
OGLE-LMC-RRLYR-09256,LMC,RRab,0.6212844,457.39243,,fundamental,4fb8e78df13d1785abf43ff0e10713c6d146509fc3b706392aa387f943a064aa,photometry/OGLE-LMC-RRLYR-09256.dat,26928,1122,4083.9579299999996,True,False,Exact duplicate folded phases
OGLE-LMC-RRLYR-09288,LMC,RRab,0.5652855,457.55547,,fundamental,e28a472296a72927e4d616229f66d315642161fed640cc0e9aa97cb372358c5a,photometry/OGLE-LMC-RRLYR-09288.dat,28752,1198,4083.9599400000006,True,False,Exact duplicate folded phases
OGLE-LMC-RRLYR-09323,LMC,RRc,0.324925,457.3282,,first overtone,ab4b1a046ce1af965c4417b9fd5f9505c2612fffc1e312563c2dd2c804dda349,photometry/OGLE-LMC-RRLYR-09323.dat,18456,769,4083.97162,True,False,Exact duplicate folded phases
OGLE-LMC-RRLYR-09325,LMC,RRab,0.4697975,2156.8063,,fundamental,daeca4dc73b7f8ccc8297aa358353f01268296a5def7110c86cb7e4eb23858d4,photometry/OGLE-LMC-RRLYR-09325.dat,8856,369,2384.7235899999996,True,False,Exact duplicate folded phases
OGLE-LMC-RRLYR-09342,LMC,RRe,0.29228,457.38428,,catalog RRe,793c34ed71503ac1ba93d52b56040439dfc8f9a2b425cd946812b19855219d09,photometry/OGLE-LMC-RRLYR-09342.dat,18744,781,4083.9592399999997,True,False,Exact duplicate folded phases
OGLE-LMC-RRLYR-09356,LMC,RRab,0.50159,457.43306,,fundamental,99f73838d421de3c4ca753c6aeae4a794c7cdae4460e6bf03fdf1a382ff70d07,photometry/OGLE-LMC-RRLYR-09356.dat,18552,773,4083.9585999999995,True,False,Exact duplicate folded phases
OGLE-LMC-RRLYR-09362,LMC,RRe,0.2801219,457.51742,,catalog RRe,dbffe4dcf721feff539b1efb5f17d594cb6b4c573d89066c6d9f32953cd4f843,photometry/OGLE-LMC-RRLYR-09362.dat,28128,1172,4083.96003,True,False,Exact duplicate folded phases
OGLE-LMC-RRLYR-09386,LMC,RRab,0.6069908,457.22403,,fundamental,3843fbefa99e82315791d316a1c8aec3cee4d6e04e771df3ea61ae5027934cbe,photometry/OGLE-LMC-RRLYR-09386.dat,18600,775,4083.9590199999993,True,False,Exact duplicate folded phases
OGLE-LMC-RRLYR-09518,LMC,RRab,0.486002,457.62097,,fundamental,2097da4f7acdd2e94ffe9b7e609a1392edb5dd2b03a5d1be29cb145e7347773a,photometry/OGLE-LMC-RRLYR-09518.dat,18432,768,4083.97192,True,False,Exact duplicate folded phases
OGLE-LMC-RRLYR-09532,LMC,RRab,0.5739572,457.10999,,fundamental,11bcb961a901ac825abbf47e42a66db6af0f86dd260520442fc789558c1f3845,photometry/OGLE-LMC-RRLYR-09532.dat,18672,778,4083.9585199999997,True,False,Exact duplicate folded phases
OGLE-LMC-RRLYR-09546,LMC,RRc,0.3375325,457.57299,,first overtone,2b8151d27ad41e97f37a683ee36606042079fb54070b173dce57fdff20ecfd57,photometry/OGLE-LMC-RRLYR-09546.dat,18312,763,4083.9723599999998,True,False,Exact duplicate folded phases
OGLE-LMC-RRLYR-09555,LMC,RRab,0.589331,457.53737,,fundamental,9088b754fa329ca585fe7e21bdd0e1b8422755a2260005506132654c25c35d73,photometry/OGLE-LMC-RRLYR-09555.dat,18768,782,4083.9598899999996,True,False,Exact duplicate folded phases
OGLE-LMC-RRLYR-09564,LMC,RRab,0.465697,457.62433,,fundamental,0eab64ff944a8c9369347d2746db39f444d24ffcc8b8b322ef2eaa05a698feeb,photometry/OGLE-LMC-RRLYR-09564.dat,20952,873,4083.9601000000002,True,False,Exact duplicate folded phases
OGLE-LMC-RRLYR-09614,LMC,RRe,0.27707,2123.8575,,catalog RRe,9fca2d21ce93903402992ba3ed019913a5a32cd8dcf6f157c5953443f3be4b50,photometry/OGLE-LMC-RRLYR-09614.dat,12888,537,2417.6871200000005,True,False,Exact duplicate folded phases
OGLE-LMC-RRLYR-09622,LMC,RRab,0.5856034,2123.73861,,fundamental,f2e32ff2024a228ed4856e4f13368387208bcdaffc57dc863db2febf93a77644,photometry/OGLE-LMC-RRLYR-09622.dat,12768,532,2417.6871200000005,True,False,Exact duplicate folded phases
OGLE-LMC-RRLYR-09637,LMC,RRab,0.6612414,2123.56502,,fundamental,efe5990986ea941e099d0f5acc3cd273c27cfa75680411892d45fd0661bfbf9f,photometry/OGLE-LMC-RRLYR-09637.dat,14688,612,2417.6871200000005,True,False,Exact duplicate folded phases
OGLE-LMC-RRLYR-09669,LMC,RRc,0.2845425,2123.79463,,first overtone,f07d120e56d7abc687a5d4d7517dfae87765a547c64742f9f16f8ce7b747ba84,photometry/OGLE-LMC-RRLYR-09669.dat,9144,381,2417.68528,True,False,Exact duplicate folded phases
OGLE-LMC-RRLYR-09716,LMC,RRe,0.273093,457.54567,,catalog RRe,8d7841d1b2fb8505b627cac48d1389247ec6edc58570108c3e1b84983e675b20,photometry/OGLE-LMC-RRLYR-09716.dat,20208,842,4083.9605300000003,True,False,Exact duplicate folded phases
OGLE-LMC-RRLYR-09752,LMC,RRc,0.350045,457.41041,,first overtone,f2ee1dfc98c1f4acc3588f9718190f3d8017671dd06f9a5677b1fb1295a5af67,photometry/OGLE-LMC-RRLYR-09752.dat,17280,720,4083.97197,True,False,Exact duplicate folded phases
OGLE-LMC-RRLYR-09758,LMC,RRab,0.58872,2123.55568,,fundamental,6e538cf731aa5154ca6abd8794b017b4c2a362f42cc6bd551581a9402939aed2,photometry/OGLE-LMC-RRLYR-09758.dat,9192,383,2417.68528,True,False,Exact duplicate folded phases
OGLE-LMC-RRLYR-09774,LMC,RRe,0.2580345,2123.81645,,catalog RRe,3c065e37293b7694d5daeb7b19ab11ce84d84ee9339d27794bb84027494dc9b3,photometry/OGLE-LMC-RRLYR-09774.dat,9264,386,2417.68528,True,False,Exact duplicate folded phases
OGLE-LMC-RRLYR-09789,LMC,RRab,0.6322804,457.12285,,fundamental,5cc9132344edc8ff31bbd0f158d6d9c2a917462441aa40a9ff617a53ee9ccc61,photometry/OGLE-LMC-RRLYR-09789.dat,18648,777,4083.9014000000006,True,False,Exact duplicate folded phases
OGLE-LMC-RRLYR-09835,LMC,RRe,0.248465,457.62961,,catalog RRe,6296af4959292392b92c3497d2aea3ad857bcb7f2d54187127ca057a15f0dee2,photometry/OGLE-LMC-RRLYR-09835.dat,21240,885,4083.9600200000004,True,False,Exact duplicate folded phases
OGLE-LMC-RRLYR-09848,LMC,RRc,0.3262427,457.36098,,first overtone,306a1a0b315f1918294efa1c4506e6e4fda41c54075844aa9cf593484d39b9f7,photometry/OGLE-LMC-RRLYR-09848.dat,26760,1115,4083.9604399999994,True,False,Exact duplicate folded phases
OGLE-LMC-RRLYR-09867,LMC,RRab,0.590465,2123.77005,,fundamental,dd061f4fbc07e462044d66db6919a0c04f802b7ce79b335f61d912be65255065,photometry/OGLE-LMC-RRLYR-09867.dat,9048,377,2417.6871499999997,True,False,Exact duplicate folded phases
OGLE-LMC-RRLYR-09880,LMC,RRab,0.566747,457.34708,,fundamental,716441287b759dcc83c9f2555e4a5602ee3c3fb738d17242fa06ba08a22c5dd5,photometry/OGLE-LMC-RRLYR-09880.dat,18696,779,4083.9599299999995,True,False,Exact duplicate folded phases
OGLE-LMC-RRLYR-09888,LMC,RRab,0.5707225,457.22878,,fundamental,4ae435a8010153d289d5acd761878e22c4d6c84a84293059a2d31859cec0d406,photometry/OGLE-LMC-RRLYR-09888.dat,18384,766,4083.97168,True,False,Exact duplicate folded phases
OGLE-LMC-RRLYR-09907,LMC,RRab,0.575242,457.16433,,fundamental,3fbb3c9d4eaa182edeb86eb33b3711016986e8367ab1f4aed6807434e248c5d9,photometry/OGLE-LMC-RRLYR-09907.dat,18432,768,4083.97195,True,False,Exact duplicate folded phases
OGLE-LMC-RRLYR-09910,LMC,RRc,0.332737,457.33051,,first overtone,8df24938d235f623f1f2f17f1aa74536964e8734d642c9f2148752dd38c3bfdd,photometry/OGLE-LMC-RRLYR-09910.dat,18744,781,4083.9591799999994,True,False,Exact duplicate folded phases
OGLE-LMC-RRLYR-09918,LMC,RRe,0.2711478,457.45639,,catalog RRe,59f4cb145545aefdf6ef5009780286995ec487d8889210e06b670282223c267b,photometry/OGLE-LMC-RRLYR-09918.dat,18456,769,4083.97248,True,False,Exact duplicate folded phases
OGLE-LMC-RRLYR-09919,LMC,RRab,0.502646,457.31421,,fundamental,c4f5ad11504c5cb63fd8f26c4b6a69cf4e482d4a9957846886b02143487120d9,photometry/OGLE-LMC-RRLYR-09919.dat,18696,779,4083.9602799999993,True,False,Exact duplicate folded phases
OGLE-LMC-RRLYR-09940,LMC,RRab,0.554413,457.50276,,fundamental,d528f67e1a55df8fdf0f3981ba04260574eff5221ba05e0d91e2f8a05d90b054,photometry/OGLE-LMC-RRLYR-09940.dat,18696,779,4083.9593999999997,True,False,Exact duplicate folded phases
OGLE-LMC-RRLYR-09959,LMC,RRab,0.6400715,2156.81102,,fundamental,49afe06067cface06c1fb9b3d33a8a9b8e260974f47bc418848f2f86658ec125,photometry/OGLE-LMC-RRLYR-09959.dat,8808,367,2384.7235899999996,True,False,Exact duplicate folded phases
OGLE-LMC-RRLYR-09969,LMC,RRab,0.570654,457.61208,,fundamental,e72ebef57e1d8f917a7c055631901ea72bd70bdc01cc6f20adb23b5edbfc5c9d,photometry/OGLE-LMC-RRLYR-09969.dat,22056,919,4083.9602700000005,True,False,Exact duplicate folded phases
OGLE-LMC-RRLYR-09976,LMC,RRab,0.64757,2123.77112,,fundamental,e4fdb8dc2f764a5d5bc70fb8705cd8651b8a50d4e7d1237c9f0778de754f72ca,photometry/OGLE-LMC-RRLYR-09976.dat,12600,525,2417.6871200000005,True,False,Exact duplicate folded phases
OGLE-LMC-RRLYR-09977,LMC,RRc,0.2925798,457.40888,,first overtone,6f93bebbe2688a636b0a90aef7d3200e68d37d8cc3b3527fc9dcf4157d16eea9,photometry/OGLE-LMC-RRLYR-09977.dat,17160,715,4083.9586199999994,True,False,Exact duplicate folded phases
OGLE-LMC-RRLYR-10015,LMC,RRab,0.493745,457.45177,,fundamental,5e549bd03735846e1acd869b8849a0125369b69854d539b6e6bb2f04b170c216,photometry/OGLE-LMC-RRLYR-10015.dat,18432,768,4083.9725,True,False,Exact duplicate folded phases
OGLE-LMC-RRLYR-10052,LMC,RRe,0.2773596,457.37895,,catalog RRe,951b4be06d8a68fa00a3381a7828a9d0dc68614258c060830a96c0c9424eac33,photometry/OGLE-LMC-RRLYR-10052.dat,18744,781,4083.95731,True,False,Exact duplicate folded phases
OGLE-LMC-RRLYR-10086,LMC,RRab,0.4822334,2123.4487,,fundamental,bf0c70ab16dfcdacc96ef37107ad56a40a5cde439276bf452c26e186efdbf06d,photometry/OGLE-LMC-RRLYR-10086.dat,16584,691,2417.6871499999997,True,False,Exact duplicate folded phases
OGLE-LMC-RRLYR-10127,LMC,RRab,0.4799998,457.50896,,fundamental,c7802c9f7c07a467c81c31000016b08daaf2718ed60f3ff4c1fce9c06b81a399,photometry/OGLE-LMC-RRLYR-10127.dat,17448,727,4083.9576899999997,True,False,Exact duplicate folded phases
OGLE-LMC-RRLYR-10130,LMC,RRc,0.366395,457.60737,,first overtone,a7f85a42d38d8830b8666224705068887a4d4a0a83ccce3600479f936bec54fe,photometry/OGLE-LMC-RRLYR-10130.dat,18720,780,4083.9578199999996,True,False,Exact duplicate folded phases
OGLE-LMC-RRLYR-10201,LMC,RRab,0.4604826,2156.51589,,fundamental,e1b453077c44c9664deba4af3850d8e9a7eb0a7ada4c73c479adf876415a9689,photometry/OGLE-LMC-RRLYR-10201.dat,8832,368,2384.7235899999996,True,False,Exact duplicate folded phases
OGLE-LMC-RRLYR-10218,LMC,RRab,0.50566,455.57706,,fundamental,6a52cc78d9d00472deb17921ed1307c96b969a74bd1d891b8b545afc817afee2,photometry/OGLE-LMC-RRLYR-10218.dat,27072,1128,4085.9259099999995,True,False,Exact duplicate folded phases
OGLE-LMC-RRLYR-10263,LMC,RRc,0.337761,2123.69034,,first overtone,e4264fbf0fc5d411bad74facfc63f82a72522731bbe527458766b0f91d1331e8,photometry/OGLE-LMC-RRLYR-10263.dat,8208,342,2417.6871499999997,True,False,Exact duplicate folded phases
OGLE-LMC-RRLYR-10291,LMC,RRc,0.3076368,456.56598,,first overtone,140d7fc82c72d707935d0ac9736db9cde20ff227f05e5f84ede6cb2bb0e90514,photometry/OGLE-LMC-RRLYR-10291.dat,20904,871,4084.91695,True,False,Exact duplicate folded phases
OGLE-LMC-RRLYR-10313,LMC,RRab,0.5001775,455.42055,,fundamental,a57357c2b8717a874aa11bbac72a0f642039f4b3db8282c700e205310c1ca737,photometry/OGLE-LMC-RRLYR-10313.dat,18624,776,4083.8298900000004,True,False,Exact duplicate folded phases
OGLE-LMC-RRLYR-10329,LMC,RRab,0.6254812,455.55753,,fundamental,e049c9b1c42c162ab5e60d4544ad33713b26a9a2381b33f257578c750f2919bf,photometry/OGLE-LMC-RRLYR-10329.dat,21216,884,4085.9242299999996,True,False,Exact duplicate folded phases
OGLE-LMC-RRLYR-10342,LMC,RRab,0.4507196,456.2409,,fundamental,d9730e357c734c0005208f75e3c0c720a28881a52fa3f0a4f34e74227275930a,photometry/OGLE-LMC-RRLYR-10342.dat,21264,886,4084.9178699999998,True,False,Exact duplicate folded phases
OGLE-LMC-RRLYR-10352,LMC,RRc,0.2846386,2123.6898,,first overtone,18adf6ce59b37c23bc5412cbd664e95483c66d5d1d414ea9635ecc7702608e44,photometry/OGLE-LMC-RRLYR-10352.dat,11760,490,2417.6871200000005,True,False,Exact duplicate folded phases
OGLE-LMC-RRLYR-10372,LMC,RRd,0.373598,455.51894,0.5016828,first overtone,62eb248c73bbcad7d9abb958edfd89e8af57d383ad82a718fd1acdee0afe407c,photometry/OGLE-LMC-RRLYR-10372.dat,21072,878,4085.93829,True,False,Exact duplicate folded phases
OGLE-LMC-RRLYR-10416,LMC,RRab,0.7471,2156.66149,,fundamental,09d94835321f7f7c8fd2a502d7cc82e2862cee9789a9f95e93a5b9cf4f9c1a88,photometry/OGLE-LMC-RRLYR-10416.dat,8856,369,2384.7235899999996,True,False,Exact duplicate folded phases
OGLE-LMC-RRLYR-10490,LMC,RRe,0.2361018,455.62632,,catalog RRe,1ab80e9137bb972cd81eb5d444fd995d0f5e76932df8565d76a53deef5bd0587,photometry/OGLE-LMC-RRLYR-10490.dat,20976,874,4085.93795,True,False,Exact duplicate folded phases
OGLE-LMC-RRLYR-10519,LMC,RRe,0.2815256,455.62259,,catalog RRe,99008abc5dc5e441b2ee30d30561513c294b2652491796cda77ff0715363c749,photometry/OGLE-LMC-RRLYR-10519.dat,21000,875,4083.8297000000002,True,False,Exact duplicate folded phases
OGLE-LMC-RRLYR-10522,LMC,RRab,0.629175,455.50126,,fundamental,adef9062ba1b94902b73311cea38948e062ed5e1cb343b18dc85d25f6dbd7889,photometry/OGLE-LMC-RRLYR-10522.dat,21216,884,4085.9251099999997,True,False,Exact duplicate folded phases
OGLE-LMC-RRLYR-10525,LMC,RRe,0.248929,455.66076,,catalog RRe,5d0d4dfd9b151c7b8501e3d04e5a3af5dd7f863d5a37f5596fbb9aa1cecc237d,photometry/OGLE-LMC-RRLYR-10525.dat,21312,888,4085.9241199999997,True,False,Exact duplicate folded phases
OGLE-LMC-RRLYR-10569,LMC,RRab,0.500346,2161.74722,,fundamental,f9fe073f18d7d87cb641114a1416d51592181e09118064a6aee6aad234a65bf1,photometry/OGLE-LMC-RRLYR-10569.dat,8640,360,2379.7564799999996,True,False,Exact duplicate folded phases
OGLE-LMC-RRLYR-10622,LMC,RRd,0.3524525,2161.82154,0.4741086,first overtone,331cb649a20a7cb2477e89f8881c110d0930b040916748848e1ee362affabaec,photometry/OGLE-LMC-RRLYR-10622.dat,8736,364,2379.7564799999996,True,False,Exact duplicate folded phases
OGLE-LMC-RRLYR-10650,LMC,RRab,0.447203,456.53367,,fundamental,a925a8c6bd04288aa0b580d4736e30b1add5b067f39fb9539fa84cecffbde8c4,photometry/OGLE-LMC-RRLYR-10650.dat,21264,886,4084.9173399999995,True,False,Exact duplicate folded phases
OGLE-LMC-RRLYR-10667,LMC,RRab,0.63621,2161.78235,,fundamental,9fe6f579511fb8d6537b7ae93988847850c08a40eafc055ddb544b90baded5dd,photometry/OGLE-LMC-RRLYR-10667.dat,11208,467,2379.75996,True,False,Exact duplicate folded phases
OGLE-LMC-RRLYR-10722,LMC,RRab,0.635681,455.30966,,fundamental,aee5ae87298d6d15b592965cb8e2086741db31d7ba124fe2cbe118834472c440,photometry/OGLE-LMC-RRLYR-10722.dat,21264,886,4085.9254999999994,True,False,Exact duplicate folded phases
OGLE-LMC-RRLYR-10791,LMC,RRc,0.3647012,455.61321,,first overtone,06d8eab0cee5eef0435747a30972253f72f091aef4cbbd1d6f58fccdc48a2d1c,photometry/OGLE-LMC-RRLYR-10791.dat,21336,889,4085.9253899999994,True,False,Exact duplicate folded phases
OGLE-LMC-RRLYR-10802,LMC,RRab,0.50425,455.61439,,fundamental,dafc0c1143c6c0a1950dabe7cbf3d9da0b2fb7f0c87f500e1cacb13eb25a1f7b,photometry/OGLE-LMC-RRLYR-10802.dat,21528,897,4085.9261499999993,True,False,Exact duplicate folded phases
OGLE-LMC-RRLYR-10814,LMC,RRab,0.5648982,2123.66517,,fundamental,1233fa9594a0962292a48595d3c88226041d98580576acac6e039442750516ff,photometry/OGLE-LMC-RRLYR-10814.dat,12720,530,2417.6871200000005,True,False,Exact duplicate folded phases
OGLE-LMC-RRLYR-10815,LMC,RRab,0.6950912,455.49598,,fundamental,81d84176da397f77b872cd93e716e24be998d4c22166470e6e0acce14f0e2207,photometry/OGLE-LMC-RRLYR-10815.dat,21024,876,4085.9373299999997,True,False,Exact duplicate folded phases
OGLE-LMC-RRLYR-10875,LMC,RRc,0.2927638,455.41034,,first overtone,276d3e7cdca66eda9efe31a6a2d5ccb956b208034524a9ec067895a94cdebce2,photometry/OGLE-LMC-RRLYR-10875.dat,19200,800,4085.9260099999997,True,False,Exact duplicate folded phases
OGLE-LMC-RRLYR-10884,LMC,RRc,0.3344175,2123.84154,,first overtone,56f3a338eb182e9c2597a0f44249685c7bdd326f5ef76b9e75db1bb01bb20c5f,photometry/OGLE-LMC-RRLYR-10884.dat,12720,530,2417.6871200000005,True,False,Exact duplicate folded phases
OGLE-LMC-RRLYR-10894,LMC,RRab,0.57173,455.25473,,fundamental,74331d910bb042c6e405b87ef8401199ef962bbfea70963c900777f63f865a86,photometry/OGLE-LMC-RRLYR-10894.dat,21000,875,4085.93806,True,False,Exact duplicate folded phases
OGLE-LMC-RRLYR-10898,LMC,RRab,0.61186,455.64814,,fundamental,01488bc2b1c325d6cc3dc7683da17b3ec9f4b318618cabc043a39495599bcf0e,photometry/OGLE-LMC-RRLYR-10898.dat,12312,513,3670.0903900000003,True,False,Exact duplicate folded phases
OGLE-LMC-RRLYR-10944,LMC,RRc,0.2931518,2156.86533,,first overtone,b153e6c86b277759d0923af2e7421cfb5826f5f8316d23f6057c4f7f5f2e488e,photometry/OGLE-LMC-RRLYR-10944.dat,14640,610,2384.7270799999997,True,False,Exact duplicate folded phases
OGLE-LMC-RRLYR-10952,LMC,RRab,0.5339288,455.56122,,fundamental,89090fb69397d3802061c9c6b5b375c61f39f0925806c03010b0b40d1892031f,photometry/OGLE-LMC-RRLYR-10952.dat,21000,875,4085.93845,True,False,Exact duplicate folded phases
OGLE-LMC-RRLYR-10955,LMC,RRc,0.2901396,455.41687,,first overtone,33065f4af10fb04b42f2cd4d16232a9b6c1b56bcda4fb4f21f8ffaedff0b4793,photometry/OGLE-LMC-RRLYR-10955.dat,21000,875,4083.8166499999998,True,False,Exact duplicate folded phases
OGLE-LMC-RRLYR-10956,LMC,RRab,0.640664,2123.29983,,fundamental,0f64647042f22b69adf27e51ecbafbf78461e9438419974c2fed37c4d05f758d,photometry/OGLE-LMC-RRLYR-10956.dat,9096,379,2417.68528,True,False,Exact duplicate folded phases
OGLE-LMC-RRLYR-10977,LMC,RRd,0.3888508,455.68214,0.5193601,first overtone,b41c82d0fef73cffbec4c4019da4c7fc02002e03c982ac374a77bd5418ba1aff,photometry/OGLE-LMC-RRLYR-10977.dat,21288,887,4085.9248599999996,True,False,Exact duplicate folded phases
OGLE-LMC-RRLYR-10980,LMC,RRc,0.30368,2161.86401,,first overtone,17fb10df41c1b2949da31ba2385e9492f2c6b44f03d85272120d2432d7e0da25,photometry/OGLE-LMC-RRLYR-10980.dat,8736,364,2379.7564799999996,True,False,Exact duplicate folded phases
OGLE-LMC-RRLYR-10994,LMC,RRe,0.2405982,455.49134,,catalog RRe,d828fb8d18804a089a817462063ee02b338beae7275a6834195311f6dd1f7757,photometry/OGLE-LMC-RRLYR-10994.dat,21264,886,4085.93829,True,False,Exact duplicate folded phases
OGLE-LMC-RRLYR-11011,LMC,RRab,0.5701908,456.45286,,fundamental,c4ad5ebc7eebb9b1db8f8a114369e2c7a403903a27ed4c6ae9e5c55f4e758f5c,photometry/OGLE-LMC-RRLYR-11011.dat,21288,887,4084.9173699999997,True,False,Exact duplicate folded phases
OGLE-LMC-RRLYR-11060,LMC,RRab,0.5817,455.5632,,fundamental,660f5c19bca2f5ae63c66f462618c1a3ebdbb7a95ab1efee368b0d47f0a92132,photometry/OGLE-LMC-RRLYR-11060.dat,20952,873,4085.93799,True,False,Exact duplicate folded phases
OGLE-LMC-RRLYR-11072,LMC,RRc,0.3327102,455.3811,,first overtone,1aece0782d86faf053dca02acfbdf5d2efe685c6084778fa780fcfc107b9e3b7,photometry/OGLE-LMC-RRLYR-11072.dat,29304,1221,4085.93724,True,False,Exact duplicate folded phases
OGLE-LMC-RRLYR-11074,LMC,RRab,0.4932179,455.40132,,fundamental,93813aff877e5009c127571e625e320e94ee7a035f31cac4dbe879e40205fd35,photometry/OGLE-LMC-RRLYR-11074.dat,21144,881,4085.9243099999994,True,False,Exact duplicate folded phases
OGLE-LMC-RRLYR-11118,LMC,RRab,0.525205,455.2262,,fundamental,f671aa0e1d1241acb4abf3143030a046a53f9d2a9f6babe580d17173f633abdf,photometry/OGLE-LMC-RRLYR-11118.dat,22296,929,4085.93725,True,False,Exact duplicate folded phases
OGLE-LMC-RRLYR-11199,LMC,RRc,0.3191216,2161.61961,,first overtone,8f914717c783dc392e01d07331e02bce48c66fbb5264b013bc2855146d74e00d,photometry/OGLE-LMC-RRLYR-11199.dat,8688,362,2379.7564799999996,True,False,Exact duplicate folded phases
OGLE-LMC-RRLYR-11216,LMC,RRd,0.368595,2161.53758,0.4954197,first overtone,e7adfb41d9c05f33a5fadae230624844da703c9a41e58b13377b229991dff7ae,photometry/OGLE-LMC-RRLYR-11216.dat,8736,364,2379.7564799999996,True,False,Exact duplicate folded phases
OGLE-LMC-RRLYR-11246,LMC,RRab,0.6636325,2161.73183,,fundamental,0167347ad242df3cd47d6469ecacef2eaf56c49b1409dbce9c77fb5a1386c50e,photometry/OGLE-LMC-RRLYR-11246.dat,8712,363,2379.7564799999996,True,False,Exact duplicate folded phases
OGLE-LMC-RRLYR-11275,LMC,RRc,0.32058,455.5103,,first overtone,6e4eeb5f4ce4da171ef83bd752eb389f7271c652ffe7c9cbf73e691770a19b1b,photometry/OGLE-LMC-RRLYR-11275.dat,19608,817,4085.9250999999995,True,False,Exact duplicate folded phases
OGLE-LMC-RRLYR-11287,LMC,RRe,0.2621235,455.51498,,catalog RRe,46155d8fad8a368d3f5b243ab74942830885eb2f82d2150cc2c6ad41a28908c7,photometry/OGLE-LMC-RRLYR-11287.dat,19968,832,4085.93857,True,False,Exact duplicate folded phases
OGLE-LMC-RRLYR-11433,LMC,RRab,0.6142888,455.45453,,fundamental,eade402a4820b1f0c3bbc8d9e4c0baf69244b7b5db5361ccf134e2697c1a705b,photometry/OGLE-LMC-RRLYR-11433.dat,18960,790,4083.8154299999997,True,False,Exact duplicate folded phases
OGLE-LMC-RRLYR-11440,LMC,RRc,0.3046786,455.67116,,first overtone,73ba9058fd9e04656f323aefea3b153eb9496ad9f6519a6667e53eaf100366e0,photometry/OGLE-LMC-RRLYR-11440.dat,21216,884,4085.9241399999996,True,False,Exact duplicate folded phases
OGLE-LMC-RRLYR-11460,LMC,RRab,0.771271,455.35351,,fundamental,b30b2e863aabb77b99ca32a62a561a7bcfe81a5ead81cea8b047e213469a1ef1,photometry/OGLE-LMC-RRLYR-11460.dat,21024,876,4085.93756,True,False,Exact duplicate folded phases
OGLE-LMC-RRLYR-11479,LMC,RRc,0.2810515,455.54635,,first overtone,391e99b781c78f65b7f4ecbd0ee022b6ca13faefa485c0bf932ed918d10ed42f,photometry/OGLE-LMC-RRLYR-11479.dat,21024,876,4085.93852,True,False,Exact duplicate folded phases
OGLE-LMC-RRLYR-11496,LMC,RRab,0.467649,456.31049,,fundamental,320fcf5c931b9a07d15f3f5d0326aa0a4b4e2652cc2ea0c31a1857303181c509,photometry/OGLE-LMC-RRLYR-11496.dat,21264,886,4084.9178099999995,True,False,Exact duplicate folded phases
OGLE-LMC-RRLYR-11498,LMC,RRab,0.4298475,456.28196,,fundamental,f74b27c0486868322a1b0e4f26a46a3bc9cb0de099b628bed647759dd43b7f20,photometry/OGLE-LMC-RRLYR-11498.dat,21240,885,4084.9168899999995,True,False,Exact duplicate folded phases
OGLE-LMC-RRLYR-11517,LMC,RRc,0.3431795,2156.60043,,first overtone,4eb094aebd3d6b63a0d716c3f5fb3872f5deda04817ab4aab89811a42394ab6f,photometry/OGLE-LMC-RRLYR-11517.dat,8856,369,2384.7235899999996,True,False,Exact duplicate folded phases
OGLE-LMC-RRLYR-11532,LMC,RRc,0.30715,2123.79977,,first overtone,9be7040be1c14a1d05933a172ae02867737b4c00576fb2381bdf94643627988d,photometry/OGLE-LMC-RRLYR-11532.dat,12768,532,2417.6871200000005,True,False,Exact duplicate folded phases
OGLE-LMC-RRLYR-11546,LMC,RRab,0.72368,2123.75624,,fundamental,8823cc50b21f95cd554fb17a1fdc46d2f66b2f2ddbb7b5ac9a59a7c6d6ad7d36,photometry/OGLE-LMC-RRLYR-11546.dat,12768,532,2417.6871200000005,True,False,Exact duplicate folded phases
OGLE-LMC-RRLYR-11577,LMC,RRab,0.6242275,455.3645,,fundamental,83ef1022106c499f0caf0dc3347338e4e1348286056673c8e58fcc5ba37d75ac,photometry/OGLE-LMC-RRLYR-11577.dat,21288,887,4085.92624,True,False,Exact duplicate folded phases
OGLE-LMC-RRLYR-11587,LMC,RRab,0.586757,2156.57272,,fundamental,a120895333325341994a00de05f52a6d77cfbdbc2e7700b0f0d126c401027781,photometry/OGLE-LMC-RRLYR-11587.dat,8808,367,2384.7235899999996,True,False,Exact duplicate folded phases
OGLE-LMC-RRLYR-11620,LMC,RRab,0.629021,831.17127,,fundamental,04eb432cecf08c888622afd2661fcff52114cc4ceefca67600a7974a06bd9a31,photometry/OGLE-LMC-RRLYR-11620.dat,22896,954,3709.99572,True,False,Exact duplicate folded phases
OGLE-LMC-RRLYR-11630,LMC,RRab,0.5749775,831.22843,,fundamental,81f1080de091972d61700db5d9de4fb49a3d789651a5a768a61c4a97c2abb90b,photometry/OGLE-LMC-RRLYR-11630.dat,14424,601,3709.94073,True,False,Exact duplicate folded phases
OGLE-LMC-RRLYR-11648,LMC,RRc,0.29837,2123.80515,,first overtone,937e8bb481b4492c59347030152bd1d6a96922a7a5d288dbf65790d327273f66,photometry/OGLE-LMC-RRLYR-11648.dat,12768,532,2417.6871200000005,True,False,Exact duplicate folded phases
OGLE-LMC-RRLYR-11674,LMC,RRab,0.4775305,455.46115,,fundamental,74dfa3c551baae2cc8c2d6413caa76c4266631c5c0d427e2e438c9d7ef33c6b4,photometry/OGLE-LMC-RRLYR-11674.dat,29496,1229,4085.9331699999993,True,False,Exact duplicate folded phases
OGLE-LMC-RRLYR-11694,LMC,RRc,0.336534,455.62824,,first overtone,8f6d29545adaf10aad432d1bd1001f3b56914c6b5610f08083f8622e6c36e452,photometry/OGLE-LMC-RRLYR-11694.dat,29736,1239,4085.9323499999996,True,False,Exact duplicate folded phases
OGLE-LMC-RRLYR-11717,LMC,RRc,0.3624555,455.57317,,first overtone,8e2a7322d8669af1c57eb90cb597af9cd1f1ee48c3103557517c1c6198f88aca,photometry/OGLE-LMC-RRLYR-11717.dat,30648,1277,4085.9337299999997,True,False,Exact duplicate folded phases
OGLE-LMC-RRLYR-11739,LMC,RRab,0.653515,2123.6285,,fundamental,6164c67972b1aa0473c571366ac1aa9157aec6df716e0fc1133729e56d2eef26,photometry/OGLE-LMC-RRLYR-11739.dat,12744,531,2417.6871200000005,True,False,Exact duplicate folded phases
OGLE-LMC-RRLYR-11745,LMC,RRc,0.3728484,831.54383,,first overtone,1b57e7436fd1d8996b6ad973b79b46c7d2777ea36d872440578706113a91695d,photometry/OGLE-LMC-RRLYR-11745.dat,16008,667,3709.9889099999996,True,False,Exact duplicate folded phases
OGLE-LMC-RRLYR-11748,LMC,RRab,0.602875,455.44021,,fundamental,2db921128fcae69b97ceb3ac2de32101b0c0c910e1645d836e02771200a6d4f9,photometry/OGLE-LMC-RRLYR-11748.dat,27096,1129,4085.9328599999994,True,False,Exact duplicate folded phases
OGLE-LMC-RRLYR-11762,LMC,RRc,0.29815,455.52979,,first overtone,5b634c7791774e9fec6df32a32f32b2f605e99a326bcbe524449f1fbbd3c5dc5,photometry/OGLE-LMC-RRLYR-11762.dat,21048,877,4085.94726,True,False,Exact duplicate folded phases
OGLE-LMC-RRLYR-11770,LMC,RRc,0.32842,2115.81002,,first overtone,b9b97bed0dcb22dbb56d8832127fbe5039197e60b8e6848494b8462ecb94d29d,photometry/OGLE-LMC-RRLYR-11770.dat,9408,392,2425.6726499999995,True,False,Exact duplicate folded phases
OGLE-LMC-RRLYR-11778,LMC,RRd,0.3489875,455.61131,0.4693768,first overtone,8282450709b662df6f7895d6109c54cae687f321bdb08e103f5aa1bf5d6609a5,photometry/OGLE-LMC-RRLYR-11778.dat,21192,883,4085.9327399999997,True,False,Exact duplicate folded phases
OGLE-LMC-RRLYR-11791,LMC,RRe,0.2888275,455.39524,,catalog RRe,5bf87578fab275b01e924e1e408a65e48f68b0278e41e9ef7542cb8290eca399,photometry/OGLE-LMC-RRLYR-11791.dat,21216,884,4085.9331499999994,True,False,Exact duplicate folded phases
OGLE-LMC-RRLYR-11809,LMC,RRc,0.2940528,455.57021,,first overtone,1ee1836c9529ac025ef451080f6dd40aa94176a5fc469c3201e62ad2d792f97f,photometry/OGLE-LMC-RRLYR-11809.dat,21504,896,4085.9338699999994,True,False,Exact duplicate folded phases
OGLE-LMC-RRLYR-11813,LMC,RRc,0.322434,831.4245,,first overtone,1122b9aabdb6dd76b16b0abaf1cf3498b9b9c7372a39c5e4c3cee99828e675bf,photometry/OGLE-LMC-RRLYR-11813.dat,15768,657,3709.9974999999995,True,False,Exact duplicate folded phases
OGLE-LMC-RRLYR-11817,LMC,RRab,0.548626,455.25814,,fundamental,7d079139bcad922f0d74071963d7164809eea516e0299bbce45bda806b8a1332,photometry/OGLE-LMC-RRLYR-11817.dat,21192,883,4085.94733,True,False,Exact duplicate folded phases
OGLE-LMC-RRLYR-11825,LMC,RRe,0.2761106,455.5277,,catalog RRe,469aebd31db12f4b44d7252ba767b55c3d8c9afda20cf5ca683a98e422b22767,photometry/OGLE-LMC-RRLYR-11825.dat,21456,894,4085.9330699999996,True,False,Exact duplicate folded phases
OGLE-LMC-RRLYR-11827,LMC,RRab,0.658287,831.08637,,fundamental,5a686bd8de30a22f79935e74175e03f64e89057e19686a9ab905ae79b6376d51,photometry/OGLE-LMC-RRLYR-11827.dat,16032,668,3709.9889299999995,True,False,Exact duplicate folded phases
OGLE-LMC-RRLYR-11844,LMC,RRab,0.6176465,831.39933,,fundamental,e2d59a6a90280029082769e63059d2a04cfaf9a77ed415095c09298904f0502e,photometry/OGLE-LMC-RRLYR-11844.dat,16056,669,3709.99016,True,False,Exact duplicate folded phases
OGLE-LMC-RRLYR-11862,LMC,RRc,0.3186225,455.51652,,first overtone,23fb108cff85bef8bc2b540ead1442e61739fd85f0c72bb57ceb126891ae5936,photometry/OGLE-LMC-RRLYR-11862.dat,21216,884,4085.94563,True,False,Exact duplicate folded phases
OGLE-LMC-RRLYR-11871,LMC,RRab,0.61401,455.18994,,fundamental,8cb7251d1a36e989742c9e010e13a8b1a4cd842000f88d7fd9028858303337ec,photometry/OGLE-LMC-RRLYR-11871.dat,21384,891,4083.8247099999994,True,False,Exact duplicate folded phases
OGLE-LMC-RRLYR-11886,LMC,RRab,0.5709684,831.24874,,fundamental,0154c92c417b60d02f0a96597766eab651a1e35d42c2c5a9c7beaa06f26f1db9,photometry/OGLE-LMC-RRLYR-11886.dat,15432,643,3709.9971399999995,True,False,Exact duplicate folded phases
OGLE-LMC-RRLYR-11887,LMC,RRe,0.2905264,455.52443,,catalog RRe,30bbcd2c054165ab95ce059a7cceb3027b315c1539f1c8a04d1dceffd0813b63,photometry/OGLE-LMC-RRLYR-11887.dat,21408,892,4085.94715,True,False,Exact duplicate folded phases
OGLE-LMC-RRLYR-11938,LMC,RRab,0.57826,831.6124,,fundamental,63b6a5e479081bf9347171dbfb1795a43d06f19c822a6fd3dc1f5829b72a561a,photometry/OGLE-LMC-RRLYR-11938.dat,16056,669,3709.9888899999996,True,False,Exact duplicate folded phases
OGLE-LMC-RRLYR-11971,LMC,RRc,0.3099075,455.5226,,first overtone,6086798e2f38877cdd42410549217d51aa49ce22e8a05802406a6b02b3142961,photometry/OGLE-LMC-RRLYR-11971.dat,21192,883,4085.94726,True,False,Exact duplicate folded phases
OGLE-LMC-RRLYR-11983,LMC,RRab,0.3402176,455.51547,,fundamental,33501e9f545dc8c315f44fd08581da0494e5017e010af29388ebe5e63d23cc15,photometry/OGLE-LMC-RRLYR-11983.dat,20952,873,4085.94667,True,False,Exact duplicate folded phases
OGLE-LMC-RRLYR-11987,LMC,RRab,0.5107125,831.60983,,fundamental,4141c67091d5412059fe2301935659d2efb3f0d79cec6c945afceacec1014823,photometry/OGLE-LMC-RRLYR-11987.dat,16032,668,3709.9907799999996,True,False,Exact duplicate folded phases
OGLE-LMC-RRLYR-11997,LMC,RRab,0.5329052,455.24295,,fundamental,2e55a0050557aaedc33b4a3d8c44dacd9676741508cb459fecbda5d963abb7a3,photometry/OGLE-LMC-RRLYR-11997.dat,21480,895,4085.9328699999996,True,False,Exact duplicate folded phases
OGLE-LMC-RRLYR-11999,LMC,RRc,0.3493493,455.5532,,first overtone,f162f0e2f7a343238d1e5a6cb00973ac37d2f2e3beb0b7c870aa9aa9e5689e32,photometry/OGLE-LMC-RRLYR-11999.dat,21408,892,4085.9322699999993,True,False,Exact duplicate folded phases
OGLE-LMC-RRLYR-12009,LMC,RRe,0.272308,2123.67518,,catalog RRe,af91cc6730cb7a95b1a3a025ae3a6ac1f43e31c11df999486874a7318a95127a,photometry/OGLE-LMC-RRLYR-12009.dat,12744,531,2417.6871200000005,True,False,Exact duplicate folded phases
OGLE-LMC-RRLYR-12010,LMC,RRab,0.4139012,455.34911,,fundamental,ee2936ea62c5784a5f6cf8d4972f5753699e6d38c51961bf28ee913ab8ac8eea,photometry/OGLE-LMC-RRLYR-12010.dat,21480,895,4085.9320099999995,True,False,Exact duplicate folded phases
OGLE-LMC-RRLYR-12132,LMC,RRc,0.3606675,2123.62678,,first overtone,cc308c9ccb12918b12e60d0be41a56f3523ae5bd921d2aaa773d2d00b10603c7,photometry/OGLE-LMC-RRLYR-12132.dat,12720,530,2417.6871200000005,True,False,Exact duplicate folded phases
OGLE-LMC-RRLYR-12136,LMC,RRab,0.54628,455.29114,,fundamental,3d88d63eca1ba8271c04fbdc962c8de276ec500fecad2b8e6bf00b590b229fd3,photometry/OGLE-LMC-RRLYR-12136.dat,21216,884,4085.94733,True,False,Exact duplicate folded phases
OGLE-LMC-RRLYR-12220,LMC,RRab,0.580705,455.63248,,fundamental,fadb11b455ad66d3507315e4bd67c169027c3d385c5107df1a1cb0afe1d9bc01,photometry/OGLE-LMC-RRLYR-12220.dat,29592,1233,4085.945,True,False,Exact duplicate folded phases
OGLE-LMC-RRLYR-12225,LMC,RRab,0.4752885,455.47405,,fundamental,f6f74f32545dd9e0c2858d839b5ebea223de18fcc4cb32ff8ad27b825a04ef77,photometry/OGLE-LMC-RRLYR-12225.dat,21216,884,4085.94578,True,False,Exact duplicate folded phases
OGLE-LMC-RRLYR-12230,LMC,RRab,0.5320035,831.234,,fundamental,a026733a21164c3dfea0060377502c53d4022b558970641dd6aa0f9f557c44ea,photometry/OGLE-LMC-RRLYR-12230.dat,15960,665,3709.9960499999997,True,False,Exact duplicate folded phases
OGLE-LMC-RRLYR-12263,LMC,RRc,0.362506,831.27452,,first overtone,9d9ba65b4d5f106507ceda3679a1e07ed7d73f4a2bd66aceb5b8efb0ed3c07c1,photometry/OGLE-LMC-RRLYR-12263.dat,15984,666,3709.9972199999997,True,False,Exact duplicate folded phases
OGLE-LMC-RRLYR-12278,LMC,RRab,0.5037036,455.30819,,fundamental,31c3ce2bf7583bd746cf038582132921739b5f3f8d85056b2d7dedb1e7a3a18f,photometry/OGLE-LMC-RRLYR-12278.dat,21144,881,4085.94709,True,False,Exact duplicate folded phases
OGLE-LMC-RRLYR-12304,LMC,RRab,0.6070344,455.56448,,fundamental,7b4583207370a6d975ee16f97a7e622b88e02fe36ca5220b323c09fed1675e81,photometry/OGLE-LMC-RRLYR-12304.dat,21216,884,4085.94657,True,False,Exact duplicate folded phases
OGLE-LMC-RRLYR-12330,LMC,RRab,0.5204435,455.62862,,fundamental,a9dbaf9bf522ead822edcfa2578f871d5f4c6c6870297ffc9bcda7c379ade825,photometry/OGLE-LMC-RRLYR-12330.dat,21264,886,4085.94567,True,False,Exact duplicate folded phases
OGLE-LMC-RRLYR-12350,LMC,RRab,0.5651038,831.54718,,fundamental,430ea3b4a7bcd0102f2bab056338be0014e46f6792da56d393f0926da4b3c71b,photometry/OGLE-LMC-RRLYR-12350.dat,15816,659,3709.9913199999996,True,False,Exact duplicate folded phases
OGLE-LMC-RRLYR-12354,LMC,RRc,0.3421702,831.52338,,first overtone,7849c9e5f2dade10dff1cd3ed0066a0fff72f0dd8d49cd4c1e532adc17a76c04,photometry/OGLE-LMC-RRLYR-12354.dat,15864,661,3709.98955,True,False,Exact duplicate folded phases
OGLE-LMC-RRLYR-12370,LMC,RRab,0.466085,455.53839,,fundamental,340e8c8a90700fe15d97ed784920bf217fe2937289feb641fde0710becb96381,photometry/OGLE-LMC-RRLYR-12370.dat,21216,884,4085.94508,True,False,Exact duplicate folded phases
OGLE-LMC-RRLYR-12416,LMC,RRab,0.52562,2161.48766,,fundamental,a7f1c0d3fb6ba7720367c386e662b2815f339ffc1d78ce6e2af283759bf1a4bc,photometry/OGLE-LMC-RRLYR-12416.dat,8616,359,2379.75635,True,False,Exact duplicate folded phases
OGLE-LMC-RRLYR-12432,LMC,RRab,0.6343925,455.41036,,fundamental,f318fff8d57065b4b43eb2a71cd7fb4e0f18df9355b56ba88f9457e6ffcd982b,photometry/OGLE-LMC-RRLYR-12432.dat,21504,896,4085.9326199999996,True,False,Exact duplicate folded phases
OGLE-LMC-RRLYR-12459,LMC,RRab,0.4623084,455.32935,,fundamental,422386655ac6b528e7e7b42821425e8f3ddce16e94d2f86637c0fc5c15088aae,photometry/OGLE-LMC-RRLYR-12459.dat,21504,896,4085.9338599999996,True,False,Exact duplicate folded phases
OGLE-LMC-RRLYR-12460,LMC,RRd,0.375693,831.31672,0.5043922,first overtone,2d24b7b9edd219dfadea0e3bfab26049028d1e8ca602b25c9bd5a8efccced009,photometry/OGLE-LMC-RRLYR-12460.dat,16080,670,3709.9900399999997,True,False,Exact duplicate folded phases
OGLE-LMC-RRLYR-12470,LMC,RRab,0.557545,455.29369,,fundamental,68915a0118df060df5beb021f682eaa1792311bc4e96e366e866db6fed880aa9,photometry/OGLE-LMC-RRLYR-12470.dat,21168,882,4085.94712,True,False,Exact duplicate folded phases
OGLE-LMC-RRLYR-12480,LMC,RRab,0.5015579,831.38324,,fundamental,23461ead7a5baf77015a289803b50c8c18978c88f92d906cdef933034d7b7375,photometry/OGLE-LMC-RRLYR-12480.dat,15936,664,3709.99615,True,False,Exact duplicate folded phases
OGLE-LMC-RRLYR-12508,LMC,RRab,0.6502125,455.39214,,fundamental,bb1d9a7f5557620deb384c728c1d5f6c9bdaab19a047b2d6e37b174fcca59bdd,photometry/OGLE-LMC-RRLYR-12508.dat,21264,886,4085.94532,True,False,Exact duplicate folded phases
OGLE-LMC-RRLYR-12524,LMC,RRab,0.633673,831.55297,,fundamental,fd70fb7ff3f97c6b042ce8bf7c1d5de70e01c07f541a240c706702b4f16d3cea,photometry/OGLE-LMC-RRLYR-12524.dat,15936,664,3709.9959099999996,True,False,Exact duplicate folded phases
OGLE-LMC-RRLYR-12542,LMC,RRab,0.5509768,831.20072,,fundamental,03d188bcb8f9f621949d3d390048f18ce418331724767a2130a05e45942935b6,photometry/OGLE-LMC-RRLYR-12542.dat,15984,666,3709.9971899999996,True,False,Exact duplicate folded phases
OGLE-LMC-RRLYR-12576,LMC,RRe,0.2808192,455.66703,,catalog RRe,f783b54807882a57c78bdac7212358a5d2fd7fc5c05579d7875ad83764ae4ffb,photometry/OGLE-LMC-RRLYR-12576.dat,21240,885,4085.94529,True,False,Exact duplicate folded phases
OGLE-LMC-RRLYR-12584,LMC,RRab,0.7420575,831.10713,,fundamental,bade3c29b119f5fdcba3cbdd7a9f906702d6915234096709c8e548f85bf1ae4a,photometry/OGLE-LMC-RRLYR-12584.dat,15936,664,3709.99615,True,False,Exact duplicate folded phases
OGLE-LMC-RRLYR-12604,LMC,RRc,0.3764166,2123.81611,,first overtone,6c52e68c4a940a53640df42b9c4dfdabbe28d95dc5810179aff7acc24ea70df5,photometry/OGLE-LMC-RRLYR-12604.dat,9264,386,2417.6871499999997,True,False,Exact duplicate folded phases
OGLE-LMC-RRLYR-12653,LMC,RRc,0.3254129,2115.85524,,first overtone,5dce5c6e9459b3689c1e94e4b45197f0a8481dc25919bb0317d998cd8a6cf170,photometry/OGLE-LMC-RRLYR-12653.dat,9408,392,2425.6726499999995,True,False,Exact duplicate folded phases
OGLE-LMC-RRLYR-12814,LMC,RRab,0.614898,455.23425,,fundamental,db9ce44f6b9967141afb80d92280c3cf2e3241fbe792e1f9435e71b333780db3,photometry/OGLE-LMC-RRLYR-12814.dat,21408,892,4085.9320199999997,True,False,Exact duplicate folded phases
OGLE-LMC-RRLYR-12837,LMC,RRab,0.5967116,455.55798,,fundamental,f72cdb3e4e1d0d5b31527340d27e0134271d86b8f9ece247d4dfe4fca9816a88,photometry/OGLE-LMC-RRLYR-12837.dat,21144,881,4085.94764,True,False,Exact duplicate folded phases
OGLE-LMC-RRLYR-12847,LMC,RRab,0.5134813,455.55774,,fundamental,4ff469fd27549ad011f88434b14ae1d7a90f26c5dfe55c21eb4f3eeb644e9fee,photometry/OGLE-LMC-RRLYR-12847.dat,21192,883,4085.94634,True,False,Exact duplicate folded phases
OGLE-LMC-RRLYR-12868,LMC,RRc,0.3027846,2161.78143,,first overtone,0425602534d9882246abd418e219a48061e46c47dbf2e2942c9cca5b8492876c,photometry/OGLE-LMC-RRLYR-12868.dat,8592,358,2379.75635,True,False,Exact duplicate folded phases
OGLE-LMC-RRLYR-12881,LMC,RRab,0.56246,2123.50763,,fundamental,32b0fd6b10a6d5366c600bd4b75f69033f72e959b75660dfadfd64db03b94a61,photometry/OGLE-LMC-RRLYR-12881.dat,12744,531,2417.6871200000005,True,False,Exact duplicate folded phases
OGLE-LMC-RRLYR-12906,LMC,RRab,0.4684054,455.471,,fundamental,afea8c716cbea4d609305095f8c6539ac6445f33c249fe7abe08aef8803728c7,photometry/OGLE-LMC-RRLYR-12906.dat,21216,884,4085.9457899999998,True,False,Exact duplicate folded phases
OGLE-LMC-RRLYR-12924,LMC,RRab,0.533724,831.32148,,fundamental,619ff0cb998f5916fb6ecc971c0a072229001845a8b503330e5e129f7bd51327,photometry/OGLE-LMC-RRLYR-12924.dat,16056,669,3709.98924,True,False,Exact duplicate folded phases
OGLE-LMC-RRLYR-12929,LMC,RRab,0.571765,831.30176,,fundamental,388ef9066b7e18e10eac7ce7cccd0da9c2a474e66c75ef83640701f754e8c9f1,photometry/OGLE-LMC-RRLYR-12929.dat,16080,670,3709.99052,True,False,Exact duplicate folded phases
OGLE-LMC-RRLYR-12939,LMC,RRe,0.2579624,831.52751,,catalog RRe,1b91e01a4603007ad6b7254ab5e4e090e80283fd38c47cb7aff825129725a006,photometry/OGLE-LMC-RRLYR-12939.dat,16344,681,3709.9848899999997,True,False,Exact duplicate folded phases
OGLE-LMC-RRLYR-12957,LMC,RRc,0.3029116,455.56772,,first overtone,15b233de80a8195cfcbffc8e9c63f347189d9a5bb1ab231b2a976b337798cab8,photometry/OGLE-LMC-RRLYR-12957.dat,21528,897,4085.9337299999997,True,False,Exact duplicate folded phases
OGLE-LMC-RRLYR-13012,LMC,RRc,0.38257,831.52049,,first overtone,24cf066b67fc9d9f3345c3f926190c0bb0caa1a6b749d6189a881b362548dbae,photometry/OGLE-LMC-RRLYR-13012.dat,16080,670,3709.9907099999996,True,False,Exact duplicate folded phases
OGLE-LMC-RRLYR-13032,LMC,RRab,0.6128648,2123.50095,,fundamental,43d4ba7e69049ba00eac56e4d581ea2d88a31f57706861ddd6ef42298d4fbf65,photometry/OGLE-LMC-RRLYR-13032.dat,24720,1030,2417.71515,True,False,Exact duplicate folded phases
OGLE-LMC-RRLYR-13036,LMC,RRc,0.2882784,455.59221,,first overtone,6ee76b5e71882fa2e326ab43b24c81a813a5a05160105ed865d406376f219ec1,photometry/OGLE-LMC-RRLYR-13036.dat,27696,1154,4085.9756399999997,True,False,Exact duplicate folded phases
OGLE-LMC-RRLYR-13044,LMC,RRab,0.5198469,2123.40923,,fundamental,15a525e04b256dc645146ce554cd21e6ab8c62aebfa1295afe8157eb01a2f3d0,photometry/OGLE-LMC-RRLYR-13044.dat,22680,945,2417.71515,True,False,Exact duplicate folded phases
OGLE-LMC-RRLYR-13045,LMC,RRab,0.6004225,455.23442,,fundamental,98d384f934c719148fa5e31f67f4f74728397a2bcaa28def13d85543c9ac7de5,photometry/OGLE-LMC-RRLYR-13045.dat,21072,878,4085.94569,True,False,Exact duplicate folded phases
OGLE-LMC-RRLYR-13051,LMC,RRab,0.67115,455.66088,,fundamental,b7d62708f4f3778efdfc6b78f4e1fe5cdc9b12deae35b05c26fb3eaf6959ee49,photometry/OGLE-LMC-RRLYR-13051.dat,18408,767,4083.8367300000004,True,False,Exact duplicate folded phases
OGLE-LMC-RRLYR-13058,LMC,RRab,0.564876,455.64211,,fundamental,d3dde8f94e91ad89a2715dfde14ee341a326d03ff1c3a03edea325b4f5b9dbe6,photometry/OGLE-LMC-RRLYR-13058.dat,29280,1220,4085.9690900000005,True,False,Exact duplicate folded phases
OGLE-LMC-RRLYR-13068,LMC,RRab,0.5454526,455.39399,,fundamental,063f00a07fa2d2743938c2bd2262455cdcd300cebf1a7327e0296d09554134b8,photometry/OGLE-LMC-RRLYR-13068.dat,30312,1263,4085.9683000000005,True,False,Exact duplicate folded phases
OGLE-LMC-RRLYR-13070,LMC,RRab,0.5876419,455.41162,,fundamental,01208badc7a88716f02472386b927388282b9d015ae404df0af90f0fcdad126e,photometry/OGLE-LMC-RRLYR-13070.dat,27288,1137,4085.9732599999998,True,False,Exact duplicate folded phases
OGLE-LMC-RRLYR-13074,LMC,RRc,0.3589864,2167.61148,,first overtone,fc76db89dc3a0becca7149cdeb69c811559a1dcfb7b0006cfab5224c90e4ff60,photometry/OGLE-LMC-RRLYR-13074.dat,18456,769,2373.77994,True,False,Exact duplicate folded phases
OGLE-LMC-RRLYR-13076,LMC,RRab,0.5895841,2167.83692,,fundamental,0e117d896202fa6950014986324e6529f9de18b8b43a2a531a92f1a1c08ba741,photometry/OGLE-LMC-RRLYR-13076.dat,8928,372,2373.7800699999993,True,False,Exact duplicate folded phases
OGLE-LMC-RRLYR-13077,LMC,RRab,0.5899912,455.49994,,fundamental,206562b19a20d19cab04b401bcd3a5b8831560a03c9010bd9413b2772de7aacc,photometry/OGLE-LMC-RRLYR-13077.dat,30048,1252,4085.9749199999997,True,False,Exact duplicate folded phases
OGLE-LMC-RRLYR-13099,LMC,RRab,0.5874285,455.25506,,fundamental,f897b3c321afa999ce9f165a7c8039ecdde3f936278ebfe8de621e3b69867bce,photometry/OGLE-LMC-RRLYR-13099.dat,29160,1215,4085.97484,True,False,Exact duplicate folded phases
OGLE-LMC-RRLYR-13114,LMC,RRab,0.611023,455.37518,,fundamental,306a94a7979de34c0b9f0e56a242ec32e64751fa350762966b71ef15182bf190,photometry/OGLE-LMC-RRLYR-13114.dat,30000,1250,4085.9755299999997,True,False,Exact duplicate folded phases
OGLE-LMC-RRLYR-13144,LMC,RRab,0.4476322,455.24315,,fundamental,c3a4b93516f453db7f276077942a030d6d89dadc5bb9dd14a0b87aeb58aa014f,photometry/OGLE-LMC-RRLYR-13144.dat,26016,1084,4085.9694000000004,True,False,Exact duplicate folded phases
OGLE-LMC-RRLYR-13150,LMC,RRc,0.354966,831.34305,,first overtone,fbbe7c9a67ec045ceee18670c7bafbb47ca84943f1db8eacd3e3028737c3c62b,photometry/OGLE-LMC-RRLYR-13150.dat,28032,1168,3710.01889,True,False,Exact duplicate folded phases
OGLE-LMC-RRLYR-13170,LMC,RRc,0.31059,2167.58862,,first overtone,22a7f9930f42c13a2e8962a5e910a402d57127236e6bdfbe423e9f0050f5c6a1,photometry/OGLE-LMC-RRLYR-13170.dat,19176,799,2373.7835200000004,True,False,Exact duplicate folded phases
OGLE-LMC-RRLYR-13180,LMC,RRc,0.2920245,831.56643,,first overtone,3c9a692d08617e4cf61e8b1a0ba5aab045a48a9fc27cc3acf88132ae62477fbf,photometry/OGLE-LMC-RRLYR-13180.dat,26376,1099,3710.01801,True,False,Exact duplicate folded phases
OGLE-LMC-RRLYR-13181,LMC,RRab,0.46932,455.29671,,fundamental,d19e50b3102044e6a24619737f2892fcc58671fba056f92221016249aafa9247,photometry/OGLE-LMC-RRLYR-13181.dat,28752,1198,4085.9765600000005,True,False,Exact duplicate folded phases
OGLE-LMC-RRLYR-13183,LMC,RRe,0.2290759,455.63645,,catalog RRe,cad5b7645b041609b5f37db85a5293a08d4a8022b931b7a05cb84c267ae6c25a,photometry/OGLE-LMC-RRLYR-13183.dat,36480,1520,4085.98494,True,False,Exact duplicate folded phases
OGLE-LMC-RRLYR-13184,LMC,RRe,0.27427,831.51928,,catalog RRe,91846e5470b27c564e742c697f9a1b4bc811cd5f5edc69176892ce74aa494a0e,photometry/OGLE-LMC-RRLYR-13184.dat,24864,1036,3710.0175499999996,True,False,Exact duplicate folded phases
OGLE-LMC-RRLYR-13196,LMC,RRab,0.66224,831.12888,,fundamental,94c394c8d735f2bb0567d4063e935b109cf6e5c83a3a2c2591d772f5f2657a47,photometry/OGLE-LMC-RRLYR-13196.dat,27408,1142,3710.01925,True,False,Exact duplicate folded phases
OGLE-LMC-RRLYR-13209,LMC,RRab,0.49628,831.34753,,fundamental,685deb5ce25034666bb45110d3bc3f0eb60eff811f38a36932725f54a4ed0ea1,photometry/OGLE-LMC-RRLYR-13209.dat,19944,831,3710.0167699999997,True,False,Exact duplicate folded phases
OGLE-LMC-RRLYR-13213,LMC,RRc,0.34461,831.60971,,first overtone,42f9639b65ac04942d5368277a19c1453cfec34e64d1b50ac45e850388d73e8b,photometry/OGLE-LMC-RRLYR-13213.dat,14760,615,3709.99165,True,False,Exact duplicate folded phases
OGLE-LMC-RRLYR-13216,LMC,RRab,0.4631202,831.30934,,fundamental,b7d6543af16266a53cc8814f6d265415d0b9e4c7447f57f57361fb06356e4438,photometry/OGLE-LMC-RRLYR-13216.dat,23856,994,3710.0181599999996,True,False,Exact duplicate folded phases
OGLE-LMC-RRLYR-13235,LMC,RRab,0.5466924,455.5323,,fundamental,48f5246d11f5a1243ccfdea342a112247fd867428542383afe775c99f17ce7cd,photometry/OGLE-LMC-RRLYR-13235.dat,31464,1311,4085.98523,True,False,Exact duplicate folded phases
OGLE-LMC-RRLYR-13254,LMC,RRab,0.538845,2161.60995,,fundamental,494bd4c2627fabe951d4a80a598714de5392e86adce241f798572e1c25c48545,photometry/OGLE-LMC-RRLYR-13254.dat,15240,635,2379.7844200000004,True,False,Exact duplicate folded phases
OGLE-LMC-RRLYR-13257,LMC,RRab,0.507202,455.51178,,fundamental,9de13b13b3087ac3a6499c290ccc6ce46a8b5875d0ff0abc279740fe6ac0d7b8,photometry/OGLE-LMC-RRLYR-13257.dat,27336,1139,4085.9827699999996,True,False,Exact duplicate folded phases
OGLE-LMC-RRLYR-13291,LMC,RRab,0.53413,455.55225,,fundamental,5f0959b7a8062c2d541947b9865d92035e2255e98425104e9fb77406a7bca621,photometry/OGLE-LMC-RRLYR-13291.dat,20976,874,4085.9841899999997,True,False,Exact duplicate folded phases
OGLE-LMC-RRLYR-13298,LMC,RRab,0.5005575,2167.84211,,fundamental,229e28c2f76d3fb6e759b31b50d9080e5dacd2a405128df523684027f2d8afc2,photometry/OGLE-LMC-RRLYR-13298.dat,8664,361,2373.77949,True,False,Exact duplicate folded phases
OGLE-LMC-RRLYR-13345,LMC,RRab,0.556616,455.38585,,fundamental,a4e7665ad88a92ddbb1207a51409478d92a7f6961bb4afab45a1f80827af58b1,photometry/OGLE-LMC-RRLYR-13345.dat,20928,872,4085.9833799999997,True,False,Exact duplicate folded phases
OGLE-LMC-RRLYR-13434,LMC,RRab,0.533844,455.56885,,fundamental,103cfdcdeb9d6f8370faacae6ef88219da9c5936f07bfc4c9266396cd366aaf1,photometry/OGLE-LMC-RRLYR-13434.dat,20976,874,4085.98297,True,False,Exact duplicate folded phases
OGLE-LMC-RRLYR-13444,LMC,RRab,0.564393,2167.58598,,fundamental,6bf789e461c56c5954959beb8a0c2068cc5f119221b94781f72c31d200059b48,photometry/OGLE-LMC-RRLYR-13444.dat,8832,368,2373.7800699999993,True,False,Exact duplicate folded phases
OGLE-LMC-RRLYR-13495,LMC,RRab,0.705304,455.61499,,fundamental,664870a86598e5fcaf9092a07e474bff5d65fa8243269ded76a2c37d41dad19d,photometry/OGLE-LMC-RRLYR-13495.dat,21048,877,4085.9840299999996,True,False,Exact duplicate folded phases
OGLE-LMC-RRLYR-13506,LMC,RRc,0.3779287,455.47525,,first overtone,559cf83c57ebcd708602b656230f456b5912b9f0d57525d63e4bbf80b1398578,photometry/OGLE-LMC-RRLYR-13506.dat,21000,875,4085.9783100000004,True,False,Exact duplicate folded phases
OGLE-LMC-RRLYR-13534,LMC,RRab,0.6482465,455.2096,,fundamental,75d754ae69791590f368e3075fec091c30cb3da0cf92bb03fb511c037d74867f,photometry/OGLE-LMC-RRLYR-13534.dat,20952,873,4083.9023200000006,True,False,Exact duplicate folded phases
OGLE-LMC-RRLYR-13537,LMC,RRab,0.5365109,455.17488,,fundamental,58261534a4cdc832d44e30cf44d6c0ae411645b6386bc0d0e62f775722d804e8,photometry/OGLE-LMC-RRLYR-13537.dat,21024,876,4085.98254,True,False,Exact duplicate folded phases
OGLE-LMC-RRLYR-13570,LMC,RRab,0.634355,2167.32925,,fundamental,3eb97d8b220290ba3fdc3027ab5644b0663a780b5c73b7405de9cefe1ea55d88,photometry/OGLE-LMC-RRLYR-13570.dat,12336,514,2373.77994,True,False,Exact duplicate folded phases
OGLE-LMC-RRLYR-13607,LMC,RRc,0.3442448,455.33888,,first overtone,cb678f58a67023007e3ad42ebedb7e590cb59d10f740bc45211f7c4bacfff172,photometry/OGLE-LMC-RRLYR-13607.dat,20952,873,4085.9821899999997,True,False,Exact duplicate folded phases
OGLE-LMC-RRLYR-13671,LMC,RRab,0.5214624,446.53488,,fundamental,4ec143332050d3ce3e4daaf2294d61d6cec3358ce6b4f7af9818b1bbb627cc71,photometry/OGLE-LMC-RRLYR-13671.dat,20808,867,4092.8441400000006,True,False,Exact duplicate folded phases
OGLE-LMC-RRLYR-13766,LMC,RRe,0.266906,2167.67993,,catalog RRe,5102ba74424cd3b720578cacb262a3c469ebf7c6f0fecac3b931e3975c1a05ea,photometry/OGLE-LMC-RRLYR-13766.dat,12048,502,2373.7796,True,False,Exact duplicate folded phases
OGLE-LMC-RRLYR-13778,LMC,RRc,0.272564,446.5455,,first overtone,b617266cf74ea9484cbe0ddc79e5fd23baf89ef8e116d044dce885e61c7335d3,photometry/OGLE-LMC-RRLYR-13778.dat,21072,878,4094.9190100000005,True,False,Exact duplicate folded phases
OGLE-LMC-RRLYR-13798,LMC,RRab,0.5804628,455.40961,,fundamental,04d1d3bc8da5f55978dee8462f104625b62c40b17d751e236beef5a95d90d70c,photometry/OGLE-LMC-RRLYR-13798.dat,20856,869,4085.97677,True,False,Exact duplicate folded phases
OGLE-LMC-RRLYR-13829,LMC,RRc,0.330755,446.41441,,first overtone,4e9d7fb1622ce49bdb32ea186086904b0b37c13f8bd4e40799906481b92b2e00,photometry/OGLE-LMC-RRLYR-13829.dat,20712,863,4094.9186800000007,True,False,Exact duplicate folded phases
OGLE-LMC-RRLYR-13875,LMC,RRab,0.5890988,446.40501,,fundamental,8c69342ed0e689351b9bb17a4804a3af8d4658f5c0f5aaa6412f486e06dfd4ef,photometry/OGLE-LMC-RRLYR-13875.dat,20592,858,4094.9259199999997,True,False,Exact duplicate folded phases
OGLE-LMC-RRLYR-13900,LMC,RRab,0.566318,2167.74868,,fundamental,26588a598e8e843f4f8ac448226c325aee0a0250f9fe070212fcdd16535e752b,photometry/OGLE-LMC-RRLYR-13900.dat,8640,360,2373.7793600000005,True,False,Exact duplicate folded phases
OGLE-LMC-RRLYR-13903,LMC,RRab,0.6276065,455.44275,,fundamental,ba40f07f4e35f7471aea16cbb652097725d8512495091d9ce6e915dfee704e23,photometry/OGLE-LMC-RRLYR-13903.dat,20976,874,4085.9768300000005,True,False,Exact duplicate folded phases
OGLE-LMC-RRLYR-13958,LMC,RRc,0.3390032,446.4169,,first overtone,53e119d79c701747dd7a67d28bd151c48d29ec7a74660ca4570a8d71a5c7952b,photometry/OGLE-LMC-RRLYR-13958.dat,21072,878,4094.92521,True,False,Exact duplicate folded phases
OGLE-LMC-RRLYR-13991,LMC,RRab,0.5055038,2167.61446,,fundamental,fa2be57080de163ce5c6a25ca7b54b834527d102e32734f715560000238c4440,photometry/OGLE-LMC-RRLYR-13991.dat,8928,372,2373.7798200000007,True,False,Exact duplicate folded phases
OGLE-LMC-RRLYR-14001,LMC,RRe,0.262872,446.69224,,catalog RRe,c66f9719f389bb577e79ae6aa320813c8b62b6fc97df5dddb2df9093db52b1f9,photometry/OGLE-LMC-RRLYR-14001.dat,32088,1337,4094.92636,True,False,Exact duplicate folded phases
OGLE-LMC-RRLYR-14069,LMC,RRab,0.668773,446.16442,,fundamental,e48dfe7ff4e6e47d0dfef077f8d29b441a0ce3bf3ea61a3d45d9d3bc1181890c,photometry/OGLE-LMC-RRLYR-14069.dat,20808,867,4094.9010600000006,True,False,Exact duplicate folded phases
OGLE-LMC-RRLYR-14073,LMC,RRc,0.287554,446.58034,,first overtone,c75ea246733e373937479b4e6307590b23e4e572f7ab4c228552dd0f7fc86ee9,photometry/OGLE-LMC-RRLYR-14073.dat,20808,867,4094.9190500000004,True,False,Exact duplicate folded phases
OGLE-LMC-RRLYR-14162,LMC,RRd,0.36116,446.48632,0.4853301,first overtone,691bafc26b8b67751615d71ecd651655d560fb18decc70ec0f5cb36c47599219,photometry/OGLE-LMC-RRLYR-14162.dat,17880,745,4094.92407,True,False,Exact duplicate folded phases
OGLE-LMC-RRLYR-14302,LMC,RRab,0.491035,446.59838,,fundamental,c3b9715ee20db51639f1e57dd3193f6ac0ee99271e6ecad0b3888e67b3eb6e88,photometry/OGLE-LMC-RRLYR-14302.dat,17472,728,4025.91997,True,False,Exact duplicate folded phases
OGLE-LMC-RRLYR-14347,LMC,RRab,0.4988068,446.38068,,fundamental,9edd33d0e7a0cb42163dacaea9320bf49863d86a998481f97d1f24b6b0d31e1b,photometry/OGLE-LMC-RRLYR-14347.dat,21024,876,4094.9186100000006,True,False,Exact duplicate folded phases
OGLE-LMC-RRLYR-14371,LMC,RRab,0.5255988,2167.54192,,fundamental,8011923781f4bd2a0e4a6c3988621c3e7d30aa2f0ec24ba5264b228829f3976c,photometry/OGLE-LMC-RRLYR-14371.dat,14736,614,2373.7829300000003,True,False,Exact duplicate folded phases
OGLE-LMC-RRLYR-14469,LMC,RRab,0.5795226,446.46839,,fundamental,726394624363ab48ad8d154da666cab4fd446a180d2af934d283cf3cb19c9989,photometry/OGLE-LMC-RRLYR-14469.dat,21048,877,4094.9251999999997,True,False,Exact duplicate folded phases
OGLE-LMC-RRLYR-14496,LMC,RRc,0.2792164,446.45903,,first overtone,5e93711d788e1ffe21c30f2454ff90f35c014b99a372c578da761e5ea83ed0bc,photometry/OGLE-LMC-RRLYR-14496.dat,20904,871,4094.92346,True,False,Exact duplicate folded phases
OGLE-LMC-RRLYR-14635,LMC,RRc,0.3617235,446.40654,,first overtone,227b72ac3ad40b6bfb1108a57bbdc925ee26bcc6f80307618a96a909d293e3e2,photometry/OGLE-LMC-RRLYR-14635.dat,38760,1615,4094.9299699999997,True,False,Exact duplicate folded phases
OGLE-LMC-RRLYR-14654,LMC,RRab,0.4949823,446.60421,,fundamental,78b1a64647f0a468e3515035ebe55d0ee507144391db99461f791ac7e61fc810,photometry/OGLE-LMC-RRLYR-14654.dat,30984,1291,4094.9190600000006,True,False,Exact duplicate folded phases
OGLE-LMC-RRLYR-14669,LMC,RRab,0.616101,446.10797,,fundamental,5374ef7e2ec346030f966dfec840c595df62da2de1b4186ec08eb94ea4dc1b8b,photometry/OGLE-LMC-RRLYR-14669.dat,32016,1334,4094.92389,True,False,Exact duplicate folded phases
OGLE-LMC-RRLYR-14692,LMC,RRab,0.5271378,446.5185,,fundamental,cf24ae6b1f81c88d441fb63e88dc9ece46064a9a0f4cf4c741b6b09129bb845c,photometry/OGLE-LMC-RRLYR-14692.dat,31032,1293,4094.9190500000004,True,False,Exact duplicate folded phases
OGLE-LMC-RRLYR-14716,LMC,RRab,0.5331424,455.23758,,fundamental,cda1620eab5e0b92270acff99e666a152f3d3e26711a24ebb65cea5821a10840,photometry/OGLE-LMC-RRLYR-14716.dat,28344,1181,4085.9872500000006,True,False,Exact duplicate folded phases
OGLE-LMC-RRLYR-14735,LMC,RRab,0.7797123,454.95693,,fundamental,fb64bb36bf5210953a9e0b1968e531effa6dcab90e687300e2a9f2eec29dd096,photometry/OGLE-LMC-RRLYR-14735.dat,25440,1060,4085.99104,True,False,Exact duplicate folded phases
OGLE-LMC-RRLYR-14745,LMC,RRd,0.361579,2167.84979,0.4858019,first overtone,fcb54d5e5968a8e856fe8e69a39a0641ffd5ff9ec766c1b28875b1c7a10c9eae,photometry/OGLE-LMC-RRLYR-14745.dat,8400,350,2373.77949,True,False,Exact duplicate folded phases
OGLE-LMC-RRLYR-14751,LMC,RRab,0.6466538,2167.31261,,fundamental,7135b447b7a37b321efebfddbbbbdc8d8ecf944eff90bcf56181ea4d65b70fbf,photometry/OGLE-LMC-RRLYR-14751.dat,12264,511,2373.77994,True,False,Exact duplicate folded phases
OGLE-LMC-RRLYR-14764,LMC,RRab,0.579995,455.16173,,fundamental,fb47877e94090afe4863a5a82f7840242f8eef93b8f9d9eaeea6f3b17de2b8e9,photometry/OGLE-LMC-RRLYR-14764.dat,21192,883,4085.99262,True,False,Exact duplicate folded phases
OGLE-LMC-RRLYR-14783,LMC,RRc,0.34478,455.5864,,first overtone,5ad71960b5f8c4423272afd155ca843409f3607de1cec937d2c7f27ac7aecaa2,photometry/OGLE-LMC-RRLYR-14783.dat,21264,886,4085.99446,True,False,Exact duplicate folded phases
OGLE-LMC-RRLYR-14831,LMC,RRab,0.5639263,455.53773,,fundamental,fd36ea1b543de0326487324045ad323208f044eb5ec62a71bf5a5a071bbe183d,photometry/OGLE-LMC-RRLYR-14831.dat,21192,883,4085.9927199999997,True,False,Exact duplicate folded phases
OGLE-LMC-RRLYR-14895,LMC,RRab,0.4803659,455.57179,,fundamental,9ae170583e7cb51d2b09d011fc2692d1f185c12fb6497b8b54b32c378a298b42,photometry/OGLE-LMC-RRLYR-14895.dat,21336,889,4085.99178,True,False,Exact duplicate folded phases
OGLE-LMC-RRLYR-14913,LMC,RRab,0.5954725,455.48739,,fundamental,fb8c8c358d86025f1b6498f0565fce8434cbe6eb6cfb7e940f83119123f8dbe7,photometry/OGLE-LMC-RRLYR-14913.dat,17976,749,4085.9870200000005,True,False,Exact duplicate folded phases
OGLE-LMC-RRLYR-14931,LMC,RRab,0.540038,455.19668,,fundamental,675ec218a378808a83e1aa3fc79b6d7f5e393f3079c57edb2376cd1a2257ae98,photometry/OGLE-LMC-RRLYR-14931.dat,24264,1011,4085.9987899999996,True,False,Exact duplicate folded phases
OGLE-LMC-RRLYR-14949,LMC,RRab,0.5105652,455.49853,,fundamental,e1ffdfe1a972d93559349a94d864216d45dd190b48b205ea91f4d613b587f97d,photometry/OGLE-LMC-RRLYR-14949.dat,21168,882,4085.99243,True,False,Exact duplicate folded phases
OGLE-LMC-RRLYR-14953,LMC,RRab,0.513155,455.14907,,fundamental,f040cf59e8259e43f4f98d52c5c117aa68b51a197cca405d2fe0dd2cf29a38f5,photometry/OGLE-LMC-RRLYR-14953.dat,24456,1019,4085.9983999999995,True,False,Exact duplicate folded phases
OGLE-LMC-RRLYR-14967,LMC,RRc,0.3129866,455.46942,,first overtone,305cc59fbe4b1f3236f62a04f2ab1059f29ef6fc262888e20f41afcb86e02d9d,photometry/OGLE-LMC-RRLYR-14967.dat,20640,860,4085.99125,True,False,Exact duplicate folded phases
OGLE-LMC-RRLYR-14995,LMC,RRc,0.3329296,2167.71656,,first overtone,282f6dae412f1b057f6b0898a1a2f800d18c1aaea73cf8b0cc7cf76f7bbe6072,photometry/OGLE-LMC-RRLYR-14995.dat,8520,355,2373.77949,True,False,Exact duplicate folded phases
OGLE-LMC-RRLYR-15050,LMC,RRe,0.2274635,455.57157,,catalog RRe,425a55ebd0ea9d636f139f2eddcd01d6cada72117182f1408f0f7be5bee9cdf5,photometry/OGLE-LMC-RRLYR-15050.dat,21384,891,4085.9869200000003,True,False,Exact duplicate folded phases
OGLE-LMC-RRLYR-15064,LMC,RRc,0.3042511,455.57124,,first overtone,283a730ab20d95b5ffd33f3c8dde4fabe5e83bb70989db7c890ca7da7147b3e0,photometry/OGLE-LMC-RRLYR-15064.dat,19488,812,4085.9936799999996,True,False,Exact duplicate folded phases
OGLE-LMC-RRLYR-15080,LMC,RRab,0.457628,2167.72546,,fundamental,7bfaf2b8edad95a3bbf0e3155775e7d1c87b188282082ad321418b574d1a997c,photometry/OGLE-LMC-RRLYR-15080.dat,10824,451,2357.7498000000005,True,False,Exact duplicate folded phases
OGLE-LMC-RRLYR-15082,LMC,RRab,0.6339696,2167.524,,fundamental,9bec123514bb8f9a8a0d4ed0bf67069f3bb421054624a8e0a47f400545f7ce3a,photometry/OGLE-LMC-RRLYR-15082.dat,11352,473,2373.7796,True,False,Exact duplicate folded phases
OGLE-LMC-RRLYR-15106,LMC,RRab,0.4974054,455.50956,,fundamental,f2423738946ba93de6181d5822c8b04de4e65c59db8f8bdfa65b6fb89376c2aa,photometry/OGLE-LMC-RRLYR-15106.dat,20976,874,4085.9934599999997,True,False,Exact duplicate folded phases
OGLE-LMC-RRLYR-15110,LMC,RRab,0.5642123,2167.5385,,fundamental,7e666ffdb1891d4a8630b138dbb53fb4cec169166ec62ca8e1cc87578704784a,photometry/OGLE-LMC-RRLYR-15110.dat,8592,358,2373.7793600000005,True,False,Exact duplicate folded phases
OGLE-LMC-RRLYR-15170,LMC,RRab,0.5473341,455.2,,fundamental,f087b7b5ad7dfd314b328de4991f142b6b58a85f801677249431a006c25b9813,photometry/OGLE-LMC-RRLYR-15170.dat,21192,883,4085.99435,True,False,Exact duplicate folded phases
OGLE-LMC-RRLYR-15207,LMC,RRab,0.610329,455.15315,,fundamental,849f98ced5f0407aa0a4b7aaf9ce5ccce98308270aad6717aa1c3e197d8d154d,photometry/OGLE-LMC-RRLYR-15207.dat,21384,891,4085.9869300000005,True,False,Exact duplicate folded phases
OGLE-LMC-RRLYR-15216,LMC,RRc,0.3837277,299.76807,,first overtone,23cbb55fa1d6e04cd772f5b45e2bdef239da5cf56266e821ecad0f279ba349cb,photometry/OGLE-LMC-RRLYR-15216.dat,624,26,1728.9450000000002,True,False,Fewer than 30 original observations
OGLE-LMC-RRLYR-15217,LMC,RRc,0.3192756,2167.56242,,first overtone,b2b119dade745431e10fffaa512a9246cffc07b160a313131b8cb9386fc3afd2,photometry/OGLE-LMC-RRLYR-15217.dat,16128,672,2373.78319,True,False,Exact duplicate folded phases
OGLE-LMC-RRLYR-15303,LMC,RRab,0.4793222,455.24273,,fundamental,d180e7bc717e85496ffe77cbcdb00e834ef470dda69242b99919947b2d7202ce,photometry/OGLE-LMC-RRLYR-15303.dat,24360,1015,4085.9982999999997,True,False,Exact duplicate folded phases
OGLE-LMC-RRLYR-15335,LMC,RRab,0.5274025,2167.81334,,fundamental,440d42846dd4245be77c42b2af1c02e076c1ff986a20d98c66d7a76df17029a2,photometry/OGLE-LMC-RRLYR-15335.dat,12048,502,2373.7796,True,False,Exact duplicate folded phases
OGLE-LMC-RRLYR-15341,LMC,RRe,0.2460235,455.51261,,catalog RRe,920400eef5ef655bf23083d3fc372d3a4d4160be6b4be91412cd2ed44b392297,photometry/OGLE-LMC-RRLYR-15341.dat,21264,886,4085.99248,True,False,Exact duplicate folded phases
OGLE-LMC-RRLYR-15365,LMC,RRc,0.3459815,2167.66952,,first overtone,20a094d911d2608244334cd24726cefd45498467ba1e0c6ce662b420a2a1c309,photometry/OGLE-LMC-RRLYR-15365.dat,12360,515,2373.77994,True,False,Exact duplicate folded phases
OGLE-LMC-RRLYR-15380,LMC,RRc,0.3411343,455.36409,,first overtone,b246218f08265e8287566423b79ee6a6d294e5172d526b7169ddbd45ad4a03ae,photometry/OGLE-LMC-RRLYR-15380.dat,21312,888,4085.99233,True,False,Exact duplicate folded phases
OGLE-LMC-RRLYR-15390,LMC,RRab,0.5600905,455.2955,,fundamental,73856cdc8d73b7dd128125dc922da859f0aa65f67976b3508143c4de3d314c4f,photometry/OGLE-LMC-RRLYR-15390.dat,20640,860,4085.99378,True,False,Exact duplicate folded phases
OGLE-LMC-RRLYR-15406,LMC,RRc,0.328355,455.4665,,first overtone,8bab3adbf64e510b582ec5b18ba2843048009f8e2ac0ef0d23776e45afd8c9a6,photometry/OGLE-LMC-RRLYR-15406.dat,21240,885,4085.99248,True,False,Exact duplicate folded phases
OGLE-LMC-RRLYR-15443,LMC,RRe,0.286955,455.57626,,catalog RRe,4760f5047ca4cb5b4746a589182585dbd872e70a745a5e683fa2e85fc710c650,photometry/OGLE-LMC-RRLYR-15443.dat,21264,886,4085.99413,True,False,Exact duplicate folded phases
OGLE-LMC-RRLYR-15482,LMC,RRc,0.3448592,455.32336,,first overtone,c11d9f515ae8d9bf0ed794b3395a159c433f17db6a6b4750c0ac6b5c2dd25a8e,photometry/OGLE-LMC-RRLYR-15482.dat,20880,870,4085.99287,True,False,Exact duplicate folded phases
OGLE-LMC-RRLYR-15489,LMC,RRab,0.5354288,455.27768,,fundamental,0d23cb8a6e91ac1713bc24d1c61ee4b08b28eb640912a48822e3f1be3ba4c3b6,photometry/OGLE-LMC-RRLYR-15489.dat,21000,875,4083.9115100000004,True,False,Exact duplicate folded phases
OGLE-LMC-RRLYR-15503,LMC,RRc,0.394098,455.51413,,first overtone,cb8f760d1f5af2467b48fd1a90f617eeb1514c5052f68e3782f5adecf0492b16,photometry/OGLE-LMC-RRLYR-15503.dat,20976,874,4085.91426,True,False,Exact duplicate folded phases
OGLE-LMC-RRLYR-15646,LMC,RRe,0.2813992,455.51874,,catalog RRe,1f815e34f661c9624cadd39ab9c138313d904a183ebf36d43a90944912d665fc,photometry/OGLE-LMC-RRLYR-15646.dat,20400,850,4085.9915,True,False,Exact duplicate folded phases
OGLE-LMC-RRLYR-15661,LMC,RRab,0.6421353,455.41858,,fundamental,5cf8191d6f2d68d81de310b694daa9b877dadc23b5e856f77453ce7a8918fcf4,photometry/OGLE-LMC-RRLYR-15661.dat,20928,872,4085.9924199999996,True,False,Exact duplicate folded phases
OGLE-LMC-RRLYR-15839,LMC,RRab,0.523026,455.23385,,fundamental,69fd0cf4d80a2dadba5545166decb55e62c663c1ea806d6f4a73705cb86668f1,photometry/OGLE-LMC-RRLYR-15839.dat,21312,888,4085.99127,True,False,Exact duplicate folded phases
OGLE-LMC-RRLYR-15895,LMC,RRab,0.463524,2167.61563,,fundamental,5688448137e669ab45e9214aefdc5f82e7d62f709c4d2153e438dc4e0670cb4b,photometry/OGLE-LMC-RRLYR-15895.dat,12312,513,2373.77994,True,False,Exact duplicate folded phases
OGLE-LMC-RRLYR-15903,LMC,RRab,0.7453036,455.3537,,fundamental,e2f753a854a69cf5906bb2651f21a982fd84e6f9d22d9820cb4181ed4b4a178b,photometry/OGLE-LMC-RRLYR-15903.dat,27528,1147,4085.99097,True,False,Exact duplicate folded phases
OGLE-LMC-RRLYR-15931,LMC,RRab,0.5963672,2167.65113,,fundamental,2f07a5c0202108897288ff35e520ba4d25dec94f1573bd242628f037eb7b69b6,photometry/OGLE-LMC-RRLYR-15931.dat,8928,372,2373.7800699999993,True,False,Exact duplicate folded phases
OGLE-LMC-RRLYR-15971,LMC,RRc,0.326128,455.37786,,first overtone,a68ae9ff96f180814e96cf111e3d9419db257ad8d912f4fcfa0818d990613408,photometry/OGLE-LMC-RRLYR-15971.dat,30264,1261,4086.00332,True,False,Exact duplicate folded phases
OGLE-LMC-RRLYR-15986,LMC,RRe,0.2495831,2167.62624,,catalog RRe,a63784729bf308b8d66e8830464a89bc81b920dd17e8793e2ba33bfb1e58d457,photometry/OGLE-LMC-RRLYR-15986.dat,8904,371,2373.7798200000007,True,False,Exact duplicate folded phases
OGLE-LMC-RRLYR-15993,LMC,RRab,0.66903,2167.84904,,fundamental,3164fe2a5759f86182519f4627d37b93a45a6a1761641375000df6f29b043a11,photometry/OGLE-LMC-RRLYR-15993.dat,14208,592,2373.78319,True,False,Exact duplicate folded phases
OGLE-LMC-RRLYR-16006,LMC,RRc,0.337166,2167.69335,,first overtone,21b4316fef5d2ccafa20da48186985787e9e457a7ea46045d3256065b16fdc56,photometry/OGLE-LMC-RRLYR-16006.dat,8904,371,2373.7798200000007,True,False,Exact duplicate folded phases
OGLE-LMC-RRLYR-16032,LMC,RRc,0.3404864,455.48662,,first overtone,bc8a33667e093a113d719e8bb22dc5f0e7124213371f24ff5a2281758aedacc3,photometry/OGLE-LMC-RRLYR-16032.dat,31200,1300,4083.91922,True,False,Exact duplicate folded phases
OGLE-LMC-RRLYR-16088,LMC,RRe,0.2388472,455.59501,,catalog RRe,4b91135739790c3b198d1f5f27fd3f1f0d55b5978eaae23b415f3fcd9614c990,photometry/OGLE-LMC-RRLYR-16088.dat,21456,894,4086.00321,True,False,Exact duplicate folded phases
OGLE-LMC-RRLYR-16096,LMC,RRc,0.28683,455.59948,,first overtone,e59d7f051abec5164b6e9885ed09629a43ef0a17022acb9c5f53010aeea7b096,photometry/OGLE-LMC-RRLYR-16096.dat,21360,890,4086.0029799999998,True,False,Exact duplicate folded phases
OGLE-LMC-RRLYR-16109,LMC,RRab,0.4905071,455.25682,,fundamental,d91887e3d7a3be992c206120ab4485079c327b9378f7439e94d5b998c94396a3,photometry/OGLE-LMC-RRLYR-16109.dat,21408,892,4086.0040599999998,True,False,Exact duplicate folded phases
OGLE-LMC-RRLYR-16112,LMC,RRab,0.507304,455.38674,,fundamental,88413bf20ae82dc2587570cc3569b4f195d6b0a760c3ffad477c603750a39ad5,photometry/OGLE-LMC-RRLYR-16112.dat,21288,887,4085.99704,True,False,Exact duplicate folded phases
OGLE-LMC-RRLYR-16230,LMC,RRab,0.64829,455.14371,,fundamental,9a61eaae4dc191887b9369c663a2d67b86775a104754995c4ce2ab27c1096042,photometry/OGLE-LMC-RRLYR-16230.dat,21408,892,4086.0012699999997,True,False,Exact duplicate folded phases
OGLE-LMC-RRLYR-16267,LMC,RRab,0.526852,455.60032,,fundamental,61db0c6f681d14b2ffc52d3106cd6c6a29d1a496b44dee29d0aa7f990a5d18a3,photometry/OGLE-LMC-RRLYR-16267.dat,24432,1018,4086.0080199999998,True,False,Exact duplicate folded phases
OGLE-LMC-RRLYR-16386,LMC,RRab,0.5500685,455.30113,,fundamental,5c953695f3b6483db5263cfdc471a62f254394b174c7fa58f1c35a14665eedcc,photometry/OGLE-LMC-RRLYR-16386.dat,21408,892,4085.9966500000005,True,False,Exact duplicate folded phases
OGLE-LMC-RRLYR-16413,LMC,RRc,0.2839571,2167.85217,,first overtone,b31106de62e777fb5f9ceeb762ae80daa7560fbb2f41899e98b329d171c4733f,photometry/OGLE-LMC-RRLYR-16413.dat,17736,739,2374.6405899999995,True,False,Exact duplicate folded phases
OGLE-LMC-RRLYR-16421,LMC,RRab,0.538498,455.36647,,fundamental,21baaf4d685b01950712ce7a4f18aaac49c88848748ea370507a90996379a0b0,photometry/OGLE-LMC-RRLYR-16421.dat,24528,1022,4086.0087299999996,True,False,Exact duplicate folded phases
OGLE-LMC-RRLYR-16429,LMC,RRab,0.6390356,455.38213,,fundamental,917d89b3b7081c3d567cee3503f5d39e17c8aa9a7ef764d076199b096da69ee0,photometry/OGLE-LMC-RRLYR-16429.dat,21480,895,4086.0023699999997,True,False,Exact duplicate folded phases
OGLE-LMC-RRLYR-16450,LMC,RRc,0.33966,455.39289,,first overtone,87a233a091183ce7571a2b5e164494f061a3c6ac5b84f7a058dcd5c1f81eb61f,photometry/OGLE-LMC-RRLYR-16450.dat,24576,1024,4086.0085999999997,True,False,Exact duplicate folded phases
OGLE-LMC-RRLYR-16484,LMC,RRab,0.601974,455.06773,,fundamental,3fc388dba02700391609405e4d5ce36cf2eb1e61f212a50b5fa601f089734ff2,photometry/OGLE-LMC-RRLYR-16484.dat,21408,892,4086.00249,True,False,Exact duplicate folded phases
OGLE-LMC-RRLYR-16541,LMC,RRab,0.575495,455.48783,,fundamental,0bf41c8785270ac0e8afad03392e800275d62f96f81bc01ccc9a7fd08f36c5d6,photometry/OGLE-LMC-RRLYR-16541.dat,21480,895,4086.0010899999997,True,False,Exact duplicate folded phases
OGLE-LMC-RRLYR-16543,LMC,RRab,0.5007848,455.6055,,fundamental,b3ce1d889c98b4666dd93b356323134417978a4bb11eb1b43ce431e11d27d541,photometry/OGLE-LMC-RRLYR-16543.dat,21384,891,4086.00368,True,False,Exact duplicate folded phases
OGLE-LMC-RRLYR-16549,LMC,RRab,0.5841586,455.47594,,fundamental,9a660028a86bfb3489aad74147b5a6a22ba86eb9b14058aef19fa2f3682fe698,photometry/OGLE-LMC-RRLYR-16549.dat,20904,871,4085.9961600000006,True,False,Exact duplicate folded phases
OGLE-LMC-RRLYR-16554,LMC,RRc,0.344895,2167.56347,,first overtone,419dea1fd4c36d6d6d5b8f761fe93ed8a9a53a64d2347c3753c6f98bf86f90c3,photometry/OGLE-LMC-RRLYR-16554.dat,24888,1037,2374.64036,True,False,Exact duplicate folded phases
OGLE-LMC-RRLYR-16558,LMC,RRab,0.709606,455.06432,,fundamental,6b3a0e9a96bd89689a5c7cfd8eda060b58a6aeba6020ad5d52934976a5e3f5b3,photometry/OGLE-LMC-RRLYR-16558.dat,21456,894,4085.9963500000003,True,False,Exact duplicate folded phases
OGLE-LMC-RRLYR-16564,LMC,RRab,0.520364,2167.80188,,fundamental,19ec5b6a032a4b1be30194875d968086e0035c4b7ce0cec16a10de8cb0211a41,photometry/OGLE-LMC-RRLYR-16564.dat,24912,1038,2374.64036,True,False,Exact duplicate folded phases
OGLE-LMC-RRLYR-16585,LMC,RRab,0.6053728,455.07129,,fundamental,5b5c185cfa42076337b23ea71a343ebbb8025175c61a3f805f697c330e1926bd,photometry/OGLE-LMC-RRLYR-16585.dat,21456,894,4086.00096,True,False,Exact duplicate folded phases
OGLE-LMC-RRLYR-16594,LMC,RRab,0.5625076,455.24369,,fundamental,e67b8ae225fece5c42aa0d3d93b1e80ecbb727cda9b24452b8f1791ddf89f7f8,photometry/OGLE-LMC-RRLYR-16594.dat,26304,1096,4086.0009,True,False,Exact duplicate folded phases
OGLE-LMC-RRLYR-16596,LMC,RRab,0.5589772,455.11631,,fundamental,37e6c868aa874d4edae17e707077f4a9bf513c54baa08acfa85deba400eb52cd,photometry/OGLE-LMC-RRLYR-16596.dat,21504,896,4086.00288,True,False,Exact duplicate folded phases
OGLE-LMC-RRLYR-16606,LMC,RRab,0.5701692,455.5995,,fundamental,ae10b208b457cfc7379455822148b11ceb780eaf2fa7a8f815ac74fdeaf8d135,photometry/OGLE-LMC-RRLYR-16606.dat,21504,896,4086.00105,True,False,Exact duplicate folded phases
OGLE-LMC-RRLYR-16626,LMC,RRab,0.69663,455.20659,,fundamental,dabca393e6720f19b12b12efa5e24f6e5648391b72c46e256c36b621ef80c50c,photometry/OGLE-LMC-RRLYR-16626.dat,31224,1301,4086.85717,True,False,Exact duplicate folded phases
OGLE-LMC-RRLYR-16638,LMC,RRc,0.40315,2167.73957,,first overtone,d1a46cd48acdffab69f2bc3d89160f78141804eaa78bc357f54237187001e579,photometry/OGLE-LMC-RRLYR-16638.dat,12408,517,2374.6146599999997,True,False,Exact duplicate folded phases
OGLE-LMC-RRLYR-16647,LMC,RRab,0.607874,455.23707,,fundamental,809feddebfe34eb790e3c5867c85dc3106f34bb937b0bb680d303cbcb2803733,photometry/OGLE-LMC-RRLYR-16647.dat,24528,1022,4086.0081999999998,True,False,Exact duplicate folded phases
OGLE-LMC-RRLYR-16683,LMC,RRab,0.5202884,455.39245,,fundamental,89cd4bd455009512278ee3200153e8170e2a7daf8c88c0094aa04c18470f8c8d,photometry/OGLE-LMC-RRLYR-16683.dat,21432,893,4086.0030199999997,True,False,Exact duplicate folded phases
OGLE-LMC-RRLYR-16686,LMC,RRab,0.4951475,455.17004,,fundamental,4ad75739b7c0473e92e09ac53ab653af97bba9132628a08ee9c5b1d74147d646,photometry/OGLE-LMC-RRLYR-16686.dat,21408,892,4086.0030199999997,True,False,Exact duplicate folded phases
OGLE-LMC-RRLYR-16701,LMC,RRe,0.2840525,2167.77501,,catalog RRe,df9b2627db28f0adec82cc7a85b2ba06e2c5aa8c5c7089f5c77f7dfcfdeed36d,photometry/OGLE-LMC-RRLYR-16701.dat,12528,522,2374.6146599999997,True,False,Exact duplicate folded phases
OGLE-LMC-RRLYR-16759,LMC,RRc,0.3430007,455.63647,,first overtone,256c7ea776c03bd44163fcb21ec2f975300e8798c8a653407a0542ae5513065c,photometry/OGLE-LMC-RRLYR-16759.dat,27000,1125,4086.8619900000003,True,False,Exact duplicate folded phases
OGLE-LMC-RRLYR-16814,LMC,RRab,0.5766475,455.31096,,fundamental,f996a14ee76fbf408a982c5f270b4e341eacec70e85c2e9259183360a9df8468,photometry/OGLE-LMC-RRLYR-16814.dat,30432,1268,4086.86367,True,False,Exact duplicate folded phases
OGLE-LMC-RRLYR-16835,LMC,RRc,0.4086285,455.49633,,first overtone,41e7a05b73f0ab78a56b1a9876120c48ecd0ac058c2ec24db43102d45036d9cc,photometry/OGLE-LMC-RRLYR-16835.dat,29592,1233,4086.8644600000002,True,False,Exact duplicate folded phases
OGLE-LMC-RRLYR-16870,LMC,RRc,0.3262375,455.34131,,first overtone,5942c61684579c96e8ce7c7f81790bcd83b9440a616599ed594bcd92b363a332,photometry/OGLE-LMC-RRLYR-16870.dat,16032,668,4086.00409,True,False,Exact duplicate folded phases
OGLE-LMC-RRLYR-16885,LMC,RRab,0.6052416,455.54949,,fundamental,93389a9d04353f6148353f59f9dd1a0c580d15956dcb5f550499793cd31f3b90,photometry/OGLE-LMC-RRLYR-16885.dat,20928,872,4086.0082299999995,True,False,Exact duplicate folded phases
OGLE-LMC-RRLYR-16920,LMC,RRab,0.583236,455.57217,,fundamental,c2fc5bfe8b9466bdf360bddc1aff44a5f18e4ba405e382bda5bec876d350e3c0,photometry/OGLE-LMC-RRLYR-16920.dat,28368,1182,4086.86914,True,False,Exact duplicate folded phases
OGLE-LMC-RRLYR-16922,LMC,RRab,0.5579825,455.2701,,fundamental,95c6bff59be7197ce9e9a52044067417904a6a6d8abcc2df92023d80e89b35c6,photometry/OGLE-LMC-RRLYR-16922.dat,20448,852,4086.86232,True,False,Exact duplicate folded phases
OGLE-LMC-RRLYR-16925,LMC,RRc,0.3386698,2167.67951,,first overtone,42fbf69060f8d87e299196f1fb20897658c693231bc8bdaebdf068243e64a461,photometry/OGLE-LMC-RRLYR-16925.dat,9408,392,2374.6145100000003,True,False,Exact duplicate folded phases
OGLE-LMC-RRLYR-16965,LMC,RRc,0.322293,455.40247,,first overtone,af70ea231af4eacbc7924dfba35abf85d50f742aa269bbf4f8f88169584ae094,photometry/OGLE-LMC-RRLYR-16965.dat,22440,935,4086.85689,True,False,Exact duplicate folded phases
OGLE-LMC-RRLYR-16978,LMC,RRab,0.4652625,455.30252,,fundamental,0259b3cead4bd0c78ad553d0707f80f76e25b98265553264d62e8921ecb21ff9,photometry/OGLE-LMC-RRLYR-16978.dat,20952,873,4086.86457,True,False,Exact duplicate folded phases
OGLE-LMC-RRLYR-17030,LMC,RRab,0.609384,455.49595,,fundamental,cece69914d5c5029084be106b3965aafdd773727827482cd8236904a2ba8c8a6,photometry/OGLE-LMC-RRLYR-17030.dat,22008,917,4086.8637700000004,True,False,Exact duplicate folded phases
OGLE-LMC-RRLYR-17090,LMC,RRab,0.6050062,2167.64759,,fundamental,06e5d96312dd45604d44c28b6c04767e2575855357702c8379e09c61e636e745,photometry/OGLE-LMC-RRLYR-17090.dat,12552,523,2374.6146599999997,True,False,Exact duplicate folded phases
OGLE-LMC-RRLYR-17125,LMC,RRd,0.3500135,455.43447,0.470569,first overtone,46affef847609843699d7e85ca9184cbd1127b3fec65528744656eb8521dbe17,photometry/OGLE-LMC-RRLYR-17125.dat,22032,918,4086.86189,True,False,Exact duplicate folded phases
OGLE-LMC-RRLYR-17161,LMC,RRab,0.566118,455.21832,,fundamental,418fbd114850a305409a75e187e6fcd6e760aa4af6148598eaa7f2a717ba3864,photometry/OGLE-LMC-RRLYR-17161.dat,22008,917,4086.8620000000005,True,False,Exact duplicate folded phases
OGLE-LMC-RRLYR-17170,LMC,RRe,0.2734992,455.54834,,catalog RRe,1e4fd022939d61768e2e9cd49f2e8730d91a6cdf9b9cba274641e565884e2975,photometry/OGLE-LMC-RRLYR-17170.dat,25008,1042,4086.85714,True,False,Exact duplicate folded phases
OGLE-LMC-RRLYR-17243,LMC,RRab,0.6142296,455.33687,,fundamental,01e00e23017f050e00b95868e57e959ef713c3c703d2dc44ccc352a5a3b97c0f,photometry/OGLE-LMC-RRLYR-17243.dat,24648,1027,4086.8565700000004,True,False,Exact duplicate folded phases
OGLE-LMC-RRLYR-17263,LMC,RRab,0.6364425,455.37401,,fundamental,d7087dc31c086c0913d1f1db8f522c1c3ef61d1b8bed472e64c896d673986879,photometry/OGLE-LMC-RRLYR-17263.dat,32424,1351,4086.8634800000004,True,False,Exact duplicate folded phases
OGLE-LMC-RRLYR-17305,LMC,RRab,0.451536,455.22728,,fundamental,24f230778234b548ead9e1de1f9aa45cda0c280e6a52b5f52a618eb3a1cea82b,photometry/OGLE-LMC-RRLYR-17305.dat,33264,1386,4086.8648000000003,True,False,Exact duplicate folded phases
OGLE-LMC-RRLYR-17310,LMC,RRc,0.3511168,455.38814,,first overtone,0542f0bc86eaf49de5de73c6acb86557c5b9da1db569e15517b6004711af6276,photometry/OGLE-LMC-RRLYR-17310.dat,32616,1359,4086.8691299999996,True,False,Exact duplicate folded phases
OGLE-LMC-RRLYR-17318,LMC,RRab,0.557592,455.35688,,fundamental,df1f5f180af623b784b96612fa5e1a30749d7fb4aa63f70254a69606e69bfbed,photometry/OGLE-LMC-RRLYR-17318.dat,32328,1347,4086.8621300000004,True,False,Exact duplicate folded phases
OGLE-LMC-RRLYR-17319,LMC,RRd,0.345953,455.30835,0.465609,first overtone,ca045c9e960586e657fd298be2903ee09dab671b87a9cef8634103664b5ef5a9,photometry/OGLE-LMC-RRLYR-17319.dat,32280,1345,4086.8621600000006,True,False,Exact duplicate folded phases
OGLE-LMC-RRLYR-17328,LMC,RRab,0.5102189,455.36411,,fundamental,28b429a0a0dd7745e7946385ddacc418511b303e94a39f03bef6ef88dd9a2a19,photometry/OGLE-LMC-RRLYR-17328.dat,31824,1326,4086.86268,True,False,Exact duplicate folded phases
OGLE-LMC-RRLYR-17346,LMC,RRab,0.5157206,455.56527,,fundamental,10a758a2be6494880e41e743f420640103d0aab061524faf4cd1f82ebb3e9202,photometry/OGLE-LMC-RRLYR-17346.dat,30456,1269,4086.85735,True,False,Exact duplicate folded phases
OGLE-LMC-RRLYR-17378,LMC,RRc,0.3144608,2167.68202,,first overtone,f6401ff9a32b22fdd325c8f00e4a9201ac186cb70dd27ddfa8760ad3dab2227f,photometry/OGLE-LMC-RRLYR-17378.dat,12576,524,2374.6146599999997,True,False,Exact duplicate folded phases
OGLE-LMC-RRLYR-17422,LMC,RRc,0.360235,2167.54531,,first overtone,d176758aa968de9f3801576174a0346c7f2552564c74b65908490d3487f8be71,photometry/OGLE-LMC-RRLYR-17422.dat,12480,520,2374.6145100000003,True,False,Exact duplicate folded phases
OGLE-LMC-RRLYR-17426,LMC,RRc,0.3669875,455.53218,,first overtone,1e9bc02544e8af50e979dec3a2d10c71c784c263aee461361405a43bb3994993,photometry/OGLE-LMC-RRLYR-17426.dat,22128,922,4086.8157100000003,True,False,Exact duplicate folded phases
OGLE-LMC-RRLYR-17455,LMC,RRc,0.3287444,2167.6383,,first overtone,d86c1a90c396cc0583dc8dbcccb4a7d2b2c92c3fba5412982f9eb38f7917d611,photometry/OGLE-LMC-RRLYR-17455.dat,8592,358,2374.6142099999997,True,False,Exact duplicate folded phases
OGLE-LMC-RRLYR-17480,LMC,RRc,0.275641,455.61724,,first overtone,e4cd22dd4e48abfe543eced8ed99c870dac522f269ee1a4e75d74fb72d27c704,photometry/OGLE-LMC-RRLYR-17480.dat,17496,729,4086.8100000000004,True,False,Exact duplicate folded phases
OGLE-LMC-RRLYR-17486,LMC,RRab,0.647733,455.60663,,fundamental,df80dcb665fc9910b617d99ce45638be32790d1f5dd8f92b23a4085b70c6caf6,photometry/OGLE-LMC-RRLYR-17486.dat,21960,915,4086.81584,True,False,Exact duplicate folded phases
OGLE-LMC-RRLYR-17536,LMC,RRc,0.315725,455.54482,,first overtone,f9d1fdbe176e1e46b9ae188d2cdaa9c4e75ab070033b925bc3e236faa3ed6383,photometry/OGLE-LMC-RRLYR-17536.dat,24336,1014,4086.8103100000003,True,False,Exact duplicate folded phases
OGLE-LMC-RRLYR-17560,LMC,RRc,0.3130725,2167.69656,,first overtone,8465524628a129542eb5e5e27ce58d91366c2714640e178659a3023a8713db74,photometry/OGLE-LMC-RRLYR-17560.dat,12552,523,2374.6146599999997,True,False,Exact duplicate folded phases
OGLE-LMC-RRLYR-17575,LMC,RRab,0.4648448,2167.4716,,fundamental,745391e915ac2df6442440b0db393af3242f4b9c8f91089b11b41db35f7778e5,photometry/OGLE-LMC-RRLYR-17575.dat,12504,521,2374.6145100000003,True,False,Exact duplicate folded phases
OGLE-LMC-RRLYR-17577,LMC,RRd,0.3617368,455.40073,0.4862262,first overtone,181beeeb7a22203dcb581a8310865781bbb8bccd21a50d743167520492c0b236,photometry/OGLE-LMC-RRLYR-17577.dat,24792,1033,4086.8101100000003,True,False,Exact duplicate folded phases
OGLE-LMC-RRLYR-17654,LMC,RRc,0.354346,2167.82899,,first overtone,0f8f839677e9eb92eb20bbab322b99fe45b689b2f608d719fd01ad39308ae8cd,photometry/OGLE-LMC-RRLYR-17654.dat,12504,521,2374.6145100000003,True,False,Exact duplicate folded phases
OGLE-LMC-RRLYR-17678,LMC,RRe,0.2837772,455.58437,,catalog RRe,52ddf95bf3b07df6c6fe53b2b3a0f6e5149ac3303590789fc25b95eae5cac3a3,photometry/OGLE-LMC-RRLYR-17678.dat,21288,887,4086.8218899999997,True,False,Exact duplicate folded phases
OGLE-LMC-RRLYR-17680,LMC,RRab,0.487415,455.49898,,fundamental,37f3a90dab0c465e20550732146dffc84d76696e3d59772bfe435387155eac1f,photometry/OGLE-LMC-RRLYR-17680.dat,21240,885,4086.7948899999997,True,False,Exact duplicate folded phases
OGLE-LMC-RRLYR-17686,LMC,RRab,0.654953,455.1468,,fundamental,78a97f53de43baef852320fd8cfc0eb8d4ebac477822e0548b2c3781befe49e1,photometry/OGLE-LMC-RRLYR-17686.dat,22128,922,4086.8158800000006,True,False,Exact duplicate folded phases
OGLE-LMC-RRLYR-17698,LMC,RRab,0.5457341,2167.40552,,fundamental,cc42c99f8c63db9b09e3cb9094b3484e35270ddfe267432d413f51aaaacc9eba,photometry/OGLE-LMC-RRLYR-17698.dat,8160,340,2374.61397,True,False,Exact duplicate folded phases
OGLE-LMC-RRLYR-17716,LMC,RRab,0.6590666,455.5426,,fundamental,d31937abfbdddb059f1e1b5b6c61f687cc997a492731176cbe1ed85b4599351e,photometry/OGLE-LMC-RRLYR-17716.dat,21288,887,4086.8217799999998,True,False,Exact duplicate folded phases
OGLE-LMC-RRLYR-17756,LMC,RRab,0.633452,455.07053,,fundamental,aafd8ba4b33878cbea1ce73f0f4d8dc05acc608b5284552caf5a75a13068edf3,photometry/OGLE-LMC-RRLYR-17756.dat,22080,920,4086.8157900000006,True,False,Exact duplicate folded phases
OGLE-LMC-RRLYR-17795,LMC,RRab,0.52866,455.64121,,fundamental,a1447922eb089daaaf2954f855d3bb5c155d56b53a8860d7a6ff3401cda00c4f,photometry/OGLE-LMC-RRLYR-17795.dat,22056,919,4086.8152500000006,True,False,Exact duplicate folded phases
OGLE-LMC-RRLYR-17799,LMC,RRab,0.6561098,455.3939,,fundamental,583213fe8b31072b3d101cd454a260a58a6150c1727c6ba664f9de0c384b6556,photometry/OGLE-LMC-RRLYR-17799.dat,24432,1018,4086.8101400000005,True,False,Exact duplicate folded phases
OGLE-LMC-RRLYR-17830,LMC,RRd,0.3571424,455.42929,0.4802277,first overtone,e417f86998dca508bab4edef8fb642314d773e091fcf54fa2019d5fed3caf863,photometry/OGLE-LMC-RRLYR-17830.dat,22008,917,4086.8160800000005,True,False,Exact duplicate folded phases
OGLE-LMC-RRLYR-17961,LMC,RRe,0.2875454,2167.85306,,catalog RRe,e2f6ff2e9309a31578e82003ca65d1dbe2e7e1b112a69d4ac404c943c805b5b0,photometry/OGLE-LMC-RRLYR-17961.dat,12504,521,2374.6145100000003,True,False,Exact duplicate folded phases
OGLE-LMC-RRLYR-17970,LMC,RRab,0.527645,455.39386,,fundamental,759f5d5e1c5adff72b2d20459bdee3dd4a90a5d439c2dc539950c4c498bee850,photometry/OGLE-LMC-RRLYR-17970.dat,24000,1000,4086.8180500000003,True,False,Exact duplicate folded phases
OGLE-LMC-RRLYR-17986,LMC,RRab,0.5207184,455.4507,,fundamental,b245be7b44ab299d43aee435b316b29869af90320b82e0c3f8c0354cb9621fff,photometry/OGLE-LMC-RRLYR-17986.dat,22056,919,4086.8159100000003,True,False,Exact duplicate folded phases
OGLE-LMC-RRLYR-17987,LMC,RRab,0.578492,455.28563,,fundamental,d6401a41dc34c70e922f22891ab0e1cb74780f5270c0ceea1fcc0309d2f49ad3,photometry/OGLE-LMC-RRLYR-17987.dat,22056,919,4086.8164400000005,True,False,Exact duplicate folded phases
OGLE-LMC-RRLYR-18006,LMC,RRab,0.391051,2167.68303,,fundamental,6397eb881a9174a40c269becb1b598a39add0910d0264edb55b6020b31413f82,photometry/OGLE-LMC-RRLYR-18006.dat,12432,518,2374.6146599999997,True,False,Exact duplicate folded phases
OGLE-LMC-RRLYR-18020,LMC,RRc,0.3994542,455.66593,,first overtone,f7af915719f9c466aab18b98fbd1acadf96dbfb6d870ea4b246b9f846ce943e1,photometry/OGLE-LMC-RRLYR-18020.dat,21264,886,4086.82194,True,False,Exact duplicate folded phases
OGLE-LMC-RRLYR-18037,LMC,RRc,0.303857,455.57432,,first overtone,b8510a6b7ac19630fcf22db011d1b424b90873c5e597444aaf193b66778abc36,photometry/OGLE-LMC-RRLYR-18037.dat,21192,883,4086.8219099999997,True,False,Exact duplicate folded phases
OGLE-LMC-RRLYR-18094,LMC,RRab,0.565716,455.38454,,fundamental,37f85b3d38b0e38b495ac0fbf76633c51b97a3d48a00da87ba0d34269263f22a,photometry/OGLE-LMC-RRLYR-18094.dat,16752,698,4086.7951399999997,True,False,Exact duplicate folded phases
OGLE-LMC-RRLYR-18191,LMC,RRab,0.6435692,2167.66654,,fundamental,35d828be867917e587ae5e1d87285d4b72079d97b533d13a014b17ac8d0bbe2c,photometry/OGLE-LMC-RRLYR-18191.dat,8856,369,2374.6147899999996,True,False,Exact duplicate folded phases
OGLE-LMC-RRLYR-18205,LMC,RRab,0.5034565,455.69467,,fundamental,0396dc6c9ba30136c2c2d7699d0e8b6f1786163756d7df657c245157ddf52a81,photometry/OGLE-LMC-RRLYR-18205.dat,21288,887,4086.79499,True,False,Exact duplicate folded phases
OGLE-LMC-RRLYR-18236,LMC,RRe,0.2281906,455.47157,,catalog RRe,536223f32663498be9014846260ee472f59acb8aca54f7808a448d9ee50c81eb,photometry/OGLE-LMC-RRLYR-18236.dat,20784,866,4086.8172500000005,True,False,Exact duplicate folded phases
OGLE-LMC-RRLYR-18238,LMC,RRc,0.3143546,455.43964,,first overtone,500c525242fe84329c2e9206744e2a99043eacf3fadf6b70b193c18f7f52dbef,photometry/OGLE-LMC-RRLYR-18238.dat,21240,885,4086.8217099999997,True,False,Exact duplicate folded phases
OGLE-LMC-RRLYR-18253,LMC,RRc,0.3427196,2167.79894,,first overtone,22892ed25c99fa261f42c50122497bd78a47df6fd09a17398b0cd6f98c3a6b2a,photometry/OGLE-LMC-RRLYR-18253.dat,12576,524,2374.6146599999997,True,False,Exact duplicate folded phases
OGLE-LMC-RRLYR-18263,LMC,RRab,0.624778,455.11989,,fundamental,d5edb02fa0f658273f762a76270a3bcdd64a6d72ce8546eaed9e917f0266858e,photometry/OGLE-LMC-RRLYR-18263.dat,20448,852,4086.82172,True,False,Exact duplicate folded phases
OGLE-LMC-RRLYR-18266,LMC,RRab,0.5071548,455.4076,,fundamental,e00cb1451ddc00be3095cf3457e268d2e14893f3fec469218d4dcdfc34dc1d7b,photometry/OGLE-LMC-RRLYR-18266.dat,21096,879,4086.82165,True,False,Exact duplicate folded phases
OGLE-LMC-RRLYR-18287,LMC,RRab,0.5323685,455.49836,,fundamental,d8d82e130c912bcd3ff26590c506e1dbb94ec65d21c38d950e5845683227dd37,photometry/OGLE-LMC-RRLYR-18287.dat,22128,922,4086.81746,True,False,Exact duplicate folded phases
OGLE-LMC-RRLYR-18295,LMC,RRc,0.3296055,455.54581,,first overtone,e6f9708af7c64aa847210842c99a18ed12d00b740b473b2494b53f9e43fb69fb,photometry/OGLE-LMC-RRLYR-18295.dat,23640,985,4086.8101600000005,True,False,Exact duplicate folded phases
OGLE-LMC-RRLYR-18316,LMC,RRc,0.3310805,455.40825,,first overtone,a60d5546a0d9c8f7d16b4bfaed2aa4787fa819a03af0563007d94e9fa0ddfc67,photometry/OGLE-LMC-RRLYR-18316.dat,21192,883,4086.8216899999998,True,False,Exact duplicate folded phases
OGLE-LMC-RRLYR-18369,LMC,RRab,0.5192115,455.34173,,fundamental,819ab10ae3b1adaf134aeaa731ac23825796cb96012dc9dea77782118cbe26cc,photometry/OGLE-LMC-RRLYR-18369.dat,22080,920,4086.8156000000004,True,False,Exact duplicate folded phases
OGLE-LMC-RRLYR-18378,LMC,RRc,0.339405,2167.85546,,first overtone,77dc9db0219c6284510bd522b5eec63c5083123b3c9f5ae0f210e4367b520721,photometry/OGLE-LMC-RRLYR-18378.dat,12552,523,2374.6146599999997,True,False,Exact duplicate folded phases
OGLE-LMC-RRLYR-18387,LMC,RRab,0.59876,455.59254,,fundamental,05d9ebf1f0d8303c9e31806e24cf3b71b7ebf1e79cabe4b5ed0d57686e950fba,photometry/OGLE-LMC-RRLYR-18387.dat,27336,1139,4086.82154,True,False,Exact duplicate folded phases
OGLE-LMC-RRLYR-18453,LMC,RRab,0.548498,455.34849,,fundamental,116a9ce68b77af85960f56ac906f3d29bd97810191bb2545d0a3dd14e549d7f8,photometry/OGLE-LMC-RRLYR-18453.dat,21024,876,4086.8155600000005,True,False,Exact duplicate folded phases
OGLE-LMC-RRLYR-18484,LMC,RRab,0.6100204,455.30629,,fundamental,c906fadbf5f300767101e0aeab28d8342036bcb19b33b139c7494565ad932539,photometry/OGLE-LMC-RRLYR-18484.dat,25104,1046,4086.81041,True,False,Exact duplicate folded phases
OGLE-LMC-RRLYR-18499,LMC,RRc,0.3500975,2167.79049,,first overtone,7a84df1ea4b2f5fadc074b012c1a9ae652c388d7e17af321b300bf7e517523d4,photometry/OGLE-LMC-RRLYR-18499.dat,12504,521,2374.6145100000003,True,False,Exact duplicate folded phases
OGLE-LMC-RRLYR-18546,LMC,RRab,0.5960775,455.5846,,fundamental,3663d9405c6cb7f27886b267be063181e66d3ffd0466e2b6b4028d5d85363c6a,photometry/OGLE-LMC-RRLYR-18546.dat,27336,1139,4086.8156500000005,True,False,Exact duplicate folded phases
OGLE-LMC-RRLYR-18581,LMC,RRab,0.6605065,455.32917,,fundamental,920cf8ef1d782342fd609d35c13dbca894984e67805ba227799c3950de86f4fe,photometry/OGLE-LMC-RRLYR-18581.dat,29472,1228,4086.8178800000005,True,False,Exact duplicate folded phases
OGLE-LMC-RRLYR-18600,LMC,RRd,0.3583256,2167.86256,0.4812767,first overtone,861484ab98956cd062d2741f59a2a22b83142ab604f88d5f3b771d60a5add992,photometry/OGLE-LMC-RRLYR-18600.dat,12312,513,2374.6146599999997,True,False,Exact duplicate folded phases
OGLE-LMC-RRLYR-18627,LMC,RRe,0.2749688,455.47736,,catalog RRe,d260d87021353ca2746370a3d43bdba6b4480a342b8d2bb452a7a17fea5d40e8,photometry/OGLE-LMC-RRLYR-18627.dat,15816,659,4086.81288,True,False,Exact duplicate folded phases
OGLE-LMC-RRLYR-18775,LMC,RRc,0.3175252,2167.6163,,first overtone,bda36d3d90efee7e4fe4b360879dae03b02409ce9cd1b2168d204ded2279cc6d,photometry/OGLE-LMC-RRLYR-18775.dat,8904,371,2374.6147899999996,True,False,Exact duplicate folded phases
OGLE-LMC-RRLYR-18799,LMC,RRab,0.6121568,2167.53845,,fundamental,44f34ceaa8242d1cbdac07001e060f7d5bbc8c1c28ef7d7aa656f5798cbe5fc6,photometry/OGLE-LMC-RRLYR-18799.dat,10392,433,2374.6145100000003,True,False,Exact duplicate folded phases
OGLE-LMC-RRLYR-18800,LMC,RRc,0.3462304,455.53727,,first overtone,352222d1628afe9b47f7cbe181ea1728ce4f5291f31a5fd5984cf8d982126c5a,photometry/OGLE-LMC-RRLYR-18800.dat,25584,1066,4086.8109099999997,True,False,Exact duplicate folded phases
OGLE-LMC-RRLYR-18804,LMC,RRd,0.3628575,2167.73589,0.4871077,first overtone,9c8dc9f369d6d53d399d805b81545cbae3aeecc76be80304373bf155e049c621,photometry/OGLE-LMC-RRLYR-18804.dat,12576,524,2374.6146599999997,True,False,Exact duplicate folded phases
OGLE-LMC-RRLYR-18839,LMC,RRab,0.536915,455.63858,,fundamental,8c9bc2252ce098eae88d7a88a72baa163fb436b862fe18e587a421a3672643f9,photometry/OGLE-LMC-RRLYR-18839.dat,17592,733,4086.8131,True,False,Exact duplicate folded phases
OGLE-LMC-RRLYR-18866,LMC,RRab,0.580322,455.28814,,fundamental,a63a014d6e5f0af3f0f3af31506feaa9e78de89dbb5e79dd7faaed5e649e93fc,photometry/OGLE-LMC-RRLYR-18866.dat,18408,767,4086.80515,True,False,Exact duplicate folded phases
OGLE-LMC-RRLYR-18877,LMC,RRab,0.549522,2167.50823,,fundamental,3632a921b109bf6516010e290a51c884a42fb0ff2445adbdd528cee4e61389bf,photometry/OGLE-LMC-RRLYR-18877.dat,12432,518,2374.6145100000003,True,False,Exact duplicate folded phases
OGLE-LMC-RRLYR-18885,LMC,RRc,0.395326,455.51103,,first overtone,da8cb21fbd4c0798eb3c9f8507df2d59a526305a730e6f9d1660a67cbfafe8df,photometry/OGLE-LMC-RRLYR-18885.dat,17568,732,4086.8132699999996,True,False,Exact duplicate folded phases
OGLE-LMC-RRLYR-18891,LMC,RRe,0.2678775,455.60918,,catalog RRe,0d9da23b296e49a00d66277d6d40d54740deab47a7b9fe85630ace0e01a83a7d,photometry/OGLE-LMC-RRLYR-18891.dat,17352,723,4086.81285,True,False,Exact duplicate folded phases
OGLE-LMC-RRLYR-18913,LMC,RRab,0.594186,455.13041,,fundamental,9c9091cf64a9b510cad95f3f0d7508b13f73c26a718418f77327f28807d9fbb4,photometry/OGLE-LMC-RRLYR-18913.dat,17568,732,4086.8111099999996,True,False,Exact duplicate folded phases
OGLE-LMC-RRLYR-18919,LMC,RRd,0.3352594,455.6849,0.4521536,first overtone,17d149ff776c2398b9c4ea01d85384e47cdc9f918ad986d814b90578aea9f904,photometry/OGLE-LMC-RRLYR-18919.dat,18408,767,4086.8048100000005,True,False,Exact duplicate folded phases
OGLE-LMC-RRLYR-19043,LMC,RRab,0.6220393,2167.41531,,fundamental,9e4c9361809a2d4968cf7f53d02c7191c19e9245724a4c9ebf7d2e1c8d96baf6,photometry/OGLE-LMC-RRLYR-19043.dat,12432,518,2374.6145100000003,True,False,Exact duplicate folded phases
OGLE-LMC-RRLYR-19047,LMC,RRab,0.4751295,455.50497,,fundamental,8cc21129397ca2a594db712aba56ae806a32598e3091930b8e4d67eef25b8f9c,photometry/OGLE-LMC-RRLYR-19047.dat,17544,731,4086.8113099999996,True,False,Exact duplicate folded phases
OGLE-LMC-RRLYR-19051,LMC,RRab,0.6205951,2167.46027,,fundamental,3044cc35363ace7ddfc6fcd5b315120865617fc22bf2c31238796fabbd8cd5d9,photometry/OGLE-LMC-RRLYR-19051.dat,9456,394,2374.6144200000003,True,False,Exact duplicate folded phases
OGLE-LMC-RRLYR-19126,LMC,RRab,0.54062,455.16997,,fundamental,fc6945ae2186c25dfa27a451f687c0e1482660b6ccd6119d79e27aecaa7e283a,photometry/OGLE-LMC-RRLYR-19126.dat,18432,768,4086.8073200000003,True,False,Exact duplicate folded phases
OGLE-LMC-RRLYR-19141,LMC,RRe,0.2532872,455.6331,,catalog RRe,2a759dbaaa96578a5d669bda727fa18deb923bdc1a5216a9d8a7bc6208a67f3f,photometry/OGLE-LMC-RRLYR-19141.dat,18312,763,4086.80477,True,False,Exact duplicate folded phases
OGLE-LMC-RRLYR-19150,LMC,RRab,0.5810721,2167.71961,,fundamental,2665d7d672ba4d5a9351061e3316bff2590e99eb08a5b0844f6c5113fa7b58a0,photometry/OGLE-LMC-RRLYR-19150.dat,24480,1020,2374.61821,True,False,Exact duplicate folded phases
OGLE-LMC-RRLYR-19168,LMC,RRc,0.3067855,2167.61459,,first overtone,045b09d45bf2fa0b862e05839ec15c8a1ef535502f64890f3af0a07a9405970a,photometry/OGLE-LMC-RRLYR-19168.dat,12504,521,2374.6145100000003,True,False,Exact duplicate folded phases
OGLE-LMC-RRLYR-19172,LMC,RRc,0.316043,455.44438,,first overtone,a7239bf6493cf25321813d138da323799509a2d2cca49bdcb371f16fe3e00859,photometry/OGLE-LMC-RRLYR-19172.dat,17520,730,4086.81211,True,False,Exact duplicate folded phases
OGLE-LMC-RRLYR-19207,LMC,RRe,0.2932083,455.65202,,catalog RRe,d8867ad484608b3dd48e601d9ce76bff343244c63b6881a4753201d6aeeebad0,photometry/OGLE-LMC-RRLYR-19207.dat,18240,760,4086.80702,True,False,Exact duplicate folded phases
OGLE-LMC-RRLYR-19211,LMC,RRd,0.3670356,2167.80576,0.4921427,first overtone,750645b0f3a8979f7adbfcc88fa1d269605d0159d0e74841698dc05ebfef4bc6,photometry/OGLE-LMC-RRLYR-19211.dat,8448,352,2374.61397,True,False,Exact duplicate folded phases
OGLE-LMC-RRLYR-19249,LMC,RRd,0.357778,459.64075,0.4810165,first overtone,cb4d457bd07f71a9bcf0d97a0223c7b302abf1a59ed999b343673f1a7c228dc9,photometry/OGLE-LMC-RRLYR-19249.dat,15096,629,4082.66965,True,False,Exact duplicate folded phases
OGLE-LMC-RRLYR-19258,LMC,RRe,0.2342425,2167.81585,,catalog RRe,871b534d3849a405ed42ac9d08d3479946b7534f2a74c361d1a58006ab47c02f,photometry/OGLE-LMC-RRLYR-19258.dat,12504,521,2374.6145100000003,True,False,Exact duplicate folded phases
OGLE-LMC-RRLYR-19303,LMC,RRc,0.318597,455.50628,,first overtone,76f8102b8152677790ec8b317052a4cb45b4fd6c125647b27cd1e0c09d691908,photometry/OGLE-LMC-RRLYR-19303.dat,17040,710,4086.81315,True,False,Exact duplicate folded phases
OGLE-LMC-RRLYR-19314,LMC,RRab,0.576694,2167.70879,,fundamental,42af622d0bbc291334b679673c6661a1344b1626a3b20c6e0dcdc134865e39d6,photometry/OGLE-LMC-RRLYR-19314.dat,12480,520,2374.6145100000003,True,False,Exact duplicate folded phases
OGLE-LMC-RRLYR-19334,LMC,RRab,0.6475214,455.118,,fundamental,409beebe342f812f06a9a7e688a7eedabaa5e21fe9569a7e84f5fdd88b71ab2e,photometry/OGLE-LMC-RRLYR-19334.dat,14088,587,4016.90054,True,False,Exact duplicate folded phases
OGLE-LMC-RRLYR-19356,LMC,RRab,0.5362268,2167.52276,,fundamental,4f1767b0b82ee7c471cb0e617569fd5b66fbd0d831fd429c55cefa6dcf813594,photometry/OGLE-LMC-RRLYR-19356.dat,12552,523,2374.6146599999997,True,False,Exact duplicate folded phases
OGLE-LMC-RRLYR-19366,LMC,RRab,0.5173844,2167.88656,,fundamental,083d03a60ec0e566bd46c919e33e77487e2a7e0542621e8e02dd9994b399d414,photometry/OGLE-LMC-RRLYR-19366.dat,19248,802,2374.61765,True,False,Exact duplicate folded phases
OGLE-LMC-RRLYR-19384,LMC,RRd,0.34866,455.54115,0.4687752,first overtone,a874d0892671f09007a85f50667d55d8cc9cb607d27c72225b6c32b95bf0a7b7,photometry/OGLE-LMC-RRLYR-19384.dat,17352,723,4086.8125299999997,True,False,Exact duplicate folded phases
OGLE-LMC-RRLYR-19446,LMC,RRe,0.2629509,455.44036,,catalog RRe,f481868bcd327413e560acea0faca4fb50e6e879ab772ad63fef251177fc4acb,photometry/OGLE-LMC-RRLYR-19446.dat,17520,730,4086.81171,True,False,Exact duplicate folded phases
OGLE-LMC-RRLYR-19449,LMC,RRab,0.587316,455.5793,,fundamental,32bea92f16f0a3edc5c780009a6fd11c23ac6d72c831fe9a2a27cede88ff4181,photometry/OGLE-LMC-RRLYR-19449.dat,18456,769,4086.80576,True,False,Exact duplicate folded phases
OGLE-LMC-RRLYR-19457,LMC,RRab,0.6421832,2167.67455,,fundamental,cc5f7b5f0eb32116a2c98323c6115a66012efd2efdd8e90298d0f10aee1036e3,photometry/OGLE-LMC-RRLYR-19457.dat,20568,857,2374.6523999999995,True,False,Exact duplicate folded phases
OGLE-LMC-RRLYR-19461,LMC,RRab,0.5058945,2167.5613,,fundamental,f2d6fac936f4f6f2c4a48664450f2b3931f6de78a6d6e4207b270c94122c746a,photometry/OGLE-LMC-RRLYR-19461.dat,21120,880,2374.6523999999995,True,False,Exact duplicate folded phases
OGLE-LMC-RRLYR-19505,LMC,RRc,0.4058183,455.52001,,first overtone,d42454961f70f4518051107b7543b8ad644b231f9f764d7d11c5e83643284a1f,photometry/OGLE-LMC-RRLYR-19505.dat,23256,969,4086.8072200000006,True,False,Exact duplicate folded phases
OGLE-LMC-RRLYR-19507,LMC,RRab,0.530509,2167.73955,,fundamental,9396b8682b8d015787c02aec4f037cc37d1485de8e047362dd7eba53eb526e21,photometry/OGLE-LMC-RRLYR-19507.dat,12504,521,2374.6145100000003,True,False,Exact duplicate folded phases
OGLE-LMC-RRLYR-19511,LMC,RRc,0.348626,455.60832,,first overtone,8281bed64548df69d03812f354361249759a6412fa09a1c89b2b13bd68d2076f,photometry/OGLE-LMC-RRLYR-19511.dat,23976,999,4086.8073900000004,True,False,Exact duplicate folded phases
OGLE-LMC-RRLYR-19539,LMC,RRd,0.34816,455.66422,0.4687866,first overtone,b2823b580c74ccebe446b8df1ddced19732cb23e4f12db4c18603baf02cf5aa4,photometry/OGLE-LMC-RRLYR-19539.dat,24696,1029,4086.8049900000005,True,False,Exact duplicate folded phases
OGLE-LMC-RRLYR-19603,LMC,RRc,0.35853,459.40127,,first overtone,14061f55d8b57a0bfa9d83ab615bd2466744e6c6f61a4bae4c6ac14828955dc7,photometry/OGLE-LMC-RRLYR-19603.dat,22008,917,4082.86945,True,False,Exact duplicate folded phases
OGLE-LMC-RRLYR-19604,LMC,RRab,0.6273544,455.40365,,fundamental,ec1ac63787b169fc6fed505c15d773e708290c54f719543507b1597cb88a0c26,photometry/OGLE-LMC-RRLYR-19604.dat,22104,921,4086.8129,True,False,Exact duplicate folded phases
OGLE-LMC-RRLYR-19656,LMC,RRc,0.354633,2167.53634,,first overtone,1bf6f3363becbf287f010cac01445700fc18fb7cf8a016e1bbc6a830f622958f,photometry/OGLE-LMC-RRLYR-19656.dat,20880,870,2374.6522800000002,True,False,Exact duplicate folded phases
OGLE-LMC-RRLYR-19677,LMC,RRc,0.3601965,726.82632,,first overtone,a9fe662a287959c223967cc3fffaada92daf8cb50809045c1c5aa3befc396c10,photometry/OGLE-LMC-RRLYR-19677.dat,16824,701,3815.68159,True,False,Exact duplicate folded phases
OGLE-LMC-RRLYR-19812,LMC,RRab,0.657308,726.47935,,fundamental,5c88355953c4c058b58b0a9735550237a79aaff2fe32c7986e64d59e922f7089,photometry/OGLE-LMC-RRLYR-19812.dat,24984,1041,3815.72066,True,False,Exact duplicate folded phases
OGLE-LMC-RRLYR-19824,LMC,RRab,0.5405595,2167.77763,,fundamental,bbb29f7d8c369185e388da10f7345cdef8ab2f22d22f3f7c811e5bdb226cd9e6,photometry/OGLE-LMC-RRLYR-19824.dat,11880,495,2374.61407,True,False,Exact duplicate folded phases
OGLE-LMC-RRLYR-19875,LMC,RRab,0.47474,726.41283,,fundamental,7f67df59bfb660c9bfaa62c731d6319253de56a8f309c08324cd47aeaa4a5d6c,photometry/OGLE-LMC-RRLYR-19875.dat,15984,666,3815.6879999999996,True,False,Exact duplicate folded phases
OGLE-LMC-RRLYR-19921,LMC,RRab,0.703752,726.16934,,fundamental,1829a622c1c8ce5dfc253463402789a061dc58122abf87bf2a1e43c61895f82c,photometry/OGLE-LMC-RRLYR-19921.dat,16032,668,3815.7194,True,False,Exact duplicate folded phases
OGLE-LMC-RRLYR-19930,LMC,RRab,0.629715,726.33556,,fundamental,982ae36063d0187ede65bdf7279b3a63147a37128bc18fa16904ca6d51314622,photometry/OGLE-LMC-RRLYR-19930.dat,22992,958,3815.7414,True,False,Exact duplicate folded phases
OGLE-LMC-RRLYR-19981,LMC,RRab,0.472265,726.53008,,fundamental,aa70970c7d070728d1c38aa75454d1032491d94c006d926aa530cf17d380b01e,photometry/OGLE-LMC-RRLYR-19981.dat,21816,909,3815.74131,True,False,Exact duplicate folded phases
OGLE-LMC-RRLYR-19982,LMC,RRab,0.53946,2187.68858,,fundamental,e572f15ff0df515bd50f31f4cd6c552c0fe78b2783bc66885b0f54dd62d225a8,photometry/OGLE-LMC-RRLYR-19982.dat,8592,358,2354.7742599999997,True,False,Exact duplicate folded phases
OGLE-LMC-RRLYR-19985,LMC,RRab,0.6550725,726.75821,,fundamental,c087392f14f82e453f7215bfe8d0b168f22f025993aea4021c4e2ed60d6648e3,photometry/OGLE-LMC-RRLYR-19985.dat,23424,976,3815.74243,True,False,Exact duplicate folded phases
OGLE-LMC-RRLYR-20013,LMC,RRc,0.3003536,726.69656,,first overtone,53af8bd44997e069383b462d7a82c35bcc4325d737b4b25d28ac8b386ef47d22,photometry/OGLE-LMC-RRLYR-20013.dat,16008,667,3815.7196400000003,True,False,Exact duplicate folded phases
OGLE-LMC-RRLYR-20085,LMC,RRab,0.6134345,2167.40781,,fundamental,f72cf063aefacee28d4cbe9f4a3b22eced368ed0649a2d6bf059011611481361,photometry/OGLE-LMC-RRLYR-20085.dat,11880,495,2374.61407,True,False,Exact duplicate folded phases
OGLE-LMC-RRLYR-20128,LMC,RRe,0.2808684,726.6483,,catalog RRe,f08a1750e0dd08447786b7a28cf8bceaa079c1ddfd025fae822e70ca5391a11d,photometry/OGLE-LMC-RRLYR-20128.dat,15480,645,3815.71994,True,False,Exact duplicate folded phases
OGLE-LMC-RRLYR-20135,LMC,RRab,0.440415,2167.7087,,fundamental,81c8af85b5524a87b77b98213b10ec3a4908622167ecafd69733c39a26336525,photometry/OGLE-LMC-RRLYR-20135.dat,20256,844,2374.6496300000003,True,False,Exact duplicate folded phases
OGLE-LMC-RRLYR-20144,LMC,RRc,0.3001035,726.80218,,first overtone,a572d2979209882206c41b25b5f16924c9bb974f613495a58c2f48e6bd791015,photometry/OGLE-LMC-RRLYR-20144.dat,14736,614,3815.7192,True,False,Exact duplicate folded phases
OGLE-LMC-RRLYR-20206,LMC,RRab,0.6437598,726.43927,,fundamental,5b7f1b7d93cd1562a88e7781b9f5e102ce0a86791d7c05fdc873e8b3fa305852,photometry/OGLE-LMC-RRLYR-20206.dat,15912,663,3815.72015,True,False,Exact duplicate folded phases
OGLE-LMC-RRLYR-20293,LMC,RRc,0.3449094,726.76598,,first overtone,d39b0599780da1c6b8f5c23151daeb8a2d8a19b584d104e58e7cc010fc432f77,photometry/OGLE-LMC-RRLYR-20293.dat,15720,655,3815.74157,True,False,Exact duplicate folded phases
OGLE-LMC-RRLYR-20296,LMC,RRab,0.57781,2187.21566,,fundamental,6ddda0942264c3e248a0e27550b509511f930d99960e47044451ba7779e106f9,photometry/OGLE-LMC-RRLYR-20296.dat,8088,337,2354.7727199999995,True,False,Exact duplicate folded phases
OGLE-LMC-RRLYR-20324,LMC,RRc,0.3178624,2187.48693,,first overtone,abd5a906ca5003a2e88212def6f3d11196a3741db80144a14fc6822e88f9adbd,photometry/OGLE-LMC-RRLYR-20324.dat,8520,355,2354.7742599999997,True,False,Exact duplicate folded phases
OGLE-LMC-RRLYR-20331,LMC,RRab,0.585712,726.29493,,fundamental,6545162d9a2640eee56a0cc88dfd2f3b2ca9bd635128d7d0f0cdfa7bfab5ffb5,photometry/OGLE-LMC-RRLYR-20331.dat,15840,660,3815.72041,True,False,Exact duplicate folded phases
OGLE-LMC-RRLYR-20393,LMC,RRd,0.3528404,2187.51251,0.4739589,first overtone,3ab73b6fddc1af88f1ee742a02af66c735fa7b81c1335d24135c6a524489a8c4,photometry/OGLE-LMC-RRLYR-20393.dat,6456,269,2354.7727199999995,True,False,Exact duplicate folded phases
OGLE-LMC-RRLYR-20416,LMC,RRab,0.5480801,299.46441,,fundamental,ba02ada4ab8f963928b407c1cbfc2a61249cdb50ba71f4c4384c0bb0a12d9306,photometry/OGLE-LMC-RRLYR-20416.dat,576,24,2072.0037700000003,True,False,Fewer than 30 original observations
OGLE-LMC-RRLYR-20440,LMC,RRab,0.610235,726.36313,,fundamental,984418cf69d3b74af211083d1e040b98bba4bece26c405c8f62abdef2944349f,photometry/OGLE-LMC-RRLYR-20440.dat,22272,928,3815.71987,True,False,Exact duplicate folded phases
OGLE-LMC-RRLYR-20586,LMC,RRab,0.6612425,2187.48204,,fundamental,0f952f550794254294d632498b5476f6d94c0e43de87f0871e025b9814647e15,photometry/OGLE-LMC-RRLYR-20586.dat,8352,348,2354.77518,True,False,Exact duplicate folded phases
OGLE-LMC-RRLYR-20646,LMC,RRab,0.5993166,726.59478,,fundamental,167147e206f74dc2d740acc82df3ec6c635ff072554bba8efa9d00754ae00378,photometry/OGLE-LMC-RRLYR-20646.dat,14952,623,3815.73191,True,False,Exact duplicate folded phases
OGLE-LMC-RRLYR-20661,LMC,RRab,0.56783,726.42576,,fundamental,b434696539017378e787fd5451b0f33e6ea2641b11a19dd145bc07473ee67dd4,photometry/OGLE-LMC-RRLYR-20661.dat,15144,631,3815.7122600000002,True,False,Exact duplicate folded phases
OGLE-LMC-RRLYR-20754,LMC,RRc,0.337737,726.64937,,first overtone,7b8ee2aaf133c1f131292ab9fe7d8de3b7fe793fba5cb157e44df04ce89ba0a5,photometry/OGLE-LMC-RRLYR-20754.dat,15144,631,3815.7109,True,False,Exact duplicate folded phases
OGLE-LMC-RRLYR-20777,LMC,RRab,0.2682072,2187.65564,,fundamental,0392125c085c572d5f2b158354e663e278996c4a76655f9b5b389126de38beaa,photometry/OGLE-LMC-RRLYR-20777.dat,15576,649,2354.78227,True,False,Exact duplicate folded phases
OGLE-LMC-RRLYR-20788,LMC,RRc,0.3095065,2187.7343,,first overtone,e487fcfd63617c631fde9f32712882ee12a527dca1908493f78ada531fbb45e9,photometry/OGLE-LMC-RRLYR-20788.dat,8544,356,2354.7741600000004,True,False,Exact duplicate folded phases
OGLE-LMC-RRLYR-20806,LMC,RRab,0.4772525,726.39209,,fundamental,5a0a5b7323badedfdd20cb3b30ecfb3ff1dad87a2d3457ee29c712901bf36afe,photometry/OGLE-LMC-RRLYR-20806.dat,14976,624,3815.7329799999998,True,False,Exact duplicate folded phases
OGLE-LMC-RRLYR-20824,LMC,RRab,0.61477,2187.27866,,fundamental,30ff08860ffe3e70dcfdba324090cfbffa3410705e1c3ce02152dd4d451e2f7c,photometry/OGLE-LMC-RRLYR-20824.dat,8568,357,2354.7742599999997,True,False,Exact duplicate folded phases
OGLE-LMC-RRLYR-20860,LMC,RRc,0.34027,2187.57257,,first overtone,7a7d5cf65c4224e66112c9fabf1c0b818ea2608fb1ce483b2a22e8ab3a7e1d18,photometry/OGLE-LMC-RRLYR-20860.dat,7920,330,2354.7752800000003,True,False,Exact duplicate folded phases
OGLE-LMC-RRLYR-20953,LMC,RRab,0.6266825,726.64918,,fundamental,4a51319844487f92bcebaf24a58616f02988d9d9fb109e58361b2d750b089077,photometry/OGLE-LMC-RRLYR-20953.dat,14376,599,3815.7337399999997,True,False,Exact duplicate folded phases
OGLE-LMC-RRLYR-20972,LMC,RRc,0.3004172,2187.50242,,first overtone,563a9b1c987d3bbb549974dde182182bd77067ec9a05e2caa0251f8acbf5bd90,photometry/OGLE-LMC-RRLYR-20972.dat,8568,357,2354.7742599999997,True,False,Exact duplicate folded phases
OGLE-LMC-RRLYR-20987,LMC,RRc,0.3606705,726.6437,,first overtone,16468f44963703e1d6157d2f2a3615410b0267669995677a415a6eef1e9a74b9,photometry/OGLE-LMC-RRLYR-20987.dat,13488,562,3815.7331799999997,True,False,Exact duplicate folded phases
OGLE-LMC-RRLYR-21090,LMC,RRc,0.338405,726.57675,,first overtone,c78a11a9ebb77a8e2adce058b0157b7df31e2583ed12bd9ef1d7aa6188779c24,photometry/OGLE-LMC-RRLYR-21090.dat,15168,632,3815.7112,True,False,Exact duplicate folded phases
OGLE-LMC-RRLYR-21092,LMC,RRc,0.3555973,2187.58149,,first overtone,51a23f421717ad03703b4012a281dd33a9db4df9331dcbe1f47b9c3b3b73974e,photometry/OGLE-LMC-RRLYR-21092.dat,8568,357,2354.7742599999997,True,False,Exact duplicate folded phases
OGLE-LMC-RRLYR-21128,LMC,RRc,0.327669,726.71821,,first overtone,046718a0a1f49040eb5a5dd1eadaccf2787de36b57a954980974636cbac11f9c,photometry/OGLE-LMC-RRLYR-21128.dat,14832,618,3815.7347999999997,True,False,Exact duplicate folded phases
OGLE-LMC-RRLYR-21155,LMC,RRab,0.506917,726.51332,,fundamental,d0d8cc9fed63bc79a2a4666de72b8dba40489e9e9a41ff37fb923946dd522b4c,photometry/OGLE-LMC-RRLYR-21155.dat,15168,632,3815.71182,True,False,Exact duplicate folded phases
OGLE-LMC-RRLYR-21173,LMC,RRab,0.54526,726.47328,,fundamental,72d2d147682f799b04dd0c940b4ae6eed4e422c19566369f9489dde91b1864a0,photometry/OGLE-LMC-RRLYR-21173.dat,19152,798,3815.73423,True,False,Exact duplicate folded phases
OGLE-LMC-RRLYR-21228,LMC,RRab,0.615686,726.46542,,fundamental,48e1385d53b466afe994a7d876bd642b554be1d310bfb3d8088d791aac688239,photometry/OGLE-LMC-RRLYR-21228.dat,21192,883,3815.73517,True,False,Exact duplicate folded phases
OGLE-LMC-RRLYR-21255,LMC,RRe,0.26253,726.67401,,catalog RRe,afed27d6923517ea907c3bf22d68d19c42eb888e474990061b1bbedf07ef7ecd,photometry/OGLE-LMC-RRLYR-21255.dat,15096,629,3815.72525,True,False,Exact duplicate folded phases
OGLE-LMC-RRLYR-21267,LMC,RRe,0.2955346,726.72151,,catalog RRe,795e8bc662eca74fcd15a8b3f3b4521208017442832cef7cbb5786c02e9a4481,photometry/OGLE-LMC-RRLYR-21267.dat,14712,613,3815.72288,True,False,Exact duplicate folded phases
OGLE-LMC-RRLYR-21289,LMC,RRc,0.325464,726.53253,,first overtone,67760cc2df5ddaee0f74a879814933b1bbce9aaa8664508df6394db93fba0704,photometry/OGLE-LMC-RRLYR-21289.dat,15072,628,3815.7230499999996,True,False,Exact duplicate folded phases
OGLE-LMC-RRLYR-21296,LMC,RRab,0.530419,726.62018,,fundamental,1d2de35cb9398ac227518f8a637141797efd20c9670cb6ae82fa7bbdc3cc80c0,photometry/OGLE-LMC-RRLYR-21296.dat,15312,638,3815.70258,True,False,Exact duplicate folded phases
OGLE-LMC-RRLYR-21354,LMC,RRab,0.470925,2187.66464,,fundamental,fa86ae76ea67598ed3af5acc547438f3862c61da05f5e73a3c0f415bdf83121e,photometry/OGLE-LMC-RRLYR-21354.dat,8016,334,2354.77518,True,False,Exact duplicate folded phases
OGLE-LMC-RRLYR-21367,LMC,RRc,0.3029117,726.67977,,first overtone,dc74e96c32d06e041e54541bdd84f4eeba630769276146fbaa473ecfc9ca178c,photometry/OGLE-LMC-RRLYR-21367.dat,15048,627,3815.72505,True,False,Exact duplicate folded phases
OGLE-LMC-RRLYR-21392,LMC,RRab,0.5685061,726.40217,,fundamental,4ccc722d926ba09a00faec896fa010e3342f267d199a8b71aac69e00ff70c1f0,photometry/OGLE-LMC-RRLYR-21392.dat,13200,550,3815.7247199999997,True,False,Exact duplicate folded phases
OGLE-LMC-RRLYR-21412,LMC,RRab,0.5653188,726.72627,,fundamental,65680f06c3ea6b2b617169900932ffdb2bb338ef96183eb1bbfc4abb2c097d6d,photometry/OGLE-LMC-RRLYR-21412.dat,15072,628,3815.7231899999997,True,False,Exact duplicate folded phases
OGLE-LMC-RRLYR-21462,LMC,RRc,0.290516,2187.64771,,first overtone,af85d42e9a600f49793b7a8c541bb65e6ac23ba584988a9d364dc6ade82df3ac,photometry/OGLE-LMC-RRLYR-21462.dat,7608,317,2354.7742599999997,True,False,Exact duplicate folded phases
OGLE-LMC-RRLYR-21504,LMC,RRc,0.4142255,726.48352,,first overtone,53f529080faa9b6ce5538f74e67acf67b8b71f243d37fd833c69a85b5ffb3a1b,photometry/OGLE-LMC-RRLYR-21504.dat,15048,627,3815.72441,True,False,Exact duplicate folded phases
OGLE-LMC-RRLYR-21538,LMC,RRab,0.6284964,2187.1845,,fundamental,15c07f87652c617f9a7871205306f7956b0cf662a7faf6fbb09255b3053e3018,photometry/OGLE-LMC-RRLYR-21538.dat,8520,355,2354.7741600000004,True,False,Exact duplicate folded phases
OGLE-LMC-RRLYR-21570,LMC,RRab,0.63551,726.34024,,fundamental,42117a2201104f957bb06b5450e612662b80469151308e3696b0533cda6835d2,photometry/OGLE-LMC-RRLYR-21570.dat,15072,628,3815.7245399999997,True,False,Exact duplicate folded phases
OGLE-LMC-RRLYR-21601,LMC,RRc,0.340462,726.7915,,first overtone,418d466f86b364ccbf9f9dbb5e1c8cfe6849c4836022928988138459e625bd67,photometry/OGLE-LMC-RRLYR-21601.dat,15024,626,3815.7255099999998,True,False,Exact duplicate folded phases
OGLE-LMC-RRLYR-21640,LMC,RRd,0.34534,2187.56619,0.4647078,first overtone,c2845ba2187ad548f16ac055539ce0467d03c0ef1fea22448e3e7a5de4229c23,photometry/OGLE-LMC-RRLYR-21640.dat,8592,358,2354.77534,True,False,Exact duplicate folded phases
OGLE-LMC-RRLYR-21764,LMC,RRab,0.608015,2187.39962,,fundamental,ad7caa338464dbc38cdd92f158bc2524198daa28e989b6ce5797e89d7c5bc21c,photometry/OGLE-LMC-RRLYR-21764.dat,8616,359,2354.77534,True,False,Exact duplicate folded phases
OGLE-LMC-RRLYR-21772,LMC,RRc,0.317505,726.83833,,first overtone,6e811285d10b2989c9eb53b0b8bfa809c27aa1f60c8d95e78fa3f25fd1085164,photometry/OGLE-LMC-RRLYR-21772.dat,15048,627,3815.72345,True,False,Exact duplicate folded phases
OGLE-LMC-RRLYR-21779,LMC,RRab,0.5029648,2187.66455,,fundamental,594a37fff5ccba1de363a88a6b2afe9a9da243683b5c28ea1c8c337b4d7ccfba,photometry/OGLE-LMC-RRLYR-21779.dat,8424,351,2354.7752800000003,True,False,Exact duplicate folded phases
OGLE-LMC-RRLYR-21977,LMC,RRab,0.4225995,726.65718,,fundamental,c89ea6a2651f8eae1b5b7f10223a53ebfdf8ee6fdf51460f3d00c885a793672f,photometry/OGLE-LMC-RRLYR-21977.dat,18000,750,3815.71526,True,False,Exact duplicate folded phases
OGLE-LMC-RRLYR-22020,LMC,RRc,0.348495,726.75606,,first overtone,4124d93a751b3d428e024797e453007038f00647621372603f679d2ff90672a5,photometry/OGLE-LMC-RRLYR-22020.dat,21168,882,3815.7369500000004,True,False,Exact duplicate folded phases
OGLE-LMC-RRLYR-22067,LMC,RRab,0.648345,2187.56064,,fundamental,c757c5248b64ac93a79066cd8152093c9f9108063c4d3ee6204d50cb490dea90,photometry/OGLE-LMC-RRLYR-22067.dat,8472,353,2354.78367,True,False,Exact duplicate folded phases
OGLE-LMC-RRLYR-22080,LMC,RRc,0.39319,2187.49106,,first overtone,567c74674cc9259974deda5701598adc1b2bb32014a2a0c718fb5217c65ac5f7,photometry/OGLE-LMC-RRLYR-22080.dat,8448,352,2354.78345,True,False,Exact duplicate folded phases
OGLE-LMC-RRLYR-22147,LMC,RRc,0.29001,2187.72523,,first overtone,bd00c0e483562e90e5a46bfae917b7e37a8abd89bdad3f5f43f84ed4e6cae141,photometry/OGLE-LMC-RRLYR-22147.dat,6768,282,2354.78367,True,False,Exact duplicate folded phases
OGLE-LMC-RRLYR-22156,LMC,RRc,0.3988733,726.82068,,first overtone,46589de31f0a65dd79f3390108e9cee292ff52c9d5f854cd804c03a959e5c62a,photometry/OGLE-LMC-RRLYR-22156.dat,14688,612,3815.7385400000003,True,False,Exact duplicate folded phases
OGLE-LMC-RRLYR-22187,LMC,RRab,0.7738746,726.52185,,fundamental,f05f4ef36fb9b165cfb367124b178a8678f17491fe212abe6ce96acad91cdf09,photometry/OGLE-LMC-RRLYR-22187.dat,14208,592,3815.7396500000004,True,False,Exact duplicate folded phases
OGLE-LMC-RRLYR-22214,LMC,RRd,0.3565525,726.697,0.4790849,first overtone,d1e07f719b3cd8e3b0f8561963680c065d8a391cf09108a4620260b524252297,photometry/OGLE-LMC-RRLYR-22214.dat,14616,609,3815.7394600000002,True,False,Exact duplicate folded phases
OGLE-LMC-RRLYR-22259,LMC,RRab,0.576715,726.78837,,fundamental,cd690cf5513a597ab4eb13870e313f36c99216daa6b9e4519fb9f629e18da9c1,photometry/OGLE-LMC-RRLYR-22259.dat,14688,612,3815.7369400000002,True,False,Exact duplicate folded phases
OGLE-LMC-RRLYR-22302,LMC,RRab,0.445357,729.65017,,fundamental,d9a7460bb945ce1d4c541a2a6f074ebddfa45e091002dfa9edfe09e865c381c1,photometry/OGLE-LMC-RRLYR-22302.dat,12816,534,3812.84414,True,False,Exact duplicate folded phases
OGLE-LMC-RRLYR-22389,LMC,RRab,0.6287075,726.74761,,fundamental,748ef3c4030cff85d9c79686c31b0b487e12f8d27e4bf949825b835a8e06bc7a,photometry/OGLE-LMC-RRLYR-22389.dat,14880,620,3815.74476,True,False,Exact duplicate folded phases
OGLE-LMC-RRLYR-22513,LMC,RRab,0.48928,726.83603,,fundamental,bcf3da2c19a38e4457dbc633b35586e6454be707e6f589a81fedefd82b75c015,photometry/OGLE-LMC-RRLYR-22513.dat,14904,621,3815.73696,True,False,Exact duplicate folded phases
OGLE-LMC-RRLYR-22580,LMC,RRc,0.359797,2187.71832,,first overtone,0cae74e41954ca1fe0feb199a23f8d79e29a9deab9d9e71d4e5b70edabab3f36,photometry/OGLE-LMC-RRLYR-22580.dat,8016,334,2354.78299,True,False,Exact duplicate folded phases
OGLE-LMC-RRLYR-22777,LMC,RRc,0.35839,726.76027,,first overtone,6b50af319bf40d5b99661fea7f76307979ef39224b530d140003716fbcbf59c4,photometry/OGLE-LMC-RRLYR-22777.dat,13488,562,3815.7308600000006,True,False,Exact duplicate folded phases
OGLE-LMC-RRLYR-22785,LMC,RRc,0.327582,726.69483,,first overtone,daa9b40fb786049f2b2c6957cab23e389dc586868745fd93cf1313d2005c5482,photometry/OGLE-LMC-RRLYR-22785.dat,14904,621,3815.73654,True,False,Exact duplicate folded phases
OGLE-LMC-RRLYR-22824,LMC,RRab,0.636811,2187.75411,,fundamental,6df2d4ac7129ac31a8aad5078fe598b117292ef0fb94c4b87a22b816accf930a,photometry/OGLE-LMC-RRLYR-22824.dat,8448,352,2354.78367,True,False,Exact duplicate folded phases
OGLE-LMC-RRLYR-22866,LMC,RRe,0.2737418,2187.72647,,catalog RRe,abb21cc9efb94af9c4a6c104a19307b602f9af432c65f42da6d6c785be8b9cab,photometry/OGLE-LMC-RRLYR-22866.dat,8352,348,2354.78357,True,False,Exact duplicate folded phases
OGLE-LMC-RRLYR-22874,LMC,RRe,0.2913525,726.85103,,catalog RRe,3aa65d8c4982afdc8a71fe1a3b503de6342a7d17b4334f4b56dc019d139d36a6,photometry/OGLE-LMC-RRLYR-22874.dat,14040,585,3815.73576,True,False,Exact duplicate folded phases
OGLE-LMC-RRLYR-22939,LMC,RRab,0.6368788,726.3429,,fundamental,3423947223fb09dfe4f0bd2877c14c3dfc874515d62c432d841f51cf3fdce676,photometry/OGLE-LMC-RRLYR-22939.dat,13512,563,3815.73528,True,False,Exact duplicate folded phases
OGLE-LMC-RRLYR-22941,LMC,RRab,0.7272024,2187.59645,,fundamental,c91973aba8b3749e285b120053cd7c4b09d9506c64a7de36dbdf1755d8e9c3d1,photometry/OGLE-LMC-RRLYR-22941.dat,16224,676,2354.8132499999997,True,False,Exact duplicate folded phases
OGLE-LMC-RRLYR-23145,LMC,RRab,0.598192,2187.48014,,fundamental,a2ad9cede89f1dea9db2d2fa007b35d3ebcd901e8f901e87af21e061efacbc34,photometry/OGLE-LMC-RRLYR-23145.dat,8472,353,2354.78772,True,False,Exact duplicate folded phases
OGLE-LMC-RRLYR-23366,LMC,RRab,0.532167,2168.8481,,fundamental,9a93cebaf01df989109c9d031b1a041a9156fa71c87fc7e34a2184c6fea67c1b,photometry/OGLE-LMC-RRLYR-23366.dat,8328,347,2373.7248,True,False,Exact duplicate folded phases
OGLE-LMC-RRLYR-23486,LMC,RRab,0.6403925,2187.55584,,fundamental,bd0a8baa140ec907db75c3a1a5a3a69249135150a0242caf8cbd2082aad8f7fd,photometry/OGLE-LMC-RRLYR-23486.dat,15792,658,2354.80921,True,False,Exact duplicate folded phases
OGLE-LMC-RRLYR-23574,LMC,RRc,0.3005607,2194.55773,,first overtone,516277456dd95bf28405f901c059b140749d702de4fee87f972931b4d82fb9d8,photometry/OGLE-LMC-RRLYR-23574.dat,8472,353,2347.8224899999996,True,False,Exact duplicate folded phases
OGLE-LMC-RRLYR-23657,LMC,RRab,0.531292,2194.71399,,fundamental,0be6941515d146a093739d5b94233ac15bb4ef1821c7a44d5325cdc63cfc6d80,photometry/OGLE-LMC-RRLYR-23657.dat,8328,347,2347.8224899999996,True,False,Exact duplicate folded phases
OGLE-LMC-RRLYR-23661,LMC,RRe,0.263444,2187.65531,,catalog RRe,2ab27120e668f67e92d83317bf3ea9aed83a3d77b63ad83d45789d3e8c27a694,photometry/OGLE-LMC-RRLYR-23661.dat,8424,351,2354.7876200000005,True,False,Exact duplicate folded phases
OGLE-LMC-RRLYR-23681,LMC,RRab,0.4944465,2187.51546,,fundamental,f795cc3e37c4917562917af569953d91b4f9f31ddfc883b95235a736f5d4f9cb,photometry/OGLE-LMC-RRLYR-23681.dat,8376,349,2354.7874899999997,True,False,Exact duplicate folded phases
OGLE-LMC-RRLYR-23814,LMC,RRe,0.2636891,2177.73706,,catalog RRe,42158dc30577e40f95d88dffcefdf56b17f9c71b0c02fd568ecd351ef6846bfb,photometry/OGLE-LMC-RRLYR-23814.dat,8616,359,2364.84019,True,False,Exact duplicate folded phases
OGLE-LMC-RRLYR-23899,LMC,RRab,0.5483459,2177.40899,,fundamental,15b21ce0bda306d848f6985b4556c1a0d857fd4689ea6f82667e7d24ed01e01c,photometry/OGLE-LMC-RRLYR-23899.dat,5616,234,2364.84019,True,False,Exact duplicate folded phases
OGLE-LMC-RRLYR-23924,LMC,RRc,0.299983,2177.59321,,first overtone,b6a8e2162c7bd4121262cb520a4a90653134f36a651cd6c93c02d222afab8ac9,photometry/OGLE-LMC-RRLYR-23924.dat,8640,360,2364.84019,True,False,Exact duplicate folded phases
OGLE-LMC-RRLYR-23960,LMC,RRab,0.548727,2177.30352,,fundamental,6707d9c5c7067771c6b80c40a02dfad372cd701bac326014d79f3ac22e873123,photometry/OGLE-LMC-RRLYR-23960.dat,16056,669,2364.84379,True,False,Exact duplicate folded phases
OGLE-LMC-RRLYR-23975,LMC,RRab,0.7331615,2177.60332,,fundamental,bacf4eaae016a2f358fd60798f33ee18603e66f9e4d3fff156c245e841b3b08a,photometry/OGLE-LMC-RRLYR-23975.dat,7440,310,2364.84019,True,False,Exact duplicate folded phases
OGLE-LMC-RRLYR-24000,LMC,RRd,0.3596511,2187.5983,0.4832469,first overtone,9dfbb121e9bf3ff33ae1aada748f296cf8ad91b75232618a346af329ba0e26ef,photometry/OGLE-LMC-RRLYR-24000.dat,8616,359,2364.84019,True,False,Exact duplicate folded phases
OGLE-LMC-RRLYR-24047,LMC,RRab,0.711104,2194.29589,,fundamental,4a828fb64d73e5440683c2beca0c83c035fe6c065107f6b9883a357d7b01f8c8,photometry/OGLE-LMC-RRLYR-24047.dat,8232,343,2347.82289,True,False,Exact duplicate folded phases
OGLE-LMC-RRLYR-24173,LMC,RRab,0.4967536,2177.56299,,fundamental,96db0e07d14ed7a98c166d639e54089e70011910f1fcbd1b65fd22d9d9a708bc,photometry/OGLE-LMC-RRLYR-24173.dat,7584,316,2361.8971799999995,True,False,Exact duplicate folded phases
OGLE-LMC-RRLYR-24216,LMC,RRab,0.5982384,2187.59988,,fundamental,241f340a09a50821c2095d0650abaa11aeafc248cefa1c866c42b2d3bcfdf781,photometry/OGLE-LMC-RRLYR-24216.dat,7296,304,2354.79121,True,False,Exact duplicate folded phases
OGLE-LMC-RRLYR-24321,LMC,RRc,0.3046836,2187.64902,,first overtone,c92295c0ee732d4608b01dd7c409e2ae4d551e588c68b497cb81e9e6721522d1,photometry/OGLE-LMC-RRLYR-24321.dat,7944,331,2354.7913000000003,True,False,Exact duplicate folded phases
OGLE-LMC-RRLYR-24369,LMC,RRd,0.38263,2177.7062,0.5131686,first overtone,87551d57842979e823daddf76037d38865d5d68af7c125d4a229e3c10440f41d,photometry/OGLE-LMC-RRLYR-24369.dat,7944,331,2364.8981099999996,True,False,Exact duplicate folded phases
OGLE-LMC-RRLYR-24506,LMC,RRab,0.58564,2177.69628,,fundamental,52d0c80b6c4b693334d43678a5086b7ebc09cf08539cc1541b763135e9121614,photometry/OGLE-LMC-RRLYR-24506.dat,7320,305,2364.8975399999995,True,False,Exact duplicate folded phases
OGLE-LMC-RRLYR-24513,LMC,RRc,0.4550743,2177.51356,,first overtone,b492c1e5806760989a1603ff359f6a83067ac9abe30f096a53c4609ee83a7184,photometry/OGLE-LMC-RRLYR-24513.dat,7800,325,2364.89775,True,False,Exact duplicate folded phases
OGLE-LMC-RRLYR-24529,LMC,RRab,0.6238664,2177.58703,,fundamental,ec5efc826148181b4767546f5b027a8cca11fb646f1250cdc48bbd2b7cf588ec,photometry/OGLE-LMC-RRLYR-24529.dat,7536,314,2364.8972700000004,True,False,Exact duplicate folded phases
OGLE-LMC-RRLYR-24553,LMC,RRab,0.4903408,2177.77761,,fundamental,d8368c432aa0a52fc501373cf44773244f138894b6ce9ff7949950c4e501dbc2,photometry/OGLE-LMC-RRLYR-24553.dat,7536,314,2364.8975399999995,True,False,Exact duplicate folded phases
OGLE-LMC-RRLYR-24565,LMC,RRe,0.2441104,2177.63687,,catalog RRe,27ba5b330790fd5e661a6238f1900d8a83cb628b3cc05b8220e175fad537e30f,photometry/OGLE-LMC-RRLYR-24565.dat,7752,323,2364.89775,True,False,Exact duplicate folded phases
OGLE-LMC-RRLYR-24570,LMC,RRab,0.609168,2177.38818,,fundamental,1ed09deaf1969576271d0b0d646d964ee9f2356f4c9b20cbf3ba9a7f7733a23f,photometry/OGLE-LMC-RRLYR-24570.dat,8232,343,2361.9306599999995,True,False,Exact duplicate folded phases
OGLE-LMC-RRLYR-24612,LMC,RRab,0.55954,2177.62508,,fundamental,4070565e1e0df4115c7d1f352f7f5245cd3f28908c32304e9b662a4d1682fcb5,photometry/OGLE-LMC-RRLYR-24612.dat,7776,324,2364.89775,True,False,Exact duplicate folded phases
OGLE-LMC-RRLYR-24631,LMC,RRab,0.704436,2177.34184,,fundamental,ae6de9c3aaea06699820e5adaa74f617dee8a74e250422229519072bbc7c2f8c,photometry/OGLE-LMC-RRLYR-24631.dat,15048,627,2364.89764,True,False,Exact duplicate folded phases
OGLE-LMC-RRLYR-24757,LMC,RRc,0.3129525,2177.73758,,first overtone,be9394ff3f459c847a9a1af37163a297bfed8a0f5808539a72d3f5accfc686e5,photometry/OGLE-LMC-RRLYR-24757.dat,15312,638,2364.89764,True,False,Exact duplicate folded phases
OGLE-LMC-RRLYR-24831,LMC,RRc,0.35266,2177.75397,,first overtone,307358faf982eefdeb123bda93faa7b57efcb2a405d61156a8e666066edf0b43,photometry/OGLE-LMC-RRLYR-24831.dat,8256,344,2361.9306599999995,True,False,Exact duplicate folded phases
OGLE-LMC-RRLYR-24867,LMC,RRd,0.3713925,2177.64468,0.4979601,first overtone,c40c0d6c15eef54c048e0d83737d24526b3c16ef824572986fe01fc3bc29d212,photometry/OGLE-LMC-RRLYR-24867.dat,7536,314,2364.8972700000004,True,False,Exact duplicate folded phases
OGLE-SMC-RRLYR-0023,SMC,RRab,0.58802,2088.62565,,fundamental,dbd937c62a10cced9c6c4d3323ac3035582e4175251e027f95fae9f2db7a4d4b,photometry/OGLE-SMC-RRLYR-0023.dat,15816,659,2775.64635,True,False,Exact duplicate folded phases
OGLE-SMC-RRLYR-0034,SMC,RRab,0.5741084,2090.72811,,fundamental,c4659b7ced2f6362d0aa179c2dd032488dbaab7f1dba0dd48aa18535571bb34d,photometry/OGLE-SMC-RRLYR-0034.dat,16128,672,2773.68689,True,False,Exact duplicate folded phases
OGLE-SMC-RRLYR-0208,SMC,RRd,0.4203825,2088.68181,0.563256,first overtone,6021cf25081eb4c9e51a7e4129351b62c1cd77591a7d95c4fc94531c6e3f4c5f,photometry/OGLE-SMC-RRLYR-0208.dat,16368,682,2775.65009,True,False,Exact duplicate folded phases
OGLE-SMC-RRLYR-0212,SMC,RRab,0.5898729,2103.43239,,fundamental,c0c71e73b48082e6b7881c0e16127350c2f65ef922591d48022d1d6402604901,photometry/OGLE-SMC-RRLYR-0212.dat,24984,1041,2761.5990300000003,True,False,Exact duplicate folded phases
OGLE-SMC-RRLYR-0262,SMC,RRab,0.43797,2090.58549,,fundamental,8d51425f36c96c0f0e9b8583e7988f023a8750588650b11da142811ed0b2e073,photometry/OGLE-SMC-RRLYR-0262.dat,16920,705,2863.00425,True,False,Exact duplicate folded phases
OGLE-SMC-RRLYR-0280,SMC,RRd,0.38873,2090.87409,0.5210626,first overtone,b363024e791fbd973a350b361f7709a1df6b322b2430a15fe3d74ae300e64d25,photometry/OGLE-SMC-RRLYR-0280.dat,16920,705,2863.00425,True,False,Exact duplicate folded phases
OGLE-SMC-RRLYR-0336,SMC,RRe,0.2968825,2090.79803,,catalog RRe,3de4d7152dc4f4eccbb38fba626f2d50f85bb3b8d26ee0f2b3a9e60745e0f3c6,photometry/OGLE-SMC-RRLYR-0336.dat,16488,687,2774.6517699999995,True,False,Exact duplicate folded phases
OGLE-SMC-RRLYR-0408,SMC,RRab,0.500813,627.49731,,fundamental,584f33b6584486a18a962b125f46b421b0a5f5ff54abcaa054c1a28c50cd2c39,photometry/OGLE-SMC-RRLYR-0408.dat,24648,1027,4326.01038,True,False,Exact duplicate folded phases
OGLE-SMC-RRLYR-0427,SMC,RRab,0.5694366,2090.34915,,fundamental,e50717a067723a32abf78ccfec9945dec9190007e6e2457f0774ba3913b3d841,photometry/OGLE-SMC-RRLYR-0427.dat,16464,686,2774.6517699999995,True,False,Exact duplicate folded phases
OGLE-SMC-RRLYR-0462,SMC,RRe,0.2713455,625.73376,,catalog RRe,575e345baf4e8de24e18d55edc7f4b37ed4e940c2dd432f7b91554caf3320847,photometry/OGLE-SMC-RRLYR-0462.dat,35448,1477,4240.64888,True,False,Exact duplicate folded phases
OGLE-SMC-RRLYR-0467,SMC,RRab,0.4278975,625.59952,,fundamental,0a6a6b9149e141c3441d1615a71e139919cb94f4cb45cb43d6c4e80500d583c8,photometry/OGLE-SMC-RRLYR-0467.dat,32424,1351,4327.96894,True,False,Exact duplicate folded phases
OGLE-SMC-RRLYR-0475,SMC,RRab,0.6261837,2090.83948,,fundamental,c99fa47e10750454d1a3ff65290e202c6ce0bddee2f0b22b52ce230be2bf8b4e,photometry/OGLE-SMC-RRLYR-0475.dat,33096,1379,2859.01197,True,False,Exact duplicate folded phases
OGLE-SMC-RRLYR-0477,SMC,RRab,0.61346,625.82152,,fundamental,62537cfdf6c990be59fd98b5dcd9071e03b3168301a862f405603db8edb0461a,photometry/OGLE-SMC-RRLYR-0477.dat,24312,1013,4240.63702,True,False,Exact duplicate folded phases
OGLE-SMC-RRLYR-0478,SMC,RRab,0.647722,2090.40287,,fundamental,17d9812289b0d141009efd4c20ad1d54dbc7820dabdeac064e6bd27f68d7e4e7,photometry/OGLE-SMC-RRLYR-0478.dat,25320,1055,2859.01197,True,False,Exact duplicate folded phases
OGLE-SMC-RRLYR-0485,SMC,RRab,0.6365416,625.31333,,fundamental,6c3d81e9ab734b596a1dd512b8a60dadf7611f4e7a06582ad9a5f8fb21bcd94a,photometry/OGLE-SMC-RRLYR-0485.dat,24528,1022,4240.63495,True,False,Exact duplicate folded phases
OGLE-SMC-RRLYR-0489,SMC,RRab,0.5568568,2090.78321,,fundamental,b2d5c21811dbec066bd424d045141140cf44f401b27176c4354ca4b5193bdaa3,photometry/OGLE-SMC-RRLYR-0489.dat,29064,1211,2763.66231,True,False,Exact duplicate folded phases
OGLE-SMC-RRLYR-0493,SMC,RRab,0.6448295,2090.50944,,fundamental,a8a0e1f185a93c04c35aeedcdc6b91d955370aca0223cc160d52f89afa33af87,photometry/OGLE-SMC-RRLYR-0493.dat,42504,1771,2775.64868,True,False,Exact duplicate folded phases
OGLE-SMC-RRLYR-0500,SMC,RRab,0.5931606,625.62981,,fundamental,97087a2629d7b11bbe3a21839ae3000bf3bd4a1ef3a4ce90f3b4a1ec5b108c21,photometry/OGLE-SMC-RRLYR-0500.dat,24528,1022,4240.63598,True,False,Exact duplicate folded phases
OGLE-SMC-RRLYR-0521,SMC,RRab,0.5447888,631.54629,,fundamental,3cbc581c230a6c5e0c957d7e701883473d25875e0d7de7a8844344b42a6b6374,photometry/OGLE-SMC-RRLYR-0521.dat,23016,959,4318.0240699999995,True,False,Exact duplicate folded phases
OGLE-SMC-RRLYR-0527,SMC,RRc,0.359137,625.67004,,first overtone,26a07ee25adbfe08d0125988d2e03eb1967d7c86334511772670e7a8d5f56624,photometry/OGLE-SMC-RRLYR-0527.dat,35952,1498,4240.649149999999,True,False,Exact duplicate folded phases
OGLE-SMC-RRLYR-0530,SMC,RRc,0.351435,626.87039,,first overtone,e42d97bdc1d3c44fc400a7db53ca087316a3174ea4e4bc4f98fc060d3dd20556,photometry/OGLE-SMC-RRLYR-0530.dat,24168,1007,4239.6357,True,False,Exact duplicate folded phases
OGLE-SMC-RRLYR-0532,SMC,RRab,0.519995,2090.86573,,fundamental,e759a75289a814713a088299ec36173fb4c40e11340236b71d1f29a6ed39d68c,photometry/OGLE-SMC-RRLYR-0532.dat,16392,683,2775.64505,True,False,Exact duplicate folded phases
OGLE-SMC-RRLYR-0567,SMC,RRab,0.6337202,2090.61506,,fundamental,569ac1487588b0fe6f410320eed4287cb574f3e4edb22ea82784c9711fd3b261,photometry/OGLE-SMC-RRLYR-0567.dat,29232,1218,2775.6451999999995,True,False,Exact duplicate folded phases
OGLE-SMC-RRLYR-0591,SMC,RRab,0.539652,625.90471,,fundamental,542a7760bb8e97280335e49eb01c7e21e5847993251aad67337a3511bef23ed5,photometry/OGLE-SMC-RRLYR-0591.dat,24432,1018,4323.99627,True,False,Exact duplicate folded phases
OGLE-SMC-RRLYR-0641,SMC,RRd,0.39473,2090.92014,0.5287651,first overtone,746c29964fd6a9291b0d4967e0106a6106a0fea31ec2b32d0d0146c8914e4f76,photometry/OGLE-SMC-RRLYR-0641.dat,16392,683,2775.64505,True,False,Exact duplicate folded phases
OGLE-SMC-RRLYR-0651,SMC,RRab,0.590885,2090.48312,,fundamental,24210b7b0836d7b89cb2c9f983e8b6c5dfc44f7533a921bf7a9920677ae974f0,photometry/OGLE-SMC-RRLYR-0651.dat,29064,1211,2763.66231,True,False,Exact duplicate folded phases
OGLE-SMC-RRLYR-0657,SMC,RRd,0.4247835,625.73713,0.5696614,first overtone,9940bd70f27115be2604cda9d1cb929a27b8cb3efbe398fba307fecb17791ba8,photometry/OGLE-SMC-RRLYR-0657.dat,33144,1381,4240.642339999999,True,False,Exact duplicate folded phases
OGLE-SMC-RRLYR-0661,SMC,RRab,0.55112,625.56329,,fundamental,ee1a1c306a71a424cb6c7342b29b4bbbff946383f9604c4f4edec7c2d71666e1,photometry/OGLE-SMC-RRLYR-0661.dat,36336,1514,4240.642019999999,True,False,Exact duplicate folded phases
OGLE-SMC-RRLYR-0678,SMC,RRd,0.3790964,626.76496,0.5083726,first overtone,1fd55e27adb93d513c3a27a49323ab4e95cf9279cbb181da1b2c1aa1bc45cefd,photometry/OGLE-SMC-RRLYR-0678.dat,24312,1013,4322.99693,True,False,Exact duplicate folded phases
OGLE-SMC-RRLYR-0682,SMC,RRd,0.3548968,626.87342,0.4767517,first overtone,669ece7ff9a53d605ca8a4954f4c2d176b314f8dc4acd976ca69f896a131c78c,photometry/OGLE-SMC-RRLYR-0682.dat,24360,1015,4239.63099,True,False,Exact duplicate folded phases
OGLE-SMC-RRLYR-0683,SMC,RRab,0.590114,626.75891,,fundamental,4dc5ce5121a5b9e2464c4ba5c39e4aacd5936b2b42851c042e45990e801d0f68,photometry/OGLE-SMC-RRLYR-0683.dat,24504,1021,4322.99785,True,False,Exact duplicate folded phases
OGLE-SMC-RRLYR-0691,SMC,RRab,0.4660976,627.44754,,fundamental,0a36250c2cd265c53e15f42d04f4e00f5627c0913d82eedb02adca1921a60cfe,photometry/OGLE-SMC-RRLYR-0691.dat,24360,1015,4238.66607,True,False,Exact duplicate folded phases
OGLE-SMC-RRLYR-0692,SMC,RRab,0.5810881,626.37207,,fundamental,fc947b958b5345ac9936ac109c2ae7516c57d466e27a123241dfd4a170009f7c,photometry/OGLE-SMC-RRLYR-0692.dat,22968,957,4239.63,True,False,Exact duplicate folded phases
OGLE-SMC-RRLYR-0695,SMC,RRab,0.5081075,625.77138,,fundamental,1b8becb62939f1cd0c20f56d139a25cf78196089f89390df4f2789c01784546c,photometry/OGLE-SMC-RRLYR-0695.dat,36816,1534,4240.63469,True,False,Exact duplicate folded phases
OGLE-SMC-RRLYR-0708,SMC,RRab,0.5832011,625.37439,,fundamental,8e190df704d5405df1fd86a64c246080dbcf03ed02aca359d30efe486e0efaf9,photometry/OGLE-SMC-RRLYR-0708.dat,36552,1523,4240.6345,True,False,Exact duplicate folded phases
OGLE-SMC-RRLYR-0736,SMC,RRab,0.5357414,625.70752,,fundamental,a1e701e53dde12aff774e7ccbfb5aba20841e9143c102af5de72954233024086,photometry/OGLE-SMC-RRLYR-0736.dat,24360,1015,4240.62308,True,False,Exact duplicate folded phases
OGLE-SMC-RRLYR-0741,SMC,RRab,0.559465,621.76088,,fundamental,45141bb030e12ee5831e88d944defc6445a0c574aebd30b4cb71e65734db9bbd,photometry/OGLE-SMC-RRLYR-0741.dat,24384,1016,4244.71194,True,False,Exact duplicate folded phases
OGLE-SMC-RRLYR-0743,SMC,RRab,0.4743925,621.4435,,fundamental,588147a7af08d1bcfdc5f5b68faf193e91468d8d7e86901bf6491a6cd114f29d,photometry/OGLE-SMC-RRLYR-0743.dat,24408,1017,4244.71161,True,False,Exact duplicate folded phases
OGLE-SMC-RRLYR-0746,SMC,RRab,0.6083674,2090.6128,,fundamental,5f3de714e38de2a8dcf3aeabd63d5336ead4354b7821badbd50d0ef33731f086,photometry/OGLE-SMC-RRLYR-0746.dat,16968,707,2859.01197,True,False,Exact duplicate folded phases
OGLE-SMC-RRLYR-0752,SMC,RRe,0.2547612,621.71644,,catalog RRe,2bdcf734fd87ca15f8e940c4fcc258fae2aeeb332b7ec5d3deefb32269290460,photometry/OGLE-SMC-RRLYR-0752.dat,23400,975,4244.71179,True,False,Exact duplicate folded phases
OGLE-SMC-RRLYR-0786,SMC,RRab,0.6193742,625.83407,,fundamental,e040606f7902cbeee6231ca499a2dd86f07a0fc3215c284f639111b5090f2db4,photometry/OGLE-SMC-RRLYR-0786.dat,24288,1012,4240.62062,True,False,Exact duplicate folded phases
OGLE-SMC-RRLYR-0787,SMC,RRab,0.579408,625.49327,,fundamental,da968f034e3b6170e16343c6b4ed55f88a955fa768ac4d70bdd4826a0f644fc1,photometry/OGLE-SMC-RRLYR-0787.dat,24384,1016,4240.62122,True,False,Exact duplicate folded phases
OGLE-SMC-RRLYR-0796,SMC,RRab,0.572227,621.48814,,fundamental,e80ea2facd227d4c21a3a01d602910b3089ea56203570ababf504099c75dcd42,photometry/OGLE-SMC-RRLYR-0796.dat,33600,1400,4328.08126,True,False,Exact duplicate folded phases
OGLE-SMC-RRLYR-0797,SMC,RRab,0.594069,625.38539,,fundamental,24dd1a01dea598d815488505eb8531c032ab3ca1f5b5f9b0a51419325a387cc0,photometry/OGLE-SMC-RRLYR-0797.dat,31608,1317,4240.62327,True,False,Exact duplicate folded phases
OGLE-SMC-RRLYR-0798,SMC,RRc,0.3424925,625.73434,,first overtone,b769c1906ace85cfbba848124016d6d035eb8f604ddb7cb4c40cecdf8203da6a,photometry/OGLE-SMC-RRLYR-0798.dat,30576,1274,4240.62111,True,False,Exact duplicate folded phases
OGLE-SMC-RRLYR-0811,SMC,RRab,0.6181756,627.23756,,fundamental,9c2bd0d346ea40d8a510a59a7045656e091ae93fc07e73d16e3e21fbbba5c271,photometry/OGLE-SMC-RRLYR-0811.dat,24456,1019,4238.7022799999995,True,False,Exact duplicate folded phases
OGLE-SMC-RRLYR-0820,SMC,RRab,0.631599,2086.46403,,fundamental,05cc5e64cead0b9c482cccfd554002a5ae5e5a70e83a996baa3b89c170438062,photometry/OGLE-SMC-RRLYR-0820.dat,36576,1524,2778.6617499999998,True,False,Exact duplicate folded phases
OGLE-SMC-RRLYR-0835,SMC,RRab,0.5967,622.28797,,fundamental,fa5d92b3deb4876a3963adcb6722ce39d02ee5b8b5234747ce4ce40e16ee762a,photometry/OGLE-SMC-RRLYR-0835.dat,34440,1435,4330.04158,True,False,Exact duplicate folded phases
OGLE-SMC-RRLYR-0836,SMC,RRab,0.570391,631.92,,fundamental,3d89d7bc3fed05878037314afb01e105f81796c906f128edce0a91662cff0d7a,photometry/OGLE-SMC-RRLYR-0836.dat,32880,1370,4320.99964,True,False,Exact duplicate folded phases
OGLE-SMC-RRLYR-0857,SMC,RRab,0.6534304,2086.28444,,fundamental,37ec7a8af4b885e5a6f467259b180c67842722ca8bdd7c9aae7649995f6099ba,photometry/OGLE-SMC-RRLYR-0857.dat,16992,708,2778.6617499999998,True,False,Exact duplicate folded phases
OGLE-SMC-RRLYR-0871,SMC,RRab,0.50194,2086.71007,,fundamental,8310461d075ff275323170a9b12ec0ab5077030dbbecc093244063e3061c2702,photometry/OGLE-SMC-RRLYR-0871.dat,18096,754,2866.0299,True,False,Exact duplicate folded phases
OGLE-SMC-RRLYR-0882,SMC,RRab,0.4871664,622.72167,,fundamental,c78780b6741b3e63d3329ba6e61728f57e64bfd6d65b36fd21dc4b551d023fdd,photometry/OGLE-SMC-RRLYR-0882.dat,25152,1048,4332.01106,True,False,Exact duplicate folded phases
OGLE-SMC-RRLYR-0895,SMC,RRab,0.4620125,622.43669,,fundamental,faebfc65db076b69e82fd114b2301e4ff9a271e3136dad919161bd534b8fca51,photometry/OGLE-SMC-RRLYR-0895.dat,25128,1047,4332.01085,True,False,Exact duplicate folded phases
OGLE-SMC-RRLYR-0909,SMC,RRab,0.5922525,622.38033,,fundamental,020606cf7194ca6574421761a801366e9791981b6bb9228e72dfc7214499454c,photometry/OGLE-SMC-RRLYR-0909.dat,22728,947,4332.01172,True,False,Exact duplicate folded phases
OGLE-SMC-RRLYR-0910,SMC,RRab,0.556388,2086.78134,,fundamental,03f362d1b5d687a336394e8494495ab29b0a592688a27cd18885e0925b78980e,photometry/OGLE-SMC-RRLYR-0910.dat,18024,751,2866.0299,True,False,Exact duplicate folded phases
OGLE-SMC-RRLYR-0921,SMC,RRab,0.5561835,622.59559,,fundamental,6cf207571bd9b636fe9864dc9467095dee448c9b2a65c6d22b173c4163bb2ce9,photometry/OGLE-SMC-RRLYR-0921.dat,33336,1389,4332.00877,True,False,Exact duplicate folded phases
OGLE-SMC-RRLYR-0940,SMC,RRe,0.3261945,622.63583,,catalog RRe,1dad9070af496fd66d03a0729b331e23fde242ca8628663be0613cc067e982f1,photometry/OGLE-SMC-RRLYR-0940.dat,25056,1044,4332.0107,True,False,Exact duplicate folded phases
OGLE-SMC-RRLYR-0955,SMC,RRab,0.5564675,622.62577,,fundamental,892314a473951a10201fd0cc4163bfd97d47af5bf6afd3c20accfaea3e10bee5,photometry/OGLE-SMC-RRLYR-0955.dat,25128,1047,4332.00922,True,False,Exact duplicate folded phases
OGLE-SMC-RRLYR-0977,SMC,RRab,0.7471277,2086.25229,,fundamental,f5a1ce7d117d41c38faff809eefbd62a635bf6d09a3368c6ca44be083f1eef5d,photometry/OGLE-SMC-RRLYR-0977.dat,18096,754,2866.0299,True,False,Exact duplicate folded phases
OGLE-SMC-RRLYR-0983,SMC,RRab,0.56389,466.0321,,fundamental,a2196b28424d3e0fcce84ccbeee14347d77a70d096c64e191d94461edede4062,photometry/OGLE-SMC-RRLYR-0983.dat,24960,1040,4399.01174,True,False,Exact duplicate folded phases
OGLE-SMC-RRLYR-0991,SMC,RRab,0.6368376,466.18286,,fundamental,4b76e48fc53ca136a7d714d6527eed23f0a78265925bd334ed4463c7378e963a,photometry/OGLE-SMC-RRLYR-0991.dat,25488,1062,4488.34474,True,False,Exact duplicate folded phases
OGLE-SMC-RRLYR-0993,SMC,RRe,0.3108849,466.41186,,catalog RRe,35c827e6a35116e0215d18da70e316735b8982b7e37b50ebf7885477213af9dc,photometry/OGLE-SMC-RRLYR-0993.dat,26136,1089,4486.37678,True,False,Exact duplicate folded phases
OGLE-SMC-RRLYR-0997,SMC,RRab,0.6258047,466.31294,,fundamental,05ca6f87acfa407a4371b58b3969fa044f401658a3cadb626d7b7a904a14523a,photometry/OGLE-SMC-RRLYR-0997.dat,25368,1057,4488.34526,True,False,Exact duplicate folded phases
OGLE-SMC-RRLYR-1025,SMC,RRab,0.514546,2086.87299,,fundamental,efe933f26edce61e2995d50c5cad113570183c2dd968653b1aa81867fba2b352,photometry/OGLE-SMC-RRLYR-1025.dat,18072,753,2866.0299,True,False,Exact duplicate folded phases
OGLE-SMC-RRLYR-1032,SMC,RRab,0.6248439,466.10926,,fundamental,98d972e80f2353d39f01c8aefc015b79a4668f05dfc3643d9318565d90111e99,photometry/OGLE-SMC-RRLYR-1032.dat,25392,1058,4488.34527,True,False,Exact duplicate folded phases
OGLE-SMC-RRLYR-1035,SMC,RRab,0.645528,2086.49787,,fundamental,06cb898091425aa32673760102e25aa3d36c51b473c4bbbf84150d2278488f15,photometry/OGLE-SMC-RRLYR-1035.dat,16920,705,2778.6617499999998,True,False,Exact duplicate folded phases
OGLE-SMC-RRLYR-1051,SMC,RRc,0.456325,2086.69284,,first overtone,f8cc43de2d8f96584737723a3569b355f029c2c6e3fdc0563431d1c5a6970cb8,photometry/OGLE-SMC-RRLYR-1051.dat,16944,706,2778.6617499999998,True,False,Exact duplicate folded phases
OGLE-SMC-RRLYR-1053,SMC,RRab,0.52989,2086.55089,,fundamental,e429b5d13df545288950c3592f2f7a488c1c1eca9fa472fd933d9b96e49c8858,photometry/OGLE-SMC-RRLYR-1053.dat,16800,700,2778.6618799999997,True,False,Exact duplicate folded phases
OGLE-SMC-RRLYR-1056,SMC,RRab,0.6840675,466.06541,,fundamental,93d75a8eb902e06af395444ddee37e40cabcfa1fee56f25c8294bc3eb8ad7b51,photometry/OGLE-SMC-RRLYR-1056.dat,30024,1251,4486.3773,True,False,Exact duplicate folded phases
OGLE-SMC-RRLYR-1069,SMC,RRab,0.606454,2086.85911,,fundamental,2d00433948fb5028eee35864d3f23c8ad85aa2f4be83ee569196cc5c79e28cfb,photometry/OGLE-SMC-RRLYR-1069.dat,17976,749,2866.0299,True,False,Exact duplicate folded phases
OGLE-SMC-RRLYR-1098,SMC,RRab,0.6885266,2086.54626,,fundamental,09d350268e1fbc3337768f8d689425badf0686643142f8501121534c4fcde3ef,photometry/OGLE-SMC-RRLYR-1098.dat,15720,655,2778.6616300000005,True,False,Exact duplicate folded phases
OGLE-SMC-RRLYR-1105,SMC,RRab,0.599947,2086.65687,,fundamental,336c7b72bbce4e6036010239277fbea04aa714116124f4a12de8378e448bbd63,photometry/OGLE-SMC-RRLYR-1105.dat,18072,753,2866.0299,True,False,Exact duplicate folded phases
OGLE-SMC-RRLYR-1125,SMC,RRab,0.4754212,466.21427,,fundamental,b48032c6c062b496b388e031659e14cb2c09626f6c0c77543280036c0785d026,photometry/OGLE-SMC-RRLYR-1125.dat,25728,1072,4486.34602,True,False,Exact duplicate folded phases
OGLE-SMC-RRLYR-1128,SMC,RRab,0.524806,466.39687,,fundamental,b141b69c57707c9b2263ed8edeb0137b9ae1edc2444b2e8b41d07b61c96ca41c,photometry/OGLE-SMC-RRLYR-1128.dat,25320,1055,4488.32946,True,False,Exact duplicate folded phases
OGLE-SMC-RRLYR-1143,SMC,RRd,0.3786401,466.25595,0.5084344,first overtone,83856569d9a9698bbe347d7523c855c57491f0976b3d1a9d1e3b2699f49d8513,photometry/OGLE-SMC-RRLYR-1143.dat,25392,1058,4488.33177,True,False,Exact duplicate folded phases
OGLE-SMC-RRLYR-1269,SMC,RRd,0.3731448,466.39007,0.5010746,first overtone,cb56b72c7cd8a54e251bbf3ea2a0bbcb56464f78fe5c671e68f39e43d49c2bec,photometry/OGLE-SMC-RRLYR-1269.dat,35592,1483,4474.315049999999,True,False,Exact duplicate folded phases
OGLE-SMC-RRLYR-1278,SMC,RRab,0.5065686,2086.7254,,fundamental,11cf27f0407f5f79ef9dbd84af0c16ceb1c27afbb288c954527e0a18ece13515,photometry/OGLE-SMC-RRLYR-1278.dat,30408,1267,2781.65692,True,False,Exact duplicate folded phases
OGLE-SMC-RRLYR-1285,SMC,RRab,0.52701,2086.37848,,fundamental,db499077ddec65c09ac8d70d3f42d3ad5e2d1ab2c95d92f9f67bf74a682d7891,photometry/OGLE-SMC-RRLYR-1285.dat,25368,1057,2778.6617499999998,True,False,Exact duplicate folded phases
OGLE-SMC-RRLYR-1289,SMC,RRab,0.5437714,466.34028,,fundamental,dab11611b852865bfda060c9bb5942e940e3cc101d300aab971f109d5bedf91d,photometry/OGLE-SMC-RRLYR-1289.dat,37752,1573,4488.33027,True,False,Exact duplicate folded phases
OGLE-SMC-RRLYR-1298,SMC,RRab,0.5689674,466.08097,,fundamental,75b8f3a3a45e50dc6d70468bdfc2e7d99fbd15b264c7d8044d14ef58e7a08b6d,photometry/OGLE-SMC-RRLYR-1298.dat,29280,1220,4488.36106,True,False,Exact duplicate folded phases
OGLE-SMC-RRLYR-1301,SMC,RRab,0.68883,466.42366,,fundamental,bcbadde0914a569f7e9a03baa3f3e773491455f1e53510144044aa91f495016f,photometry/OGLE-SMC-RRLYR-1301.dat,25584,1066,4488.35979,True,False,Exact duplicate folded phases
OGLE-SMC-RRLYR-1327,SMC,RRc,0.382712,2086.74228,,first overtone,d7f9a658bf10d7939b5d559b9324717bed75855aaa4f7eb50234c3b37d2bcde8,photometry/OGLE-SMC-RRLYR-1327.dat,17304,721,2867.9964499999996,True,False,Exact duplicate folded phases
OGLE-SMC-RRLYR-1344,SMC,RRab,0.5441822,2104.32922,,fundamental,00a32bad336db515c0bb5c2d34dc733f20d6d14c368c38cbcd12bea0306fb309,photometry/OGLE-SMC-RRLYR-1344.dat,9504,396,2836.06114,True,False,Exact duplicate folded phases
OGLE-SMC-RRLYR-1349,SMC,RRd,0.3764725,2086.56605,0.5054854,first overtone,fb55457c4f3e84e57f44d52a54a7e3645e347e3791e8b8d7c793b52b6746ad84,photometry/OGLE-SMC-RRLYR-1349.dat,17616,734,2867.99617,True,False,Exact duplicate folded phases
OGLE-SMC-RRLYR-1351,SMC,RRe,0.3135395,621.74603,,catalog RRe,a38929dff772f628ee56876bf7de56f4d6b062bd6ce0b942c0b7baed21d9cea3,photometry/OGLE-SMC-RRLYR-1351.dat,24768,1032,4333.07308,True,False,Exact duplicate folded phases
OGLE-SMC-RRLYR-1353,SMC,RRab,0.615838,621.61536,,fundamental,8948af7094537a6f6ebef932dae96a95ca90f7803a0bbeb71b7ddff3f3a50fa3,photometry/OGLE-SMC-RRLYR-1353.dat,24768,1032,4333.07244,True,False,Exact duplicate folded phases
OGLE-SMC-RRLYR-1399,SMC,RRab,0.617629,2086.87777,,fundamental,e6ec29c7c2bb03bbeda1ecdabc8915d0538d6c481bb07b15a8168e6ba3f3d59c,photometry/OGLE-SMC-RRLYR-1399.dat,31608,1317,2867.9964499999996,True,False,Exact duplicate folded phases
OGLE-SMC-RRLYR-1428,SMC,RRab,0.554422,627.66083,,fundamental,b39abc254b33f2e80e97bcd7d2866f73f57fbee6cc66953e0a08ecba1746706d,photometry/OGLE-SMC-RRLYR-1428.dat,21960,915,4327.02436,True,False,Exact duplicate folded phases
OGLE-SMC-RRLYR-1430,SMC,RRab,0.5996962,2086.3582,,fundamental,5c122fdd6c08ab9f6e7facde8184f8bcd6d1d9db71f1328a965b0cdb130f7b58,photometry/OGLE-SMC-RRLYR-1430.dat,16800,700,2781.63496,True,False,Exact duplicate folded phases
OGLE-SMC-RRLYR-1436,SMC,RRab,0.4924084,621.54977,,fundamental,1a3a1df9ec148e3943ef62a93ad3e04ae0982088625b826e99168978e69f5f37,photometry/OGLE-SMC-RRLYR-1436.dat,24240,1010,4246.7052300000005,True,False,Exact duplicate folded phases
OGLE-SMC-RRLYR-1458,SMC,RRab,0.62292,621.83569,,fundamental,a17c568779a93aa647eec875782bb1334338f0974ee9cb065d6eaea45458f68e,photometry/OGLE-SMC-RRLYR-1458.dat,24288,1012,4246.7051200000005,True,False,Exact duplicate folded phases
OGLE-SMC-RRLYR-1460,SMC,RRab,0.591532,2086.4793,,fundamental,b2725533331a9a5f141214b7d033f4140faf9c0860dcf838bd8bd9579b29e3cc,photometry/OGLE-SMC-RRLYR-1460.dat,17328,722,2867.9964499999996,True,False,Exact duplicate folded phases
OGLE-SMC-RRLYR-1465,SMC,RRe,0.304758,621.77493,,catalog RRe,480b1f57c785be53e954831423a066a2892e30e129619a31f06e0ae0ce138236,photometry/OGLE-SMC-RRLYR-1465.dat,24264,1011,4246.70572,True,False,Exact duplicate folded phases
OGLE-SMC-RRLYR-1479,SMC,RRab,0.5776925,621.45306,,fundamental,4402c3c4d8728e7805f2509c3386d08c071bab9aad5829a9abb0a868bca7df9d,photometry/OGLE-SMC-RRLYR-1479.dat,24696,1029,4333.07302,True,False,Exact duplicate folded phases
OGLE-SMC-RRLYR-1482,SMC,RRd,0.396131,621.55933,0.5313275,first overtone,070223d680b5dd8121323d7c7839c47c62f7f8885e371b807cfc82c76d382458,photometry/OGLE-SMC-RRLYR-1482.dat,24288,1012,4246.70452,True,False,Exact duplicate folded phases
OGLE-SMC-RRLYR-1483,SMC,RRab,0.6058479,626.7644,,fundamental,5dce0c7f7a4c15948a09685c349a7f6a05da2fc99c34206237a7f8cf47f20482,photometry/OGLE-SMC-RRLYR-1483.dat,24120,1005,4235.63263,True,False,Exact duplicate folded phases
OGLE-SMC-RRLYR-1500,SMC,RRab,0.6381324,2086.73398,,fundamental,4a415262c33942ff04a66284865cdeab010139d8fd936d9857e2038c4811d636,photometry/OGLE-SMC-RRLYR-1500.dat,17544,731,2867.99617,True,False,Exact duplicate folded phases
OGLE-SMC-RRLYR-1504,SMC,RRab,0.5570518,621.63198,,fundamental,693cf8e83ce61ca127f5f4a7beedeb9c3431369bf561ec36b292de9486fedadd,photometry/OGLE-SMC-RRLYR-1504.dat,21576,899,4246.69779,True,False,Exact duplicate folded phases
OGLE-SMC-RRLYR-1518,SMC,RRab,0.61422,621.72463,,fundamental,15329f603cf658bc5ec50de9100b10630dbe5aea177a9b9d8ff88e15627f1a5c,photometry/OGLE-SMC-RRLYR-1518.dat,24480,1020,4246.697700000001,True,False,Exact duplicate folded phases
OGLE-SMC-RRLYR-1551,SMC,RRab,0.5446069,2086.80488,,fundamental,05648dada605b53509881ff2545429dcebcd4703c79b3bf9314acb7fe71b827a,photometry/OGLE-SMC-RRLYR-1551.dat,17328,722,2867.9964499999996,True,False,Exact duplicate folded phases
OGLE-SMC-RRLYR-1555,SMC,RRd,0.3719175,621.53293,0.4990518,first overtone,a65f4e97d850d9ed6eda12675fdfcf3d0aaa451cf44aa2bb3d922704686870f0,photometry/OGLE-SMC-RRLYR-1555.dat,18192,758,4240.70892,True,False,Exact duplicate folded phases
OGLE-SMC-RRLYR-1580,SMC,RRab,0.585164,2086.70031,,fundamental,9e3fa6904d41b2364e7a5f808942ceec239de69cbd8dd2fbef39c1e94f546196,photometry/OGLE-SMC-RRLYR-1580.dat,17520,730,2867.99617,True,False,Exact duplicate folded phases
OGLE-SMC-RRLYR-1602,SMC,RRab,0.6085485,2086.46379,,fundamental,9c8c8d52f74746f98c95a58d826074419b89bac6fd1e884c33e9ba9837db4538,photometry/OGLE-SMC-RRLYR-1602.dat,17472,728,2867.99617,True,False,Exact duplicate folded phases
OGLE-SMC-RRLYR-1616,SMC,RRab,0.547379,2086.52745,,fundamental,4d115f9f3c08c97875a225094864d795d8f2a1b54e6380440f3708129cada324,photometry/OGLE-SMC-RRLYR-1616.dat,16944,706,2781.6346500000004,True,False,Exact duplicate folded phases
OGLE-SMC-RRLYR-1619,SMC,RRc,0.3570844,2086.80727,,first overtone,d94759cd2b119d03e78d1e508d55cad3ae06639576befe4afe649d208c0e7d2c,photometry/OGLE-SMC-RRLYR-1619.dat,16920,705,2781.6346500000004,True,False,Exact duplicate folded phases
OGLE-SMC-RRLYR-1623,SMC,RRab,0.6385135,2086.46015,,fundamental,343b74fa5747815fa223eb8de8147d110e4e0c7b6e7cdc586df60b3ee3aa024b,photometry/OGLE-SMC-RRLYR-1623.dat,17304,721,2867.9964499999996,True,False,Exact duplicate folded phases
OGLE-SMC-RRLYR-1633,SMC,RRd,0.370102,621.71255,0.4968197,first overtone,5ef7f827858aa32132ec8ceb633132da0d8c746b968b33ed181b7c6740e98350,photometry/OGLE-SMC-RRLYR-1633.dat,19680,820,4246.69149,True,False,Exact duplicate folded phases
OGLE-SMC-RRLYR-1651,SMC,RRab,0.6536792,2086.69061,,fundamental,7f7861ab32839c53b9e7a6f95e3a317916c8ee458e4b8c3f702e97cd7730ce1a,photometry/OGLE-SMC-RRLYR-1651.dat,16728,697,2781.63496,True,False,Exact duplicate folded phases
OGLE-SMC-RRLYR-1678,SMC,RRab,0.5584968,621.34824,,fundamental,a51d07f7ba77308028fe84e08201bfe4e628d1dcb8b6152ca47b95b22ffb9c5f,photometry/OGLE-SMC-RRLYR-1678.dat,24816,1034,4246.69181,True,False,Exact duplicate folded phases
OGLE-SMC-RRLYR-1700,SMC,RRab,0.5128228,621.57049,,fundamental,78b1aa235a8494a1d7cf89372d7e3ecde1e3e44125d7f530ea825e4fa85403b0,photometry/OGLE-SMC-RRLYR-1700.dat,24192,1008,4246.70918,True,False,Exact duplicate folded phases
OGLE-SMC-RRLYR-1711,SMC,RRc,0.347328,621.8325,,first overtone,6c2ae4b820685b276fe2a6fae0c2af21d69fae5eb6ee368766eafb0fb6718cf8,photometry/OGLE-SMC-RRLYR-1711.dat,24240,1010,4246.70816,True,False,Exact duplicate folded phases
OGLE-SMC-RRLYR-1725,SMC,RRab,0.604498,2104.40786,,fundamental,eef129de25065af6d64d3640f16551c0e10cd800ebcaa9dab009f512ec8e37a8,photometry/OGLE-SMC-RRLYR-1725.dat,16344,681,2763.7017400000004,True,False,Exact duplicate folded phases
OGLE-SMC-RRLYR-1743,SMC,RRab,0.624133,2104.54789,,fundamental,58293d92e8ac12996d34d4514f910f162a1e31ec75de6d06b6b2f84212589850,photometry/OGLE-SMC-RRLYR-1743.dat,17208,717,2849.0440500000004,True,False,Exact duplicate folded phases
OGLE-SMC-RRLYR-1794,SMC,RRab,0.6168936,627.36064,,fundamental,d7a20bb456b8113853ab41998c0b4412a79f90a0edad6613bdb320881edea81d,photometry/OGLE-SMC-RRLYR-1794.dat,24240,1010,4326.001740000001,True,False,Exact duplicate folded phases
OGLE-SMC-RRLYR-1808,SMC,RRab,0.532457,2104.7185,,fundamental,f1f1461a8e6649b15923d3eaad5c3dd4ab6f522c1f01d631cca31f88046f0baa,photometry/OGLE-SMC-RRLYR-1808.dat,16992,708,2764.6640999999995,True,False,Exact duplicate folded phases
OGLE-SMC-RRLYR-1813,SMC,RRab,0.629955,621.81337,,fundamental,cca5e47f3387e6b6b87fa7a39be58ed74ece5cb2d5e800a0f5579a16472807b3,photometry/OGLE-SMC-RRLYR-1813.dat,23664,986,4246.703219999999,True,False,Exact duplicate folded phases
OGLE-SMC-RRLYR-1854,SMC,RRab,0.45596,621.66499,,fundamental,38deb0cf764f100147be48793aecb59039904676bb9a0371d40b34d62e33c3cc,photometry/OGLE-SMC-RRLYR-1854.dat,23736,989,4254.67284,True,False,Exact duplicate folded phases
OGLE-SMC-RRLYR-1865,SMC,RRab,0.5782139,2104.29771,,fundamental,3134c7c9dab123d770e6c12fe2b41580653d696acdbf8862b6970e4c321d505b,photometry/OGLE-SMC-RRLYR-1865.dat,17736,739,2764.6640999999995,True,False,Exact duplicate folded phases
OGLE-SMC-RRLYR-1880,SMC,RRab,0.5634774,2104.54821,,fundamental,52dfe18e83228a458171d6ce9ed7f78f8d617ee6badfadda0d8107b99b40d9f6,photometry/OGLE-SMC-RRLYR-1880.dat,16104,671,2763.7015499999998,True,False,Exact duplicate folded phases
OGLE-SMC-RRLYR-1883,SMC,RRab,0.5681507,627.49267,,fundamental,f2cbd56961f13bfbf1717b8e8964ffd176d948a5f6a6559b4411979ac244f6cc,photometry/OGLE-SMC-RRLYR-1883.dat,24240,1010,4326.00252,True,False,Exact duplicate folded phases
OGLE-SMC-RRLYR-1935,SMC,RRd,0.3691128,621.69116,0.4953737,first overtone,8c69ce1e7258df0c6830d13e33b83c45de53462d0e0192e338b94458f0635f48,photometry/OGLE-SMC-RRLYR-1935.dat,23712,988,4246.69243,True,False,Exact duplicate folded phases
OGLE-SMC-RRLYR-1956,SMC,RRab,0.5255625,2104.56306,,fundamental,a1e35e807adf8ec74871f0d060c8bf3a65af3fe0de60473a36d5748c66e1657c,photometry/OGLE-SMC-RRLYR-1956.dat,16104,671,2763.7015499999998,True,False,Exact duplicate folded phases
OGLE-SMC-RRLYR-1973,SMC,RRc,0.343389,2104.63495,,first overtone,09fa552c6f1140ad57fac58ff7cd94e991829d9ea0a63826d748ef83c0f3c9e4,photometry/OGLE-SMC-RRLYR-1973.dat,17760,740,2764.6640999999995,True,False,Exact duplicate folded phases
OGLE-SMC-RRLYR-1974,SMC,RRab,0.60101,2104.51968,,fundamental,c0b49cee9247bb5e23e99b4d8e1644c558ba206da27275d296b5b258f8602836,photometry/OGLE-SMC-RRLYR-1974.dat,31728,1322,2768.6864100000003,True,False,Exact duplicate folded phases
OGLE-SMC-RRLYR-1988,SMC,RRab,0.6358,2104.42796,,fundamental,a4dae29d19df780ccd173d194e37101fc470190aeeff5baf3e8cd942ed9f5cbb,photometry/OGLE-SMC-RRLYR-1988.dat,16080,670,2763.7015499999998,True,False,Exact duplicate folded phases
OGLE-SMC-RRLYR-1991,SMC,RRab,0.6194206,625.51889,,fundamental,43732db7b7b4886e5846eb116077e475e22a257f9096968c9a70a44b83ef8c6b,photometry/OGLE-SMC-RRLYR-1991.dat,22872,953,4240.71223,True,False,Exact duplicate folded phases
OGLE-SMC-RRLYR-1999,SMC,RRab,0.57987,621.6602,,fundamental,5a62477b0553a959a2eb1f02166a66b0ada411d0c543c52d88fb26b1b69afbf0,photometry/OGLE-SMC-RRLYR-1999.dat,23712,988,4246.692349999999,True,False,Exact duplicate folded phases
OGLE-SMC-RRLYR-2000,SMC,RRab,0.6826825,2104.34467,,fundamental,cae9a770418dab5db1ff8e0059270a01d3486ecbcea15758e2d9b487d63f713b,photometry/OGLE-SMC-RRLYR-2000.dat,16056,669,2763.7015499999998,True,False,Exact duplicate folded phases
OGLE-SMC-RRLYR-2004,SMC,RRab,0.6269,621.52909,,fundamental,b59fd30e26e9c54d85afda99d8dbdd11fa33bc7c72a4583c57285d6e0be7a6ff,photometry/OGLE-SMC-RRLYR-2004.dat,39528,1647,4332.04452,True,False,Exact duplicate folded phases
OGLE-SMC-RRLYR-2005,SMC,RRab,0.6160875,2104.46197,,fundamental,a64530ec4159fe354a72baaaccd5eaa6550803744534932550475b26e6c658ff,photometry/OGLE-SMC-RRLYR-2005.dat,17712,738,2764.6640999999995,True,False,Exact duplicate folded phases
OGLE-SMC-RRLYR-2007,SMC,RRab,0.641951,2104.50914,,fundamental,e1ab36364b2f03b06c60605cd2b2e989a22599c31e966beb7624195d17a31d6a,photometry/OGLE-SMC-RRLYR-2007.dat,27888,1162,2849.0253800000005,True,False,Exact duplicate folded phases
OGLE-SMC-RRLYR-2008,SMC,RRe,0.304788,2104.76798,,catalog RRe,4125007ab7de2957423c77f7cebb2355f49b39c3a6758b8947e9821cca79236f,photometry/OGLE-SMC-RRLYR-2008.dat,16104,671,2763.7015499999998,True,False,Exact duplicate folded phases
OGLE-SMC-RRLYR-2019,SMC,RRd,0.3667266,2104.6666,0.4923663,first overtone,732440d2086062f022508350d059e731f103c8be4f0c870ee267b4775568d2b1,photometry/OGLE-SMC-RRLYR-2019.dat,15576,649,2768.66019,True,False,Exact duplicate folded phases
OGLE-SMC-RRLYR-2054,SMC,RRab,0.596977,2104.45451,,fundamental,b870f1950181c6959aae98bef60066be6f225365f0b2a34ab621127a6c9f9d45,photometry/OGLE-SMC-RRLYR-2054.dat,30072,1253,2768.68302,True,False,Exact duplicate folded phases
OGLE-SMC-RRLYR-2079,SMC,RRab,0.6341957,2104.25892,,fundamental,439ddbe450f7979132f4efa882df502fdcd76ded53fb4e890f8e49fcae6845aa,photometry/OGLE-SMC-RRLYR-2079.dat,29616,1234,2768.66838,True,False,Exact duplicate folded phases
OGLE-SMC-RRLYR-2085,SMC,RRab,0.5587,2104.46455,,fundamental,cd21996f04551c1a4f50e07ff1cebb5d2c9d121cf781b3c896ae053c05ff5626,photometry/OGLE-SMC-RRLYR-2085.dat,26040,1085,2768.66089,True,False,Exact duplicate folded phases
OGLE-SMC-RRLYR-2107,SMC,RRab,0.5494002,2104.43844,,fundamental,8146441a7d1625813abeaa768f880231541126812f490f8905b98273342f8ff8,photometry/OGLE-SMC-RRLYR-2107.dat,15984,666,2768.66089,True,False,Exact duplicate folded phases
OGLE-SMC-RRLYR-2109,SMC,RRab,0.63033,2104.72867,,fundamental,64c44733548c1f277a1965075f4a3c416a5eef05b26fc15b349896382db91ae4,photometry/OGLE-SMC-RRLYR-2109.dat,15672,653,2768.6607,True,False,Exact duplicate folded phases
OGLE-SMC-RRLYR-2146,SMC,RRab,0.609544,2104.50368,,fundamental,728551934457a82ea324914024ec3ea9f74f46d2e3e2efc50518fed8f3c34733,photometry/OGLE-SMC-RRLYR-2146.dat,16032,668,2768.66089,True,False,Exact duplicate folded phases
OGLE-SMC-RRLYR-2151,SMC,RRab,0.5859475,2104.44686,,fundamental,b73d22e559b491498e927e797d7faa0e78ef349134ad09508eebef8776a1856b,photometry/OGLE-SMC-RRLYR-2151.dat,13776,574,2768.66097,True,False,Exact duplicate folded phases
OGLE-SMC-RRLYR-2176,SMC,RRab,0.53339,2104.65892,,fundamental,ca5ac6fe6747b82c802a820605efa00d4df833e63254c28fdf95147a9693506f,photometry/OGLE-SMC-RRLYR-2176.dat,15600,650,2768.66019,True,False,Exact duplicate folded phases
OGLE-SMC-RRLYR-2185,SMC,RRd,0.36595,2104.62971,0.491128,first overtone,0a2aea134d5326ab461072b3c8b39f4389f3014252b09fa013f05c5e21d3e8d3,photometry/OGLE-SMC-RRLYR-2185.dat,10848,452,2768.66019,True,False,Exact duplicate folded phases
OGLE-SMC-RRLYR-2212,SMC,RRab,0.6076562,2104.39593,,fundamental,777390a6940c7ff5825a0aaad57aadbbe2cdab22819477287386f545c9b2f7c7,photometry/OGLE-SMC-RRLYR-2212.dat,15984,666,2768.66089,True,False,Exact duplicate folded phases
OGLE-SMC-RRLYR-2229,SMC,RRc,0.37888,2104.87714,,first overtone,e6f652516517c98f65eece8aa57a70f94cfa8ae8c5e3a0aa42cd600ca7ae50f4,photometry/OGLE-SMC-RRLYR-2229.dat,16248,677,2768.66097,True,False,Exact duplicate folded phases
OGLE-SMC-RRLYR-2257,SMC,RRd,0.361998,2090.90185,0.4857171,first overtone,355166714a6530eafd1b790ca6894910bb10aa52158a28ad2ef83a2669523494,photometry/OGLE-SMC-RRLYR-2257.dat,19056,794,2782.6404799999996,True,False,Exact duplicate folded phases
OGLE-SMC-RRLYR-2295,SMC,RRab,0.6416255,2090.29393,,fundamental,eabd508fcf742ec79075305d660eab2756f7eed671c4d0ed6f0c0b7c4c12c86a,photometry/OGLE-SMC-RRLYR-2295.dat,42720,1780,2782.6374100000003,True,False,Exact duplicate folded phases
OGLE-SMC-RRLYR-2344,SMC,RRc,0.331685,2090.8614,,first overtone,aac37a9b530c921480c959bd7d01fba89dda8f9d3abe7a5219ac5be55748e1f9,photometry/OGLE-SMC-RRLYR-2344.dat,15312,638,2782.63728,True,False,Exact duplicate folded phases
OGLE-SMC-RRLYR-2390,SMC,RRab,0.555105,2090.63543,,fundamental,2cf632db6d7ed9b4772a44dcb83cd012941ac797142721f0e807974635185dd3,photometry/OGLE-SMC-RRLYR-2390.dat,14904,621,2782.6369499999996,True,False,Exact duplicate folded phases
OGLE-SMC-RRLYR-2391,SMC,RRd,0.3971454,2090.79053,0.5322047,first overtone,0e3319bb826a3accf236e3a5e33f4e6038f5495f1cd0a34b1c40ab635a42c51b,photometry/OGLE-SMC-RRLYR-2391.dat,14904,621,2782.6369499999996,True,False,Exact duplicate folded phases
OGLE-SMC-RRLYR-2426,SMC,RRab,0.5202016,2090.90022,,fundamental,f56c4c5faa4562ee5c53e6b95d0ddc74e7de869ba8fdd9fb26d3d890a315ca37,photometry/OGLE-SMC-RRLYR-2426.dat,14904,621,2782.6369499999996,True,False,Exact duplicate folded phases
